 FRESCO - FRES 3.4: Coupled Reaction Channels
 Assuming NAMELIST input.

 7Li(p,4He)4He  E=230 MeV  Q=+17.346  [li7_p_he4_he4]                            

   0.050  30.000   0.250   0.100 100.000   0.000   0.000   0.000   0.000   0.000

 Centre-of-mass Range is    602 * 0.0500 fm., Maximum at  30.00 fm., Interpolating NL forms every  0.25 fm.
 Non - locality width is   1001 * 0.1000 fm., Maximum of 100.00 fm., Centred at  0.00 fm.
 2-Nucleon Separation of      0 * 0.2500 fm., Maximum of   0.00 fm., Minimum at  0.00 fm.
 Maximum single particle bins of 30.0000 fm.
               M,Mint =          601         601


 Range of total J is     0.0 <= J <=    80.0 (at least     0.0) and Absorbtion =>    -1.0000 mb.
 Dry Run = F, CC set limits =  0  0, Relativistic kinematics = a, Both/Far/Near Analyses =  1                     

 Cross Sections (and up to T0 for 0=projectile) for Theta from   0.0 to 180.0 in steps of  1.0 degrees, DGAM=0,  Coordinates = 0 (Mads)

 Lower Radial Cutoff = maximum of -1.60*L*h &       0.0 fm.,  Lower Cutoff for Couplings =   0.0  fm.


 Iterate Couplings between   1 and   1 times, to  0.000 % if sooner.                                          
  Block solved exactly =   0 chs., with Pade = 0 & Isocen =  =0, NOSOL = F, initwf =  0
  NL quadrature with   18 Gaussian points, Calculate multipoles up to    86 from   0
  M-transfers for lp+lt greater than or equal to  6, Angular Integration Cutoff below  2.7778 %


 Trace switches are :  CHANS =  1, LISTCC =  0, TRENEG =  0, CDETR =  0, SMATS =  2, XSTABL =  1, NLPL =  0

                       WAVES =  0, LAMPL =  0, VEFF =  0, KFUS =  0, WDISK =  0, BPM =  0, MELFIL =  0

                       CDCC =  0, NFUS =  0

 Using unit mass = 1.000000 amu and 1/fine-structure constant = 137.03599 ( 1.000000 * true ) with hc = 197.32705 MeV.fm,
  thus 2*amu/hbar^2 = 0.0478450 = 1/20.9008 and Coulomb constant = 0.1574855 so e^2 = 1.43997, and nuclear magneton= 0.1261183

 Now pre-scan input and save to file 3



 *********** PARTITION NUMBER  1 ******************************************************************************************

   PROJ=p          MASS=  1.0000 Z=   1.0,        # STATES=    1T, TARG=7Li      MASS=  7.0000 Z=   3.0,     Q-VALUE =   0.0000 MEV.

     1:  J= 0.5+ (B# 1), E=  0.0000, K= 0.5              Potl#  1       J= 1.5- (B#-1), E=  0.0000, K= 0.5    


 *********** PARTITION NUMBER  2 ******************************************************************************************

   PROJ=4He        MASS=  4.0000 Z=   2.0,        # STATES=    1T, TARG=4He      MASS=  4.0000 Z=   2.0,     Q-VALUE =  17.3460 MEV.

     1:  J= 0.0+ (B# 1), E=  0.0000, K= 0.0              Potl#  2       J= 0.0+ (B# 1), E=  0.0000, K= 0.0    
0****** WARNING : COMPARED WITH PARTITION  1, THIS PARTITION HAS TOTAL MASS & CHARGE EXCESSES   0.01862 &   0.0000


 ************************************************************************************************************************************

 The following POTENTIALS are defined :

  KP#       TYPE      IT    SHAPE      at     V1        r1        a1        V2        r2        a2        A-in     A-used


                                            A#1       A#2        r0c       ac                                                h @ 1
    1    0=Coulomb       0=CHARGE (WS)  1     1.000     7.000    1.3000    0.0000    0.0000    0.0000     0.000    24.717   0.05000

    1    1=Volume        0=Woods-Saxon  2   50.0000    1.2000    0.6000    0.0000    1.2000    0.6000     0.000    24.717

    1    2=Surface       0=Woods-Saxon  3    0.0000    0.0000    0.0000    8.0000    1.3000    0.5000     0.000    24.717

    1    3=Projtl S.O.   0=Woods-Saxon  4    5.5000    1.0000    0.5000    0.0000    0.0000    0.0000     0.000    24.717
   --------------------------------------------------------------------------------------------------------------------

                                            A#1       A#2        r0c       ac                                                h @ 2
    2    0=Coulomb       0=CHARGE (WS)  5     4.000     4.000    1.4000    0.0000    0.0000    0.0000     0.000    32.000   0.05000

    2    1=Volume        0=Woods-Saxon  6  120.0000    1.4000    0.5500   15.0000    1.4000    0.5500     0.000    32.000
   --------------------------------------------------------------------------------------------------------------------

    3    1=Volume        0=Woods-Saxon  7   50.0000    1.2500    0.6500    0.0000    0.0000    0.0000     0.000    32.000

    3    3=Projtl S.O.   0=Woods-Saxon  8    6.0000    1.2500    0.6500    0.0000    0.0000    0.0000     0.000    32.000
   --------------------------------------------------------------------------------------------------------------------

    4    1=Volume        0=Woods-Saxon  9   50.0000    1.2500    0.6500    0.0000    0.0000    0.0000     0.000    32.000

    4    3=Projtl S.O.   0=Woods-Saxon 10    6.0000    1.2500    0.6500    0.0000    0.0000    0.0000     0.000    32.000


 ************************************************************************************************************************************

 The following SINGLE-PARTICLE FORM FACTORS are constructed :


 No.   P1 P2 IN KIND T N  L  S1 IA J/S  IB BIND XFER  BE    SC PC FIL AFRAC Adjust  to  Z  Mass   K     Norm    rms      D0     D   ANC/Gsp

    1:  2  1  2  0     1  0 0.5  1 0.5   0   3   0  19.8140  1  0  0 0.0000 VR  0.5564; 1. 3.000 1.2748 1.0000  2.368 -351.8-2337.1 80.8297

    2:  1  2  1  0     2  1 0.5  1 1.5   0   4   0   2.4670  1  0  0 0.0000 VR  1.3692; 1. 3.000 0.2975 1.0000  5.165  199.6  292.8 -1.9650

 ************************************************************************************************************************************

 TWO-way COUPLING # 1 for partitions  2 <-  1 of KIND  7,   0 -1  5 -1 -1 & P1,P2 =    0.0000   0.0000 : for J <=    80.5 & R <  29.8 fm.


 data =  2  1  1  2  1.0000,  so  < [7Li      #  1] / [4He      #  1]  * Eigen-form #  2>  =   1.0000            BE =  2.467     2



 **** WARNING *** -- FORM FACTOR  2 WAS ORIGINALLY DEFINED FOR A  4He      / p        OVERLAP ****   2   1   2   1



 data =  1  1  1  1  1.0000,  so  < [4He      #  1] / [p        #  1]  * Eigen-form #  1>  =   1.0000            BE = 19.814     1



 **** WARNING *** -- FORM FACTOR  1 WAS ORIGINALLY DEFINED FOR A  7Li      / 4He      OVERLAP ****   1   2   1   2


 KNT =   2, KNP =   1: NK,NG,loc=   1   1   1  11  T  T  F

     So FINITE-RANGE TRANSFER : IP1 = 0 (POST    ), IP2=-1 =COMPLEX     ,  for   1 pairs of bound states summed into   1 pairs
      The main coupling potential is that binding the transferred particle to the 4He      core.

          Using between p        & 4He      the potential No.   5, and subtracting optical potential No.  2

   A real*8 is            8  bytes
   NLL,NLN,NLO =         120         121        1001
0File   9 needs RL =  240240    REAL*8 numbers, and NR =    88. i.e.   169.13 Megabytes
   File            9  RECL =     1921920
0RECOMMENDED NON-LOCAL WIDTH IS GREATER THAN   10.30 FM.,  RECOMMENDED CENTRATION   0.25, after    0.51 secs.
0Relative non-local usages (rms) are
    0.000   0.000   0.000   0.000   0.000   0.000   0.000   0.000   0.000   0.000   0.000   0.000   0.000   0.000   0.000
    0.000   0.000   0.000   0.000   0.000   0.000   0.000   0.000   0.000   0.000   0.000   0.000   0.000   0.000   0.000
    0.000   0.000   0.000   0.000   0.000   0.000   0.000   0.000   0.000   0.000   0.000   0.000   0.000   0.000   0.000
    0.000   0.000   0.000   0.000   0.000   0.000   0.000   0.000   0.000   0.000   0.000   0.000   0.000   0.000   0.000
    0.000   0.000   0.000   0.000   0.000   0.000   0.000   0.000   0.000   0.000   0.000   0.000   0.000   0.000   0.000
    0.000   0.000   0.000   0.000   0.000   0.000   0.000   0.000   0.000   0.000   0.000   0.000   0.000   0.000   0.000
    0.000   0.000   0.000   0.000   0.000   0.000   0.000   0.000   0.000   0.000   0.000   0.000   0.000   0.000   0.000
    0.000   0.000   0.000   0.000   0.000   0.000   0.000   0.000   0.000   0.000   0.000   0.000   0.000   0.000   0.000
    0.000   0.000   0.000   0.000   0.000   0.000   0.000   0.000   0.000   0.000   0.000   0.000   0.000   0.000   0.000
    0.000   0.000   0.000   0.000   0.000   0.000   0.000   0.000   0.000   0.000   0.000   0.000   0.000   0.000   0.000
    0.000   0.000   0.000   0.000   0.000   0.000   0.000   0.000   0.000   0.000   0.000   0.000   0.000   0.000   0.000
    0.000   0.000   0.000   0.000   0.000   0.000   0.000   0.000   0.000   0.000   0.000   0.000   0.000   0.000   0.000
    0.000   0.000   0.000   0.000   0.000   0.000   0.000   0.000   0.000   0.000   0.000   0.000   0.000   0.000   0.000
    0.000   0.000   0.000   0.000   0.000   0.000   0.000   0.000   0.000   0.000   0.000   0.000   0.000   0.000   0.000
    0.000   0.000   0.000   0.000   0.000   0.000   0.000   0.000   0.000   0.000   0.000   0.000   0.000   0.000   0.000
    0.000   0.000   0.000   0.000   0.000   0.000   0.000   0.000   0.000   0.000   0.000   0.000   0.000   0.000   0.000
    0.000   0.000   0.000   0.000   0.000   0.000   0.000   0.000   0.000   0.000   0.000   0.000   0.000   0.000   0.000
    0.000   0.000   0.000   0.000   0.000   0.000   0.000   0.000   0.000   0.000   0.000   0.000   0.000   0.000   0.000
    0.000   0.000   0.000   0.000   0.000   0.000   0.000   0.000   0.000   0.000   0.000   0.000   0.000   0.000   0.000
    0.000   0.000   0.000   0.000   0.000   0.000   0.000   0.000   0.000   0.000   0.000   0.000   0.000   0.000   0.000
    0.000   0.000   0.000   0.000   0.000   0.000   0.000   0.000   0.000   0.000   0.000   0.000   0.000   0.000   0.000
    0.000   0.000   0.000   0.000   0.000   0.000   0.000   0.000   0.000   0.000   0.000   0.000   0.000   0.000   0.000
    0.000   0.000   0.000   0.000   0.000   0.000   0.000   0.000   0.000   0.000   0.000   0.000   0.000   0.000   0.000
    0.000   0.000   0.000   0.000   0.000   0.000   0.000   0.000   0.000   0.000   0.000   0.000   0.000   0.000   0.000
    0.000   0.000   0.000   0.000   0.000   0.000   0.000   0.000   0.000   0.000   0.000   0.000   0.000   0.000   0.000
    0.000   0.000   0.000   0.000   0.000   0.000   0.000   0.000   0.000   0.000   0.000   0.000   0.000   0.000   0.000
    0.000   0.000   0.000   0.000   0.000   0.000   0.000   0.000   0.000   0.000   0.000   0.000   0.000   0.000   0.000
    0.000   0.000   0.000   0.000   0.000   0.000   0.000   0.000   0.000   0.000   0.000   0.000   0.000   0.000   0.000
    0.000   0.000   0.001   0.001   0.001   0.001   0.001   0.001   0.001   0.001   0.001   0.002   0.002   0.002   0.002
    0.003   0.003   0.004   0.006   0.008   0.010   0.017   0.022   0.033   0.046   0.057   0.091   0.116   0.165   0.223
    0.271   0.404   0.505   0.681   0.887   1.057   1.458   1.772   2.236   2.774   3.223   4.063   4.751   5.607   6.557
    7.370   8.538   9.534  10.583  11.660  12.589  13.593  14.454  15.212  15.872  16.409  16.833  17.144  17.448  17.746
   17.946  18.867  19.665  21.249  23.448  25.381  29.503  33.003  37.433  42.449  46.723  52.895  58.122  63.651  69.334
   74.144  79.626  84.227  88.392  92.126  95.091  97.328  98.871  99.751 100.000  99.649  98.729  97.276  95.325  92.920
   90.102  86.918  83.415  79.643  75.648  71.481  67.191  62.828  58.439  54.068  49.758  45.547  41.470  37.557  33.834
   30.321  27.033  23.982  21.173  18.606  16.277  14.179  12.303  10.636   9.163   7.870   6.740   5.757   4.906   4.173
    3.542   3.002   2.540   2.147   1.813   1.529   1.288   1.085   0.912   0.767   0.645   0.541   0.454   0.381   0.320
    0.268   0.224   0.188   0.157   0.131   0.110   0.092   0.077   0.064   0.054   0.045   0.037   0.031   0.026   0.022
    0.018   0.015   0.012   0.010   0.009   0.007   0.006   0.005   0.004   0.003   0.003   0.002   0.002   0.002   0.001
    0.001   0.001   0.001   0.001   0.000   0.000   0.000   0.000   0.000   0.000   0.000   0.000   0.000   0.000   0.000
    0.000   0.000   0.000   0.000   0.000   0.000   0.000   0.000   0.000   0.000   0.000   0.000   0.000   0.000   0.000
    0.000   0.000   0.000   0.000   0.000   0.000   0.000   0.000   0.000   0.000   0.000   0.000   0.000   0.000   0.000
    0.000   0.000   0.000   0.000   0.000   0.000   0.000   0.000   0.000   0.000   0.000   0.000   0.000   0.000   0.000
    0.000   0.000   0.000   0.000   0.000   0.000   0.000   0.000   0.000   0.000   0.000   0.000   0.000   0.000   0.000
    0.000   0.000   0.000   0.000   0.000   0.000   0.000   0.000   0.000   0.000   0.000   0.000   0.000   0.000   0.000
    0.000   0.000   0.000   0.000   0.000   0.000   0.000   0.000   0.000   0.000   0.000   0.000   0.000   0.000   0.000
    0.000   0.000   0.000   0.000   0.000   0.000   0.000   0.000   0.000   0.000   0.000   0.000   0.000   0.000   0.000
    0.000   0.000   0.000   0.000   0.000   0.000   0.000   0.000   0.000   0.000   0.000   0.000   0.000   0.000   0.000
    0.000   0.000   0.000   0.000   0.000   0.000   0.000   0.000   0.000   0.000   0.000   0.000   0.000   0.000   0.000
    0.000   0.000   0.000   0.000   0.000   0.000   0.000   0.000   0.000   0.000   0.000   0.000   0.000   0.000   0.000
    0.000   0.000   0.000   0.000   0.000   0.000   0.000   0.000   0.000   0.000   0.000   0.000   0.000   0.000   0.000
    0.000   0.000   0.000   0.000   0.000   0.000   0.000   0.000   0.000   0.000   0.000   0.000   0.000   0.000   0.000
    0.000   0.000   0.000   0.000   0.000   0.000   0.000   0.000   0.000   0.000   0.000   0.000   0.000   0.000   0.000
    0.000   0.000   0.000   0.000   0.000   0.000   0.000   0.000   0.000   0.000   0.000   0.000   0.000   0.000   0.000
    0.000   0.000   0.000   0.000   0.000   0.000   0.000   0.000   0.000   0.000   0.000   0.000   0.000   0.000   0.000
    0.000   0.000   0.000   0.000   0.000   0.000   0.000   0.000   0.000   0.000   0.000   0.000   0.000   0.000   0.000
    0.000   0.000   0.000   0.000   0.000   0.000   0.000   0.000   0.000   0.000   0.000   0.000   0.000   0.000   0.000
    0.000   0.000   0.000   0.000   0.000   0.000   0.000   0.000   0.000   0.000   0.000   0.000   0.000   0.000   0.000
    0.000   0.000   0.000   0.000   0.000   0.000   0.000   0.000   0.000   0.000   0.000   0.000   0.000   0.000   0.000
    0.000   0.000   0.000   0.000   0.000   0.000   0.000   0.000   0.000   0.000   0.000   0.000   0.000   0.000   0.000
    0.000   0.000   0.000   0.000   0.000   0.000   0.000   0.000   0.000   0.000   0.000   0.000   0.000   0.000   0.000
    0.000   0.000   0.000   0.000   0.000   0.000   0.000   0.000   0.000   0.000   0.000   0.000   0.000   0.000   0.000
    0.000   0.000   0.000   0.000   0.000   0.000   0.000   0.000   0.000   0.000   0.000   0.000   0.000   0.000   0.000
    0.000   0.000   0.000   0.000   0.000   0.000   0.000   0.000   0.000   0.000   0.000   0.000   0.000   0.000   0.000
    0.000   0.000   0.000   0.000   0.000   0.000   0.000   0.000   0.000   0.000   0.000   0.000   0.000   0.000   0.000
    0.000   0.000   0.000   0.000   0.000   0.000   0.000   0.000   0.000   0.000   0.000   0.000   0.000   0.000   0.000
    0.000   0.000   0.000   0.000   0.000   0.000   0.000   0.000   0.000   0.000   0.000

 Incoming partition  1 in excitation state # 1,   Laboratory Energy given for partition  1 Nucleus 1 in Excitation pair 1

0Lab. ENERGY ranges :

   from    230.000     to   0.00000     in     0 intervals
   from    0.00000     to   0.00000     in     0 intervals
   from    0.00000     to   0.00000     in     0 intervals

 Largest real,imaginary parts of any form factor at R=   29.50 are   4.88E-02  2.46E-19 MeV
 Finished all Couplings @   0.531250000              10

 Symmetric Hamiltonian
1***********************************************************************************************************************************
************************************************************************************************************************************

        INCOMING p        ;    LABORATORY p        ENERGY =   230.00     MeV.

 ***********************************************************************************************************************************
 ***********************************************************************************************************************************


 Accuracy analysis at   230.000 MeV in ch.  2:  Elastic h*k = 0.229 so NOT OK   compared with 0.200


  NOTE: Coulomb excitation cut off below   0.043 deg by JTMAX, and below   0.038 deg by Rmax

 Allocate arrays for            2  channels, of which            2  need wfs.

 ######################################################################################################################
 #                                                                                                                    #
 # Total SPIN and PARITY =     0.0 +,      2 channels,    0 in 1st block.  Rmin & Coul turning =    0.0    0.0 fm.  #
 #                                                                                                                    #
 ######################################################################################################################



    C Projectl Target   #   EX.   (L  Proj) J  + Targ = Jtotal     E-cm      Re K     Re Eta     RM*K            CH
    1 p        7Li      #    1: I   1 0.5    1.5  1.5     0.0   214.50959   2.99672   0.03017   89.9015  -0.11566   0.48656 1 1 1   1
    2 4He      4He      #    1:     0 0.0    0.0  0.0     0.0   218.59600   4.57356   0.06026  137.2069   0.49251   0.08687 2 1 2   1
   S-matrix    1 =   -0.62709   0.50603 for L=    1, J=    1.5 channel on core I =   1.5 from L=    1,  Acc. loss =  0.0 D.
 Elastic phase shift   1 =   70.549   6.186 deg. for the L =    1, J =    1.5 channel.
       0.0 -0.62708812  0.50603240i: elastic S-matrix  @@      0.02  0   0 F  0
 Reaction Xsec     0.0+/ 1 @ 1 =   0.153 , Out:   0.000#   0.000#   0.153f


 Total SPIN, PARITY =     0.0 -,      1 chs,      0 cc.  Rmin & Coul turning =    0.0    0.0
   S-matrix    1 =   -0.44473   0.66723 for L=    2, J=    1.5 channel on core I =   1.5 from L=    2,  Acc. loss =  0.0 D.
 Elastic phase shift   1 =   61.842   6.326 deg. for the L =    2, J =    1.5 channel.
       0.0 -0.44473113  0.66723281i: elastic S-matrix  @@      0.00  0   0 F  0
 Reaction Xsec     0.0-/ 2 @ 1 =   0.156 , Out:   0.000#   0.000#   0.156f

 Allocate arrays for            3  channels, of which            3  need wfs.

 Total SPIN, PARITY =     1.0 +,      3 chs,      0 cc.  Rmin & Coul turning =    0.1    0.5
   S-matrix    1 =   -0.53168   0.60427 for L=    1, J=    0.5 channel on core I =   1.5 from L=    1,  Acc. loss =  0.0 D.
 Elastic phase shift   1 =   65.672   6.219 deg. for the L =    1, J =    0.5 channel.
       1.0 -0.53167979  0.60426990i: elastic S-matrix  @@      0.00  0   0 F  0
 Reaction Xsec     1.0+/ 1 @ 1 =   0.462 , Out:   0.000#   0.000#   0.462f

   S-matrix    2 =   -0.62709   0.50603 for L=    1, J=    1.5 channel on core I =   1.5 from L=    1,  Acc. loss =  0.0 D.
 Elastic phase shift   2 =   70.549   6.186 deg. for the L =    1, J =    1.5 channel.
       1.0 -0.62708812  0.50603240i: elastic S-matrix  @@      0.00  0   0 F  0
 Reaction Xsec     1.0+/ 1 @ 2 =   0.460 , Out:   0.000#   0.000#   0.460f

   S-matrix    3 =   -0.33547   0.72183 for L=    3, J=    2.5 channel on core I =   1.5 from L=    3,  Acc. loss =  0.0 D.
 Elastic phase shift   3 =   57.463   6.537 deg. for the L =    3, J =    2.5 channel.
       1.0 -0.33546737  0.72183376i: elastic S-matrix  @@      0.00  0   0 F  0
 Reaction Xsec     1.0+/ 3 @ 3 =   0.481 , Out:   0.000#   0.000#   0.481f

 Allocate arrays for            4  channels, of which            4  need wfs.

 Total SPIN, PARITY =     1.0 -,      4 chs,      0 cc.  Rmin & Coul turning =    0.1    0.5
   S-matrix    1 =   -0.64039   0.49178 for L=    0, J=    0.5 channel on core I =   1.5 from L=    0,  Acc. loss =  0.0 D.
 Elastic phase shift   1 =   71.239   6.128 deg. for the L =    0, J =    0.5 channel.
       1.0 -0.64038719  0.49177808i: elastic S-matrix  @@      0.02  0   0 F  0
 Reaction Xsec     1.0-/ 0 @ 1 =   0.457 , Out:   0.000#   0.000#   0.457f

   S-matrix    2 =   -0.44473   0.66723 for L=    2, J=    1.5 channel on core I =   1.5 from L=    2,  Acc. loss =  0.0 D.
 Elastic phase shift   2 =   61.842   6.326 deg. for the L =    2, J =    1.5 channel.
       1.0 -0.44473113  0.66723281i: elastic S-matrix  @@      0.00  0   0 F  0
 Reaction Xsec     1.0-/ 2 @ 2 =   0.468 , Out:   0.000#   0.000#   0.468f

   S-matrix    3 =   -0.61853   0.51280 for L=    2, J=    2.5 channel on core I =   1.5 from L=    2,  Acc. loss =  0.0 D.
 Elastic phase shift   3 =   70.170   6.269 deg. for the L =    2, J =    2.5 channel.
       1.0 -0.61852981  0.51279750i: elastic S-matrix  @@      0.02  0   0 F  0
 Reaction Xsec     1.0-/ 2 @ 3 =   0.465 , Out:   0.000#   0.000#   0.465f

 Allocate arrays for            5  channels, of which            5  need wfs.

 Total SPIN, PARITY =     2.0 +,      5 chs,      0 cc.  Rmin & Coul turning =    0.2    0.8
   S-matrix    1 =   -0.53168   0.60427 for L=    1, J=    0.5 channel on core I =   1.5 from L=    1,  Acc. loss =  0.0 D.
 Elastic phase shift   1 =   65.672   6.219 deg. for the L =    1, J =    0.5 channel.
       2.0 -0.53167979  0.60426990i: elastic S-matrix  @@      0.02  0   0 F  0
 Reaction Xsec     2.0+/ 1 @ 1 =   0.770 , Out:   0.000#   0.000#   0.770f

   S-matrix    2 =   -0.62709   0.50603 for L=    1, J=    1.5 channel on core I =   1.5 from L=    1,  Acc. loss =  0.0 D.
 Elastic phase shift   2 =   70.549   6.186 deg. for the L =    1, J =    1.5 channel.
       2.0 -0.62708812  0.50603240i: elastic S-matrix  @@      0.00  0   0 F  0
 Reaction Xsec     2.0+/ 1 @ 2 =   0.767 , Out:   0.000#   0.000#   0.767f

   S-matrix    3 =   -0.33547   0.72183 for L=    3, J=    2.5 channel on core I =   1.5 from L=    3,  Acc. loss =  0.0 D.
 Elastic phase shift   3 =   57.463   6.537 deg. for the L =    3, J =    2.5 channel.
       2.0 -0.33546737  0.72183376i: elastic S-matrix  @@      0.00  0   0 F  0
 Reaction Xsec     2.0+/ 3 @ 3 =   0.801 , Out:   0.000#   0.000#   0.801f

   S-matrix    4 =   -0.60504   0.52121 for L=    3, J=    3.5 channel on core I =   1.5 from L=    3,  Acc. loss =  0.0 D.
 Elastic phase shift   4 =   69.628   6.444 deg. for the L =    3, J =    3.5 channel.
       2.0 -0.60503845  0.52120794i: elastic S-matrix  @@      0.02  0   0 F  0
 Reaction Xsec     2.0+/ 3 @ 4 =   0.792 , Out:   0.000#   0.000#   0.792f


 Total SPIN, PARITY =     2.0 -,      4 chs,      0 cc.  Rmin & Coul turning =    0.2    0.8
   S-matrix    1 =   -0.64039   0.49178 for L=    0, J=    0.5 channel on core I =   1.5 from L=    0,  Acc. loss =  0.0 D.
 Elastic phase shift   1 =   71.239   6.128 deg. for the L =    0, J =    0.5 channel.
       2.0 -0.64038719  0.49177808i: elastic S-matrix  @@      0.00  0   0 F  0
 Reaction Xsec     2.0-/ 0 @ 1 =   0.761 , Out:   0.000#   0.000#   0.761f

   S-matrix    2 =   -0.44473   0.66723 for L=    2, J=    1.5 channel on core I =   1.5 from L=    2,  Acc. loss =  0.0 D.
 Elastic phase shift   2 =   61.842   6.326 deg. for the L =    2, J =    1.5 channel.
       2.0 -0.44473113  0.66723281i: elastic S-matrix  @@      0.00  0   0 F  0
 Reaction Xsec     2.0-/ 2 @ 2 =   0.781 , Out:   0.000#   0.000#   0.781f

   S-matrix    3 =   -0.61853   0.51280 for L=    2, J=    2.5 channel on core I =   1.5 from L=    2,  Acc. loss =  0.0 D.
 Elastic phase shift   3 =   70.170   6.269 deg. for the L =    2, J =    2.5 channel.
       2.0 -0.61852981  0.51279750i: elastic S-matrix  @@      0.00  0   0 F  0
 Reaction Xsec     2.0-/ 2 @ 3 =   0.775 , Out:   0.000#   0.000#   0.775f

   S-matrix    4 =   -0.19711   0.76353 for L=    4, J=    3.5 channel on core I =   1.5 from L=    4,  Acc. loss =  0.0 D.
 Elastic phase shift   4 =   52.238   6.805 deg. for the L =    4, J =    3.5 channel.
       2.0 -0.19711416  0.76353423i: elastic S-matrix  @@      0.00  0   0 F  0
 Reaction Xsec     2.0-/ 4 @ 4 =   0.827 , Out:   0.000#   0.000#   0.827f


 Total SPIN, PARITY =     3.0 +,      4 chs,      0 cc.  Rmin & Coul turning =    0.2    1.2
   S-matrix    1 =   -0.62709   0.50603 for L=    1, J=    1.5 channel on core I =   1.5 from L=    1,  Acc. loss =  0.0 D.
 Elastic phase shift   1 =   70.549   6.186 deg. for the L =    1, J =    1.5 channel.
       3.0 -0.62708812  0.50603240i: elastic S-matrix  @@      0.00  0   0 F  0
 Reaction Xsec     3.0+/ 1 @ 1 =   1.073 , Out:   0.000#   0.000#   1.073f

   S-matrix    2 =   -0.33547   0.72183 for L=    3, J=    2.5 channel on core I =   1.5 from L=    3,  Acc. loss =  0.0 D.
 Elastic phase shift   2 =   57.463   6.537 deg. for the L =    3, J =    2.5 channel.
       3.0 -0.33546737  0.72183376i: elastic S-matrix  @@      0.00  0   0 F  0
 Reaction Xsec     3.0+/ 3 @ 2 =   1.122 , Out:   0.000#   0.000#   1.122f

   S-matrix    3 =   -0.60504   0.52121 for L=    3, J=    3.5 channel on core I =   1.5 from L=    3,  Acc. loss =  0.0 D.
 Elastic phase shift   3 =   69.628   6.444 deg. for the L =    3, J =    3.5 channel.
       3.0 -0.60503845  0.52120794i: elastic S-matrix  @@      0.00  0   0 F  0
 Reaction Xsec     3.0+/ 3 @ 3 =   1.109 , Out:   0.000#   0.000#   1.109f

   S-matrix    4 =   -0.02720   0.77699 for L=    5, J=    4.5 channel on core I =   1.5 from L=    5,  Acc. loss =  0.0 D.
 Elastic phase shift   4 =   46.002   7.211 deg. for the L =    5, J =    4.5 channel.
       3.0 -0.02719778  0.77699164i: elastic S-matrix  @@      0.00  0   0 F  0
 Reaction Xsec     3.0+/ 5 @ 4 =   1.211 , Out:   0.000#   0.000#   1.211f


 Total SPIN, PARITY =     3.0 -,      5 chs,      0 cc.  Rmin & Coul turning =    0.2    1.2
   S-matrix    1 =   -0.44473   0.66723 for L=    2, J=    1.5 channel on core I =   1.5 from L=    2,  Acc. loss =  0.0 D.
 Elastic phase shift   1 =   61.842   6.326 deg. for the L =    2, J =    1.5 channel.
       3.0 -0.44473113  0.66723281i: elastic S-matrix  @@      0.02  0   0 F  0
 Reaction Xsec     3.0-/ 2 @ 1 =   1.093 , Out:   0.000#   0.001#   1.093f

   S-matrix    2 =   -0.61853   0.51280 for L=    2, J=    2.5 channel on core I =   1.5 from L=    2,  Acc. loss =  0.0 D.
 Elastic phase shift   2 =   70.170   6.269 deg. for the L =    2, J =    2.5 channel.
       3.0 -0.61852981  0.51279750i: elastic S-matrix  @@      0.00  0   0 F  0
 Reaction Xsec     3.0-/ 2 @ 2 =   1.085 , Out:   0.000#   0.000#   1.085f

   S-matrix    3 =   -0.19711   0.76353 for L=    4, J=    3.5 channel on core I =   1.5 from L=    4,  Acc. loss =  0.0 D.
 Elastic phase shift   3 =   52.238   6.805 deg. for the L =    4, J =    3.5 channel.
       3.0 -0.19711416  0.76353423i: elastic S-matrix  @@      0.02  0   0 F  0
 Reaction Xsec     3.0-/ 4 @ 3 =   1.158 , Out:   0.000#   0.000#   1.158f

   S-matrix    4 =   -0.58394   0.53518 for L=    4, J=    4.5 channel on core I =   1.5 from L=    4,  Acc. loss =  0.0 D.
 Elastic phase shift   4 =   68.747   6.677 deg. for the L =    4, J =    4.5 channel.
       3.0 -0.58393583  0.53518077i: elastic S-matrix  @@      0.00  0   0 F  0
 Reaction Xsec     3.0-/ 4 @ 4 =   1.141 , Out:   0.000#   0.000#   1.141f


 Total SPIN, PARITY =     4.0 +,      5 chs,      0 cc.  Rmin & Coul turning =    0.3    1.5
   S-matrix    1 =   -0.33547   0.72183 for L=    3, J=    2.5 channel on core I =   1.5 from L=    3,  Acc. loss =  0.0 D.
 Elastic phase shift   1 =   57.463   6.537 deg. for the L =    3, J =    2.5 channel.
       4.0 -0.33546737  0.72183376i: elastic S-matrix  @@      0.02  0   0 F  0
 Reaction Xsec     4.0+/ 3 @ 1 =   1.442 , Out:   0.000#   0.001#   1.442f

   S-matrix    2 =   -0.60504   0.52121 for L=    3, J=    3.5 channel on core I =   1.5 from L=    3,  Acc. loss =  0.0 D.
 Elastic phase shift   2 =   69.628   6.444 deg. for the L =    3, J =    3.5 channel.
       4.0 -0.60503845  0.52120794i: elastic S-matrix  @@      0.02  0   0 F  0
 Reaction Xsec     4.0+/ 3 @ 2 =   1.426 , Out:   0.000#   0.000#   1.426f

   S-matrix    3 =   -0.02720   0.77699 for L=    5, J=    4.5 channel on core I =   1.5 from L=    5,  Acc. loss =  0.0 D.
 Elastic phase shift   3 =   46.002   7.211 deg. for the L =    5, J =    4.5 channel.
       4.0 -0.02719778  0.77699164i: elastic S-matrix  @@      0.00  0   0 F  0
 Reaction Xsec     4.0+/ 5 @ 3 =   1.557 , Out:   0.000#   0.000#   1.557f

   S-matrix    4 =   -0.55241   0.55551 for L=    5, J=    5.5 channel on core I =   1.5 from L=    5,  Acc. loss =  0.0 D.
 Elastic phase shift   4 =   67.420   6.993 deg. for the L =    5, J =    5.5 channel.
       4.0 -0.55241321  0.55550693i: elastic S-matrix  @@      0.00  0   0 F  0
 Reaction Xsec     4.0+/ 5 @ 4 =   1.520 , Out:   0.000#   0.001#   1.520f


 Total SPIN, PARITY =     4.0 -,      4 chs,      0 cc.  Rmin & Coul turning =    0.3    1.5
   S-matrix    1 =   -0.61853   0.51280 for L=    2, J=    2.5 channel on core I =   1.5 from L=    2,  Acc. loss =  0.0 D.
 Elastic phase shift   1 =   70.170   6.269 deg. for the L =    2, J =    2.5 channel.
       4.0 -0.61852981  0.51279750i: elastic S-matrix  @@      0.00  0   0 F  0
 Reaction Xsec     4.0-/ 2 @ 1 =   1.395 , Out:   0.000#   0.000#   1.395f

   S-matrix    2 =   -0.19711   0.76353 for L=    4, J=    3.5 channel on core I =   1.5 from L=    4,  Acc. loss =  0.0 D.
 Elastic phase shift   2 =   52.238   6.805 deg. for the L =    4, J =    3.5 channel.
       4.0 -0.19711416  0.76353423i: elastic S-matrix  @@      0.00  0   0 F  0
 Reaction Xsec     4.0-/ 4 @ 2 =   1.488 , Out:   0.000#   0.000#   1.488f

   S-matrix    3 =   -0.58394   0.53518 for L=    4, J=    4.5 channel on core I =   1.5 from L=    4,  Acc. loss =  0.0 D.
 Elastic phase shift   3 =   68.747   6.677 deg. for the L =    4, J =    4.5 channel.
       4.0 -0.58393583  0.53518077i: elastic S-matrix  @@      0.00  0   0 F  0
 Reaction Xsec     4.0-/ 4 @ 3 =   1.466 , Out:   0.000#   0.000#   1.466f

   S-matrix    4 =    0.16969   0.74241 for L=    6, J=    5.5 channel on core I =   1.5 from L=    6,  Acc. loss =  0.0 D.
 Elastic phase shift   4 =   38.563   7.803 deg. for the L =    6, J =    5.5 channel.
       4.0  0.16968975  0.74241271i: elastic S-matrix  @@      0.00  0   0 F  0
 Reaction Xsec     4.0-/ 6 @ 4 =   1.653 , Out:   0.000#   0.000#   1.653f


 Total SPIN, PARITY =     5.0 +,      4 chs,      0 cc.  Rmin & Coul turning =    0.4    1.8
   S-matrix    1 =   -0.60504   0.52121 for L=    3, J=    3.5 channel on core I =   1.5 from L=    3,  Acc. loss =  0.0 D.
 Elastic phase shift   1 =   69.628   6.444 deg. for the L =    3, J =    3.5 channel.
       5.0 -0.60503845  0.52120794i: elastic S-matrix  @@      0.00  0   0 F  0
 Reaction Xsec     5.0+/ 3 @ 1 =   1.743 , Out:   0.000#   0.000#   1.743f

   S-matrix    2 =   -0.02720   0.77699 for L=    5, J=    4.5 channel on core I =   1.5 from L=    5,  Acc. loss =  0.0 D.
 Elastic phase shift   2 =   46.002   7.211 deg. for the L =    5, J =    4.5 channel.
       5.0 -0.02719778  0.77699164i: elastic S-matrix  @@      0.00  0   0 F  0
 Reaction Xsec     5.0+/ 5 @ 2 =   1.903 , Out:   0.000#   0.000#   1.903f

   S-matrix    3 =   -0.55241   0.55551 for L=    5, J=    5.5 channel on core I =   1.5 from L=    5,  Acc. loss =  0.0 D.
 Elastic phase shift   3 =   67.420   6.993 deg. for the L =    5, J =    5.5 channel.
       5.0 -0.55241321  0.55550693i: elastic S-matrix  @@      0.00  0   0 F  0
 Reaction Xsec     5.0+/ 5 @ 3 =   1.858 , Out:   0.000#   0.000#   1.858f

   S-matrix    4 =    0.35389   0.65290 for L=    7, J=    6.5 channel on core I =   1.5 from L=    7,  Acc. loss =  0.0 D.
 Elastic phase shift   4 =   30.770   8.524 deg. for the L =    7, J =    6.5 channel.
       5.0  0.35389494  0.65290284i: elastic S-matrix  @@      0.00  0   0 F  0
 Reaction Xsec     5.0+/ 7 @ 4 =   2.157 , Out:   0.000#   0.000#   2.157f


 Total SPIN, PARITY =     5.0 -,      5 chs,      0 cc.  Rmin & Coul turning =    0.4    1.8
   S-matrix    1 =   -0.19711   0.76353 for L=    4, J=    3.5 channel on core I =   1.5 from L=    4,  Acc. loss =  0.0 D.
 Elastic phase shift   1 =   52.238   6.805 deg. for the L =    4, J =    3.5 channel.
       5.0 -0.19711416  0.76353423i: elastic S-matrix  @@      0.02  0   0 F  0
 Reaction Xsec     5.0-/ 4 @ 1 =   1.819 , Out:   0.000#   0.001#   1.819f

   S-matrix    2 =   -0.58394   0.53518 for L=    4, J=    4.5 channel on core I =   1.5 from L=    4,  Acc. loss =  0.0 D.
 Elastic phase shift   2 =   68.747   6.677 deg. for the L =    4, J =    4.5 channel.
       5.0 -0.58393583  0.53518077i: elastic S-matrix  @@      0.02  0   0 F  0
 Reaction Xsec     5.0-/ 4 @ 2 =   1.792 , Out:   0.000#   0.001#   1.792f

   S-matrix    3 =    0.16969   0.74241 for L=    6, J=    5.5 channel on core I =   1.5 from L=    6,  Acc. loss =  0.0 D.
 Elastic phase shift   3 =   38.563   7.803 deg. for the L =    6, J =    5.5 channel.
       5.0  0.16968975  0.74241271i: elastic S-matrix  @@      0.00  0   0 F  0
 Reaction Xsec     5.0-/ 6 @ 3 =   2.020 , Out:   0.000#   0.000#   2.020f

   S-matrix    4 =   -0.50496   0.58127 for L=    6, J=    6.5 channel on core I =   1.5 from L=    6,  Acc. loss =  0.0 D.
 Elastic phase shift   4 =   65.491   7.488 deg. for the L =    6, J =    6.5 channel.
       5.0 -0.50495667  0.58127465i: elastic S-matrix  @@      0.00  0   0 F  0
 Reaction Xsec     5.0-/ 6 @ 4 =   1.958 , Out:   0.000#   0.001#   1.958f


 Total SPIN, PARITY =     6.0 +,      5 chs,      0 cc.  Rmin & Coul turning =    0.5    2.2
   S-matrix    1 =   -0.02720   0.77699 for L=    5, J=    4.5 channel on core I =   1.5 from L=    5,  Acc. loss =  0.0 D.
 Elastic phase shift   1 =   46.002   7.211 deg. for the L =    5, J =    4.5 channel.
       6.0 -0.02719778  0.77699164i: elastic S-matrix  @@      0.02  0   0 F  0
 Reaction Xsec     6.0+/ 5 @ 1 =   2.249 , Out:   0.000#   0.001#   2.249f

   S-matrix    2 =   -0.55241   0.55551 for L=    5, J=    5.5 channel on core I =   1.5 from L=    5,  Acc. loss =  0.0 D.
 Elastic phase shift   2 =   67.420   6.993 deg. for the L =    5, J =    5.5 channel.
       6.0 -0.55241321  0.55550693i: elastic S-matrix  @@      0.02  0   0 F  0
 Reaction Xsec     6.0+/ 5 @ 2 =   2.196 , Out:   0.000#   0.000#   2.196f

   S-matrix    3 =    0.35389   0.65290 for L=    7, J=    6.5 channel on core I =   1.5 from L=    7,  Acc. loss =  0.0 D.
 Elastic phase shift   3 =   30.770   8.524 deg. for the L =    7, J =    6.5 channel.
       6.0  0.35389494  0.65290284i: elastic S-matrix  @@      0.00  0   0 F  0
 Reaction Xsec     6.0+/ 7 @ 3 =   2.549 , Out:   0.000#   0.000#   2.549f

   S-matrix    4 =   -0.43095   0.62031 for L=    7, J=    7.5 channel on core I =   1.5 from L=    7,  Acc. loss =  0.0 D.
 Elastic phase shift   4 =   62.395   8.039 deg. for the L =    7, J =    7.5 channel.
       6.0 -0.43095334  0.62030835i: elastic S-matrix  @@      0.00  0   0 F  0
 Reaction Xsec     6.0+/ 7 @ 4 =   2.442 , Out:   0.000#   0.002#   2.442f


 Total SPIN, PARITY =     6.0 -,      4 chs,      0 cc.  Rmin & Coul turning =    0.5    2.2
   S-matrix    1 =   -0.58394   0.53518 for L=    4, J=    4.5 channel on core I =   1.5 from L=    4,  Acc. loss =  0.0 D.
 Elastic phase shift   1 =   68.747   6.677 deg. for the L =    4, J =    4.5 channel.
       6.0 -0.58393583  0.53518077i: elastic S-matrix  @@      0.02  0   0 F  0
 Reaction Xsec     6.0-/ 4 @ 1 =   2.118 , Out:   0.000#   0.000#   2.118f

   S-matrix    2 =    0.16969   0.74241 for L=    6, J=    5.5 channel on core I =   1.5 from L=    6,  Acc. loss =  0.0 D.
 Elastic phase shift   2 =   38.563   7.803 deg. for the L =    6, J =    5.5 channel.
       6.0  0.16968975  0.74241271i: elastic S-matrix  @@      0.00  0   0 F  0
 Reaction Xsec     6.0-/ 6 @ 2 =   2.388 , Out:   0.000#   0.000#   2.388f

   S-matrix    3 =   -0.50496   0.58127 for L=    6, J=    6.5 channel on core I =   1.5 from L=    6,  Acc. loss =  0.0 D.
 Elastic phase shift   3 =   65.491   7.488 deg. for the L =    6, J =    6.5 channel.
       6.0 -0.50495667  0.58127465i: elastic S-matrix  @@      0.00  0   0 F  0
 Reaction Xsec     6.0-/ 6 @ 3 =   2.314 , Out:   0.000#   0.000#   2.314f

   S-matrix    4 =    0.47684   0.53478 for L=    8, J=    7.5 channel on core I =   1.5 from L=    8,  Acc. loss =  0.0 D.
 Elastic phase shift   4 =   24.139   9.551 deg. for the L =    8, J =    7.5 channel.
       6.0  0.47683680  0.53477882i: elastic S-matrix  @@      0.00  0   0 F  0
 Reaction Xsec     6.0-/ 8 @ 4 =   2.766 , Out:   0.000#   0.000#   2.766f


 Total SPIN, PARITY =     7.0 +,      4 chs,      0 cc.  Rmin & Coul turning =    0.6    2.5
   S-matrix    1 =   -0.55241   0.55551 for L=    5, J=    5.5 channel on core I =   1.5 from L=    5,  Acc. loss =  0.0 D.
 Elastic phase shift   1 =   67.420   6.993 deg. for the L =    5, J =    5.5 channel.
       7.0 -0.55241321  0.55550693i: elastic S-matrix  @@      0.00  0   0 F  0
 Reaction Xsec     7.0+/ 5 @ 1 =   2.534 , Out:   0.000#   0.000#   2.534f

   S-matrix    2 =    0.35389   0.65290 for L=    7, J=    6.5 channel on core I =   1.5 from L=    7,  Acc. loss =  0.0 D.
 Elastic phase shift   2 =   30.770   8.524 deg. for the L =    7, J =    6.5 channel.
       7.0  0.35389494  0.65290284i: elastic S-matrix  @@      0.00  0   0 F  0
 Reaction Xsec     7.0+/ 7 @ 2 =   2.942 , Out:   0.000#   0.000#   2.942f

   S-matrix    3 =   -0.43095   0.62031 for L=    7, J=    7.5 channel on core I =   1.5 from L=    7,  Acc. loss =  0.0 D.
 Elastic phase shift   3 =   62.395   8.039 deg. for the L =    7, J =    7.5 channel.
       7.0 -0.43095334  0.62030835i: elastic S-matrix  @@      0.00  0   0 F  0
 Reaction Xsec     7.0+/ 7 @ 3 =   2.817 , Out:   0.000#   0.000#   2.817f

   S-matrix    4 =    0.54754   0.42473 for L=    9, J=    8.5 channel on core I =   1.5 from L=    9,  Acc. loss =  0.0 D.
 Elastic phase shift   4 =   18.901  10.507 deg. for the L =    9, J =    8.5 channel.
       7.0  0.54754026  0.42473090i: elastic S-matrix  @@      0.00  0   0 F  0
 Reaction Xsec     7.0+/ 9 @ 4 =   3.410 , Out:   0.000#   0.000#   3.410f


 Total SPIN, PARITY =     7.0 -,      5 chs,      0 cc.  Rmin & Coul turning =    0.6    2.5
   S-matrix    1 =    0.16969   0.74241 for L=    6, J=    5.5 channel on core I =   1.5 from L=    6,  Acc. loss =  0.0 D.
 Elastic phase shift   1 =   38.563   7.803 deg. for the L =    6, J =    5.5 channel.
       7.0  0.16968975  0.74241271i: elastic S-matrix  @@      0.02  0   0 F  0
 Reaction Xsec     7.0-/ 6 @ 1 =   2.755 , Out:   0.000#   0.013#   2.755f

   S-matrix    2 =   -0.50496   0.58127 for L=    6, J=    6.5 channel on core I =   1.5 from L=    6,  Acc. loss =  0.0 D.
 Elastic phase shift   2 =   65.491   7.488 deg. for the L =    6, J =    6.5 channel.
       7.0 -0.50495667  0.58127465i: elastic S-matrix  @@      0.00  0   0 F  0
 Reaction Xsec     7.0-/ 6 @ 2 =   2.671 , Out:   0.000#   0.004#   2.671f

   S-matrix    3 =    0.47684   0.53478 for L=    8, J=    7.5 channel on core I =   1.5 from L=    8,  Acc. loss =  0.0 D.
 Elastic phase shift   3 =   24.139   9.551 deg. for the L =    8, J =    7.5 channel.
       7.0  0.47683680  0.53477882i: elastic S-matrix  @@      0.00  0   0 F  0
 Reaction Xsec     7.0-/ 8 @ 3 =   3.192 , Out:   0.000#   0.042#   3.192f

   S-matrix    4 =   -0.30387   0.66966 for L=    8, J=    8.5 channel on core I =   1.5 from L=    8,  Acc. loss =  0.0 D.
 Elastic phase shift   4 =   57.203   8.806 deg. for the L =    8, J =    8.5 channel.
       7.0 -0.30386631  0.66965541i: elastic S-matrix  @@      0.02  0   0 F  0
 Reaction Xsec     7.0-/ 8 @ 4 =   3.012 , Out:   0.000#   0.291#   3.012f


 Total SPIN, PARITY =     8.0 +,      5 chs,      0 cc.  Rmin & Coul turning =    0.6    2.8
   S-matrix    1 =    0.35389   0.65290 for L=    7, J=    6.5 channel on core I =   1.5 from L=    7,  Acc. loss =  0.0 D.
 Elastic phase shift   1 =   30.770   8.524 deg. for the L =    7, J =    6.5 channel.
       8.0  0.35389494  0.65290284i: elastic S-matrix  @@      0.02  0   0 F  0
 Reaction Xsec     8.0+/ 7 @ 1 =   3.334 , Out:   0.000#   0.003#   3.334f

   S-matrix    2 =   -0.43095   0.62031 for L=    7, J=    7.5 channel on core I =   1.5 from L=    7,  Acc. loss =  0.0 D.
 Elastic phase shift   2 =   62.395   8.039 deg. for the L =    7, J =    7.5 channel.
       8.0 -0.43095334  0.62030835i: elastic S-matrix  @@      0.00  0   0 F  0
 Reaction Xsec     8.0+/ 7 @ 2 =   3.193 , Out:   0.000#   0.005#   3.193f

   S-matrix    3 =    0.54754   0.42473 for L=    9, J=    8.5 channel on core I =   1.5 from L=    9,  Acc. loss =  0.0 D.
 Elastic phase shift   3 =   18.901  10.507 deg. for the L =    9, J =    8.5 channel.
       8.0  0.54754026  0.42473090i: elastic S-matrix  @@      0.00  0   0 F  0
 Reaction Xsec     8.0+/ 9 @ 3 =   3.864 , Out:   0.000#   0.292#   3.864f

   S-matrix    4 =   -0.09829   0.69382 for L=    9, J=    9.5 channel on core I =   1.5 from L=    9,  Acc. loss =  0.0 D.
 Elastic phase shift   4 =   49.031  10.187 deg. for the L =    9, J =    9.5 channel.
       8.0 -0.09828684  0.69382351i: elastic S-matrix  @@      0.02  0   0 F  0
 Reaction Xsec     8.0+/ 9 @ 4 =   3.783 , Out:   0.000#   1.924#   3.783f


 Total SPIN, PARITY =     8.0 -,      4 chs,      0 cc.  Rmin & Coul turning =    0.6    2.8
   S-matrix    1 =   -0.50496   0.58127 for L=    6, J=    6.5 channel on core I =   1.5 from L=    6,  Acc. loss =  0.0 D.
 Elastic phase shift   1 =   65.491   7.488 deg. for the L =    6, J =    6.5 channel.
       8.0 -0.50495667  0.58127465i: elastic S-matrix  @@      0.00  0   0 F  0
 Reaction Xsec     8.0-/ 6 @ 1 =   3.027 , Out:   0.000#   0.000#   3.027f

   S-matrix    2 =    0.47684   0.53478 for L=    8, J=    7.5 channel on core I =   1.5 from L=    8,  Acc. loss =  0.0 D.
 Elastic phase shift   2 =   24.139   9.551 deg. for the L =    8, J =    7.5 channel.
       8.0  0.47683680  0.53477882i: elastic S-matrix  @@      0.00  0   0 F  0
 Reaction Xsec     8.0-/ 8 @ 2 =   3.618 , Out:   0.000#   0.000#   3.618f

   S-matrix    3 =   -0.30387   0.66966 for L=    8, J=    8.5 channel on core I =   1.5 from L=    8,  Acc. loss =  0.0 D.
 Elastic phase shift   3 =   57.203   8.806 deg. for the L =    8, J =    8.5 channel.
       8.0 -0.30386631  0.66965541i: elastic S-matrix  @@      0.00  0   0 F  0
 Reaction Xsec     8.0-/ 8 @ 3 =   3.414 , Out:   0.000#   0.000#   3.414f

   S-matrix    4 =    0.60787   0.33465 for L=   10, J=    9.5 channel on core I =   1.5 from L=   10,  Acc. loss =  0.0 D.
 Elastic phase shift   4 =   14.417  10.469 deg. for the L =   10, J =    9.5 channel.
       8.0  0.60786689  0.33464863i: elastic S-matrix  @@      0.00  0   0 F  0
 Reaction Xsec     8.0-/10 @ 4 =   3.855 , Out:   0.000#   0.000#   3.855f


 Total SPIN, PARITY =     9.0 +,      4 chs,      0 cc.  Rmin & Coul turning =    0.7    3.2
   S-matrix    1 =   -0.43095   0.62031 for L=    7, J=    7.5 channel on core I =   1.5 from L=    7,  Acc. loss =  0.0 D.
 Elastic phase shift   1 =   62.395   8.039 deg. for the L =    7, J =    7.5 channel.
       9.0 -0.43095334  0.62030835i: elastic S-matrix  @@      0.00  0   0 F  0
 Reaction Xsec     9.0+/ 7 @ 1 =   3.568 , Out:   0.000#   0.000#   3.568f

   S-matrix    2 =    0.54754   0.42473 for L=    9, J=    8.5 channel on core I =   1.5 from L=    9,  Acc. loss =  0.0 D.
 Elastic phase shift   2 =   18.901  10.507 deg. for the L =    9, J =    8.5 channel.
       9.0  0.54754026  0.42473090i: elastic S-matrix  @@      0.00  0   0 F  0
 Reaction Xsec     9.0+/ 9 @ 2 =   4.319 , Out:   0.000#   0.000#   4.319f

   S-matrix    3 =   -0.09829   0.69382 for L=    9, J=    9.5 channel on core I =   1.5 from L=    9,  Acc. loss =  0.0 D.
 Elastic phase shift   3 =   49.031  10.187 deg. for the L =    9, J =    9.5 channel.
       9.0 -0.09828684  0.69382351i: elastic S-matrix  @@      0.00  0   0 F  0
 Reaction Xsec     9.0+/ 9 @ 3 =   4.229 , Out:   0.000#   0.000#   4.229f

   S-matrix    4 =    0.68077   0.26142 for L=   11, J=   10.5 channel on core I =   1.5 from L=   11,  Acc. loss =  0.0 D.
 Elastic phase shift   4 =   10.504   9.046 deg. for the L =   11, J =   10.5 channel.
       9.0  0.68077090  0.26142074i: elastic S-matrix  @@      0.00  0   0 F  0
 Reaction Xsec     9.0+/11 @ 4 =   3.890 , Out:   0.000#   0.000#   3.890f


 Total SPIN, PARITY =     9.0 -,      5 chs,      0 cc.  Rmin & Coul turning =    0.7    3.2
   S-matrix    1 =    0.47684   0.53478 for L=    8, J=    7.5 channel on core I =   1.5 from L=    8,  Acc. loss =  0.0 D.
 Elastic phase shift   1 =   24.139   9.551 deg. for the L =    8, J =    7.5 channel.
       9.0  0.47683680  0.53477882i: elastic S-matrix  @@      0.02  0   0 F  0
 Reaction Xsec     9.0-/ 8 @ 1 =   4.043 , Out:   0.000#   0.185#   4.043f

   S-matrix    2 =   -0.30387   0.66966 for L=    8, J=    8.5 channel on core I =   1.5 from L=    8,  Acc. loss =  0.0 D.
 Elastic phase shift   2 =   57.203   8.806 deg. for the L =    8, J =    8.5 channel.
       9.0 -0.30386631  0.66965541i: elastic S-matrix  @@      0.00  0   0 F  0
 Reaction Xsec     9.0-/ 8 @ 2 =   3.815 , Out:   0.000#   0.146#   3.815f

   S-matrix    3 =    0.60787   0.33465 for L=   10, J=    9.5 channel on core I =   1.5 from L=   10,  Acc. loss =  0.0 D.
 Elastic phase shift   3 =   14.417  10.469 deg. for the L =   10, J =    9.5 channel.
       9.0  0.60786689  0.33464863i: elastic S-matrix  @@      0.00  0   0 F  0
 Reaction Xsec     9.0-/10 @ 3 =   4.308 , Out:   0.000#   0.632#   4.308f

   S-matrix    4 =    0.16503   0.65087 for L=   10, J=   10.5 channel on core I =   1.5 from L=   10,  Acc. loss =  0.0 D.
 Elastic phase shift   4 =   37.886  11.410 deg. for the L =   10, J =   10.5 channel.
       9.0  0.16502680  0.65087025i: elastic S-matrix  @@      0.02  0   0 F  0
 Reaction Xsec     9.0-/10 @ 4 =   4.562 , Out:   0.000#   3.625#   4.562f


 Total SPIN, PARITY =    10.0 +,      5 chs,      0 cc.  Rmin & Coul turning =    0.8    3.5
   S-matrix    1 =    0.54754   0.42473 for L=    9, J=    8.5 channel on core I =   1.5 from L=    9,  Acc. loss =  0.0 D.
 Elastic phase shift   1 =   18.901  10.507 deg. for the L =    9, J =    8.5 channel.
      10.0  0.54754026  0.42473090i: elastic S-matrix  @@      0.02  0   0 F  0
 Reaction Xsec    10.0+/ 9 @ 1 =   4.773 , Out:   0.000#   1.187#   4.773f

   S-matrix    2 =   -0.09829   0.69382 for L=    9, J=    9.5 channel on core I =   1.5 from L=    9,  Acc. loss =  0.0 D.
 Elastic phase shift   2 =   49.031  10.187 deg. for the L =    9, J =    9.5 channel.
      10.0 -0.09828684  0.69382351i: elastic S-matrix  @@      0.00  0   0 F  0
 Reaction Xsec    10.0+/ 9 @ 2 =   4.674 , Out:   0.000#   0.785#   4.674f

   S-matrix    3 =    0.68077   0.26142 for L=   11, J=   10.5 channel on core I =   1.5 from L=   11,  Acc. loss =  0.0 D.
 Elastic phase shift   3 =   10.504   9.046 deg. for the L =   11, J =   10.5 channel.
      10.0  0.68077090  0.26142074i: elastic S-matrix  @@      0.00  0   0 F  0
 Reaction Xsec    10.0+/11 @ 3 =   4.300 , Out:   0.000#   0.549#   4.300f

   S-matrix    4 =    0.42557   0.54284 for L=   11, J=   11.5 channel on core I =   1.5 from L=   11,  Acc. loss =  0.0 D.
 Elastic phase shift   4 =   25.952  10.640 deg. for the L =   11, J =   11.5 channel.
      10.0  0.42557083  0.54283696i: elastic S-matrix  @@      0.02  0   0 F  0
 Reaction Xsec    10.0+/11 @ 4 =   4.814 , Out:   0.000#   2.491#   4.814f


 Total SPIN, PARITY =    10.0 -,      4 chs,      0 cc.  Rmin & Coul turning =    0.8    3.5
   S-matrix    1 =   -0.30387   0.66966 for L=    8, J=    8.5 channel on core I =   1.5 from L=    8,  Acc. loss =  0.0 D.
 Elastic phase shift   1 =   57.203   8.806 deg. for the L =    8, J =    8.5 channel.
      10.0 -0.30386631  0.66965541i: elastic S-matrix  @@      0.00  0   0 F  0
 Reaction Xsec    10.0-/ 8 @ 1 =   4.217 , Out:   0.000#   0.000#   4.217f

   S-matrix    2 =    0.60787   0.33465 for L=   10, J=    9.5 channel on core I =   1.5 from L=   10,  Acc. loss =  0.0 D.
 Elastic phase shift   2 =   14.417  10.469 deg. for the L =   10, J =    9.5 channel.
      10.0  0.60786689  0.33464863i: elastic S-matrix  @@      0.00  0   0 F  0
 Reaction Xsec    10.0-/10 @ 2 =   4.761 , Out:   0.000#   0.000#   4.761f

   S-matrix    3 =    0.16503   0.65087 for L=   10, J=   10.5 channel on core I =   1.5 from L=   10,  Acc. loss =  0.0 D.
 Elastic phase shift   3 =   37.886  11.410 deg. for the L =   10, J =   10.5 channel.
      10.0  0.16502680  0.65087025i: elastic S-matrix  @@      0.00  0   0 F  0
 Reaction Xsec    10.0-/10 @ 3 =   5.043 , Out:   0.000#   0.000#   5.043f

   S-matrix    4 =    0.76294   0.20001 for L=   12, J=   11.5 channel on core I =   1.5 from L=   12,  Acc. loss =  0.0 D.
 Elastic phase shift   4 =    7.345   6.799 deg. for the L =   12, J =   11.5 channel.
      10.0  0.76294414  0.20001019i: elastic S-matrix  @@      0.00  0   0 F  0
 Reaction Xsec    10.0-/12 @ 4 =   3.470 , Out:   0.000#   0.000#   3.470f


 Total SPIN, PARITY =    11.0 +,      4 chs,      0 cc.  Rmin & Coul turning =    0.9    3.8
   S-matrix    1 =   -0.09829   0.69382 for L=    9, J=    9.5 channel on core I =   1.5 from L=    9,  Acc. loss =  0.0 D.
 Elastic phase shift   1 =   49.031  10.187 deg. for the L =    9, J =    9.5 channel.
      11.0 -0.09828684  0.69382351i: elastic S-matrix  @@      0.00  0   0 F  0
 Reaction Xsec    11.0+/ 9 @ 1 =   5.119 , Out:   0.000#   0.000#   5.119f

   S-matrix    2 =    0.68077   0.26142 for L=   11, J=   10.5 channel on core I =   1.5 from L=   11,  Acc. loss =  0.0 D.
 Elastic phase shift   2 =   10.504   9.046 deg. for the L =   11, J =   10.5 channel.
      11.0  0.68077090  0.26142074i: elastic S-matrix  @@      0.00  0   0 F  0
 Reaction Xsec    11.0+/11 @ 2 =   4.709 , Out:   0.000#   0.000#   4.709f

   S-matrix    3 =    0.42557   0.54284 for L=   11, J=   11.5 channel on core I =   1.5 from L=   11,  Acc. loss =  0.0 D.
 Elastic phase shift   3 =   25.952  10.640 deg. for the L =   11, J =   11.5 channel.
      11.0  0.42557083  0.54283696i: elastic S-matrix  @@      0.00  0   0 F  0
 Reaction Xsec    11.0+/11 @ 3 =   5.272 , Out:   0.000#   0.000#   5.272f

   S-matrix    4 =    0.83986   0.14741 for L=   13, J=   12.5 channel on core I =   1.5 from L=   13,  Acc. loss =  0.0 D.
 Elastic phase shift   4 =    4.978   4.565 deg. for the L =   13, J =   12.5 channel.
      11.0  0.83986299  0.14741387i: elastic S-matrix  @@      0.00  0   0 F  0
 Reaction Xsec    11.0+/13 @ 4 =   2.745 , Out:   0.000#   0.000#   2.745f


 Total SPIN, PARITY =    11.0 -,      5 chs,      0 cc.  Rmin & Coul turning =    0.9    3.8
   S-matrix    1 =    0.60787   0.33465 for L=   10, J=    9.5 channel on core I =   1.5 from L=   10,  Acc. loss =  0.0 D.
 Elastic phase shift   1 =   14.417  10.469 deg. for the L =   10, J =    9.5 channel.
      11.0  0.60786689  0.33464863i: elastic S-matrix  @@      0.02  0   0 F  0
 Reaction Xsec    11.0-/10 @ 1 =   5.215 , Out:   0.000#   3.736#   5.215f

   S-matrix    2 =    0.16503   0.65087 for L=   10, J=   10.5 channel on core I =   1.5 from L=   10,  Acc. loss =  0.0 D.
 Elastic phase shift   2 =   37.886  11.410 deg. for the L =   10, J =   10.5 channel.
      11.0  0.16502680  0.65087025i: elastic S-matrix  @@      0.00  0   0 F  0
 Reaction Xsec    11.0-/10 @ 2 =   5.523 , Out:   0.000#   2.159#   5.523f

   S-matrix    3 =    0.76294   0.20001 for L=   12, J=   11.5 channel on core I =   1.5 from L=   12,  Acc. loss =  0.0 D.
 Elastic phase shift   3 =    7.345   6.799 deg. for the L =   12, J =   11.5 channel.
      11.0  0.76294414  0.20001019i: elastic S-matrix  @@      0.00  0   0 F  0
 Reaction Xsec    11.0-/12 @ 3 =   3.801 , Out:   0.000#   0.213#   3.801f

   S-matrix    4 =    0.63692   0.40820 for L=   12, J=   12.5 channel on core I =   1.5 from L=   12,  Acc. loss =  0.0 D.
 Elastic phase shift   4 =   16.328   7.994 deg. for the L =   12, J =   12.5 channel.
      11.0  0.63691650  0.40819638i: elastic S-matrix  @@      0.02  0   0 F  0
 Reaction Xsec    11.0-/12 @ 4 =   4.302 , Out:   0.000#   0.800#   4.302f


 Total SPIN, PARITY =    12.0 +,      5 chs,      0 cc.  Rmin & Coul turning =    1.0    4.2
   S-matrix    1 =    0.68077   0.26142 for L=   11, J=   10.5 channel on core I =   1.5 from L=   11,  Acc. loss =  0.0 D.
 Elastic phase shift   1 =   10.504   9.046 deg. for the L =   11, J =   10.5 channel.
      12.0  0.68077090  0.26142074i: elastic S-matrix  @@      0.02  0   0 F  0
 Reaction Xsec    12.0+/11 @ 1 =   5.119 , Out:   0.000#   6.637#   5.119f

   S-matrix    2 =    0.42557   0.54284 for L=   11, J=   11.5 channel on core I =   1.5 from L=   11,  Acc. loss =  0.0 D.
 Elastic phase shift   2 =   25.952  10.640 deg. for the L =   11, J =   11.5 channel.
      12.0  0.42557083  0.54283696i: elastic S-matrix  @@      0.00  0   0 F  0
 Reaction Xsec    12.0+/11 @ 2 =   5.731 , Out:   0.000#   3.557#   5.731f

   S-matrix    3 =    0.83986   0.14741 for L=   13, J=   12.5 channel on core I =   1.5 from L=   13,  Acc. loss =  0.0 D.
 Elastic phase shift   3 =    4.978   4.565 deg. for the L =   13, J =   12.5 channel.
      12.0  0.83986299  0.14741387i: elastic S-matrix  @@      0.00  0   0 F  0
 Reaction Xsec    12.0+/13 @ 3 =   2.983 , Out:   0.000#   0.020#   2.983f

   S-matrix    4 =    0.78549   0.28267 for L=   13, J=   13.5 channel on core I =   1.5 from L=   13,  Acc. loss =  0.0 D.
 Elastic phase shift   4 =    9.896   5.173 deg. for the L =   13, J =   13.5 channel.
      12.0  0.78548894  0.28267270i: elastic S-matrix  @@      0.02  0   0 F  0
 Reaction Xsec    12.0+/13 @ 4 =   3.314 , Out:   0.000#   0.066#   3.314f


 Total SPIN, PARITY =    12.0 -,      4 chs,      0 cc.  Rmin & Coul turning =    1.0    4.2
   S-matrix    1 =    0.16503   0.65087 for L=   10, J=   10.5 channel on core I =   1.5 from L=   10,  Acc. loss =  0.0 D.
 Elastic phase shift   1 =   37.886  11.410 deg. for the L =   10, J =   10.5 channel.
      12.0  0.16502680  0.65087025i: elastic S-matrix  @@      0.00  0   0 F  0
 Reaction Xsec    12.0-/10 @ 1 =   6.003 , Out:   0.000#   0.000#   6.003f

   S-matrix    2 =    0.76294   0.20001 for L=   12, J=   11.5 channel on core I =   1.5 from L=   12,  Acc. loss =  0.0 D.
 Elastic phase shift   2 =    7.345   6.799 deg. for the L =   12, J =   11.5 channel.
      12.0  0.76294414  0.20001019i: elastic S-matrix  @@      0.00  0   0 F  0
 Reaction Xsec    12.0-/12 @ 2 =   4.131 , Out:   0.000#   0.000#   4.131f

   S-matrix    3 =    0.63692   0.40820 for L=   12, J=   12.5 channel on core I =   1.5 from L=   12,  Acc. loss =  0.0 D.
 Elastic phase shift   3 =   16.328   7.994 deg. for the L =   12, J =   12.5 channel.
      12.0  0.63691650  0.40819638i: elastic S-matrix  @@      0.00  0   0 F  0
 Reaction Xsec    12.0-/12 @ 3 =   4.676 , Out:   0.000#   0.000#   4.676f

   S-matrix    4 =    0.90030   0.10357 for L=   14, J=   13.5 channel on core I =   1.5 from L=   14,  Acc. loss =  0.0 D.
 Elastic phase shift   4 =    3.281   2.821 deg. for the L =   14, J =   13.5 channel.
      12.0  0.90029557  0.10356962i: elastic S-matrix  @@      0.00  0   0 F  0
 Reaction Xsec    12.0-/14 @ 4 =   1.954 , Out:   0.000#   0.000#   1.954f


 Total SPIN, PARITY =    13.0 +,      4 chs,      0 cc.  Rmin & Coul turning =    1.0    4.5
   S-matrix    1 =    0.42557   0.54284 for L=   11, J=   11.5 channel on core I =   1.5 from L=   11,  Acc. loss =  0.0 D.
 Elastic phase shift   1 =   25.952  10.640 deg. for the L =   11, J =   11.5 channel.
      13.0  0.42557083  0.54283696i: elastic S-matrix  @@      0.00  0   0 F  0
 Reaction Xsec    13.0+/11 @ 1 =   6.189 , Out:   0.000#   0.000#   6.189f

   S-matrix    2 =    0.83986   0.14741 for L=   13, J=   12.5 channel on core I =   1.5 from L=   13,  Acc. loss =  0.0 D.
 Elastic phase shift   2 =    4.978   4.565 deg. for the L =   13, J =   12.5 channel.
      13.0  0.83986299  0.14741387i: elastic S-matrix  @@      0.00  0   0 F  0
 Reaction Xsec    13.0+/13 @ 2 =   3.222 , Out:   0.000#   0.000#   3.222f

   S-matrix    3 =    0.78549   0.28267 for L=   13, J=   13.5 channel on core I =   1.5 from L=   13,  Acc. loss =  0.0 D.
 Elastic phase shift   3 =    9.896   5.173 deg. for the L =   13, J =   13.5 channel.
      13.0  0.78548894  0.28267270i: elastic S-matrix  @@      0.00  0   0 F  0
 Reaction Xsec    13.0+/13 @ 3 =   3.579 , Out:   0.000#   0.000#   3.579f

   S-matrix    4 =    0.94162   0.06944 for L=   15, J=   14.5 channel on core I =   1.5 from L=   15,  Acc. loss =  0.0 D.
 Elastic phase shift   4 =    2.109   1.646 deg. for the L =   15, J =   14.5 channel.
      13.0  0.94161709  0.06944037i: elastic S-matrix  @@      0.00  0   0 F  0
 Reaction Xsec    13.0+/15 @ 4 =   1.281 , Out:   0.000#   0.000#   1.281f


 Total SPIN, PARITY =    13.0 -,      5 chs,      0 cc.  Rmin & Coul turning =    1.0    4.5
   S-matrix    1 =    0.76294   0.20001 for L=   12, J=   11.5 channel on core I =   1.5 from L=   12,  Acc. loss =  0.0 D.
 Elastic phase shift   1 =    7.345   6.799 deg. for the L =   12, J =   11.5 channel.
      13.0  0.76294414  0.20001019i: elastic S-matrix  @@      0.02  0   0 F  0
 Reaction Xsec    13.0-/12 @ 1 =   4.462 , Out:   0.000#   3.848#   4.462f

   S-matrix    2 =    0.63692   0.40820 for L=   12, J=   12.5 channel on core I =   1.5 from L=   12,  Acc. loss =  0.0 D.
 Elastic phase shift   2 =   16.328   7.994 deg. for the L =   12, J =   12.5 channel.
      13.0  0.63691650  0.40819638i: elastic S-matrix  @@      0.00  0   0 F  0
 Reaction Xsec    13.0-/12 @ 2 =   5.050 , Out:   0.000#   1.976#   5.050f

   S-matrix    3 =    0.90030   0.10357 for L=   14, J=   13.5 channel on core I =   1.5 from L=   14,  Acc. loss =  0.0 D.
 Elastic phase shift   3 =    3.281   2.821 deg. for the L =   14, J =   13.5 channel.
      13.0  0.90029557  0.10356962i: elastic S-matrix  @@      0.00  0   0 F  0
 Reaction Xsec    13.0-/14 @ 3 =   2.110 , Out:   0.000#   0.554#   2.110f

   S-matrix    4 =    0.87930   0.18399 for L=   14, J=   14.5 channel on core I =   1.5 from L=   14,  Acc. loss =  0.0 D.
 Elastic phase shift   4 =    5.909   3.071 deg. for the L =   14, J =   14.5 channel.
      13.0  0.87930114  0.18398537i: elastic S-matrix  @@      0.02  0   0 F  0
 Reaction Xsec    13.0-/14 @ 4 =   2.278 , Out:   0.000#   2.286#   2.278f


 Total SPIN, PARITY =    14.0 +,      5 chs,      0 cc.  Rmin & Coul turning =    1.1    4.8
   S-matrix    1 =    0.83986   0.14741 for L=   13, J=   12.5 channel on core I =   1.5 from L=   13,  Acc. loss =  0.0 D.
 Elastic phase shift   1 =    4.978   4.565 deg. for the L =   13, J =   12.5 channel.
      14.0  0.83986299  0.14741387i: elastic S-matrix  @@      0.02  0   0 F  0
 Reaction Xsec    14.0+/13 @ 1 =   3.461 , Out:   0.000#   0.216#   3.461f

   S-matrix    2 =    0.78549   0.28267 for L=   13, J=   13.5 channel on core I =   1.5 from L=   13,  Acc. loss =  0.0 D.
 Elastic phase shift   2 =    9.896   5.173 deg. for the L =   13, J =   13.5 channel.
      14.0  0.78548894  0.28267270i: elastic S-matrix  @@      0.00  0   0 F  0
 Reaction Xsec    14.0+/13 @ 2 =   3.844 , Out:   0.000#   0.109#   3.844f

   S-matrix    3 =    0.94162   0.06944 for L=   15, J=   14.5 channel on core I =   1.5 from L=   15,  Acc. loss =  0.0 D.
 Elastic phase shift   3 =    2.109   1.646 deg. for the L =   15, J =   14.5 channel.
      14.0  0.94161709  0.06944037i: elastic S-matrix  @@      0.00  0   0 F  0
 Reaction Xsec    14.0+/15 @ 3 =   1.376 , Out:   0.000#   1.679#   1.376f

   S-matrix    4 =    0.93415   0.11469 for L=   15, J=   15.5 channel on core I =   1.5 from L=   15,  Acc. loss =  0.0 D.
 Elastic phase shift   4 =    3.500   1.737 deg. for the L =   15, J =   15.5 channel.
      14.0  0.93415459  0.11468576i: elastic S-matrix  @@      0.02  0   0 F  0
 Reaction Xsec    14.0+/15 @ 4 =   1.448 , Out:   0.000#   6.364#   1.448f


 Total SPIN, PARITY =    14.0 -,      4 chs,      0 cc.  Rmin & Coul turning =    1.1    4.8
   S-matrix    1 =    0.63692   0.40820 for L=   12, J=   12.5 channel on core I =   1.5 from L=   12,  Acc. loss =  0.0 D.
 Elastic phase shift   1 =   16.328   7.994 deg. for the L =   12, J =   12.5 channel.
      14.0  0.63691650  0.40819638i: elastic S-matrix  @@      0.00  0   0 F  0
 Reaction Xsec    14.0-/12 @ 1 =   5.424 , Out:   0.000#   0.000#   5.424f

   S-matrix    2 =    0.90030   0.10357 for L=   14, J=   13.5 channel on core I =   1.5 from L=   14,  Acc. loss =  0.0 D.
 Elastic phase shift   2 =    3.281   2.821 deg. for the L =   14, J =   13.5 channel.
      14.0  0.90029557  0.10356962i: elastic S-matrix  @@      0.00  0   0 F  0
 Reaction Xsec    14.0-/14 @ 2 =   2.267 , Out:   0.000#   0.000#   2.267f

   S-matrix    3 =    0.87930   0.18399 for L=   14, J=   14.5 channel on core I =   1.5 from L=   14,  Acc. loss =  0.0 D.
 Elastic phase shift   3 =    5.909   3.071 deg. for the L =   14, J =   14.5 channel.
      14.0  0.87930114  0.18398537i: elastic S-matrix  @@      0.00  0   0 F  0
 Reaction Xsec    14.0-/14 @ 3 =   2.447 , Out:   0.000#   0.000#   2.447f

   S-matrix    4 =    0.96720   0.04483 for L=   16, J=   15.5 channel on core I =   1.5 from L=   16,  Acc. loss =  0.0 D.
 Elastic phase shift   4 =    1.327   0.925 deg. for the L =   16, J =   15.5 channel.
      14.0  0.96720018  0.04483279i: elastic S-matrix  @@      0.00  0   0 F  0
 Reaction Xsec    14.0-/16 @ 4 =   0.793 , Out:   0.000#   0.000#   0.793f


 Total SPIN, PARITY =    15.0 +,      4 chs,      0 cc.  Rmin & Coul turning =    1.2    5.2
   S-matrix    1 =    0.78549   0.28267 for L=   13, J=   13.5 channel on core I =   1.5 from L=   13,  Acc. loss =  0.0 D.
 Elastic phase shift   1 =    9.896   5.173 deg. for the L =   13, J =   13.5 channel.
      15.0  0.78548894  0.28267270i: elastic S-matrix  @@      0.00  0   0 F  0
 Reaction Xsec    15.0+/13 @ 1 =   4.109 , Out:   0.000#   0.000#   4.109f

   S-matrix    2 =    0.94162   0.06944 for L=   15, J=   14.5 channel on core I =   1.5 from L=   15,  Acc. loss =  0.0 D.
 Elastic phase shift   2 =    2.109   1.646 deg. for the L =   15, J =   14.5 channel.
      15.0  0.94161709  0.06944037i: elastic S-matrix  @@      0.00  0   0 F  0
 Reaction Xsec    15.0+/15 @ 2 =   1.471 , Out:   0.000#   0.000#   1.471f

   S-matrix    3 =    0.93415   0.11469 for L=   15, J=   15.5 channel on core I =   1.5 from L=   15,  Acc. loss =  0.0 D.
 Elastic phase shift   3 =    3.500   1.737 deg. for the L =   15, J =   15.5 channel.
      15.0  0.93415459  0.11468576i: elastic S-matrix  @@      0.00  0   0 F  0
 Reaction Xsec    15.0+/15 @ 3 =   1.548 , Out:   0.000#   0.000#   1.548f

   S-matrix    4 =    0.98204   0.02817 for L=   17, J=   16.5 channel on core I =   1.5 from L=   17,  Acc. loss =  0.0 D.
 Elastic phase shift   4 =    0.822   0.507 deg. for the L =   17, J =   16.5 channel.
      15.0  0.98204103  0.02817348i: elastic S-matrix  @@      0.00  0   0 F  0
 Reaction Xsec    15.0+/17 @ 4 =   0.472 , Out:   0.000#   0.000#   0.472f


 Total SPIN, PARITY =    15.0 -,      5 chs,      0 cc.  Rmin & Coul turning =    1.2    5.2
   S-matrix    1 =    0.90030   0.10357 for L=   14, J=   13.5 channel on core I =   1.5 from L=   14,  Acc. loss =  0.0 D.
 Elastic phase shift   1 =    3.281   2.821 deg. for the L =   14, J =   13.5 channel.
      15.0  0.90029557  0.10356962i: elastic S-matrix  @@      0.02  0   0 F  0
 Reaction Xsec    15.0-/14 @ 1 =   2.423 , Out:   0.000#   0.010/   2.423f

   S-matrix    2 =    0.87930   0.18399 for L=   14, J=   14.5 channel on core I =   1.5 from L=   14,  Acc. loss =  0.0 D.
 Elastic phase shift   2 =    5.909   3.071 deg. for the L =   14, J =   14.5 channel.
      15.0  0.87930114  0.18398537i: elastic S-matrix  @@      0.00  0   0 F  0
 Reaction Xsec    15.0-/14 @ 2 =   2.616 , Out:   0.000#   4.634#   2.616f

   S-matrix    3 =    0.96720   0.04483 for L=   16, J=   15.5 channel on core I =   1.5 from L=   16,  Acc. loss =  0.0 D.
 Elastic phase shift   3 =    1.327   0.925 deg. for the L =   16, J =   15.5 channel.
      15.0  0.96720018  0.04483279i: elastic S-matrix  @@      0.00  0   0 F  0
 Reaction Xsec    15.0-/16 @ 3 =   0.847 , Out:   0.000#   0.002#   0.847f

   S-matrix    4 =    0.96469   0.06953 for L=   16, J=   16.5 channel on core I =   1.5 from L=   16,  Acc. loss =  0.0 D.
 Elastic phase shift   4 =    2.061   0.956 deg. for the L =   16, J =   16.5 channel.
      15.0  0.96469300  0.06952615i: elastic S-matrix  @@      0.02  0   0 F  0
 Reaction Xsec    15.0-/16 @ 4 =   0.875 , Out:   0.000#   0.008#   0.875f


 Total SPIN, PARITY =    16.0 +,      5 chs,      0 cc.  Rmin & Coul turning =    1.2    5.5
   S-matrix    1 =    0.94162   0.06944 for L=   15, J=   14.5 channel on core I =   1.5 from L=   15,  Acc. loss =  0.0 D.
 Elastic phase shift   1 =    2.109   1.646 deg. for the L =   15, J =   14.5 channel.
      16.0  0.94161709  0.06944037i: elastic S-matrix  @@      0.02  0   0 F  0
 Reaction Xsec    16.0+/15 @ 1 =   1.566 , Out:   0.000#   5.268#   1.566f

   S-matrix    2 =    0.93415   0.11469 for L=   15, J=   15.5 channel on core I =   1.5 from L=   15,  Acc. loss =  0.0 D.
 Elastic phase shift   2 =    3.500   1.737 deg. for the L =   15, J =   15.5 channel.
      16.0  0.93415459  0.11468576i: elastic S-matrix  @@      0.00  0   0 F  0
 Reaction Xsec    16.0+/15 @ 2 =   1.648 , Out:   0.000#   2.227#   1.648f

   S-matrix    3 =    0.98204   0.02817 for L=   17, J=   16.5 channel on core I =   1.5 from L=   17,  Acc. loss =  0.0 D.
 Elastic phase shift   3 =    0.822   0.507 deg. for the L =   17, J =   16.5 channel.
      16.0  0.98204103  0.02817348i: elastic S-matrix  @@      0.00  0   0 F  0
 Reaction Xsec    16.0+/17 @ 3 =   0.502 , Out:   0.000#   0.571#   0.502f

   S-matrix    4 =    0.98123   0.04145 for L=   17, J=   17.5 channel on core I =   1.5 from L=   17,  Acc. loss =  0.0 D.
 Elastic phase shift   4 =    1.209   0.517 deg. for the L =   17, J =   17.5 channel.
      16.0  0.98122857  0.04144775i: elastic S-matrix  @@      0.02  0   0 F  0
 Reaction Xsec    16.0+/17 @ 4 =   0.512 , Out:   0.000#   2.004#   0.512f


 Total SPIN, PARITY =    16.0 -,      4 chs,      0 cc.  Rmin & Coul turning =    1.2    5.5
   S-matrix    1 =    0.87930   0.18399 for L=   14, J=   14.5 channel on core I =   1.5 from L=   14,  Acc. loss =  0.0 D.
 Elastic phase shift   1 =    5.909   3.071 deg. for the L =   14, J =   14.5 channel.
      16.0  0.87930114  0.18398537i: elastic S-matrix  @@      0.00  0   0 F  0
 Reaction Xsec    16.0-/14 @ 1 =   2.785 , Out:   0.000#   0.000#   2.785f

   S-matrix    2 =    0.96720   0.04483 for L=   16, J=   15.5 channel on core I =   1.5 from L=   16,  Acc. loss =  0.0 D.
 Elastic phase shift   2 =    1.327   0.925 deg. for the L =   16, J =   15.5 channel.
      16.0  0.96720018  0.04483279i: elastic S-matrix  @@      0.00  0   0 F  0
 Reaction Xsec    16.0-/16 @ 2 =   0.902 , Out:   0.000#   0.000#   0.902f

   S-matrix    3 =    0.96469   0.06953 for L=   16, J=   16.5 channel on core I =   1.5 from L=   16,  Acc. loss =  0.0 D.
 Elastic phase shift   3 =    2.061   0.956 deg. for the L =   16, J =   16.5 channel.
      16.0  0.96469300  0.06952615i: elastic S-matrix  @@      0.00  0   0 F  0
 Reaction Xsec    16.0-/16 @ 3 =   0.931 , Out:   0.000#   0.000#   0.931f

   S-matrix    4 =    0.99031   0.01739 for L=   18, J=   17.5 channel on core I =   1.5 from L=   18,  Acc. loss =  0.0 D.
 Elastic phase shift   4 =    0.503   0.274 deg. for the L =   18, J =   17.5 channel.
      16.0  0.99031397  0.01738578i: elastic S-matrix  @@      0.00  0   0 F  0
 Reaction Xsec    16.0-/18 @ 4 =   0.274 , Out:   0.000#   0.000#   0.274f


 Total SPIN, PARITY =    17.0 +,      4 chs,      0 cc.  Rmin & Coul turning =    1.4    5.8
   S-matrix    1 =    0.93415   0.11469 for L=   15, J=   15.5 channel on core I =   1.5 from L=   15,  Acc. loss =  0.0 D.
 Elastic phase shift   1 =    3.500   1.737 deg. for the L =   15, J =   15.5 channel.
      17.0  0.93415459  0.11468576i: elastic S-matrix  @@      0.00  0   0 F  0
 Reaction Xsec    17.0+/15 @ 1 =   1.748 , Out:   0.000#   0.000#   1.748f

   S-matrix    2 =    0.98204   0.02817 for L=   17, J=   16.5 channel on core I =   1.5 from L=   17,  Acc. loss =  0.0 D.
 Elastic phase shift   2 =    0.822   0.507 deg. for the L =   17, J =   16.5 channel.
      17.0  0.98204103  0.02817348i: elastic S-matrix  @@      0.00  0   0 F  0
 Reaction Xsec    17.0+/17 @ 2 =   0.533 , Out:   0.000#   0.000#   0.533f

   S-matrix    3 =    0.98123   0.04145 for L=   17, J=   17.5 channel on core I =   1.5 from L=   17,  Acc. loss =  0.0 D.
 Elastic phase shift   3 =    1.209   0.517 deg. for the L =   17, J =   17.5 channel.
      17.0  0.98122857  0.04144775i: elastic S-matrix  @@      0.00  0   0 F  0
 Reaction Xsec    17.0+/17 @ 3 =   0.543 , Out:   0.000#   0.000#   0.543f

   S-matrix    4 =    0.99482   0.01060 for L=   19, J=   18.5 channel on core I =   1.5 from L=   19,  Acc. loss =  0.0 D.
 Elastic phase shift   4 =    0.305   0.147 deg. for the L =   19, J =   18.5 channel.
      17.0  0.99482007  0.01060089i: elastic S-matrix  @@      0.00  0   0 F  0
 Reaction Xsec    17.0+/19 @ 4 =   0.156 , Out:   0.000#   0.000#   0.156f


 Total SPIN, PARITY =    17.0 -,      5 chs,      0 cc.  Rmin & Coul turning =    1.4    5.8
   S-matrix    1 =    0.96720   0.04483 for L=   16, J=   15.5 channel on core I =   1.5 from L=   16,  Acc. loss =  0.0 D.
 Elastic phase shift   1 =    1.327   0.925 deg. for the L =   16, J =   15.5 channel.
      17.0  0.96720018  0.04483279i: elastic S-matrix  @@      0.02  0   0 F  0
 Reaction Xsec    17.0-/16 @ 1 =   0.957 , Out:   0.000#   2.284#   0.957f

   S-matrix    2 =    0.96469   0.06953 for L=   16, J=   16.5 channel on core I =   1.5 from L=   16,  Acc. loss =  0.0 D.
 Elastic phase shift   2 =    2.061   0.956 deg. for the L =   16, J =   16.5 channel.
      17.0  0.96469300  0.06952615i: elastic S-matrix  @@      0.00  0   0 F  0
 Reaction Xsec    17.0-/16 @ 2 =   0.988 , Out:   0.000#   0.909#   0.988f

   S-matrix    3 =    0.99031   0.01739 for L=   18, J=   17.5 channel on core I =   1.5 from L=   18,  Acc. loss =  0.0 D.
 Elastic phase shift   3 =    0.503   0.274 deg. for the L =   18, J =   17.5 channel.
      17.0  0.99031397  0.01738578i: elastic S-matrix  @@      0.00  0   0 F  0
 Reaction Xsec    17.0-/18 @ 3 =   0.290 , Out:   0.000#   0.032#   0.290f

   S-matrix    4 =    0.99006   0.02447 for L=   18, J=   18.5 channel on core I =   1.5 from L=   18,  Acc. loss =  0.0 D.
 Elastic phase shift   4 =    0.708   0.278 deg. for the L =   18, J =   18.5 channel.
      17.0  0.99005652  0.02447204i: elastic S-matrix  @@      0.02  0   0 F  0
 Reaction Xsec    17.0-/18 @ 4 =   0.294 , Out:   0.000#   0.110#   0.294f


 Total SPIN, PARITY =    18.0 +,      5 chs,      0 cc.  Rmin & Coul turning =    1.4    6.2
   S-matrix    1 =    0.98204   0.02817 for L=   17, J=   16.5 channel on core I =   1.5 from L=   17,  Acc. loss =  0.0 D.
 Elastic phase shift   1 =    0.822   0.507 deg. for the L =   17, J =   16.5 channel.
      18.0  0.98204103  0.02817348i: elastic S-matrix  @@      0.02  0   0 F  0
 Reaction Xsec    18.0+/17 @ 1 =   0.563 , Out:   0.000#   2.283#   0.563f

   S-matrix    2 =    0.98123   0.04145 for L=   17, J=   17.5 channel on core I =   1.5 from L=   17,  Acc. loss =  0.0 D.
 Elastic phase shift   2 =    1.209   0.517 deg. for the L =   17, J =   17.5 channel.
      18.0  0.98122857  0.04144775i: elastic S-matrix  @@      0.00  0   0 F  0
 Reaction Xsec    18.0+/17 @ 2 =   0.574 , Out:   0.000#   0.891#   0.574f

   S-matrix    3 =    0.99482   0.01060 for L=   19, J=   18.5 channel on core I =   1.5 from L=   19,  Acc. loss =  0.0 D.
 Elastic phase shift   3 =    0.305   0.147 deg. for the L =   19, J =   18.5 channel.
      18.0  0.99482007  0.01060089i: elastic S-matrix  @@      0.00  0   0 F  0
 Reaction Xsec    18.0+/19 @ 3 =   0.165 , Out:   0.000#   0.083#   0.165f

   S-matrix    4 =    0.99474   0.01437 for L=   19, J=   19.5 channel on core I =   1.5 from L=   19,  Acc. loss =  0.0 D.
 Elastic phase shift   4 =    0.414   0.148 deg. for the L =   19, J =   19.5 channel.
      18.0  0.99473960  0.01437207i: elastic S-matrix  @@      0.02  0   0 F  0
 Reaction Xsec    18.0+/19 @ 4 =   0.166 , Out:   0.000#   0.283#   0.166f


 Total SPIN, PARITY =    18.0 -,      4 chs,      0 cc.  Rmin & Coul turning =    1.4    6.2
   S-matrix    1 =    0.96469   0.06953 for L=   16, J=   16.5 channel on core I =   1.5 from L=   16,  Acc. loss =  0.0 D.
 Elastic phase shift   1 =    2.061   0.956 deg. for the L =   16, J =   16.5 channel.
      18.0  0.96469300  0.06952615i: elastic S-matrix  @@      0.00  0   0 F  0
 Reaction Xsec    18.0-/16 @ 1 =   1.044 , Out:   0.000#   0.000#   1.044f

   S-matrix    2 =    0.99031   0.01739 for L=   18, J=   17.5 channel on core I =   1.5 from L=   18,  Acc. loss =  0.0 D.
 Elastic phase shift   2 =    0.503   0.274 deg. for the L =   18, J =   17.5 channel.
      18.0  0.99031397  0.01738578i: elastic S-matrix  @@      0.00  0   0 F  0
 Reaction Xsec    18.0-/18 @ 2 =   0.307 , Out:   0.000#   0.000#   0.307f

   S-matrix    3 =    0.99006   0.02447 for L=   18, J=   18.5 channel on core I =   1.5 from L=   18,  Acc. loss =  0.0 D.
 Elastic phase shift   3 =    0.708   0.278 deg. for the L =   18, J =   18.5 channel.
      18.0  0.99005652  0.02447204i: elastic S-matrix  @@      0.00  0   0 F  0
 Reaction Xsec    18.0-/18 @ 3 =   0.310 , Out:   0.000#   0.000#   0.310f

   S-matrix    4 =    0.99724   0.00641 for L=   20, J=   19.5 channel on core I =   1.5 from L=   20,  Acc. loss =  0.0 D.
 Elastic phase shift   4 =    0.184   0.079 deg. for the L =   20, J =   19.5 channel.
      18.0  0.99724282  0.00641219i: elastic S-matrix  @@      0.00  0   0 F  0
 Reaction Xsec    18.0-/20 @ 4 =   0.088 , Out:   0.000#   0.000#   0.088f


 Total SPIN, PARITY =    19.0 +,      4 chs,      0 cc.  Rmin & Coul turning =    1.5    6.5
   S-matrix    1 =    0.98123   0.04145 for L=   17, J=   17.5 channel on core I =   1.5 from L=   17,  Acc. loss =  0.0 D.
 Elastic phase shift   1 =    1.209   0.517 deg. for the L =   17, J =   17.5 channel.
      19.0  0.98122857  0.04144775i: elastic S-matrix  @@      0.00  0   0 F  0
 Reaction Xsec    19.0+/17 @ 1 =   0.605 , Out:   0.000#   0.000#   0.605f

   S-matrix    2 =    0.99482   0.01060 for L=   19, J=   18.5 channel on core I =   1.5 from L=   19,  Acc. loss =  0.0 D.
 Elastic phase shift   2 =    0.305   0.147 deg. for the L =   19, J =   18.5 channel.
      19.0  0.99482007  0.01060089i: elastic S-matrix  @@      0.00  0   0 F  0
 Reaction Xsec    19.0+/19 @ 2 =   0.174 , Out:   0.000#   0.000#   0.174f

   S-matrix    3 =    0.99474   0.01437 for L=   19, J=   19.5 channel on core I =   1.5 from L=   19,  Acc. loss =  0.0 D.
 Elastic phase shift   3 =    0.414   0.148 deg. for the L =   19, J =   19.5 channel.
      19.0  0.99473960  0.01437207i: elastic S-matrix  @@      0.00  0   0 F  0
 Reaction Xsec    19.0+/19 @ 3 =   0.175 , Out:   0.000#   0.000#   0.175f

   S-matrix    4 =    0.99854   0.00386 for L=   21, J=   20.5 channel on core I =   1.5 from L=   21,  Acc. loss =  0.0 D.
 Elastic phase shift   4 =    0.111   0.042 deg. for the L =   21, J =   20.5 channel.
      19.0  0.99853624  0.00385696i: elastic S-matrix  @@      0.00  0   0 F  0
 Reaction Xsec    19.0+/21 @ 4 =   0.050 , Out:   0.000#   0.000#   0.050f


 Total SPIN, PARITY =    19.0 -,      5 chs,      0 cc.  Rmin & Coul turning =    1.5    6.5
   S-matrix    1 =    0.99031   0.01739 for L=   18, J=   17.5 channel on core I =   1.5 from L=   18,  Acc. loss =  0.0 D.
 Elastic phase shift   1 =    0.503   0.274 deg. for the L =   18, J =   17.5 channel.
      19.0  0.99031397  0.01738578i: elastic S-matrix  @@      0.02  0   0 F  0
 Reaction Xsec    19.0-/18 @ 1 =   0.324 , Out:   0.000#   1.214#   0.324f

   S-matrix    2 =    0.99006   0.02447 for L=   18, J=   18.5 channel on core I =   1.5 from L=   18,  Acc. loss =  0.0 D.
 Elastic phase shift   2 =    0.708   0.278 deg. for the L =   18, J =   18.5 channel.
      19.0  0.99005652  0.02447204i: elastic S-matrix  @@      0.00  0   0 F  0
 Reaction Xsec    19.0-/18 @ 2 =   0.327 , Out:   0.000#   0.460#   0.327f

   S-matrix    3 =    0.99724   0.00641 for L=   20, J=   19.5 channel on core I =   1.5 from L=   20,  Acc. loss =  0.0 D.
 Elastic phase shift   3 =    0.184   0.079 deg. for the L =   20, J =   19.5 channel.
      19.0  0.99724282  0.00641219i: elastic S-matrix  @@      0.00  0   0 F  0
 Reaction Xsec    19.0-/20 @ 3 =   0.093 , Out:   0.000#   0.035#   0.093f

   S-matrix    4 =    0.99722   0.00842 for L=   20, J=   20.5 channel on core I =   1.5 from L=   20,  Acc. loss =  0.0 D.
 Elastic phase shift   4 =    0.242   0.079 deg. for the L =   20, J =   20.5 channel.
      19.0  0.99721788  0.00841620i: elastic S-matrix  @@      0.02  0   0 F  0
 Reaction Xsec    19.0-/20 @ 4 =   0.094 , Out:   0.000#   0.118#   0.094f


 Total SPIN, PARITY =    20.0 +,      5 chs,      0 cc.  Rmin & Coul turning =    1.6    6.8
   S-matrix    1 =    0.99482   0.01060 for L=   19, J=   18.5 channel on core I =   1.5 from L=   19,  Acc. loss =  0.0 D.
 Elastic phase shift   1 =    0.305   0.147 deg. for the L =   19, J =   18.5 channel.
      20.0  0.99482007  0.01060089i: elastic S-matrix  @@      0.02  0   0 F  0
 Reaction Xsec    20.0+/19 @ 1 =   0.183 , Out:   0.000#   0.276#   0.183f

   S-matrix    2 =    0.99474   0.01437 for L=   19, J=   19.5 channel on core I =   1.5 from L=   19,  Acc. loss =  0.0 D.
 Elastic phase shift   2 =    0.414   0.148 deg. for the L =   19, J =   19.5 channel.
      20.0  0.99473960  0.01437207i: elastic S-matrix  @@      0.00  0   0 F  0
 Reaction Xsec    20.0+/19 @ 2 =   0.184 , Out:   0.000#   0.104#   0.184f

   S-matrix    3 =    0.99854   0.00386 for L=   21, J=   20.5 channel on core I =   1.5 from L=   21,  Acc. loss =  0.0 D.
 Elastic phase shift   3 =    0.111   0.042 deg. for the L =   21, J =   20.5 channel.
      20.0  0.99853624  0.00385696i: elastic S-matrix  @@      0.00  0   0 F  0
 Reaction Xsec    20.0+/21 @ 3 =   0.052 , Out:   0.000#   0.006#   0.052f

   S-matrix    4 =    0.99853   0.00492 for L=   21, J=   21.5 channel on core I =   1.5 from L=   21,  Acc. loss =  0.0 D.
 Elastic phase shift   4 =    0.141   0.042 deg. for the L =   21, J =   21.5 channel.
      20.0  0.99852855  0.00492099i: elastic S-matrix  @@      0.02  0   0 F  0
 Reaction Xsec    20.0+/21 @ 4 =   0.052 , Out:   0.000#   0.020#   0.052f


 Total SPIN, PARITY =    20.0 -,      4 chs,      0 cc.  Rmin & Coul turning =    1.6    6.8
   S-matrix    1 =    0.99006   0.02447 for L=   18, J=   18.5 channel on core I =   1.5 from L=   18,  Acc. loss =  0.0 D.
 Elastic phase shift   1 =    0.708   0.278 deg. for the L =   18, J =   18.5 channel.
      20.0  0.99005652  0.02447204i: elastic S-matrix  @@      0.00  0   0 F  0
 Reaction Xsec    20.0-/18 @ 1 =   0.344 , Out:   0.000#   0.000#   0.344f

   S-matrix    2 =    0.99724   0.00641 for L=   20, J=   19.5 channel on core I =   1.5 from L=   20,  Acc. loss =  0.0 D.
 Elastic phase shift   2 =    0.184   0.079 deg. for the L =   20, J =   19.5 channel.
      20.0  0.99724282  0.00641219i: elastic S-matrix  @@      0.00  0   0 F  0
 Reaction Xsec    20.0-/20 @ 2 =   0.098 , Out:   0.000#   0.000#   0.098f

   S-matrix    3 =    0.99722   0.00842 for L=   20, J=   20.5 channel on core I =   1.5 from L=   20,  Acc. loss =  0.0 D.
 Elastic phase shift   3 =    0.242   0.079 deg. for the L =   20, J =   20.5 channel.
      20.0  0.99721788  0.00841620i: elastic S-matrix  @@      0.00  0   0 F  0
 Reaction Xsec    20.0-/20 @ 3 =   0.098 , Out:   0.000#   0.000#   0.098f

   S-matrix    4 =    0.99922   0.00231 for L=   22, J=   21.5 channel on core I =   1.5 from L=   22,  Acc. loss =  0.0 D.
 Elastic phase shift   4 =    0.066   0.022 deg. for the L =   22, J =   21.5 channel.
      20.0  0.99922410  0.00231052i: elastic S-matrix  @@      0.00  0   0 F  0
 Reaction Xsec    20.0-/22 @ 4 =   0.028 , Out:   0.000#   0.000#   0.028f


 Total SPIN, PARITY =    21.0 +,      4 chs,      0 cc.  Rmin & Coul turning =    1.7    7.2
   S-matrix    1 =    0.99474   0.01437 for L=   19, J=   19.5 channel on core I =   1.5 from L=   19,  Acc. loss =  0.0 D.
 Elastic phase shift   1 =    0.414   0.148 deg. for the L =   19, J =   19.5 channel.
      21.0  0.99473960  0.01437207i: elastic S-matrix  @@      0.00  0   0 F  0
 Reaction Xsec    21.0+/19 @ 1 =   0.193 , Out:   0.000#   0.000#   0.193f

   S-matrix    2 =    0.99854   0.00386 for L=   21, J=   20.5 channel on core I =   1.5 from L=   21,  Acc. loss =  0.0 D.
 Elastic phase shift   2 =    0.111   0.042 deg. for the L =   21, J =   20.5 channel.
      21.0  0.99853624  0.00385696i: elastic S-matrix  @@      0.00  0   0 F  0
 Reaction Xsec    21.0+/21 @ 2 =   0.055 , Out:   0.000#   0.000#   0.055f

   S-matrix    3 =    0.99853   0.00492 for L=   21, J=   21.5 channel on core I =   1.5 from L=   21,  Acc. loss =  0.0 D.
 Elastic phase shift   3 =    0.141   0.042 deg. for the L =   21, J =   21.5 channel.
      21.0  0.99852855  0.00492099i: elastic S-matrix  @@      0.00  0   0 F  0
 Reaction Xsec    21.0+/21 @ 3 =   0.055 , Out:   0.000#   0.000#   0.055f

   S-matrix    4 =    0.99959   0.00138 for L=   23, J=   22.5 channel on core I =   1.5 from L=   23,  Acc. loss =  0.0 D.
 Elastic phase shift   4 =    0.040   0.012 deg. for the L =   23, J =   22.5 channel.
      21.0  0.99958912  0.00137978i: elastic S-matrix  @@      0.00  0   0 F  0
 Reaction Xsec    21.0+/23 @ 4 =   0.015 , Out:   0.000#   0.000#   0.015f


 Total SPIN, PARITY =    21.0 -,      5 chs,      0 cc.  Rmin & Coul turning =    1.7    7.2
   S-matrix    1 =    0.99724   0.00641 for L=   20, J=   19.5 channel on core I =   1.5 from L=   20,  Acc. loss =  0.0 D.
 Elastic phase shift   1 =    0.184   0.079 deg. for the L =   20, J =   19.5 channel.
      21.0  0.99724282  0.00641219i: elastic S-matrix  @@      0.02  0   0 F  0
 Reaction Xsec    21.0-/20 @ 1 =   0.103 , Out:   0.000#   0.754#   0.103f

   S-matrix    2 =    0.99722   0.00842 for L=   20, J=   20.5 channel on core I =   1.5 from L=   20,  Acc. loss =  0.0 D.
 Elastic phase shift   2 =    0.242   0.079 deg. for the L =   20, J =   20.5 channel.
      21.0  0.99721788  0.00841620i: elastic S-matrix  @@      0.00  0   0 F  0
 Reaction Xsec    21.0-/20 @ 2 =   0.103 , Out:   0.000#   0.279#   0.103f

   S-matrix    3 =    0.99922   0.00231 for L=   22, J=   21.5 channel on core I =   1.5 from L=   22,  Acc. loss =  0.0 D.
 Elastic phase shift   3 =    0.066   0.022 deg. for the L =   22, J =   21.5 channel.
      21.0  0.99922410  0.00231052i: elastic S-matrix  @@      0.00  0   0 F  0
 Reaction Xsec    21.0-/22 @ 3 =   0.029 , Out:   0.000#   0.001#   0.029f

   S-matrix    4 =    0.99922   0.00288 for L=   22, J=   22.5 channel on core I =   1.5 from L=   22,  Acc. loss =  0.0 D.
 Elastic phase shift   4 =    0.082   0.022 deg. for the L =   22, J =   22.5 channel.
      21.0  0.99922173  0.00287509i: elastic S-matrix  @@      0.02  0   0 F  0
 Reaction Xsec    21.0-/22 @ 4 =   0.029 , Out:   0.000#   0.004#   0.029f


 Total SPIN, PARITY =    22.0 +,      5 chs,      0 cc.  Rmin & Coul turning =    1.8    7.5
   S-matrix    1 =    0.99854   0.00386 for L=   21, J=   20.5 channel on core I =   1.5 from L=   21,  Acc. loss =  0.0 D.
 Elastic phase shift   1 =    0.111   0.042 deg. for the L =   21, J =   20.5 channel.
      22.0  0.99853624  0.00385696i: elastic S-matrix  @@      0.00  0   0 F  0
 Reaction Xsec    22.0+/21 @ 1 =   0.057 , Out:   0.000#   0.327#   0.057f

   S-matrix    2 =    0.99853   0.00492 for L=   21, J=   21.5 channel on core I =   1.5 from L=   21,  Acc. loss =  0.0 D.
 Elastic phase shift   2 =    0.141   0.042 deg. for the L =   21, J =   21.5 channel.
      22.0  0.99852855  0.00492099i: elastic S-matrix  @@      0.02  0   0 F  0
 Reaction Xsec    22.0+/21 @ 2 =   0.057 , Out:   0.000#   0.120#   0.057f

   S-matrix    3 =    0.99959   0.00138 for L=   23, J=   22.5 channel on core I =   1.5 from L=   23,  Acc. loss =  0.0 D.
 Elastic phase shift   3 =    0.040   0.012 deg. for the L =   23, J =   22.5 channel.
      22.0  0.99958912  0.00137978i: elastic S-matrix  @@      0.00  0   0 F  0
 Reaction Xsec    22.0+/23 @ 3 =   0.016 , Out:   0.000#   0.042#   0.016f

   S-matrix    4 =    0.99959   0.00168 for L=   23, J=   23.5 channel on core I =   1.5 from L=   23,  Acc. loss =  0.0 D.
 Elastic phase shift   4 =    0.048   0.012 deg. for the L =   23, J =   23.5 channel.
      22.0  0.99958840  0.00167915i: elastic S-matrix  @@      0.00  0   0 F  0
 Reaction Xsec    22.0+/23 @ 4 =   0.016 , Out:   0.000#   0.139#   0.016f


 Total SPIN, PARITY =    22.0 -,      4 chs,      0 cc.  Rmin & Coul turning =    1.8    7.5
   S-matrix    1 =    0.99722   0.00842 for L=   20, J=   20.5 channel on core I =   1.5 from L=   20,  Acc. loss =  0.0 D.
 Elastic phase shift   1 =    0.242   0.079 deg. for the L =   20, J =   20.5 channel.
      22.0  0.99721788  0.00841620i: elastic S-matrix  @@      0.02  0   0 F  0
 Reaction Xsec    22.0-/20 @ 1 =   0.108 , Out:   0.000#   0.000#   0.108f

   S-matrix    2 =    0.99922   0.00231 for L=   22, J=   21.5 channel on core I =   1.5 from L=   22,  Acc. loss =  0.0 D.
 Elastic phase shift   2 =    0.066   0.022 deg. for the L =   22, J =   21.5 channel.
      22.0  0.99922410  0.00231052i: elastic S-matrix  @@      0.00  0   0 F  0
 Reaction Xsec    22.0-/22 @ 2 =   0.030 , Out:   0.000#   0.000#   0.030f

   S-matrix    3 =    0.99922   0.00288 for L=   22, J=   22.5 channel on core I =   1.5 from L=   22,  Acc. loss =  0.0 D.
 Elastic phase shift   3 =    0.082   0.022 deg. for the L =   22, J =   22.5 channel.
      22.0  0.99922173  0.00287509i: elastic S-matrix  @@      0.00  0   0 F  0
 Reaction Xsec    22.0-/22 @ 3 =   0.030 , Out:   0.000#   0.000#   0.030f

   S-matrix    4 =    0.99978   0.00082 for L=   24, J=   23.5 channel on core I =   1.5 from L=   24,  Acc. loss =  0.0 D.
 Elastic phase shift   4 =    0.024   0.006 deg. for the L =   24, J =   23.5 channel.
      22.0  0.99978258  0.00082187i: elastic S-matrix  @@      0.00  0   0 F  0
 Reaction Xsec    22.0-/24 @ 4 =   8.542/, Out:   0.000#   0.000#   0.009f


 Total SPIN, PARITY =    23.0 +,      4 chs,      0 cc.  Rmin & Coul turning =    1.8    7.9
   S-matrix    1 =    0.99853   0.00492 for L=   21, J=   21.5 channel on core I =   1.5 from L=   21,  Acc. loss =  0.0 D.
 Elastic phase shift   1 =    0.141   0.042 deg. for the L =   21, J =   21.5 channel.
      23.0  0.99852855  0.00492099i: elastic S-matrix  @@      0.00  0   0 F  0
 Reaction Xsec    23.0+/21 @ 1 =   0.060 , Out:   0.000#   0.000#   0.060f

   S-matrix    2 =    0.99959   0.00138 for L=   23, J=   22.5 channel on core I =   1.5 from L=   23,  Acc. loss =  0.0 D.
 Elastic phase shift   2 =    0.040   0.012 deg. for the L =   23, J =   22.5 channel.
      23.0  0.99958912  0.00137978i: elastic S-matrix  @@      0.00  0   0 F  0
 Reaction Xsec    23.0+/23 @ 2 =   0.017 , Out:   0.000#   0.000#   0.017f

   S-matrix    3 =    0.99959   0.00168 for L=   23, J=   23.5 channel on core I =   1.5 from L=   23,  Acc. loss =  0.0 D.
 Elastic phase shift   3 =    0.048   0.012 deg. for the L =   23, J =   23.5 channel.
      23.0  0.99958840  0.00167915i: elastic S-matrix  @@      0.00  0   0 F  0
 Reaction Xsec    23.0+/23 @ 3 =   0.017 , Out:   0.000#   0.000#   0.017f

   S-matrix    4 =    0.99989   0.00049 for L=   25, J=   24.5 channel on core I =   1.5 from L=   25,  Acc. loss =  0.0 D.
 Elastic phase shift   4 =    0.014   0.003 deg. for the L =   25, J =   24.5 channel.
      23.0  0.99988503  0.00048853i: elastic S-matrix  @@      0.00  0   0 F  0
 Reaction Xsec    23.0+/25 @ 4 =   4.721/, Out:   0.000#   0.000#   0.005f


 Total SPIN, PARITY =    23.0 -,      5 chs,      0 cc.  Rmin & Coul turning =    1.8    7.9
   S-matrix    1 =    0.99922   0.00231 for L=   22, J=   21.5 channel on core I =   1.5 from L=   22,  Acc. loss =  0.0 D.
 Elastic phase shift   1 =    0.066   0.022 deg. for the L =   22, J =   21.5 channel.
      23.0  0.99922410  0.00231052i: elastic S-matrix  @@      0.00  0   0 F  0
 Reaction Xsec    23.0-/22 @ 1 =   0.032 , Out:   0.000#   0.071#   0.032f

   S-matrix    2 =    0.99922   0.00288 for L=   22, J=   22.5 channel on core I =   1.5 from L=   22,  Acc. loss =  0.0 D.
 Elastic phase shift   2 =    0.082   0.022 deg. for the L =   22, J =   22.5 channel.
      23.0  0.99922173  0.00287509i: elastic S-matrix  @@      0.02  0   0 F  0
 Reaction Xsec    23.0-/22 @ 2 =   0.032 , Out:   0.000#   0.026#   0.032f

   S-matrix    3 =    0.99978   0.00082 for L=   24, J=   23.5 channel on core I =   1.5 from L=   24,  Acc. loss =  0.0 D.
 Elastic phase shift   3 =    0.024   0.006 deg. for the L =   24, J =   23.5 channel.
      23.0  0.99978258  0.00082187i: elastic S-matrix  @@      0.00  0   0 F  0
 Reaction Xsec    23.0-/24 @ 3 =   8.922/, Out:   0.000#   0.057#   0.009f

   S-matrix    4 =    0.99978   0.00098 for L=   24, J=   24.5 channel on core I =   1.5 from L=   24,  Acc. loss =  0.0 D.
 Elastic phase shift   4 =    0.028   0.006 deg. for the L =   24, J =   24.5 channel.
      23.0  0.99978236  0.00098051i: elastic S-matrix  @@      0.02  0   0 F  0
 Reaction Xsec    23.0-/24 @ 4 =   8.925/, Out:   0.000#   0.186#   0.009f


 Total SPIN, PARITY =    24.0 +,      5 chs,      0 cc.  Rmin & Coul turning =    1.9    8.2
   S-matrix    1 =    0.99959   0.00138 for L=   23, J=   22.5 channel on core I =   1.5 from L=   23,  Acc. loss =  0.0 D.
 Elastic phase shift   1 =    0.040   0.012 deg. for the L =   23, J =   22.5 channel.
      24.0  0.99958912  0.00137978i: elastic S-matrix  @@      0.02  0   0 F  0
 Reaction Xsec    24.0+/23 @ 1 =   0.018 , Out:   0.000#   0.010#   0.018f

   S-matrix    2 =    0.99959   0.00168 for L=   23, J=   23.5 channel on core I =   1.5 from L=   23,  Acc. loss =  0.0 D.
 Elastic phase shift   2 =    0.048   0.012 deg. for the L =   23, J =   23.5 channel.
      24.0  0.99958840  0.00167915i: elastic S-matrix  @@      0.00  0   0 F  0
 Reaction Xsec    24.0+/23 @ 2 =   0.018 , Out:   0.000#   0.004#   0.018f

   S-matrix    3 =    0.99989   0.00049 for L=   25, J=   24.5 channel on core I =   1.5 from L=   25,  Acc. loss =  0.0 D.
 Elastic phase shift   3 =    0.014   0.003 deg. for the L =   25, J =   24.5 channel.
      24.0  0.99988503  0.00048853i: elastic S-matrix  @@      0.00  0   0 F  0
 Reaction Xsec    24.0+/25 @ 3 =   4.922/, Out:   0.000#   0.019#   0.005f

   S-matrix    4 =    0.99988   0.00057 for L=   25, J=   25.5 channel on core I =   1.5 from L=   25,  Acc. loss =  0.0 D.
 Elastic phase shift   4 =    0.016   0.003 deg. for the L =   25, J =   25.5 channel.
      24.0  0.99988496  0.00057254i: elastic S-matrix  @@      0.02  0   0 F  0
 Reaction Xsec    24.0+/25 @ 4 =   4.923/, Out:   0.000#   0.060#   0.005f


 Total SPIN, PARITY =    24.0 -,      4 chs,      0 cc.  Rmin & Coul turning =    1.9    8.2
   S-matrix    1 =    0.99922   0.00288 for L=   22, J=   22.5 channel on core I =   1.5 from L=   22,  Acc. loss =  0.0 D.
 Elastic phase shift   1 =    0.082   0.022 deg. for the L =   22, J =   22.5 channel.
      24.0  0.99922173  0.00287509i: elastic S-matrix  @@      0.00  0   0 F  0
 Reaction Xsec    24.0-/22 @ 1 =   0.033 , Out:   0.000#   0.000#   0.033f

   S-matrix    2 =    0.99978   0.00082 for L=   24, J=   23.5 channel on core I =   1.5 from L=   24,  Acc. loss =  0.0 D.
 Elastic phase shift   2 =    0.024   0.006 deg. for the L =   24, J =   23.5 channel.
      24.0  0.99978258  0.00082187i: elastic S-matrix  @@      0.00  0   0 F  0
 Reaction Xsec    24.0-/24 @ 2 =   9.302/, Out:   0.000#   0.000#   0.009f

   S-matrix    3 =    0.99978   0.00098 for L=   24, J=   24.5 channel on core I =   1.5 from L=   24,  Acc. loss =  0.0 D.
 Elastic phase shift   3 =    0.028   0.006 deg. for the L =   24, J =   24.5 channel.
      24.0  0.99978236  0.00098051i: elastic S-matrix  @@      0.00  0   0 F  0
 Reaction Xsec    24.0-/24 @ 3 =   9.305/, Out:   0.000#   0.000#   0.009f

   S-matrix    4 =    0.99994   0.00029 for L=   26, J=   25.5 channel on core I =   1.5 from L=   26,  Acc. loss =  0.0 D.
 Elastic phase shift   4 =    0.008   0.002 deg. for the L =   26, J =   25.5 channel.
      24.0  0.99993923  0.00028986i: elastic S-matrix  @@      0.00  0   0 F  0
 Reaction Xsec    24.0-/26 @ 4 =   2.602/, Out:   0.000#   0.000#   0.003f


 Total SPIN, PARITY =    25.0 +,      4 chs,      0 cc.  Rmin & Coul turning =    2.0    8.5
   S-matrix    1 =    0.99959   0.00168 for L=   23, J=   23.5 channel on core I =   1.5 from L=   23,  Acc. loss =  0.0 D.
 Elastic phase shift   1 =    0.048   0.012 deg. for the L =   23, J =   23.5 channel.
      25.0  0.99958840  0.00167915i: elastic S-matrix  @@      0.00  0   0 F  0
 Reaction Xsec    25.0+/23 @ 1 =   0.018 , Out:   0.000#   0.000#   0.018f

   S-matrix    2 =    0.99989   0.00049 for L=   25, J=   24.5 channel on core I =   1.5 from L=   25,  Acc. loss =  0.0 D.
 Elastic phase shift   2 =    0.014   0.003 deg. for the L =   25, J =   24.5 channel.
      25.0  0.99988503  0.00048853i: elastic S-matrix  @@      0.00  0   0 F  0
 Reaction Xsec    25.0+/25 @ 2 =   5.123/, Out:   0.000#   0.000#   0.005f

   S-matrix    3 =    0.99988   0.00057 for L=   25, J=   25.5 channel on core I =   1.5 from L=   25,  Acc. loss =  0.0 D.
 Elastic phase shift   3 =    0.016   0.003 deg. for the L =   25, J =   25.5 channel.
      25.0  0.99988496  0.00057254i: elastic S-matrix  @@      0.00  0   0 F  0
 Reaction Xsec    25.0+/25 @ 3 =   5.124/, Out:   0.000#   0.000#   0.005f

   S-matrix    4 =    0.99997   0.00017 for L=   27, J=   26.5 channel on core I =   1.5 from L=   27,  Acc. loss =  0.0 D.
 Elastic phase shift   4 =    0.005   0.001 deg. for the L =   27, J =   26.5 channel.
      25.0  0.99996790  0.00017173i: elastic S-matrix  @@      0.00  0   0 F  0
 Reaction Xsec    25.0+/27 @ 4 =   1.431/, Out:   0.000#   0.000#   0.001f


 Total SPIN, PARITY =    25.0 -,      5 chs,      0 cc.  Rmin & Coul turning =    2.0    8.5
   S-matrix    1 =    0.99978   0.00082 for L=   24, J=   23.5 channel on core I =   1.5 from L=   24,  Acc. loss =  0.0 D.
 Elastic phase shift   1 =    0.024   0.006 deg. for the L =   24, J =   23.5 channel.
      25.0  0.99978258  0.00082187i: elastic S-matrix  @@      0.02  0   0 F  0
 Reaction Xsec    25.0-/24 @ 1 =   9.681/, Out:   0.000#   0.034#   0.010f

   S-matrix    2 =    0.99978   0.00098 for L=   24, J=   24.5 channel on core I =   1.5 from L=   24,  Acc. loss =  0.0 D.
 Elastic phase shift   2 =    0.028   0.006 deg. for the L =   24, J =   24.5 channel.
      25.0  0.99978236  0.00098051i: elastic S-matrix  @@      0.00  0   0 F  0
 Reaction Xsec    25.0-/24 @ 2 =   9.685/, Out:   0.000#   0.012#   0.010f

   S-matrix    3 =    0.99994   0.00029 for L=   26, J=   25.5 channel on core I =   1.5 from L=   26,  Acc. loss =  0.0 D.
 Elastic phase shift   3 =    0.008   0.002 deg. for the L =   26, J =   25.5 channel.
      25.0  0.99993923  0.00028986i: elastic S-matrix  @@      0.00  0   0 F  0
 Reaction Xsec    25.0-/26 @ 3 =   2.708/, Out:   0.000#   0.003#   0.003f

   S-matrix    4 =    0.99994   0.00033 for L=   26, J=   26.5 channel on core I =   1.5 from L=   26,  Acc. loss =  0.0 D.
 Elastic phase shift   4 =    0.010   0.002 deg. for the L =   26, J =   26.5 channel.
      25.0  0.99993921  0.00033432i: elastic S-matrix  @@      0.02  0   0 F  0
 Reaction Xsec    25.0-/26 @ 4 =   2.709/, Out:   0.000#   0.009#   0.003f


 Total SPIN, PARITY =    26.0 +,      5 chs,      0 cc.  Rmin & Coul turning =    2.1    8.9
   S-matrix    1 =    0.99989   0.00049 for L=   25, J=   24.5 channel on core I =   1.5 from L=   25,  Acc. loss =  0.0 D.
 Elastic phase shift   1 =    0.014   0.003 deg. for the L =   25, J =   24.5 channel.
      26.0  0.99988503  0.00048853i: elastic S-matrix  @@      0.02  0   0 F  0
 Reaction Xsec    26.0+/25 @ 1 =   5.323/, Out:   0.000#   0.023#   0.005f

   S-matrix    2 =    0.99988   0.00057 for L=   25, J=   25.5 channel on core I =   1.5 from L=   25,  Acc. loss =  0.0 D.
 Elastic phase shift   2 =    0.016   0.003 deg. for the L =   25, J =   25.5 channel.
      26.0  0.99988496  0.00057254i: elastic S-matrix  @@      0.00  0   0 F  0
 Reaction Xsec    26.0+/25 @ 2 =   5.325/, Out:   0.000#   0.008#   0.005f

   S-matrix    3 =    0.99997   0.00017 for L=   27, J=   26.5 channel on core I =   1.5 from L=   27,  Acc. loss =  0.0 D.
 Elastic phase shift   3 =    0.005   0.001 deg. for the L =   27, J =   26.5 channel.
      26.0  0.99996790  0.00017173i: elastic S-matrix  @@      0.00  0   0 F  0
 Reaction Xsec    26.0+/27 @ 3 =   1.487/, Out:   0.000#   0.000#   0.001f

   S-matrix    4 =    0.99997   0.00020 for L=   27, J=   27.5 channel on core I =   1.5 from L=   27,  Acc. loss =  0.0 D.
 Elastic phase shift   4 =    0.006   0.001 deg. for the L =   27, J =   27.5 channel.
      26.0  0.99996790  0.00019524i: elastic S-matrix  @@      0.02  0   0 F  0
 Reaction Xsec    26.0+/27 @ 4 =   1.487/, Out:   0.000#   0.001#   0.001f


 Total SPIN, PARITY =    26.0 -,      4 chs,      0 cc.  Rmin & Coul turning =    2.1    8.9
   S-matrix    1 =    0.99978   0.00098 for L=   24, J=   24.5 channel on core I =   1.5 from L=   24,  Acc. loss =  0.0 D.
 Elastic phase shift   1 =    0.028   0.006 deg. for the L =   24, J =   24.5 channel.
      26.0  0.99978236  0.00098051i: elastic S-matrix  @@      0.00  0   0 F  0
 Reaction Xsec    26.0-/24 @ 1 =   0.010 , Out:   0.000#   0.000#   0.010f

   S-matrix    2 =    0.99994   0.00029 for L=   26, J=   25.5 channel on core I =   1.5 from L=   26,  Acc. loss =  0.0 D.
 Elastic phase shift   2 =    0.008   0.002 deg. for the L =   26, J =   25.5 channel.
      26.0  0.99993923  0.00028986i: elastic S-matrix  @@      0.00  0   0 F  0
 Reaction Xsec    26.0-/26 @ 2 =   2.815/, Out:   0.000#   0.000#   0.003f

   S-matrix    3 =    0.99994   0.00033 for L=   26, J=   26.5 channel on core I =   1.5 from L=   26,  Acc. loss =  0.0 D.
 Elastic phase shift   3 =    0.010   0.002 deg. for the L =   26, J =   26.5 channel.
      26.0  0.99993921  0.00033432i: elastic S-matrix  @@      0.00  0   0 F  0
 Reaction Xsec    26.0-/26 @ 3 =   2.815/, Out:   0.000#   0.000#   0.003f

   S-matrix    4 =    0.99998   0.00010 for L=   28, J=   27.5 channel on core I =   1.5 from L=   28,  Acc. loss =  0.0 D.
 Elastic phase shift   4 =    0.003   0.000 deg. for the L =   28, J =   27.5 channel.
      26.0  0.99998305  0.00010162i: elastic S-matrix  @@      0.00  0   0 F  0
 Reaction Xsec    26.0-/28 @ 4 =   0.785/, Out:   0.000#   0.000#   0.001f


 Total SPIN, PARITY =    27.0 +,      4 chs,      0 cc.  Rmin & Coul turning =    2.1    9.2
   S-matrix    1 =    0.99988   0.00057 for L=   25, J=   25.5 channel on core I =   1.5 from L=   25,  Acc. loss =  0.0 D.
 Elastic phase shift   1 =    0.016   0.003 deg. for the L =   25, J =   25.5 channel.
      27.0  0.99988496  0.00057254i: elastic S-matrix  @@      0.00  0   0 F  0
 Reaction Xsec    27.0+/25 @ 1 =   5.525/, Out:   0.000#   0.000#   0.006f

   S-matrix    2 =    0.99997   0.00017 for L=   27, J=   26.5 channel on core I =   1.5 from L=   27,  Acc. loss =  0.0 D.
 Elastic phase shift   2 =    0.005   0.001 deg. for the L =   27, J =   26.5 channel.
      27.0  0.99996790  0.00017173i: elastic S-matrix  @@      0.00  0   0 F  0
 Reaction Xsec    27.0+/27 @ 2 =   1.543/, Out:   0.000#   0.000#   0.002f

   S-matrix    3 =    0.99997   0.00020 for L=   27, J=   27.5 channel on core I =   1.5 from L=   27,  Acc. loss =  0.0 D.
 Elastic phase shift   3 =    0.006   0.001 deg. for the L =   27, J =   27.5 channel.
      27.0  0.99996790  0.00019524i: elastic S-matrix  @@      0.00  0   0 F  0
 Reaction Xsec    27.0+/27 @ 3 =   1.543/, Out:   0.000#   0.000#   0.002f

   S-matrix    4 =    0.99999   0.00006 for L=   29, J=   28.5 channel on core I =   1.5 from L=   29,  Acc. loss =  0.0 D.
 Elastic phase shift   4 =    0.002   0.000 deg. for the L =   29, J =   28.5 channel.
      27.0  0.99999106  0.00006006i: elastic S-matrix  @@      0.00  0   0 F  0
 Reaction Xsec    27.0+/29 @ 4 =   0.430/, Out:   0.000#   0.000#   0.000f


 Total SPIN, PARITY =    27.0 -,      5 chs,      0 cc.  Rmin & Coul turning =    2.1    9.2
   S-matrix    1 =    0.99994   0.00029 for L=   26, J=   25.5 channel on core I =   1.5 from L=   26,  Acc. loss =  0.0 D.
 Elastic phase shift   1 =    0.008   0.002 deg. for the L =   26, J =   25.5 channel.
      27.0  0.99993923  0.00028986i: elastic S-matrix  @@      0.02  0   0 F  0
 Reaction Xsec    27.0-/26 @ 1 =   2.921/, Out:   0.000#   0.007#   0.003f

   S-matrix    2 =    0.99994   0.00033 for L=   26, J=   26.5 channel on core I =   1.5 from L=   26,  Acc. loss =  0.0 D.
 Elastic phase shift   2 =    0.010   0.002 deg. for the L =   26, J =   26.5 channel.
      27.0  0.99993921  0.00033432i: elastic S-matrix  @@      0.00  0   0 F  0
 Reaction Xsec    27.0-/26 @ 2 =   2.921/, Out:   0.000#   0.003#   0.003f

   S-matrix    3 =    0.99998   0.00010 for L=   28, J=   27.5 channel on core I =   1.5 from L=   28,  Acc. loss =  0.0 D.
 Elastic phase shift   3 =    0.003   0.000 deg. for the L =   28, J =   27.5 channel.
      27.0  0.99998305  0.00010162i: elastic S-matrix  @@      0.00  0   0 F  0
 Reaction Xsec    27.0-/28 @ 3 =   0.815/, Out:   0.000#   0.000#   0.001f

   S-matrix    4 =    0.99998   0.00011 for L=   28, J=   28.5 channel on core I =   1.5 from L=   28,  Acc. loss =  0.0 D.
 Elastic phase shift   4 =    0.003   0.000 deg. for the L =   28, J =   28.5 channel.
      27.0  0.99998305  0.00011405i: elastic S-matrix  @@      0.02  0   0 F  0
 Reaction Xsec    27.0-/28 @ 4 =   0.815/, Out:   0.000#   0.000#   0.001f


 Total SPIN, PARITY =    28.0 +,      5 chs,      0 cc.  Rmin & Coul turning =    2.2    9.5
   S-matrix    1 =    0.99997   0.00017 for L=   27, J=   26.5 channel on core I =   1.5 from L=   27,  Acc. loss =  0.0 D.
 Elastic phase shift   1 =    0.005   0.001 deg. for the L =   27, J =   26.5 channel.
      28.0  0.99996790  0.00017173i: elastic S-matrix  @@      0.02  0   0 F  0
 Reaction Xsec    28.0+/27 @ 1 =   1.599/, Out:   0.000#   0.002#   0.002f

   S-matrix    2 =    0.99997   0.00020 for L=   27, J=   27.5 channel on core I =   1.5 from L=   27,  Acc. loss =  0.0 D.
 Elastic phase shift   2 =    0.006   0.001 deg. for the L =   27, J =   27.5 channel.
      28.0  0.99996790  0.00019524i: elastic S-matrix  @@      0.00  0   0 F  0
 Reaction Xsec    28.0+/27 @ 2 =   1.599/, Out:   0.000#   0.001#   0.002f

   S-matrix    3 =    0.99999   0.00006 for L=   29, J=   28.5 channel on core I =   1.5 from L=   29,  Acc. loss =  0.0 D.
 Elastic phase shift   3 =    0.002   0.000 deg. for the L =   29, J =   28.5 channel.
      28.0  0.99999106  0.00006006i: elastic S-matrix  @@      0.00  0   0 F  0
 Reaction Xsec    28.0+/29 @ 3 =   0.446/, Out:   0.000#   0.000#   0.000f

   S-matrix    4 =    0.99999   0.00007 for L=   29, J=   29.5 channel on core I =   1.5 from L=   29,  Acc. loss =  0.0 D.
 Elastic phase shift   4 =    0.002   0.000 deg. for the L =   29, J =   29.5 channel.
      28.0  0.99999106  0.00006663i: elastic S-matrix  @@      0.02  0   0 F  0
 Reaction Xsec    28.0+/29 @ 4 =   0.446/, Out:   0.000#   0.000#   0.000f


 Total SPIN, PARITY =    28.0 -,      4 chs,      0 cc.  Rmin & Coul turning =    2.2    9.5
   S-matrix    1 =    0.99994   0.00033 for L=   26, J=   26.5 channel on core I =   1.5 from L=   26,  Acc. loss =  0.0 D.
 Elastic phase shift   1 =    0.010   0.002 deg. for the L =   26, J =   26.5 channel.
      28.0  0.99993921  0.00033432i: elastic S-matrix  @@      0.00  0   0 F  0
 Reaction Xsec    28.0-/26 @ 1 =   3.027/, Out:   0.000#   0.000#   0.003f

   S-matrix    2 =    0.99998   0.00010 for L=   28, J=   27.5 channel on core I =   1.5 from L=   28,  Acc. loss =  0.0 D.
 Elastic phase shift   2 =    0.003   0.000 deg. for the L =   28, J =   27.5 channel.
      28.0  0.99998305  0.00010162i: elastic S-matrix  @@      0.00  0   0 F  0
 Reaction Xsec    28.0-/28 @ 2 =   0.845/, Out:   0.000#   0.000#   0.001f

   S-matrix    3 =    0.99998   0.00011 for L=   28, J=   28.5 channel on core I =   1.5 from L=   28,  Acc. loss =  0.0 D.
 Elastic phase shift   3 =    0.003   0.000 deg. for the L =   28, J =   28.5 channel.
      28.0  0.99998305  0.00011405i: elastic S-matrix  @@      0.00  0   0 F  0
 Reaction Xsec    28.0-/28 @ 3 =   0.845/, Out:   0.000#   0.000#   0.001f

   S-matrix    4 =    1.00000   0.00004 for L=   30, J=   29.5 channel on core I =   1.5 from L=   30,  Acc. loss =  0.0 D.
 Elastic phase shift   4 =    0.001   0.000 deg. for the L =   30, J =   29.5 channel.
      28.0  0.99999528  0.00003549i: elastic S-matrix  @@      0.00  0   0 F  0
 Reaction Xsec    28.0-/30 @ 4 =   0.235/, Out:   0.000#   0.000#   0.000f


 Total SPIN, PARITY =    29.0 +,      4 chs,      0 cc.  Rmin & Coul turning =    2.3    9.9
   S-matrix    1 =    0.99997   0.00020 for L=   27, J=   27.5 channel on core I =   1.5 from L=   27,  Acc. loss =  0.0 D.
 Elastic phase shift   1 =    0.006   0.001 deg. for the L =   27, J =   27.5 channel.
      29.0  0.99996790  0.00019524i: elastic S-matrix  @@      0.00  0   0 F  0
 Reaction Xsec    29.0+/27 @ 1 =   1.656/, Out:   0.000#   0.000#   0.002f

   S-matrix    2 =    0.99999   0.00006 for L=   29, J=   28.5 channel on core I =   1.5 from L=   29,  Acc. loss =  0.0 D.
 Elastic phase shift   2 =    0.002   0.000 deg. for the L =   29, J =   28.5 channel.
      29.0  0.99999106  0.00006006i: elastic S-matrix  @@      0.00  0   0 F  0
 Reaction Xsec    29.0+/29 @ 2 =   0.461/, Out:   0.000#   0.000#   0.000f

   S-matrix    3 =    0.99999   0.00007 for L=   29, J=   29.5 channel on core I =   1.5 from L=   29,  Acc. loss =  0.0 D.
 Elastic phase shift   3 =    0.002   0.000 deg. for the L =   29, J =   29.5 channel.
      29.0  0.99999106  0.00006663i: elastic S-matrix  @@      0.00  0   0 F  0
 Reaction Xsec    29.0+/29 @ 3 =   0.461/, Out:   0.000#   0.000#   0.000f

   S-matrix    4 =    1.00000   0.00002 for L=   31, J=   30.5 channel on core I =   1.5 from L=   31,  Acc. loss =  0.0 D.
 Elastic phase shift   4 =    0.001   0.000 deg. for the L =   31, J =   30.5 channel.
      29.0  0.99999751  0.00002096i: elastic S-matrix  @@      0.00  0   0 F  0
 Reaction Xsec    29.0+/31 @ 4 =   0.128/, Out:   0.000#   0.000#   0.000f


 Total SPIN, PARITY =    29.0 -,      5 chs,      0 cc.  Rmin & Coul turning =    2.3    9.9
   S-matrix    1 =    0.99998   0.00010 for L=   28, J=   27.5 channel on core I =   1.5 from L=   28,  Acc. loss =  0.0 D.
 Elastic phase shift   1 =    0.003   0.000 deg. for the L =   28, J =   27.5 channel.
      29.0  0.99998305  0.00010162i: elastic S-matrix  @@      0.02  0   0 F  0
 Reaction Xsec    29.0-/28 @ 1 =   0.874/, Out:   0.000#   0.000#   0.001f

   S-matrix    2 =    0.99998   0.00011 for L=   28, J=   28.5 channel on core I =   1.5 from L=   28,  Acc. loss =  0.0 D.
 Elastic phase shift   2 =    0.003   0.000 deg. for the L =   28, J =   28.5 channel.
      29.0  0.99998305  0.00011405i: elastic S-matrix  @@      0.00  0   0 F  0
 Reaction Xsec    29.0-/28 @ 2 =   0.874/, Out:   0.000#   0.000#   0.001f

   S-matrix    3 =    1.00000   0.00004 for L=   30, J=   29.5 channel on core I =   1.5 from L=   30,  Acc. loss =  0.0 D.
 Elastic phase shift   3 =    0.001   0.000 deg. for the L =   30, J =   29.5 channel.
      29.0  0.99999528  0.00003549i: elastic S-matrix  @@      0.00  0   0 F  0
 Reaction Xsec    29.0-/30 @ 3 =   0.243/, Out:   0.000#   0.000#   0.000f

   S-matrix    4 =    1.00000   0.00004 for L=   30, J=   30.5 channel on core I =   1.5 from L=   30,  Acc. loss =  0.0 D.
 Elastic phase shift   4 =    0.001   0.000 deg. for the L =   30, J =   30.5 channel.
      29.0  0.99999528  0.00003896i: elastic S-matrix  @@      0.02  0   0 F  0
 Reaction Xsec    29.0-/30 @ 4 =   0.243/, Out:   0.000#   0.000#   0.000f


 Total SPIN, PARITY =    30.0 +,      5 chs,      0 cc.  Rmin & Coul turning =    2.4   10.2
   S-matrix    1 =    0.99999   0.00006 for L=   29, J=   28.5 channel on core I =   1.5 from L=   29,  Acc. loss =  0.0 D.
 Elastic phase shift   1 =    0.002   0.000 deg. for the L =   29, J =   28.5 channel.
      30.0  0.99999106  0.00006006i: elastic S-matrix  @@      0.02  0   0 F  0
 Reaction Xsec    30.0+/29 @ 1 =   0.477/, Out:   0.000#   0.000#   0.000f

   S-matrix    2 =    0.99999   0.00007 for L=   29, J=   29.5 channel on core I =   1.5 from L=   29,  Acc. loss =  0.0 D.
 Elastic phase shift   2 =    0.002   0.000 deg. for the L =   29, J =   29.5 channel.
      30.0  0.99999106  0.00006663i: elastic S-matrix  @@      0.00  0   0 F  0
 Reaction Xsec    30.0+/29 @ 2 =   0.477/, Out:   0.000#   0.000#   0.000f

   S-matrix    3 =    1.00000   0.00002 for L=   31, J=   30.5 channel on core I =   1.5 from L=   31,  Acc. loss =  0.0 D.
 Elastic phase shift   3 =    0.001   0.000 deg. for the L =   31, J =   30.5 channel.
      30.0  0.99999751  0.00002096i: elastic S-matrix  @@      0.00  0   0 F  0
 Reaction Xsec    30.0+/31 @ 3 =   0.133/, Out:   0.000#   0.000#   0.000f

   S-matrix    4 =    1.00000   0.00002 for L=   31, J=   31.5 channel on core I =   1.5 from L=   31,  Acc. loss =  0.0 D.
 Elastic phase shift   4 =    0.001   0.000 deg. for the L =   31, J =   31.5 channel.
      30.0  0.99999751  0.00002279i: elastic S-matrix  @@      0.02  0   0 F  0
 Reaction Xsec    30.0+/31 @ 4 =   0.133/, Out:   0.000#   0.000#   0.000f


 Total SPIN, PARITY =    30.0 -,      4 chs,      0 cc.  Rmin & Coul turning =    2.4   10.2
   S-matrix    1 =    0.99998   0.00011 for L=   28, J=   28.5 channel on core I =   1.5 from L=   28,  Acc. loss =  0.0 D.
 Elastic phase shift   1 =    0.003   0.000 deg. for the L =   28, J =   28.5 channel.
      30.0  0.99998305  0.00011405i: elastic S-matrix  @@      0.00  0   0 F  0
 Reaction Xsec    30.0-/28 @ 1 =   0.904/, Out:   0.000#   0.000#   0.001f

   S-matrix    2 =    1.00000   0.00004 for L=   30, J=   29.5 channel on core I =   1.5 from L=   30,  Acc. loss =  0.0 D.
 Elastic phase shift   2 =    0.001   0.000 deg. for the L =   30, J =   29.5 channel.
      30.0  0.99999528  0.00003549i: elastic S-matrix  @@      0.00  0   0 F  0
 Reaction Xsec    30.0-/30 @ 2 =   0.252/, Out:   0.000#   0.000#   0.000f

   S-matrix    3 =    1.00000   0.00004 for L=   30, J=   30.5 channel on core I =   1.5 from L=   30,  Acc. loss =  0.0 D.
 Elastic phase shift   3 =    0.001   0.000 deg. for the L =   30, J =   30.5 channel.
      30.0  0.99999528  0.00003896i: elastic S-matrix  @@      0.00  0   0 F  0
 Reaction Xsec    30.0-/30 @ 3 =   0.252/, Out:   0.000#   0.000#   0.000f

   S-matrix    4 =    1.00000   0.00001 for L=   32, J=   31.5 channel on core I =   1.5 from L=   32,  Acc. loss =  0.0 D.
 Elastic phase shift   4 =    0.000   0.000 deg. for the L =   32, J =   31.5 channel.
      30.0  0.99999869  0.00001238i: elastic S-matrix  @@      0.00  0   0 F  0
 Reaction Xsec    30.0-/32 @ 4 =   0.070/, Out:   0.000#   0.000#   0.000f


 Total SPIN, PARITY =    31.0 +,      4 chs,      0 cc.  Rmin & Coul turning =    2.5   10.5
   S-matrix    1 =    0.99999   0.00007 for L=   29, J=   29.5 channel on core I =   1.5 from L=   29,  Acc. loss =  0.0 D.
 Elastic phase shift   1 =    0.002   0.000 deg. for the L =   29, J =   29.5 channel.
      31.0  0.99999106  0.00006663i: elastic S-matrix  @@      0.00  0   0 F  0
 Reaction Xsec    31.0+/29 @ 1 =   0.493/, Out:   0.000#   0.000#   0.000f

   S-matrix    2 =    1.00000   0.00002 for L=   31, J=   30.5 channel on core I =   1.5 from L=   31,  Acc. loss =  0.0 D.
 Elastic phase shift   2 =    0.001   0.000 deg. for the L =   31, J =   30.5 channel.
      31.0  0.99999751  0.00002096i: elastic S-matrix  @@      0.00  0   0 F  0
 Reaction Xsec    31.0+/31 @ 2 =   0.137/, Out:   0.000#   0.000#   0.000f

   S-matrix    3 =    1.00000   0.00002 for L=   31, J=   31.5 channel on core I =   1.5 from L=   31,  Acc. loss =  0.0 D.
 Elastic phase shift   3 =    0.001   0.000 deg. for the L =   31, J =   31.5 channel.
      31.0  0.99999751  0.00002279i: elastic S-matrix  @@      0.00  0   0 F  0
 Reaction Xsec    31.0+/31 @ 3 =   0.137/, Out:   0.000#   0.000#   0.000f

   S-matrix    4 =    1.00000   0.00001 for L=   33, J=   32.5 channel on core I =   1.5 from L=   33,  Acc. loss =  0.0 D.
 Elastic phase shift   4 =    0.000   0.000 deg. for the L =   33, J =   32.5 channel.
      31.0  0.99999931  0.00000734i: elastic S-matrix  @@      0.00  0   0 F  0
 Reaction Xsec    31.0+/33 @ 4 =   0.038/, Out:   0.000#   0.000#   0.000f


 Total SPIN, PARITY =    31.0 -,      5 chs,      0 cc.  Rmin & Coul turning =    2.5   10.5
   S-matrix    1 =    1.00000   0.00004 for L=   30, J=   29.5 channel on core I =   1.5 from L=   30,  Acc. loss =  0.0 D.
 Elastic phase shift   1 =    0.001   0.000 deg. for the L =   30, J =   29.5 channel.
      31.0  0.99999528  0.00003549i: elastic S-matrix  @@      0.02  0   0 F  0
 Reaction Xsec    31.0-/30 @ 1 =   0.260/, Out:   0.000#   0.000#   0.000f

   S-matrix    2 =    1.00000   0.00004 for L=   30, J=   30.5 channel on core I =   1.5 from L=   30,  Acc. loss =  0.0 D.
 Elastic phase shift   2 =    0.001   0.000 deg. for the L =   30, J =   30.5 channel.
      31.0  0.99999528  0.00003896i: elastic S-matrix  @@      0.00  0   0 F  0
 Reaction Xsec    31.0-/30 @ 2 =   0.260/, Out:   0.000#   0.000#   0.000f

   S-matrix    3 =    1.00000   0.00001 for L=   32, J=   31.5 channel on core I =   1.5 from L=   32,  Acc. loss =  0.0 D.
 Elastic phase shift   3 =    0.000   0.000 deg. for the L =   32, J =   31.5 channel.
      31.0  0.99999869  0.00001238i: elastic S-matrix  @@      0.00  0   0 F  0
 Reaction Xsec    31.0-/32 @ 3 =   0.072/, Out:   0.000#   0.000#   0.000f

   S-matrix    4 =    1.00000   0.00001 for L=   32, J=   32.5 channel on core I =   1.5 from L=   32,  Acc. loss =  0.0 D.
 Elastic phase shift   4 =    0.000   0.000 deg. for the L =   32, J =   32.5 channel.
      31.0  0.99999869  0.00001335i: elastic S-matrix  @@      0.02  0   0 F  0
 Reaction Xsec    31.0-/32 @ 4 =   0.072/, Out:   0.000#   0.000#   0.000f


 Total SPIN, PARITY =    32.0 +,      5 chs,      0 cc.  Rmin & Coul turning =    2.6   10.9
   S-matrix    1 =    1.00000   0.00002 for L=   31, J=   30.5 channel on core I =   1.5 from L=   31,  Acc. loss =  0.0 D.
 Elastic phase shift   1 =    0.001   0.000 deg. for the L =   31, J =   30.5 channel.
      32.0  0.99999751  0.00002096i: elastic S-matrix  @@      0.02  0   0 F  0
 Reaction Xsec    32.0+/31 @ 1 =   0.141/, Out:   0.000#   0.000#   0.000f

   S-matrix    2 =    1.00000   0.00002 for L=   31, J=   31.5 channel on core I =   1.5 from L=   31,  Acc. loss =  0.0 D.
 Elastic phase shift   2 =    0.001   0.000 deg. for the L =   31, J =   31.5 channel.
      32.0  0.99999751  0.00002279i: elastic S-matrix  @@      0.00  0   0 F  0
 Reaction Xsec    32.0+/31 @ 2 =   0.141/, Out:   0.000#   0.000#   0.000f

   S-matrix    3 =    1.00000   0.00001 for L=   33, J=   32.5 channel on core I =   1.5 from L=   33,  Acc. loss =  0.0 D.
 Elastic phase shift   3 =    0.000   0.000 deg. for the L =   33, J =   32.5 channel.
      32.0  0.99999931  0.00000734i: elastic S-matrix  @@      0.00  0   0 F  0
 Reaction Xsec    32.0+/33 @ 3 =   0.039/, Out:   0.000#   0.000#   0.000f

   S-matrix    4 =    1.00000   0.00001 for L=   33, J=   33.5 channel on core I =   1.5 from L=   33,  Acc. loss =  0.0 D.
 Elastic phase shift   4 =    0.000   0.000 deg. for the L =   33, J =   33.5 channel.
      32.0  0.99999931  0.00000784i: elastic S-matrix  @@      0.02  0   0 F  0
 Reaction Xsec    32.0+/33 @ 4 =   0.039/, Out:   0.000#   0.000#   0.000f


 Total SPIN, PARITY =    32.0 -,      4 chs,      0 cc.  Rmin & Coul turning =    2.6   10.9
   S-matrix    1 =    1.00000   0.00004 for L=   30, J=   30.5 channel on core I =   1.5 from L=   30,  Acc. loss =  0.0 D.
 Elastic phase shift   1 =    0.001   0.000 deg. for the L =   30, J =   30.5 channel.
      32.0  0.99999528  0.00003896i: elastic S-matrix  @@      0.00  0   0 F  0
 Reaction Xsec    32.0-/30 @ 1 =   0.268/, Out:   0.000#   0.000#   0.000f

   S-matrix    2 =    1.00000   0.00001 for L=   32, J=   31.5 channel on core I =   1.5 from L=   32,  Acc. loss =  0.0 D.
 Elastic phase shift   2 =    0.000   0.000 deg. for the L =   32, J =   31.5 channel.
      32.0  0.99999869  0.00001238i: elastic S-matrix  @@      0.00  0   0 F  0
 Reaction Xsec    32.0-/32 @ 2 =   0.074/, Out:   0.000#   0.000#   0.000f

   S-matrix    3 =    1.00000   0.00001 for L=   32, J=   32.5 channel on core I =   1.5 from L=   32,  Acc. loss =  0.0 D.
 Elastic phase shift   3 =    0.000   0.000 deg. for the L =   32, J =   32.5 channel.
      32.0  0.99999869  0.00001335i: elastic S-matrix  @@      0.00  0   0 F  0
 Reaction Xsec    32.0-/32 @ 3 =   0.074/, Out:   0.000#   0.000#   0.000f

   S-matrix    4 =    1.00000   0.00000 for L=   34, J=   33.5 channel on core I =   1.5 from L=   34,  Acc. loss =  0.0 D.
 Elastic phase shift   4 =    0.000   0.000 deg. for the L =   34, J =   33.5 channel.
      32.0  0.99999964  0.00000434i: elastic S-matrix  @@      0.00  0   0 F  0
 Reaction Xsec    32.0-/34 @ 4 =   0.021/, Out:   0.000#   0.000#   0.000f


 Total SPIN, PARITY =    33.0 +,      4 chs,      0 cc.  Rmin & Coul turning =    2.6   11.2
   S-matrix    1 =    1.00000   0.00002 for L=   31, J=   31.5 channel on core I =   1.5 from L=   31,  Acc. loss =  0.0 D.
 Elastic phase shift   1 =    0.001   0.000 deg. for the L =   31, J =   31.5 channel.
      33.0  0.99999751  0.00002279i: elastic S-matrix  @@      0.00  0   0 F  0
 Reaction Xsec    33.0+/31 @ 1 =   0.146/, Out:   0.000#   0.000#   0.000f

   S-matrix    2 =    1.00000   0.00001 for L=   33, J=   32.5 channel on core I =   1.5 from L=   33,  Acc. loss =  0.0 D.
 Elastic phase shift   2 =    0.000   0.000 deg. for the L =   33, J =   32.5 channel.
      33.0  0.99999931  0.00000734i: elastic S-matrix  @@      0.00  0   0 F  0
 Reaction Xsec    33.0+/33 @ 2 =   0.040/, Out:   0.000#   0.000#   0.000f

   S-matrix    3 =    1.00000   0.00001 for L=   33, J=   33.5 channel on core I =   1.5 from L=   33,  Acc. loss =  0.0 D.
 Elastic phase shift   3 =    0.000   0.000 deg. for the L =   33, J =   33.5 channel.
      33.0  0.99999931  0.00000784i: elastic S-matrix  @@      0.00  0   0 F  0
 Reaction Xsec    33.0+/33 @ 3 =   0.040/, Out:   0.000#   0.000#   0.000f

   S-matrix    4 =    1.00000   0.00000 for L=   35, J=   34.5 channel on core I =   1.5 from L=   35,  Acc. loss =  0.0 D.
 Elastic phase shift   4 =    0.000   0.000 deg. for the L =   35, J =   34.5 channel.
      33.0  0.99999981  0.00000259i: elastic S-matrix  @@      0.00  0   0 F  0
 Reaction Xsec    33.0+/35 @ 4 =   0.011/, Out:   0.000#   0.000#   0.000f


 Total SPIN, PARITY =    33.0 -,      5 chs,      0 cc.  Rmin & Coul turning =    2.6   11.2
   S-matrix    1 =    1.00000   0.00001 for L=   32, J=   31.5 channel on core I =   1.5 from L=   32,  Acc. loss =  0.0 D.
 Elastic phase shift   1 =    0.000   0.000 deg. for the L =   32, J =   31.5 channel.
      33.0  0.99999869  0.00001238i: elastic S-matrix  @@      0.02  0   0 F  0
 Reaction Xsec    33.0-/32 @ 1 =   0.077/, Out:   0.000#   0.000#   0.000f

   S-matrix    2 =    1.00000   0.00001 for L=   32, J=   32.5 channel on core I =   1.5 from L=   32,  Acc. loss =  0.0 D.
 Elastic phase shift   2 =    0.000   0.000 deg. for the L =   32, J =   32.5 channel.
      33.0  0.99999869  0.00001335i: elastic S-matrix  @@      0.00  0   0 F  0
 Reaction Xsec    33.0-/32 @ 2 =   0.077/, Out:   0.000#   0.000#   0.000f

   S-matrix    3 =    1.00000   0.00000 for L=   34, J=   33.5 channel on core I =   1.5 from L=   34,  Acc. loss =  0.0 D.
 Elastic phase shift   3 =    0.000   0.000 deg. for the L =   34, J =   33.5 channel.
      33.0  0.99999964  0.00000434i: elastic S-matrix  @@      0.00  0   0 F  0
 Reaction Xsec    33.0-/34 @ 3 =   0.021/, Out:   0.000#   0.000#   0.000f

   S-matrix    4 =    1.00000   0.00000 for L=   34, J=   34.5 channel on core I =   1.5 from L=   34,  Acc. loss =  0.0 D.
 Elastic phase shift   4 =    0.000   0.000 deg. for the L =   34, J =   34.5 channel.
      33.0  0.99999964  0.00000461i: elastic S-matrix  @@      0.02  0   0 F  0
 Reaction Xsec    33.0-/34 @ 4 =   0.021/, Out:   0.000#   0.000#   0.000f


 Total SPIN, PARITY =    34.0 +,      5 chs,      0 cc.  Rmin & Coul turning =    2.7   11.5
   S-matrix    1 =    1.00000   0.00001 for L=   33, J=   32.5 channel on core I =   1.5 from L=   33,  Acc. loss =  0.0 D.
 Elastic phase shift   1 =    0.000   0.000 deg. for the L =   33, J =   32.5 channel.
      34.0  0.99999931  0.00000734i: elastic S-matrix  @@      0.02  0   0 F  0
 Reaction Xsec    34.0+/33 @ 1 =   0.042/, Out:   0.000#   0.000#   0.000f

   S-matrix    2 =    1.00000   0.00001 for L=   33, J=   33.5 channel on core I =   1.5 from L=   33,  Acc. loss =  0.0 D.
 Elastic phase shift   2 =    0.000   0.000 deg. for the L =   33, J =   33.5 channel.
      34.0  0.99999931  0.00000784i: elastic S-matrix  @@      0.00  0   0 F  0
 Reaction Xsec    34.0+/33 @ 2 =   0.042/, Out:   0.000#   0.000#   0.000f

   S-matrix    3 =    1.00000   0.00000 for L=   35, J=   34.5 channel on core I =   1.5 from L=   35,  Acc. loss =  0.0 D.
 Elastic phase shift   3 =    0.000   0.000 deg. for the L =   35, J =   34.5 channel.
      34.0  0.99999981  0.00000259i: elastic S-matrix  @@      0.00  0   0 F  0
 Reaction Xsec    34.0+/35 @ 3 =   0.012/, Out:   0.000#   0.000#   0.000f

   S-matrix    4 =    1.00000   0.00000 for L=   35, J=   35.5 channel on core I =   1.5 from L=   35,  Acc. loss =  0.0 D.
 Elastic phase shift   4 =    0.000   0.000 deg. for the L =   35, J =   35.5 channel.
      34.0  0.99999981  0.00000273i: elastic S-matrix  @@      0.02  0   0 F  0
 Reaction Xsec    34.0+/35 @ 4 =   0.012/, Out:   0.000#   0.000#   0.000f


 Total SPIN, PARITY =    34.0 -,      4 chs,      0 cc.  Rmin & Coul turning =    2.7   11.5
   S-matrix    1 =    1.00000   0.00001 for L=   32, J=   32.5 channel on core I =   1.5 from L=   32,  Acc. loss =  0.0 D.
 Elastic phase shift   1 =    0.000   0.000 deg. for the L =   32, J =   32.5 channel.
      34.0  0.99999869  0.00001335i: elastic S-matrix  @@      0.00  0   0 F  0
 Reaction Xsec    34.0-/32 @ 1 =   0.079/, Out:   0.000#   0.000#   0.000f

   S-matrix    2 =    1.00000   0.00000 for L=   34, J=   33.5 channel on core I =   1.5 from L=   34,  Acc. loss =  0.0 D.
 Elastic phase shift   2 =    0.000   0.000 deg. for the L =   34, J =   33.5 channel.
      34.0  0.99999964  0.00000434i: elastic S-matrix  @@      0.00  0   0 F  0
 Reaction Xsec    34.0-/34 @ 2 =   0.022/, Out:   0.000#   0.000#   0.000f

   S-matrix    3 =    1.00000   0.00000 for L=   34, J=   34.5 channel on core I =   1.5 from L=   34,  Acc. loss =  0.0 D.
 Elastic phase shift   3 =    0.000   0.000 deg. for the L =   34, J =   34.5 channel.
      34.0  0.99999964  0.00000461i: elastic S-matrix  @@      0.00  0   0 F  0
 Reaction Xsec    34.0-/34 @ 3 =   0.022/, Out:   0.000#   0.000#   0.000f

   S-matrix    4 =    1.00000   0.00000 for L=   36, J=   35.5 channel on core I =   1.5 from L=   36,  Acc. loss =  0.0 D.
 Elastic phase shift   4 =    0.000   0.000 deg. for the L =   36, J =   35.5 channel.
      34.0  0.99999990  0.00000157i: elastic S-matrix  @@      0.00  0   0 F  0
 Reaction Xsec    34.0-/36 @ 4 =   6.072#, Out:   0.000#   0.000#   0.000f


 Total SPIN, PARITY =    35.0 +,      4 chs,      0 cc.  Rmin & Coul turning =    2.8   11.9
   S-matrix    1 =    1.00000   0.00001 for L=   33, J=   33.5 channel on core I =   1.5 from L=   33,  Acc. loss =  0.0 D.
 Elastic phase shift   1 =    0.000   0.000 deg. for the L =   33, J =   33.5 channel.
      35.0  0.99999931  0.00000784i: elastic S-matrix  @@      0.00  0   0 F  0
 Reaction Xsec    35.0+/33 @ 1 =   0.043/, Out:   0.000#   0.000#   0.000f

   S-matrix    2 =    1.00000   0.00000 for L=   35, J=   34.5 channel on core I =   1.5 from L=   35,  Acc. loss =  0.0 D.
 Elastic phase shift   2 =    0.000   0.000 deg. for the L =   35, J =   34.5 channel.
      35.0  0.99999981  0.00000259i: elastic S-matrix  @@      0.00  0   0 F  0
 Reaction Xsec    35.0+/35 @ 2 =   0.012/, Out:   0.000#   0.000#   0.000f

   S-matrix    3 =    1.00000   0.00000 for L=   35, J=   35.5 channel on core I =   1.5 from L=   35,  Acc. loss =  0.0 D.
 Elastic phase shift   3 =    0.000   0.000 deg. for the L =   35, J =   35.5 channel.
      35.0  0.99999981  0.00000273i: elastic S-matrix  @@      0.00  0   0 F  0
 Reaction Xsec    35.0+/35 @ 3 =   0.012/, Out:   0.000#   0.000#   0.000f

   S-matrix    4 =    1.00000   0.00000 for L=   37, J=   36.5 channel on core I =   1.5 from L=   37,  Acc. loss =  0.0 D.
 Elastic phase shift   4 =    0.000   0.000 deg. for the L =   37, J =   36.5 channel.
      35.0  0.99999995  0.00000094i: elastic S-matrix  @@      0.00  0   0 F  0
 Reaction Xsec    35.0+/37 @ 4 =   3.286#, Out:   0.000#   0.000#   0.000f


 Total SPIN, PARITY =    35.0 -,      5 chs,      0 cc.  Rmin & Coul turning =    2.8   11.9
   S-matrix    1 =    1.00000   0.00000 for L=   34, J=   33.5 channel on core I =   1.5 from L=   34,  Acc. loss =  0.0 D.
 Elastic phase shift   1 =    0.000   0.000 deg. for the L =   34, J =   33.5 channel.
      35.0  0.99999964  0.00000434i: elastic S-matrix  @@      0.02  0   0 F  0
 Reaction Xsec    35.0-/34 @ 1 =   0.023/, Out:   0.000#   0.000#   0.000f

   S-matrix    2 =    1.00000   0.00000 for L=   34, J=   34.5 channel on core I =   1.5 from L=   34,  Acc. loss =  0.0 D.
 Elastic phase shift   2 =    0.000   0.000 deg. for the L =   34, J =   34.5 channel.
      35.0  0.99999964  0.00000461i: elastic S-matrix  @@      0.00  0   0 F  0
 Reaction Xsec    35.0-/34 @ 2 =   0.023/, Out:   0.000#   0.000#   0.000f

   S-matrix    3 =    1.00000   0.00000 for L=   36, J=   35.5 channel on core I =   1.5 from L=   36,  Acc. loss =  0.0 D.
 Elastic phase shift   3 =    0.000   0.000 deg. for the L =   36, J =   35.5 channel.
      35.0  0.99999990  0.00000157i: elastic S-matrix  @@      0.00  0   0 F  0
 Reaction Xsec    35.0-/36 @ 3 =   6.248#, Out:   0.000#   0.000#   0.000f

   S-matrix    4 =    1.00000   0.00000 for L=   36, J=   36.5 channel on core I =   1.5 from L=   36,  Acc. loss =  0.0 D.
 Elastic phase shift   4 =    0.000   0.000 deg. for the L =   36, J =   36.5 channel.
      35.0  0.99999990  0.00000164i: elastic S-matrix  @@      0.02  0   0 F  0
 Reaction Xsec    35.0-/36 @ 4 =   6.248#, Out:   0.000#   0.000#   0.000f


 Total SPIN, PARITY =    36.0 +,      5 chs,      0 cc.  Rmin & Coul turning =    2.9   12.2
   S-matrix    1 =    1.00000   0.00000 for L=   35, J=   34.5 channel on core I =   1.5 from L=   35,  Acc. loss =  0.0 D.
 Elastic phase shift   1 =    0.000   0.000 deg. for the L =   35, J =   34.5 channel.
      36.0  0.99999981  0.00000259i: elastic S-matrix  @@      0.02  0   0 F  0
 Reaction Xsec    36.0+/35 @ 1 =   0.012/, Out:   0.000#   0.000#   0.000f

   S-matrix    2 =    1.00000   0.00000 for L=   35, J=   35.5 channel on core I =   1.5 from L=   35,  Acc. loss =  0.0 D.
 Elastic phase shift   2 =    0.000   0.000 deg. for the L =   35, J =   35.5 channel.
      36.0  0.99999981  0.00000273i: elastic S-matrix  @@      0.00  0   0 F  0
 Reaction Xsec    36.0+/35 @ 2 =   0.012/, Out:   0.000#   0.000#   0.000f

   S-matrix    3 =    1.00000   0.00000 for L=   37, J=   36.5 channel on core I =   1.5 from L=   37,  Acc. loss =  0.0 D.
 Elastic phase shift   3 =    0.000   0.000 deg. for the L =   37, J =   36.5 channel.
      36.0  0.99999995  0.00000094i: elastic S-matrix  @@      0.00  0   0 F  0
 Reaction Xsec    36.0+/37 @ 3 =   3.379#, Out:   0.000#   0.000#   0.000f

   S-matrix    4 =    1.00000   0.00000 for L=   37, J=   37.5 channel on core I =   1.5 from L=   37,  Acc. loss =  0.0 D.
 Elastic phase shift   4 =    0.000   0.000 deg. for the L =   37, J =   37.5 channel.
      36.0  0.99999995  0.00000098i: elastic S-matrix  @@      0.02  0   0 F  0
 Reaction Xsec    36.0+/37 @ 4 =   3.379#, Out:   0.000#   0.000#   0.000f


 Total SPIN, PARITY =    36.0 -,      4 chs,      0 cc.  Rmin & Coul turning =    2.9   12.2
   S-matrix    1 =    1.00000   0.00000 for L=   34, J=   34.5 channel on core I =   1.5 from L=   34,  Acc. loss =  0.0 D.
 Elastic phase shift   1 =    0.000   0.000 deg. for the L =   34, J =   34.5 channel.
      36.0  0.99999964  0.00000461i: elastic S-matrix  @@      0.00  0   0 F  0
 Reaction Xsec    36.0-/34 @ 1 =   0.023/, Out:   0.000#   0.000#   0.000f

   S-matrix    2 =    1.00000   0.00000 for L=   36, J=   35.5 channel on core I =   1.5 from L=   36,  Acc. loss =  0.0 D.
 Elastic phase shift   2 =    0.000   0.000 deg. for the L =   36, J =   35.5 channel.
      36.0  0.99999990  0.00000157i: elastic S-matrix  @@      0.00  0   0 F  0
 Reaction Xsec    36.0-/36 @ 2 =   6.424#, Out:   0.000#   0.000#   0.000f

   S-matrix    3 =    1.00000   0.00000 for L=   36, J=   36.5 channel on core I =   1.5 from L=   36,  Acc. loss =  0.0 D.
 Elastic phase shift   3 =    0.000   0.000 deg. for the L =   36, J =   36.5 channel.
      36.0  0.99999990  0.00000164i: elastic S-matrix  @@      0.00  0   0 F  0
 Reaction Xsec    36.0-/36 @ 3 =   6.424#, Out:   0.000#   0.000#   0.000f

   S-matrix    4 =    1.00000   0.00000 for L=   38, J=   37.5 channel on core I =   1.5 from L=   38,  Acc. loss =  0.0 D.
 Elastic phase shift   4 =    0.000   0.000 deg. for the L =   38, J =   37.5 channel.
      36.0  0.99999997  0.00000060i: elastic S-matrix  @@      0.00  0   0 F  0
 Reaction Xsec    36.0-/38 @ 4 =   1.776#, Out:   0.000#   0.000#   0.000f


 Total SPIN, PARITY =    37.0 +,      4 chs,      0 cc.  Rmin & Coul turning =    3.0   12.5
   S-matrix    1 =    1.00000   0.00000 for L=   35, J=   35.5 channel on core I =   1.5 from L=   35,  Acc. loss =  0.0 D.
 Elastic phase shift   1 =    0.000   0.000 deg. for the L =   35, J =   35.5 channel.
      37.0  0.99999981  0.00000273i: elastic S-matrix  @@      0.00  0   0 F  0
 Reaction Xsec    37.0+/35 @ 1 =   0.013/, Out:   0.000#   0.000#   0.000f

   S-matrix    2 =    1.00000   0.00000 for L=   37, J=   36.5 channel on core I =   1.5 from L=   37,  Acc. loss =  0.0 D.
 Elastic phase shift   2 =    0.000   0.000 deg. for the L =   37, J =   36.5 channel.
      37.0  0.99999995  0.00000094i: elastic S-matrix  @@      0.00  0   0 F  0
 Reaction Xsec    37.0+/37 @ 2 =   3.471#, Out:   0.000#   0.000#   0.000f

   S-matrix    3 =    1.00000   0.00000 for L=   37, J=   37.5 channel on core I =   1.5 from L=   37,  Acc. loss =  0.0 D.
 Elastic phase shift   3 =    0.000   0.000 deg. for the L =   37, J =   37.5 channel.
      37.0  0.99999995  0.00000098i: elastic S-matrix  @@      0.00  0   0 F  0
 Reaction Xsec    37.0+/37 @ 3 =   3.471#, Out:   0.000#   0.000#   0.000f

   S-matrix    4 =    1.00000   0.00000 for L=   39, J=   38.5 channel on core I =   1.5 from L=   39,  Acc. loss =  0.0 D.
 Elastic phase shift   4 =    0.000   0.000 deg. for the L =   39, J =   38.5 channel.
      37.0  0.99999999  0.00000038i: elastic S-matrix  @@      0.00  0   0 F  0
 Reaction Xsec    37.0+/39 @ 4 =   0.959#, Out:   0.000#   0.000#   0.000f


 Total SPIN, PARITY =    37.0 -,      5 chs,      0 cc.  Rmin & Coul turning =    3.0   12.5
   S-matrix    1 =    1.00000   0.00000 for L=   36, J=   35.5 channel on core I =   1.5 from L=   36,  Acc. loss =  0.0 D.
 Elastic phase shift   1 =    0.000   0.000 deg. for the L =   36, J =   35.5 channel.
      37.0  0.99999990  0.00000157i: elastic S-matrix  @@      0.02  0   0 F  0
 Reaction Xsec    37.0-/36 @ 1 =   6.600#, Out:   0.000#   0.000#   0.000f

   S-matrix    2 =    1.00000   0.00000 for L=   36, J=   36.5 channel on core I =   1.5 from L=   36,  Acc. loss =  0.0 D.
 Elastic phase shift   2 =    0.000   0.000 deg. for the L =   36, J =   36.5 channel.
      37.0  0.99999990  0.00000164i: elastic S-matrix  @@      0.00  0   0 F  0
 Reaction Xsec    37.0-/36 @ 2 =   6.600#, Out:   0.000#   0.000#   0.000f

   S-matrix    3 =    1.00000   0.00000 for L=   38, J=   37.5 channel on core I =   1.5 from L=   38,  Acc. loss =  0.0 D.
 Elastic phase shift   3 =    0.000   0.000 deg. for the L =   38, J =   37.5 channel.
      37.0  0.99999997  0.00000060i: elastic S-matrix  @@      0.00  0   0 F  0
 Reaction Xsec    37.0-/38 @ 3 =   1.825#, Out:   0.000#   0.000#   0.000f

   S-matrix    4 =    1.00000   0.00000 for L=   38, J=   38.5 channel on core I =   1.5 from L=   38,  Acc. loss =  0.0 D.
 Elastic phase shift   4 =    0.000   0.000 deg. for the L =   38, J =   38.5 channel.
      37.0  0.99999997  0.00000062i: elastic S-matrix  @@      0.02  0   0 F  0
 Reaction Xsec    37.0-/38 @ 4 =   1.825#, Out:   0.000#   0.000#   0.000f


 Total SPIN, PARITY =    38.0 +,      5 chs,      0 cc.  Rmin & Coul turning =    3.0   12.9
   S-matrix    1 =    1.00000   0.00000 for L=   37, J=   36.5 channel on core I =   1.5 from L=   37,  Acc. loss =  0.0 D.
 Elastic phase shift   1 =    0.000   0.000 deg. for the L =   37, J =   36.5 channel.
      38.0  0.99999995  0.00000094i: elastic S-matrix  @@      0.02  0   0 F  0
 Reaction Xsec    38.0+/37 @ 1 =   3.564#, Out:   0.000#   0.000#   0.000f

   S-matrix    2 =    1.00000   0.00000 for L=   37, J=   37.5 channel on core I =   1.5 from L=   37,  Acc. loss =  0.0 D.
 Elastic phase shift   2 =    0.000   0.000 deg. for the L =   37, J =   37.5 channel.
      38.0  0.99999995  0.00000098i: elastic S-matrix  @@      0.00  0   0 F  0
 Reaction Xsec    38.0+/37 @ 2 =   3.564#, Out:   0.000#   0.000#   0.000f

   S-matrix    3 =    1.00000   0.00000 for L=   39, J=   38.5 channel on core I =   1.5 from L=   39,  Acc. loss =  0.0 D.
 Elastic phase shift   3 =    0.000   0.000 deg. for the L =   39, J =   38.5 channel.
      38.0  0.99999999  0.00000038i: elastic S-matrix  @@      0.00  0   0 F  0
 Reaction Xsec    38.0+/39 @ 3 =   0.985#, Out:   0.000#   0.000#   0.000f

   S-matrix    4 =    1.00000   0.00000 for L=   39, J=   39.5 channel on core I =   1.5 from L=   39,  Acc. loss =  0.0 D.
 Elastic phase shift   4 =    0.000   0.000 deg. for the L =   39, J =   39.5 channel.
      38.0  0.99999999  0.00000039i: elastic S-matrix  @@      0.02  0   0 F  0
 Reaction Xsec    38.0+/39 @ 4 =   0.985#, Out:   0.000#   0.000#   0.000f


 Total SPIN, PARITY =    38.0 -,      4 chs,      0 cc.  Rmin & Coul turning =    3.0   12.9
   S-matrix    1 =    1.00000   0.00000 for L=   36, J=   36.5 channel on core I =   1.5 from L=   36,  Acc. loss =  0.0 D.
 Elastic phase shift   1 =    0.000   0.000 deg. for the L =   36, J =   36.5 channel.
      38.0  0.99999990  0.00000164i: elastic S-matrix  @@      0.00  0   0 F  0
 Reaction Xsec    38.0-/36 @ 1 =   6.776#, Out:   0.000#   0.000#   0.000f

   S-matrix    2 =    1.00000   0.00000 for L=   38, J=   37.5 channel on core I =   1.5 from L=   38,  Acc. loss =  0.0 D.
 Elastic phase shift   2 =    0.000   0.000 deg. for the L =   38, J =   37.5 channel.
      38.0  0.99999997  0.00000060i: elastic S-matrix  @@      0.00  0   0 F  0
 Reaction Xsec    38.0-/38 @ 2 =   1.874#, Out:   0.000#   0.000#   0.000f

   S-matrix    3 =    1.00000   0.00000 for L=   38, J=   38.5 channel on core I =   1.5 from L=   38,  Acc. loss =  0.0 D.
 Elastic phase shift   3 =    0.000   0.000 deg. for the L =   38, J =   38.5 channel.
      38.0  0.99999997  0.00000062i: elastic S-matrix  @@      0.00  0   0 F  0
 Reaction Xsec    38.0-/38 @ 3 =   1.874#, Out:   0.000#   0.000#   0.000f

   S-matrix    4 =    1.00000   0.00000 for L=   40, J=   39.5 channel on core I =   1.5 from L=   40,  Acc. loss =  0.0 D.
 Elastic phase shift   4 =    0.000   0.000 deg. for the L =   40, J =   39.5 channel.
      38.0  0.99999999  0.00000024i: elastic S-matrix  @@      0.00  0   0 F  0
 Reaction Xsec    38.0-/40 @ 4 =   0.518#, Out:   0.000#   0.000#   0.000f


 Total SPIN, PARITY =    39.0 +,      4 chs,      0 cc.  Rmin & Coul turning =    3.1   13.2
   S-matrix    1 =    1.00000   0.00000 for L=   37, J=   37.5 channel on core I =   1.5 from L=   37,  Acc. loss =  0.0 D.
 Elastic phase shift   1 =    0.000   0.000 deg. for the L =   37, J =   37.5 channel.
      39.0  0.99999995  0.00000098i: elastic S-matrix  @@      0.00  0   0 F  0
 Reaction Xsec    39.0+/37 @ 1 =   3.657#, Out:   0.000#   0.000#   0.000f

   S-matrix    2 =    1.00000   0.00000 for L=   39, J=   38.5 channel on core I =   1.5 from L=   39,  Acc. loss =  0.0 D.
 Elastic phase shift   2 =    0.000   0.000 deg. for the L =   39, J =   38.5 channel.
      39.0  0.99999999  0.00000038i: elastic S-matrix  @@      0.00  0   0 F  0
 Reaction Xsec    39.0+/39 @ 2 =   1.010#, Out:   0.000#   0.000#   0.000f

   S-matrix    3 =    1.00000   0.00000 for L=   39, J=   39.5 channel on core I =   1.5 from L=   39,  Acc. loss =  0.0 D.
 Elastic phase shift   3 =    0.000   0.000 deg. for the L =   39, J =   39.5 channel.
      39.0  0.99999999  0.00000039i: elastic S-matrix  @@      0.00  0   0 F  0
 Reaction Xsec    39.0+/39 @ 3 =   1.010#, Out:   0.000#   0.000#   0.000f

   S-matrix    4 =    1.00000   0.00000 for L=   41, J=   40.5 channel on core I =   1.5 from L=   41,  Acc. loss =  0.0 D.
 Elastic phase shift   4 =    0.000   0.000 deg. for the L =   41, J =   40.5 channel.
      39.0  1.00000000  0.00000018i: elastic S-matrix  @@      0.00  0   0 F  0
 Reaction Xsec    39.0+/41 @ 4 =   0.279#, Out:   0.000#   0.000#   0.000f


 Total SPIN, PARITY =    39.0 -,      5 chs,      0 cc.  Rmin & Coul turning =    3.1   13.2
   S-matrix    1 =    1.00000   0.00000 for L=   38, J=   37.5 channel on core I =   1.5 from L=   38,  Acc. loss =  0.0 D.
 Elastic phase shift   1 =    0.000   0.000 deg. for the L =   38, J =   37.5 channel.
      39.0  0.99999997  0.00000060i: elastic S-matrix  @@      0.02  0   0 F  0
 Reaction Xsec    39.0-/38 @ 1 =   1.922#, Out:   0.000#   0.000#   0.000f

   S-matrix    2 =    1.00000   0.00000 for L=   38, J=   38.5 channel on core I =   1.5 from L=   38,  Acc. loss =  0.0 D.
 Elastic phase shift   2 =    0.000   0.000 deg. for the L =   38, J =   38.5 channel.
      39.0  0.99999997  0.00000062i: elastic S-matrix  @@      0.00  0   0 F  0
 Reaction Xsec    39.0-/38 @ 2 =   1.922#, Out:   0.000#   0.000#   0.000f

   S-matrix    3 =    1.00000   0.00000 for L=   40, J=   39.5 channel on core I =   1.5 from L=   40,  Acc. loss =  0.0 D.
 Elastic phase shift   3 =    0.000   0.000 deg. for the L =   40, J =   39.5 channel.
      39.0  0.99999999  0.00000024i: elastic S-matrix  @@      0.00  0   0 F  0
 Reaction Xsec    39.0-/40 @ 3 =   0.531#, Out:   0.000#   0.000#   0.000f

   S-matrix    4 =    1.00000   0.00000 for L=   40, J=   40.5 channel on core I =   1.5 from L=   40,  Acc. loss =  0.0 D.
 Elastic phase shift   4 =    0.000   0.000 deg. for the L =   40, J =   40.5 channel.
      39.0  0.99999999  0.00000025i: elastic S-matrix  @@      0.00  0   0 F  0
 Reaction Xsec    39.0-/40 @ 4 =   0.531#, Out:   0.000#   0.000#   0.000f


 Total SPIN, PARITY =    40.0 +,      5 chs,      0 cc.  Rmin & Coul turning =    3.2   13.5
   S-matrix    1 =    1.00000   0.00000 for L=   39, J=   38.5 channel on core I =   1.5 from L=   39,  Acc. loss =  0.0 D.
 Elastic phase shift   1 =    0.000   0.000 deg. for the L =   39, J =   38.5 channel.
      40.0  0.99999999  0.00000038i: elastic S-matrix  @@      0.02  0   0 F  0
 Reaction Xsec    40.0+/39 @ 1 =   1.036#, Out:   0.000#   0.000#   0.000f

   S-matrix    2 =    1.00000   0.00000 for L=   39, J=   39.5 channel on core I =   1.5 from L=   39,  Acc. loss =  0.0 D.
 Elastic phase shift   2 =    0.000   0.000 deg. for the L =   39, J =   39.5 channel.
      40.0  0.99999999  0.00000039i: elastic S-matrix  @@      0.02  0   0 F  0
 Reaction Xsec    40.0+/39 @ 2 =   1.036#, Out:   0.000#   0.000#   0.000f

   S-matrix    3 =    1.00000   0.00000 for L=   41, J=   40.5 channel on core I =   1.5 from L=   41,  Acc. loss =  0.0 D.
 Elastic phase shift   3 =    0.000   0.000 deg. for the L =   41, J =   40.5 channel.
      40.0  1.00000000  0.00000018i: elastic S-matrix  @@      0.00  0   0 F  0
 Reaction Xsec    40.0+/41 @ 3 =   0.286#, Out:   0.000#   0.000#   0.000f

   S-matrix    4 =    1.00000   0.00000 for L=   41, J=   41.5 channel on core I =   1.5 from L=   41,  Acc. loss =  0.0 D.
 Elastic phase shift   4 =    0.000   0.000 deg. for the L =   41, J =   41.5 channel.
      40.0  1.00000000  0.00000019i: elastic S-matrix  @@      0.00  0   0 F  0
 Reaction Xsec    40.0+/41 @ 4 =   0.286#, Out:   0.000#   0.000#   0.000f


 Total SPIN, PARITY =    40.0 -,      4 chs,      0 cc.  Rmin & Coul turning =    3.2   13.5
   S-matrix    1 =    1.00000   0.00000 for L=   38, J=   38.5 channel on core I =   1.5 from L=   38,  Acc. loss =  0.0 D.
 Elastic phase shift   1 =    0.000   0.000 deg. for the L =   38, J =   38.5 channel.
      40.0  0.99999997  0.00000062i: elastic S-matrix  @@      0.00  0   0 F  0
 Reaction Xsec    40.0-/38 @ 1 =   1.971#, Out:   0.000#   0.000#   0.000f

   S-matrix    2 =    1.00000   0.00000 for L=   40, J=   39.5 channel on core I =   1.5 from L=   40,  Acc. loss =  0.0 D.
 Elastic phase shift   2 =    0.000   0.000 deg. for the L =   40, J =   39.5 channel.
      40.0  0.99999999  0.00000024i: elastic S-matrix  @@      0.00  0   0 F  0
 Reaction Xsec    40.0-/40 @ 2 =   0.544#, Out:   0.000#   0.000#   0.000f

   S-matrix    3 =    1.00000   0.00000 for L=   40, J=   40.5 channel on core I =   1.5 from L=   40,  Acc. loss =  0.0 D.
 Elastic phase shift   3 =    0.000   0.000 deg. for the L =   40, J =   40.5 channel.
      40.0  0.99999999  0.00000025i: elastic S-matrix  @@      0.00  0   0 F  0
 Reaction Xsec    40.0-/40 @ 3 =   0.544#, Out:   0.000#   0.000#   0.000f

   S-matrix    4 =    1.00000   0.00000 for L=   42, J=   41.5 channel on core I =   1.5 from L=   42,  Acc. loss =  0.0 D.
 Elastic phase shift   4 =    0.000   0.000 deg. for the L =   42, J =   41.5 channel.
      40.0  1.00000000  0.00000013i: elastic S-matrix  @@      0.00  0   0 F  0
 Reaction Xsec    40.0-/42 @ 4 =   0.150#, Out:   0.000#   0.000#   0.000f


 Total SPIN, PARITY =    41.0 +,      4 chs,      0 cc.  Rmin & Coul turning =    3.2   13.9
   S-matrix    1 =    1.00000   0.00000 for L=   39, J=   39.5 channel on core I =   1.5 from L=   39,  Acc. loss =  0.0 D.
 Elastic phase shift   1 =    0.000   0.000 deg. for the L =   39, J =   39.5 channel.
      41.0  0.99999999  0.00000039i: elastic S-matrix  @@      0.00  0   0 F  0
 Reaction Xsec    41.0+/39 @ 1 =   1.062#, Out:   0.000#   0.000#   0.000f

   S-matrix    2 =    1.00000   0.00000 for L=   41, J=   40.5 channel on core I =   1.5 from L=   41,  Acc. loss =  0.0 D.
 Elastic phase shift   2 =    0.000   0.000 deg. for the L =   41, J =   40.5 channel.
      41.0  1.00000000  0.00000018i: elastic S-matrix  @@      0.00  0   0 F  0
 Reaction Xsec    41.0+/41 @ 2 =   0.293#, Out:   0.000#   0.000#   0.000f

   S-matrix    3 =    1.00000   0.00000 for L=   41, J=   41.5 channel on core I =   1.5 from L=   41,  Acc. loss =  0.0 D.
 Elastic phase shift   3 =    0.000   0.000 deg. for the L =   41, J =   41.5 channel.
      41.0  1.00000000  0.00000019i: elastic S-matrix  @@      0.00  0   0 F  0
 Reaction Xsec    41.0+/41 @ 3 =   0.293#, Out:   0.000#   0.000#   0.000f

   S-matrix    4 =    1.00000   0.00000 for L=   43, J=   42.5 channel on core I =   1.5 from L=   43,  Acc. loss =  0.0 D.
 Elastic phase shift   4 =    0.000   0.000 deg. for the L =   43, J =   42.5 channel.
      41.0  1.00000000  0.00000009i: elastic S-matrix  @@      0.00  0   0 F  0
 Reaction Xsec    41.0+/43 @ 4 =   0.081#, Out:   0.000#   0.000#   0.000f


 Total SPIN, PARITY =    41.0 -,      5 chs,      0 cc.  Rmin & Coul turning =    3.2   13.9
   S-matrix    1 =    1.00000   0.00000 for L=   40, J=   39.5 channel on core I =   1.5 from L=   40,  Acc. loss =  0.0 D.
 Elastic phase shift   1 =    0.000   0.000 deg. for the L =   40, J =   39.5 channel.
      41.0  0.99999999  0.00000024i: elastic S-matrix  @@      0.02  0   0 F  0
 Reaction Xsec    41.0-/40 @ 1 =   0.558#, Out:   0.000#   0.000#   0.000f

   S-matrix    2 =    1.00000   0.00000 for L=   40, J=   40.5 channel on core I =   1.5 from L=   40,  Acc. loss =  0.0 D.
 Elastic phase shift   2 =    0.000   0.000 deg. for the L =   40, J =   40.5 channel.
      41.0  0.99999999  0.00000025i: elastic S-matrix  @@      0.02  0   0 F  0
 Reaction Xsec    41.0-/40 @ 2 =   0.558#, Out:   0.000#   0.000#   0.000f

   S-matrix    3 =    1.00000   0.00000 for L=   42, J=   41.5 channel on core I =   1.5 from L=   42,  Acc. loss =  0.0 D.
 Elastic phase shift   3 =    0.000   0.000 deg. for the L =   42, J =   41.5 channel.
      41.0  1.00000000  0.00000013i: elastic S-matrix  @@      0.00  0   0 F  0
 Reaction Xsec    41.0-/42 @ 3 =   0.154#, Out:   0.000#   0.000#   0.000f

   S-matrix    4 =    1.00000   0.00000 for L=   42, J=   42.5 channel on core I =   1.5 from L=   42,  Acc. loss =  0.0 D.
 Elastic phase shift   4 =    0.000   0.000 deg. for the L =   42, J =   42.5 channel.
      41.0  1.00000000  0.00000013i: elastic S-matrix  @@      0.00  0   0 F  0
 Reaction Xsec    41.0-/42 @ 4 =   0.154#, Out:   0.000#   0.000#   0.000f


 Total SPIN, PARITY =    42.0 +,      5 chs,      0 cc.  Rmin & Coul turning =    3.4   14.2
   S-matrix    1 =    1.00000   0.00000 for L=   41, J=   40.5 channel on core I =   1.5 from L=   41,  Acc. loss =  0.0 D.
 Elastic phase shift   1 =    0.000   0.000 deg. for the L =   41, J =   40.5 channel.
      42.0  1.00000000  0.00000018i: elastic S-matrix  @@      0.02  0   0 F  0
 Reaction Xsec    42.0+/41 @ 1 =   0.300#, Out:   0.000#   0.000#   0.000f

   S-matrix    2 =    1.00000   0.00000 for L=   41, J=   41.5 channel on core I =   1.5 from L=   41,  Acc. loss =  0.0 D.
 Elastic phase shift   2 =    0.000   0.000 deg. for the L =   41, J =   41.5 channel.
      42.0  1.00000000  0.00000019i: elastic S-matrix  @@      0.00  0   0 F  0
 Reaction Xsec    42.0+/41 @ 2 =   0.300#, Out:   0.000#   0.000#   0.000f

   S-matrix    3 =    1.00000   0.00000 for L=   43, J=   42.5 channel on core I =   1.5 from L=   43,  Acc. loss =  0.0 D.
 Elastic phase shift   3 =    0.000   0.000 deg. for the L =   43, J =   42.5 channel.
      42.0  1.00000000  0.00000009i: elastic S-matrix  @@      0.02  0   0 F  0
 Reaction Xsec    42.0+/43 @ 3 =   0.083#, Out:   0.000#   0.000#   0.000f

   S-matrix    4 =    1.00000   0.00000 for L=   43, J=   43.5 channel on core I =   1.5 from L=   43,  Acc. loss =  0.0 D.
 Elastic phase shift   4 =    0.000   0.000 deg. for the L =   43, J =   43.5 channel.
      42.0  1.00000000  0.00000009i: elastic S-matrix  @@      0.00  0   0 F  0
 Reaction Xsec    42.0+/43 @ 4 =   0.083#, Out:   0.000#   0.000#   0.000f


 Total SPIN, PARITY =    42.0 -,      4 chs,      0 cc.  Rmin & Coul turning =    3.4   14.2
   S-matrix    1 =    1.00000   0.00000 for L=   40, J=   40.5 channel on core I =   1.5 from L=   40,  Acc. loss =  0.0 D.
 Elastic phase shift   1 =    0.000   0.000 deg. for the L =   40, J =   40.5 channel.
      42.0  0.99999999  0.00000025i: elastic S-matrix  @@      0.00  0   0 F  0
 Reaction Xsec    42.0-/40 @ 1 =   0.571#, Out:   0.000#   0.000#   0.000f

   S-matrix    2 =    1.00000   0.00000 for L=   42, J=   41.5 channel on core I =   1.5 from L=   42,  Acc. loss =  0.0 D.
 Elastic phase shift   2 =    0.000   0.000 deg. for the L =   42, J =   41.5 channel.
      42.0  1.00000000  0.00000013i: elastic S-matrix  @@      0.00  0   0 F  0
 Reaction Xsec    42.0-/42 @ 2 =   0.158#, Out:   0.000#   0.000#   0.000f

   S-matrix    3 =    1.00000   0.00000 for L=   42, J=   42.5 channel on core I =   1.5 from L=   42,  Acc. loss =  0.0 D.
 Elastic phase shift   3 =    0.000   0.000 deg. for the L =   42, J =   42.5 channel.
      42.0  1.00000000  0.00000013i: elastic S-matrix  @@      0.00  0   0 F  0
 Reaction Xsec    42.0-/42 @ 3 =   0.158#, Out:   0.000#   0.000#   0.000f

   S-matrix    4 =    1.00000   0.00000 for L=   44, J=   43.5 channel on core I =   1.5 from L=   44,  Acc. loss =  0.0 D.
 Elastic phase shift   4 =    0.000   0.000 deg. for the L =   44, J =   43.5 channel.
      42.0  1.00000000  0.00000009i: elastic S-matrix  @@      0.00  0   0 F  0
 Reaction Xsec    42.0-/44 @ 4 =   0.043#, Out:   0.000#   0.000#   0.000f


 Total SPIN, PARITY =    43.0 +,      4 chs,      0 cc.  Rmin & Coul turning =    3.4   14.5
   S-matrix    1 =    1.00000   0.00000 for L=   41, J=   41.5 channel on core I =   1.5 from L=   41,  Acc. loss =  0.0 D.
 Elastic phase shift   1 =    0.000   0.000 deg. for the L =   41, J =   41.5 channel.
      43.0  1.00000000  0.00000019i: elastic S-matrix  @@      0.00  0   0 F  0
 Reaction Xsec    43.0+/41 @ 1 =   0.307#, Out:   0.000#   0.000#   0.000f

   S-matrix    2 =    1.00000   0.00000 for L=   43, J=   42.5 channel on core I =   1.5 from L=   43,  Acc. loss =  0.0 D.
 Elastic phase shift   2 =    0.000   0.000 deg. for the L =   43, J =   42.5 channel.
      43.0  1.00000000  0.00000009i: elastic S-matrix  @@      0.00  0   0 F  0
 Reaction Xsec    43.0+/43 @ 2 =   0.085#, Out:   0.000#   0.000#   0.000f

   S-matrix    3 =    1.00000   0.00000 for L=   43, J=   43.5 channel on core I =   1.5 from L=   43,  Acc. loss =  0.0 D.
 Elastic phase shift   3 =    0.000   0.000 deg. for the L =   43, J =   43.5 channel.
      43.0  1.00000000  0.00000009i: elastic S-matrix  @@      0.00  0   0 F  0
 Reaction Xsec    43.0+/43 @ 3 =   0.085#, Out:   0.000#   0.000#   0.000f

   S-matrix    4 =    1.00000   0.00000 for L=   45, J=   44.5 channel on core I =   1.5 from L=   45,  Acc. loss =  0.0 D.
 Elastic phase shift   4 =    0.000   0.000 deg. for the L =   45, J =   44.5 channel.
      43.0  1.00000000  0.00000007i: elastic S-matrix  @@      0.00  0   0 F  0
 Reaction Xsec    43.0+/45 @ 4 =   0.023#, Out:   0.000#   0.000#   0.000f


 Total SPIN, PARITY =    43.0 -,      5 chs,      0 cc.  Rmin & Coul turning =    3.4   14.5
   S-matrix    1 =    1.00000   0.00000 for L=   42, J=   41.5 channel on core I =   1.5 from L=   42,  Acc. loss =  0.0 D.
 Elastic phase shift   1 =    0.000   0.000 deg. for the L =   42, J =   41.5 channel.
      43.0  1.00000000  0.00000013i: elastic S-matrix  @@      0.02  0   0 F  0
 Reaction Xsec    43.0-/42 @ 1 =   0.161#, Out:   0.000#   0.000#   0.000f

   S-matrix    2 =    1.00000   0.00000 for L=   42, J=   42.5 channel on core I =   1.5 from L=   42,  Acc. loss =  0.0 D.
 Elastic phase shift   2 =    0.000   0.000 deg. for the L =   42, J =   42.5 channel.
      43.0  1.00000000  0.00000013i: elastic S-matrix  @@      0.00  0   0 F  0
 Reaction Xsec    43.0-/42 @ 2 =   0.161#, Out:   0.000#   0.000#   0.000f

   S-matrix    3 =    1.00000   0.00000 for L=   44, J=   43.5 channel on core I =   1.5 from L=   44,  Acc. loss =  0.0 D.
 Elastic phase shift   3 =    0.000   0.000 deg. for the L =   44, J =   43.5 channel.
      43.0  1.00000000  0.00000009i: elastic S-matrix  @@      0.02  0   0 F  0
 Reaction Xsec    43.0-/44 @ 3 =   0.044#, Out:   0.000#   0.000#   0.000f

   S-matrix    4 =    1.00000   0.00000 for L=   44, J=   44.5 channel on core I =   1.5 from L=   44,  Acc. loss =  0.0 D.
 Elastic phase shift   4 =    0.000   0.000 deg. for the L =   44, J =   44.5 channel.
      43.0  1.00000000  0.00000009i: elastic S-matrix  @@      0.00  0   0 F  0
 Reaction Xsec    43.0-/44 @ 4 =   0.044#, Out:   0.000#   0.000#   0.000f


 Total SPIN, PARITY =    44.0 +,      5 chs,      0 cc.  Rmin & Coul turning =    3.5   14.9
   S-matrix    1 =    1.00000   0.00000 for L=   43, J=   42.5 channel on core I =   1.5 from L=   43,  Acc. loss =  0.0 D.
 Elastic phase shift   1 =    0.000   0.000 deg. for the L =   43, J =   42.5 channel.
      44.0  1.00000000  0.00000009i: elastic S-matrix  @@      0.02  0   0 F  0
 Reaction Xsec    44.0+/43 @ 1 =   0.087#, Out:   0.000#   0.000#   0.000f

   S-matrix    2 =    1.00000   0.00000 for L=   43, J=   43.5 channel on core I =   1.5 from L=   43,  Acc. loss =  0.0 D.
 Elastic phase shift   2 =    0.000   0.000 deg. for the L =   43, J =   43.5 channel.
      44.0  1.00000000  0.00000009i: elastic S-matrix  @@      0.00  0   0 F  0
 Reaction Xsec    44.0+/43 @ 2 =   0.087#, Out:   0.000#   0.000#   0.000f

   S-matrix    3 =    1.00000   0.00000 for L=   45, J=   44.5 channel on core I =   1.5 from L=   45,  Acc. loss =  0.0 D.
 Elastic phase shift   3 =    0.000   0.000 deg. for the L =   45, J =   44.5 channel.
      44.0  1.00000000  0.00000007i: elastic S-matrix  @@      0.02  0   0 F  0
 Reaction Xsec    44.0+/45 @ 3 =   0.024#, Out:   0.000#   0.000#   0.000f

   S-matrix    4 =    1.00000   0.00000 for L=   45, J=   45.5 channel on core I =   1.5 from L=   45,  Acc. loss =  0.0 D.
 Elastic phase shift   4 =    0.000   0.000 deg. for the L =   45, J =   45.5 channel.
      44.0  1.00000000  0.00000007i: elastic S-matrix  @@      0.00  0   0 F  0
 Reaction Xsec    44.0+/45 @ 4 =   0.024#, Out:   0.000#   0.000#   0.000f


 Total SPIN, PARITY =    44.0 -,      4 chs,      0 cc.  Rmin & Coul turning =    3.5   14.9
   S-matrix    1 =    1.00000   0.00000 for L=   42, J=   42.5 channel on core I =   1.5 from L=   42,  Acc. loss =  0.0 D.
 Elastic phase shift   1 =    0.000   0.000 deg. for the L =   42, J =   42.5 channel.
      44.0  1.00000000  0.00000013i: elastic S-matrix  @@      0.00  0   0 F  0
 Reaction Xsec    44.0-/42 @ 1 =   0.165#, Out:   0.000#   0.000#   0.000f

   S-matrix    2 =    1.00000   0.00000 for L=   44, J=   43.5 channel on core I =   1.5 from L=   44,  Acc. loss =  0.0 D.
 Elastic phase shift   2 =    0.000   0.000 deg. for the L =   44, J =   43.5 channel.
      44.0  1.00000000  0.00000009i: elastic S-matrix  @@      0.00  0   0 F  0
 Reaction Xsec    44.0-/44 @ 2 =   0.045#, Out:   0.000#   0.000#   0.000f

   S-matrix    3 =    1.00000   0.00000 for L=   44, J=   44.5 channel on core I =   1.5 from L=   44,  Acc. loss =  0.0 D.
 Elastic phase shift   3 =    0.000   0.000 deg. for the L =   44, J =   44.5 channel.
      44.0  1.00000000  0.00000009i: elastic S-matrix  @@      0.00  0   0 F  0
 Reaction Xsec    44.0-/44 @ 3 =   0.045#, Out:   0.000#   0.000#   0.000f

   S-matrix    4 =    1.00000   0.00000 for L=   46, J=   45.5 channel on core I =   1.5 from L=   46,  Acc. loss =  0.0 D.
 Elastic phase shift   4 =    0.000   0.000 deg. for the L =   46, J =   45.5 channel.
      44.0  1.00000000  0.00000005i: elastic S-matrix  @@      0.00  0   0 F  0
 Reaction Xsec    44.0-/46 @ 4 =   0.013#, Out:   0.000#   0.000#   0.000f


 Total SPIN, PARITY =    45.0 +,      4 chs,      0 cc.  Rmin & Coul turning =    3.6   15.2
   S-matrix    1 =    1.00000   0.00000 for L=   43, J=   43.5 channel on core I =   1.5 from L=   43,  Acc. loss =  0.0 D.
 Elastic phase shift   1 =    0.000   0.000 deg. for the L =   43, J =   43.5 channel.
      45.0  1.00000000  0.00000009i: elastic S-matrix  @@      0.00  0   0 F  0
 Reaction Xsec    45.0+/43 @ 1 =   0.089#, Out:   0.000#   0.000#   0.000f

   S-matrix    2 =    1.00000   0.00000 for L=   45, J=   44.5 channel on core I =   1.5 from L=   45,  Acc. loss =  0.0 D.
 Elastic phase shift   2 =    0.000   0.000 deg. for the L =   45, J =   44.5 channel.
      45.0  1.00000000  0.00000007i: elastic S-matrix  @@      0.00  0   0 F  0
 Reaction Xsec    45.0+/45 @ 2 =   0.024#, Out:   0.000#   0.000#   0.000f

   S-matrix    3 =    1.00000   0.00000 for L=   45, J=   45.5 channel on core I =   1.5 from L=   45,  Acc. loss =  0.0 D.
 Elastic phase shift   3 =    0.000   0.000 deg. for the L =   45, J =   45.5 channel.
      45.0  1.00000000  0.00000007i: elastic S-matrix  @@      0.00  0   0 F  0
 Reaction Xsec    45.0+/45 @ 3 =   0.024#, Out:   0.000#   0.000#   0.000f

   S-matrix    4 =    1.00000   0.00000 for L=   47, J=   46.5 channel on core I =   1.5 from L=   47,  Acc. loss =  0.0 D.
 Elastic phase shift   4 =    0.000   0.000 deg. for the L =   47, J =   46.5 channel.
      45.0  1.00000000  0.00000006i: elastic S-matrix  @@      0.00  0   0 F  0
 Reaction Xsec    45.0+/47 @ 4 =   0.007#, Out:   0.000#   0.000#   0.000f


 Total SPIN, PARITY =    45.0 -,      5 chs,      0 cc.  Rmin & Coul turning =    3.6   15.2
   S-matrix    1 =    1.00000   0.00000 for L=   44, J=   43.5 channel on core I =   1.5 from L=   44,  Acc. loss =  0.0 D.
 Elastic phase shift   1 =    0.000   0.000 deg. for the L =   44, J =   43.5 channel.
      45.0  1.00000000  0.00000009i: elastic S-matrix  @@      0.02  0   0 F  0
 Reaction Xsec    45.0-/44 @ 1 =   0.046#, Out:   0.000#   0.000#   0.000f

   S-matrix    2 =    1.00000   0.00000 for L=   44, J=   44.5 channel on core I =   1.5 from L=   44,  Acc. loss =  0.0 D.
 Elastic phase shift   2 =    0.000   0.000 deg. for the L =   44, J =   44.5 channel.
      45.0  1.00000000  0.00000009i: elastic S-matrix  @@      0.00  0   0 F  0
 Reaction Xsec    45.0-/44 @ 2 =   0.046#, Out:   0.000#   0.000#   0.000f

   S-matrix    3 =    1.00000   0.00000 for L=   46, J=   45.5 channel on core I =   1.5 from L=   46,  Acc. loss =  0.0 D.
 Elastic phase shift   3 =    0.000   0.000 deg. for the L =   46, J =   45.5 channel.
      45.0  1.00000000  0.00000005i: elastic S-matrix  @@      0.02  0   0 F  0
 Reaction Xsec    45.0-/46 @ 3 =   0.013#, Out:   0.000#   0.000#   0.000f

   S-matrix    4 =    1.00000   0.00000 for L=   46, J=   46.5 channel on core I =   1.5 from L=   46,  Acc. loss =  0.0 D.
 Elastic phase shift   4 =    0.000   0.000 deg. for the L =   46, J =   46.5 channel.
      45.0  1.00000000  0.00000005i: elastic S-matrix  @@      0.00  0   0 F  0
 Reaction Xsec    45.0-/46 @ 4 =   0.013#, Out:   0.000#   0.000#   0.000f


 Total SPIN, PARITY =    46.0 +,      5 chs,      0 cc.  Rmin & Coul turning =    3.7   15.5
   S-matrix    1 =    1.00000   0.00000 for L=   45, J=   44.5 channel on core I =   1.5 from L=   45,  Acc. loss =  0.0 D.
 Elastic phase shift   1 =    0.000   0.000 deg. for the L =   45, J =   44.5 channel.
      46.0  1.00000000  0.00000007i: elastic S-matrix  @@      0.02  0   0 F  0
 Reaction Xsec    46.0+/45 @ 1 =   0.025#, Out:   0.000#   0.000#   0.000f

   S-matrix    2 =    1.00000   0.00000 for L=   45, J=   45.5 channel on core I =   1.5 from L=   45,  Acc. loss =  0.0 D.
 Elastic phase shift   2 =    0.000   0.000 deg. for the L =   45, J =   45.5 channel.
0****** WARNING : ACCURACY LOSS IN ERWIN = 14.6 DIGITS, SO EXPECT ERRORS OF   0.0000 % OF UNITARITY

      46.0  1.00000000  0.00000007i: elastic S-matrix  @@      0.00  0   0 F  0
 Reaction Xsec    46.0+/45 @ 2 =   0.025#, Out:   0.000#   0.000#   0.000f

   S-matrix    3 =    1.00000   0.00000 for L=   47, J=   46.5 channel on core I =   1.5 from L=   47,  Acc. loss =  0.0 D.
 Elastic phase shift   3 =    0.000   0.000 deg. for the L =   47, J =   46.5 channel.
      46.0  1.00000000  0.00000006i: elastic S-matrix  @@      0.00  0   0 F  0
 Reaction Xsec    46.0+/47 @ 3 =   0.007#, Out:   0.000#   0.000#   0.000f

   S-matrix    4 =    1.00000   0.00000 for L=   47, J=   47.5 channel on core I =   1.5 from L=   47,  Acc. loss =  0.0 D.
 Elastic phase shift   4 =    0.000   0.000 deg. for the L =   47, J =   47.5 channel.
      46.0  1.00000000  0.00000006i: elastic S-matrix  @@      0.02  0   0 F  0
 Reaction Xsec    46.0+/47 @ 4 =   0.007#, Out:   0.000#   0.000#   0.000f


 Total SPIN, PARITY =    46.0 -,      4 chs,      0 cc.  Rmin & Coul turning =    3.7   15.5
   S-matrix    1 =    1.00000   0.00000 for L=   44, J=   44.5 channel on core I =   1.5 from L=   44,  Acc. loss =  0.0 D.
 Elastic phase shift   1 =    0.000   0.000 deg. for the L =   44, J =   44.5 channel.
      46.0  1.00000000  0.00000009i: elastic S-matrix  @@      0.00  0   0 F  0
 Reaction Xsec    46.0-/44 @ 1 =   0.048#, Out:   0.000#   0.000#   0.000f

   S-matrix    2 =    1.00000   0.00000 for L=   46, J=   45.5 channel on core I =   1.5 from L=   46,  Acc. loss =  0.0 D.
 Elastic phase shift   2 =    0.000   0.000 deg. for the L =   46, J =   45.5 channel.
      46.0  1.00000000  0.00000005i: elastic S-matrix  @@      0.00  0   0 F  0
 Reaction Xsec    46.0-/46 @ 2 =   0.013#, Out:   0.000#   0.000#   0.000f

   S-matrix    3 =    1.00000   0.00000 for L=   46, J=   46.5 channel on core I =   1.5 from L=   46,  Acc. loss =  0.0 D.
 Elastic phase shift   3 =    0.000   0.000 deg. for the L =   46, J =   46.5 channel.
      46.0  1.00000000  0.00000005i: elastic S-matrix  @@      0.00  0   0 F  0
 Reaction Xsec    46.0-/46 @ 3 =   0.013#, Out:   0.000#   0.000#   0.000f

   S-matrix    4 =    1.00000   0.00000 for L=   48, J=   47.5 channel on core I =   1.5 from L=   48,  Acc. loss =  0.0 D.
 Elastic phase shift   4 =    0.000   0.000 deg. for the L =   48, J =   47.5 channel.
      46.0  1.00000000  0.00000005i: elastic S-matrix  @@      0.00  0   0 F  0
 Reaction Xsec    46.0-/48 @ 4 =   0.004#, Out:   0.000#   0.000#   0.000f


 Total SPIN, PARITY =    47.0 +,      4 chs,      0 cc.  Rmin & Coul turning =    3.8   15.9
   S-matrix    1 =    1.00000   0.00000 for L=   45, J=   45.5 channel on core I =   1.5 from L=   45,  Acc. loss =  0.0 D.
 Elastic phase shift   1 =    0.000   0.000 deg. for the L =   45, J =   45.5 channel.
      47.0  1.00000000  0.00000007i: elastic S-matrix  @@      0.00  0   0 F  0
 Reaction Xsec    47.0+/45 @ 1 =   0.025#, Out:   0.000#   0.000#   0.000f

   S-matrix    2 =    1.00000   0.00000 for L=   47, J=   46.5 channel on core I =   1.5 from L=   47,  Acc. loss =  0.0 D.
 Elastic phase shift   2 =    0.000   0.000 deg. for the L =   47, J =   46.5 channel.
      47.0  1.00000000  0.00000006i: elastic S-matrix  @@      0.00  0   0 F  0
 Reaction Xsec    47.0+/47 @ 2 =   0.007#, Out:   0.000#   0.000#   0.000f

   S-matrix    3 =    1.00000   0.00000 for L=   47, J=   47.5 channel on core I =   1.5 from L=   47,  Acc. loss =  0.0 D.
 Elastic phase shift   3 =    0.000   0.000 deg. for the L =   47, J =   47.5 channel.
      47.0  1.00000000  0.00000006i: elastic S-matrix  @@      0.00  0   0 F  0
 Reaction Xsec    47.0+/47 @ 3 =   0.007#, Out:   0.000#   0.000#   0.000f

   S-matrix    4 =    1.00000   0.00000 for L=   49, J=   48.5 channel on core I =   1.5 from L=   49,  Acc. loss =  0.0 D.
 Elastic phase shift   4 =    0.000   0.000 deg. for the L =   49, J =   48.5 channel.
      47.0  1.00000000  0.00000003i: elastic S-matrix  @@      0.00  0   0 F  0
 Reaction Xsec    47.0+/49 @ 4 =   0.002#, Out:   0.000#   0.000#   0.000f


 Total SPIN, PARITY =    47.0 -,      5 chs,      0 cc.  Rmin & Coul turning =    3.8   15.9
   S-matrix    1 =    1.00000   0.00000 for L=   46, J=   45.5 channel on core I =   1.5 from L=   46,  Acc. loss =  0.0 D.
 Elastic phase shift   1 =    0.000   0.000 deg. for the L =   46, J =   45.5 channel.
0****** WARNING : ACCURACY LOSS IN ERWIN = 14.3 DIGITS, SO EXPECT ERRORS OF   0.0000 % OF UNITARITY

      47.0  1.00000000  0.00000005i: elastic S-matrix  @@      0.02  0   0 F  0
 Reaction Xsec    47.0-/46 @ 1 =   0.013#, Out:   0.000#   0.000#   0.000f

   S-matrix    2 =    1.00000   0.00000 for L=   46, J=   46.5 channel on core I =   1.5 from L=   46,  Acc. loss =  0.0 D.
 Elastic phase shift   2 =    0.000   0.000 deg. for the L =   46, J =   46.5 channel.
0****** WARNING : ACCURACY LOSS IN ERWIN = 14.4 DIGITS, SO EXPECT ERRORS OF   0.0000 % OF UNITARITY

      47.0  1.00000000  0.00000005i: elastic S-matrix  @@      0.00  0   0 F  0
 Reaction Xsec    47.0-/46 @ 2 =   0.013#, Out:   0.000#   0.000#   0.000f

   S-matrix    3 =    1.00000   0.00000 for L=   48, J=   47.5 channel on core I =   1.5 from L=   48,  Acc. loss =  0.0 D.
 Elastic phase shift   3 =    0.000   0.000 deg. for the L =   48, J =   47.5 channel.
0****** WARNING : ACCURACY LOSS IN ERWIN = 14.3 DIGITS, SO EXPECT ERRORS OF   0.0000 % OF UNITARITY

      47.0  1.00000000  0.00000005i: elastic S-matrix  @@      0.00  0   0 F  0
 Reaction Xsec    47.0-/48 @ 3 =   0.004#, Out:   0.000#   0.000#   0.000f

   S-matrix    4 =    1.00000   0.00000 for L=   48, J=   48.5 channel on core I =   1.5 from L=   48,  Acc. loss =  0.0 D.
 Elastic phase shift   4 =    0.000   0.000 deg. for the L =   48, J =   48.5 channel.
0****** WARNING : ACCURACY LOSS IN ERWIN = 14.6 DIGITS, SO EXPECT ERRORS OF   0.0000 % OF UNITARITY

      47.0  1.00000000  0.00000005i: elastic S-matrix  @@      0.02  0   0 F  0
 Reaction Xsec    47.0-/48 @ 4 =   0.004#, Out:   0.000#   0.000#   0.000f


 Total SPIN, PARITY =    48.0 +,      5 chs,      0 cc.  Rmin & Coul turning =    3.8   16.2
   S-matrix    1 =    1.00000   0.00000 for L=   47, J=   46.5 channel on core I =   1.5 from L=   47,  Acc. loss =  0.0 D.
 Elastic phase shift   1 =    0.000   0.000 deg. for the L =   47, J =   46.5 channel.
      48.0  1.00000000  0.00000006i: elastic S-matrix  @@      0.02  0   0 F  0
 Reaction Xsec    48.0+/47 @ 1 =   0.007#, Out:   0.000#   0.000#   0.000f

   S-matrix    2 =    1.00000   0.00000 for L=   47, J=   47.5 channel on core I =   1.5 from L=   47,  Acc. loss =  0.0 D.
 Elastic phase shift   2 =    0.000   0.000 deg. for the L =   47, J =   47.5 channel.
      48.0  1.00000000  0.00000006i: elastic S-matrix  @@      0.00  0   0 F  0
 Reaction Xsec    48.0+/47 @ 2 =   0.007#, Out:   0.000#   0.000#   0.000f

   S-matrix    3 =    1.00000   0.00000 for L=   49, J=   48.5 channel on core I =   1.5 from L=   49,  Acc. loss =  0.0 D.
 Elastic phase shift   3 =    0.000   0.000 deg. for the L =   49, J =   48.5 channel.
      48.0  1.00000000  0.00000003i: elastic S-matrix  @@      0.00  0   0 F  0
 Reaction Xsec    48.0+/49 @ 3 =   0.002#, Out:   0.000#   0.000#   0.000f

   S-matrix    4 =    1.00000   0.00000 for L=   49, J=   49.5 channel on core I =   1.5 from L=   49,  Acc. loss =  0.0 D.
 Elastic phase shift   4 =    0.000   0.000 deg. for the L =   49, J =   49.5 channel.
      48.0  1.00000000  0.00000003i: elastic S-matrix  @@      0.02  0   0 F  0
 Reaction Xsec    48.0+/49 @ 4 =   0.002#, Out:   0.000#   0.000#   0.000f


 Total SPIN, PARITY =    48.0 -,      4 chs,      0 cc.  Rmin & Coul turning =    3.8   16.2
   S-matrix    1 =    1.00000   0.00000 for L=   46, J=   46.5 channel on core I =   1.5 from L=   46,  Acc. loss =  0.0 D.
 Elastic phase shift   1 =    0.000   0.000 deg. for the L =   46, J =   46.5 channel.
      48.0  1.00000000  0.00000005i: elastic S-matrix  @@      0.00  0   0 F  0
 Reaction Xsec    48.0-/46 @ 1 =   0.014#, Out:   0.000#   0.000#   0.000f

   S-matrix    2 =    1.00000   0.00000 for L=   48, J=   47.5 channel on core I =   1.5 from L=   48,  Acc. loss =  0.0 D.
 Elastic phase shift   2 =    0.000   0.000 deg. for the L =   48, J =   47.5 channel.
      48.0  1.00000000  0.00000005i: elastic S-matrix  @@      0.00  0   0 F  0
 Reaction Xsec    48.0-/48 @ 2 =   0.004#, Out:   0.000#   0.000#   0.000f

   S-matrix    3 =    1.00000   0.00000 for L=   48, J=   48.5 channel on core I =   1.5 from L=   48,  Acc. loss =  0.0 D.
 Elastic phase shift   3 =    0.000   0.000 deg. for the L =   48, J =   48.5 channel.
      48.0  1.00000000  0.00000005i: elastic S-matrix  @@      0.00  0   0 F  0
 Reaction Xsec    48.0-/48 @ 3 =   0.004#, Out:   0.000#   0.000#   0.000f

   S-matrix    4 =    1.00000   0.00000 for L=   50, J=   49.5 channel on core I =   1.5 from L=   50,  Acc. loss =  0.0 D.
 Elastic phase shift   4 =    0.000   0.000 deg. for the L =   50, J =   49.5 channel.
      48.0  1.00000000  0.00000004i: elastic S-matrix  @@      0.00  0   0 F  0
 Reaction Xsec    48.0-/50 @ 4 =   0.001#, Out:   0.000#   0.000#   0.000f


 Total SPIN, PARITY =    49.0 +,      4 chs,      0 cc.  Rmin & Coul turning =    3.9   16.5
   S-matrix    1 =    1.00000   0.00000 for L=   47, J=   47.5 channel on core I =   1.5 from L=   47,  Acc. loss =  0.0 D.
 Elastic phase shift   1 =    0.000   0.000 deg. for the L =   47, J =   47.5 channel.
      49.0  1.00000000  0.00000006i: elastic S-matrix  @@      0.00  0   0 F  0
 Reaction Xsec    49.0+/47 @ 1 =   0.007#, Out:   0.000#   0.000#   0.000f

   S-matrix    2 =    1.00000   0.00000 for L=   49, J=   48.5 channel on core I =   1.5 from L=   49,  Acc. loss =  0.0 D.
 Elastic phase shift   2 =    0.000   0.000 deg. for the L =   49, J =   48.5 channel.
      49.0  1.00000000  0.00000003i: elastic S-matrix  @@      0.00  0   0 F  0
 Reaction Xsec    49.0+/49 @ 2 =   0.002#, Out:   0.000#   0.000#   0.000f

   S-matrix    3 =    1.00000   0.00000 for L=   49, J=   49.5 channel on core I =   1.5 from L=   49,  Acc. loss =  0.0 D.
 Elastic phase shift   3 =    0.000   0.000 deg. for the L =   49, J =   49.5 channel.
      49.0  1.00000000  0.00000003i: elastic S-matrix  @@      0.00  0   0 F  0
 Reaction Xsec    49.0+/49 @ 3 =   0.002#, Out:   0.000#   0.000#   0.000f

   S-matrix    4 =    1.00000   0.00000 for L=   51, J=   50.5 channel on core I =   1.5 from L=   51,  Acc. loss =  0.0 D.
 Elastic phase shift   4 =    0.000   0.000 deg. for the L =   51, J =   50.5 channel.
      49.0  1.00000000  0.00000004i: elastic S-matrix  @@      0.00  0   0 F  0
 Reaction Xsec    49.0+/51 @ 4 =   0.001#, Out:   0.000#   0.000#   0.000f


 Total SPIN, PARITY =    49.0 -,      5 chs,      0 cc.  Rmin & Coul turning =    3.9   16.5
   S-matrix    1 =    1.00000   0.00000 for L=   48, J=   47.5 channel on core I =   1.5 from L=   48,  Acc. loss =  0.0 D.
 Elastic phase shift   1 =    0.000   0.000 deg. for the L =   48, J =   47.5 channel.
      49.0  1.00000000  0.00000005i: elastic S-matrix  @@      0.02  0   0 F  0
 Reaction Xsec    49.0-/48 @ 1 =   0.004#, Out:   0.000#   0.000#   0.000f

   S-matrix    2 =    1.00000   0.00000 for L=   48, J=   48.5 channel on core I =   1.5 from L=   48,  Acc. loss =  0.0 D.
 Elastic phase shift   2 =    0.000   0.000 deg. for the L =   48, J =   48.5 channel.
      49.0  1.00000000  0.00000005i: elastic S-matrix  @@      0.00  0   0 F  0
 Reaction Xsec    49.0-/48 @ 2 =   0.004#, Out:   0.000#   0.000#   0.000f

   S-matrix    3 =    1.00000   0.00000 for L=   50, J=   49.5 channel on core I =   1.5 from L=   50,  Acc. loss =  0.0 D.
 Elastic phase shift   3 =    0.000   0.000 deg. for the L =   50, J =   49.5 channel.
0****** WARNING : ACCURACY LOSS IN ERWIN = 14.3 DIGITS, SO EXPECT ERRORS OF   0.0000 % OF UNITARITY

      49.0  1.00000000  0.00000004i: elastic S-matrix  @@      0.00  0   0 F  0
 Reaction Xsec    49.0-/50 @ 3 =   0.001#, Out:   0.000#   0.000#   0.000f

   S-matrix    4 =    1.00000   0.00000 for L=   50, J=   50.5 channel on core I =   1.5 from L=   50,  Acc. loss =  0.0 D.
 Elastic phase shift   4 =    0.000   0.000 deg. for the L =   50, J =   50.5 channel.
0****** WARNING : ACCURACY LOSS IN ERWIN = 14.3 DIGITS, SO EXPECT ERRORS OF   0.0000 % OF UNITARITY

      49.0  1.00000000  0.00000004i: elastic S-matrix  @@      0.02  0   0 F  0
 Reaction Xsec    49.0-/50 @ 4 =   0.001#, Out:   0.000#   0.000#   0.000f


 Total SPIN, PARITY =    50.0 +,      5 chs,      0 cc.  Rmin & Coul turning =    4.0   16.9
   S-matrix    1 =    1.00000   0.00000 for L=   49, J=   48.5 channel on core I =   1.5 from L=   49,  Acc. loss =  0.0 D.
 Elastic phase shift   1 =    0.000   0.000 deg. for the L =   49, J =   48.5 channel.
      50.0  1.00000000  0.00000003i: elastic S-matrix  @@      0.02  0   0 F  0
 Reaction Xsec    50.0+/49 @ 1 =   0.002#, Out:   0.000#   0.000#   0.000f

   S-matrix    2 =    1.00000   0.00000 for L=   49, J=   49.5 channel on core I =   1.5 from L=   49,  Acc. loss =  0.0 D.
 Elastic phase shift   2 =    0.000   0.000 deg. for the L =   49, J =   49.5 channel.
0****** WARNING : ACCURACY LOSS IN ERWIN = 14.7 DIGITS, SO EXPECT ERRORS OF   0.0000 % OF UNITARITY

      50.0  1.00000000  0.00000003i: elastic S-matrix  @@      0.00  0   0 F  0
 Reaction Xsec    50.0+/49 @ 2 =   0.002#, Out:   0.000#   0.000#   0.000f

   S-matrix    3 =    1.00000   0.00000 for L=   51, J=   50.5 channel on core I =   1.5 from L=   51,  Acc. loss =  0.0 D.
 Elastic phase shift   3 =    0.000   0.000 deg. for the L =   51, J =   50.5 channel.
      50.0  1.00000000  0.00000004i: elastic S-matrix  @@      0.00  0   0 F  0
 Reaction Xsec    50.0+/51 @ 3 =   0.001#, Out:   0.000#   0.000#   0.000f

   S-matrix    4 =    1.00000   0.00000 for L=   51, J=   51.5 channel on core I =   1.5 from L=   51,  Acc. loss =  0.0 D.
 Elastic phase shift   4 =    0.000   0.000 deg. for the L =   51, J =   51.5 channel.
      50.0  1.00000000  0.00000004i: elastic S-matrix  @@      0.02  0   0 F  0
 Reaction Xsec    50.0+/51 @ 4 =   0.001#, Out:   0.000#   0.000#   0.000f


 Total SPIN, PARITY =    50.0 -,      4 chs,      0 cc.  Rmin & Coul turning =    4.0   16.9
   S-matrix    1 =    1.00000   0.00000 for L=   48, J=   48.5 channel on core I =   1.5 from L=   48,  Acc. loss =  0.0 D.
 Elastic phase shift   1 =    0.000   0.000 deg. for the L =   48, J =   48.5 channel.
      50.0  1.00000000  0.00000005i: elastic S-matrix  @@      0.00  0   0 F  0
 Reaction Xsec    50.0-/48 @ 1 =   0.004#, Out:   0.000#   0.000#   0.000f

   S-matrix    2 =    1.00000   0.00000 for L=   50, J=   49.5 channel on core I =   1.5 from L=   50,  Acc. loss =  0.0 D.
 Elastic phase shift   2 =    0.000   0.000 deg. for the L =   50, J =   49.5 channel.
      50.0  1.00000000  0.00000004i: elastic S-matrix  @@      0.00  0   0 F  0
 Reaction Xsec    50.0-/50 @ 2 =   0.001#, Out:   0.000#   0.000#   0.000f

   S-matrix    3 =    1.00000   0.00000 for L=   50, J=   50.5 channel on core I =   1.5 from L=   50,  Acc. loss =  0.0 D.
 Elastic phase shift   3 =    0.000   0.000 deg. for the L =   50, J =   50.5 channel.
      50.0  1.00000000  0.00000004i: elastic S-matrix  @@      0.00  0   0 F  0
 Reaction Xsec    50.0-/50 @ 3 =   0.001#, Out:   0.000#   0.000#   0.000f

   S-matrix    4 =    1.00000   0.00000 for L=   52, J=   51.5 channel on core I =   1.5 from L=   52,  Acc. loss =  0.0 D.
 Elastic phase shift   4 =    0.000   0.000 deg. for the L =   52, J =   51.5 channel.
      50.0  1.00000000  0.00000001i: elastic S-matrix  @@      0.00  0   0 F  0
 Reaction Xsec    50.0-/52 @ 4 =   0.000#, Out:   0.000#   0.000#   0.000f


 Total SPIN, PARITY =    51.0 +,      4 chs,      0 cc.  Rmin & Coul turning =    4.0   17.2
   S-matrix    1 =    1.00000   0.00000 for L=   49, J=   49.5 channel on core I =   1.5 from L=   49,  Acc. loss =  0.0 D.
 Elastic phase shift   1 =    0.000   0.000 deg. for the L =   49, J =   49.5 channel.
      51.0  1.00000000  0.00000003i: elastic S-matrix  @@      0.00  0   0 F  0
 Reaction Xsec    51.0+/49 @ 1 =   0.002#, Out:   0.000#   0.000#   0.000f

   S-matrix    2 =    1.00000   0.00000 for L=   51, J=   50.5 channel on core I =   1.5 from L=   51,  Acc. loss =  0.0 D.
 Elastic phase shift   2 =    0.000   0.000 deg. for the L =   51, J =   50.5 channel.
      51.0  1.00000000  0.00000004i: elastic S-matrix  @@      0.00  0   0 F  0
 Reaction Xsec    51.0+/51 @ 2 =   0.001#, Out:   0.000#   0.000#   0.000f

   S-matrix    3 =    1.00000   0.00000 for L=   51, J=   51.5 channel on core I =   1.5 from L=   51,  Acc. loss =  0.0 D.
 Elastic phase shift   3 =    0.000   0.000 deg. for the L =   51, J =   51.5 channel.
      51.0  1.00000000  0.00000004i: elastic S-matrix  @@      0.00  0   0 F  0
 Reaction Xsec    51.0+/51 @ 3 =   0.001#, Out:   0.000#   0.000#   0.000f

   S-matrix    4 =    1.00000   0.00000 for L=   53, J=   52.5 channel on core I =   1.5 from L=   53,  Acc. loss =  0.0 D.
 Elastic phase shift   4 =    0.000   0.000 deg. for the L =   53, J =   52.5 channel.
      51.0  1.00000000  0.00000003i: elastic S-matrix  @@      0.00  0   0 F  0
 Reaction Xsec    51.0+/53 @ 4 =   0.000#, Out:   0.000#   0.000#   0.000f


 Total SPIN, PARITY =    51.0 -,      5 chs,      0 cc.  Rmin & Coul turning =    4.0   17.2
   S-matrix    1 =    1.00000   0.00000 for L=   50, J=   49.5 channel on core I =   1.5 from L=   50,  Acc. loss =  0.0 D.
 Elastic phase shift   1 =    0.000   0.000 deg. for the L =   50, J =   49.5 channel.
0****** WARNING : ACCURACY LOSS IN ERWIN = 14.5 DIGITS, SO EXPECT ERRORS OF   0.0000 % OF UNITARITY

      51.0  1.00000000  0.00000004i: elastic S-matrix  @@      0.02  0   0 F  0
 Reaction Xsec    51.0-/50 @ 1 =   0.001#, Out:   0.000#   0.000#   0.000f

   S-matrix    2 =    1.00000   0.00000 for L=   50, J=   50.5 channel on core I =   1.5 from L=   50,  Acc. loss =  0.0 D.
 Elastic phase shift   2 =    0.000   0.000 deg. for the L =   50, J =   50.5 channel.
0****** WARNING : ACCURACY LOSS IN ERWIN = 14.1 DIGITS, SO EXPECT ERRORS OF   0.0000 % OF UNITARITY

      51.0  1.00000000  0.00000004i: elastic S-matrix  @@      0.00  0   0 F  0
 Reaction Xsec    51.0-/50 @ 2 =   0.001#, Out:   0.000#   0.000#   0.000f

   S-matrix    3 =    1.00000   0.00000 for L=   52, J=   51.5 channel on core I =   1.5 from L=   52,  Acc. loss =  0.0 D.
 Elastic phase shift   3 =    0.000   0.000 deg. for the L =   52, J =   51.5 channel.
      51.0  1.00000000  0.00000001i: elastic S-matrix  @@      0.00  0   0 F  0
 Reaction Xsec    51.0-/52 @ 3 =   0.000#, Out:   0.000#   0.000#   0.000f

   S-matrix    4 =    1.00000   0.00000 for L=   52, J=   52.5 channel on core I =   1.5 from L=   52,  Acc. loss =  0.0 D.
 Elastic phase shift   4 =    0.000   0.000 deg. for the L =   52, J =   52.5 channel.
      51.0  1.00000000  0.00000001i: elastic S-matrix  @@      0.02  0   0 F  0
 Reaction Xsec    51.0-/52 @ 4 =   0.000#, Out:   0.000#   0.000#   0.000f


 Total SPIN, PARITY =    52.0 +,      5 chs,      0 cc.  Rmin & Coul turning =    4.2   17.5
   S-matrix    1 =    1.00000   0.00000 for L=   51, J=   50.5 channel on core I =   1.5 from L=   51,  Acc. loss =  0.0 D.
 Elastic phase shift   1 =    0.000   0.000 deg. for the L =   51, J =   50.5 channel.
0****** WARNING : ACCURACY LOSS IN ERWIN = 14.4 DIGITS, SO EXPECT ERRORS OF   0.0000 % OF UNITARITY

      52.0  1.00000000  0.00000004i: elastic S-matrix  @@      0.02  0   0 F  0
 Reaction Xsec    52.0+/51 @ 1 =   0.001#, Out:   0.000#   0.000#   0.000f

   S-matrix    2 =    1.00000   0.00000 for L=   51, J=   51.5 channel on core I =   1.5 from L=   51,  Acc. loss =  0.0 D.
 Elastic phase shift   2 =    0.000   0.000 deg. for the L =   51, J =   51.5 channel.
0****** WARNING : ACCURACY LOSS IN ERWIN = 15.1 DIGITS, SO EXPECT ERRORS OF   0.0000 % OF UNITARITY

      52.0  1.00000000  0.00000004i: elastic S-matrix  @@      0.00  0   0 F  0
 Reaction Xsec    52.0+/51 @ 2 =   0.001#, Out:   0.000#   0.000#   0.000f

   S-matrix    3 =    1.00000   0.00000 for L=   53, J=   52.5 channel on core I =   1.5 from L=   53,  Acc. loss =  0.0 D.
 Elastic phase shift   3 =    0.000   0.000 deg. for the L =   53, J =   52.5 channel.
      52.0  1.00000000  0.00000003i: elastic S-matrix  @@      0.00  0   0 F  0
 Reaction Xsec    52.0+/53 @ 3 =   0.000#, Out:   0.000#   0.000#   0.000f

   S-matrix    4 =    1.00000   0.00000 for L=   53, J=   53.5 channel on core I =   1.5 from L=   53,  Acc. loss =  0.0 D.
 Elastic phase shift   4 =    0.000   0.000 deg. for the L =   53, J =   53.5 channel.
0****** WARNING : ACCURACY LOSS IN ERWIN = 14.2 DIGITS, SO EXPECT ERRORS OF   0.0000 % OF UNITARITY

      52.0  1.00000000  0.00000003i: elastic S-matrix  @@      0.02  0   0 F  0
 Reaction Xsec    52.0+/53 @ 4 =   0.000#, Out:   0.000#   0.000#   0.000f


 Total SPIN, PARITY =    52.0 -,      4 chs,      0 cc.  Rmin & Coul turning =    4.2   17.5
   S-matrix    1 =    1.00000   0.00000 for L=   50, J=   50.5 channel on core I =   1.5 from L=   50,  Acc. loss =  0.0 D.
 Elastic phase shift   1 =    0.000   0.000 deg. for the L =   50, J =   50.5 channel.
      52.0  1.00000000  0.00000004i: elastic S-matrix  @@      0.00  0   0 F  0
 Reaction Xsec    52.0-/50 @ 1 =   0.001#, Out:   0.000#   0.000#   0.000f

   S-matrix    2 =    1.00000   0.00000 for L=   52, J=   51.5 channel on core I =   1.5 from L=   52,  Acc. loss =  0.0 D.
 Elastic phase shift   2 =    0.000   0.000 deg. for the L =   52, J =   51.5 channel.
      52.0  1.00000000  0.00000001i: elastic S-matrix  @@      0.00  0   0 F  0
 Reaction Xsec    52.0-/52 @ 2 =   0.000#, Out:   0.000#   0.000#   0.000f

   S-matrix    3 =    1.00000   0.00000 for L=   52, J=   52.5 channel on core I =   1.5 from L=   52,  Acc. loss =  0.0 D.
 Elastic phase shift   3 =    0.000   0.000 deg. for the L =   52, J =   52.5 channel.
      52.0  1.00000000  0.00000001i: elastic S-matrix  @@      0.00  0   0 F  0
 Reaction Xsec    52.0-/52 @ 3 =   0.000#, Out:   0.000#   0.000#   0.000f

   S-matrix    4 =    1.00000   0.00000 for L=   54, J=   53.5 channel on core I =   1.5 from L=   54,  Acc. loss =  0.0 D.
 Elastic phase shift   4 =    0.000   0.000 deg. for the L =   54, J =   53.5 channel.
      52.0  1.00000000  0.00000003i: elastic S-matrix  @@      0.00  0   0 F  0
 Reaction Xsec    52.0-/54 @ 4 =   0.000#, Out:   0.000#   0.000#   0.000f


 Total SPIN, PARITY =    53.0 +,      4 chs,      0 cc.  Rmin & Coul turning =    4.2   17.9
   S-matrix    1 =    1.00000   0.00000 for L=   51, J=   51.5 channel on core I =   1.5 from L=   51,  Acc. loss =  0.0 D.
 Elastic phase shift   1 =    0.000   0.000 deg. for the L =   51, J =   51.5 channel.
      53.0  1.00000000  0.00000004i: elastic S-matrix  @@      0.00  0   0 F  0
 Reaction Xsec    53.0+/51 @ 1 =   0.001#, Out:   0.000#   0.000#   0.000f

   S-matrix    2 =    1.00000   0.00000 for L=   53, J=   52.5 channel on core I =   1.5 from L=   53,  Acc. loss =  0.0 D.
 Elastic phase shift   2 =    0.000   0.000 deg. for the L =   53, J =   52.5 channel.
      53.0  1.00000000  0.00000003i: elastic S-matrix  @@      0.00  0   0 F  0
 Reaction Xsec    53.0+/53 @ 2 =   0.000#, Out:   0.000#   0.000#   0.000f

   S-matrix    3 =    1.00000   0.00000 for L=   53, J=   53.5 channel on core I =   1.5 from L=   53,  Acc. loss =  0.0 D.
 Elastic phase shift   3 =    0.000   0.000 deg. for the L =   53, J =   53.5 channel.
      53.0  1.00000000  0.00000003i: elastic S-matrix  @@      0.00  0   0 F  0
 Reaction Xsec    53.0+/53 @ 3 =   0.000#, Out:   0.000#   0.000#   0.000f

   S-matrix    4 =    1.00000   0.00000 for L=   55, J=   54.5 channel on core I =   1.5 from L=   55,  Acc. loss =  0.0 D.
 Elastic phase shift   4 =    0.000   0.000 deg. for the L =   55, J =   54.5 channel.
      53.0  1.00000000  0.00000001i: elastic S-matrix  @@      0.00  0   0 F  0
 Reaction Xsec    53.0+/55 @ 4 =   0.000#, Out:   0.000#   0.000#   0.000f


 Total SPIN, PARITY =    53.0 -,      5 chs,      0 cc.  Rmin & Coul turning =    4.2   17.9
   S-matrix    1 =    1.00000   0.00000 for L=   52, J=   51.5 channel on core I =   1.5 from L=   52,  Acc. loss =  0.0 D.
 Elastic phase shift   1 =    0.000   0.000 deg. for the L =   52, J =   51.5 channel.
      53.0  1.00000000  0.00000001i: elastic S-matrix  @@      0.02  0   0 F  0
 Reaction Xsec    53.0-/52 @ 1 =   0.000#, Out:   0.000#   0.000#   0.000f

   S-matrix    2 =    1.00000   0.00000 for L=   52, J=   52.5 channel on core I =   1.5 from L=   52,  Acc. loss =  0.0 D.
 Elastic phase shift   2 =    0.000   0.000 deg. for the L =   52, J =   52.5 channel.
      53.0  1.00000000  0.00000001i: elastic S-matrix  @@      0.00  0   0 F  0
 Reaction Xsec    53.0-/52 @ 2 =   0.000#, Out:   0.000#   0.000#   0.000f

   S-matrix    3 =    1.00000   0.00000 for L=   54, J=   53.5 channel on core I =   1.5 from L=   54,  Acc. loss =  0.0 D.
 Elastic phase shift   3 =    0.000   0.000 deg. for the L =   54, J =   53.5 channel.
0****** WARNING : ACCURACY LOSS IN ERWIN = 14.4 DIGITS, SO EXPECT ERRORS OF   0.0000 % OF UNITARITY

      53.0  1.00000000  0.00000003i: elastic S-matrix  @@      0.00  0   0 F  0
 Reaction Xsec    53.0-/54 @ 3 =   0.000#, Out:   0.000#   0.000#   0.000f

   S-matrix    4 =    1.00000   0.00000 for L=   54, J=   54.5 channel on core I =   1.5 from L=   54,  Acc. loss =  0.0 D.
 Elastic phase shift   4 =    0.000   0.000 deg. for the L =   54, J =   54.5 channel.
      53.0  1.00000000  0.00000003i: elastic S-matrix  @@      0.00  0   0 F  0
 Reaction Xsec    53.0-/54 @ 4 =   0.000#, Out:   0.000#   0.000#   0.000f


 Total SPIN, PARITY =    54.0 +,      5 chs,      0 cc.  Rmin & Coul turning =    4.3   18.2
   S-matrix    1 =    1.00000   0.00000 for L=   53, J=   52.5 channel on core I =   1.5 from L=   53,  Acc. loss =  0.0 D.
 Elastic phase shift   1 =    0.000   0.000 deg. for the L =   53, J =   52.5 channel.
0****** WARNING : ACCURACY LOSS IN ERWIN = 14.4 DIGITS, SO EXPECT ERRORS OF   0.0000 % OF UNITARITY

      54.0  1.00000000  0.00000003i: elastic S-matrix  @@      0.02  0   0 F  0
 Reaction Xsec    54.0+/53 @ 1 =   0.000#, Out:   0.000#   0.000#   0.000f

   S-matrix    2 =    1.00000   0.00000 for L=   53, J=   53.5 channel on core I =   1.5 from L=   53,  Acc. loss =  0.0 D.
 Elastic phase shift   2 =    0.000   0.000 deg. for the L =   53, J =   53.5 channel.
      54.0  1.00000000  0.00000003i: elastic S-matrix  @@      0.02  0   0 F  0
 Reaction Xsec    54.0+/53 @ 2 =   0.000#, Out:   0.000#   0.000#   0.000f

   S-matrix    3 =    1.00000   0.00000 for L=   55, J=   54.5 channel on core I =   1.5 from L=   55,  Acc. loss =  0.0 D.
 Elastic phase shift   3 =    0.000   0.000 deg. for the L =   55, J =   54.5 channel.
      54.0  1.00000000  0.00000001i: elastic S-matrix  @@      0.00  0   0 F  0
 Reaction Xsec    54.0+/55 @ 3 =   0.000#, Out:   0.000#   0.000#   0.000f

   S-matrix    4 =    1.00000   0.00000 for L=   55, J=   55.5 channel on core I =   1.5 from L=   55,  Acc. loss =  0.0 D.
 Elastic phase shift   4 =    0.000   0.000 deg. for the L =   55, J =   55.5 channel.
0****** WARNING : ACCURACY LOSS IN ERWIN = 14.5 DIGITS, SO EXPECT ERRORS OF   0.0000 % OF UNITARITY

      54.0  1.00000000  0.00000001i: elastic S-matrix  @@      0.00  0   0 F  0
 Reaction Xsec    54.0+/55 @ 4 =   0.000#, Out:   0.000#   0.000#   0.000f


 Total SPIN, PARITY =    54.0 -,      4 chs,      0 cc.  Rmin & Coul turning =    4.3   18.2
   S-matrix    1 =    1.00000   0.00000 for L=   52, J=   52.5 channel on core I =   1.5 from L=   52,  Acc. loss =  0.0 D.
 Elastic phase shift   1 =    0.000   0.000 deg. for the L =   52, J =   52.5 channel.
      54.0  1.00000000  0.00000001i: elastic S-matrix  @@      0.00  0   0 F  0
 Reaction Xsec    54.0-/52 @ 1 =   0.000#, Out:   0.000#   0.000#   0.000f

   S-matrix    2 =    1.00000   0.00000 for L=   54, J=   53.5 channel on core I =   1.5 from L=   54,  Acc. loss =  0.0 D.
 Elastic phase shift   2 =    0.000   0.000 deg. for the L =   54, J =   53.5 channel.
      54.0  1.00000000  0.00000003i: elastic S-matrix  @@      0.00  0   0 F  0
 Reaction Xsec    54.0-/54 @ 2 =   0.000#, Out:   0.000#   0.000#   0.000f

   S-matrix    3 =    1.00000   0.00000 for L=   54, J=   54.5 channel on core I =   1.5 from L=   54,  Acc. loss =  0.0 D.
 Elastic phase shift   3 =    0.000   0.000 deg. for the L =   54, J =   54.5 channel.
      54.0  1.00000000  0.00000003i: elastic S-matrix  @@      0.00  0   0 F  0
 Reaction Xsec    54.0-/54 @ 3 =   0.000#, Out:   0.000#   0.000#   0.000f

   S-matrix    4 =    1.00000   0.00000 for L=   56, J=   55.5 channel on core I =   1.5 from L=   56,  Acc. loss =  0.0 D.
 Elastic phase shift   4 =    0.000   0.000 deg. for the L =   56, J =   55.5 channel.
      54.0  1.00000000  0.00000000i: elastic S-matrix  @@      0.00  0   0 F  0
 Reaction Xsec    54.0-/56 @ 4 =   0.000#, Out:   0.000#   0.000#   0.000f


 Total SPIN, PARITY =    55.0 +,      4 chs,      0 cc.  Rmin & Coul turning =    4.4   18.5
   S-matrix    1 =    1.00000   0.00000 for L=   53, J=   53.5 channel on core I =   1.5 from L=   53,  Acc. loss =  0.0 D.
 Elastic phase shift   1 =    0.000   0.000 deg. for the L =   53, J =   53.5 channel.
      55.0  1.00000000  0.00000003i: elastic S-matrix  @@      0.00  0   0 F  0
 Reaction Xsec    55.0+/53 @ 1 =   0.000#, Out:   0.000#   0.000#   0.000f

   S-matrix    2 =    1.00000   0.00000 for L=   55, J=   54.5 channel on core I =   1.5 from L=   55,  Acc. loss =  0.0 D.
 Elastic phase shift   2 =    0.000   0.000 deg. for the L =   55, J =   54.5 channel.
      55.0  1.00000000  0.00000001i: elastic S-matrix  @@      0.00  0   0 F  0
 Reaction Xsec    55.0+/55 @ 2 =   0.000#, Out:   0.000#   0.000#   0.000f

   S-matrix    3 =    1.00000   0.00000 for L=   55, J=   55.5 channel on core I =   1.5 from L=   55,  Acc. loss =  0.0 D.
 Elastic phase shift   3 =    0.000   0.000 deg. for the L =   55, J =   55.5 channel.
      55.0  1.00000000  0.00000001i: elastic S-matrix  @@      0.00  0   0 F  0
 Reaction Xsec    55.0+/55 @ 3 =   0.000#, Out:   0.000#   0.000#   0.000f

   S-matrix    4 =    1.00000   0.00000 for L=   57, J=   56.5 channel on core I =   1.5 from L=   57,  Acc. loss =  0.0 D.
 Elastic phase shift   4 =    0.000   0.000 deg. for the L =   57, J =   56.5 channel.
      55.0  1.00000000  0.00000002i: elastic S-matrix  @@      0.00  0   0 F  0
 Reaction Xsec    55.0+/57 @ 4 =   0.000#, Out:   0.000#   0.000#   0.000f


 Total SPIN, PARITY =    55.0 -,      5 chs,      0 cc.  Rmin & Coul turning =    4.4   18.5
   S-matrix    1 =    1.00000   0.00000 for L=   54, J=   53.5 channel on core I =   1.5 from L=   54,  Acc. loss =  0.0 D.
 Elastic phase shift   1 =    0.000   0.000 deg. for the L =   54, J =   53.5 channel.
      55.0  1.00000000  0.00000003i: elastic S-matrix  @@      0.02  0   0 F  0
 Reaction Xsec    55.0-/54 @ 1 =   0.000#, Out:   0.000#   0.000#   0.000f

   S-matrix    2 =    1.00000   0.00000 for L=   54, J=   54.5 channel on core I =   1.5 from L=   54,  Acc. loss =  0.0 D.
 Elastic phase shift   2 =    0.000   0.000 deg. for the L =   54, J =   54.5 channel.
      55.0  1.00000000  0.00000003i: elastic S-matrix  @@      0.00  0   0 F  0
 Reaction Xsec    55.0-/54 @ 2 =   0.000#, Out:   0.000#   0.000#   0.000f

   S-matrix    3 =    1.00000   0.00000 for L=   56, J=   55.5 channel on core I =   1.5 from L=   56,  Acc. loss =  0.0 D.
 Elastic phase shift   3 =    0.000   0.000 deg. for the L =   56, J =   55.5 channel.
0****** WARNING : ACCURACY LOSS IN ERWIN = 14.5 DIGITS, SO EXPECT ERRORS OF   0.0000 % OF UNITARITY

      55.0  1.00000000  0.00000000i: elastic S-matrix  @@      0.02  0   0 F  0
 Reaction Xsec    55.0-/56 @ 3 =   0.000#, Out:   0.000#   0.000#   0.000f

   S-matrix    4 =    1.00000   0.00000 for L=   56, J=   56.5 channel on core I =   1.5 from L=   56,  Acc. loss =  0.0 D.
 Elastic phase shift   4 =    0.000   0.000 deg. for the L =   56, J =   56.5 channel.
0****** WARNING : ACCURACY LOSS IN ERWIN = 14.6 DIGITS, SO EXPECT ERRORS OF   0.0000 % OF UNITARITY

      55.0  1.00000000  0.00000000i: elastic S-matrix  @@      0.00  0   0 F  0
 Reaction Xsec    55.0-/56 @ 4 =   0.000#, Out:   0.000#   0.000#   0.000f


 Total SPIN, PARITY =    56.0 +,      5 chs,      0 cc.  Rmin & Coul turning =    4.5   18.9
   S-matrix    1 =    1.00000   0.00000 for L=   55, J=   54.5 channel on core I =   1.5 from L=   55,  Acc. loss =  0.0 D.
 Elastic phase shift   1 =    0.000   0.000 deg. for the L =   55, J =   54.5 channel.
      56.0  1.00000000  0.00000001i: elastic S-matrix  @@      0.02  0   0 F  0
 Reaction Xsec    56.0+/55 @ 1 =   0.000#, Out:   0.000#   0.000#   0.000f

   S-matrix    2 =    1.00000   0.00000 for L=   55, J=   55.5 channel on core I =   1.5 from L=   55,  Acc. loss =  0.0 D.
 Elastic phase shift   2 =    0.000   0.000 deg. for the L =   55, J =   55.5 channel.
      56.0  1.00000000  0.00000001i: elastic S-matrix  @@      0.00  0   0 F  0
 Reaction Xsec    56.0+/55 @ 2 =   0.000#, Out:   0.000#   0.000#   0.000f

   S-matrix    3 =    1.00000   0.00000 for L=   57, J=   56.5 channel on core I =   1.5 from L=   57,  Acc. loss =  0.0 D.
 Elastic phase shift   3 =    0.000   0.000 deg. for the L =   57, J =   56.5 channel.
      56.0  1.00000000  0.00000002i: elastic S-matrix  @@      0.02  0   0 F  0
 Reaction Xsec    56.0+/57 @ 3 =   0.000#, Out:   0.000#   0.000#   0.000f

   S-matrix    4 =    1.00000   0.00000 for L=   57, J=   57.5 channel on core I =   1.5 from L=   57,  Acc. loss =  0.0 D.
 Elastic phase shift   4 =    0.000   0.000 deg. for the L =   57, J =   57.5 channel.
      56.0  1.00000000  0.00000002i: elastic S-matrix  @@      0.00  0   0 F  0
 Reaction Xsec    56.0+/57 @ 4 =   0.000#, Out:   0.000#   0.000#   0.000f


 Total SPIN, PARITY =    56.0 -,      4 chs,      0 cc.  Rmin & Coul turning =    4.5   18.9
   S-matrix    1 =    1.00000   0.00000 for L=   54, J=   54.5 channel on core I =   1.5 from L=   54,  Acc. loss =  0.0 D.
 Elastic phase shift   1 =    0.000   0.000 deg. for the L =   54, J =   54.5 channel.
      56.0  1.00000000  0.00000003i: elastic S-matrix  @@      0.00  0   0 F  0
 Reaction Xsec    56.0-/54 @ 1 =   0.000#, Out:   0.000#   0.000#   0.000f

   S-matrix    2 =    1.00000   0.00000 for L=   56, J=   55.5 channel on core I =   1.5 from L=   56,  Acc. loss =  0.0 D.
 Elastic phase shift   2 =    0.000   0.000 deg. for the L =   56, J =   55.5 channel.
      56.0  1.00000000  0.00000000i: elastic S-matrix  @@      0.00  0   0 F  0
 Reaction Xsec    56.0-/56 @ 2 =   0.000#, Out:   0.000#   0.000#   0.000f

   S-matrix    3 =    1.00000   0.00000 for L=   56, J=   56.5 channel on core I =   1.5 from L=   56,  Acc. loss =  0.0 D.
 Elastic phase shift   3 =    0.000   0.000 deg. for the L =   56, J =   56.5 channel.
      56.0  1.00000000  0.00000000i: elastic S-matrix  @@      0.00  0   0 F  0
 Reaction Xsec    56.0-/56 @ 3 =   0.000#, Out:   0.000#   0.000#   0.000f

   S-matrix    4 =    1.00000   0.00000 for L=   58, J=   57.5 channel on core I =   1.5 from L=   58,  Acc. loss =  0.0 D.
 Elastic phase shift   4 =    0.000   0.000 deg. for the L =   58, J =   57.5 channel.
      56.0  1.00000000  0.00000001i: elastic S-matrix  @@      0.00  0   0 F  0
 Reaction Xsec    56.0-/58 @ 4 =   0.000#, Out:   0.000#   0.000#   0.000f


 Total SPIN, PARITY =    57.0 +,      4 chs,      0 cc.  Rmin & Coul turning =    4.5   19.2
   S-matrix    1 =    1.00000   0.00000 for L=   55, J=   55.5 channel on core I =   1.5 from L=   55,  Acc. loss =  0.0 D.
 Elastic phase shift   1 =    0.000   0.000 deg. for the L =   55, J =   55.5 channel.
      57.0  1.00000000  0.00000001i: elastic S-matrix  @@      0.00  0   0 F  0
 Reaction Xsec    57.0+/55 @ 1 =   0.000#, Out:   0.000#   0.000#   0.000f

   S-matrix    2 =    1.00000   0.00000 for L=   57, J=   56.5 channel on core I =   1.5 from L=   57,  Acc. loss =  0.0 D.
 Elastic phase shift   2 =    0.000   0.000 deg. for the L =   57, J =   56.5 channel.
      57.0  1.00000000  0.00000002i: elastic S-matrix  @@      0.00  0   0 F  0
 Reaction Xsec    57.0+/57 @ 2 =   0.000#, Out:   0.000#   0.000#   0.000f

   S-matrix    3 =    1.00000   0.00000 for L=   57, J=   57.5 channel on core I =   1.5 from L=   57,  Acc. loss =  0.0 D.
 Elastic phase shift   3 =    0.000   0.000 deg. for the L =   57, J =   57.5 channel.
      57.0  1.00000000  0.00000002i: elastic S-matrix  @@      0.00  0   0 F  0
 Reaction Xsec    57.0+/57 @ 3 =   0.000#, Out:   0.000#   0.000#   0.000f

   S-matrix    4 =    1.00000  -0.00000 for L=   59, J=   58.5 channel on core I =   1.5 from L=   59,  Acc. loss =  0.0 D.
 Elastic phase shift   4 =   -0.000   0.000 deg. for the L =   59, J =   58.5 channel.
      57.0  1.00000000 -0.00000001i: elastic S-matrix  @@      0.00  0   0 F  0
 Reaction Xsec    57.0+/59 @ 4 =   0.000#, Out:   0.000#   0.000#   0.000f


 Total SPIN, PARITY =    57.0 -,      5 chs,      0 cc.  Rmin & Coul turning =    4.5   19.2
   S-matrix    1 =    1.00000   0.00000 for L=   56, J=   55.5 channel on core I =   1.5 from L=   56,  Acc. loss =  0.0 D.
 Elastic phase shift   1 =    0.000   0.000 deg. for the L =   56, J =   55.5 channel.
0****** WARNING : ACCURACY LOSS IN ERWIN = 14.2 DIGITS, SO EXPECT ERRORS OF   0.0000 % OF UNITARITY

      57.0  1.00000000  0.00000000i: elastic S-matrix  @@      0.02  0   0 F  0
 Reaction Xsec    57.0-/56 @ 1 =   0.000#, Out:   0.000#   0.000#   0.000f

   S-matrix    2 =    1.00000   0.00000 for L=   56, J=   56.5 channel on core I =   1.5 from L=   56,  Acc. loss =  0.0 D.
 Elastic phase shift   2 =    0.000   0.000 deg. for the L =   56, J =   56.5 channel.
0****** WARNING : ACCURACY LOSS IN ERWIN = 14.7 DIGITS, SO EXPECT ERRORS OF   0.0000 % OF UNITARITY

      57.0  1.00000000  0.00000000i: elastic S-matrix  @@      0.00  0   0 F  0
 Reaction Xsec    57.0-/56 @ 2 =   0.000#, Out:   0.000#   0.000#   0.000f

   S-matrix    3 =    1.00000   0.00000 for L=   58, J=   57.5 channel on core I =   1.5 from L=   58,  Acc. loss =  0.0 D.
 Elastic phase shift   3 =    0.000   0.000 deg. for the L =   58, J =   57.5 channel.
      57.0  1.00000000  0.00000001i: elastic S-matrix  @@      0.02  0   0 F  0
 Reaction Xsec    57.0-/58 @ 3 =   0.000#, Out:   0.000#   0.000#   0.000f

   S-matrix    4 =    1.00000   0.00000 for L=   58, J=   58.5 channel on core I =   1.5 from L=   58,  Acc. loss =  0.0 D.
 Elastic phase shift   4 =    0.000   0.000 deg. for the L =   58, J =   58.5 channel.
0****** WARNING : ACCURACY LOSS IN ERWIN = 14.2 DIGITS, SO EXPECT ERRORS OF   0.0000 % OF UNITARITY

      57.0  1.00000000  0.00000001i: elastic S-matrix  @@      0.00  0   0 F  0
 Reaction Xsec    57.0-/58 @ 4 =   0.000#, Out:   0.000#   0.000#   0.000f


 Total SPIN, PARITY =    58.0 +,      5 chs,      0 cc.  Rmin & Coul turning =    4.6   19.5
   S-matrix    1 =    1.00000   0.00000 for L=   57, J=   56.5 channel on core I =   1.5 from L=   57,  Acc. loss =  0.0 D.
 Elastic phase shift   1 =    0.000   0.000 deg. for the L =   57, J =   56.5 channel.
0****** WARNING : ACCURACY LOSS IN ERWIN = 14.3 DIGITS, SO EXPECT ERRORS OF   0.0000 % OF UNITARITY

      58.0  1.00000000  0.00000002i: elastic S-matrix  @@      0.02  0   0 F  0
 Reaction Xsec    58.0+/57 @ 1 =   0.000#, Out:   0.000#   0.000#   0.000f

   S-matrix    2 =    1.00000   0.00000 for L=   57, J=   57.5 channel on core I =   1.5 from L=   57,  Acc. loss =  0.0 D.
 Elastic phase shift   2 =    0.000   0.000 deg. for the L =   57, J =   57.5 channel.
0****** WARNING : ACCURACY LOSS IN ERWIN = 15.0 DIGITS, SO EXPECT ERRORS OF   0.0000 % OF UNITARITY

      58.0  1.00000000  0.00000002i: elastic S-matrix  @@      0.00  0   0 F  0
 Reaction Xsec    58.0+/57 @ 2 =   0.000#, Out:   0.000#   0.000#   0.000f

   S-matrix    3 =    1.00000  -0.00000 for L=   59, J=   58.5 channel on core I =   1.5 from L=   59,  Acc. loss =  0.0 D.
 Elastic phase shift   3 =   -0.000   0.000 deg. for the L =   59, J =   58.5 channel.
      58.0  1.00000000 -0.00000001i: elastic S-matrix  @@      0.00  0   0 F  0
 Reaction Xsec    58.0+/59 @ 3 =   0.000#, Out:   0.000#   0.000#   0.000f

   S-matrix    4 =    1.00000  -0.00000 for L=   59, J=   59.5 channel on core I =   1.5 from L=   59,  Acc. loss =  0.0 D.
 Elastic phase shift   4 =   -0.000   0.000 deg. for the L =   59, J =   59.5 channel.
0****** WARNING : ACCURACY LOSS IN ERWIN = 14.6 DIGITS, SO EXPECT ERRORS OF   0.0000 % OF UNITARITY

      58.0  1.00000000 -0.00000001i: elastic S-matrix  @@      0.02  0   0 F  0
 Reaction Xsec    58.0+/59 @ 4 =   0.000#, Out:   0.000#   0.000#   0.000f


 Total SPIN, PARITY =    58.0 -,      4 chs,      0 cc.  Rmin & Coul turning =    4.6   19.5
   S-matrix    1 =    1.00000   0.00000 for L=   56, J=   56.5 channel on core I =   1.5 from L=   56,  Acc. loss =  0.0 D.
 Elastic phase shift   1 =    0.000   0.000 deg. for the L =   56, J =   56.5 channel.
      58.0  1.00000000  0.00000000i: elastic S-matrix  @@      0.00  0   0 F  0
 Reaction Xsec    58.0-/56 @ 1 =   0.000#, Out:   0.000#   0.000#   0.000f

   S-matrix    2 =    1.00000   0.00000 for L=   58, J=   57.5 channel on core I =   1.5 from L=   58,  Acc. loss =  0.0 D.
 Elastic phase shift   2 =    0.000   0.000 deg. for the L =   58, J =   57.5 channel.
      58.0  1.00000000  0.00000001i: elastic S-matrix  @@      0.00  0   0 F  0
 Reaction Xsec    58.0-/58 @ 2 =   0.000#, Out:   0.000#   0.000#   0.000f

   S-matrix    3 =    1.00000   0.00000 for L=   58, J=   58.5 channel on core I =   1.5 from L=   58,  Acc. loss =  0.0 D.
 Elastic phase shift   3 =    0.000   0.000 deg. for the L =   58, J =   58.5 channel.
      58.0  1.00000000  0.00000001i: elastic S-matrix  @@      0.00  0   0 F  0
 Reaction Xsec    58.0-/58 @ 3 =   0.000#, Out:   0.000#   0.000#   0.000f

   S-matrix    4 =    1.00000  -0.00000 for L=   60, J=   59.5 channel on core I =   1.5 from L=   60,  Acc. loss =  0.0 D.
 Elastic phase shift   4 =   -0.000   0.000 deg. for the L =   60, J =   59.5 channel.
      58.0  1.00000000 -0.00000000i: elastic S-matrix  @@      0.00  0   0 F  0
 Reaction Xsec    58.0-/60 @ 4 =   0.000#, Out:   0.000#   0.000#   0.000f


 Total SPIN, PARITY =    59.0 +,      4 chs,      0 cc.  Rmin & Coul turning =    4.7   19.9
   S-matrix    1 =    1.00000   0.00000 for L=   57, J=   57.5 channel on core I =   1.5 from L=   57,  Acc. loss =  0.0 D.
 Elastic phase shift   1 =    0.000   0.000 deg. for the L =   57, J =   57.5 channel.
      59.0  1.00000000  0.00000002i: elastic S-matrix  @@      0.00  0   0 F  0
 Reaction Xsec    59.0+/57 @ 1 =   0.000#, Out:   0.000#   0.000#   0.000f

   S-matrix    2 =    1.00000  -0.00000 for L=   59, J=   58.5 channel on core I =   1.5 from L=   59,  Acc. loss =  0.0 D.
 Elastic phase shift   2 =   -0.000   0.000 deg. for the L =   59, J =   58.5 channel.
      59.0  1.00000000 -0.00000001i: elastic S-matrix  @@      0.00  0   0 F  0
 Reaction Xsec    59.0+/59 @ 2 =   0.000#, Out:   0.000#   0.000#   0.000f

   S-matrix    3 =    1.00000  -0.00000 for L=   59, J=   59.5 channel on core I =   1.5 from L=   59,  Acc. loss =  0.0 D.
 Elastic phase shift   3 =   -0.000   0.000 deg. for the L =   59, J =   59.5 channel.
      59.0  1.00000000 -0.00000001i: elastic S-matrix  @@      0.00  0   0 F  0
 Reaction Xsec    59.0+/59 @ 3 =   0.000#, Out:   0.000#   0.000#   0.000f

   S-matrix    4 =    1.00000   0.00000 for L=   61, J=   60.5 channel on core I =   1.5 from L=   61,  Acc. loss =  0.0 D.
 Elastic phase shift   4 =    0.000   0.000 deg. for the L =   61, J =   60.5 channel.
      59.0  1.00000000  0.00000001i: elastic S-matrix  @@      0.00  0   0 F  0
 Reaction Xsec    59.0+/61 @ 4 =   0.000#, Out:   0.000#   0.000#   0.000f


 Total SPIN, PARITY =    59.0 -,      5 chs,      0 cc.  Rmin & Coul turning =    4.7   19.9
   S-matrix    1 =    1.00000   0.00000 for L=   58, J=   57.5 channel on core I =   1.5 from L=   58,  Acc. loss =  0.0 D.
 Elastic phase shift   1 =    0.000   0.000 deg. for the L =   58, J =   57.5 channel.
      59.0  1.00000000  0.00000001i: elastic S-matrix  @@      0.02  0   0 F  0
 Reaction Xsec    59.0-/58 @ 1 =   0.000#, Out:   0.000#   0.000#   0.000f

   S-matrix    2 =    1.00000   0.00000 for L=   58, J=   58.5 channel on core I =   1.5 from L=   58,  Acc. loss =  0.0 D.
 Elastic phase shift   2 =    0.000   0.000 deg. for the L =   58, J =   58.5 channel.
      59.0  1.00000000  0.00000001i: elastic S-matrix  @@      0.00  0   0 F  0
 Reaction Xsec    59.0-/58 @ 2 =   0.000#, Out:   0.000#   0.000#   0.000f

   S-matrix    3 =    1.00000  -0.00000 for L=   60, J=   59.5 channel on core I =   1.5 from L=   60,  Acc. loss =  0.0 D.
 Elastic phase shift   3 =   -0.000   0.000 deg. for the L =   60, J =   59.5 channel.
      59.0  1.00000000 -0.00000000i: elastic S-matrix  @@      0.00  0   0 F  0
 Reaction Xsec    59.0-/60 @ 3 =   0.000#, Out:   0.000#   0.000#   0.000f

   S-matrix    4 =    1.00000  -0.00000 for L=   60, J=   60.5 channel on core I =   1.5 from L=   60,  Acc. loss =  0.0 D.
 Elastic phase shift   4 =   -0.000   0.000 deg. for the L =   60, J =   60.5 channel.
      59.0  1.00000000 -0.00000000i: elastic S-matrix  @@      0.02  0   0 F  0
 Reaction Xsec    59.0-/60 @ 4 =   0.000#, Out:   0.000#   0.000#   0.000f


 Total SPIN, PARITY =    60.0 +,      5 chs,      0 cc.  Rmin & Coul turning =    4.8   20.2
   S-matrix    1 =    1.00000  -0.00000 for L=   59, J=   58.5 channel on core I =   1.5 from L=   59,  Acc. loss =  0.0 D.
 Elastic phase shift   1 =   -0.000   0.000 deg. for the L =   59, J =   58.5 channel.
0****** WARNING : ACCURACY LOSS IN ERWIN = 15.0 DIGITS, SO EXPECT ERRORS OF   0.0000 % OF UNITARITY

      60.0  1.00000000 -0.00000001i: elastic S-matrix  @@      0.00  0   0 F  0
 Reaction Xsec    60.0+/59 @ 1 =   0.000#, Out:   0.000#   0.000#   0.000f

   S-matrix    2 =    1.00000  -0.00000 for L=   59, J=   59.5 channel on core I =   1.5 from L=   59,  Acc. loss =  0.0 D.
 Elastic phase shift   2 =   -0.000   0.000 deg. for the L =   59, J =   59.5 channel.
0****** WARNING : ACCURACY LOSS IN ERWIN = 14.2 DIGITS, SO EXPECT ERRORS OF   0.0000 % OF UNITARITY

      60.0  1.00000000 -0.00000001i: elastic S-matrix  @@      0.02  0   0 F  0
 Reaction Xsec    60.0+/59 @ 2 =   0.000#, Out:   0.000#   0.000#   0.000f

   S-matrix    3 =    1.00000   0.00000 for L=   61, J=   60.5 channel on core I =   1.5 from L=   61,  Acc. loss =  0.0 D.
 Elastic phase shift   3 =    0.000   0.000 deg. for the L =   61, J =   60.5 channel.
      60.0  1.00000000  0.00000001i: elastic S-matrix  @@      0.00  0   0 F  0
 Reaction Xsec    60.0+/61 @ 3 =   0.000#, Out:   0.000#   0.000#   0.000f

   S-matrix    4 =    1.00000   0.00000 for L=   61, J=   61.5 channel on core I =   1.5 from L=   61,  Acc. loss =  0.0 D.
 Elastic phase shift   4 =    0.000   0.000 deg. for the L =   61, J =   61.5 channel.
0****** WARNING : ACCURACY LOSS IN ERWIN = 14.4 DIGITS, SO EXPECT ERRORS OF   0.0000 % OF UNITARITY

      60.0  1.00000000  0.00000001i: elastic S-matrix  @@      0.00  0   0 F  0
 Reaction Xsec    60.0+/61 @ 4 =   0.000#, Out:   0.000#   0.000#   0.000f


 Total SPIN, PARITY =    60.0 -,      4 chs,      0 cc.  Rmin & Coul turning =    4.8   20.2
   S-matrix    1 =    1.00000   0.00000 for L=   58, J=   58.5 channel on core I =   1.5 from L=   58,  Acc. loss =  0.0 D.
 Elastic phase shift   1 =    0.000   0.000 deg. for the L =   58, J =   58.5 channel.
      60.0  1.00000000  0.00000001i: elastic S-matrix  @@      0.00  0   0 F  0
 Reaction Xsec    60.0-/58 @ 1 =   0.000#, Out:   0.000#   0.000#   0.000f

   S-matrix    2 =    1.00000  -0.00000 for L=   60, J=   59.5 channel on core I =   1.5 from L=   60,  Acc. loss =  0.0 D.
 Elastic phase shift   2 =   -0.000   0.000 deg. for the L =   60, J =   59.5 channel.
      60.0  1.00000000 -0.00000000i: elastic S-matrix  @@      0.00  0   0 F  0
 Reaction Xsec    60.0-/60 @ 2 =   0.000#, Out:   0.000#   0.000#   0.000f

   S-matrix    3 =    1.00000  -0.00000 for L=   60, J=   60.5 channel on core I =   1.5 from L=   60,  Acc. loss =  0.0 D.
 Elastic phase shift   3 =   -0.000   0.000 deg. for the L =   60, J =   60.5 channel.
      60.0  1.00000000 -0.00000000i: elastic S-matrix  @@      0.00  0   0 F  0
 Reaction Xsec    60.0-/60 @ 3 =   0.000#, Out:   0.000#   0.000#   0.000f

   S-matrix    4 =    1.00000  -0.00000 for L=   62, J=   61.5 channel on core I =   1.5 from L=   62,  Acc. loss =  0.0 D.
 Elastic phase shift   4 =   -0.000   0.000 deg. for the L =   62, J =   61.5 channel.
      60.0  1.00000000 -0.00000000i: elastic S-matrix  @@      0.00  0   0 F  0
 Reaction Xsec    60.0-/62 @ 4 =   0.000#, Out:   0.000#   0.000#   0.000f


 Total SPIN, PARITY =    61.0 +,      4 chs,      0 cc.  Rmin & Coul turning =    4.9   20.5
   S-matrix    1 =    1.00000  -0.00000 for L=   59, J=   59.5 channel on core I =   1.5 from L=   59,  Acc. loss =  0.0 D.
 Elastic phase shift   1 =   -0.000   0.000 deg. for the L =   59, J =   59.5 channel.
      61.0  1.00000000 -0.00000001i: elastic S-matrix  @@      0.00  0   0 F  0
 Reaction Xsec    61.0+/59 @ 1 =   0.000#, Out:   0.000#   0.000#   0.000f

   S-matrix    2 =    1.00000   0.00000 for L=   61, J=   60.5 channel on core I =   1.5 from L=   61,  Acc. loss =  0.0 D.
 Elastic phase shift   2 =    0.000   0.000 deg. for the L =   61, J =   60.5 channel.
      61.0  1.00000000  0.00000001i: elastic S-matrix  @@      0.00  0   0 F  0
 Reaction Xsec    61.0+/61 @ 2 =   0.000#, Out:   0.000#   0.000#   0.000f

   S-matrix    3 =    1.00000   0.00000 for L=   61, J=   61.5 channel on core I =   1.5 from L=   61,  Acc. loss =  0.0 D.
 Elastic phase shift   3 =    0.000   0.000 deg. for the L =   61, J =   61.5 channel.
      61.0  1.00000000  0.00000001i: elastic S-matrix  @@      0.00  0   0 F  0
 Reaction Xsec    61.0+/61 @ 3 =   0.000#, Out:   0.000#   0.000#   0.000f

   S-matrix    4 =    1.00000  -0.00000 for L=   63, J=   62.5 channel on core I =   1.5 from L=   63,  Acc. loss =  0.0 D.
 Elastic phase shift   4 =   -0.000   0.000 deg. for the L =   63, J =   62.5 channel.
      61.0  1.00000000 -0.00000003i: elastic S-matrix  @@      0.00  0   0 F  0
 Reaction Xsec    61.0+/63 @ 4 =   0.000#, Out:   0.000#   0.000#   0.000f


 Total SPIN, PARITY =    61.0 -,      5 chs,      0 cc.  Rmin & Coul turning =    4.9   20.5
   S-matrix    1 =    1.00000  -0.00000 for L=   60, J=   59.5 channel on core I =   1.5 from L=   60,  Acc. loss =  0.0 D.
 Elastic phase shift   1 =   -0.000   0.000 deg. for the L =   60, J =   59.5 channel.
0****** WARNING : ACCURACY LOSS IN ERWIN = 14.2 DIGITS, SO EXPECT ERRORS OF   0.0000 % OF UNITARITY

      61.0  1.00000000 -0.00000000i: elastic S-matrix  @@      0.02  0   0 F  0
 Reaction Xsec    61.0-/60 @ 1 =   0.000#, Out:   0.000#   0.000#   0.000f

   S-matrix    2 =    1.00000  -0.00000 for L=   60, J=   60.5 channel on core I =   1.5 from L=   60,  Acc. loss =  0.0 D.
 Elastic phase shift   2 =   -0.000   0.000 deg. for the L =   60, J =   60.5 channel.
0****** WARNING : ACCURACY LOSS IN ERWIN = 14.3 DIGITS, SO EXPECT ERRORS OF   0.0000 % OF UNITARITY

      61.0  1.00000000 -0.00000000i: elastic S-matrix  @@      0.00  0   0 F  0
 Reaction Xsec    61.0-/60 @ 2 =   0.000#, Out:   0.000#   0.000#   0.000f

   S-matrix    3 =    1.00000  -0.00000 for L=   62, J=   61.5 channel on core I =   1.5 from L=   62,  Acc. loss =  0.0 D.
 Elastic phase shift   3 =   -0.000   0.000 deg. for the L =   62, J =   61.5 channel.
0****** WARNING : ACCURACY LOSS IN ERWIN = 14.2 DIGITS, SO EXPECT ERRORS OF   0.0000 % OF UNITARITY

      61.0  1.00000000 -0.00000000i: elastic S-matrix  @@      0.02  0   0 F  0
 Reaction Xsec    61.0-/62 @ 3 =   0.000#, Out:   0.000#   0.000#   0.000f

   S-matrix    4 =    1.00000  -0.00000 for L=   62, J=   62.5 channel on core I =   1.5 from L=   62,  Acc. loss =  0.0 D.
 Elastic phase shift   4 =   -0.000   0.000 deg. for the L =   62, J =   62.5 channel.
      61.0  1.00000000 -0.00000000i: elastic S-matrix  @@      0.00  0   0 F  0
 Reaction Xsec    61.0-/62 @ 4 =   0.000#, Out:   0.000#   0.000#   0.000f


 Total SPIN, PARITY =    62.0 +,      5 chs,      0 cc.  Rmin & Coul turning =    5.0   20.9
   S-matrix    1 =    1.00000   0.00000 for L=   61, J=   60.5 channel on core I =   1.5 from L=   61,  Acc. loss =  0.0 D.
 Elastic phase shift   1 =    0.000   0.000 deg. for the L =   61, J =   60.5 channel.
      62.0  1.00000000  0.00000001i: elastic S-matrix  @@      0.02  0   0 F  0
 Reaction Xsec    62.0+/61 @ 1 =   0.000#, Out:   0.000#   0.000#  -0.000f

   S-matrix    2 =    1.00000   0.00000 for L=   61, J=   61.5 channel on core I =   1.5 from L=   61,  Acc. loss =  0.0 D.
 Elastic phase shift   2 =    0.000   0.000 deg. for the L =   61, J =   61.5 channel.
      62.0  1.00000000  0.00000001i: elastic S-matrix  @@      0.00  0   0 F  0
 Reaction Xsec    62.0+/61 @ 2 =   0.000#, Out:   0.000#   0.000#   0.000f

   S-matrix    3 =    1.00000  -0.00000 for L=   63, J=   62.5 channel on core I =   1.5 from L=   63,  Acc. loss =  0.0 D.
 Elastic phase shift   3 =   -0.000   0.000 deg. for the L =   63, J =   62.5 channel.
      62.0  1.00000000 -0.00000003i: elastic S-matrix  @@      0.02  0   0 F  0
 Reaction Xsec    62.0+/63 @ 3 =   0.000#, Out:   0.000#   0.000#   0.000f

   S-matrix    4 =    1.00000  -0.00000 for L=   63, J=   63.5 channel on core I =   1.5 from L=   63,  Acc. loss =  0.0 D.
 Elastic phase shift   4 =   -0.000   0.000 deg. for the L =   63, J =   63.5 channel.
0****** WARNING : ACCURACY LOSS IN ERWIN = 14.7 DIGITS, SO EXPECT ERRORS OF   0.0000 % OF UNITARITY

      62.0  1.00000000 -0.00000003i: elastic S-matrix  @@      0.00  0   0 F  0
 Reaction Xsec    62.0+/63 @ 4 =   0.000#, Out:   0.000#   0.000#   0.000f


 Total SPIN, PARITY =    62.0 -,      4 chs,      0 cc.  Rmin & Coul turning =    5.0   20.9
   S-matrix    1 =    1.00000  -0.00000 for L=   60, J=   60.5 channel on core I =   1.5 from L=   60,  Acc. loss =  0.0 D.
 Elastic phase shift   1 =   -0.000   0.000 deg. for the L =   60, J =   60.5 channel.
      62.0  1.00000000 -0.00000000i: elastic S-matrix  @@      0.00  0   0 F  0
 Reaction Xsec    62.0-/60 @ 1 =   0.000#, Out:   0.000#   0.000#   0.000f

   S-matrix    2 =    1.00000  -0.00000 for L=   62, J=   61.5 channel on core I =   1.5 from L=   62,  Acc. loss =  0.0 D.
 Elastic phase shift   2 =   -0.000   0.000 deg. for the L =   62, J =   61.5 channel.
      62.0  1.00000000 -0.00000000i: elastic S-matrix  @@      0.00  0   0 F  0
 Reaction Xsec    62.0-/62 @ 2 =   0.000#, Out:   0.000#   0.000#   0.000f

   S-matrix    3 =    1.00000  -0.00000 for L=   62, J=   62.5 channel on core I =   1.5 from L=   62,  Acc. loss =  0.0 D.
 Elastic phase shift   3 =   -0.000   0.000 deg. for the L =   62, J =   62.5 channel.
      62.0  1.00000000 -0.00000000i: elastic S-matrix  @@      0.00  0   0 F  0
 Reaction Xsec    62.0-/62 @ 3 =   0.000#, Out:   0.000#   0.000#   0.000f

   S-matrix    4 =    1.00000  -0.00000 for L=   64, J=   63.5 channel on core I =   1.5 from L=   64,  Acc. loss =  0.0 D.
 Elastic phase shift   4 =   -0.000   0.000 deg. for the L =   64, J =   63.5 channel.
      62.0  1.00000000 -0.00000001i: elastic S-matrix  @@      0.00  0   0 F  0
 Reaction Xsec    62.0-/64 @ 4 =   0.000#, Out:   0.000#   0.000#   0.000f


 Total SPIN, PARITY =    63.0 +,      4 chs,      0 cc.  Rmin & Coul turning =    5.0   21.2
   S-matrix    1 =    1.00000   0.00000 for L=   61, J=   61.5 channel on core I =   1.5 from L=   61,  Acc. loss =  0.0 D.
 Elastic phase shift   1 =    0.000   0.000 deg. for the L =   61, J =   61.5 channel.
      63.0  1.00000000  0.00000001i: elastic S-matrix  @@      0.00  0   0 F  0
 Reaction Xsec    63.0+/61 @ 1 =   0.000#, Out:   0.000#   0.000#   0.000f

   S-matrix    2 =    1.00000  -0.00000 for L=   63, J=   62.5 channel on core I =   1.5 from L=   63,  Acc. loss =  0.0 D.
 Elastic phase shift   2 =   -0.000   0.000 deg. for the L =   63, J =   62.5 channel.
      63.0  1.00000000 -0.00000003i: elastic S-matrix  @@      0.00  0   0 F  0
 Reaction Xsec    63.0+/63 @ 2 =   0.000#, Out:   0.000#   0.000#   0.000f

   S-matrix    3 =    1.00000  -0.00000 for L=   63, J=   63.5 channel on core I =   1.5 from L=   63,  Acc. loss =  0.0 D.
 Elastic phase shift   3 =   -0.000   0.000 deg. for the L =   63, J =   63.5 channel.
      63.0  1.00000000 -0.00000003i: elastic S-matrix  @@      0.00  0   0 F  0
 Reaction Xsec    63.0+/63 @ 3 =   0.000#, Out:   0.000#   0.000#   0.000f

   S-matrix    4 =    1.00000   0.00000 for L=   65, J=   64.5 channel on core I =   1.5 from L=   65,  Acc. loss =  0.0 D.
 Elastic phase shift   4 =    0.000   0.000 deg. for the L =   65, J =   64.5 channel.
      63.0  1.00000000  0.00000000i: elastic S-matrix  @@      0.00  0   0 F  0
 Reaction Xsec    63.0+/65 @ 4 =   0.000#, Out:   0.000#   0.000#   0.000f


 Total SPIN, PARITY =    63.0 -,      5 chs,      0 cc.  Rmin & Coul turning =    5.0   21.2
   S-matrix    1 =    1.00000  -0.00000 for L=   62, J=   61.5 channel on core I =   1.5 from L=   62,  Acc. loss =  0.0 D.
 Elastic phase shift   1 =   -0.000   0.000 deg. for the L =   62, J =   61.5 channel.
0****** WARNING : ACCURACY LOSS IN ERWIN = 14.2 DIGITS, SO EXPECT ERRORS OF   0.0000 % OF UNITARITY

      63.0  1.00000000 -0.00000000i: elastic S-matrix  @@      0.02  0   0 F  0
 Reaction Xsec    63.0-/62 @ 1 =   0.000#, Out:   0.000#   0.000#   0.000f

   S-matrix    2 =    1.00000  -0.00000 for L=   62, J=   62.5 channel on core I =   1.5 from L=   62,  Acc. loss =  0.0 D.
 Elastic phase shift   2 =   -0.000   0.000 deg. for the L =   62, J =   62.5 channel.
0****** WARNING : ACCURACY LOSS IN ERWIN = 14.5 DIGITS, SO EXPECT ERRORS OF   0.0000 % OF UNITARITY

      63.0  1.00000000 -0.00000000i: elastic S-matrix  @@      0.00  0   0 F  0
 Reaction Xsec    63.0-/62 @ 2 =   0.000#, Out:   0.000#   0.000#   0.000f

   S-matrix    3 =    1.00000  -0.00000 for L=   64, J=   63.5 channel on core I =   1.5 from L=   64,  Acc. loss =  0.0 D.
 Elastic phase shift   3 =   -0.000   0.000 deg. for the L =   64, J =   63.5 channel.
0****** WARNING : ACCURACY LOSS IN ERWIN = 14.7 DIGITS, SO EXPECT ERRORS OF   0.0000 % OF UNITARITY

      63.0  1.00000000 -0.00000001i: elastic S-matrix  @@      0.00  0   0 F  0
 Reaction Xsec    63.0-/64 @ 3 =   0.000#, Out:   0.000#   0.000#   0.000f

   S-matrix    4 =    1.00000  -0.00000 for L=   64, J=   64.5 channel on core I =   1.5 from L=   64,  Acc. loss =  0.0 D.
 Elastic phase shift   4 =   -0.000   0.000 deg. for the L =   64, J =   64.5 channel.
0****** WARNING : ACCURACY LOSS IN ERWIN = 14.8 DIGITS, SO EXPECT ERRORS OF   0.0000 % OF UNITARITY

      63.0  1.00000000 -0.00000001i: elastic S-matrix  @@      0.02  0   0 F  0
 Reaction Xsec    63.0-/64 @ 4 =   0.000#, Out:   0.000#   0.000#   0.000f


 Total SPIN, PARITY =    64.0 +,      5 chs,      0 cc.  Rmin & Coul turning =    5.1   21.5
   S-matrix    1 =    1.00000  -0.00000 for L=   63, J=   62.5 channel on core I =   1.5 from L=   63,  Acc. loss =  0.0 D.
 Elastic phase shift   1 =   -0.000   0.000 deg. for the L =   63, J =   62.5 channel.
0****** WARNING : ACCURACY LOSS IN ERWIN = 14.2 DIGITS, SO EXPECT ERRORS OF   0.0000 % OF UNITARITY

      64.0  1.00000000 -0.00000003i: elastic S-matrix  @@      0.00  0   0 F  0
 Reaction Xsec    64.0+/63 @ 1 =   0.000#, Out:   0.000#   0.000#  -0.000f

   S-matrix    2 =    1.00000  -0.00000 for L=   63, J=   63.5 channel on core I =   1.5 from L=   63,  Acc. loss =  0.0 D.
 Elastic phase shift   2 =   -0.000   0.000 deg. for the L =   63, J =   63.5 channel.
      64.0  1.00000000 -0.00000003i: elastic S-matrix  @@      0.02  0   0 F  0
 Reaction Xsec    64.0+/63 @ 2 =   0.000#, Out:   0.000#   0.000#  -0.000f

   S-matrix    3 =    1.00000   0.00000 for L=   65, J=   64.5 channel on core I =   1.5 from L=   65,  Acc. loss =  0.0 D.
 Elastic phase shift   3 =    0.000   0.000 deg. for the L =   65, J =   64.5 channel.
0****** WARNING : ACCURACY LOSS IN ERWIN = 15.1 DIGITS, SO EXPECT ERRORS OF   0.0000 % OF UNITARITY

      64.0  1.00000000  0.00000000i: elastic S-matrix  @@      0.00  0   0 F  0
 Reaction Xsec    64.0+/65 @ 3 =   0.000#, Out:   0.000#   0.000#   0.000f

   S-matrix    4 =    1.00000   0.00000 for L=   65, J=   65.5 channel on core I =   1.5 from L=   65,  Acc. loss =  0.0 D.
 Elastic phase shift   4 =    0.000   0.000 deg. for the L =   65, J =   65.5 channel.
      64.0  1.00000000  0.00000000i: elastic S-matrix  @@      0.00  0   0 F  0
 Reaction Xsec    64.0+/65 @ 4 =   0.000#, Out:   0.000#   0.000#  -0.000f


 Total SPIN, PARITY =    64.0 -,      4 chs,      0 cc.  Rmin & Coul turning =    5.1   21.5
   S-matrix    1 =    1.00000  -0.00000 for L=   62, J=   62.5 channel on core I =   1.5 from L=   62,  Acc. loss =  0.0 D.
 Elastic phase shift   1 =   -0.000   0.000 deg. for the L =   62, J =   62.5 channel.
      64.0  1.00000000 -0.00000000i: elastic S-matrix  @@      0.00  0   0 F  0
 Reaction Xsec    64.0-/62 @ 1 =   0.000#, Out:   0.000#   0.000#   0.000f

   S-matrix    2 =    1.00000  -0.00000 for L=   64, J=   63.5 channel on core I =   1.5 from L=   64,  Acc. loss =  0.0 D.
 Elastic phase shift   2 =   -0.000   0.000 deg. for the L =   64, J =   63.5 channel.
      64.0  1.00000000 -0.00000001i: elastic S-matrix  @@      0.00  0   0 F  0
 Reaction Xsec    64.0-/64 @ 2 =   0.000#, Out:   0.000#   0.000#   0.000f

   S-matrix    3 =    1.00000  -0.00000 for L=   64, J=   64.5 channel on core I =   1.5 from L=   64,  Acc. loss =  0.0 D.
 Elastic phase shift   3 =   -0.000   0.000 deg. for the L =   64, J =   64.5 channel.
      64.0  1.00000000 -0.00000001i: elastic S-matrix  @@      0.00  0   0 F  0
 Reaction Xsec    64.0-/64 @ 3 =   0.000#, Out:   0.000#   0.000#   0.000f

   S-matrix    4 =    1.00000  -0.00000 for L=   66, J=   65.5 channel on core I =   1.5 from L=   66,  Acc. loss =  0.0 D.
 Elastic phase shift   4 =   -0.000   0.000 deg. for the L =   66, J =   65.5 channel.
      64.0  1.00000000 -0.00000001i: elastic S-matrix  @@      0.00  0   0 F  0
 Reaction Xsec    64.0-/66 @ 4 =   0.000#, Out:   0.000#   0.000#   0.000f


 Total SPIN, PARITY =    65.0 +,      4 chs,      0 cc.  Rmin & Coul turning =    5.2   21.9
   S-matrix    1 =    1.00000  -0.00000 for L=   63, J=   63.5 channel on core I =   1.5 from L=   63,  Acc. loss =  0.0 D.
 Elastic phase shift   1 =   -0.000   0.000 deg. for the L =   63, J =   63.5 channel.
      65.0  1.00000000 -0.00000003i: elastic S-matrix  @@      0.00  0   0 F  0
 Reaction Xsec    65.0+/63 @ 1 =   0.000#, Out:   0.000#   0.000#   0.000f

   S-matrix    2 =    1.00000   0.00000 for L=   65, J=   64.5 channel on core I =   1.5 from L=   65,  Acc. loss =  0.0 D.
 Elastic phase shift   2 =    0.000   0.000 deg. for the L =   65, J =   64.5 channel.
      65.0  1.00000000  0.00000000i: elastic S-matrix  @@      0.00  0   0 F  0
 Reaction Xsec    65.0+/65 @ 2 =   0.000#, Out:   0.000#   0.000#   0.000f

   S-matrix    3 =    1.00000   0.00000 for L=   65, J=   65.5 channel on core I =   1.5 from L=   65,  Acc. loss =  0.0 D.
 Elastic phase shift   3 =    0.000   0.000 deg. for the L =   65, J =   65.5 channel.
      65.0  1.00000000  0.00000000i: elastic S-matrix  @@      0.00  0   0 F  0
 Reaction Xsec    65.0+/65 @ 3 =   0.000#, Out:   0.000#   0.000#   0.000f

   S-matrix    4 =    1.00000  -0.00000 for L=   67, J=   66.5 channel on core I =   1.5 from L=   67,  Acc. loss =  0.0 D.
 Elastic phase shift   4 =   -0.000   0.000 deg. for the L =   67, J =   66.5 channel.
      65.0  1.00000000 -0.00000004i: elastic S-matrix  @@      0.00  0   0 F  0
 Reaction Xsec    65.0+/67 @ 4 =   0.000#, Out:   0.000#   0.000#   0.000f


 Total SPIN, PARITY =    65.0 -,      5 chs,      0 cc.  Rmin & Coul turning =    5.2   21.9
   S-matrix    1 =    1.00000  -0.00000 for L=   64, J=   63.5 channel on core I =   1.5 from L=   64,  Acc. loss =  0.0 D.
 Elastic phase shift   1 =   -0.000   0.000 deg. for the L =   64, J =   63.5 channel.
      65.0  1.00000000 -0.00000001i: elastic S-matrix  @@      0.02  0   0 F  0
 Reaction Xsec    65.0-/64 @ 1 =   0.000#, Out:   0.000#   0.000#  -0.000f

   S-matrix    2 =    1.00000  -0.00000 for L=   64, J=   64.5 channel on core I =   1.5 from L=   64,  Acc. loss =  0.0 D.
 Elastic phase shift   2 =   -0.000   0.000 deg. for the L =   64, J =   64.5 channel.
      65.0  1.00000000 -0.00000001i: elastic S-matrix  @@      0.02  0   0 F  0
 Reaction Xsec    65.0-/64 @ 2 =   0.000#, Out:   0.000#   0.000#  -0.000f

   S-matrix    3 =    1.00000  -0.00000 for L=   66, J=   65.5 channel on core I =   1.5 from L=   66,  Acc. loss =  0.0 D.
 Elastic phase shift   3 =   -0.000   0.000 deg. for the L =   66, J =   65.5 channel.
0****** WARNING : ACCURACY LOSS IN ERWIN = 14.4 DIGITS, SO EXPECT ERRORS OF   0.0000 % OF UNITARITY

      65.0  1.00000000 -0.00000001i: elastic S-matrix  @@      0.00  0   0 F  0
 Reaction Xsec    65.0-/66 @ 3 =   0.000#, Out:   0.000#   0.000#  -0.000f

   S-matrix    4 =    1.00000  -0.00000 for L=   66, J=   66.5 channel on core I =   1.5 from L=   66,  Acc. loss =  0.0 D.
 Elastic phase shift   4 =   -0.000   0.000 deg. for the L =   66, J =   66.5 channel.
      65.0  1.00000000 -0.00000001i: elastic S-matrix  @@      0.00  0   0 F  0
 Reaction Xsec    65.0-/66 @ 4 =   0.000#, Out:   0.000#   0.000#  -0.000f


 Total SPIN, PARITY =    66.0 +,      5 chs,      0 cc.  Rmin & Coul turning =    5.2   22.2
   S-matrix    1 =    1.00000   0.00000 for L=   65, J=   64.5 channel on core I =   1.5 from L=   65,  Acc. loss =  0.0 D.
 Elastic phase shift   1 =    0.000   0.000 deg. for the L =   65, J =   64.5 channel.
      66.0  1.00000000  0.00000000i: elastic S-matrix  @@      0.02  0   0 F  0
 Reaction Xsec    66.0+/65 @ 1 =   0.000#, Out:   0.000#   0.000#  -0.000f

   S-matrix    2 =    1.00000   0.00000 for L=   65, J=   65.5 channel on core I =   1.5 from L=   65,  Acc. loss =  0.0 D.
 Elastic phase shift   2 =    0.000   0.000 deg. for the L =   65, J =   65.5 channel.
      66.0  1.00000000  0.00000000i: elastic S-matrix  @@      0.02  0   0 F  0
 Reaction Xsec    66.0+/65 @ 2 =   0.000#, Out:   0.000#   0.000#  -0.000f

   S-matrix    3 =    1.00000  -0.00000 for L=   67, J=   66.5 channel on core I =   1.5 from L=   67,  Acc. loss =  0.0 D.
 Elastic phase shift   3 =   -0.000   0.000 deg. for the L =   67, J =   66.5 channel.
      66.0  1.00000000 -0.00000004i: elastic S-matrix  @@      0.00  0   0 F  0
 Reaction Xsec    66.0+/67 @ 3 =   0.000#, Out:   0.000#   0.000#  -0.000f

   S-matrix    4 =    1.00000  -0.00000 for L=   67, J=   67.5 channel on core I =   1.5 from L=   67,  Acc. loss =  0.0 D.
 Elastic phase shift   4 =   -0.000   0.000 deg. for the L =   67, J =   67.5 channel.
      66.0  1.00000000 -0.00000004i: elastic S-matrix  @@      0.00  0   0 F  0
 Reaction Xsec    66.0+/67 @ 4 =   0.000#, Out:   0.000#   0.000#  -0.000f


 Total SPIN, PARITY =    66.0 -,      4 chs,      0 cc.  Rmin & Coul turning =    5.2   22.2
   S-matrix    1 =    1.00000  -0.00000 for L=   64, J=   64.5 channel on core I =   1.5 from L=   64,  Acc. loss =  0.0 D.
 Elastic phase shift   1 =   -0.000   0.000 deg. for the L =   64, J =   64.5 channel.
      66.0  1.00000000 -0.00000001i: elastic S-matrix  @@      0.00  0   0 F  0
 Reaction Xsec    66.0-/64 @ 1 =   0.000#, Out:   0.000#   0.000#   0.000f

   S-matrix    2 =    1.00000  -0.00000 for L=   66, J=   65.5 channel on core I =   1.5 from L=   66,  Acc. loss =  0.0 D.
 Elastic phase shift   2 =   -0.000   0.000 deg. for the L =   66, J =   65.5 channel.
      66.0  1.00000000 -0.00000001i: elastic S-matrix  @@      0.00  0   0 F  0
 Reaction Xsec    66.0-/66 @ 2 =   0.000#, Out:   0.000#   0.000#   0.000f

   S-matrix    3 =    1.00000  -0.00000 for L=   66, J=   66.5 channel on core I =   1.5 from L=   66,  Acc. loss =  0.0 D.
 Elastic phase shift   3 =   -0.000   0.000 deg. for the L =   66, J =   66.5 channel.
      66.0  1.00000000 -0.00000001i: elastic S-matrix  @@      0.00  0   0 F  0
 Reaction Xsec    66.0-/66 @ 3 =   0.000#, Out:   0.000#   0.000#   0.000f

   S-matrix    4 =    1.00000  -0.00000 for L=   68, J=   67.5 channel on core I =   1.5 from L=   68,  Acc. loss =  0.0 D.
 Elastic phase shift   4 =   -0.000   0.000 deg. for the L =   68, J =   67.5 channel.
      66.0  1.00000000 -0.00000003i: elastic S-matrix  @@      0.00  0   0 F  0
 Reaction Xsec    66.0-/68 @ 4 =   0.000#, Out:   0.000#   0.000#   0.000f


 Total SPIN, PARITY =    67.0 +,      4 chs,      0 cc.  Rmin & Coul turning =    5.4   22.5
   S-matrix    1 =    1.00000   0.00000 for L=   65, J=   65.5 channel on core I =   1.5 from L=   65,  Acc. loss =  0.0 D.
 Elastic phase shift   1 =    0.000   0.000 deg. for the L =   65, J =   65.5 channel.
      67.0  1.00000000  0.00000000i: elastic S-matrix  @@      0.00  0   0 F  0
 Reaction Xsec    67.0+/65 @ 1 =   0.000#, Out:   0.000#   0.000#   0.000f

   S-matrix    2 =    1.00000  -0.00000 for L=   67, J=   66.5 channel on core I =   1.5 from L=   67,  Acc. loss =  0.0 D.
 Elastic phase shift   2 =   -0.000   0.000 deg. for the L =   67, J =   66.5 channel.
      67.0  1.00000000 -0.00000004i: elastic S-matrix  @@      0.00  0   0 F  0
 Reaction Xsec    67.0+/67 @ 2 =   0.000#, Out:   0.000#   0.000#   0.000f

   S-matrix    3 =    1.00000  -0.00000 for L=   67, J=   67.5 channel on core I =   1.5 from L=   67,  Acc. loss =  0.0 D.
 Elastic phase shift   3 =   -0.000   0.000 deg. for the L =   67, J =   67.5 channel.
      67.0  1.00000000 -0.00000004i: elastic S-matrix  @@      0.00  0   0 F  0
 Reaction Xsec    67.0+/67 @ 3 =   0.000#, Out:   0.000#   0.000#   0.000f

   S-matrix    4 =    1.00000  -0.00000 for L=   69, J=   68.5 channel on core I =   1.5 from L=   69,  Acc. loss =  0.0 D.
 Elastic phase shift   4 =   -0.000   0.000 deg. for the L =   69, J =   68.5 channel.
      67.0  1.00000000 -0.00000001i: elastic S-matrix  @@      0.00  0   0 F  0
 Reaction Xsec    67.0+/69 @ 4 =   0.000#, Out:   0.000#   0.000#   0.000f


 Total SPIN, PARITY =    67.0 -,      5 chs,      0 cc.  Rmin & Coul turning =    5.4   22.5
   S-matrix    1 =    1.00000  -0.00000 for L=   66, J=   65.5 channel on core I =   1.5 from L=   66,  Acc. loss =  0.0 D.
 Elastic phase shift   1 =   -0.000   0.000 deg. for the L =   66, J =   65.5 channel.
0****** WARNING : ACCURACY LOSS IN ERWIN = 14.4 DIGITS, SO EXPECT ERRORS OF   0.0000 % OF UNITARITY

      67.0  1.00000000 -0.00000001i: elastic S-matrix  @@      0.02  0   0 F  0
 Reaction Xsec    67.0-/66 @ 1 =   0.000#, Out:   0.000#   0.000#  -0.000f

   S-matrix    2 =    1.00000  -0.00000 for L=   66, J=   66.5 channel on core I =   1.5 from L=   66,  Acc. loss =  0.0 D.
 Elastic phase shift   2 =   -0.000   0.000 deg. for the L =   66, J =   66.5 channel.
      67.0  1.00000000 -0.00000001i: elastic S-matrix  @@      0.00  0   0 F  0
 Reaction Xsec    67.0-/66 @ 2 =   0.000#, Out:   0.000#   0.000#  -0.000f

   S-matrix    3 =    1.00000  -0.00000 for L=   68, J=   67.5 channel on core I =   1.5 from L=   68,  Acc. loss =  0.0 D.
 Elastic phase shift   3 =   -0.000   0.000 deg. for the L =   68, J =   67.5 channel.
0****** WARNING : ACCURACY LOSS IN ERWIN = 14.2 DIGITS, SO EXPECT ERRORS OF   0.0000 % OF UNITARITY

      67.0  1.00000000 -0.00000003i: elastic S-matrix  @@      0.02  0   0 F  0
 Reaction Xsec    67.0-/68 @ 3 =   0.000#, Out:   0.000#   0.000#  -0.000f

   S-matrix    4 =    1.00000  -0.00000 for L=   68, J=   68.5 channel on core I =   1.5 from L=   68,  Acc. loss =  0.0 D.
 Elastic phase shift   4 =   -0.000   0.000 deg. for the L =   68, J =   68.5 channel.
0****** WARNING : ACCURACY LOSS IN ERWIN = 14.4 DIGITS, SO EXPECT ERRORS OF   0.0000 % OF UNITARITY

      67.0  1.00000000 -0.00000003i: elastic S-matrix  @@      0.00  0   0 F  0
 Reaction Xsec    67.0-/68 @ 4 =   0.000#, Out:   0.000#   0.000#  -0.000f


 Total SPIN, PARITY =    68.0 +,      5 chs,      0 cc.  Rmin & Coul turning =    5.4   22.9
   S-matrix    1 =    1.00000  -0.00000 for L=   67, J=   66.5 channel on core I =   1.5 from L=   67,  Acc. loss =  0.0 D.
 Elastic phase shift   1 =   -0.000   0.000 deg. for the L =   67, J =   66.5 channel.
      68.0  1.00000000 -0.00000004i: elastic S-matrix  @@      0.02  0   0 F  0
 Reaction Xsec    68.0+/67 @ 1 =   0.000#, Out:   0.000#   0.005#  -0.000f

   S-matrix    2 =    1.00000  -0.00000 for L=   67, J=   67.5 channel on core I =   1.5 from L=   67,  Acc. loss =  0.0 D.
 Elastic phase shift   2 =   -0.000   0.000 deg. for the L =   67, J =   67.5 channel.
0****** WARNING : ACCURACY LOSS IN ERWIN = 14.3 DIGITS, SO EXPECT ERRORS OF   0.0000 % OF UNITARITY

      68.0  1.00000000 -0.00000004i: elastic S-matrix  @@      0.00  0   0 F  0
 Reaction Xsec    68.0+/67 @ 2 =   0.000#, Out:   0.000#   0.000#  -0.000f

   S-matrix    3 =    1.00000  -0.00000 for L=   69, J=   68.5 channel on core I =   1.5 from L=   69,  Acc. loss =  0.0 D.
 Elastic phase shift   3 =   -0.000   0.000 deg. for the L =   69, J =   68.5 channel.
0****** WARNING : ACCURACY LOSS IN ERWIN = 14.2 DIGITS, SO EXPECT ERRORS OF   0.0000 % OF UNITARITY

      68.0  1.00000000 -0.00000001i: elastic S-matrix  @@      0.00  0   0 F  0
 Reaction Xsec    68.0+/69 @ 3 =   0.000#, Out:   0.000#   0.000#  -0.000f

   S-matrix    4 =    1.00000  -0.00000 for L=   69, J=   69.5 channel on core I =   1.5 from L=   69,  Acc. loss =  0.0 D.
 Elastic phase shift   4 =   -0.000   0.000 deg. for the L =   69, J =   69.5 channel.
      68.0  1.00000000 -0.00000001i: elastic S-matrix  @@      0.02  0   0 F  0
 Reaction Xsec    68.0+/69 @ 4 =   0.000#, Out:   0.000#   0.000#  -0.000f


 Total SPIN, PARITY =    68.0 -,      4 chs,      0 cc.  Rmin & Coul turning =    5.4   22.9
   S-matrix    1 =    1.00000  -0.00000 for L=   66, J=   66.5 channel on core I =   1.5 from L=   66,  Acc. loss =  0.0 D.
 Elastic phase shift   1 =   -0.000   0.000 deg. for the L =   66, J =   66.5 channel.
      68.0  1.00000000 -0.00000001i: elastic S-matrix  @@      0.00  0   0 F  0
 Reaction Xsec    68.0-/66 @ 1 =   0.000#, Out:   0.000#   0.000#   0.000f

   S-matrix    2 =    1.00000  -0.00000 for L=   68, J=   67.5 channel on core I =   1.5 from L=   68,  Acc. loss =  0.0 D.
 Elastic phase shift   2 =   -0.000   0.000 deg. for the L =   68, J =   67.5 channel.
      68.0  1.00000000 -0.00000003i: elastic S-matrix  @@      0.00  0   0 F  0
 Reaction Xsec    68.0-/68 @ 2 =   0.000#, Out:   0.000#   0.000#   0.000f

   S-matrix    3 =    1.00000  -0.00000 for L=   68, J=   68.5 channel on core I =   1.5 from L=   68,  Acc. loss =  0.0 D.
 Elastic phase shift   3 =   -0.000   0.000 deg. for the L =   68, J =   68.5 channel.
      68.0  1.00000000 -0.00000003i: elastic S-matrix  @@      0.00  0   0 F  0
 Reaction Xsec    68.0-/68 @ 3 =   0.000#, Out:   0.000#   0.000#   0.000f

   S-matrix    4 =    1.00000  -0.00000 for L=   70, J=   69.5 channel on core I =   1.5 from L=   70,  Acc. loss =  0.0 D.
 Elastic phase shift   4 =   -0.000   0.000 deg. for the L =   70, J =   69.5 channel.
      68.0  1.00000000 -0.00000001i: elastic S-matrix  @@      0.00  0   0 F  0
 Reaction Xsec    68.0-/70 @ 4 =   0.000#, Out:   0.000#   0.000#   0.000f


 Total SPIN, PARITY =    69.0 +,      4 chs,      0 cc.  Rmin & Coul turning =    5.5   23.2
   S-matrix    1 =    1.00000  -0.00000 for L=   67, J=   67.5 channel on core I =   1.5 from L=   67,  Acc. loss =  0.0 D.
 Elastic phase shift   1 =   -0.000   0.000 deg. for the L =   67, J =   67.5 channel.
      69.0  1.00000000 -0.00000004i: elastic S-matrix  @@      0.00  0   0 F  0
 Reaction Xsec    69.0+/67 @ 1 =   0.000#, Out:   0.000#   0.000#   0.000f

   S-matrix    2 =    1.00000  -0.00000 for L=   69, J=   68.5 channel on core I =   1.5 from L=   69,  Acc. loss =  0.0 D.
 Elastic phase shift   2 =   -0.000   0.000 deg. for the L =   69, J =   68.5 channel.
      69.0  1.00000000 -0.00000001i: elastic S-matrix  @@      0.00  0   0 F  0
 Reaction Xsec    69.0+/69 @ 2 =   0.000#, Out:   0.000#   0.000#   0.000f

   S-matrix    3 =    1.00000  -0.00000 for L=   69, J=   69.5 channel on core I =   1.5 from L=   69,  Acc. loss =  0.0 D.
 Elastic phase shift   3 =   -0.000   0.000 deg. for the L =   69, J =   69.5 channel.
      69.0  1.00000000 -0.00000001i: elastic S-matrix  @@      0.00  0   0 F  0
 Reaction Xsec    69.0+/69 @ 3 =   0.000#, Out:   0.000#   0.000#   0.000f

   S-matrix    4 =    1.00000  -0.00000 for L=   71, J=   70.5 channel on core I =   1.5 from L=   71,  Acc. loss =  0.0 D.
 Elastic phase shift   4 =   -0.000   0.000 deg. for the L =   71, J =   70.5 channel.
      69.0  1.00000000 -0.00000004i: elastic S-matrix  @@      0.00  0   0 F  0
 Reaction Xsec    69.0+/71 @ 4 =   0.000#, Out:   0.000#   0.000#   0.000f


 Total SPIN, PARITY =    69.0 -,      5 chs,      0 cc.  Rmin & Coul turning =    5.5   23.2
   S-matrix    1 =    1.00000  -0.00000 for L=   68, J=   67.5 channel on core I =   1.5 from L=   68,  Acc. loss =  0.0 D.
 Elastic phase shift   1 =   -0.000   0.000 deg. for the L =   68, J =   67.5 channel.
0****** WARNING : ACCURACY LOSS IN ERWIN = 14.4 DIGITS, SO EXPECT ERRORS OF   0.0001 % OF UNITARITY

      69.0  1.00000000 -0.00000003i: elastic S-matrix  @@      0.02  0   0 F  0
 Reaction Xsec    69.0-/68 @ 1 =   0.000#, Out:   0.000#   0.003#  -0.000f

   S-matrix    2 =    1.00000  -0.00000 for L=   68, J=   68.5 channel on core I =   1.5 from L=   68,  Acc. loss =  0.0 D.
 Elastic phase shift   2 =   -0.000   0.000 deg. for the L =   68, J =   68.5 channel.
0****** WARNING : ACCURACY LOSS IN ERWIN = 14.5 DIGITS, SO EXPECT ERRORS OF   0.0001 % OF UNITARITY

      69.0  1.00000000 -0.00000003i: elastic S-matrix  @@      0.00  0   0 F  0
 Reaction Xsec    69.0-/68 @ 2 =   0.000#, Out:   0.000#   0.000#  -0.000f

   S-matrix    3 =    1.00000  -0.00000 for L=   70, J=   69.5 channel on core I =   1.5 from L=   70,  Acc. loss =  0.0 D.
 Elastic phase shift   3 =   -0.000  -0.000 deg. for the L =   70, J =   69.5 channel.
0****** WARNING : ACCURACY LOSS IN ERWIN = 14.8 DIGITS, SO EXPECT ERRORS OF   0.0000 % OF UNITARITY

      69.0  1.00000000 -0.00000001i: elastic S-matrix  @@      0.00  0   0 F  0
 Reaction Xsec    69.0-/70 @ 3 =  -0.000#, Out:   0.000#   0.000#  -0.000f

   S-matrix    4 =    1.00000  -0.00000 for L=   70, J=   70.5 channel on core I =   1.5 from L=   70,  Acc. loss =  0.0 D.
 Elastic phase shift   4 =   -0.000   0.000 deg. for the L =   70, J =   70.5 channel.
0****** WARNING : ACCURACY LOSS IN ERWIN = 14.3 DIGITS, SO EXPECT ERRORS OF   0.0001 % OF UNITARITY

      69.0  1.00000000 -0.00000001i: elastic S-matrix  @@      0.00  0   0 F  0
 Reaction Xsec    69.0-/70 @ 4 =   0.000#, Out:   0.000#   0.001#  -0.000f


 Total SPIN, PARITY =    70.0 +,      5 chs,      0 cc.  Rmin & Coul turning =    5.6   23.5
   S-matrix    1 =    1.00000  -0.00000 for L=   69, J=   68.5 channel on core I =   1.5 from L=   69,  Acc. loss =  0.0 D.
 Elastic phase shift   1 =   -0.000   0.000 deg. for the L =   69, J =   68.5 channel.
      70.0  1.00000000 -0.00000001i: elastic S-matrix  @@      0.02  0   0 F  0
 Reaction Xsec    70.0+/69 @ 1 =   0.000#, Out:   0.000#   0.000#  -0.000f

   S-matrix    2 =    1.00000  -0.00000 for L=   69, J=   69.5 channel on core I =   1.5 from L=   69,  Acc. loss =  0.0 D.
 Elastic phase shift   2 =   -0.000   0.000 deg. for the L =   69, J =   69.5 channel.
      70.0  1.00000000 -0.00000001i: elastic S-matrix  @@      0.02  0   0 F  0
 Reaction Xsec    70.0+/69 @ 2 =   0.000#, Out:   0.000#   0.000#  -0.000f

   S-matrix    3 =    1.00000  -0.00000 for L=   71, J=   70.5 channel on core I =   1.5 from L=   71,  Acc. loss =  0.0 D.
 Elastic phase shift   3 =   -0.000   0.000 deg. for the L =   71, J =   70.5 channel.
      70.0  1.00000000 -0.00000004i: elastic S-matrix  @@      0.00  0   0 F  0
 Reaction Xsec    70.0+/71 @ 3 =   0.000#, Out:   0.000#   0.000#  -0.000f

   S-matrix    4 =    1.00000  -0.00000 for L=   71, J=   71.5 channel on core I =   1.5 from L=   71,  Acc. loss =  0.0 D.
 Elastic phase shift   4 =   -0.000   0.000 deg. for the L =   71, J =   71.5 channel.
0****** WARNING : ACCURACY LOSS IN ERWIN = 14.4 DIGITS, SO EXPECT ERRORS OF   0.0000 % OF UNITARITY

      70.0  1.00000000 -0.00000004i: elastic S-matrix  @@      0.00  0   0 F  0
 Reaction Xsec    70.0+/71 @ 4 =   0.000#, Out:   0.000#   0.000#  -0.000f


 Total SPIN, PARITY =    70.0 -,      4 chs,      0 cc.  Rmin & Coul turning =    5.6   23.5
   S-matrix    1 =    1.00000  -0.00000 for L=   68, J=   68.5 channel on core I =   1.5 from L=   68,  Acc. loss =  0.0 D.
 Elastic phase shift   1 =   -0.000   0.000 deg. for the L =   68, J =   68.5 channel.
      70.0  1.00000000 -0.00000003i: elastic S-matrix  @@      0.00  0   0 F  0
 Reaction Xsec    70.0-/68 @ 1 =   0.000#, Out:   0.000#   0.000#   0.000f

   S-matrix    2 =    1.00000  -0.00000 for L=   70, J=   69.5 channel on core I =   1.5 from L=   70,  Acc. loss =  0.0 D.
 Elastic phase shift   2 =   -0.000  -0.000 deg. for the L =   70, J =   69.5 channel.
      70.0  1.00000000 -0.00000001i: elastic S-matrix  @@      0.00  0   0 F  0
 Reaction Xsec    70.0-/70 @ 2 =  -0.000#, Out:   0.000#   0.000#  -0.000f

   S-matrix    3 =    1.00000  -0.00000 for L=   70, J=   70.5 channel on core I =   1.5 from L=   70,  Acc. loss =  0.0 D.
 Elastic phase shift   3 =   -0.000   0.000 deg. for the L =   70, J =   70.5 channel.
      70.0  1.00000000 -0.00000001i: elastic S-matrix  @@      0.00  0   0 F  0
 Reaction Xsec    70.0-/70 @ 3 =   0.000#, Out:   0.000#   0.000#   0.000f

   S-matrix    4 =    1.00000  -0.00000 for L=   72, J=   71.5 channel on core I =   1.5 from L=   72,  Acc. loss =  0.0 D.
 Elastic phase shift   4 =   -0.000   0.000 deg. for the L =   72, J =   71.5 channel.
      70.0  1.00000000 -0.00000005i: elastic S-matrix  @@      0.00  0   0 F  0
 Reaction Xsec    70.0-/72 @ 4 =   0.000#, Out:   0.000#   0.000#   0.000f


 Total SPIN, PARITY =    71.0 +,      4 chs,      0 cc.  Rmin & Coul turning =    5.7   23.9
   S-matrix    1 =    1.00000  -0.00000 for L=   69, J=   69.5 channel on core I =   1.5 from L=   69,  Acc. loss =  0.0 D.
 Elastic phase shift   1 =   -0.000   0.000 deg. for the L =   69, J =   69.5 channel.
      71.0  1.00000000 -0.00000001i: elastic S-matrix  @@      0.00  0   0 F  0
 Reaction Xsec    71.0+/69 @ 1 =   0.000#, Out:   0.000#   0.000#   0.000f

   S-matrix    2 =    1.00000  -0.00000 for L=   71, J=   70.5 channel on core I =   1.5 from L=   71,  Acc. loss =  0.0 D.
 Elastic phase shift   2 =   -0.000   0.000 deg. for the L =   71, J =   70.5 channel.
      71.0  1.00000000 -0.00000004i: elastic S-matrix  @@      0.00  0   0 F  0
 Reaction Xsec    71.0+/71 @ 2 =   0.000#, Out:   0.000#   0.000#   0.000f

   S-matrix    3 =    1.00000  -0.00000 for L=   71, J=   71.5 channel on core I =   1.5 from L=   71,  Acc. loss =  0.0 D.
 Elastic phase shift   3 =   -0.000   0.000 deg. for the L =   71, J =   71.5 channel.
      71.0  1.00000000 -0.00000004i: elastic S-matrix  @@      0.00  0   0 F  0
 Reaction Xsec    71.0+/71 @ 3 =   0.000#, Out:   0.000#   0.000#   0.000f

   S-matrix    4 =    1.00000  -0.00000 for L=   73, J=   72.5 channel on core I =   1.5 from L=   73,  Acc. loss =  0.0 D.
 Elastic phase shift   4 =   -0.000   0.000 deg. for the L =   73, J =   72.5 channel.
      71.0  1.00000000 -0.00000004i: elastic S-matrix  @@      0.00  0   0 F  0
 Reaction Xsec    71.0+/73 @ 4 =   0.000#, Out:   0.000#   0.000#   0.000f


 Total SPIN, PARITY =    71.0 -,      5 chs,      0 cc.  Rmin & Coul turning =    5.7   23.9
   S-matrix    1 =    1.00000  -0.00000 for L=   70, J=   69.5 channel on core I =   1.5 from L=   70,  Acc. loss =  0.0 D.
 Elastic phase shift   1 =   -0.000  -0.000 deg. for the L =   70, J =   69.5 channel.
0****** WARNING : ACCURACY LOSS IN ERWIN = 14.7 DIGITS, SO EXPECT ERRORS OF   0.0000 % OF UNITARITY

      71.0  1.00000000 -0.00000001i: elastic S-matrix  @@      0.02  0   0 F  0
 Reaction Xsec    71.0-/70 @ 1 =  -0.000#, Out:   0.000#   0.000#  -0.000f

   S-matrix    2 =    1.00000  -0.00000 for L=   70, J=   70.5 channel on core I =   1.5 from L=   70,  Acc. loss =  0.0 D.
 Elastic phase shift   2 =   -0.000   0.000 deg. for the L =   70, J =   70.5 channel.
0****** WARNING : ACCURACY LOSS IN ERWIN = 14.9 DIGITS, SO EXPECT ERRORS OF   0.0000 % OF UNITARITY

      71.0  1.00000000 -0.00000001i: elastic S-matrix  @@      0.00  0   0 F  0
 Reaction Xsec    71.0-/70 @ 2 =   0.000#, Out:   0.000#   0.000#  -0.000f

   S-matrix    3 =    1.00000  -0.00000 for L=   72, J=   71.5 channel on core I =   1.5 from L=   72,  Acc. loss =  0.0 D.
 Elastic phase shift   3 =   -0.000   0.000 deg. for the L =   72, J =   71.5 channel.
      71.0  1.00000000 -0.00000005i: elastic S-matrix  @@      0.02  0   0 F  0
 Reaction Xsec    71.0-/72 @ 3 =   0.000#, Out:   0.000#   0.000#  -0.000f

   S-matrix    4 =    1.00000  -0.00000 for L=   72, J=   72.5 channel on core I =   1.5 from L=   72,  Acc. loss =  0.0 D.
 Elastic phase shift   4 =   -0.000   0.000 deg. for the L =   72, J =   72.5 channel.
0****** WARNING : ACCURACY LOSS IN ERWIN = 14.2 DIGITS, SO EXPECT ERRORS OF   0.0000 % OF UNITARITY

      71.0  1.00000000 -0.00000005i: elastic S-matrix  @@      0.00  0   0 F  0
 Reaction Xsec    71.0-/72 @ 4 =   0.000#, Out:   0.000#   0.000#  -0.000f


 Total SPIN, PARITY =    72.0 +,      5 chs,      0 cc.  Rmin & Coul turning =    5.8   24.2
   S-matrix    1 =    1.00000  -0.00000 for L=   71, J=   70.5 channel on core I =   1.5 from L=   71,  Acc. loss =  0.0 D.
 Elastic phase shift   1 =   -0.000   0.000 deg. for the L =   71, J =   70.5 channel.
      72.0  1.00000000 -0.00000004i: elastic S-matrix  @@      0.02  0   0 F  0
 Reaction Xsec    72.0+/71 @ 1 =   0.000#, Out:   0.000#   0.048#  -0.000f

   S-matrix    2 =    1.00000  -0.00000 for L=   71, J=   71.5 channel on core I =   1.5 from L=   71,  Acc. loss =  0.0 D.
 Elastic phase shift   2 =   -0.000   0.000 deg. for the L =   71, J =   71.5 channel.
0****** WARNING : ACCURACY LOSS IN ERWIN = 14.1 DIGITS, SO EXPECT ERRORS OF   0.0001 % OF UNITARITY

      72.0  1.00000000 -0.00000004i: elastic S-matrix  @@      0.00  0   0 F  0
 Reaction Xsec    72.0+/71 @ 2 =   0.000#, Out:   0.000#   0.006#  -0.000f

   S-matrix    3 =    1.00000  -0.00000 for L=   73, J=   72.5 channel on core I =   1.5 from L=   73,  Acc. loss =  0.0 D.
 Elastic phase shift   3 =   -0.000   0.000 deg. for the L =   73, J =   72.5 channel.
0****** WARNING : ACCURACY LOSS IN ERWIN = 14.5 DIGITS, SO EXPECT ERRORS OF   0.0000 % OF UNITARITY

      72.0  1.00000000 -0.00000004i: elastic S-matrix  @@      0.00  0   0 F  0
 Reaction Xsec    72.0+/73 @ 3 =   0.000#, Out:   0.000#   0.000#  -0.000f

   S-matrix    4 =    1.00000  -0.00000 for L=   73, J=   73.5 channel on core I =   1.5 from L=   73,  Acc. loss =  0.0 D.
 Elastic phase shift   4 =   -0.000   0.000 deg. for the L =   73, J =   73.5 channel.
0****** WARNING : ACCURACY LOSS IN ERWIN = 14.2 DIGITS, SO EXPECT ERRORS OF   0.0000 % OF UNITARITY

      72.0  1.00000000 -0.00000004i: elastic S-matrix  @@      0.02  0   0 F  0
 Reaction Xsec    72.0+/73 @ 4 =   0.000#, Out:   0.000#   0.000#  -0.000f


 Total SPIN, PARITY =    72.0 -,      4 chs,      0 cc.  Rmin & Coul turning =    5.8   24.2
   S-matrix    1 =    1.00000  -0.00000 for L=   70, J=   70.5 channel on core I =   1.5 from L=   70,  Acc. loss =  0.0 D.
 Elastic phase shift   1 =   -0.000   0.000 deg. for the L =   70, J =   70.5 channel.
      72.0  1.00000000 -0.00000001i: elastic S-matrix  @@      0.00  0   0 F  0
 Reaction Xsec    72.0-/70 @ 1 =   0.000#, Out:   0.000#   0.000#   0.000f

   S-matrix    2 =    1.00000  -0.00000 for L=   72, J=   71.5 channel on core I =   1.5 from L=   72,  Acc. loss =  0.0 D.
 Elastic phase shift   2 =   -0.000   0.000 deg. for the L =   72, J =   71.5 channel.
      72.0  1.00000000 -0.00000005i: elastic S-matrix  @@      0.00  0   0 F  0
 Reaction Xsec    72.0-/72 @ 2 =   0.000#, Out:   0.000#   0.000#   0.000f

   S-matrix    3 =    1.00000  -0.00000 for L=   72, J=   72.5 channel on core I =   1.5 from L=   72,  Acc. loss =  0.0 D.
 Elastic phase shift   3 =   -0.000   0.000 deg. for the L =   72, J =   72.5 channel.
      72.0  1.00000000 -0.00000005i: elastic S-matrix  @@      0.00  0   0 F  0
 Reaction Xsec    72.0-/72 @ 3 =   0.000#, Out:   0.000#   0.000#   0.000f

   S-matrix    4 =    1.00000  -0.00000 for L=   74, J=   73.5 channel on core I =   1.5 from L=   74,  Acc. loss =  0.0 D.
 Elastic phase shift   4 =   -0.000   0.000 deg. for the L =   74, J =   73.5 channel.
      72.0  1.00000000 -0.00000002i: elastic S-matrix  @@      0.00  0   0 F  0
 Reaction Xsec    72.0-/74 @ 4 =   0.000#, Out:   0.000#   0.000#   0.000f


 Total SPIN, PARITY =    73.0 +,      4 chs,      0 cc.  Rmin & Coul turning =    5.8   24.5
   S-matrix    1 =    1.00000  -0.00000 for L=   71, J=   71.5 channel on core I =   1.5 from L=   71,  Acc. loss =  0.0 D.
 Elastic phase shift   1 =   -0.000  -0.000 deg. for the L =   71, J =   71.5 channel.
      73.0  1.00000000 -0.00000004i: elastic S-matrix  @@      0.00  0   0 F  0
 Reaction Xsec    73.0+/71 @ 1 =  -0.000#, Out:   0.000#   0.000#  -0.000f

   S-matrix    2 =    1.00000  -0.00000 for L=   73, J=   72.5 channel on core I =   1.5 from L=   73,  Acc. loss =  0.0 D.
 Elastic phase shift   2 =   -0.000   0.000 deg. for the L =   73, J =   72.5 channel.
      73.0  1.00000000 -0.00000004i: elastic S-matrix  @@      0.00  0   0 F  0
 Reaction Xsec    73.0+/73 @ 2 =   0.000#, Out:   0.000#   0.000#   0.000f

   S-matrix    3 =    1.00000  -0.00000 for L=   73, J=   73.5 channel on core I =   1.5 from L=   73,  Acc. loss =  0.0 D.
 Elastic phase shift   3 =   -0.000   0.000 deg. for the L =   73, J =   73.5 channel.
      73.0  1.00000000 -0.00000004i: elastic S-matrix  @@      0.00  0   0 F  0
 Reaction Xsec    73.0+/73 @ 3 =   0.000#, Out:   0.000#   0.000#   0.000f

   S-matrix    4 =    1.00000  -0.00000 for L=   75, J=   74.5 channel on core I =   1.5 from L=   75,  Acc. loss =  0.0 D.
 Elastic phase shift   4 =   -0.000   0.000 deg. for the L =   75, J =   74.5 channel.
      73.0  1.00000000 -0.00000002i: elastic S-matrix  @@      0.00  0   0 F  0
 Reaction Xsec    73.0+/75 @ 4 =   0.000#, Out:   0.000#   0.000#   0.000f


 Total SPIN, PARITY =    73.0 -,      5 chs,      0 cc.  Rmin & Coul turning =    5.8   24.5
   S-matrix    1 =    1.00000  -0.00000 for L=   72, J=   71.5 channel on core I =   1.5 from L=   72,  Acc. loss =  0.0 D.
 Elastic phase shift   1 =   -0.000   0.000 deg. for the L =   72, J =   71.5 channel.
      73.0  1.00000000 -0.00000005i: elastic S-matrix  @@      0.02  0   0 F  0
 Reaction Xsec    73.0-/72 @ 1 =   0.000#, Out:   0.000#   0.003#  -0.000f

   S-matrix    2 =    1.00000  -0.00000 for L=   72, J=   72.5 channel on core I =   1.5 from L=   72,  Acc. loss =  0.0 D.
 Elastic phase shift   2 =   -0.000   0.000 deg. for the L =   72, J =   72.5 channel.
0****** WARNING : ACCURACY LOSS IN ERWIN = 15.4 DIGITS, SO EXPECT ERRORS OF   0.0000 % OF UNITARITY

      73.0  1.00000000 -0.00000005i: elastic S-matrix  @@      0.00  0   0 F  0
 Reaction Xsec    73.0-/72 @ 2 =   0.000#, Out:   0.000#   0.000#  -0.000f

   S-matrix    3 =    1.00000  -0.00000 for L=   74, J=   73.5 channel on core I =   1.5 from L=   74,  Acc. loss =  0.0 D.
 Elastic phase shift   3 =   -0.000   0.000 deg. for the L =   74, J =   73.5 channel.
0****** WARNING : ACCURACY LOSS IN ERWIN = 14.5 DIGITS, SO EXPECT ERRORS OF   0.0000 % OF UNITARITY

      73.0  1.00000000 -0.00000002i: elastic S-matrix  @@      0.00  0   0 F  0
 Reaction Xsec    73.0-/74 @ 3 =   0.000#, Out:   0.000#   0.000#  -0.000f

   S-matrix    4 =    1.00000  -0.00000 for L=   74, J=   74.5 channel on core I =   1.5 from L=   74,  Acc. loss =  0.0 D.
 Elastic phase shift   4 =   -0.000   0.000 deg. for the L =   74, J =   74.5 channel.
      73.0  1.00000000 -0.00000002i: elastic S-matrix  @@      0.00  0   0 F  0
 Reaction Xsec    73.0-/74 @ 4 =   0.000#, Out:   0.000#   0.000#  -0.000f


 Total SPIN, PARITY =    74.0 +,      5 chs,      0 cc.  Rmin & Coul turning =    5.9   24.9
   S-matrix    1 =    1.00000  -0.00000 for L=   73, J=   72.5 channel on core I =   1.5 from L=   73,  Acc. loss =  0.0 D.
 Elastic phase shift   1 =   -0.000   0.000 deg. for the L =   73, J =   72.5 channel.
      74.0  1.00000000 -0.00000004i: elastic S-matrix  @@      0.02  0   0 F  0
 Reaction Xsec    74.0+/73 @ 1 =   0.000#, Out:   0.000#   0.033#  -0.000f

   S-matrix    2 =    1.00000  -0.00000 for L=   73, J=   73.5 channel on core I =   1.5 from L=   73,  Acc. loss =  0.0 D.
 Elastic phase shift   2 =   -0.000   0.000 deg. for the L =   73, J =   73.5 channel.
0****** WARNING : ACCURACY LOSS IN ERWIN = 14.4 DIGITS, SO EXPECT ERRORS OF   0.0001 % OF UNITARITY

      74.0  1.00000000 -0.00000004i: elastic S-matrix  @@      0.02  0   0 F  0
 Reaction Xsec    74.0+/73 @ 2 =   0.000#, Out:   0.000#   0.000#  -0.000f

   S-matrix    3 =    1.00000  -0.00000 for L=   75, J=   74.5 channel on core I =   1.5 from L=   75,  Acc. loss =  0.0 D.
 Elastic phase shift   3 =   -0.000   0.000 deg. for the L =   75, J =   74.5 channel.
0****** WARNING : ACCURACY LOSS IN ERWIN = 14.5 DIGITS, SO EXPECT ERRORS OF   0.0000 % OF UNITARITY

      74.0  1.00000000 -0.00000002i: elastic S-matrix  @@      0.00  0   0 F  0
 Reaction Xsec    74.0+/75 @ 3 =   0.000#, Out:   0.000#   0.000#  -0.000f

   S-matrix    4 =    1.00000  -0.00000 for L=   75, J=   75.5 channel on core I =   1.5 from L=   75,  Acc. loss =  0.0 D.
 Elastic phase shift   4 =   -0.000   0.000 deg. for the L =   75, J =   75.5 channel.
      74.0  1.00000000 -0.00000002i: elastic S-matrix  @@      0.00  0   0 F  0
 Reaction Xsec    74.0+/75 @ 4 =   0.000#, Out:   0.000#   0.000#  -0.000f


 Total SPIN, PARITY =    74.0 -,      4 chs,      0 cc.  Rmin & Coul turning =    5.9   24.9
   S-matrix    1 =    1.00000  -0.00000 for L=   72, J=   72.5 channel on core I =   1.5 from L=   72,  Acc. loss =  0.0 D.
 Elastic phase shift   1 =   -0.000   0.000 deg. for the L =   72, J =   72.5 channel.
      74.0  1.00000000 -0.00000005i: elastic S-matrix  @@      0.00  0   0 F  0
 Reaction Xsec    74.0-/72 @ 1 =   0.000#, Out:   0.000#   0.000#   0.000f

   S-matrix    2 =    1.00000  -0.00000 for L=   74, J=   73.5 channel on core I =   1.5 from L=   74,  Acc. loss =  0.0 D.
 Elastic phase shift   2 =   -0.000   0.000 deg. for the L =   74, J =   73.5 channel.
      74.0  1.00000000 -0.00000002i: elastic S-matrix  @@      0.00  0   0 F  0
 Reaction Xsec    74.0-/74 @ 2 =   0.000#, Out:   0.000#   0.000#   0.000f

   S-matrix    3 =    1.00000  -0.00000 for L=   74, J=   74.5 channel on core I =   1.5 from L=   74,  Acc. loss =  0.0 D.
 Elastic phase shift   3 =   -0.000   0.000 deg. for the L =   74, J =   74.5 channel.
      74.0  1.00000000 -0.00000002i: elastic S-matrix  @@      0.00  0   0 F  0
 Reaction Xsec    74.0-/74 @ 3 =   0.000#, Out:   0.000#   0.000#   0.000f

   S-matrix    4 =    1.00000  -0.00000 for L=   76, J=   75.5 channel on core I =   1.5 from L=   76,  Acc. loss =  0.0 D.
 Elastic phase shift   4 =   -0.000   0.000 deg. for the L =   76, J =   75.5 channel.
      74.0  1.00000000 -0.00000004i: elastic S-matrix  @@      0.00  0   0 F  0
 Reaction Xsec    74.0-/76 @ 4 =   0.000#, Out:   0.000#   0.000#   0.000f


 Total SPIN, PARITY =    75.0 +,      4 chs,      0 cc.  Rmin & Coul turning =    6.0   25.2
   S-matrix    1 =    1.00000  -0.00000 for L=   73, J=   73.5 channel on core I =   1.5 from L=   73,  Acc. loss =  0.0 D.
 Elastic phase shift   1 =   -0.000   0.000 deg. for the L =   73, J =   73.5 channel.
      75.0  1.00000000 -0.00000004i: elastic S-matrix  @@      0.00  0   0 F  0
 Reaction Xsec    75.0+/73 @ 1 =   0.000#, Out:   0.000#   0.000#   0.000f

   S-matrix    2 =    1.00000  -0.00000 for L=   75, J=   74.5 channel on core I =   1.5 from L=   75,  Acc. loss =  0.0 D.
 Elastic phase shift   2 =   -0.000   0.000 deg. for the L =   75, J =   74.5 channel.
      75.0  1.00000000 -0.00000002i: elastic S-matrix  @@      0.00  0   0 F  0
 Reaction Xsec    75.0+/75 @ 2 =   0.000#, Out:   0.000#   0.000#   0.000f

   S-matrix    3 =    1.00000  -0.00000 for L=   75, J=   75.5 channel on core I =   1.5 from L=   75,  Acc. loss =  0.0 D.
 Elastic phase shift   3 =   -0.000   0.000 deg. for the L =   75, J =   75.5 channel.
      75.0  1.00000000 -0.00000002i: elastic S-matrix  @@      0.00  0   0 F  0
 Reaction Xsec    75.0+/75 @ 3 =   0.000#, Out:   0.000#   0.000#   0.000f

   S-matrix    4 =    1.00000  -0.00000 for L=   77, J=   76.5 channel on core I =   1.5 from L=   77,  Acc. loss =  0.0 D.
 Elastic phase shift   4 =   -0.000   0.000 deg. for the L =   77, J =   76.5 channel.
      75.0  1.00000000 -0.00000006i: elastic S-matrix  @@      0.00  0   0 F  0
 Reaction Xsec    75.0+/77 @ 4 =   0.000#, Out:   0.000#   0.000#   0.000f


 Total SPIN, PARITY =    75.0 -,      5 chs,      0 cc.  Rmin & Coul turning =    6.0   25.2
   S-matrix    1 =    1.00000  -0.00000 for L=   74, J=   73.5 channel on core I =   1.5 from L=   74,  Acc. loss =  0.0 D.
 Elastic phase shift   1 =   -0.000   0.000 deg. for the L =   74, J =   73.5 channel.
      75.0  1.00000000 -0.00000002i: elastic S-matrix  @@      0.02  0   0 F  0
 Reaction Xsec    75.0-/74 @ 1 =   0.000#, Out:   0.000#   1.552#  -0.000f

   S-matrix    2 =    1.00000  -0.00000 for L=   74, J=   74.5 channel on core I =   1.5 from L=   74,  Acc. loss =  0.0 D.
 Elastic phase shift   2 =   -0.000   0.000 deg. for the L =   74, J =   74.5 channel.
0****** WARNING : ACCURACY LOSS IN ERWIN = 14.8 DIGITS, SO EXPECT ERRORS OF   0.0007 % OF UNITARITY

      75.0  1.00000000 -0.00000002i: elastic S-matrix  @@      0.00  0   0 F  0
 Reaction Xsec    75.0-/74 @ 2 =   0.000#, Out:   0.000#   0.013#  -0.000f

   S-matrix    3 =    1.00000  -0.00000 for L=   76, J=   75.5 channel on core I =   1.5 from L=   76,  Acc. loss =  0.0 D.
 Elastic phase shift   3 =   -0.000   0.000 deg. for the L =   76, J =   75.5 channel.
0****** WARNING : ACCURACY LOSS IN ERWIN = 14.3 DIGITS, SO EXPECT ERRORS OF   0.0001 % OF UNITARITY

      75.0  1.00000000 -0.00000004i: elastic S-matrix  @@      0.02  0   0 F  0
 Reaction Xsec    75.0-/76 @ 3 =   0.000#, Out:   0.000#   0.005#  -0.000f

   S-matrix    4 =    1.00000  -0.00000 for L=   76, J=   76.5 channel on core I =   1.5 from L=   76,  Acc. loss =  0.0 D.
 Elastic phase shift   4 =   -0.000  -0.000 deg. for the L =   76, J =   76.5 channel.
0****** WARNING : ACCURACY LOSS IN ERWIN = 14.2 DIGITS, SO EXPECT ERRORS OF   0.0002 % OF UNITARITY

      75.0  1.00000000 -0.00000004i: elastic S-matrix  @@      0.00  0   0 F  0
 Reaction Xsec    75.0-/76 @ 4 =  -0.000#, Out:   0.000#   0.021#  -0.000f


 Total SPIN, PARITY =    76.0 +,      5 chs,      0 cc.  Rmin & Coul turning =    6.1   25.5
   S-matrix    1 =    1.00000  -0.00000 for L=   75, J=   74.5 channel on core I =   1.5 from L=   75,  Acc. loss =  0.0 D.
 Elastic phase shift   1 =   -0.000   0.000 deg. for the L =   75, J =   74.5 channel.
0****** WARNING : ACCURACY LOSS IN ERWIN = 14.8 DIGITS, SO EXPECT ERRORS OF   0.0002 % OF UNITARITY

      76.0  1.00000000 -0.00000002i: elastic S-matrix  @@      0.02  0   0 F  0
 Reaction Xsec    76.0+/75 @ 1 =   0.000#, Out:   0.000#   0.002#  -0.000f

   S-matrix    2 =    1.00000  -0.00000 for L=   75, J=   75.5 channel on core I =   1.5 from L=   75,  Acc. loss =  0.0 D.
 Elastic phase shift   2 =   -0.000   0.000 deg. for the L =   75, J =   75.5 channel.
0****** WARNING : ACCURACY LOSS IN ERWIN = 15.4 DIGITS, SO EXPECT ERRORS OF   0.0002 % OF UNITARITY

      76.0  1.00000000 -0.00000002i: elastic S-matrix  @@      0.00  0   0 F  0
 Reaction Xsec    76.0+/75 @ 2 =   0.000#, Out:   0.000#   0.000#  -0.000f

   S-matrix    3 =    1.00000  -0.00000 for L=   77, J=   76.5 channel on core I =   1.5 from L=   77,  Acc. loss =  0.0 D.
 Elastic phase shift   3 =   -0.000   0.000 deg. for the L =   77, J =   76.5 channel.
0****** WARNING : ACCURACY LOSS IN ERWIN = 14.1 DIGITS, SO EXPECT ERRORS OF   0.0000 % OF UNITARITY

      76.0  1.00000000 -0.00000006i: elastic S-matrix  @@      0.00  0   0 F  0
 Reaction Xsec    76.0+/77 @ 3 =   0.000#, Out:   0.000#   0.000#  -0.000f

   S-matrix    4 =    1.00000  -0.00000 for L=   77, J=   77.5 channel on core I =   1.5 from L=   77,  Acc. loss =  0.0 D.
 Elastic phase shift   4 =   -0.000   0.000 deg. for the L =   77, J =   77.5 channel.
0****** WARNING : ACCURACY LOSS IN ERWIN = 15.6 DIGITS, SO EXPECT ERRORS OF   0.0001 % OF UNITARITY

      76.0  1.00000000 -0.00000006i: elastic S-matrix  @@      0.02  0   0 F  0
 Reaction Xsec    76.0+/77 @ 4 =   0.000#, Out:   0.000#   0.000#  -0.000f


 Total SPIN, PARITY =    76.0 -,      4 chs,      0 cc.  Rmin & Coul turning =    6.1   25.5
   S-matrix    1 =    1.00000  -0.00000 for L=   74, J=   74.5 channel on core I =   1.5 from L=   74,  Acc. loss =  0.0 D.
 Elastic phase shift   1 =   -0.000   0.000 deg. for the L =   74, J =   74.5 channel.
      76.0  1.00000000 -0.00000002i: elastic S-matrix  @@      0.00  0   0 F  0
 Reaction Xsec    76.0-/74 @ 1 =   0.000#, Out:   0.000#   0.000#   0.000f

   S-matrix    2 =    1.00000  -0.00000 for L=   76, J=   75.5 channel on core I =   1.5 from L=   76,  Acc. loss =  0.0 D.
 Elastic phase shift   2 =   -0.000   0.000 deg. for the L =   76, J =   75.5 channel.
      76.0  1.00000000 -0.00000004i: elastic S-matrix  @@      0.00  0   0 F  0
 Reaction Xsec    76.0-/76 @ 2 =   0.000#, Out:   0.000#   0.000#   0.000f

   S-matrix    3 =    1.00000  -0.00000 for L=   76, J=   76.5 channel on core I =   1.5 from L=   76,  Acc. loss =  0.0 D.
 Elastic phase shift   3 =   -0.000   0.000 deg. for the L =   76, J =   76.5 channel.
      76.0  1.00000000 -0.00000004i: elastic S-matrix  @@      0.00  0   0 F  0
 Reaction Xsec    76.0-/76 @ 3 =   0.000#, Out:   0.000#   0.000#   0.000f

   S-matrix    4 =    1.00000  -0.00000 for L=   78, J=   77.5 channel on core I =   1.5 from L=   78,  Acc. loss =  0.0 D.
 Elastic phase shift   4 =   -0.000   0.000 deg. for the L =   78, J =   77.5 channel.
      76.0  1.00000000 -0.00000005i: elastic S-matrix  @@      0.00  0   0 F  0
 Reaction Xsec    76.0-/78 @ 4 =   0.000#, Out:   0.000#   0.000#   0.000f


 Total SPIN, PARITY =    77.0 +,      4 chs,      0 cc.  Rmin & Coul turning =    6.2   25.9
   S-matrix    1 =    1.00000  -0.00000 for L=   75, J=   75.5 channel on core I =   1.5 from L=   75,  Acc. loss =  0.0 D.
 Elastic phase shift   1 =   -0.000   0.000 deg. for the L =   75, J =   75.5 channel.
      77.0  1.00000000 -0.00000002i: elastic S-matrix  @@      0.00  0   0 F  0
 Reaction Xsec    77.0+/75 @ 1 =   0.000#, Out:   0.000#   0.000#   0.000f

   S-matrix    2 =    1.00000  -0.00000 for L=   77, J=   76.5 channel on core I =   1.5 from L=   77,  Acc. loss =  0.0 D.
 Elastic phase shift   2 =   -0.000   0.000 deg. for the L =   77, J =   76.5 channel.
      77.0  1.00000000 -0.00000006i: elastic S-matrix  @@      0.00  0   0 F  0
 Reaction Xsec    77.0+/77 @ 2 =   0.000#, Out:   0.000#   0.000#   0.000f

   S-matrix    3 =    1.00000  -0.00000 for L=   77, J=   77.5 channel on core I =   1.5 from L=   77,  Acc. loss =  0.0 D.
 Elastic phase shift   3 =   -0.000   0.000 deg. for the L =   77, J =   77.5 channel.
      77.0  1.00000000 -0.00000006i: elastic S-matrix  @@      0.00  0   0 F  0
 Reaction Xsec    77.0+/77 @ 3 =   0.000#, Out:   0.000#   0.000#   0.000f

   S-matrix    4 =    1.00000  -0.00000 for L=   79, J=   78.5 channel on core I =   1.5 from L=   79,  Acc. loss =  0.0 D.
 Elastic phase shift   4 =   -0.000   0.000 deg. for the L =   79, J =   78.5 channel.
      77.0  1.00000000 -0.00000004i: elastic S-matrix  @@      0.00  0   0 F  0
 Reaction Xsec    77.0+/79 @ 4 =   0.000#, Out:   0.000#   0.000#   0.000f


 Total SPIN, PARITY =    77.0 -,      5 chs,      0 cc.  Rmin & Coul turning =    6.2   25.9
   S-matrix    1 =    1.00000  -0.00000 for L=   76, J=   75.5 channel on core I =   1.5 from L=   76,  Acc. loss =  0.0 D.
 Elastic phase shift   1 =   -0.000  -0.000 deg. for the L =   76, J =   75.5 channel.
      77.0  1.00000000 -0.00000004i: elastic S-matrix  @@      0.02  0   0 F  0
 Reaction Xsec    77.0-/76 @ 1 =  -0.000#, Out:   0.000#   0.031#  -0.000f

   S-matrix    2 =    1.00000  -0.00000 for L=   76, J=   76.5 channel on core I =   1.5 from L=   76,  Acc. loss =  0.0 D.
 Elastic phase shift   2 =   -0.000   0.000 deg. for the L =   76, J =   76.5 channel.
      77.0  1.00000000 -0.00000004i: elastic S-matrix  @@      0.00  0   0 F  0
 Reaction Xsec    77.0-/76 @ 2 =   0.000#, Out:   0.000#   0.466#  -0.000f

   S-matrix    3 =    1.00000  -0.00000 for L=   78, J=   77.5 channel on core I =   1.5 from L=   78,  Acc. loss =  0.0 D.
 Elastic phase shift   3 =   -0.000   0.000 deg. for the L =   78, J =   77.5 channel.
      77.0  1.00000000 -0.00000005i: elastic S-matrix  @@      0.00  0   0 F  0
 Reaction Xsec    77.0-/78 @ 3 =   0.000#, Out:   0.000#   0.015#  -0.000f

   S-matrix    4 =    1.00000  -0.00000 for L=   78, J=   78.5 channel on core I =   1.5 from L=   78,  Acc. loss =  0.0 D.
 Elastic phase shift   4 =   -0.000   0.000 deg. for the L =   78, J =   78.5 channel.
      77.0  1.00000000 -0.00000005i: elastic S-matrix  @@      0.00  0   0 F  0
 Reaction Xsec    77.0-/78 @ 4 =   0.000#, Out:   0.000#   0.026#  -0.000f


 Total SPIN, PARITY =    78.0 +,      5 chs,      0 cc.  Rmin & Coul turning =    6.2   26.2
   S-matrix    1 =    1.00000  -0.00000 for L=   77, J=   76.5 channel on core I =   1.5 from L=   77,  Acc. loss =  0.0 D.
 Elastic phase shift   1 =   -0.000   0.000 deg. for the L =   77, J =   76.5 channel.
0****** WARNING : ACCURACY LOSS IN ERWIN = 14.2 DIGITS, SO EXPECT ERRORS OF   0.0031 % OF UNITARITY

      78.0  1.00000000 -0.00000006i: elastic S-matrix  @@      0.02  0   0 F  0
 Reaction Xsec    78.0+/77 @ 1 =   0.000#, Out:   0.000#   3.330#  -0.000f

   S-matrix    2 =    1.00000  -0.00000 for L=   77, J=   77.5 channel on core I =   1.5 from L=   77,  Acc. loss =  0.0 D.
 Elastic phase shift   2 =   -0.000   0.000 deg. for the L =   77, J =   77.5 channel.
      78.0  1.00000000 -0.00000006i: elastic S-matrix  @@      0.02  0   0 F  0
 Reaction Xsec    78.0+/77 @ 2 =   0.000#, Out:   0.000#   5.172#  -0.000f

   S-matrix    3 =    1.00000  -0.00000 for L=   79, J=   78.5 channel on core I =   1.5 from L=   79,  Acc. loss =  0.0 D.
 Elastic phase shift   3 =   -0.000   0.000 deg. for the L =   79, J =   78.5 channel.
0****** WARNING : ACCURACY LOSS IN ERWIN = 14.4 DIGITS, SO EXPECT ERRORS OF   0.0006 % OF UNITARITY

      78.0  1.00000000 -0.00000004i: elastic S-matrix  @@      0.00  0   0 F  0
 Reaction Xsec    78.0+/79 @ 3 =   0.000#, Out:   0.000#   0.052#  -0.000f

   S-matrix    4 =    1.00000  -0.00000 for L=   79, J=   79.5 channel on core I =   1.5 from L=   79,  Acc. loss =  0.0 D.
 Elastic phase shift   4 =   -0.000   0.000 deg. for the L =   79, J =   79.5 channel.
0****** WARNING : ACCURACY LOSS IN ERWIN = 14.9 DIGITS, SO EXPECT ERRORS OF   0.0011 % OF UNITARITY

      78.0  1.00000000 -0.00000004i: elastic S-matrix  @@      0.00  0   0 F  0
 Reaction Xsec    78.0+/79 @ 4 =   0.000#, Out:   0.000#   0.019#  -0.000f


 Total SPIN, PARITY =    78.0 -,      4 chs,      0 cc.  Rmin & Coul turning =    6.2   26.2
   S-matrix    1 =    1.00000  -0.00000 for L=   76, J=   76.5 channel on core I =   1.5 from L=   76,  Acc. loss =  0.0 D.
 Elastic phase shift   1 =   -0.000   0.000 deg. for the L =   76, J =   76.5 channel.
      78.0  1.00000000 -0.00000004i: elastic S-matrix  @@      0.00  0   0 F  0
 Reaction Xsec    78.0-/76 @ 1 =   0.000#, Out:   0.000#   0.000#   0.000f

   S-matrix    2 =    1.00000  -0.00000 for L=   78, J=   77.5 channel on core I =   1.5 from L=   78,  Acc. loss =  0.0 D.
 Elastic phase shift   2 =   -0.000   0.000 deg. for the L =   78, J =   77.5 channel.
      78.0  1.00000000 -0.00000005i: elastic S-matrix  @@      0.00  0   0 F  0
 Reaction Xsec    78.0-/78 @ 2 =   0.000#, Out:   0.000#   0.000#   0.000f

   S-matrix    3 =    1.00000  -0.00000 for L=   78, J=   78.5 channel on core I =   1.5 from L=   78,  Acc. loss =  0.0 D.
 Elastic phase shift   3 =   -0.000   0.000 deg. for the L =   78, J =   78.5 channel.
      78.0  1.00000000 -0.00000005i: elastic S-matrix  @@      0.00  0   0 F  0
 Reaction Xsec    78.0-/78 @ 3 =   0.000#, Out:   0.000#   0.000#   0.000f

   S-matrix    4 =    1.00000  -0.00000 for L=   80, J=   79.5 channel on core I =   1.5 from L=   80,  Acc. loss =  0.0 D.
 Elastic phase shift   4 =   -0.000   0.000 deg. for the L =   80, J =   79.5 channel.
      78.0  1.00000000 -0.00000003i: elastic S-matrix  @@      0.00  0   0 F  0
 Reaction Xsec    78.0-/80 @ 4 =   0.000#, Out:   0.000#   0.000#   0.000f


 Total SPIN, PARITY =    79.0 +,      4 chs,      0 cc.  Rmin & Coul turning =    6.3   26.5
   S-matrix    1 =    1.00000  -0.00000 for L=   77, J=   77.5 channel on core I =   1.5 from L=   77,  Acc. loss =  0.0 D.
 Elastic phase shift   1 =   -0.000   0.000 deg. for the L =   77, J =   77.5 channel.
      79.0  1.00000000 -0.00000006i: elastic S-matrix  @@      0.00  0   0 F  0
 Reaction Xsec    79.0+/77 @ 1 =   0.000#, Out:   0.000#   0.000#   0.000f

   S-matrix    2 =    1.00000  -0.00000 for L=   79, J=   78.5 channel on core I =   1.5 from L=   79,  Acc. loss =  0.0 D.
 Elastic phase shift   2 =   -0.000   0.000 deg. for the L =   79, J =   78.5 channel.
      79.0  1.00000000 -0.00000004i: elastic S-matrix  @@      0.00  0   0 F  0
 Reaction Xsec    79.0+/79 @ 2 =   0.000#, Out:   0.000#   0.000#   0.000f

   S-matrix    3 =    1.00000  -0.00000 for L=   79, J=   79.5 channel on core I =   1.5 from L=   79,  Acc. loss =  0.0 D.
 Elastic phase shift   3 =   -0.000   0.000 deg. for the L =   79, J =   79.5 channel.
      79.0  1.00000000 -0.00000004i: elastic S-matrix  @@      0.00  0   0 F  0
 Reaction Xsec    79.0+/79 @ 3 =   0.000#, Out:   0.000#   0.000#   0.000f

   S-matrix    4 =    1.00000  -0.00000 for L=   81, J=   80.5 channel on core I =   1.5 from L=   81,  Acc. loss =  0.0 D.
 Elastic phase shift   4 =   -0.000   0.000 deg. for the L =   81, J =   80.5 channel.
      79.0  1.00000000 -0.00000002i: elastic S-matrix  @@      0.00  0   0 F  0
 Reaction Xsec    79.0+/81 @ 4 =   0.000#, Out:   0.000#   0.000#   0.000f


 Total SPIN, PARITY =    79.0 -,      5 chs,      0 cc.  Rmin & Coul turning =    6.3   26.5
   S-matrix    1 =    1.00000  -0.00000 for L=   78, J=   77.5 channel on core I =   1.5 from L=   78,  Acc. loss =  0.0 D.
 Elastic phase shift   1 =   -0.000   0.000 deg. for the L =   78, J =   77.5 channel.
0****** WARNING : ACCURACY LOSS IN ERWIN = 14.3 DIGITS, SO EXPECT ERRORS OF   0.0005 % OF UNITARITY

      79.0  1.00000000 -0.00000005i: elastic S-matrix  @@      0.02  0   0 F  0
 Reaction Xsec    79.0-/78 @ 1 =   0.000#, Out:   0.000#   0.076#  -0.000f

   S-matrix    2 =    1.00000  -0.00000 for L=   78, J=   78.5 channel on core I =   1.5 from L=   78,  Acc. loss =  0.0 D.
 Elastic phase shift   2 =   -0.000   0.000 deg. for the L =   78, J =   78.5 channel.
      79.0  1.00000000 -0.00000005i: elastic S-matrix  @@      0.00  0   0 F  0
 Reaction Xsec    79.0-/78 @ 2 =   0.000#, Out:   0.000#   0.058#  -0.000f

   S-matrix    3 =    1.00000  -0.00000 for L=   80, J=   79.5 channel on core I =   1.5 from L=   80,  Acc. loss =  0.0 D.
 Elastic phase shift   3 =   -0.000   0.000 deg. for the L =   80, J =   79.5 channel.
0****** WARNING : ACCURACY LOSS IN ERWIN = 14.7 DIGITS, SO EXPECT ERRORS OF   0.0001 % OF UNITARITY

      79.0  1.00000000 -0.00000003i: elastic S-matrix  @@      0.02  0   0 F  0
 Reaction Xsec    79.0-/80 @ 3 =   0.000#, Out:   0.000#   0.000#  -0.000f

   S-matrix    4 =    1.00000  -0.00000 for L=   80, J=   80.5 channel on core I =   1.5 from L=   80,  Acc. loss =  0.0 D.
 Elastic phase shift   4 =   -0.000   0.000 deg. for the L =   80, J =   80.5 channel.
0****** WARNING : ACCURACY LOSS IN ERWIN = 15.3 DIGITS, SO EXPECT ERRORS OF   0.0002 % OF UNITARITY

      79.0  1.00000000 -0.00000003i: elastic S-matrix  @@      0.00  0   0 F  0
 Reaction Xsec    79.0-/80 @ 4 =   0.000#, Out:   0.000#   0.000#  -0.000f


 Total SPIN, PARITY =    80.0 +,      5 chs,      0 cc.  Rmin & Coul turning =    6.4   26.9
   S-matrix    1 =    1.00000  -0.00000 for L=   79, J=   78.5 channel on core I =   1.5 from L=   79,  Acc. loss =  0.0 D.
 Elastic phase shift   1 =   -0.000   0.000 deg. for the L =   79, J =   78.5 channel.
      80.0  1.00000000 -0.00000004i: elastic S-matrix  @@      0.02  0   0 F  0
 Reaction Xsec    80.0+/79 @ 1 =   0.000#, Out:   0.000#   2.483#  -0.000f

   S-matrix    2 =    1.00000  -0.00000 for L=   79, J=   79.5 channel on core I =   1.5 from L=   79,  Acc. loss =  0.0 D.
 Elastic phase shift   2 =   -0.000   0.000 deg. for the L =   79, J =   79.5 channel.
      80.0  1.00000000 -0.00000004i: elastic S-matrix  @@      0.00  0   0 F  0
 Reaction Xsec    80.0+/79 @ 2 =   0.000#, Out:   0.000#   1.011#  -0.000f

   S-matrix    3 =    1.00000  -0.00000 for L=   81, J=   80.5 channel on core I =   1.5 from L=   81,  Acc. loss =  0.0 D.
 Elastic phase shift   3 =   -0.000   0.000 deg. for the L =   81, J =   80.5 channel.
      80.0  1.00000000 -0.00000002i: elastic S-matrix  @@      0.00  0   0 F  0
 Reaction Xsec    80.0+/81 @ 3 =   0.000#, Out:   0.000#   0.008#  -0.000f

   S-matrix    4 =    1.00000  -0.00000 for L=   81, J=   81.5 channel on core I =   1.5 from L=   81,  Acc. loss =  0.0 D.
 Elastic phase shift   4 =   -0.000   0.000 deg. for the L =   81, J =   81.5 channel.
      80.0  1.00000000 -0.00000002i: elastic S-matrix  @@      0.02  0   0 F  0
 Reaction Xsec    80.0+/81 @ 4 =   0.000#, Out:   0.000#   0.013#  -0.000f


 Total SPIN, PARITY =    80.0 -,      4 chs,      0 cc.  Rmin & Coul turning =    6.4   26.9
   S-matrix    1 =    1.00000  -0.00000 for L=   78, J=   78.5 channel on core I =   1.5 from L=   78,  Acc. loss =  0.0 D.
 Elastic phase shift   1 =   -0.000   0.000 deg. for the L =   78, J =   78.5 channel.
      80.0  1.00000000 -0.00000005i: elastic S-matrix  @@      0.00  0   0 F  0
 Reaction Xsec    80.0-/78 @ 1 =   0.000#, Out:   0.000#   0.000#   0.000f

   S-matrix    2 =    1.00000  -0.00000 for L=   80, J=   79.5 channel on core I =   1.5 from L=   80,  Acc. loss =  0.0 D.
 Elastic phase shift   2 =   -0.000   0.000 deg. for the L =   80, J =   79.5 channel.
      80.0  1.00000000 -0.00000003i: elastic S-matrix  @@      0.00  0   0 F  0
 Reaction Xsec    80.0-/80 @ 2 =   0.000#, Out:   0.000#   0.000#   0.000f

   S-matrix    3 =    1.00000  -0.00000 for L=   80, J=   80.5 channel on core I =   1.5 from L=   80,  Acc. loss =  0.0 D.
 Elastic phase shift   3 =   -0.000   0.000 deg. for the L =   80, J =   80.5 channel.
      80.0  1.00000000 -0.00000003i: elastic S-matrix  @@      0.00  0   0 F  0
 Reaction Xsec    80.0-/80 @ 3 =   0.000#, Out:   0.000#   0.000#   0.000f

   S-matrix    4 =    1.00000  -0.00000 for L=   82, J=   81.5 channel on core I =   1.5 from L=   82,  Acc. loss =  0.0 D.
 Elastic phase shift   4 =   -0.000   0.000 deg. for the L =   82, J =   81.5 channel.
      80.0  1.00000000 -0.00000003i: elastic S-matrix  @@      0.00  0   0 F  0
 Reaction Xsec    80.0-/82 @ 4 =   0.000#, Out:   0.000#   0.000#   0.000f

 Finished all CC sets @    2.95312500    
0CUMULATIVE REACTION cross section                 =  341.01993  <L> =     9.95  <L**2> =    113.5
0CUMULATIVE outgoing cross sections in partition 1 :    0.00000
0CUMULATIVE outgoing cross sections in partition 2 :  9.718E-05
0Cumulative ABSORBTION by Imaginary Potentials     =  341.01983  <L> =     9.95  <L**2> =    113.5
   Fusion for specific p        M-states :  343.334094  343.334094
0CUMULATIVE OUTGOING cross section                 =    0.00010
 To convert to S-factors (MeV.mb = keV.b),  multiply by  2.4326E+02


 CROSS SECTIONS FOR OUTGOING p        & 7Li      in state #   1 with spins & parities 0.5  + &  1.5  -;  0

     0.01 deg.: X-S =   4.3703E+12 mb/sr,
+                                         /R =   9.9992E-01
     1.00 deg.: X-S =   2.5912E+04 mb/sr,
+                                         /R =   5.9284E-01
     2.00 deg.: X-S =  5985.675625 mb/sr,
+                                         /R =   2.1908E+00
     3.00 deg.: X-S =  7005.075844 mb/sr,
+                                         /R =   1.2976E+01
     4.00 deg.: X-S =  7158.808348 mb/sr,
+                                         /R =   4.1897E+01
     5.00 deg.: X-S =  6741.304855 mb/sr,
+                                         /R =   9.6278E+01
     6.00 deg.: X-S =  6037.903104 mb/sr,
+                                         /R =   1.7871E+02
     7.00 deg.: X-S =  5204.817216 mb/sr,
+                                         /R =   2.8522E+02
     8.00 deg.: X-S =  4338.290920 mb/sr,
+                                         /R =   4.0525E+02
     9.00 deg.: X-S =  3502.392971 mb/sr,
+                                         /R =   5.2361E+02
    10.00 deg.: X-S =  2739.509661 mb/sr,
+                                         /R =   6.2363E+02
    11.00 deg.: X-S =  2075.091592 mb/sr,
+                                         /R =   6.9087E+02
    12.00 deg.: X-S =  1520.771266 mb/sr,
+                                         /R =   7.1626E+02
    13.00 deg.: X-S =  1077.198296 mb/sr,
+                                         /R =   6.9791E+02
    14.00 deg.: X-S =   736.897009 mb/sr,
+                                         /R =   6.4129E+02
    15.00 deg.: X-S =   487.066631 mb/sr,
+                                         /R =   5.5776E+02
    16.00 deg.: X-S =   312.135470 mb/sr,
+                                         /R =   4.6199E+02
    17.00 deg.: X-S =   195.894519 mb/sr,
+                                         /R =   3.6889E+02
    18.00 deg.: X-S =   123.101954 mb/sr,
+                                         /R =   2.9085E+02
    19.00 deg.: X-S =    80.529981 mb/sr,
+                                         /R =   2.3576E+02
    20.00 deg.: X-S =    57.495975 mb/sr,
+                                         /R =   2.0625E+02
    21.00 deg.: X-S =    45.968928 mb/sr,
+                                         /R =   2.0002E+02
    22.00 deg.: X-S =    40.367027 mb/sr,
+                                         /R =   2.1110E+02
    23.00 deg.: X-S =    37.165663 mb/sr,
+                                         /R =   2.3165E+02
    24.00 deg.: X-S =    34.422238 mb/sr,
+                                         /R =   2.5376E+02
    25.00 deg.: X-S =    31.301026 mb/sr,
+                                         /R =   2.7100E+02
    26.00 deg.: X-S =    27.654400 mb/sr,
+                                         /R =   2.7937E+02
    27.00 deg.: X-S =    23.691008 mb/sr,
+                                         /R =   2.7758E+02
    28.00 deg.: X-S =    19.740079 mb/sr,
+                                         /R =   2.6676E+02
    29.00 deg.: X-S =    16.105324 mb/sr,
+                                         /R =   2.4971E+02
    30.00 deg.: X-S =    12.992427 mb/sr,
+                                         /R =   2.3001E+02
    31.00 deg.: X-S =    10.490056 mb/sr,
+                                         /R =   2.1108E+02
    32.00 deg.: X-S =     8.584525 mb/sr,
+                                         /R =   1.9549E+02
    33.00 deg.: X-S =     7.191051 mb/sr,
+                                         /R =   1.8460E+02
    34.00 deg.: X-S =     6.188773 mb/sr,
+                                         /R =   1.7841E+02
    35.00 deg.: X-S =     5.451241 mb/sr,
+                                         /R =   1.7584E+02
    36.00 deg.: X-S =     4.868177 mb/sr,
+                                         /R =   1.7513E+02
    37.00 deg.: X-S =     4.357492 mb/sr,
+                                         /R =   1.7426E+02
    38.00 deg.: X-S =     3.868631 mb/sr,
+                                         /R =   1.7147E+02
    39.00 deg.: X-S =     3.379523 mb/sr,
+                                         /R =   1.6554E+02
    40.00 deg.: X-S =     2.889745 mb/sr,
+                                         /R =   1.5600E+02
    41.00 deg.: X-S =     2.412262 mb/sr,
+                                         /R =   1.4315E+02
    42.00 deg.: X-S =     1.965598 mb/sr,
+                                         /R =   1.2790E+02
    43.00 deg.: X-S =     1.567583 mb/sr,
+                                         /R =   1.1158E+02
    44.00 deg.: X-S =     1.231235 mb/sr,
+                                         /R =   9.5655E+01
    45.00 deg.: X-S =     0.962775 mb/sr,
+                                         /R =   8.1461E+01
    46.00 deg.: X-S =     0.761452 mb/sr,
+                                         /R =   7.0020E+01
    47.00 deg.: X-S =     0.620640 mb/sr,
+                                         /R =   6.1902E+01
    48.00 deg.: X-S =     0.529681 mb/sr,
+                                         /R =   5.7192E+01
    49.00 deg.: X-S =     0.475930 mb/sr,
+                                         /R =   5.5529E+01
    50.00 deg.: X-S =     0.446640 mb/sr,
+                                         /R =   5.6210E+01
    51.00 deg.: X-S =     0.430438 mb/sr,
+                                         /R =   5.8333E+01
    52.00 deg.: X-S =     0.418271 mb/sr,
+                                         /R =   6.0939E+01
    53.00 deg.: X-S =     0.403832 mb/sr,
+                                         /R =   6.3151E+01
    54.00 deg.: X-S =     0.383535 mb/sr,
+                                         /R =   6.4277E+01
    55.00 deg.: X-S =     0.356157 mb/sr,
+                                         /R =   6.3875E+01
    56.00 deg.: X-S =     0.322299 mb/sr,
+                                         /R =   6.1768E+01
    57.00 deg.: X-S =     0.283752 mb/sr,
+                                         /R =   5.8031E+01
    58.00 deg.: X-S =     0.242910 mb/sr,
+                                         /R =   5.2942E+01
    59.00 deg.: X-S =     0.202259 mb/sr,
+                                         /R =   4.6917E+01
    60.00 deg.: X-S =     0.164002 mb/sr,
+                                         /R =   4.0439E+01
    61.00 deg.: X-S =     0.129829 mb/sr,
+                                         /R =   3.3987E+01
    62.00 deg.: X-S =     0.100813 mb/sr,
+                                         /R =   2.7986E+01
    63.00 deg.: X-S =     0.077405 mb/sr,
+                                         /R =   2.2760E+01
    64.00 deg.: X-S =     0.059521 mb/sr,
+                                         /R =   1.8517E+01
    65.00 deg.: X-S =     0.046657 mb/sr,
+                                         /R =   1.5341E+01
    66.00 deg.: X-S =     0.038037 mb/sr,
+                                         /R =   1.3204E+01
    67.00 deg.: X-S =     0.032744 mb/sr,
+                                         /R =   1.1988E+01
    68.00 deg.: X-S =     0.029845 mb/sr,
+                                         /R =   1.1513E+01
    69.00 deg.: X-S =     0.028477 mb/sr,
+                                         /R =   1.1563E+01
    70.00 deg.: X-S =     0.027911 mb/sr,
+                                         /R =   1.1918E+01
    71.00 deg.: X-S =     0.027581 mb/sr,
+                                         /R =   1.2374E+01
    72.00 deg.: X-S =     0.027097 mb/sr,
+                                         /R =   1.2760E+01
    73.00 deg.: X-S =     0.026227 mb/sr,
+                                         /R =   1.2953E+01
    74.00 deg.: X-S =     0.024876 mb/sr,
+                                         /R =   1.2873E+01
    75.00 deg.: X-S =     0.023056 mb/sr,
+                                         /R =   1.2492E+01
    76.00 deg.: X-S =     0.020853 mb/sr,
+                                         /R =   1.1820E+01
    77.00 deg.: X-S =     0.018393 mb/sr,
+                                         /R =   1.0897E+01
    78.00 deg.: X-S =     0.015820 mb/sr,
+                                         /R =   9.7896E+00
    79.00 deg.: X-S =     0.013272 mb/sr,
+                                         /R =   8.5713E+00
    80.00 deg.: X-S =     0.010869 mb/sr,
+                                         /R =   7.3199E+00
    81.00 deg.: X-S =     0.008701 mb/sr,
+                                         /R =   6.1069E+00
    82.00 deg.: X-S =     0.006830 mb/sr,
+                                         /R =   4.9919E+00
    83.00 deg.: X-S =     0.005285 mb/sr,
+                                         /R =   4.0194E+00
    84.00 deg.: X-S =     0.004068 mb/sr,
+                                         /R =   3.2172E+00
    85.00 deg.: X-S =     0.003159 mb/sr,
+                                         /R =   2.5964E+00
    86.00 deg.: X-S =     0.002523 mb/sr,
+                                         /R =   2.1534E+00
    87.00 deg.: X-S =     0.002114 mb/sr,
+                                         /R =   1.8723E+00
    88.00 deg.: X-S =     0.001881 mb/sr,
+                                         /R =   1.7284E+00
    89.00 deg.: X-S =     0.001776 mb/sr,
+                                         /R =   1.6914E+00
    90.00 deg.: X-S =     0.001753 mb/sr,
+                                         /R =   1.7291E+00
    91.00 deg.: X-S =     0.001773 mb/sr,
+                                         /R =   1.8098E+00
    92.00 deg.: X-S =     0.001803 mb/sr,
+                                         /R =   1.9050E+00
    93.00 deg.: X-S =     0.001823 mb/sr,
+                                         /R =   1.9910E+00
    94.00 deg.: X-S =     0.001816 mb/sr,
+                                         /R =   2.0501E+00
    95.00 deg.: X-S =     0.001776 mb/sr,
+                                         /R =   2.0703E+00
    96.00 deg.: X-S =     0.001700 mb/sr,
+                                         /R =   2.0459E+00
    97.00 deg.: X-S =     0.001592 mb/sr,
+                                         /R =   1.9762E+00
    98.00 deg.: X-S =     0.001457 mb/sr,
+                                         /R =   1.8652E+00
    99.00 deg.: X-S =     0.001304 mb/sr,
+                                         /R =   1.7200E+00
   100.00 deg.: X-S =     0.001141 mb/sr,
+                                         /R =   1.5499E+00
   101.00 deg.: X-S =     0.000976 mb/sr,
+                                         /R =   1.3651E+00
   102.00 deg.: X-S =     0.000817 mb/sr,
+                                         /R =   1.1758E+00
   103.00 deg.: X-S =     0.000670 mb/sr,
+                                         /R =   9.9134E-01
   104.00 deg.: X-S =     0.000539 mb/sr,
+                                         /R =   8.1958E-01
   105.00 deg.: X-S =     0.000427 mb/sr,
+                                         /R =   6.6662E-01
   106.00 deg.: X-S =     0.000334 mb/sr,
+                                         /R =   5.3649E-01
   107.00 deg.: X-S =     0.000262 mb/sr,
+                                         /R =   4.3120E-01
   108.00 deg.: X-S =     0.000208 mb/sr,
+                                         /R =   3.5092E-01
   109.00 deg.: X-S =     0.000170 mb/sr,
+                                         /R =   2.9425E-01
   110.00 deg.: X-S =     0.000146 mb/sr,
+                                         /R =   2.5859E-01
   111.00 deg.: X-S =     0.000132 mb/sr,
+                                         /R =   2.4046E-01
   112.00 deg.: X-S =     0.000127 mb/sr,
+                                         /R =   2.3590E-01
   113.00 deg.: X-S =     0.000126 mb/sr,
+                                         /R =   2.4084E-01
   114.00 deg.: X-S =     0.000129 mb/sr,
+                                         /R =   2.5135E-01
   115.00 deg.: X-S =     0.000132 mb/sr,
+                                         /R =   2.6396E-01
   116.00 deg.: X-S =     0.000135 mb/sr,
+                                         /R =   2.7576E-01
   117.00 deg.: X-S =     0.000136 mb/sr,
+                                         /R =   2.8449E-01
   118.00 deg.: X-S =     0.000136 mb/sr,
+                                         /R =   2.8859E-01
   119.00 deg.: X-S =     0.000132 mb/sr,
+                                         /R =   2.8718E-01
   120.00 deg.: X-S =     0.000126 mb/sr,
+                                         /R =   2.7998E-01
   121.00 deg.: X-S =     0.000118 mb/sr,
+                                         /R =   2.6726E-01
   122.00 deg.: X-S =     0.000108 mb/sr,
+                                         /R =   2.4968E-01
   123.00 deg.: X-S =   9.6973E-05 mb/sr,
+                                         /R =   2.2820E-01
   124.00 deg.: X-S =   8.5060E-05 mb/sr,
+                                         /R =   2.0395E-01
   125.00 deg.: X-S =   7.2944E-05 mb/sr,
+                                         /R =   1.7814E-01
   126.00 deg.: X-S =   6.1101E-05 mb/sr,
+                                         /R =   1.5193E-01
   127.00 deg.: X-S =   4.9937E-05 mb/sr,
+                                         /R =   1.2637E-01
   128.00 deg.: X-S =   3.9767E-05 mb/sr,
+                                         /R =   1.0238E-01
   129.00 deg.: X-S =   3.0815E-05 mb/sr,
+                                         /R =   8.0684E-02
   130.00 deg.: X-S =   2.3213E-05 mb/sr,
+                                         /R =   6.1788E-02
   131.00 deg.: X-S =   1.7008E-05 mb/sr,
+                                         /R =   4.6006E-02
   132.00 deg.: X-S =   1.2174E-05 mb/sr,
+                                         /R =   3.3453E-02
   133.00 deg.: X-S =   8.6269E-06 mb/sr,
+                                         /R =   2.4072E-02
   134.00 deg.: X-S =   6.2368E-06 mb/sr,
+                                         /R =   1.7666E-02
   135.00 deg.: X-S =   4.8453E-06 mb/sr,
+                                         /R =   1.3927E-02
   136.00 deg.: X-S =   4.2779E-06 mb/sr,
+                                         /R =   1.2473E-02
   137.00 deg.: X-S =   4.3552E-06 mb/sr,
+                                         /R =   1.2876E-02
   138.00 deg.: X-S =   4.9029E-06 mb/sr,
+                                         /R =   1.4694E-02
   139.00 deg.: X-S =   5.7596E-06 mb/sr,
+                                         /R =   1.7491E-02
   140.00 deg.: X-S =   6.7821E-06 mb/sr,
+                                         /R =   2.0863E-02
   141.00 deg.: X-S =   7.8484E-06 mb/sr,
+                                         /R =   2.4448E-02
   142.00 deg.: X-S =   8.8604E-06 mb/sr,
+                                         /R =   2.7938E-02
   143.00 deg.: X-S =   9.7434E-06 mb/sr,
+                                         /R =   3.1089E-02
   144.00 deg.: X-S =   1.0446E-05 mb/sr,
+                                         /R =   3.3715E-02
   145.00 deg.: X-S =   1.0936E-05 mb/sr,
+                                         /R =   3.5695E-02
   146.00 deg.: X-S =   1.1201E-05 mb/sr,
+                                         /R =   3.6959E-02
   147.00 deg.: X-S =   1.1244E-05 mb/sr,
+                                         /R =   3.7491E-02
   148.00 deg.: X-S =   1.1078E-05 mb/sr,
+                                         /R =   3.7315E-02
   149.00 deg.: X-S =   1.0726E-05 mb/sr,
+                                         /R =   3.6488E-02
   150.00 deg.: X-S =   1.0219E-05 mb/sr,
+                                         /R =   3.5094E-02
   151.00 deg.: X-S =   9.5875E-06 mb/sr,
+                                         /R =   3.3231E-02
   152.00 deg.: X-S =   8.8671E-06 mb/sr,
+                                         /R =   3.1007E-02
   153.00 deg.: X-S =   8.0908E-06 mb/sr,
+                                         /R =   2.8535E-02
   154.00 deg.: X-S =   7.2899E-06 mb/sr,
+                                         /R =   2.5923E-02
   155.00 deg.: X-S =   6.4918E-06 mb/sr,
+                                         /R =   2.3268E-02
   156.00 deg.: X-S =   5.7199E-06 mb/sr,
+                                         /R =   2.0657E-02
   157.00 deg.: X-S =   4.9933E-06 mb/sr,
+                                         /R =   1.8164E-02
   158.00 deg.: X-S =   4.3260E-06 mb/sr,
+                                         /R =   1.5847E-02
   159.00 deg.: X-S =   3.7273E-06 mb/sr,
+                                         /R =   1.3744E-02
   160.00 deg.: X-S =   3.2019E-06 mb/sr,
+                                         /R =   1.1882E-02
   161.00 deg.: X-S =   2.7507E-06 mb/sr,
+                                         /R =   1.0269E-02
   162.00 deg.: X-S =   2.3718E-06 mb/sr,
+                                         /R =   8.9047E-03
   163.00 deg.: X-S =   2.0600E-06 mb/sr,
+                                         /R =   7.7759E-03
   164.00 deg.: X-S =   1.8085E-06 mb/sr,
+                                         /R =   6.8612E-03
   165.00 deg.: X-S =   1.6092E-06 mb/sr,
+                                         /R =   6.1339E-03
   166.00 deg.: X-S =   1.4534E-06 mb/sr,
+                                         /R =   5.5650E-03
   167.00 deg.: X-S =   1.3329E-06 mb/sr,
+                                         /R =   5.1244E-03
   168.00 deg.: X-S =   1.2393E-06 mb/sr,
+                                         /R =   4.7830E-03
   169.00 deg.: X-S =   1.1656E-06 mb/sr,
+                                         /R =   4.5145E-03
   170.00 deg.: X-S =   1.1059E-06 mb/sr,
+                                         /R =   4.2970E-03
   171.00 deg.: X-S =   1.0555E-06 mb/sr,
+                                         /R =   4.1131E-03
   172.00 deg.: X-S =   1.0112E-06 mb/sr,
+                                         /R =   3.9506E-03
   173.00 deg.: X-S =   9.7091E-07 mb/sr,
+                                         /R =   3.8019E-03
   174.00 deg.: X-S =   9.3387E-07 mb/sr,
+                                         /R =   3.6641E-03
   175.00 deg.: X-S =   9.0006E-07 mb/sr,
+                                         /R =   3.5374E-03
   176.00 deg.: X-S =   8.7011E-07 mb/sr,
+                                         /R =   3.4244E-03
   177.00 deg.: X-S =   8.4509E-07 mb/sr,
+                                         /R =   3.3295E-03
   178.00 deg.: X-S =   8.2624E-07 mb/sr,
+                                         /R =   3.2577E-03
   179.00 deg.: X-S =   8.1457E-07 mb/sr,
+                                         /R =   3.2132E-03
   179.99 deg.: X-S =   8.1064E-07 mb/sr,
+                                         /R =   3.1981E-03
                                           Integrated********** mb, over [   0.000, 180.000] at   230.0000 MeV 

 CROSS SECTIONS FOR OUTGOING 4He      & 4He      in state #   1 with spins & parities 0.0  + &  0.0  +;  0

     0.00 deg.: X-S =   1.5309E-05 mb/sr,
+                                         REAC   9.7185E-05 mb
     1.00 deg.: X-S =   1.4811E-05 mb/sr,
     2.00 deg.: X-S =   8.4853E-06 mb/sr,
     3.00 deg.: X-S =   4.5218E-06 mb/sr,
     4.00 deg.: X-S =   5.2868E-06 mb/sr,
     5.00 deg.: X-S =   2.2180E-06 mb/sr,
     6.00 deg.: X-S =   1.7770E-06 mb/sr,
     7.00 deg.: X-S =   2.6033E-06 mb/sr,
     8.00 deg.: X-S =   2.2980E-06 mb/sr,
     9.00 deg.: X-S =   1.8694E-06 mb/sr,
    10.00 deg.: X-S =   2.2545E-06 mb/sr,
    11.00 deg.: X-S =   3.6040E-06 mb/sr,
    12.00 deg.: X-S =   2.1714E-06 mb/sr,
    13.00 deg.: X-S =   1.1848E-06 mb/sr,
    14.00 deg.: X-S =   1.4505E-06 mb/sr,
    15.00 deg.: X-S =   1.6572E-06 mb/sr,
    16.00 deg.: X-S =   2.0888E-06 mb/sr,
    17.00 deg.: X-S =   2.6342E-06 mb/sr,
    18.00 deg.: X-S =   3.2129E-06 mb/sr,
    19.00 deg.: X-S =   1.8529E-06 mb/sr,
    20.00 deg.: X-S =   1.2897E-06 mb/sr,
    21.00 deg.: X-S =   1.7629E-06 mb/sr,
    22.00 deg.: X-S =   1.6955E-06 mb/sr,
    23.00 deg.: X-S =   2.0555E-06 mb/sr,
    24.00 deg.: X-S =   3.1021E-06 mb/sr,
    25.00 deg.: X-S =   3.9747E-06 mb/sr,
    26.00 deg.: X-S =   2.3025E-06 mb/sr,
    27.00 deg.: X-S =   1.1521E-06 mb/sr,
    28.00 deg.: X-S =   1.7034E-06 mb/sr,
    29.00 deg.: X-S =   2.0978E-06 mb/sr,
    30.00 deg.: X-S =   2.3187E-06 mb/sr,
    31.00 deg.: X-S =   2.8492E-06 mb/sr,
    32.00 deg.: X-S =   3.8260E-06 mb/sr,
    33.00 deg.: X-S =   2.8021E-06 mb/sr,
    34.00 deg.: X-S =   1.9190E-06 mb/sr,
    35.00 deg.: X-S =   2.4746E-06 mb/sr,
    36.00 deg.: X-S =   2.9166E-06 mb/sr,
    37.00 deg.: X-S =   2.3680E-06 mb/sr,
    38.00 deg.: X-S =   1.5099E-06 mb/sr,
    39.00 deg.: X-S =   2.3268E-06 mb/sr,
    40.00 deg.: X-S =   2.8937E-06 mb/sr,
    41.00 deg.: X-S =   3.2363E-06 mb/sr,
    42.00 deg.: X-S =   3.6453E-06 mb/sr,
    43.00 deg.: X-S =   3.8506E-06 mb/sr,
    44.00 deg.: X-S =   3.0089E-06 mb/sr,
    45.00 deg.: X-S =   1.1441E-06 mb/sr,
    46.00 deg.: X-S =   9.8394E-07 mb/sr,
    47.00 deg.: X-S =   2.0537E-06 mb/sr,
    48.00 deg.: X-S =   3.2010E-06 mb/sr,
    49.00 deg.: X-S =   3.2401E-06 mb/sr,
    50.00 deg.: X-S =   3.2430E-06 mb/sr,
    51.00 deg.: X-S =   3.3778E-06 mb/sr,
    52.00 deg.: X-S =   2.5236E-06 mb/sr,
    53.00 deg.: X-S =   1.8822E-06 mb/sr,
    54.00 deg.: X-S =   2.1153E-06 mb/sr,
    55.00 deg.: X-S =   2.9359E-06 mb/sr,
    56.00 deg.: X-S =   2.4957E-06 mb/sr,
    57.00 deg.: X-S =   2.0266E-06 mb/sr,
    58.00 deg.: X-S =   2.8011E-06 mb/sr,
    59.00 deg.: X-S =   3.5449E-06 mb/sr,
    60.00 deg.: X-S =   3.2194E-06 mb/sr,
    61.00 deg.: X-S =   2.2602E-06 mb/sr,
    62.00 deg.: X-S =   2.1925E-06 mb/sr,
    63.00 deg.: X-S =   2.2106E-06 mb/sr,
    64.00 deg.: X-S =   2.2761E-06 mb/sr,
    65.00 deg.: X-S =   3.0385E-06 mb/sr,
    66.00 deg.: X-S =   4.2033E-06 mb/sr,
    67.00 deg.: X-S =   4.6707E-06 mb/sr,
    68.00 deg.: X-S =   3.8430E-06 mb/sr,
    69.00 deg.: X-S =   2.8123E-06 mb/sr,
    70.00 deg.: X-S =   2.2715E-06 mb/sr,
    71.00 deg.: X-S =   2.1096E-06 mb/sr,
    72.00 deg.: X-S =   2.1218E-06 mb/sr,
    73.00 deg.: X-S =   2.5726E-06 mb/sr,
    74.00 deg.: X-S =   4.0005E-06 mb/sr,
    75.00 deg.: X-S =   5.8217E-06 mb/sr,
    76.00 deg.: X-S =   6.3064E-06 mb/sr,
    77.00 deg.: X-S =   5.4566E-06 mb/sr,
    78.00 deg.: X-S =   4.3597E-06 mb/sr,
    79.00 deg.: X-S =   3.7369E-06 mb/sr,
    80.00 deg.: X-S =   2.9008E-06 mb/sr,
    81.00 deg.: X-S =   2.1758E-06 mb/sr,
    82.00 deg.: X-S =   2.8206E-06 mb/sr,
    83.00 deg.: X-S =   3.5763E-06 mb/sr,
    84.00 deg.: X-S =   3.9606E-06 mb/sr,
    85.00 deg.: X-S =   5.0797E-06 mb/sr,
    86.00 deg.: X-S =   8.2100E-06 mb/sr,
    87.00 deg.: X-S =   1.0330E-05 mb/sr,
    88.00 deg.: X-S =   8.4823E-06 mb/sr,
    89.00 deg.: X-S =   4.9240E-06 mb/sr,
    90.00 deg.: X-S =   2.4877E-06 mb/sr,
    91.00 deg.: X-S =   1.9085E-06 mb/sr,
    92.00 deg.: X-S =   1.9451E-06 mb/sr,
    93.00 deg.: X-S =   3.7301E-06 mb/sr,
    94.00 deg.: X-S =   6.2039E-06 mb/sr,
    95.00 deg.: X-S =   6.7282E-06 mb/sr,
    96.00 deg.: X-S =   6.4171E-06 mb/sr,
    97.00 deg.: X-S =   8.8499E-06 mb/sr,
    98.00 deg.: X-S =   1.3811E-05 mb/sr,
    99.00 deg.: X-S =   1.4570E-05 mb/sr,
   100.00 deg.: X-S =   9.7864E-06 mb/sr,
   101.00 deg.: X-S =   4.3610E-06 mb/sr,
   102.00 deg.: X-S =   2.3438E-06 mb/sr,
   103.00 deg.: X-S =   2.3594E-06 mb/sr,
   104.00 deg.: X-S =   3.0730E-06 mb/sr,
   105.00 deg.: X-S =   6.0110E-06 mb/sr,
   106.00 deg.: X-S =   8.5223E-06 mb/sr,
   107.00 deg.: X-S =   8.5866E-06 mb/sr,
   108.00 deg.: X-S =   9.1285E-06 mb/sr,
   109.00 deg.: X-S =   1.4850E-05 mb/sr,
   110.00 deg.: X-S =   2.1055E-05 mb/sr,
   111.00 deg.: X-S =   1.9131E-05 mb/sr,
   112.00 deg.: X-S =   1.1283E-05 mb/sr,
   113.00 deg.: X-S =   5.6730E-06 mb/sr,
   114.00 deg.: X-S =   5.1368E-06 mb/sr,
   115.00 deg.: X-S =   4.8178E-06 mb/sr,
   116.00 deg.: X-S =   4.1661E-06 mb/sr,
   117.00 deg.: X-S =   5.4977E-06 mb/sr,
   118.00 deg.: X-S =   7.4817E-06 mb/sr,
   119.00 deg.: X-S =   9.1826E-06 mb/sr,
   120.00 deg.: X-S =   1.3070E-05 mb/sr,
   121.00 deg.: X-S =   2.0423E-05 mb/sr,
   122.00 deg.: X-S =   2.4418E-05 mb/sr,
   123.00 deg.: X-S =   2.0837E-05 mb/sr,
   124.00 deg.: X-S =   1.4518E-05 mb/sr,
   125.00 deg.: X-S =   1.1343E-05 mb/sr,
   126.00 deg.: X-S =   1.0123E-05 mb/sr,
   127.00 deg.: X-S =   6.8322E-06 mb/sr,
   128.00 deg.: X-S =   3.3601E-06 mb/sr,
   129.00 deg.: X-S =   2.6391E-06 mb/sr,
   130.00 deg.: X-S =   5.0201E-06 mb/sr,
   131.00 deg.: X-S =   9.1528E-06 mb/sr,
   132.00 deg.: X-S =   1.4706E-05 mb/sr,
   133.00 deg.: X-S =   2.0304E-05 mb/sr,
   134.00 deg.: X-S =   2.3012E-05 mb/sr,
   135.00 deg.: X-S =   2.3163E-05 mb/sr,
   136.00 deg.: X-S =   2.2688E-05 mb/sr,
   137.00 deg.: X-S =   2.1956E-05 mb/sr,
   138.00 deg.: X-S =   1.8266E-05 mb/sr,
   139.00 deg.: X-S =   1.1650E-05 mb/sr,
   140.00 deg.: X-S =   5.9637E-06 mb/sr,
   141.00 deg.: X-S =   3.9487E-06 mb/sr,
   142.00 deg.: X-S =   4.6832E-06 mb/sr,
   143.00 deg.: X-S =   5.4020E-06 mb/sr,
   144.00 deg.: X-S =   6.6191E-06 mb/sr,
   145.00 deg.: X-S =   1.0004E-05 mb/sr,
   146.00 deg.: X-S =   1.5802E-05 mb/sr,
   147.00 deg.: X-S =   2.1401E-05 mb/sr,
   148.00 deg.: X-S =   2.4948E-05 mb/sr,
   149.00 deg.: X-S =   2.6786E-05 mb/sr,
   150.00 deg.: X-S =   2.7192E-05 mb/sr,
   151.00 deg.: X-S =   2.5466E-05 mb/sr,
   152.00 deg.: X-S =   2.1462E-05 mb/sr,
   153.00 deg.: X-S =   1.8310E-05 mb/sr,
   154.00 deg.: X-S =   1.6434E-05 mb/sr,
   155.00 deg.: X-S =   1.3246E-05 mb/sr,
   156.00 deg.: X-S =   7.2847E-06 mb/sr,
   157.00 deg.: X-S =   4.1284E-06 mb/sr,
   158.00 deg.: X-S =   7.8007E-06 mb/sr,
   159.00 deg.: X-S =   1.2176E-05 mb/sr,
   160.00 deg.: X-S =   1.2054E-05 mb/sr,
   161.00 deg.: X-S =   1.1586E-05 mb/sr,
   162.00 deg.: X-S =   1.9055E-05 mb/sr,
   163.00 deg.: X-S =   2.7774E-05 mb/sr,
   164.00 deg.: X-S =   2.8717E-05 mb/sr,
   165.00 deg.: X-S =   2.7748E-05 mb/sr,
   166.00 deg.: X-S =   3.5477E-05 mb/sr,
   167.00 deg.: X-S =   4.5856E-05 mb/sr,
   168.00 deg.: X-S =   4.2858E-05 mb/sr,
   169.00 deg.: X-S =   3.4478E-05 mb/sr,
   170.00 deg.: X-S =   3.9140E-05 mb/sr,
   171.00 deg.: X-S =   5.2645E-05 mb/sr,
   172.00 deg.: X-S =   4.9800E-05 mb/sr,
   173.00 deg.: X-S =   3.3129E-05 mb/sr,
   174.00 deg.: X-S =   2.8720E-05 mb/sr,
   175.00 deg.: X-S =   4.4288E-05 mb/sr,
   176.00 deg.: X-S =   5.0467E-05 mb/sr,
   177.00 deg.: X-S =   3.5043E-05 mb/sr,
   178.00 deg.: X-S =   5.4444E-05 mb/sr,
   179.00 deg.: X-S =   8.9896E-05 mb/sr,
   180.00 deg.: X-S =   9.6942E-05 mb/sr,
                                           Integrated    0.0001 mb, over [   0.000, 180.000] at   230.0000 MeV 
 Finished all xsecs @    2.96875000    

  The following files have been created:
   3:local copy of User input.            6:standard output.                   
   7:elastic  S-matrix elements.         12:transfer kernels.                  
  13:total cross sections/state.         16:tables of cross sections.          
  35:Astrophysics S-factors  / Ecm.      38:cross sections for each J/pi.      
  39:cross sections for each Ecm.        40:all cross sectns. for each Elab.   
  45:scat phase shift as E functions.    46:bs wave functions & ANC ratios.    
  56:Fusion for each Jtotal.             75:S-factors for lab energies.        
 201:Separate cross sections.           202:Separate cross sections.           

 PARAMETERS : MAXQRN   MFNL   MLOC  LMAX1 MCLIST
    ALLOWED :      4     25     10    100      6
    REQUIRED:      1      4     10     83      4


 ACCURACY ANALYSIS at   230.000 MeV :

  Elastic h*k = 0.150 so OK       compared with 0.200

   Real(S-el) > 0.01 first at J =       4.0
   Real(S-el) > 0.10 first at J =       4.0
   Real(S-el) > 0.50 first at J =       7.0
   Real(S-el) > 0.90 first at J =      12.0
   Real(S-el) > 0.99 first at J =      16.0
   R-turn =    26.87 fm    at J =      80.0

 Forward-angle excitation cut off below   0.043 deg by max JT =      80.0
                              and below   0.038 deg by max R.


 1: Recommended RNL: non-local width >  10.30 cf: 100.00 fm: OK      
    Recommended CENTRE: centration   ~   0.25 cf:   0.00 fm

 Total CPU  0 time =       2.98 seconds
