 FRESCO - FRES 3.4: Coupled Reaction Channels
 Assuming NAMELIST input.

 7Li(p,4He)4He  E=10 MeV  Q=+17.346  [li7_p_he4_he4]                             

   0.050  30.000   0.250   0.100 100.000   0.000   0.000   0.000   0.000   0.000

 Centre-of-mass Range is    602 * 0.0500 fm., Maximum at  30.00 fm., Interpolating NL forms every  0.25 fm.
 Non - locality width is   1001 * 0.1000 fm., Maximum of 100.00 fm., Centred at  0.00 fm.
 2-Nucleon Separation of      0 * 0.2500 fm., Maximum of   0.00 fm., Minimum at  0.00 fm.
 Maximum single particle bins of 30.0000 fm.
               M,Mint =          601         601


 Range of total J is     0.0 <= J <=    80.0 (at least     0.0) and Absorbtion =>    -1.0000 mb.
 Dry Run = F, CC set limits =  0  0, Relativistic kinematics = a, Both/Far/Near Analyses =  1                     

 Cross Sections (and up to T0 for 0=projectile) for Theta from   0.0 to 180.0 in steps of  1.0 degrees, DGAM=0,  Coordinates = 0 (Mads)

 Lower Radial Cutoff = maximum of -1.60*L*h &       0.0 fm.,  Lower Cutoff for Couplings =   0.0  fm.


 Iterate Couplings between   1 and   1 times, to  0.000 % if sooner.                                          
  Block solved exactly =   0 chs., with Pade = 0 & Isocen =  =0, NOSOL = F, initwf =  0
  NL quadrature with   18 Gaussian points, Calculate multipoles up to    86 from   0
  M-transfers for lp+lt greater than or equal to  6, Angular Integration Cutoff below  2.7778 %


 Trace switches are :  CHANS =  1, LISTCC =  0, TRENEG =  0, CDETR =  0, SMATS =  2, XSTABL =  1, NLPL =  0

                       WAVES =  0, LAMPL =  0, VEFF =  0, KFUS =  0, WDISK =  0, BPM =  0, MELFIL =  0

                       CDCC =  0, NFUS =  0

 Using unit mass = 1.000000 amu and 1/fine-structure constant = 137.03599 ( 1.000000 * true ) with hc = 197.32705 MeV.fm,
  thus 2*amu/hbar^2 = 0.0478450 = 1/20.9008 and Coulomb constant = 0.1574855 so e^2 = 1.43997, and nuclear magneton= 0.1261183

 Now pre-scan input and save to file 3



 *********** PARTITION NUMBER  1 ******************************************************************************************

   PROJ=p          MASS=  1.0000 Z=   1.0,        # STATES=    1T, TARG=7Li      MASS=  7.0000 Z=   3.0,     Q-VALUE =   0.0000 MEV.

     1:  J= 0.5+ (B# 1), E=  0.0000, K= 0.5              Potl#  1       J= 1.5- (B#-1), E=  0.0000, K= 0.5    


 *********** PARTITION NUMBER  2 ******************************************************************************************

   PROJ=4He        MASS=  4.0000 Z=   2.0,        # STATES=    1T, TARG=4He      MASS=  4.0000 Z=   2.0,     Q-VALUE =  17.3460 MEV.

     1:  J= 0.0+ (B# 1), E=  0.0000, K= 0.0              Potl#  2       J= 0.0+ (B# 1), E=  0.0000, K= 0.0    
0****** WARNING : COMPARED WITH PARTITION  1, THIS PARTITION HAS TOTAL MASS & CHARGE EXCESSES   0.01862 &   0.0000


 ************************************************************************************************************************************

 The following POTENTIALS are defined :

  KP#       TYPE      IT    SHAPE      at     V1        r1        a1        V2        r2        a2        A-in     A-used


                                            A#1       A#2        r0c       ac                                                h @ 1
    1    0=Coulomb       0=CHARGE (WS)  1     1.000     7.000    1.3000    0.0000    0.0000    0.0000     0.000    24.717   0.05000

    1    1=Volume        0=Woods-Saxon  2   50.0000    1.2000    0.6000    0.0000    1.2000    0.6000     0.000    24.717

    1    2=Surface       0=Woods-Saxon  3    0.0000    0.0000    0.0000    8.0000    1.3000    0.5000     0.000    24.717

    1    3=Projtl S.O.   0=Woods-Saxon  4    5.5000    1.0000    0.5000    0.0000    0.0000    0.0000     0.000    24.717
   --------------------------------------------------------------------------------------------------------------------

                                            A#1       A#2        r0c       ac                                                h @ 2
    2    0=Coulomb       0=CHARGE (WS)  5     4.000     4.000    1.4000    0.0000    0.0000    0.0000     0.000    32.000   0.05000

    2    1=Volume        0=Woods-Saxon  6  120.0000    1.4000    0.5500   15.0000    1.4000    0.5500     0.000    32.000
   --------------------------------------------------------------------------------------------------------------------

    3    1=Volume        0=Woods-Saxon  7   50.0000    1.2500    0.6500    0.0000    0.0000    0.0000     0.000    32.000

    3    3=Projtl S.O.   0=Woods-Saxon  8    6.0000    1.2500    0.6500    0.0000    0.0000    0.0000     0.000    32.000
   --------------------------------------------------------------------------------------------------------------------

    4    1=Volume        0=Woods-Saxon  9   50.0000    1.2500    0.6500    0.0000    0.0000    0.0000     0.000    32.000

    4    3=Projtl S.O.   0=Woods-Saxon 10    6.0000    1.2500    0.6500    0.0000    0.0000    0.0000     0.000    32.000


 ************************************************************************************************************************************

 The following SINGLE-PARTICLE FORM FACTORS are constructed :


 No.   P1 P2 IN KIND T N  L  S1 IA J/S  IB BIND XFER  BE    SC PC FIL AFRAC Adjust  to  Z  Mass   K     Norm    rms      D0     D   ANC/Gsp

    1:  2  1  2  0     1  0 0.5  1 0.5   0   3   0  19.8140  1  0  0 0.0000 VR  0.5564; 1. 3.000 1.2748 1.0000  2.368 -351.8-2337.1 80.8297

    2:  1  2  1  0     2  1 0.5  1 1.5   0   4   0   2.4670  1  0  0 0.0000 VR  1.3692; 1. 3.000 0.2975 1.0000  5.165  199.6  292.8 -1.9650

 ************************************************************************************************************************************

 TWO-way COUPLING # 1 for partitions  2 <-  1 of KIND  7,   0 -1  5 -1 -1 & P1,P2 =    0.0000   0.0000 : for J <=    80.5 & R <  29.8 fm.


 data =  2  1  1  2  1.0000,  so  < [7Li      #  1] / [4He      #  1]  * Eigen-form #  2>  =   1.0000            BE =  2.467     2



 **** WARNING *** -- FORM FACTOR  2 WAS ORIGINALLY DEFINED FOR A  4He      / p        OVERLAP ****   2   1   2   1



 data =  1  1  1  1  1.0000,  so  < [4He      #  1] / [p        #  1]  * Eigen-form #  1>  =   1.0000            BE = 19.814     1



 **** WARNING *** -- FORM FACTOR  1 WAS ORIGINALLY DEFINED FOR A  7Li      / 4He      OVERLAP ****   1   2   1   2


 KNT =   2, KNP =   1: NK,NG,loc=   1   1   1  11  T  T  F

     So FINITE-RANGE TRANSFER : IP1 = 0 (POST    ), IP2=-1 =COMPLEX     ,  for   1 pairs of bound states summed into   1 pairs
      The main coupling potential is that binding the transferred particle to the 4He      core.

          Using between p        & 4He      the potential No.   5, and subtracting optical potential No.  2

   A real*8 is            8  bytes
   NLL,NLN,NLO =         120         121        1001
0File   9 needs RL =  240240    REAL*8 numbers, and NR =    88. i.e.   169.13 Megabytes
   File            9  RECL =     1921920
0RECOMMENDED NON-LOCAL WIDTH IS GREATER THAN   10.30 FM.,  RECOMMENDED CENTRATION   0.25, after    0.48 secs.
0Relative non-local usages (rms) are
    0.000   0.000   0.000   0.000   0.000   0.000   0.000   0.000   0.000   0.000   0.000   0.000   0.000   0.000   0.000
    0.000   0.000   0.000   0.000   0.000   0.000   0.000   0.000   0.000   0.000   0.000   0.000   0.000   0.000   0.000
    0.000   0.000   0.000   0.000   0.000   0.000   0.000   0.000   0.000   0.000   0.000   0.000   0.000   0.000   0.000
    0.000   0.000   0.000   0.000   0.000   0.000   0.000   0.000   0.000   0.000   0.000   0.000   0.000   0.000   0.000
    0.000   0.000   0.000   0.000   0.000   0.000   0.000   0.000   0.000   0.000   0.000   0.000   0.000   0.000   0.000
    0.000   0.000   0.000   0.000   0.000   0.000   0.000   0.000   0.000   0.000   0.000   0.000   0.000   0.000   0.000
    0.000   0.000   0.000   0.000   0.000   0.000   0.000   0.000   0.000   0.000   0.000   0.000   0.000   0.000   0.000
    0.000   0.000   0.000   0.000   0.000   0.000   0.000   0.000   0.000   0.000   0.000   0.000   0.000   0.000   0.000
    0.000   0.000   0.000   0.000   0.000   0.000   0.000   0.000   0.000   0.000   0.000   0.000   0.000   0.000   0.000
    0.000   0.000   0.000   0.000   0.000   0.000   0.000   0.000   0.000   0.000   0.000   0.000   0.000   0.000   0.000
    0.000   0.000   0.000   0.000   0.000   0.000   0.000   0.000   0.000   0.000   0.000   0.000   0.000   0.000   0.000
    0.000   0.000   0.000   0.000   0.000   0.000   0.000   0.000   0.000   0.000   0.000   0.000   0.000   0.000   0.000
    0.000   0.000   0.000   0.000   0.000   0.000   0.000   0.000   0.000   0.000   0.000   0.000   0.000   0.000   0.000
    0.000   0.000   0.000   0.000   0.000   0.000   0.000   0.000   0.000   0.000   0.000   0.000   0.000   0.000   0.000
    0.000   0.000   0.000   0.000   0.000   0.000   0.000   0.000   0.000   0.000   0.000   0.000   0.000   0.000   0.000
    0.000   0.000   0.000   0.000   0.000   0.000   0.000   0.000   0.000   0.000   0.000   0.000   0.000   0.000   0.000
    0.000   0.000   0.000   0.000   0.000   0.000   0.000   0.000   0.000   0.000   0.000   0.000   0.000   0.000   0.000
    0.000   0.000   0.000   0.000   0.000   0.000   0.000   0.000   0.000   0.000   0.000   0.000   0.000   0.000   0.000
    0.000   0.000   0.000   0.000   0.000   0.000   0.000   0.000   0.000   0.000   0.000   0.000   0.000   0.000   0.000
    0.000   0.000   0.000   0.000   0.000   0.000   0.000   0.000   0.000   0.000   0.000   0.000   0.000   0.000   0.000
    0.000   0.000   0.000   0.000   0.000   0.000   0.000   0.000   0.000   0.000   0.000   0.000   0.000   0.000   0.000
    0.000   0.000   0.000   0.000   0.000   0.000   0.000   0.000   0.000   0.000   0.000   0.000   0.000   0.000   0.000
    0.000   0.000   0.000   0.000   0.000   0.000   0.000   0.000   0.000   0.000   0.000   0.000   0.000   0.000   0.000
    0.000   0.000   0.000   0.000   0.000   0.000   0.000   0.000   0.000   0.000   0.000   0.000   0.000   0.000   0.000
    0.000   0.000   0.000   0.000   0.000   0.000   0.000   0.000   0.000   0.000   0.000   0.000   0.000   0.000   0.000
    0.000   0.000   0.000   0.000   0.000   0.000   0.000   0.000   0.000   0.000   0.000   0.000   0.000   0.000   0.000
    0.000   0.000   0.000   0.000   0.000   0.000   0.000   0.000   0.000   0.000   0.000   0.000   0.000   0.000   0.000
    0.000   0.000   0.000   0.000   0.000   0.000   0.000   0.000   0.000   0.000   0.000   0.000   0.000   0.000   0.000
    0.000   0.000   0.001   0.001   0.001   0.001   0.001   0.001   0.001   0.001   0.001   0.002   0.002   0.002   0.002
    0.003   0.003   0.004   0.006   0.008   0.010   0.017   0.022   0.033   0.046   0.057   0.091   0.116   0.165   0.223
    0.271   0.404   0.505   0.681   0.887   1.057   1.458   1.772   2.236   2.774   3.223   4.063   4.751   5.607   6.557
    7.370   8.538   9.534  10.583  11.660  12.589  13.593  14.454  15.212  15.872  16.409  16.833  17.144  17.448  17.746
   17.946  18.867  19.665  21.249  23.448  25.381  29.503  33.003  37.433  42.449  46.723  52.895  58.122  63.651  69.334
   74.144  79.626  84.227  88.392  92.126  95.091  97.328  98.871  99.751 100.000  99.649  98.729  97.276  95.325  92.920
   90.102  86.918  83.415  79.643  75.648  71.481  67.191  62.828  58.439  54.068  49.758  45.547  41.470  37.557  33.834
   30.321  27.033  23.982  21.173  18.606  16.277  14.179  12.303  10.636   9.163   7.870   6.740   5.757   4.906   4.173
    3.542   3.002   2.540   2.147   1.813   1.529   1.288   1.085   0.912   0.767   0.645   0.541   0.454   0.381   0.320
    0.268   0.224   0.188   0.157   0.131   0.110   0.092   0.077   0.064   0.054   0.045   0.037   0.031   0.026   0.022
    0.018   0.015   0.012   0.010   0.009   0.007   0.006   0.005   0.004   0.003   0.003   0.002   0.002   0.002   0.001
    0.001   0.001   0.001   0.001   0.000   0.000   0.000   0.000   0.000   0.000   0.000   0.000   0.000   0.000   0.000
    0.000   0.000   0.000   0.000   0.000   0.000   0.000   0.000   0.000   0.000   0.000   0.000   0.000   0.000   0.000
    0.000   0.000   0.000   0.000   0.000   0.000   0.000   0.000   0.000   0.000   0.000   0.000   0.000   0.000   0.000
    0.000   0.000   0.000   0.000   0.000   0.000   0.000   0.000   0.000   0.000   0.000   0.000   0.000   0.000   0.000
    0.000   0.000   0.000   0.000   0.000   0.000   0.000   0.000   0.000   0.000   0.000   0.000   0.000   0.000   0.000
    0.000   0.000   0.000   0.000   0.000   0.000   0.000   0.000   0.000   0.000   0.000   0.000   0.000   0.000   0.000
    0.000   0.000   0.000   0.000   0.000   0.000   0.000   0.000   0.000   0.000   0.000   0.000   0.000   0.000   0.000
    0.000   0.000   0.000   0.000   0.000   0.000   0.000   0.000   0.000   0.000   0.000   0.000   0.000   0.000   0.000
    0.000   0.000   0.000   0.000   0.000   0.000   0.000   0.000   0.000   0.000   0.000   0.000   0.000   0.000   0.000
    0.000   0.000   0.000   0.000   0.000   0.000   0.000   0.000   0.000   0.000   0.000   0.000   0.000   0.000   0.000
    0.000   0.000   0.000   0.000   0.000   0.000   0.000   0.000   0.000   0.000   0.000   0.000   0.000   0.000   0.000
    0.000   0.000   0.000   0.000   0.000   0.000   0.000   0.000   0.000   0.000   0.000   0.000   0.000   0.000   0.000
    0.000   0.000   0.000   0.000   0.000   0.000   0.000   0.000   0.000   0.000   0.000   0.000   0.000   0.000   0.000
    0.000   0.000   0.000   0.000   0.000   0.000   0.000   0.000   0.000   0.000   0.000   0.000   0.000   0.000   0.000
    0.000   0.000   0.000   0.000   0.000   0.000   0.000   0.000   0.000   0.000   0.000   0.000   0.000   0.000   0.000
    0.000   0.000   0.000   0.000   0.000   0.000   0.000   0.000   0.000   0.000   0.000   0.000   0.000   0.000   0.000
    0.000   0.000   0.000   0.000   0.000   0.000   0.000   0.000   0.000   0.000   0.000   0.000   0.000   0.000   0.000
    0.000   0.000   0.000   0.000   0.000   0.000   0.000   0.000   0.000   0.000   0.000   0.000   0.000   0.000   0.000
    0.000   0.000   0.000   0.000   0.000   0.000   0.000   0.000   0.000   0.000   0.000   0.000   0.000   0.000   0.000
    0.000   0.000   0.000   0.000   0.000   0.000   0.000   0.000   0.000   0.000   0.000   0.000   0.000   0.000   0.000
    0.000   0.000   0.000   0.000   0.000   0.000   0.000   0.000   0.000   0.000   0.000   0.000   0.000   0.000   0.000
    0.000   0.000   0.000   0.000   0.000   0.000   0.000   0.000   0.000   0.000   0.000   0.000   0.000   0.000   0.000
    0.000   0.000   0.000   0.000   0.000   0.000   0.000   0.000   0.000   0.000   0.000   0.000   0.000   0.000   0.000
    0.000   0.000   0.000   0.000   0.000   0.000   0.000   0.000   0.000   0.000   0.000   0.000   0.000   0.000   0.000
    0.000   0.000   0.000   0.000   0.000   0.000   0.000   0.000   0.000   0.000   0.000   0.000   0.000   0.000   0.000
    0.000   0.000   0.000   0.000   0.000   0.000   0.000   0.000   0.000   0.000   0.000   0.000   0.000   0.000   0.000
    0.000   0.000   0.000   0.000   0.000   0.000   0.000   0.000   0.000   0.000   0.000   0.000   0.000   0.000   0.000
    0.000   0.000   0.000   0.000   0.000   0.000   0.000   0.000   0.000   0.000   0.000

 Incoming partition  1 in excitation state # 1,   Laboratory Energy given for partition  1 Nucleus 1 in Excitation pair 1

0Lab. ENERGY ranges :

   from    10.0000     to   0.00000     in     0 intervals
   from    0.00000     to   0.00000     in     0 intervals
   from    0.00000     to   0.00000     in     0 intervals

 Largest real,imaginary parts of any form factor at R=   29.50 are   4.88E-02  2.46E-19 MeV
 Finished all Couplings @   0.500000000              10

 Symmetric Hamiltonian
1***********************************************************************************************************************************
************************************************************************************************************************************

        INCOMING p        ;    LABORATORY p        ENERGY =   10.000     MeV.

 ***********************************************************************************************************************************
 ***********************************************************************************************************************************


  NOTE: Coulomb excitation cut off below   0.212 deg by JTMAX, and below   0.940 deg by Rmax

 Allocate arrays for            2  channels, of which            2  need wfs.

 ######################################################################################################################
 #                                                                                                                    #
 # Total SPIN and PARITY =     0.0 +,      2 channels,    0 in 1st block.  Rmin & Coul turning =    0.0    0.5 fm.  #
 #                                                                                                                    #
 ######################################################################################################################



    C Projectl Target   #   EX.   (L  Proj) J  + Targ = Jtotal     E-cm      Re K     Re Eta     RM*K            CH
    1 p        7Li      #    1: I   1 0.5    1.5  1.5     0.0     8.77636   0.60615   0.14918   18.1845   0.23601  -0.44401 1 1 1   1
    2 4He      4He      #    1:     0 0.0    0.0  0.0     0.0    26.09600   1.58023   0.17439   47.4069  -0.28658  -0.41085 2 1 2   1
   S-matrix    1 =    0.23185   0.13757 for L=    1, J=    1.5 channel on core I =   1.5 from L=    1,  Acc. loss =  0.0 D.
 Elastic phase shift   1 =   15.342  37.553 deg. for the L =    1, J =    1.5 channel.
       0.0  0.23184750  0.13757044i: elastic S-matrix  @@      0.00  0   0 F  0
 Reaction Xsec     0.0+/ 1 @ 1 =   9.911 , Out:   0.000#   0.013    9.899f


 Total SPIN, PARITY =     0.0 -,      1 chs,      0 cc.  Rmin & Coul turning =    0.0    0.5
   S-matrix    1 =    0.37216  -0.60057 for L=    2, J=    1.5 channel on core I =   1.5 from L=    2,  Acc. loss =  0.0 D.
 Elastic phase shift   1 =  -29.107   9.952 deg. for the L =    2, J =    1.5 channel.
       0.0  0.37216204 -0.60056584i: elastic S-matrix  @@      0.00  0   0 F  0
 Reaction Xsec     0.0-/ 2 @ 1 =   5.353 , Out:   0.000#   0.000#   5.353f

 Allocate arrays for            3  channels, of which            3  need wfs.

 Total SPIN, PARITY =     1.0 +,      3 chs,      0 cc.  Rmin & Coul turning =    0.1    2.6
   S-matrix    1 =    0.32369  -0.03741 for L=    1, J=    0.5 channel on core I =   1.5 from L=    1,  Acc. loss =  0.0 D.
 Elastic phase shift   1 =   -3.297  32.124 deg. for the L =    1, J =    0.5 channel.
       1.0  0.32369357 -0.03741496i: elastic S-matrix  @@      0.00  0   0 F  0
 Reaction Xsec     1.0+/ 1 @ 1 =  28.660 , Out:   0.000#   0.000#  28.660f

   S-matrix    2 =    0.23185   0.13757 for L=    1, J=    1.5 channel on core I =   1.5 from L=    1,  Acc. loss =  0.0 D.
 Elastic phase shift   2 =   15.342  37.553 deg. for the L =    1, J =    1.5 channel.
       1.0  0.23184750  0.13757044i: elastic S-matrix  @@      0.00  0   0 F  0
 Reaction Xsec     1.0+/ 1 @ 2 =  29.734 , Out:   0.000#   0.000#  29.734f

   S-matrix    3 =    0.57890   0.11776 for L=    3, J=    2.5 channel on core I =   1.5 from L=    3,  Acc. loss =  0.0 D.
 Elastic phase shift   3 =    5.749  15.079 deg. for the L =    3, J =    2.5 channel.
       1.0  0.57889608  0.11775543i: elastic S-matrix  @@      0.00  0   0 F  0
 Reaction Xsec     1.0+/ 3 @ 3 =  20.874 , Out:   0.000#   0.000#  20.874f

 Allocate arrays for            4  channels, of which            4  need wfs.

 Total SPIN, PARITY =     1.0 -,      4 chs,      0 cc.  Rmin & Coul turning =    0.1    2.6
   S-matrix    1 =    0.01262   0.66241 for L=    0, J=    0.5 channel on core I =   1.5 from L=    0,  Acc. loss =  0.0 D.
 Elastic phase shift   1 =   44.454  11.794 deg. for the L =    0, J =    0.5 channel.
       1.0  0.01262169  0.66240643i: elastic S-matrix  @@      0.02  0   0 F  0
 Reaction Xsec     1.0-/ 0 @ 1 =  17.990 , Out:   0.000#   5.775/  17.984f

   S-matrix    2 =    0.37216  -0.60057 for L=    2, J=    1.5 channel on core I =   1.5 from L=    2,  Acc. loss =  0.0 D.
 Elastic phase shift   2 =  -29.107   9.952 deg. for the L =    2, J =    1.5 channel.
       1.0  0.37216204 -0.60056584i: elastic S-matrix  @@      0.02  0   0 F  0
 Reaction Xsec     1.0-/ 2 @ 2 =  16.058 , Out:   0.000#   0.400/  16.058f

   S-matrix    3 =    0.63462  -0.40557 for L=    2, J=    2.5 channel on core I =   1.5 from L=    2,  Acc. loss =  0.0 D.
 Elastic phase shift   3 =  -16.291   8.122 deg. for the L =    2, J =    2.5 channel.
       1.0  0.63462018 -0.40556530i: elastic S-matrix  @@      0.00  0   0 F  0
 Reaction Xsec     1.0-/ 2 @ 3 =  13.877 , Out:   0.000#   1.051/  13.876f

 Allocate arrays for            5  channels, of which            5  need wfs.

 Total SPIN, PARITY =     2.0 +,      5 chs,      0 cc.  Rmin & Coul turning =    0.2    4.3
   S-matrix    1 =    0.32369  -0.03741 for L=    1, J=    0.5 channel on core I =   1.5 from L=    1,  Acc. loss =  0.0 D.
 Elastic phase shift   1 =   -3.297  32.124 deg. for the L =    1, J =    0.5 channel.
       2.0  0.32369357 -0.03741496i: elastic S-matrix  @@      0.03  0   0 F  0
 Reaction Xsec     2.0+/ 1 @ 1 =  47.766 , Out:   0.000#   0.021   47.745f

   S-matrix    2 =    0.23185   0.13757 for L=    1, J=    1.5 channel on core I =   1.5 from L=    1,  Acc. loss =  0.0 D.
 Elastic phase shift   2 =   15.342  37.553 deg. for the L =    1, J =    1.5 channel.
       2.0  0.23184750  0.13757044i: elastic S-matrix  @@      0.00  0   0 F  0
 Reaction Xsec     2.0+/ 1 @ 2 =  49.557 , Out:   0.000#   0.022   49.535f

   S-matrix    3 =    0.57890   0.11776 for L=    3, J=    2.5 channel on core I =   1.5 from L=    3,  Acc. loss =  0.0 D.
 Elastic phase shift   3 =    5.749  15.079 deg. for the L =    3, J =    2.5 channel.
       2.0  0.57889608  0.11775543i: elastic S-matrix  @@      0.00  0   0 F  0
 Reaction Xsec     2.0+/ 3 @ 3 =  34.790 , Out:   0.000#   2.396/  34.788f

   S-matrix    4 =    0.49431  -0.15266 for L=    3, J=    3.5 channel on core I =   1.5 from L=    3,  Acc. loss =  0.0 D.
 Elastic phase shift   4 =   -8.581  18.880 deg. for the L =    3, J =    3.5 channel.
       2.0  0.49430545 -0.15266063i: elastic S-matrix  @@      0.02  0   0 F  0
 Reaction Xsec     2.0+/ 3 @ 4 =  39.138 , Out:   0.000#   0.011   39.126f


 Total SPIN, PARITY =     2.0 -,      4 chs,      0 cc.  Rmin & Coul turning =    0.2    4.3
   S-matrix    1 =    0.01262   0.66241 for L=    0, J=    0.5 channel on core I =   1.5 from L=    0,  Acc. loss =  0.0 D.
 Elastic phase shift   1 =   44.454  11.794 deg. for the L =    0, J =    0.5 channel.
       2.0  0.01262169  0.66240643i: elastic S-matrix  @@      0.00  0   0 F  0
 Reaction Xsec     2.0-/ 0 @ 1 =  29.983 , Out:   0.000#   0.000#  29.983f

   S-matrix    2 =    0.37216  -0.60057 for L=    2, J=    1.5 channel on core I =   1.5 from L=    2,  Acc. loss =  0.0 D.
 Elastic phase shift   2 =  -29.107   9.952 deg. for the L =    2, J =    1.5 channel.
       2.0  0.37216204 -0.60056584i: elastic S-matrix  @@      0.00  0   0 F  0
 Reaction Xsec     2.0-/ 2 @ 2 =  26.764 , Out:   0.000#   0.000#  26.764f

   S-matrix    3 =    0.63462  -0.40557 for L=    2, J=    2.5 channel on core I =   1.5 from L=    2,  Acc. loss =  0.0 D.
 Elastic phase shift   3 =  -16.291   8.122 deg. for the L =    2, J =    2.5 channel.
       2.0  0.63462018 -0.40556530i: elastic S-matrix  @@      0.00  0   0 F  0
 Reaction Xsec     2.0-/ 2 @ 3 =  23.128 , Out:   0.000#   0.000#  23.128f

   S-matrix    4 =    0.96838   0.03927 for L=    4, J=    3.5 channel on core I =   1.5 from L=    4,  Acc. loss =  0.0 D.
 Elastic phase shift   4 =    1.161   0.897 deg. for the L =    4, J =    3.5 channel.
       2.0  0.96837932  0.03927273i: elastic S-matrix  @@      0.00  0   0 F  0
 Reaction Xsec     2.0-/ 4 @ 4 =   3.244 , Out:   0.000#   0.000#   3.244f


 Total SPIN, PARITY =     3.0 +,      4 chs,      0 cc.  Rmin & Coul turning =    0.2    6.0
   S-matrix    1 =    0.23185   0.13757 for L=    1, J=    1.5 channel on core I =   1.5 from L=    1,  Acc. loss =  0.0 D.
 Elastic phase shift   1 =   15.342  37.553 deg. for the L =    1, J =    1.5 channel.
       3.0  0.23184750  0.13757044i: elastic S-matrix  @@      0.00  0   0 F  0
 Reaction Xsec     3.0+/ 1 @ 1 =  69.379 , Out:   0.000#   0.000#  69.379f

   S-matrix    2 =    0.57890   0.11776 for L=    3, J=    2.5 channel on core I =   1.5 from L=    3,  Acc. loss =  0.0 D.
 Elastic phase shift   2 =    5.749  15.079 deg. for the L =    3, J =    2.5 channel.
       3.0  0.57889608  0.11775543i: elastic S-matrix  @@      0.00  0   0 F  0
 Reaction Xsec     3.0+/ 3 @ 2 =  48.707 , Out:   0.000#   0.000#  48.707f

   S-matrix    3 =    0.49431  -0.15266 for L=    3, J=    3.5 channel on core I =   1.5 from L=    3,  Acc. loss =  0.0 D.
 Elastic phase shift   3 =   -8.581  18.880 deg. for the L =    3, J =    3.5 channel.
       3.0  0.49430545 -0.15266063i: elastic S-matrix  @@      0.00  0   0 F  0
 Reaction Xsec     3.0+/ 3 @ 3 =  54.793 , Out:   0.000#   0.000#  54.793f

   S-matrix    4 =    0.99740   0.00491 for L=    5, J=    4.5 channel on core I =   1.5 from L=    5,  Acc. loss =  0.0 D.
 Elastic phase shift   4 =    0.141   0.074 deg. for the L =    5, J =    4.5 channel.
       3.0  0.99739506  0.00491260i: elastic S-matrix  @@      0.00  0   0 F  0
 Reaction Xsec     3.0+/ 5 @ 4 =   0.387 , Out:   0.000#   0.000#   0.387f


 Total SPIN, PARITY =     3.0 -,      5 chs,      0 cc.  Rmin & Coul turning =    0.2    6.0
   S-matrix    1 =    0.37216  -0.60057 for L=    2, J=    1.5 channel on core I =   1.5 from L=    2,  Acc. loss =  0.0 D.
 Elastic phase shift   1 =  -29.107   9.952 deg. for the L =    2, J =    1.5 channel.
       3.0  0.37216204 -0.60056584i: elastic S-matrix  @@      0.02  0   0 F  0
 Reaction Xsec     3.0-/ 2 @ 1 =  37.469 , Out:   0.000#   5.452/  37.464f

   S-matrix    2 =    0.63462  -0.40557 for L=    2, J=    2.5 channel on core I =   1.5 from L=    2,  Acc. loss =  0.0 D.
 Elastic phase shift   2 =  -16.291   8.122 deg. for the L =    2, J =    2.5 channel.
       3.0  0.63462018 -0.40556530i: elastic S-matrix  @@      0.00  0   0 F  0
 Reaction Xsec     3.0-/ 2 @ 2 =  32.379 , Out:   0.000#   1.320/  32.377f

   S-matrix    3 =    0.96838   0.03927 for L=    4, J=    3.5 channel on core I =   1.5 from L=    4,  Acc. loss =  0.0 D.
 Elastic phase shift   3 =    1.161   0.897 deg. for the L =    4, J =    3.5 channel.
       3.0  0.96837932  0.03927273i: elastic S-matrix  @@      0.02  0   0 F  0
 Reaction Xsec     3.0-/ 4 @ 3 =   4.541 , Out:   0.000#   0.293/   4.541f

   S-matrix    4 =    0.95785   0.05068 for L=    4, J=    4.5 channel on core I =   1.5 from L=    4,  Acc. loss =  0.0 D.
 Elastic phase shift   4 =    1.514   1.194 deg. for the L =    4, J =    4.5 channel.
       3.0  0.95785037  0.05068475i: elastic S-matrix  @@      0.00  0   0 F  0
 Reaction Xsec     3.0-/ 4 @ 4 =   5.982 , Out:   0.000#   1.580/   5.980f


 Total SPIN, PARITY =     4.0 +,      5 chs,      0 cc.  Rmin & Coul turning =    0.3    7.6
   S-matrix    1 =    0.57890   0.11776 for L=    3, J=    2.5 channel on core I =   1.5 from L=    3,  Acc. loss =  0.0 D.
 Elastic phase shift   1 =    5.749  15.079 deg. for the L =    3, J =    2.5 channel.
       4.0  0.57889608  0.11775543i: elastic S-matrix  @@      0.02  0   0 F  0
 Reaction Xsec     4.0+/ 3 @ 1 =  62.623 , Out:   0.000#   0.040   62.582f

   S-matrix    2 =    0.49431  -0.15266 for L=    3, J=    3.5 channel on core I =   1.5 from L=    3,  Acc. loss =  0.0 D.
 Elastic phase shift   2 =   -8.581  18.880 deg. for the L =    3, J =    3.5 channel.
       4.0  0.49430545 -0.15266063i: elastic S-matrix  @@      0.02  0   0 F  0
 Reaction Xsec     4.0+/ 3 @ 2 =  70.448 , Out:   0.000#   0.016   70.431f

   S-matrix    3 =    0.99740   0.00491 for L=    5, J=    4.5 channel on core I =   1.5 from L=    5,  Acc. loss =  0.0 D.
 Elastic phase shift   3 =    0.141   0.074 deg. for the L =    5, J =    4.5 channel.
       4.0  0.99739506  0.00491260i: elastic S-matrix  @@      0.00  0   0 F  0
 Reaction Xsec     4.0+/ 5 @ 3 =   0.498 , Out:   0.000#   0.034/   0.498f

   S-matrix    4 =    0.99717   0.00577 for L=    5, J=    5.5 channel on core I =   1.5 from L=    5,  Acc. loss =  0.0 D.
 Elastic phase shift   4 =    0.166   0.081 deg. for the L =    5, J =    5.5 channel.
       4.0  0.99716553  0.00577365i: elastic S-matrix  @@      0.00  0   0 F  0
 Reaction Xsec     4.0+/ 5 @ 4 =   0.541 , Out:   0.000#   0.152/   0.541f


 Total SPIN, PARITY =     4.0 -,      4 chs,      0 cc.  Rmin & Coul turning =    0.3    7.6
   S-matrix    1 =    0.63462  -0.40557 for L=    2, J=    2.5 channel on core I =   1.5 from L=    2,  Acc. loss =  0.0 D.
 Elastic phase shift   1 =  -16.291   8.122 deg. for the L =    2, J =    2.5 channel.
       4.0  0.63462018 -0.40556530i: elastic S-matrix  @@      0.00  0   0 F  0
 Reaction Xsec     4.0-/ 2 @ 1 =  41.630 , Out:   0.000#   0.000#  41.630f

   S-matrix    2 =    0.96838   0.03927 for L=    4, J=    3.5 channel on core I =   1.5 from L=    4,  Acc. loss =  0.0 D.
 Elastic phase shift   2 =    1.161   0.897 deg. for the L =    4, J =    3.5 channel.
       4.0  0.96837932  0.03927273i: elastic S-matrix  @@      0.00  0   0 F  0
 Reaction Xsec     4.0-/ 4 @ 2 =   5.839 , Out:   0.000#   0.000#   5.839f

   S-matrix    3 =    0.95785   0.05068 for L=    4, J=    4.5 channel on core I =   1.5 from L=    4,  Acc. loss =  0.0 D.
 Elastic phase shift   3 =    1.514   1.194 deg. for the L =    4, J =    4.5 channel.
       4.0  0.95785037  0.05068475i: elastic S-matrix  @@      0.00  0   0 F  0
 Reaction Xsec     4.0-/ 4 @ 3 =   7.691 , Out:   0.000#   0.000#   7.691f

   S-matrix    4 =    0.99978   0.00058 for L=    6, J=    5.5 channel on core I =   1.5 from L=    6,  Acc. loss =  0.0 D.
 Elastic phase shift   4 =    0.017   0.006 deg. for the L =    6, J =    5.5 channel.
       4.0  0.99977572  0.00057883i: elastic S-matrix  @@      0.00  0   0 F  0
 Reaction Xsec     4.0-/ 6 @ 4 =   0.043 , Out:   0.000#   0.000#   0.043f


 Total SPIN, PARITY =     5.0 +,      4 chs,      0 cc.  Rmin & Coul turning =    0.4    9.3
   S-matrix    1 =    0.49431  -0.15266 for L=    3, J=    3.5 channel on core I =   1.5 from L=    3,  Acc. loss =  0.0 D.
 Elastic phase shift   1 =   -8.581  18.880 deg. for the L =    3, J =    3.5 channel.
       5.0  0.49430545 -0.15266063i: elastic S-matrix  @@      0.00  0   0 F  0
 Reaction Xsec     5.0+/ 3 @ 1 =  86.103 , Out:   0.000#   0.000#  86.103f

   S-matrix    2 =    0.99740   0.00491 for L=    5, J=    4.5 channel on core I =   1.5 from L=    5,  Acc. loss =  0.0 D.
 Elastic phase shift   2 =    0.141   0.074 deg. for the L =    5, J =    4.5 channel.
       5.0  0.99739506  0.00491260i: elastic S-matrix  @@      0.00  0   0 F  0
 Reaction Xsec     5.0+/ 5 @ 2 =   0.609 , Out:   0.000#   0.000#   0.609f

   S-matrix    3 =    0.99717   0.00577 for L=    5, J=    5.5 channel on core I =   1.5 from L=    5,  Acc. loss =  0.0 D.
 Elastic phase shift   3 =    0.166   0.081 deg. for the L =    5, J =    5.5 channel.
       5.0  0.99716553  0.00577365i: elastic S-matrix  @@      0.00  0   0 F  0
 Reaction Xsec     5.0+/ 5 @ 3 =   0.662 , Out:   0.000#   0.000#   0.662f

   S-matrix    4 =    0.99998   0.00007 for L=    7, J=    6.5 channel on core I =   1.5 from L=    7,  Acc. loss =  0.0 D.
 Elastic phase shift   4 =    0.002   0.001 deg. for the L =    7, J =    6.5 channel.
       5.0  0.99998099  0.00006657i: elastic S-matrix  @@      0.00  0   0 F  0
 Reaction Xsec     5.0+/ 7 @ 4 =   4.469/, Out:   0.000#   0.000#   0.004f


 Total SPIN, PARITY =     5.0 -,      5 chs,      0 cc.  Rmin & Coul turning =    0.4    9.3
   S-matrix    1 =    0.96838   0.03927 for L=    4, J=    3.5 channel on core I =   1.5 from L=    4,  Acc. loss =  0.0 D.
 Elastic phase shift   1 =    1.161   0.897 deg. for the L =    4, J =    3.5 channel.
       5.0  0.96837932  0.03927273i: elastic S-matrix  @@      0.02  0   0 F  0
 Reaction Xsec     5.0-/ 4 @ 1 =   7.136 , Out:   0.000#   4.233/   7.132f

   S-matrix    2 =    0.95785   0.05068 for L=    4, J=    4.5 channel on core I =   1.5 from L=    4,  Acc. loss =  0.0 D.
 Elastic phase shift   2 =    1.514   1.194 deg. for the L =    4, J =    4.5 channel.
       5.0  0.95785037  0.05068475i: elastic S-matrix  @@      0.02  0   0 F  0
 Reaction Xsec     5.0-/ 4 @ 2 =   9.400 , Out:   0.000#   2.336/   9.398f

   S-matrix    3 =    0.99978   0.00058 for L=    6, J=    5.5 channel on core I =   1.5 from L=    6,  Acc. loss =  0.0 D.
 Elastic phase shift   3 =    0.017   0.006 deg. for the L =    6, J =    5.5 channel.
       5.0  0.99977572  0.00057883i: elastic S-matrix  @@      0.00  0   0 F  0
 Reaction Xsec     5.0-/ 6 @ 3 =   0.053 , Out:   0.000#   2.546#   0.053f

   S-matrix    4 =    0.99977   0.00064 for L=    6, J=    6.5 channel on core I =   1.5 from L=    6,  Acc. loss =  0.0 D.
 Elastic phase shift   4 =    0.018   0.007 deg. for the L =    6, J =    6.5 channel.
       5.0  0.99976944  0.00064389i: elastic S-matrix  @@      0.00  0   0 F  0
 Reaction Xsec     5.0-/ 6 @ 4 =   0.054 , Out:   0.000#   0.011/   0.054f


 Total SPIN, PARITY =     6.0 +,      5 chs,      0 cc.  Rmin & Coul turning =    0.5   10.9
   S-matrix    1 =    0.99740   0.00491 for L=    5, J=    4.5 channel on core I =   1.5 from L=    5,  Acc. loss =  0.0 D.
 Elastic phase shift   1 =    0.141   0.074 deg. for the L =    5, J =    4.5 channel.
       6.0  0.99739506  0.00491260i: elastic S-matrix  @@      0.02  0   0 F  0
 Reaction Xsec     6.0+/ 5 @ 1 =   0.720 , Out:   0.000#   0.667/   0.719f

   S-matrix    2 =    0.99717   0.00577 for L=    5, J=    5.5 channel on core I =   1.5 from L=    5,  Acc. loss =  0.0 D.
 Elastic phase shift   2 =    0.166   0.081 deg. for the L =    5, J =    5.5 channel.
       6.0  0.99716553  0.00577365i: elastic S-matrix  @@      0.02  0   0 F  0
 Reaction Xsec     6.0+/ 5 @ 2 =   0.782 , Out:   0.000#   0.317/   0.782f

   S-matrix    3 =    0.99998   0.00007 for L=    7, J=    6.5 channel on core I =   1.5 from L=    7,  Acc. loss =  0.0 D.
 Elastic phase shift   3 =    0.002   0.001 deg. for the L =    7, J =    6.5 channel.
       6.0  0.99998099  0.00006657i: elastic S-matrix  @@      0.00  0   0 F  0
 Reaction Xsec     6.0+/ 7 @ 3 =   5.282/, Out:   0.000#   0.301#   0.005f

   S-matrix    4 =    0.99998   0.00007 for L=    7, J=    7.5 channel on core I =   1.5 from L=    7,  Acc. loss =  0.0 D.
 Elastic phase shift   4 =    0.002   0.001 deg. for the L =    7, J =    7.5 channel.
       6.0  0.99998082  0.00007175i: elastic S-matrix  @@      0.00  0   0 F  0
 Reaction Xsec     6.0+/ 7 @ 4 =   5.330/, Out:   0.000#   1.207#   0.005f


 Total SPIN, PARITY =     6.0 -,      4 chs,      0 cc.  Rmin & Coul turning =    0.5   10.9
   S-matrix    1 =    0.95785   0.05068 for L=    4, J=    4.5 channel on core I =   1.5 from L=    4,  Acc. loss =  0.0 D.
 Elastic phase shift   1 =    1.514   1.194 deg. for the L =    4, J =    4.5 channel.
       6.0  0.95785037  0.05068475i: elastic S-matrix  @@      0.00  0   0 F  0
 Reaction Xsec     6.0-/ 4 @ 1 =  11.109 , Out:   0.000#   0.000#  11.109f

   S-matrix    2 =    0.99978   0.00058 for L=    6, J=    5.5 channel on core I =   1.5 from L=    6,  Acc. loss =  0.0 D.
 Elastic phase shift   2 =    0.017   0.006 deg. for the L =    6, J =    5.5 channel.
       6.0  0.99977572  0.00057883i: elastic S-matrix  @@      0.00  0   0 F  0
 Reaction Xsec     6.0-/ 6 @ 2 =   0.062 , Out:   0.000#   0.000#   0.062f

   S-matrix    3 =    0.99977   0.00064 for L=    6, J=    6.5 channel on core I =   1.5 from L=    6,  Acc. loss =  0.0 D.
 Elastic phase shift   3 =    0.018   0.007 deg. for the L =    6, J =    6.5 channel.
       6.0  0.99976944  0.00064389i: elastic S-matrix  @@      0.00  0   0 F  0
 Reaction Xsec     6.0-/ 6 @ 3 =   0.064 , Out:   0.000#   0.000#   0.064f

   S-matrix    4 =    1.00000   0.00001 for L=    8, J=    7.5 channel on core I =   1.5 from L=    8,  Acc. loss =  0.0 D.
 Elastic phase shift   4 =    0.000   0.000 deg. for the L =    8, J =    7.5 channel.
       6.0  0.99999842  0.00000754i: elastic S-matrix  @@      0.00  0   0 F  0
 Reaction Xsec     6.0-/ 8 @ 4 =   0.440/, Out:   0.000#   0.000#   0.000f


 Total SPIN, PARITY =     7.0 +,      4 chs,      0 cc.  Rmin & Coul turning =    0.6   12.6
   S-matrix    1 =    0.99717   0.00577 for L=    5, J=    5.5 channel on core I =   1.5 from L=    5,  Acc. loss =  0.0 D.
 Elastic phase shift   1 =    0.166   0.081 deg. for the L =    5, J =    5.5 channel.
       7.0  0.99716553  0.00577365i: elastic S-matrix  @@      0.00  0   0 F  0
 Reaction Xsec     7.0+/ 5 @ 1 =   0.902 , Out:   0.000#   0.000#   0.902f

   S-matrix    2 =    0.99998   0.00007 for L=    7, J=    6.5 channel on core I =   1.5 from L=    7,  Acc. loss =  0.0 D.
 Elastic phase shift   2 =    0.002   0.001 deg. for the L =    7, J =    6.5 channel.
       7.0  0.99998099  0.00006657i: elastic S-matrix  @@      0.00  0   0 F  0
 Reaction Xsec     7.0+/ 7 @ 2 =   6.094/, Out:   0.000#   0.000#   0.006f

   S-matrix    3 =    0.99998   0.00007 for L=    7, J=    7.5 channel on core I =   1.5 from L=    7,  Acc. loss =  0.0 D.
 Elastic phase shift   3 =    0.002   0.001 deg. for the L =    7, J =    7.5 channel.
       7.0  0.99998082  0.00007175i: elastic S-matrix  @@      0.00  0   0 F  0
 Reaction Xsec     7.0+/ 7 @ 3 =   6.151/, Out:   0.000#   0.000#   0.006f

   S-matrix    4 =    1.00000   0.00000 for L=    9, J=    8.5 channel on core I =   1.5 from L=    9,  Acc. loss =  0.0 D.
 Elastic phase shift   4 =    0.000   0.000 deg. for the L =    9, J =    8.5 channel.
       7.0  0.99999987  0.00000085i: elastic S-matrix  @@      0.00  0   0 F  0
 Reaction Xsec     7.0+/ 9 @ 4 =   0.042/, Out:   0.000#   0.000#   0.000f


 Total SPIN, PARITY =     7.0 -,      5 chs,      0 cc.  Rmin & Coul turning =    0.6   12.6
   S-matrix    1 =    0.99978   0.00058 for L=    6, J=    5.5 channel on core I =   1.5 from L=    6,  Acc. loss =  0.0 D.
 Elastic phase shift   1 =    0.017   0.006 deg. for the L =    6, J =    5.5 channel.
       7.0  0.99977572  0.00057883i: elastic S-matrix  @@      0.02  0   0 F  0
 Reaction Xsec     7.0-/ 6 @ 1 =   0.072 , Out:   0.000#   0.047/   0.072f

   S-matrix    2 =    0.99977   0.00064 for L=    6, J=    6.5 channel on core I =   1.5 from L=    6,  Acc. loss =  0.0 D.
 Elastic phase shift   2 =    0.018   0.007 deg. for the L =    6, J =    6.5 channel.
       7.0  0.99976944  0.00064389i: elastic S-matrix  @@      0.02  0   0 F  0
 Reaction Xsec     7.0-/ 6 @ 2 =   0.074 , Out:   0.000#   0.021/   0.074f

   S-matrix    3 =    1.00000   0.00001 for L=    8, J=    7.5 channel on core I =   1.5 from L=    8,  Acc. loss =  0.0 D.
 Elastic phase shift   3 =    0.000   0.000 deg. for the L =    8, J =    7.5 channel.
       7.0  0.99999842  0.00000754i: elastic S-matrix  @@      0.00  0   0 F  0
 Reaction Xsec     7.0-/ 8 @ 3 =   0.508/, Out:   0.000#   0.011#   0.001f

   S-matrix    4 =    1.00000   0.00001 for L=    8, J=    8.5 channel on core I =   1.5 from L=    8,  Acc. loss =  0.0 D.
 Elastic phase shift   4 =    0.000   0.000 deg. for the L =    8, J =    8.5 channel.
       7.0  0.99999841  0.00000796i: elastic S-matrix  @@      0.02  0   0 F  0
 Reaction Xsec     7.0-/ 8 @ 4 =   0.509/, Out:   0.000#   0.042#   0.001f


 Total SPIN, PARITY =     8.0 +,      5 chs,      0 cc.  Rmin & Coul turning =    0.6   14.2
   S-matrix    1 =    0.99998   0.00007 for L=    7, J=    6.5 channel on core I =   1.5 from L=    7,  Acc. loss =  0.0 D.
 Elastic phase shift   1 =    0.002   0.001 deg. for the L =    7, J =    6.5 channel.
       8.0  0.99998099  0.00006657i: elastic S-matrix  @@      0.02  0   0 F  0
 Reaction Xsec     8.0+/ 7 @ 1 =   6.907/, Out:   0.000#   7.752#   0.007f

   S-matrix    2 =    0.99998   0.00007 for L=    7, J=    7.5 channel on core I =   1.5 from L=    7,  Acc. loss =  0.0 D.
 Elastic phase shift   2 =    0.002   0.001 deg. for the L =    7, J =    7.5 channel.
       8.0  0.99998082  0.00007175i: elastic S-matrix  @@      0.00  0   0 F  0
 Reaction Xsec     8.0+/ 7 @ 2 =   6.971/, Out:   0.000#   3.330#   0.007f

   S-matrix    3 =    1.00000   0.00000 for L=    9, J=    8.5 channel on core I =   1.5 from L=    9,  Acc. loss =  0.0 D.
 Elastic phase shift   3 =    0.000   0.000 deg. for the L =    9, J =    8.5 channel.
       8.0  0.99999987  0.00000085i: elastic S-matrix  @@      0.00  0   0 F  0
 Reaction Xsec     8.0+/ 9 @ 3 =   0.047/, Out:   0.000#   0.001#   0.000f

   S-matrix    4 =    1.00000   0.00000 for L=    9, J=    9.5 channel on core I =   1.5 from L=    9,  Acc. loss =  0.0 D.
 Elastic phase shift   4 =    0.000   0.000 deg. for the L =    9, J =    9.5 channel.
       8.0  0.99999987  0.00000088i: elastic S-matrix  @@      0.02  0   0 F  0
 Reaction Xsec     8.0+/ 9 @ 4 =   0.047/, Out:   0.000#   0.003#   0.000f


 Total SPIN, PARITY =     8.0 -,      4 chs,      0 cc.  Rmin & Coul turning =    0.6   14.2
   S-matrix    1 =    0.99977   0.00064 for L=    6, J=    6.5 channel on core I =   1.5 from L=    6,  Acc. loss =  0.0 D.
 Elastic phase shift   1 =    0.018   0.007 deg. for the L =    6, J =    6.5 channel.
       8.0  0.99976944  0.00064389i: elastic S-matrix  @@      0.00  0   0 F  0
 Reaction Xsec     8.0-/ 6 @ 1 =   0.084 , Out:   0.000#   0.000#   0.084f

   S-matrix    2 =    1.00000   0.00001 for L=    8, J=    7.5 channel on core I =   1.5 from L=    8,  Acc. loss =  0.0 D.
 Elastic phase shift   2 =    0.000   0.000 deg. for the L =    8, J =    7.5 channel.
       8.0  0.99999842  0.00000754i: elastic S-matrix  @@      0.00  0   0 F  0
 Reaction Xsec     8.0-/ 8 @ 2 =   0.575/, Out:   0.000#   0.000#   0.001f

   S-matrix    3 =    1.00000   0.00001 for L=    8, J=    8.5 channel on core I =   1.5 from L=    8,  Acc. loss =  0.0 D.
 Elastic phase shift   3 =    0.000   0.000 deg. for the L =    8, J =    8.5 channel.
       8.0  0.99999841  0.00000796i: elastic S-matrix  @@      0.00  0   0 F  0
 Reaction Xsec     8.0-/ 8 @ 3 =   0.577/, Out:   0.000#   0.000#   0.001f

   S-matrix    4 =    1.00000   0.00000 for L=   10, J=    9.5 channel on core I =   1.5 from L=   10,  Acc. loss =  0.0 D.
 Elastic phase shift   4 =    0.000   0.000 deg. for the L =   10, J =    9.5 channel.
       8.0  0.99999999  0.00000009i: elastic S-matrix  @@      0.00  0   0 F  0
 Reaction Xsec     8.0-/10 @ 4 =   3.876#, Out:   0.000#   0.000#   0.000f


 Total SPIN, PARITY =     9.0 +,      4 chs,      0 cc.  Rmin & Coul turning =    0.7   15.9
   S-matrix    1 =    0.99998   0.00007 for L=    7, J=    7.5 channel on core I =   1.5 from L=    7,  Acc. loss =  0.0 D.
 Elastic phase shift   1 =    0.002   0.001 deg. for the L =    7, J =    7.5 channel.
       9.0  0.99998082  0.00007175i: elastic S-matrix  @@      0.00  0   0 F  0
 Reaction Xsec     9.0+/ 7 @ 1 =   7.791/, Out:   0.000#   0.000#   0.008f

   S-matrix    2 =    1.00000   0.00000 for L=    9, J=    8.5 channel on core I =   1.5 from L=    9,  Acc. loss =  0.0 D.
 Elastic phase shift   2 =    0.000   0.000 deg. for the L =    9, J =    8.5 channel.
       9.0  0.99999987  0.00000085i: elastic S-matrix  @@      0.00  0   0 F  0
 Reaction Xsec     9.0+/ 9 @ 2 =   0.053/, Out:   0.000#   0.000#   0.000f

   S-matrix    3 =    1.00000   0.00000 for L=    9, J=    9.5 channel on core I =   1.5 from L=    9,  Acc. loss =  0.0 D.
 Elastic phase shift   3 =    0.000   0.000 deg. for the L =    9, J =    9.5 channel.
       9.0  0.99999987  0.00000088i: elastic S-matrix  @@      0.00  0   0 F  0
 Reaction Xsec     9.0+/ 9 @ 3 =   0.053/, Out:   0.000#   0.000#   0.000f

   S-matrix    4 =    1.00000   0.00000 for L=   11, J=   10.5 channel on core I =   1.5 from L=   11,  Acc. loss =  0.0 D.
 Elastic phase shift   4 =    0.000   0.000 deg. for the L =   11, J =   10.5 channel.
       9.0  1.00000000  0.00000001i: elastic S-matrix  @@      0.00  0   0 F  0
 Reaction Xsec     9.0+/11 @ 4 =   0.353#, Out:   0.000#   0.000#   0.000f


 Total SPIN, PARITY =     9.0 -,      5 chs,      0 cc.  Rmin & Coul turning =    0.7   15.9
   S-matrix    1 =    1.00000   0.00001 for L=    8, J=    7.5 channel on core I =   1.5 from L=    8,  Acc. loss =  0.0 D.
 Elastic phase shift   1 =    0.000   0.000 deg. for the L =    8, J =    7.5 channel.
       9.0  0.99999842  0.00000754i: elastic S-matrix  @@      0.02  0   0 F  0
 Reaction Xsec     9.0-/ 8 @ 1 =   0.643/, Out:   0.000#   0.378#   0.001f

   S-matrix    2 =    1.00000   0.00001 for L=    8, J=    8.5 channel on core I =   1.5 from L=    8,  Acc. loss =  0.0 D.
 Elastic phase shift   2 =    0.000   0.000 deg. for the L =    8, J =    8.5 channel.
       9.0  0.99999841  0.00000796i: elastic S-matrix  @@      0.00  0   0 F  0
 Reaction Xsec     9.0-/ 8 @ 2 =   0.645/, Out:   0.000#   0.158#   0.001f

   S-matrix    3 =    1.00000   0.00000 for L=   10, J=    9.5 channel on core I =   1.5 from L=   10,  Acc. loss =  0.0 D.
 Elastic phase shift   3 =    0.000   0.000 deg. for the L =   10, J =    9.5 channel.
       9.0  0.99999999  0.00000009i: elastic S-matrix  @@      0.00  0   0 F  0
 Reaction Xsec     9.0-/10 @ 3 =   4.332#, Out:   0.000#   0.000#   0.000f

   S-matrix    4 =    1.00000   0.00000 for L=   10, J=   10.5 channel on core I =   1.5 from L=   10,  Acc. loss =  0.0 D.
 Elastic phase shift   4 =    0.000   0.000 deg. for the L =   10, J =   10.5 channel.
       9.0  0.99999999  0.00000010i: elastic S-matrix  @@      0.02  0   0 F  0
 Reaction Xsec     9.0-/10 @ 4 =   4.334#, Out:   0.000#   0.000#   0.000f


 Total SPIN, PARITY =    10.0 +,      5 chs,      0 cc.  Rmin & Coul turning =    0.8   17.6
   S-matrix    1 =    1.00000   0.00000 for L=    9, J=    8.5 channel on core I =   1.5 from L=    9,  Acc. loss =  0.0 D.
 Elastic phase shift   1 =    0.000   0.000 deg. for the L =    9, J =    8.5 channel.
      10.0  0.99999987  0.00000085i: elastic S-matrix  @@      0.02  0   0 F  0
 Reaction Xsec    10.0+/ 9 @ 1 =   0.059/, Out:   0.000#   0.026#   0.000f

   S-matrix    2 =    1.00000   0.00000 for L=    9, J=    9.5 channel on core I =   1.5 from L=    9,  Acc. loss =  0.0 D.
 Elastic phase shift   2 =    0.000   0.000 deg. for the L =    9, J =    9.5 channel.
      10.0  0.99999987  0.00000088i: elastic S-matrix  @@      0.00  0   0 F  0
 Reaction Xsec    10.0+/ 9 @ 2 =   0.059/, Out:   0.000#   0.010#   0.000f

   S-matrix    3 =    1.00000   0.00000 for L=   11, J=   10.5 channel on core I =   1.5 from L=   11,  Acc. loss =  0.0 D.
 Elastic phase shift   3 =    0.000   0.000 deg. for the L =   11, J =   10.5 channel.
      10.0  1.00000000  0.00000001i: elastic S-matrix  @@      0.00  0   0 F  0
 Reaction Xsec    10.0+/11 @ 3 =   0.390#, Out:   0.000#   0.000#   0.000f

   S-matrix    4 =    1.00000   0.00000 for L=   11, J=   11.5 channel on core I =   1.5 from L=   11,  Acc. loss =  0.0 D.
 Elastic phase shift   4 =    0.000   0.000 deg. for the L =   11, J =   11.5 channel.
      10.0  1.00000000  0.00000001i: elastic S-matrix  @@      0.02  0   0 F  0
 Reaction Xsec    10.0+/11 @ 4 =   0.390#, Out:   0.000#   0.000#   0.000f


 Total SPIN, PARITY =    10.0 -,      4 chs,      0 cc.  Rmin & Coul turning =    0.8   17.6
   S-matrix    1 =    1.00000   0.00001 for L=    8, J=    8.5 channel on core I =   1.5 from L=    8,  Acc. loss =  0.0 D.
 Elastic phase shift   1 =    0.000   0.000 deg. for the L =    8, J =    8.5 channel.
      10.0  0.99999841  0.00000796i: elastic S-matrix  @@      0.00  0   0 F  0
 Reaction Xsec    10.0-/ 8 @ 1 =   0.713/, Out:   0.000#   0.000#   0.001f

   S-matrix    2 =    1.00000   0.00000 for L=   10, J=    9.5 channel on core I =   1.5 from L=   10,  Acc. loss =  0.0 D.
 Elastic phase shift   2 =    0.000   0.000 deg. for the L =   10, J =    9.5 channel.
      10.0  0.99999999  0.00000009i: elastic S-matrix  @@      0.00  0   0 F  0
 Reaction Xsec    10.0-/10 @ 2 =   4.788#, Out:   0.000#   0.000#   0.000f

   S-matrix    3 =    1.00000   0.00000 for L=   10, J=   10.5 channel on core I =   1.5 from L=   10,  Acc. loss =  0.0 D.
 Elastic phase shift   3 =    0.000   0.000 deg. for the L =   10, J =   10.5 channel.
      10.0  0.99999999  0.00000010i: elastic S-matrix  @@      0.00  0   0 F  0
 Reaction Xsec    10.0-/10 @ 3 =   4.790#, Out:   0.000#   0.000#   0.000f

   S-matrix    4 =    1.00000   0.00000 for L=   12, J=   11.5 channel on core I =   1.5 from L=   12,  Acc. loss =  0.0 D.
 Elastic phase shift   4 =    0.000   0.000 deg. for the L =   12, J =   11.5 channel.
      10.0  1.00000000  0.00000000i: elastic S-matrix  @@      0.00  0   0 F  0
 Reaction Xsec    10.0-/12 @ 4 =   0.032#, Out:   0.000#   0.000#   0.000f


 Total SPIN, PARITY =    11.0 +,      4 chs,      0 cc.  Rmin & Coul turning =    0.9   19.2
   S-matrix    1 =    1.00000   0.00000 for L=    9, J=    9.5 channel on core I =   1.5 from L=    9,  Acc. loss =  0.0 D.
 Elastic phase shift   1 =    0.000   0.000 deg. for the L =    9, J =    9.5 channel.
      11.0  0.99999987  0.00000088i: elastic S-matrix  @@      0.00  0   0 F  0
 Reaction Xsec    11.0+/ 9 @ 1 =   0.064/, Out:   0.000#   0.000#   0.000f

   S-matrix    2 =    1.00000   0.00000 for L=   11, J=   10.5 channel on core I =   1.5 from L=   11,  Acc. loss =  0.0 D.
 Elastic phase shift   2 =    0.000   0.000 deg. for the L =   11, J =   10.5 channel.
      11.0  1.00000000  0.00000001i: elastic S-matrix  @@      0.00  0   0 F  0
 Reaction Xsec    11.0+/11 @ 2 =   0.427#, Out:   0.000#   0.000#   0.000f

   S-matrix    3 =    1.00000   0.00000 for L=   11, J=   11.5 channel on core I =   1.5 from L=   11,  Acc. loss =  0.0 D.
 Elastic phase shift   3 =    0.000   0.000 deg. for the L =   11, J =   11.5 channel.
      11.0  1.00000000  0.00000001i: elastic S-matrix  @@      0.00  0   0 F  0
 Reaction Xsec    11.0+/11 @ 3 =   0.427#, Out:   0.000#   0.000#   0.000f

   S-matrix    4 =    1.00000   0.00000 for L=   13, J=   12.5 channel on core I =   1.5 from L=   13,  Acc. loss =  0.0 D.
 Elastic phase shift   4 =    0.000   0.000 deg. for the L =   13, J =   12.5 channel.
      11.0  1.00000000  0.00000000i: elastic S-matrix  @@      0.00  0   0 F  0
 Reaction Xsec    11.0+/13 @ 4 =   0.003#, Out:   0.000#   0.000#   0.000f


 Total SPIN, PARITY =    11.0 -,      5 chs,      0 cc.  Rmin & Coul turning =    0.9   19.2
   S-matrix    1 =    1.00000   0.00000 for L=   10, J=    9.5 channel on core I =   1.5 from L=   10,  Acc. loss =  0.0 D.
 Elastic phase shift   1 =    0.000   0.000 deg. for the L =   10, J =    9.5 channel.
      11.0  0.99999999  0.00000009i: elastic S-matrix  @@      0.02  0   0 F  0
 Reaction Xsec    11.0-/10 @ 1 =   5.244#, Out:   0.000#   0.001#   0.000f

   S-matrix    2 =    1.00000   0.00000 for L=   10, J=   10.5 channel on core I =   1.5 from L=   10,  Acc. loss =  0.0 D.
 Elastic phase shift   2 =    0.000   0.000 deg. for the L =   10, J =   10.5 channel.
      11.0  0.99999999  0.00000010i: elastic S-matrix  @@      0.00  0   0 F  0
 Reaction Xsec    11.0-/10 @ 2 =   5.246#, Out:   0.000#   0.000#   0.000f

   S-matrix    3 =    1.00000   0.00000 for L=   12, J=   11.5 channel on core I =   1.5 from L=   12,  Acc. loss =  0.0 D.
 Elastic phase shift   3 =    0.000   0.000 deg. for the L =   12, J =   11.5 channel.
      11.0  1.00000000  0.00000000i: elastic S-matrix  @@      0.02  0   0 F  0
 Reaction Xsec    11.0-/12 @ 3 =   0.035#, Out:   0.000#   0.000#   0.000f

   S-matrix    4 =    1.00000   0.00000 for L=   12, J=   12.5 channel on core I =   1.5 from L=   12,  Acc. loss =  0.0 D.
 Elastic phase shift   4 =    0.000   0.000 deg. for the L =   12, J =   12.5 channel.
      11.0  1.00000000  0.00000000i: elastic S-matrix  @@      0.00  0   0 F  0
 Reaction Xsec    11.0-/12 @ 4 =   0.035#, Out:   0.000#   0.000#   0.000f


 Total SPIN, PARITY =    12.0 +,      5 chs,      0 cc.  Rmin & Coul turning =    1.0   20.9
   S-matrix    1 =    1.00000   0.00000 for L=   11, J=   10.5 channel on core I =   1.5 from L=   11,  Acc. loss =  0.0 D.
 Elastic phase shift   1 =    0.000   0.000 deg. for the L =   11, J =   10.5 channel.
      12.0  1.00000000  0.00000001i: elastic S-matrix  @@      0.02  0   0 F  0
 Reaction Xsec    12.0+/11 @ 1 =   0.464#, Out:   0.000#   0.000#   0.000f

   S-matrix    2 =    1.00000   0.00000 for L=   11, J=   11.5 channel on core I =   1.5 from L=   11,  Acc. loss =  0.0 D.
 Elastic phase shift   2 =    0.000   0.000 deg. for the L =   11, J =   11.5 channel.
      12.0  1.00000000  0.00000001i: elastic S-matrix  @@      0.00  0   0 F  0
 Reaction Xsec    12.0+/11 @ 2 =   0.464#, Out:   0.000#   0.000#   0.000f

   S-matrix    3 =    1.00000   0.00000 for L=   13, J=   12.5 channel on core I =   1.5 from L=   13,  Acc. loss =  0.0 D.
 Elastic phase shift   3 =    0.000   0.000 deg. for the L =   13, J =   12.5 channel.
      12.0  1.00000000  0.00000000i: elastic S-matrix  @@      0.02  0   0 F  0
 Reaction Xsec    12.0+/13 @ 3 =   0.003#, Out:   0.000#   0.000#   0.000f

   S-matrix    4 =    1.00000   0.00000 for L=   13, J=   13.5 channel on core I =   1.5 from L=   13,  Acc. loss =  0.0 D.
 Elastic phase shift   4 =    0.000   0.000 deg. for the L =   13, J =   13.5 channel.
      12.0  1.00000000  0.00000000i: elastic S-matrix  @@      0.00  0   0 F  0
 Reaction Xsec    12.0+/13 @ 4 =   0.003#, Out:   0.000#   0.000#   0.000f


 Total SPIN, PARITY =    12.0 -,      4 chs,      0 cc.  Rmin & Coul turning =    1.0   20.9
   S-matrix    1 =    1.00000   0.00000 for L=   10, J=   10.5 channel on core I =   1.5 from L=   10,  Acc. loss =  0.0 D.
 Elastic phase shift   1 =    0.000   0.000 deg. for the L =   10, J =   10.5 channel.
      12.0  0.99999999  0.00000010i: elastic S-matrix  @@      0.00  0   0 F  0
 Reaction Xsec    12.0-/10 @ 1 =   5.702#, Out:   0.000#   0.000#   0.000f

   S-matrix    2 =    1.00000   0.00000 for L=   12, J=   11.5 channel on core I =   1.5 from L=   12,  Acc. loss =  0.0 D.
 Elastic phase shift   2 =    0.000   0.000 deg. for the L =   12, J =   11.5 channel.
      12.0  1.00000000  0.00000000i: elastic S-matrix  @@      0.00  0   0 F  0
 Reaction Xsec    12.0-/12 @ 2 =   0.038#, Out:   0.000#   0.000#   0.000f

   S-matrix    3 =    1.00000   0.00000 for L=   12, J=   12.5 channel on core I =   1.5 from L=   12,  Acc. loss =  0.0 D.
 Elastic phase shift   3 =    0.000   0.000 deg. for the L =   12, J =   12.5 channel.
      12.0  1.00000000  0.00000000i: elastic S-matrix  @@      0.00  0   0 F  0
 Reaction Xsec    12.0-/12 @ 3 =   0.038#, Out:   0.000#   0.000#   0.000f

   S-matrix    4 =    1.00000  -0.00000 for L=   14, J=   13.5 channel on core I =   1.5 from L=   14,  Acc. loss =  0.0 D.
 Elastic phase shift   4 =   -0.000   0.000 deg. for the L =   14, J =   13.5 channel.
      12.0  1.00000000 -0.00000000i: elastic S-matrix  @@      0.00  0   0 F  0
 Reaction Xsec    12.0-/14 @ 4 =   0.000#, Out:   0.000#   0.000#   0.000f


 Total SPIN, PARITY =    13.0 +,      4 chs,      0 cc.  Rmin & Coul turning =    1.0   22.5
   S-matrix    1 =    1.00000   0.00000 for L=   11, J=   11.5 channel on core I =   1.5 from L=   11,  Acc. loss =  0.0 D.
 Elastic phase shift   1 =    0.000   0.000 deg. for the L =   11, J =   11.5 channel.
      13.0  1.00000000  0.00000001i: elastic S-matrix  @@      0.00  0   0 F  0
 Reaction Xsec    13.0+/11 @ 1 =   0.501#, Out:   0.000#   0.000#   0.000f

   S-matrix    2 =    1.00000   0.00000 for L=   13, J=   12.5 channel on core I =   1.5 from L=   13,  Acc. loss =  0.0 D.
 Elastic phase shift   2 =    0.000   0.000 deg. for the L =   13, J =   12.5 channel.
      13.0  1.00000000  0.00000000i: elastic S-matrix  @@      0.00  0   0 F  0
 Reaction Xsec    13.0+/13 @ 2 =   0.003#, Out:   0.000#   0.000#   0.000f

   S-matrix    3 =    1.00000   0.00000 for L=   13, J=   13.5 channel on core I =   1.5 from L=   13,  Acc. loss =  0.0 D.
 Elastic phase shift   3 =    0.000   0.000 deg. for the L =   13, J =   13.5 channel.
      13.0  1.00000000  0.00000000i: elastic S-matrix  @@      0.00  0   0 F  0
 Reaction Xsec    13.0+/13 @ 3 =   0.003#, Out:   0.000#   0.000#   0.000f

   S-matrix    4 =    1.00000  -0.00000 for L=   15, J=   14.5 channel on core I =   1.5 from L=   15,  Acc. loss =  0.0 D.
 Elastic phase shift   4 =   -0.000   0.000 deg. for the L =   15, J =   14.5 channel.
      13.0  1.00000000 -0.00000000i: elastic S-matrix  @@      0.00  0   0 F  0
 Reaction Xsec    13.0+/15 @ 4 =   0.000#, Out:   0.000#   0.000#   0.000f


 Total SPIN, PARITY =    13.0 -,      5 chs,      0 cc.  Rmin & Coul turning =    1.0   22.5
   S-matrix    1 =    1.00000   0.00000 for L=   12, J=   11.5 channel on core I =   1.5 from L=   12,  Acc. loss =  0.0 D.
 Elastic phase shift   1 =    0.000   0.000 deg. for the L =   12, J =   11.5 channel.
      13.0  1.00000000  0.00000000i: elastic S-matrix  @@      0.02  0   0 F  0
 Reaction Xsec    13.0-/12 @ 1 =   0.041#, Out:   0.000#   0.000#   0.000f

   S-matrix    2 =    1.00000   0.00000 for L=   12, J=   12.5 channel on core I =   1.5 from L=   12,  Acc. loss =  0.0 D.
 Elastic phase shift   2 =    0.000   0.000 deg. for the L =   12, J =   12.5 channel.
      13.0  1.00000000  0.00000000i: elastic S-matrix  @@      0.02  0   0 F  0
 Reaction Xsec    13.0-/12 @ 2 =   0.041#, Out:   0.000#   0.000#   0.000f

   S-matrix    3 =    1.00000  -0.00000 for L=   14, J=   13.5 channel on core I =   1.5 from L=   14,  Acc. loss =  0.0 D.
 Elastic phase shift   3 =   -0.000   0.000 deg. for the L =   14, J =   13.5 channel.
      13.0  1.00000000 -0.00000000i: elastic S-matrix  @@      0.00  0   0 F  0
 Reaction Xsec    13.0-/14 @ 3 =   0.000#, Out:   0.000#   0.000#   0.000f

   S-matrix    4 =    1.00000  -0.00000 for L=   14, J=   14.5 channel on core I =   1.5 from L=   14,  Acc. loss =  0.0 D.
 Elastic phase shift   4 =   -0.000   0.000 deg. for the L =   14, J =   14.5 channel.
      13.0  1.00000000 -0.00000000i: elastic S-matrix  @@      0.00  0   0 F  0
 Reaction Xsec    13.0-/14 @ 4 =   0.000#, Out:   0.000#   0.000#   0.000f


 Total SPIN, PARITY =    14.0 +,      5 chs,      0 cc.  Rmin & Coul turning =    1.1   24.2
   S-matrix    1 =    1.00000   0.00000 for L=   13, J=   12.5 channel on core I =   1.5 from L=   13,  Acc. loss =  0.0 D.
 Elastic phase shift   1 =    0.000   0.000 deg. for the L =   13, J =   12.5 channel.
      14.0  1.00000000  0.00000000i: elastic S-matrix  @@      0.02  0   0 F  0
 Reaction Xsec    14.0+/13 @ 1 =   0.004#, Out:   0.000#   0.000#   0.000f

   S-matrix    2 =    1.00000   0.00000 for L=   13, J=   13.5 channel on core I =   1.5 from L=   13,  Acc. loss =  0.0 D.
 Elastic phase shift   2 =    0.000   0.000 deg. for the L =   13, J =   13.5 channel.
      14.0  1.00000000  0.00000000i: elastic S-matrix  @@      0.02  0   0 F  0
 Reaction Xsec    14.0+/13 @ 2 =   0.004#, Out:   0.000#   0.000#   0.000f

   S-matrix    3 =    1.00000  -0.00000 for L=   15, J=   14.5 channel on core I =   1.5 from L=   15,  Acc. loss =  0.0 D.
 Elastic phase shift   3 =   -0.000   0.000 deg. for the L =   15, J =   14.5 channel.
      14.0  1.00000000 -0.00000000i: elastic S-matrix  @@      0.00  0   0 F  0
 Reaction Xsec    14.0+/15 @ 3 =   0.000#, Out:   0.000#   0.000#   0.000f

   S-matrix    4 =    1.00000  -0.00000 for L=   15, J=   15.5 channel on core I =   1.5 from L=   15,  Acc. loss =  0.0 D.
 Elastic phase shift   4 =   -0.000   0.000 deg. for the L =   15, J =   15.5 channel.
      14.0  1.00000000 -0.00000000i: elastic S-matrix  @@      0.00  0   0 F  0
 Reaction Xsec    14.0+/15 @ 4 =   0.000#, Out:   0.000#   0.000#   0.000f


 Total SPIN, PARITY =    14.0 -,      4 chs,      0 cc.  Rmin & Coul turning =    1.1   24.2
   S-matrix    1 =    1.00000   0.00000 for L=   12, J=   12.5 channel on core I =   1.5 from L=   12,  Acc. loss =  0.0 D.
 Elastic phase shift   1 =    0.000   0.000 deg. for the L =   12, J =   12.5 channel.
      14.0  1.00000000  0.00000000i: elastic S-matrix  @@      0.00  0   0 F  0
 Reaction Xsec    14.0-/12 @ 1 =   0.044#, Out:   0.000#   0.000#   0.000f

   S-matrix    2 =    1.00000  -0.00000 for L=   14, J=   13.5 channel on core I =   1.5 from L=   14,  Acc. loss =  0.0 D.
 Elastic phase shift   2 =   -0.000   0.000 deg. for the L =   14, J =   13.5 channel.
      14.0  1.00000000 -0.00000000i: elastic S-matrix  @@      0.00  0   0 F  0
 Reaction Xsec    14.0-/14 @ 2 =   0.000#, Out:   0.000#   0.000#   0.000f

   S-matrix    3 =    1.00000  -0.00000 for L=   14, J=   14.5 channel on core I =   1.5 from L=   14,  Acc. loss =  0.0 D.
 Elastic phase shift   3 =   -0.000   0.000 deg. for the L =   14, J =   14.5 channel.
      14.0  1.00000000 -0.00000000i: elastic S-matrix  @@      0.00  0   0 F  0
 Reaction Xsec    14.0-/14 @ 3 =   0.000#, Out:   0.000#   0.000#   0.000f

   S-matrix    4 =    1.00000  -0.00000 for L=   16, J=   15.5 channel on core I =   1.5 from L=   16,  Acc. loss =  0.0 D.
 Elastic phase shift   4 =   -0.000   0.000 deg. for the L =   16, J =   15.5 channel.
      14.0  1.00000000 -0.00000000i: elastic S-matrix  @@      0.00  0   0 F  0
 Reaction Xsec    14.0-/16 @ 4 =   0.000#, Out:   0.000#   0.000#   0.000f


 Total SPIN, PARITY =    15.0 +,      4 chs,      0 cc.  Rmin & Coul turning =    1.2   25.8
   S-matrix    1 =    1.00000   0.00000 for L=   13, J=   13.5 channel on core I =   1.5 from L=   13,  Acc. loss =  0.0 D.
 Elastic phase shift   1 =    0.000   0.000 deg. for the L =   13, J =   13.5 channel.
      15.0  1.00000000  0.00000000i: elastic S-matrix  @@      0.00  0   0 F  0
 Reaction Xsec    15.0+/13 @ 1 =   0.004#, Out:   0.000#   0.000#   0.000f

   S-matrix    2 =    1.00000  -0.00000 for L=   15, J=   14.5 channel on core I =   1.5 from L=   15,  Acc. loss =  0.0 D.
 Elastic phase shift   2 =   -0.000   0.000 deg. for the L =   15, J =   14.5 channel.
      15.0  1.00000000 -0.00000000i: elastic S-matrix  @@      0.00  0   0 F  0
 Reaction Xsec    15.0+/15 @ 2 =   0.000#, Out:   0.000#   0.000#   0.000f

   S-matrix    3 =    1.00000  -0.00000 for L=   15, J=   15.5 channel on core I =   1.5 from L=   15,  Acc. loss =  0.0 D.
 Elastic phase shift   3 =   -0.000   0.000 deg. for the L =   15, J =   15.5 channel.
      15.0  1.00000000 -0.00000000i: elastic S-matrix  @@      0.00  0   0 F  0
 Reaction Xsec    15.0+/15 @ 3 =   0.000#, Out:   0.000#   0.000#   0.000f

   S-matrix    4 =    1.00000  -0.00000 for L=   17, J=   16.5 channel on core I =   1.5 from L=   17,  Acc. loss =  0.0 D.
 Elastic phase shift   4 =   -0.000   0.000 deg. for the L =   17, J =   16.5 channel.
      15.0  1.00000000 -0.00000000i: elastic S-matrix  @@      0.00  0   0 F  0
 Reaction Xsec    15.0+/17 @ 4 =   0.000#, Out:   0.000#   0.000#   0.000f


 Total SPIN, PARITY =    15.0 -,      5 chs,      0 cc.  Rmin & Coul turning =    1.2   25.8
   S-matrix    1 =    1.00000  -0.00000 for L=   14, J=   13.5 channel on core I =   1.5 from L=   14,  Acc. loss =  0.0 D.
 Elastic phase shift   1 =   -0.000   0.000 deg. for the L =   14, J =   13.5 channel.
      15.0  1.00000000 -0.00000000i: elastic S-matrix  @@      0.02  0   0 F  0
 Reaction Xsec    15.0-/14 @ 1 =   0.000#, Out:   0.000#   0.000#   0.000f

   S-matrix    2 =    1.00000  -0.00000 for L=   14, J=   14.5 channel on core I =   1.5 from L=   14,  Acc. loss =  0.0 D.
 Elastic phase shift   2 =   -0.000   0.000 deg. for the L =   14, J =   14.5 channel.
      15.0  1.00000000 -0.00000000i: elastic S-matrix  @@      0.00  0   0 F  0
 Reaction Xsec    15.0-/14 @ 2 =   0.000#, Out:   0.000#   0.000#   0.000f

   S-matrix    3 =    1.00000  -0.00000 for L=   16, J=   15.5 channel on core I =   1.5 from L=   16,  Acc. loss =  0.0 D.
 Elastic phase shift   3 =   -0.000   0.000 deg. for the L =   16, J =   15.5 channel.
      15.0  1.00000000 -0.00000000i: elastic S-matrix  @@      0.02  0   0 F  0
 Reaction Xsec    15.0-/16 @ 3 =   0.000#, Out:   0.000#   0.000#   0.000f

   S-matrix    4 =    1.00000  -0.00000 for L=   16, J=   16.5 channel on core I =   1.5 from L=   16,  Acc. loss =  0.0 D.
 Elastic phase shift   4 =   -0.000   0.000 deg. for the L =   16, J =   16.5 channel.
      15.0  1.00000000 -0.00000000i: elastic S-matrix  @@      0.00  0   0 F  0
 Reaction Xsec    15.0-/16 @ 4 =   0.000#, Out:   0.000#   0.000#   0.000f


 Total SPIN, PARITY =    16.0 +,      5 chs,      0 cc.  Rmin & Coul turning =    1.2   27.5
   S-matrix    1 =    1.00000  -0.00000 for L=   15, J=   14.5 channel on core I =   1.5 from L=   15,  Acc. loss =  0.0 D.
 Elastic phase shift   1 =   -0.000   0.000 deg. for the L =   15, J =   14.5 channel.
      16.0  1.00000000 -0.00000000i: elastic S-matrix  @@      0.02  0   0 F  0
 Reaction Xsec    16.0+/15 @ 1 =   0.000#, Out:   0.000#   0.000#   0.000f

   S-matrix    2 =    1.00000  -0.00000 for L=   15, J=   15.5 channel on core I =   1.5 from L=   15,  Acc. loss =  0.0 D.
 Elastic phase shift   2 =   -0.000   0.000 deg. for the L =   15, J =   15.5 channel.
      16.0  1.00000000 -0.00000000i: elastic S-matrix  @@      0.00  0   0 F  0
 Reaction Xsec    16.0+/15 @ 2 =   0.000#, Out:   0.000#   0.000#   0.000f

   S-matrix    3 =    1.00000  -0.00000 for L=   17, J=   16.5 channel on core I =   1.5 from L=   17,  Acc. loss =  0.0 D.
 Elastic phase shift   3 =   -0.000   0.000 deg. for the L =   17, J =   16.5 channel.
      16.0  1.00000000 -0.00000000i: elastic S-matrix  @@      0.02  0   0 F  0
 Reaction Xsec    16.0+/17 @ 3 =   0.000#, Out:   0.000#   0.000#   0.000f

   S-matrix    4 =    1.00000  -0.00000 for L=   17, J=   17.5 channel on core I =   1.5 from L=   17,  Acc. loss =  0.0 D.
 Elastic phase shift   4 =   -0.000   0.000 deg. for the L =   17, J =   17.5 channel.
      16.0  1.00000000 -0.00000000i: elastic S-matrix  @@      0.00  0   0 F  0
 Reaction Xsec    16.0+/17 @ 4 =   0.000#, Out:   0.000#   0.000#  -0.000f


 Total SPIN, PARITY =    16.0 -,      4 chs,      0 cc.  Rmin & Coul turning =    1.2   27.5
   S-matrix    1 =    1.00000  -0.00000 for L=   14, J=   14.5 channel on core I =   1.5 from L=   14,  Acc. loss =  0.0 D.
 Elastic phase shift   1 =   -0.000   0.000 deg. for the L =   14, J =   14.5 channel.
      16.0  1.00000000 -0.00000000i: elastic S-matrix  @@      0.00  0   0 F  0
 Reaction Xsec    16.0-/14 @ 1 =   0.000#, Out:   0.000#   0.000#   0.000f

   S-matrix    2 =    1.00000  -0.00000 for L=   16, J=   15.5 channel on core I =   1.5 from L=   16,  Acc. loss =  0.0 D.
 Elastic phase shift   2 =   -0.000   0.000 deg. for the L =   16, J =   15.5 channel.
      16.0  1.00000000 -0.00000000i: elastic S-matrix  @@      0.00  0   0 F  0
 Reaction Xsec    16.0-/16 @ 2 =   0.000#, Out:   0.000#   0.000#   0.000f

   S-matrix    3 =    1.00000  -0.00000 for L=   16, J=   16.5 channel on core I =   1.5 from L=   16,  Acc. loss =  0.0 D.
 Elastic phase shift   3 =   -0.000   0.000 deg. for the L =   16, J =   16.5 channel.
      16.0  1.00000000 -0.00000000i: elastic S-matrix  @@      0.00  0   0 F  0
 Reaction Xsec    16.0-/16 @ 3 =   0.000#, Out:   0.000#   0.000#   0.000f

   S-matrix    4 =    1.00000  -0.00000 for L=   18, J=   17.5 channel on core I =   1.5 from L=   18,  Acc. loss =  0.0 D.
 Elastic phase shift   4 =   -0.000   0.000 deg. for the L =   18, J =   17.5 channel.
      16.0  1.00000000 -0.00000000i: elastic S-matrix  @@      0.00  0   0 F  0
 Reaction Xsec    16.0-/18 @ 4 =   0.000#, Out:   0.000#   0.000#   0.000f


 Total SPIN, PARITY =    17.0 +,      4 chs,      0 cc.  Rmin & Coul turning =    1.4   29.1
   S-matrix    1 =    1.00000  -0.00000 for L=   15, J=   15.5 channel on core I =   1.5 from L=   15,  Acc. loss =  0.0 D.
 Elastic phase shift   1 =   -0.000   0.000 deg. for the L =   15, J =   15.5 channel.
      17.0  1.00000000 -0.00000000i: elastic S-matrix  @@      0.00  0   0 F  0
 Reaction Xsec    17.0+/15 @ 1 =   0.000#, Out:   0.000#   0.000#   0.000f

   S-matrix    2 =    1.00000  -0.00000 for L=   17, J=   16.5 channel on core I =   1.5 from L=   17,  Acc. loss =  0.0 D.
 Elastic phase shift   2 =   -0.000   0.000 deg. for the L =   17, J =   16.5 channel.
      17.0  1.00000000 -0.00000000i: elastic S-matrix  @@      0.00  0   0 F  0
 Reaction Xsec    17.0+/17 @ 2 =   0.000#, Out:   0.000#   0.000#   0.000f

   S-matrix    3 =    1.00000  -0.00000 for L=   17, J=   17.5 channel on core I =   1.5 from L=   17,  Acc. loss =  0.0 D.
 Elastic phase shift   3 =   -0.000   0.000 deg. for the L =   17, J =   17.5 channel.
      17.0  1.00000000 -0.00000000i: elastic S-matrix  @@      0.00  0   0 F  0
 Reaction Xsec    17.0+/17 @ 3 =   0.000#, Out:   0.000#   0.000#   0.000f

   S-matrix    4 =    1.00000  -0.00000 for L=   19, J=   18.5 channel on core I =   1.5 from L=   19,  Acc. loss =  0.0 D.
 Elastic phase shift   4 =   -0.000  -0.000 deg. for the L =   19, J =   18.5 channel.
      17.0  1.00000000 -0.00000000i: elastic S-matrix  @@      0.00  0   0 F  0
 Reaction Xsec    17.0+/19 @ 4 =  -0.000#, Out:   0.000#   0.000#  -0.000f


 Total SPIN, PARITY =    17.0 -,      5 chs,      0 cc.  Rmin & Coul turning =    1.4   29.1
   S-matrix    1 =    1.00000  -0.00000 for L=   16, J=   15.5 channel on core I =   1.5 from L=   16,  Acc. loss =  0.0 D.
 Elastic phase shift   1 =   -0.000   0.000 deg. for the L =   16, J =   15.5 channel.
      17.0  1.00000000 -0.00000000i: elastic S-matrix  @@      0.02  0   0 F  0
 Reaction Xsec    17.0-/16 @ 1 =   0.000#, Out:   0.000#   0.000#   0.000f

   S-matrix    2 =    1.00000  -0.00000 for L=   16, J=   16.5 channel on core I =   1.5 from L=   16,  Acc. loss =  0.0 D.
 Elastic phase shift   2 =   -0.000   0.000 deg. for the L =   16, J =   16.5 channel.
      17.0  1.00000000 -0.00000000i: elastic S-matrix  @@      0.00  0   0 F  0
 Reaction Xsec    17.0-/16 @ 2 =   0.000#, Out:   0.000#   0.000#   0.000f

   S-matrix    3 =    1.00000  -0.00000 for L=   18, J=   17.5 channel on core I =   1.5 from L=   18,  Acc. loss =  0.0 D.
 Elastic phase shift   3 =   -0.000   0.000 deg. for the L =   18, J =   17.5 channel.
      17.0  1.00000000 -0.00000000i: elastic S-matrix  @@      0.02  0   0 F  0
 Reaction Xsec    17.0-/18 @ 3 =   0.000#, Out:   0.000#   0.000#  -0.000f

   S-matrix    4 =    1.00000  -0.00000 for L=   18, J=   18.5 channel on core I =   1.5 from L=   18,  Acc. loss =  0.0 D.
 Elastic phase shift   4 =   -0.000   0.000 deg. for the L =   18, J =   18.5 channel.
      17.0  1.00000000 -0.00000000i: elastic S-matrix  @@      0.00  0   0 F  0
 Reaction Xsec    17.0-/18 @ 4 =   0.000#, Out:   0.000#   0.000#  -0.000f


 Total SPIN, PARITY =    18.0 +,      5 chs,      0 cc.  Rmin & Coul turning =    1.4   30.8
   S-matrix    1 =    1.00000  -0.00000 for L=   17, J=   16.5 channel on core I =   1.5 from L=   17,  Acc. loss =  0.0 D.
 Elastic phase shift   1 =   -0.000   0.000 deg. for the L =   17, J =   16.5 channel.
      18.0  1.00000000 -0.00000000i: elastic S-matrix  @@      0.02  0   0 F  0
 Reaction Xsec    18.0+/17 @ 1 =   0.000#, Out:   0.000#   0.000#   0.000f

   S-matrix    2 =    1.00000  -0.00000 for L=   17, J=   17.5 channel on core I =   1.5 from L=   17,  Acc. loss =  0.0 D.
 Elastic phase shift   2 =   -0.000   0.000 deg. for the L =   17, J =   17.5 channel.
      18.0  1.00000000 -0.00000000i: elastic S-matrix  @@      0.00  0   0 F  0
 Reaction Xsec    18.0+/17 @ 2 =   0.000#, Out:   0.000#   0.000#   0.000f

   S-matrix    3 =    1.00000  -0.00000 for L=   19, J=   18.5 channel on core I =   1.5 from L=   19,  Acc. loss =  0.0 D.
 Elastic phase shift   3 =   -0.000   0.000 deg. for the L =   19, J =   18.5 channel.
      18.0  1.00000000 -0.00000000i: elastic S-matrix  @@      0.00  0   0 F  0
 Reaction Xsec    18.0+/19 @ 3 =   0.000#, Out:   0.000#   0.000#   0.000f

   S-matrix    4 =    1.00000  -0.00000 for L=   19, J=   19.5 channel on core I =   1.5 from L=   19,  Acc. loss =  0.0 D.
 Elastic phase shift   4 =   -0.000   0.000 deg. for the L =   19, J =   19.5 channel.
      18.0  1.00000000 -0.00000000i: elastic S-matrix  @@      0.02  0   0 F  0
 Reaction Xsec    18.0+/19 @ 4 =   0.000#, Out:   0.000#   0.000#   0.000f


 Total SPIN, PARITY =    18.0 -,      4 chs,      0 cc.  Rmin & Coul turning =    1.4   30.8
   S-matrix    1 =    1.00000  -0.00000 for L=   16, J=   16.5 channel on core I =   1.5 from L=   16,  Acc. loss =  0.0 D.
 Elastic phase shift   1 =   -0.000   0.000 deg. for the L =   16, J =   16.5 channel.
      18.0  1.00000000 -0.00000000i: elastic S-matrix  @@      0.00  0   0 F  0
 Reaction Xsec    18.0-/16 @ 1 =   0.000#, Out:   0.000#   0.000#   0.000f

   S-matrix    2 =    1.00000  -0.00000 for L=   18, J=   17.5 channel on core I =   1.5 from L=   18,  Acc. loss =  0.0 D.
 Elastic phase shift   2 =   -0.000   0.000 deg. for the L =   18, J =   17.5 channel.
      18.0  1.00000000 -0.00000000i: elastic S-matrix  @@      0.00  0   0 F  0
 Reaction Xsec    18.0-/18 @ 2 =   0.000#, Out:   0.000#   0.000#   0.000f

   S-matrix    3 =    1.00000  -0.00000 for L=   18, J=   18.5 channel on core I =   1.5 from L=   18,  Acc. loss =  0.0 D.
 Elastic phase shift   3 =   -0.000   0.000 deg. for the L =   18, J =   18.5 channel.
      18.0  1.00000000 -0.00000000i: elastic S-matrix  @@      0.00  0   0 F  0
 Reaction Xsec    18.0-/18 @ 3 =   0.000#, Out:   0.000#   0.000#   0.000f

   S-matrix    4 =    1.00000   0.00000 for L=   20, J=   19.5 channel on core I =   1.5 from L=   20,  Acc. loss =  0.0 D.
 Elastic phase shift   4 =    0.000   0.000 deg. for the L =   20, J =   19.5 channel.
      18.0  1.00000000  0.00000000i: elastic S-matrix  @@      0.00  0   0 F  0
 Reaction Xsec    18.0-/20 @ 4 =   0.000#, Out:   0.000#   0.000#   0.000f


 Total SPIN, PARITY =    19.0 +,      4 chs,      0 cc.  Rmin & Coul turning =    1.5   32.4
   S-matrix    1 =    1.00000  -0.00000 for L=   17, J=   17.5 channel on core I =   1.5 from L=   17,  Acc. loss =  0.0 D.
 Elastic phase shift   1 =   -0.000   0.000 deg. for the L =   17, J =   17.5 channel.
      19.0  1.00000000 -0.00000000i: elastic S-matrix  @@      0.00  0   0 F  0
 Reaction Xsec    19.0+/17 @ 1 =   0.000#, Out:   0.000#   0.000#   0.000f

   S-matrix    2 =    1.00000  -0.00000 for L=   19, J=   18.5 channel on core I =   1.5 from L=   19,  Acc. loss =  0.0 D.
 Elastic phase shift   2 =   -0.000   0.000 deg. for the L =   19, J =   18.5 channel.
      19.0  1.00000000 -0.00000000i: elastic S-matrix  @@      0.00  0   0 F  0
 Reaction Xsec    19.0+/19 @ 2 =   0.000#, Out:   0.000#   0.000#   0.000f

   S-matrix    3 =    1.00000  -0.00000 for L=   19, J=   19.5 channel on core I =   1.5 from L=   19,  Acc. loss =  0.0 D.
 Elastic phase shift   3 =   -0.000   0.000 deg. for the L =   19, J =   19.5 channel.
      19.0  1.00000000 -0.00000000i: elastic S-matrix  @@      0.00  0   0 F  0
 Reaction Xsec    19.0+/19 @ 3 =   0.000#, Out:   0.000#   0.000#   0.000f

   S-matrix    4 =    1.00000   0.00000 for L=   21, J=   20.5 channel on core I =   1.5 from L=   21,  Acc. loss =  0.0 D.
 Elastic phase shift   4 =    0.000  -0.000 deg. for the L =   21, J =   20.5 channel.
      19.0  1.00000000  0.00000000i: elastic S-matrix  @@      0.00  0   0 F  0
 Reaction Xsec    19.0+/21 @ 4 =  -0.000#, Out:   0.000#   0.000#  -0.000f


 Total SPIN, PARITY =    19.0 -,      5 chs,      0 cc.  Rmin & Coul turning =    1.5   32.4
   S-matrix    1 =    1.00000  -0.00000 for L=   18, J=   17.5 channel on core I =   1.5 from L=   18,  Acc. loss =  0.0 D.
 Elastic phase shift   1 =   -0.000  -0.000 deg. for the L =   18, J =   17.5 channel.
      19.0  1.00000000 -0.00000000i: elastic S-matrix  @@      0.02  0   0 F  0
 Reaction Xsec    19.0-/18 @ 1 =  -0.000#, Out:   0.000#   0.000#  -0.000f

   S-matrix    2 =    1.00000  -0.00000 for L=   18, J=   18.5 channel on core I =   1.5 from L=   18,  Acc. loss =  0.0 D.
 Elastic phase shift   2 =   -0.000   0.000 deg. for the L =   18, J =   18.5 channel.
      19.0  1.00000000 -0.00000000i: elastic S-matrix  @@      0.00  0   0 F  0
 Reaction Xsec    19.0-/18 @ 2 =   0.000#, Out:   0.000#   0.000#  -0.000f

   S-matrix    3 =    1.00000   0.00000 for L=   20, J=   19.5 channel on core I =   1.5 from L=   20,  Acc. loss =  0.0 D.
 Elastic phase shift   3 =    0.000   0.000 deg. for the L =   20, J =   19.5 channel.
      19.0  1.00000000  0.00000000i: elastic S-matrix  @@      0.00  0   0 F  0
 Reaction Xsec    19.0-/20 @ 3 =   0.000#, Out:   0.000#   0.000#   0.000f

   S-matrix    4 =    1.00000   0.00000 for L=   20, J=   20.5 channel on core I =   1.5 from L=   20,  Acc. loss =  0.0 D.
 Elastic phase shift   4 =    0.000   0.000 deg. for the L =   20, J =   20.5 channel.
      19.0  1.00000000  0.00000000i: elastic S-matrix  @@      0.02  0   0 F  0
 Reaction Xsec    19.0-/20 @ 4 =   0.000#, Out:   0.000#   0.000#  -0.000f


 Total SPIN, PARITY =    20.0 +,      5 chs,      0 cc.  Rmin & Coul turning =    1.6   34.1
   S-matrix    1 =    1.00000  -0.00000 for L=   19, J=   18.5 channel on core I =   1.5 from L=   19,  Acc. loss =  0.0 D.
 Elastic phase shift   1 =   -0.000  -0.000 deg. for the L =   19, J =   18.5 channel.
      20.0  1.00000000 -0.00000000i: elastic S-matrix  @@      0.02  0   0 F  0
 Reaction Xsec    20.0+/19 @ 1 =  -0.000#, Out:   0.000#   0.000#  -0.000f

   S-matrix    2 =    1.00000  -0.00000 for L=   19, J=   19.5 channel on core I =   1.5 from L=   19,  Acc. loss =  0.0 D.
 Elastic phase shift   2 =   -0.000   0.000 deg. for the L =   19, J =   19.5 channel.
      20.0  1.00000000 -0.00000000i: elastic S-matrix  @@      0.00  0   0 F  0
 Reaction Xsec    20.0+/19 @ 2 =   0.000#, Out:   0.000#   0.000#   0.000f

   S-matrix    3 =    1.00000   0.00000 for L=   21, J=   20.5 channel on core I =   1.5 from L=   21,  Acc. loss =  0.0 D.
 Elastic phase shift   3 =    0.000   0.000 deg. for the L =   21, J =   20.5 channel.
      20.0  1.00000000  0.00000000i: elastic S-matrix  @@      0.00  0   0 F  0
 Reaction Xsec    20.0+/21 @ 3 =   0.000#, Out:   0.000#   0.000#  -0.000f

   S-matrix    4 =    1.00000   0.00000 for L=   21, J=   21.5 channel on core I =   1.5 from L=   21,  Acc. loss =  0.0 D.
 Elastic phase shift   4 =    0.000   0.000 deg. for the L =   21, J =   21.5 channel.
      20.0  1.00000000  0.00000000i: elastic S-matrix  @@      0.02  0   0 F  0
 Reaction Xsec    20.0+/21 @ 4 =   0.000#, Out:   0.000#   0.000#   0.000f


 Total SPIN, PARITY =    20.0 -,      4 chs,      0 cc.  Rmin & Coul turning =    1.6   34.1
   S-matrix    1 =    1.00000  -0.00000 for L=   18, J=   18.5 channel on core I =   1.5 from L=   18,  Acc. loss =  0.0 D.
 Elastic phase shift   1 =   -0.000   0.000 deg. for the L =   18, J =   18.5 channel.
      20.0  1.00000000 -0.00000000i: elastic S-matrix  @@      0.00  0   0 F  0
 Reaction Xsec    20.0-/18 @ 1 =   0.000#, Out:   0.000#   0.000#   0.000f

   S-matrix    2 =    1.00000   0.00000 for L=   20, J=   19.5 channel on core I =   1.5 from L=   20,  Acc. loss =  0.0 D.
 Elastic phase shift   2 =    0.000   0.000 deg. for the L =   20, J =   19.5 channel.
      20.0  1.00000000  0.00000000i: elastic S-matrix  @@      0.00  0   0 F  0
 Reaction Xsec    20.0-/20 @ 2 =   0.000#, Out:   0.000#   0.000#   0.000f

   S-matrix    3 =    1.00000   0.00000 for L=   20, J=   20.5 channel on core I =   1.5 from L=   20,  Acc. loss =  0.0 D.
 Elastic phase shift   3 =    0.000   0.000 deg. for the L =   20, J =   20.5 channel.
      20.0  1.00000000  0.00000000i: elastic S-matrix  @@      0.00  0   0 F  0
 Reaction Xsec    20.0-/20 @ 3 =   0.000#, Out:   0.000#   0.000#   0.000f

   S-matrix    4 =    1.00000   0.00000 for L=   22, J=   21.5 channel on core I =   1.5 from L=   22,  Acc. loss =  0.0 D.
 Elastic phase shift   4 =    0.000   0.000 deg. for the L =   22, J =   21.5 channel.
      20.0  1.00000000  0.00000000i: elastic S-matrix  @@      0.00  0   0 F  0
 Reaction Xsec    20.0-/22 @ 4 =   0.000#, Out:   0.000#   0.000#   0.000f


 Total SPIN, PARITY =    21.0 +,      4 chs,      0 cc.  Rmin & Coul turning =    1.7   35.7
   S-matrix    1 =    1.00000  -0.00000 for L=   19, J=   19.5 channel on core I =   1.5 from L=   19,  Acc. loss =  0.0 D.
 Elastic phase shift   1 =   -0.000   0.000 deg. for the L =   19, J =   19.5 channel.
      21.0  1.00000000 -0.00000000i: elastic S-matrix  @@      0.00  0   0 F  0
 Reaction Xsec    21.0+/19 @ 1 =   0.000#, Out:   0.000#   0.000#   0.000f

   S-matrix    2 =    1.00000   0.00000 for L=   21, J=   20.5 channel on core I =   1.5 from L=   21,  Acc. loss =  0.0 D.
 Elastic phase shift   2 =    0.000   0.000 deg. for the L =   21, J =   20.5 channel.
      21.0  1.00000000  0.00000000i: elastic S-matrix  @@      0.00  0   0 F  0
 Reaction Xsec    21.0+/21 @ 2 =   0.000#, Out:   0.000#   0.000#   0.000f

   S-matrix    3 =    1.00000   0.00000 for L=   21, J=   21.5 channel on core I =   1.5 from L=   21,  Acc. loss =  0.0 D.
 Elastic phase shift   3 =    0.000   0.000 deg. for the L =   21, J =   21.5 channel.
      21.0  1.00000000  0.00000000i: elastic S-matrix  @@      0.00  0   0 F  0
 Reaction Xsec    21.0+/21 @ 3 =   0.000#, Out:   0.000#   0.000#   0.000f

   S-matrix    4 =    1.00000   0.00000 for L=   23, J=   22.5 channel on core I =   1.5 from L=   23,  Acc. loss =  0.0 D.
 Elastic phase shift   4 =    0.000  -0.000 deg. for the L =   23, J =   22.5 channel.
      21.0  1.00000000  0.00000000i: elastic S-matrix  @@      0.00  0   0 F  0
 Reaction Xsec    21.0+/23 @ 4 =  -0.000#, Out:   0.000#   0.000#  -0.000f


 Total SPIN, PARITY =    21.0 -,      5 chs,      0 cc.  Rmin & Coul turning =    1.7   35.7
   S-matrix    1 =    1.00000   0.00000 for L=   20, J=   19.5 channel on core I =   1.5 from L=   20,  Acc. loss =  0.0 D.
 Elastic phase shift   1 =    0.000   0.000 deg. for the L =   20, J =   19.5 channel.
      21.0  1.00000000  0.00000000i: elastic S-matrix  @@      0.02  0   0 F  0
 Reaction Xsec    21.0-/20 @ 1 =   0.000#, Out:   0.000#   0.000#   0.000f

   S-matrix    2 =    1.00000   0.00000 for L=   20, J=   20.5 channel on core I =   1.5 from L=   20,  Acc. loss =  0.0 D.
 Elastic phase shift   2 =    0.000  -0.000 deg. for the L =   20, J =   20.5 channel.
      21.0  1.00000000  0.00000000i: elastic S-matrix  @@      0.00  0   0 F  0
 Reaction Xsec    21.0-/20 @ 2 =  -0.000#, Out:   0.000#   0.000#  -0.000f

   S-matrix    3 =    1.00000   0.00000 for L=   22, J=   21.5 channel on core I =   1.5 from L=   22,  Acc. loss =  0.0 D.
 Elastic phase shift   3 =    0.000   0.000 deg. for the L =   22, J =   21.5 channel.
      21.0  1.00000000  0.00000000i: elastic S-matrix  @@      0.00  0   0 F  0
 Reaction Xsec    21.0-/22 @ 3 =   0.000#, Out:   0.000#   0.000#   0.000f

   S-matrix    4 =    1.00000   0.00000 for L=   22, J=   22.5 channel on core I =   1.5 from L=   22,  Acc. loss =  0.0 D.
 Elastic phase shift   4 =    0.000  -0.000 deg. for the L =   22, J =   22.5 channel.
      21.0  1.00000000  0.00000000i: elastic S-matrix  @@      0.02  0   0 F  0
 Reaction Xsec    21.0-/22 @ 4 =  -0.000#, Out:   0.000#   0.000#  -0.000f


 Total SPIN, PARITY =    22.0 +,      5 chs,      0 cc.  Rmin & Coul turning =    1.8   37.4
   S-matrix    1 =    1.00000   0.00000 for L=   21, J=   20.5 channel on core I =   1.5 from L=   21,  Acc. loss =  0.0 D.
 Elastic phase shift   1 =    0.000   0.000 deg. for the L =   21, J =   20.5 channel.
      22.0  1.00000000  0.00000000i: elastic S-matrix  @@      0.02  0   0 F  0
 Reaction Xsec    22.0+/21 @ 1 =   0.000#, Out:   0.000#   0.000#  -0.000f

   S-matrix    2 =    1.00000   0.00000 for L=   21, J=   21.5 channel on core I =   1.5 from L=   21,  Acc. loss =  0.0 D.
 Elastic phase shift   2 =    0.000   0.000 deg. for the L =   21, J =   21.5 channel.
      22.0  1.00000000  0.00000000i: elastic S-matrix  @@      0.00  0   0 F  0
 Reaction Xsec    22.0+/21 @ 2 =   0.000#, Out:   0.000#   0.000#  -0.000f

   S-matrix    3 =    1.00000   0.00000 for L=   23, J=   22.5 channel on core I =   1.5 from L=   23,  Acc. loss =  0.0 D.
 Elastic phase shift   3 =    0.000  -0.000 deg. for the L =   23, J =   22.5 channel.
      22.0  1.00000000  0.00000000i: elastic S-matrix  @@      0.00  0   0 F  0
 Reaction Xsec    22.0+/23 @ 3 =  -0.000#, Out:   0.000#   0.000#  -0.000f

   S-matrix    4 =    1.00000   0.00000 for L=   23, J=   23.5 channel on core I =   1.5 from L=   23,  Acc. loss =  0.0 D.
 Elastic phase shift   4 =    0.000  -0.000 deg. for the L =   23, J =   23.5 channel.
      22.0  1.00000000  0.00000000i: elastic S-matrix  @@      0.02  0   0 F  0
 Reaction Xsec    22.0+/23 @ 4 =  -0.000#, Out:   0.000#   0.000#  -0.000f


 Total SPIN, PARITY =    22.0 -,      4 chs,      0 cc.  Rmin & Coul turning =    1.8   37.4
   S-matrix    1 =    1.00000   0.00000 for L=   20, J=   20.5 channel on core I =   1.5 from L=   20,  Acc. loss =  0.0 D.
 Elastic phase shift   1 =    0.000  -0.000 deg. for the L =   20, J =   20.5 channel.
      22.0  1.00000000  0.00000000i: elastic S-matrix  @@      0.00  0   0 F  0
 Reaction Xsec    22.0-/20 @ 1 =  -0.000#, Out:   0.000#   0.000#  -0.000f

   S-matrix    2 =    1.00000   0.00000 for L=   22, J=   21.5 channel on core I =   1.5 from L=   22,  Acc. loss =  0.0 D.
 Elastic phase shift   2 =    0.000   0.000 deg. for the L =   22, J =   21.5 channel.
      22.0  1.00000000  0.00000000i: elastic S-matrix  @@      0.00  0   0 F  0
 Reaction Xsec    22.0-/22 @ 2 =   0.000#, Out:   0.000#   0.000#   0.000f

   S-matrix    3 =    1.00000   0.00000 for L=   22, J=   22.5 channel on core I =   1.5 from L=   22,  Acc. loss =  0.0 D.
 Elastic phase shift   3 =    0.000   0.000 deg. for the L =   22, J =   22.5 channel.
      22.0  1.00000000  0.00000000i: elastic S-matrix  @@      0.00  0   0 F  0
 Reaction Xsec    22.0-/22 @ 3 =   0.000#, Out:   0.000#   0.000#   0.000f

   S-matrix    4 =    1.00000   0.00000 for L=   24, J=   23.5 channel on core I =   1.5 from L=   24,  Acc. loss =  0.0 D.
 Elastic phase shift   4 =    0.000   0.000 deg. for the L =   24, J =   23.5 channel.
      22.0  1.00000000  0.00000000i: elastic S-matrix  @@      0.00  0   0 F  0
 Reaction Xsec    22.0-/24 @ 4 =   0.000#, Out:   0.000#   0.000#   0.000f


 Total SPIN, PARITY =    23.0 +,      4 chs,      0 cc.  Rmin & Coul turning =    1.8   39.0
   S-matrix    1 =    1.00000   0.00000 for L=   21, J=   21.5 channel on core I =   1.5 from L=   21,  Acc. loss =  0.0 D.
 Elastic phase shift   1 =    0.000   0.000 deg. for the L =   21, J =   21.5 channel.
      23.0  1.00000000  0.00000000i: elastic S-matrix  @@      0.00  0   0 F  0
 Reaction Xsec    23.0+/21 @ 1 =   0.000#, Out:   0.000#   0.000#   0.000f

   S-matrix    2 =    1.00000   0.00000 for L=   23, J=   22.5 channel on core I =   1.5 from L=   23,  Acc. loss =  0.0 D.
 Elastic phase shift   2 =    0.000   0.000 deg. for the L =   23, J =   22.5 channel.
      23.0  1.00000000  0.00000000i: elastic S-matrix  @@      0.00  0   0 F  0
 Reaction Xsec    23.0+/23 @ 2 =   0.000#, Out:   0.000#   0.000#   0.000f

   S-matrix    3 =    1.00000   0.00000 for L=   23, J=   23.5 channel on core I =   1.5 from L=   23,  Acc. loss =  0.0 D.
 Elastic phase shift   3 =    0.000  -0.000 deg. for the L =   23, J =   23.5 channel.
      23.0  1.00000000  0.00000000i: elastic S-matrix  @@      0.00  0   0 F  0
 Reaction Xsec    23.0+/23 @ 3 =  -0.000#, Out:   0.000#   0.000#  -0.000f

   S-matrix    4 =    1.00000   0.00000 for L=   25, J=   24.5 channel on core I =   1.5 from L=   25,  Acc. loss =  0.0 D.
 Elastic phase shift   4 =    0.000  -0.000 deg. for the L =   25, J =   24.5 channel.
      23.0  1.00000000  0.00000000i: elastic S-matrix  @@      0.00  0   0 F  0
 Reaction Xsec    23.0+/25 @ 4 =  -0.000#, Out:   0.000#   0.000#  -0.000f


 Total SPIN, PARITY =    23.0 -,      5 chs,      0 cc.  Rmin & Coul turning =    1.8   39.0
   S-matrix    1 =    1.00000   0.00000 for L=   22, J=   21.5 channel on core I =   1.5 from L=   22,  Acc. loss =  0.0 D.
 Elastic phase shift   1 =    0.000   0.000 deg. for the L =   22, J =   21.5 channel.
      23.0  1.00000000  0.00000000i: elastic S-matrix  @@      0.02  0   0 F  0
 Reaction Xsec    23.0-/22 @ 1 =   0.000#, Out:   0.000#   0.000#   0.000f

   S-matrix    2 =    1.00000   0.00000 for L=   22, J=   22.5 channel on core I =   1.5 from L=   22,  Acc. loss =  0.0 D.
 Elastic phase shift   2 =    0.000  -0.000 deg. for the L =   22, J =   22.5 channel.
      23.0  1.00000000  0.00000000i: elastic S-matrix  @@      0.00  0   0 F  0
 Reaction Xsec    23.0-/22 @ 2 =  -0.000#, Out:   0.000#   0.000#  -0.000f

   S-matrix    3 =    1.00000   0.00000 for L=   24, J=   23.5 channel on core I =   1.5 from L=   24,  Acc. loss =  0.0 D.
 Elastic phase shift   3 =    0.000   0.000 deg. for the L =   24, J =   23.5 channel.
      23.0  1.00000000  0.00000000i: elastic S-matrix  @@      0.00  0   0 F  0
 Reaction Xsec    23.0-/24 @ 3 =   0.000#, Out:   0.000#   0.000#  -0.000f

   S-matrix    4 =    1.00000   0.00000 for L=   24, J=   24.5 channel on core I =   1.5 from L=   24,  Acc. loss =  0.0 D.
 Elastic phase shift   4 =    0.000  -0.000 deg. for the L =   24, J =   24.5 channel.
      23.0  1.00000000  0.00000000i: elastic S-matrix  @@      0.02  0   0 F  0
 Reaction Xsec    23.0-/24 @ 4 =  -0.000#, Out:   0.000#   0.000#  -0.000f


 Total SPIN, PARITY =    24.0 +,      5 chs,      0 cc.  Rmin & Coul turning =    1.9   40.7
   S-matrix    1 =    1.00000   0.00000 for L=   23, J=   22.5 channel on core I =   1.5 from L=   23,  Acc. loss =  0.0 D.
 Elastic phase shift   1 =    0.000  -0.000 deg. for the L =   23, J =   22.5 channel.
      24.0  1.00000000  0.00000000i: elastic S-matrix  @@      0.02  0   0 F  0
 Reaction Xsec    24.0+/23 @ 1 =  -0.000#, Out:   0.000#   0.000#  -0.000f

   S-matrix    2 =    1.00000   0.00000 for L=   23, J=   23.5 channel on core I =   1.5 from L=   23,  Acc. loss =  0.0 D.
 Elastic phase shift   2 =    0.000  -0.000 deg. for the L =   23, J =   23.5 channel.
      24.0  1.00000000  0.00000000i: elastic S-matrix  @@      0.00  0   0 F  0
 Reaction Xsec    24.0+/23 @ 2 =  -0.000#, Out:   0.000#   0.000#  -0.000f

   S-matrix    3 =    1.00000   0.00000 for L=   25, J=   24.5 channel on core I =   1.5 from L=   25,  Acc. loss =  0.0 D.
 Elastic phase shift   3 =    0.000  -0.000 deg. for the L =   25, J =   24.5 channel.
      24.0  1.00000000  0.00000000i: elastic S-matrix  @@      0.00  0   0 F  0
 Reaction Xsec    24.0+/25 @ 3 =  -0.000#, Out:   0.000#   0.000#  -0.000f

   S-matrix    4 =    1.00000   0.00000 for L=   25, J=   25.5 channel on core I =   1.5 from L=   25,  Acc. loss =  0.0 D.
 Elastic phase shift   4 =    0.000   0.000 deg. for the L =   25, J =   25.5 channel.
      24.0  1.00000000  0.00000000i: elastic S-matrix  @@      0.02  0   0 F  0
 Reaction Xsec    24.0+/25 @ 4 =   0.000#, Out:   0.000#   0.000#  -0.000f


 Total SPIN, PARITY =    24.0 -,      4 chs,      0 cc.  Rmin & Coul turning =    1.9   40.7
   S-matrix    1 =    1.00000   0.00000 for L=   22, J=   22.5 channel on core I =   1.5 from L=   22,  Acc. loss =  0.0 D.
 Elastic phase shift   1 =    0.000  -0.000 deg. for the L =   22, J =   22.5 channel.
      24.0  1.00000000  0.00000000i: elastic S-matrix  @@      0.00  0   0 F  0
 Reaction Xsec    24.0-/22 @ 1 =  -0.000#, Out:   0.000#   0.000#  -0.000f

   S-matrix    2 =    1.00000   0.00000 for L=   24, J=   23.5 channel on core I =   1.5 from L=   24,  Acc. loss =  0.0 D.
 Elastic phase shift   2 =    0.000  -0.000 deg. for the L =   24, J =   23.5 channel.
      24.0  1.00000000  0.00000000i: elastic S-matrix  @@      0.00  0   0 F  0
 Reaction Xsec    24.0-/24 @ 2 =  -0.000#, Out:   0.000#   0.000#  -0.000f

   S-matrix    3 =    1.00000   0.00000 for L=   24, J=   24.5 channel on core I =   1.5 from L=   24,  Acc. loss =  0.0 D.
 Elastic phase shift   3 =    0.000  -0.000 deg. for the L =   24, J =   24.5 channel.
      24.0  1.00000000  0.00000000i: elastic S-matrix  @@      0.00  0   0 F  0
 Reaction Xsec    24.0-/24 @ 3 =  -0.000#, Out:   0.000#   0.000#  -0.000f

   S-matrix    4 =    1.00000   0.00000 for L=   26, J=   25.5 channel on core I =   1.5 from L=   26,  Acc. loss =  0.0 D.
 Elastic phase shift   4 =    0.000   0.000 deg. for the L =   26, J =   25.5 channel.
      24.0  1.00000000  0.00000000i: elastic S-matrix  @@      0.00  0   0 F  0
 Reaction Xsec    24.0-/26 @ 4 =   0.000#, Out:   0.000#   0.000#   0.000f


 Total SPIN, PARITY =    25.0 +,      4 chs,      0 cc.  Rmin & Coul turning =    2.0   42.3
   S-matrix    1 =    1.00000   0.00000 for L=   23, J=   23.5 channel on core I =   1.5 from L=   23,  Acc. loss =  0.0 D.
 Elastic phase shift   1 =    0.000   0.000 deg. for the L =   23, J =   23.5 channel.
      25.0  1.00000000  0.00000000i: elastic S-matrix  @@      0.00  0   0 F  0
 Reaction Xsec    25.0+/23 @ 1 =   0.000#, Out:   0.000#   0.000#   0.000f

   S-matrix    2 =    1.00000   0.00000 for L=   25, J=   24.5 channel on core I =   1.5 from L=   25,  Acc. loss =  0.0 D.
 Elastic phase shift   2 =    0.000  -0.000 deg. for the L =   25, J =   24.5 channel.
      25.0  1.00000000  0.00000000i: elastic S-matrix  @@      0.00  0   0 F  0
 Reaction Xsec    25.0+/25 @ 2 =  -0.000#, Out:   0.000#   0.000#  -0.000f

   S-matrix    3 =    1.00000   0.00000 for L=   25, J=   25.5 channel on core I =   1.5 from L=   25,  Acc. loss =  0.0 D.
 Elastic phase shift   3 =    0.000   0.000 deg. for the L =   25, J =   25.5 channel.
      25.0  1.00000000  0.00000000i: elastic S-matrix  @@      0.00  0   0 F  0
 Reaction Xsec    25.0+/25 @ 3 =   0.000#, Out:   0.000#   0.000#   0.000f

   S-matrix    4 =    1.00000   0.00000 for L=   27, J=   26.5 channel on core I =   1.5 from L=   27,  Acc. loss =  0.0 D.
 Elastic phase shift   4 =    0.000  -0.000 deg. for the L =   27, J =   26.5 channel.
      25.0  1.00000000  0.00000000i: elastic S-matrix  @@      0.00  0   0 F  0
 Reaction Xsec    25.0+/27 @ 4 =  -0.000#, Out:   0.000#   0.000#  -0.000f


 Total SPIN, PARITY =    25.0 -,      5 chs,      0 cc.  Rmin & Coul turning =    2.0   42.3
   S-matrix    1 =    1.00000   0.00000 for L=   24, J=   23.5 channel on core I =   1.5 from L=   24,  Acc. loss =  0.0 D.
 Elastic phase shift   1 =    0.000   0.000 deg. for the L =   24, J =   23.5 channel.
      25.0  1.00000000  0.00000000i: elastic S-matrix  @@      0.00  0   0 F  0
 Reaction Xsec    25.0-/24 @ 1 =   0.000#, Out:   0.000#   0.000#   0.000f

   S-matrix    2 =    1.00000   0.00000 for L=   24, J=   24.5 channel on core I =   1.5 from L=   24,  Acc. loss =  0.0 D.
 Elastic phase shift   2 =    0.000  -0.000 deg. for the L =   24, J =   24.5 channel.
      25.0  1.00000000  0.00000000i: elastic S-matrix  @@      0.02  0   0 F  0
 Reaction Xsec    25.0-/24 @ 2 =  -0.000#, Out:   0.000#   0.000#  -0.000f

   S-matrix    3 =    1.00000   0.00000 for L=   26, J=   25.5 channel on core I =   1.5 from L=   26,  Acc. loss =  0.0 D.
 Elastic phase shift   3 =    0.000   0.000 deg. for the L =   26, J =   25.5 channel.
      25.0  1.00000000  0.00000000i: elastic S-matrix  @@      0.00  0   0 F  0
 Reaction Xsec    25.0-/26 @ 3 =   0.000#, Out:   0.000#   0.000#   0.000f

   S-matrix    4 =    1.00000   0.00000 for L=   26, J=   26.5 channel on core I =   1.5 from L=   26,  Acc. loss =  0.0 D.
 Elastic phase shift   4 =    0.000   0.000 deg. for the L =   26, J =   26.5 channel.
      25.0  1.00000000  0.00000000i: elastic S-matrix  @@      0.00  0   0 F  0
 Reaction Xsec    25.0-/26 @ 4 =   0.000#, Out:   0.000#   0.000#   0.000f


 Total SPIN, PARITY =    26.0 +,      5 chs,      0 cc.  Rmin & Coul turning =    2.1   44.0
   S-matrix    1 =    1.00000   0.00000 for L=   25, J=   24.5 channel on core I =   1.5 from L=   25,  Acc. loss =  0.0 D.
 Elastic phase shift   1 =    0.000  -0.000 deg. for the L =   25, J =   24.5 channel.
      26.0  1.00000000  0.00000000i: elastic S-matrix  @@      0.02  0   0 F  0
 Reaction Xsec    26.0+/25 @ 1 =  -0.000#, Out:   0.000#   0.000#  -0.000f

   S-matrix    2 =    1.00000   0.00000 for L=   25, J=   25.5 channel on core I =   1.5 from L=   25,  Acc. loss =  0.0 D.
 Elastic phase shift   2 =    0.000   0.000 deg. for the L =   25, J =   25.5 channel.
      26.0  1.00000000  0.00000000i: elastic S-matrix  @@      0.02  0   0 F  0
 Reaction Xsec    26.0+/25 @ 2 =   0.000#, Out:   0.000#   0.000#   0.000f

   S-matrix    3 =    1.00000   0.00000 for L=   27, J=   26.5 channel on core I =   1.5 from L=   27,  Acc. loss =  0.0 D.
 Elastic phase shift   3 =    0.000   0.000 deg. for the L =   27, J =   26.5 channel.
      26.0  1.00000000  0.00000000i: elastic S-matrix  @@      0.00  0   0 F  0
 Reaction Xsec    26.0+/27 @ 3 =   0.000#, Out:   0.000#   0.000#  -0.000f

   S-matrix    4 =    1.00000   0.00000 for L=   27, J=   27.5 channel on core I =   1.5 from L=   27,  Acc. loss =  0.0 D.
 Elastic phase shift   4 =    0.000   0.000 deg. for the L =   27, J =   27.5 channel.
      26.0  1.00000000  0.00000000i: elastic S-matrix  @@      0.00  0   0 F  0
 Reaction Xsec    26.0+/27 @ 4 =   0.000#, Out:   0.000#   0.000#   0.000f


 Total SPIN, PARITY =    26.0 -,      4 chs,      0 cc.  Rmin & Coul turning =    2.1   44.0
   S-matrix    1 =    1.00000   0.00000 for L=   24, J=   24.5 channel on core I =   1.5 from L=   24,  Acc. loss =  0.0 D.
 Elastic phase shift   1 =    0.000  -0.000 deg. for the L =   24, J =   24.5 channel.
      26.0  1.00000000  0.00000000i: elastic S-matrix  @@      0.00  0   0 F  0
 Reaction Xsec    26.0-/24 @ 1 =  -0.000#, Out:   0.000#   0.000#  -0.000f

   S-matrix    2 =    1.00000   0.00000 for L=   26, J=   25.5 channel on core I =   1.5 from L=   26,  Acc. loss =  0.0 D.
 Elastic phase shift   2 =    0.000  -0.000 deg. for the L =   26, J =   25.5 channel.
      26.0  1.00000000  0.00000000i: elastic S-matrix  @@      0.00  0   0 F  0
 Reaction Xsec    26.0-/26 @ 2 =  -0.000#, Out:   0.000#   0.000#  -0.000f

   S-matrix    3 =    1.00000   0.00000 for L=   26, J=   26.5 channel on core I =   1.5 from L=   26,  Acc. loss =  0.0 D.
 Elastic phase shift   3 =    0.000  -0.000 deg. for the L =   26, J =   26.5 channel.
      26.0  1.00000000  0.00000000i: elastic S-matrix  @@      0.00  0   0 F  0
 Reaction Xsec    26.0-/26 @ 3 =  -0.000#, Out:   0.000#   0.000#  -0.000f

   S-matrix    4 =    1.00000   0.00000 for L=   28, J=   27.5 channel on core I =   1.5 from L=   28,  Acc. loss =  0.0 D.
 Elastic phase shift   4 =    0.000   0.000 deg. for the L =   28, J =   27.5 channel.
      26.0  1.00000000  0.00000000i: elastic S-matrix  @@      0.00  0   0 F  0
 Reaction Xsec    26.0-/28 @ 4 =   0.000#, Out:   0.000#   0.000#   0.000f


 Total SPIN, PARITY =    27.0 +,      4 chs,      0 cc.  Rmin & Coul turning =    2.1   45.6
   S-matrix    1 =    1.00000   0.00000 for L=   25, J=   25.5 channel on core I =   1.5 from L=   25,  Acc. loss =  0.0 D.
 Elastic phase shift   1 =    0.000   0.000 deg. for the L =   25, J =   25.5 channel.
      27.0  1.00000000  0.00000000i: elastic S-matrix  @@      0.00  0   0 F  0
 Reaction Xsec    27.0+/25 @ 1 =   0.000#, Out:   0.000#   0.000#   0.000f

   S-matrix    2 =    1.00000   0.00000 for L=   27, J=   26.5 channel on core I =   1.5 from L=   27,  Acc. loss =  0.0 D.
 Elastic phase shift   2 =    0.000   0.000 deg. for the L =   27, J =   26.5 channel.
      27.0  1.00000000  0.00000000i: elastic S-matrix  @@      0.00  0   0 F  0
 Reaction Xsec    27.0+/27 @ 2 =   0.000#, Out:   0.000#   0.000#   0.000f

   S-matrix    3 =    1.00000   0.00000 for L=   27, J=   27.5 channel on core I =   1.5 from L=   27,  Acc. loss =  0.0 D.
 Elastic phase shift   3 =    0.000   0.000 deg. for the L =   27, J =   27.5 channel.
      27.0  1.00000000  0.00000000i: elastic S-matrix  @@      0.00  0   0 F  0
 Reaction Xsec    27.0+/27 @ 3 =   0.000#, Out:   0.000#   0.000#   0.000f

   S-matrix    4 =    1.00000   0.00000 for L=   29, J=   28.5 channel on core I =   1.5 from L=   29,  Acc. loss =  0.0 D.
 Elastic phase shift   4 =    0.000  -0.000 deg. for the L =   29, J =   28.5 channel.
      27.0  1.00000000  0.00000000i: elastic S-matrix  @@      0.00  0   0 F  0
 Reaction Xsec    27.0+/29 @ 4 =  -0.000#, Out:   0.000#   0.000#  -0.000f


 Total SPIN, PARITY =    27.0 -,      5 chs,      0 cc.  Rmin & Coul turning =    2.1   45.6
   S-matrix    1 =    1.00000   0.00000 for L=   26, J=   25.5 channel on core I =   1.5 from L=   26,  Acc. loss =  0.0 D.
 Elastic phase shift   1 =    0.000  -0.000 deg. for the L =   26, J =   25.5 channel.
      27.0  1.00000000  0.00000000i: elastic S-matrix  @@      0.02  0   0 F  0
 Reaction Xsec    27.0-/26 @ 1 =  -0.000#, Out:   0.000#   0.000#  -0.000f

   S-matrix    2 =    1.00000   0.00000 for L=   26, J=   26.5 channel on core I =   1.5 from L=   26,  Acc. loss =  0.0 D.
 Elastic phase shift   2 =    0.000   0.000 deg. for the L =   26, J =   26.5 channel.
      27.0  1.00000000  0.00000000i: elastic S-matrix  @@      0.02  0   0 F  0
 Reaction Xsec    27.0-/26 @ 2 =   0.000#, Out:   0.000#   0.000#  -0.000f

   S-matrix    3 =    1.00000   0.00000 for L=   28, J=   27.5 channel on core I =   1.5 from L=   28,  Acc. loss =  0.0 D.
 Elastic phase shift   3 =    0.000   0.000 deg. for the L =   28, J =   27.5 channel.
      27.0  1.00000000  0.00000000i: elastic S-matrix  @@      0.00  0   0 F  0
 Reaction Xsec    27.0-/28 @ 3 =   0.000#, Out:   0.000#   0.000#   0.000f

   S-matrix    4 =    1.00000   0.00000 for L=   28, J=   28.5 channel on core I =   1.5 from L=   28,  Acc. loss =  0.0 D.
 Elastic phase shift   4 =    0.000   0.000 deg. for the L =   28, J =   28.5 channel.
      27.0  1.00000000  0.00000000i: elastic S-matrix  @@      0.00  0   0 F  0
 Reaction Xsec    27.0-/28 @ 4 =   0.000#, Out:   0.000#   0.000#  -0.000f


 Total SPIN, PARITY =    28.0 +,      5 chs,      0 cc.  Rmin & Coul turning =    2.2   47.3
   S-matrix    1 =    1.00000   0.00000 for L=   27, J=   26.5 channel on core I =   1.5 from L=   27,  Acc. loss =  0.0 D.
 Elastic phase shift   1 =    0.000  -0.000 deg. for the L =   27, J =   26.5 channel.
      28.0  1.00000000  0.00000000i: elastic S-matrix  @@      0.02  0   0 F  0
 Reaction Xsec    28.0+/27 @ 1 =  -0.000#, Out:   0.000#   0.000#  -0.000f

   S-matrix    2 =    1.00000   0.00000 for L=   27, J=   27.5 channel on core I =   1.5 from L=   27,  Acc. loss =  0.0 D.
 Elastic phase shift   2 =    0.000   0.000 deg. for the L =   27, J =   27.5 channel.
      28.0  1.00000000  0.00000000i: elastic S-matrix  @@      0.02  0   0 F  0
 Reaction Xsec    28.0+/27 @ 2 =   0.000#, Out:   0.000#   0.000#   0.000f

   S-matrix    3 =    1.00000   0.00000 for L=   29, J=   28.5 channel on core I =   1.5 from L=   29,  Acc. loss =  0.0 D.
 Elastic phase shift   3 =    0.000   0.000 deg. for the L =   29, J =   28.5 channel.
      28.0  1.00000000  0.00000000i: elastic S-matrix  @@      0.00  0   0 F  0
 Reaction Xsec    28.0+/29 @ 3 =   0.000#, Out:   0.000#   0.000#   0.000f

   S-matrix    4 =    1.00000   0.00000 for L=   29, J=   29.5 channel on core I =   1.5 from L=   29,  Acc. loss =  0.0 D.
 Elastic phase shift   4 =    0.000  -0.000 deg. for the L =   29, J =   29.5 channel.
      28.0  1.00000000  0.00000000i: elastic S-matrix  @@      0.00  0   0 F  0
 Reaction Xsec    28.0+/29 @ 4 =  -0.000#, Out:   0.000#   0.000#  -0.000f


 Total SPIN, PARITY =    28.0 -,      4 chs,      0 cc.  Rmin & Coul turning =    2.2   47.3
   S-matrix    1 =    1.00000   0.00000 for L=   26, J=   26.5 channel on core I =   1.5 from L=   26,  Acc. loss =  0.0 D.
 Elastic phase shift   1 =    0.000   0.000 deg. for the L =   26, J =   26.5 channel.
      28.0  1.00000000  0.00000000i: elastic S-matrix  @@      0.00  0   0 F  0
 Reaction Xsec    28.0-/26 @ 1 =   0.000#, Out:   0.000#   0.000#   0.000f

   S-matrix    2 =    1.00000   0.00000 for L=   28, J=   27.5 channel on core I =   1.5 from L=   28,  Acc. loss =  0.0 D.
 Elastic phase shift   2 =    0.000   0.000 deg. for the L =   28, J =   27.5 channel.
      28.0  1.00000000  0.00000000i: elastic S-matrix  @@      0.00  0   0 F  0
 Reaction Xsec    28.0-/28 @ 2 =   0.000#, Out:   0.000#   0.000#   0.000f

   S-matrix    3 =    1.00000   0.00000 for L=   28, J=   28.5 channel on core I =   1.5 from L=   28,  Acc. loss =  0.0 D.
 Elastic phase shift   3 =    0.000  -0.000 deg. for the L =   28, J =   28.5 channel.
      28.0  1.00000000  0.00000000i: elastic S-matrix  @@      0.00  0   0 F  0
 Reaction Xsec    28.0-/28 @ 3 =  -0.000#, Out:   0.000#   0.000#  -0.000f

   S-matrix    4 =    1.00000  -0.00000 for L=   30, J=   29.5 channel on core I =   1.5 from L=   30,  Acc. loss =  0.0 D.
 Elastic phase shift   4 =   -0.000  -0.000 deg. for the L =   30, J =   29.5 channel.
      28.0  1.00000000 -0.00000000i: elastic S-matrix  @@      0.00  0   0 F  0
 Reaction Xsec    28.0-/30 @ 4 =  -0.000#, Out:   0.000#   0.000#  -0.000f


 Total SPIN, PARITY =    29.0 +,      4 chs,      0 cc.  Rmin & Coul turning =    2.3   48.9
   S-matrix    1 =    1.00000   0.00000 for L=   27, J=   27.5 channel on core I =   1.5 from L=   27,  Acc. loss =  0.0 D.
 Elastic phase shift   1 =    0.000   0.000 deg. for the L =   27, J =   27.5 channel.
      29.0  1.00000000  0.00000000i: elastic S-matrix  @@      0.00  0   0 F  0
 Reaction Xsec    29.0+/27 @ 1 =   0.000#, Out:   0.000#   0.000#   0.000f

   S-matrix    2 =    1.00000   0.00000 for L=   29, J=   28.5 channel on core I =   1.5 from L=   29,  Acc. loss =  0.0 D.
 Elastic phase shift   2 =    0.000   0.000 deg. for the L =   29, J =   28.5 channel.
      29.0  1.00000000  0.00000000i: elastic S-matrix  @@      0.00  0   0 F  0
 Reaction Xsec    29.0+/29 @ 2 =   0.000#, Out:   0.000#   0.000#   0.000f

   S-matrix    3 =    1.00000   0.00000 for L=   29, J=   29.5 channel on core I =   1.5 from L=   29,  Acc. loss =  0.0 D.
 Elastic phase shift   3 =    0.000  -0.000 deg. for the L =   29, J =   29.5 channel.
      29.0  1.00000000  0.00000000i: elastic S-matrix  @@      0.00  0   0 F  0
 Reaction Xsec    29.0+/29 @ 3 =  -0.000#, Out:   0.000#   0.000#  -0.000f

   S-matrix    4 =    1.00000   0.00000 for L=   31, J=   30.5 channel on core I =   1.5 from L=   31,  Acc. loss =  0.0 D.
 Elastic phase shift   4 =    0.000   0.000 deg. for the L =   31, J =   30.5 channel.
      29.0  1.00000000  0.00000000i: elastic S-matrix  @@      0.00  0   0 F  0
 Reaction Xsec    29.0+/31 @ 4 =   0.000#, Out:   0.000#   0.000#   0.000f


 Total SPIN, PARITY =    29.0 -,      5 chs,      0 cc.  Rmin & Coul turning =    2.3   48.9
   S-matrix    1 =    1.00000   0.00000 for L=   28, J=   27.5 channel on core I =   1.5 from L=   28,  Acc. loss =  0.0 D.
 Elastic phase shift   1 =    0.000   0.000 deg. for the L =   28, J =   27.5 channel.
      29.0  1.00000000  0.00000000i: elastic S-matrix  @@      0.02  0   0 F  0
 Reaction Xsec    29.0-/28 @ 1 =   0.000#, Out:   0.000#   0.000#  -0.000f

   S-matrix    2 =    1.00000   0.00000 for L=   28, J=   28.5 channel on core I =   1.5 from L=   28,  Acc. loss =  0.0 D.
 Elastic phase shift   2 =    0.000   0.000 deg. for the L =   28, J =   28.5 channel.
      29.0  1.00000000  0.00000000i: elastic S-matrix  @@      0.02  0   0 F  0
 Reaction Xsec    29.0-/28 @ 2 =   0.000#, Out:   0.000#   0.000#  -0.000f

   S-matrix    3 =    1.00000   0.00000 for L=   30, J=   29.5 channel on core I =   1.5 from L=   30,  Acc. loss =  0.0 D.
 Elastic phase shift   3 =    0.000   0.000 deg. for the L =   30, J =   29.5 channel.
      29.0  1.00000000  0.00000000i: elastic S-matrix  @@      0.00  0   0 F  0
 Reaction Xsec    29.0-/30 @ 3 =   0.000#, Out:   0.000#   0.000#   0.000f

   S-matrix    4 =    1.00000   0.00000 for L=   30, J=   30.5 channel on core I =   1.5 from L=   30,  Acc. loss =  0.0 D.
 Elastic phase shift   4 =    0.000  -0.000 deg. for the L =   30, J =   30.5 channel.
      29.0  1.00000000  0.00000000i: elastic S-matrix  @@      0.00  0   0 F  0
 Reaction Xsec    29.0-/30 @ 4 =  -0.000#, Out:   0.000#   0.000#  -0.000f


 Total SPIN, PARITY =    30.0 +,      5 chs,      0 cc.  Rmin & Coul turning =    2.4   50.6
   S-matrix    1 =    1.00000   0.00000 for L=   29, J=   28.5 channel on core I =   1.5 from L=   29,  Acc. loss =  0.0 D.
 Elastic phase shift   1 =    0.000   0.000 deg. for the L =   29, J =   28.5 channel.
      30.0  1.00000000  0.00000000i: elastic S-matrix  @@      0.02  0   0 F  0
 Reaction Xsec    30.0+/29 @ 1 =   0.000#, Out:   0.000#   0.000#   0.000f

   S-matrix    2 =    1.00000   0.00000 for L=   29, J=   29.5 channel on core I =   1.5 from L=   29,  Acc. loss =  0.0 D.
 Elastic phase shift   2 =    0.000   0.000 deg. for the L =   29, J =   29.5 channel.
      30.0  1.00000000  0.00000000i: elastic S-matrix  @@      0.02  0   0 F  0
 Reaction Xsec    30.0+/29 @ 2 =   0.000#, Out:   0.000#   0.000#  -0.000f

   S-matrix    3 =    1.00000   0.00000 for L=   31, J=   30.5 channel on core I =   1.5 from L=   31,  Acc. loss =  0.0 D.
 Elastic phase shift   3 =    0.000  -0.000 deg. for the L =   31, J =   30.5 channel.
      30.0  1.00000000  0.00000000i: elastic S-matrix  @@      0.00  0   0 F  0
 Reaction Xsec    30.0+/31 @ 3 =  -0.000#, Out:   0.000#   0.000#  -0.000f

   S-matrix    4 =    1.00000   0.00000 for L=   31, J=   31.5 channel on core I =   1.5 from L=   31,  Acc. loss =  0.0 D.
 Elastic phase shift   4 =    0.000   0.000 deg. for the L =   31, J =   31.5 channel.
      30.0  1.00000000  0.00000000i: elastic S-matrix  @@      0.00  0   0 F  0
 Reaction Xsec    30.0+/31 @ 4 =   0.000#, Out:   0.000#   0.000#  -0.000f


 Total SPIN, PARITY =    30.0 -,      4 chs,      0 cc.  Rmin & Coul turning =    2.4   50.6
   S-matrix    1 =    1.00000   0.00000 for L=   28, J=   28.5 channel on core I =   1.5 from L=   28,  Acc. loss =  0.0 D.
 Elastic phase shift   1 =    0.000   0.000 deg. for the L =   28, J =   28.5 channel.
      30.0  1.00000000  0.00000000i: elastic S-matrix  @@      0.00  0   0 F  0
 Reaction Xsec    30.0-/28 @ 1 =   0.000#, Out:   0.000#   0.000#   0.000f

   S-matrix    2 =    1.00000  -0.00000 for L=   30, J=   29.5 channel on core I =   1.5 from L=   30,  Acc. loss =  0.0 D.
 Elastic phase shift   2 =   -0.000  -0.000 deg. for the L =   30, J =   29.5 channel.
      30.0  1.00000000 -0.00000000i: elastic S-matrix  @@      0.00  0   0 F  0
 Reaction Xsec    30.0-/30 @ 2 =  -0.000#, Out:   0.000#   0.000#  -0.000f

   S-matrix    3 =    1.00000   0.00000 for L=   30, J=   30.5 channel on core I =   1.5 from L=   30,  Acc. loss =  0.0 D.
 Elastic phase shift   3 =    0.000   0.000 deg. for the L =   30, J =   30.5 channel.
      30.0  1.00000000  0.00000000i: elastic S-matrix  @@      0.00  0   0 F  0
 Reaction Xsec    30.0-/30 @ 3 =   0.000#, Out:   0.000#   0.000#   0.000f

   S-matrix    4 =    1.00000   0.00000 for L=   32, J=   31.5 channel on core I =   1.5 from L=   32,  Acc. loss =  0.0 D.
 Elastic phase shift   4 =    0.000  -0.000 deg. for the L =   32, J =   31.5 channel.
      30.0  1.00000000  0.00000000i: elastic S-matrix  @@      0.00  0   0 F  0
 Reaction Xsec    30.0-/32 @ 4 =  -0.000#, Out:   0.000#   0.000#  -0.000f


 Total SPIN, PARITY =    31.0 +,      4 chs,      0 cc.  Rmin & Coul turning =    2.5   52.2
   S-matrix    1 =    1.00000   0.00000 for L=   29, J=   29.5 channel on core I =   1.5 from L=   29,  Acc. loss =  0.0 D.
 Elastic phase shift   1 =    0.000   0.000 deg. for the L =   29, J =   29.5 channel.
      31.0  1.00000000  0.00000000i: elastic S-matrix  @@      0.00  0   0 F  0
 Reaction Xsec    31.0+/29 @ 1 =   0.000#, Out:   0.000#   0.000#   0.000f

   S-matrix    2 =    1.00000   0.00000 for L=   31, J=   30.5 channel on core I =   1.5 from L=   31,  Acc. loss =  0.0 D.
 Elastic phase shift   2 =    0.000   0.000 deg. for the L =   31, J =   30.5 channel.
      31.0  1.00000000  0.00000000i: elastic S-matrix  @@      0.00  0   0 F  0
 Reaction Xsec    31.0+/31 @ 2 =   0.000#, Out:   0.000#   0.000#   0.000f

   S-matrix    3 =    1.00000   0.00000 for L=   31, J=   31.5 channel on core I =   1.5 from L=   31,  Acc. loss =  0.0 D.
 Elastic phase shift   3 =    0.000  -0.000 deg. for the L =   31, J =   31.5 channel.
      31.0  1.00000000  0.00000000i: elastic S-matrix  @@      0.00  0   0 F  0
 Reaction Xsec    31.0+/31 @ 3 =  -0.000#, Out:   0.000#   0.000#  -0.000f

   S-matrix    4 =    1.00000  -0.00000 for L=   33, J=   32.5 channel on core I =   1.5 from L=   33,  Acc. loss =  0.0 D.
 Elastic phase shift   4 =   -0.000   0.000 deg. for the L =   33, J =   32.5 channel.
      31.0  1.00000000 -0.00000000i: elastic S-matrix  @@      0.00  0   0 F  0
 Reaction Xsec    31.0+/33 @ 4 =   0.000#, Out:   0.000#   0.000#   0.000f


 Total SPIN, PARITY =    31.0 -,      5 chs,      0 cc.  Rmin & Coul turning =    2.5   52.2
   S-matrix    1 =    1.00000   0.00000 for L=   30, J=   29.5 channel on core I =   1.5 from L=   30,  Acc. loss =  0.0 D.
 Elastic phase shift   1 =    0.000   0.000 deg. for the L =   30, J =   29.5 channel.
      31.0  1.00000000  0.00000000i: elastic S-matrix  @@      0.02  0   0 F  0
 Reaction Xsec    31.0-/30 @ 1 =   0.000#, Out:   0.000#   0.000#  -0.000f

   S-matrix    2 =    1.00000  -0.00000 for L=   30, J=   30.5 channel on core I =   1.5 from L=   30,  Acc. loss =  0.0 D.
 Elastic phase shift   2 =   -0.000  -0.000 deg. for the L =   30, J =   30.5 channel.
      31.0  1.00000000 -0.00000000i: elastic S-matrix  @@      0.02  0   0 F  0
 Reaction Xsec    31.0-/30 @ 2 =  -0.000#, Out:   0.000#   0.000#  -0.000f

   S-matrix    3 =    1.00000   0.00000 for L=   32, J=   31.5 channel on core I =   1.5 from L=   32,  Acc. loss =  0.0 D.
 Elastic phase shift   3 =    0.000  -0.000 deg. for the L =   32, J =   31.5 channel.
      31.0  1.00000000  0.00000000i: elastic S-matrix  @@      0.00  0   0 F  0
 Reaction Xsec    31.0-/32 @ 3 =  -0.000#, Out:   0.000#   0.000#  -0.000f

   S-matrix    4 =    1.00000   0.00000 for L=   32, J=   32.5 channel on core I =   1.5 from L=   32,  Acc. loss =  0.0 D.
 Elastic phase shift   4 =    0.000   0.000 deg. for the L =   32, J =   32.5 channel.
      31.0  1.00000000  0.00000000i: elastic S-matrix  @@      0.00  0   0 F  0
 Reaction Xsec    31.0-/32 @ 4 =   0.000#, Out:   0.000#   0.000#   0.000f


 Total SPIN, PARITY =    32.0 +,      5 chs,      0 cc.  Rmin & Coul turning =    2.6   53.9
   S-matrix    1 =    1.00000  -0.00000 for L=   31, J=   30.5 channel on core I =   1.5 from L=   31,  Acc. loss =  0.0 D.
 Elastic phase shift   1 =   -0.000   0.000 deg. for the L =   31, J =   30.5 channel.
      32.0  1.00000000 -0.00000000i: elastic S-matrix  @@      0.02  0   0 F  0
 Reaction Xsec    32.0+/31 @ 1 =   0.000#, Out:   0.000#   0.000#  -0.000f

   S-matrix    2 =    1.00000  -0.00000 for L=   31, J=   31.5 channel on core I =   1.5 from L=   31,  Acc. loss =  0.0 D.
 Elastic phase shift   2 =   -0.000  -0.000 deg. for the L =   31, J =   31.5 channel.
      32.0  1.00000000 -0.00000000i: elastic S-matrix  @@      0.02  0   0 F  0
 Reaction Xsec    32.0+/31 @ 2 =  -0.000#, Out:   0.000#   0.000#  -0.000f

   S-matrix    3 =    1.00000  -0.00000 for L=   33, J=   32.5 channel on core I =   1.5 from L=   33,  Acc. loss =  0.0 D.
 Elastic phase shift   3 =   -0.000   0.000 deg. for the L =   33, J =   32.5 channel.
      32.0  1.00000000 -0.00000000i: elastic S-matrix  @@      0.00  0   0 F  0
 Reaction Xsec    32.0+/33 @ 3 =   0.000#, Out:   0.000#   0.000#   0.000f

   S-matrix    4 =    1.00000  -0.00000 for L=   33, J=   33.5 channel on core I =   1.5 from L=   33,  Acc. loss =  0.0 D.
 Elastic phase shift   4 =   -0.000  -0.000 deg. for the L =   33, J =   33.5 channel.
      32.0  1.00000000 -0.00000000i: elastic S-matrix  @@      0.00  0   0 F  0
 Reaction Xsec    32.0+/33 @ 4 =  -0.000#, Out:   0.000#   0.000#  -0.000f


 Total SPIN, PARITY =    32.0 -,      4 chs,      0 cc.  Rmin & Coul turning =    2.6   53.9
   S-matrix    1 =    1.00000  -0.00000 for L=   30, J=   30.5 channel on core I =   1.5 from L=   30,  Acc. loss =  0.0 D.
 Elastic phase shift   1 =   -0.000  -0.000 deg. for the L =   30, J =   30.5 channel.
      32.0  1.00000000 -0.00000000i: elastic S-matrix  @@      0.00  0   0 F  0
 Reaction Xsec    32.0-/30 @ 1 =  -0.000#, Out:   0.000#   0.000#  -0.000f

   S-matrix    2 =    1.00000  -0.00000 for L=   32, J=   31.5 channel on core I =   1.5 from L=   32,  Acc. loss =  0.0 D.
 Elastic phase shift   2 =   -0.000   0.000 deg. for the L =   32, J =   31.5 channel.
      32.0  1.00000000 -0.00000000i: elastic S-matrix  @@      0.00  0   0 F  0
 Reaction Xsec    32.0-/32 @ 2 =   0.000#, Out:   0.000#   0.000#   0.000f

   S-matrix    3 =    1.00000   0.00000 for L=   32, J=   32.5 channel on core I =   1.5 from L=   32,  Acc. loss =  0.0 D.
 Elastic phase shift   3 =    0.000  -0.000 deg. for the L =   32, J =   32.5 channel.
      32.0  1.00000000  0.00000000i: elastic S-matrix  @@      0.00  0   0 F  0
 Reaction Xsec    32.0-/32 @ 3 =  -0.000#, Out:   0.000#   0.000#  -0.000f

   S-matrix    4 =    1.00000   0.00000 for L=   34, J=   33.5 channel on core I =   1.5 from L=   34,  Acc. loss =  0.0 D.
 Elastic phase shift   4 =    0.000  -0.000 deg. for the L =   34, J =   33.5 channel.
      32.0  1.00000000  0.00000000i: elastic S-matrix  @@      0.00  0   0 F  0
 Reaction Xsec    32.0-/34 @ 4 =  -0.000#, Out:   0.000#   0.000#  -0.000f


 Total SPIN, PARITY =    33.0 +,      4 chs,      0 cc.  Rmin & Coul turning =    2.6   55.5
   S-matrix    1 =    1.00000   0.00000 for L=   31, J=   31.5 channel on core I =   1.5 from L=   31,  Acc. loss =  0.0 D.
 Elastic phase shift   1 =    0.000   0.000 deg. for the L =   31, J =   31.5 channel.
      33.0  1.00000000  0.00000000i: elastic S-matrix  @@      0.00  0   0 F  0
 Reaction Xsec    33.0+/31 @ 1 =   0.000#, Out:   0.000#   0.000#   0.000f

   S-matrix    2 =    1.00000  -0.00000 for L=   33, J=   32.5 channel on core I =   1.5 from L=   33,  Acc. loss =  0.0 D.
 Elastic phase shift   2 =   -0.000   0.000 deg. for the L =   33, J =   32.5 channel.
      33.0  1.00000000 -0.00000000i: elastic S-matrix  @@      0.00  0   0 F  0
 Reaction Xsec    33.0+/33 @ 2 =   0.000#, Out:   0.000#   0.000#   0.000f

   S-matrix    3 =    1.00000  -0.00000 for L=   33, J=   33.5 channel on core I =   1.5 from L=   33,  Acc. loss =  0.0 D.
 Elastic phase shift   3 =   -0.000   0.000 deg. for the L =   33, J =   33.5 channel.
      33.0  1.00000000 -0.00000000i: elastic S-matrix  @@      0.00  0   0 F  0
 Reaction Xsec    33.0+/33 @ 3 =   0.000#, Out:   0.000#   0.000#   0.000f

   S-matrix    4 =    1.00000  -0.00000 for L=   35, J=   34.5 channel on core I =   1.5 from L=   35,  Acc. loss =  0.0 D.
 Elastic phase shift   4 =   -0.000  -0.000 deg. for the L =   35, J =   34.5 channel.
      33.0  1.00000000 -0.00000000i: elastic S-matrix  @@      0.00  0   0 F  0
 Reaction Xsec    33.0+/35 @ 4 =  -0.000#, Out:   0.000#   0.000#  -0.000f


 Total SPIN, PARITY =    33.0 -,      5 chs,      0 cc.  Rmin & Coul turning =    2.6   55.5
   S-matrix    1 =    1.00000  -0.00000 for L=   32, J=   31.5 channel on core I =   1.5 from L=   32,  Acc. loss =  0.0 D.
 Elastic phase shift   1 =   -0.000  -0.000 deg. for the L =   32, J =   31.5 channel.
      33.0  1.00000000 -0.00000000i: elastic S-matrix  @@      0.02  0   0 F  0
 Reaction Xsec    33.0-/32 @ 1 =  -0.000#, Out:   0.000#   0.000#  -0.000f

   S-matrix    2 =    1.00000   0.00000 for L=   32, J=   32.5 channel on core I =   1.5 from L=   32,  Acc. loss =  0.0 D.
 Elastic phase shift   2 =    0.000   0.000 deg. for the L =   32, J =   32.5 channel.
      33.0  1.00000000  0.00000000i: elastic S-matrix  @@      0.02  0   0 F  0
 Reaction Xsec    33.0-/32 @ 2 =   0.000#, Out:   0.000#   0.000#  -0.000f

   S-matrix    3 =    1.00000   0.00000 for L=   34, J=   33.5 channel on core I =   1.5 from L=   34,  Acc. loss =  0.0 D.
 Elastic phase shift   3 =    0.000  -0.000 deg. for the L =   34, J =   33.5 channel.
      33.0  1.00000000  0.00000000i: elastic S-matrix  @@      0.00  0   0 F  0
 Reaction Xsec    33.0-/34 @ 3 =  -0.000#, Out:   0.000#   0.000#  -0.000f

   S-matrix    4 =    1.00000   0.00000 for L=   34, J=   34.5 channel on core I =   1.5 from L=   34,  Acc. loss =  0.0 D.
 Elastic phase shift   4 =    0.000   0.000 deg. for the L =   34, J =   34.5 channel.
      33.0  1.00000000  0.00000000i: elastic S-matrix  @@      0.00  0   0 F  0
 Reaction Xsec    33.0-/34 @ 4 =   0.000#, Out:   0.000#   0.000#   0.000f


 Total SPIN, PARITY =    34.0 +,      5 chs,      0 cc.  Rmin & Coul turning =    2.7   57.2
   S-matrix    1 =    1.00000  -0.00000 for L=   33, J=   32.5 channel on core I =   1.5 from L=   33,  Acc. loss =  0.0 D.
 Elastic phase shift   1 =   -0.000   0.000 deg. for the L =   33, J =   32.5 channel.
      34.0  1.00000000 -0.00000000i: elastic S-matrix  @@      0.02  0   0 F  0
 Reaction Xsec    34.0+/33 @ 1 =   0.000#, Out:   0.000#   0.000#  -0.000f

   S-matrix    2 =    1.00000  -0.00000 for L=   33, J=   33.5 channel on core I =   1.5 from L=   33,  Acc. loss =  0.0 D.
 Elastic phase shift   2 =   -0.000   0.000 deg. for the L =   33, J =   33.5 channel.
      34.0  1.00000000 -0.00000000i: elastic S-matrix  @@      0.02  0   0 F  0
 Reaction Xsec    34.0+/33 @ 2 =   0.000#, Out:   0.000#   0.000#  -0.000f

   S-matrix    3 =    1.00000   0.00000 for L=   35, J=   34.5 channel on core I =   1.5 from L=   35,  Acc. loss =  0.0 D.
 Elastic phase shift   3 =    0.000  -0.000 deg. for the L =   35, J =   34.5 channel.
      34.0  1.00000000  0.00000000i: elastic S-matrix  @@      0.00  0   0 F  0
 Reaction Xsec    34.0+/35 @ 3 =  -0.000#, Out:   0.000#   0.000#  -0.000f

   S-matrix    4 =    1.00000   0.00000 for L=   35, J=   35.5 channel on core I =   1.5 from L=   35,  Acc. loss =  0.0 D.
 Elastic phase shift   4 =    0.000   0.000 deg. for the L =   35, J =   35.5 channel.
      34.0  1.00000000  0.00000000i: elastic S-matrix  @@      0.00  0   0 F  0
 Reaction Xsec    34.0+/35 @ 4 =   0.000#, Out:   0.000#   0.000#   0.000f


 Total SPIN, PARITY =    34.0 -,      4 chs,      0 cc.  Rmin & Coul turning =    2.7   57.2
   S-matrix    1 =    1.00000   0.00000 for L=   32, J=   32.5 channel on core I =   1.5 from L=   32,  Acc. loss =  0.0 D.
 Elastic phase shift   1 =    0.000   0.000 deg. for the L =   32, J =   32.5 channel.
      34.0  1.00000000  0.00000000i: elastic S-matrix  @@      0.00  0   0 F  0
 Reaction Xsec    34.0-/32 @ 1 =   0.000#, Out:   0.000#   0.000#   0.000f

   S-matrix    2 =    1.00000   0.00000 for L=   34, J=   33.5 channel on core I =   1.5 from L=   34,  Acc. loss =  0.0 D.
 Elastic phase shift   2 =    0.000  -0.000 deg. for the L =   34, J =   33.5 channel.
      34.0  1.00000000  0.00000000i: elastic S-matrix  @@      0.00  0   0 F  0
 Reaction Xsec    34.0-/34 @ 2 =  -0.000#, Out:   0.000#   0.000#  -0.000f

   S-matrix    3 =    1.00000  -0.00000 for L=   34, J=   34.5 channel on core I =   1.5 from L=   34,  Acc. loss =  0.0 D.
 Elastic phase shift   3 =   -0.000   0.000 deg. for the L =   34, J =   34.5 channel.
      34.0  1.00000000 -0.00000000i: elastic S-matrix  @@      0.00  0   0 F  0
 Reaction Xsec    34.0-/34 @ 3 =   0.000#, Out:   0.000#   0.000#   0.000f

   S-matrix    4 =    1.00000  -0.00000 for L=   36, J=   35.5 channel on core I =   1.5 from L=   36,  Acc. loss =  0.0 D.
 Elastic phase shift   4 =   -0.000   0.000 deg. for the L =   36, J =   35.5 channel.
      34.0  1.00000000 -0.00000000i: elastic S-matrix  @@      0.00  0   0 F  0
 Reaction Xsec    34.0-/36 @ 4 =   0.000#, Out:   0.000#   0.000#   0.000f


 Total SPIN, PARITY =    35.0 +,      4 chs,      0 cc.  Rmin & Coul turning =    2.8   58.8
   S-matrix    1 =    1.00000   0.00000 for L=   33, J=   33.5 channel on core I =   1.5 from L=   33,  Acc. loss =  0.0 D.
 Elastic phase shift   1 =    0.000   0.000 deg. for the L =   33, J =   33.5 channel.
      35.0  1.00000000  0.00000000i: elastic S-matrix  @@      0.00  0   0 F  0
 Reaction Xsec    35.0+/33 @ 1 =   0.000#, Out:   0.000#   0.000#   0.000f

   S-matrix    2 =    1.00000  -0.00000 for L=   35, J=   34.5 channel on core I =   1.5 from L=   35,  Acc. loss =  0.0 D.
 Elastic phase shift   2 =   -0.000   0.000 deg. for the L =   35, J =   34.5 channel.
      35.0  1.00000000 -0.00000000i: elastic S-matrix  @@      0.00  0   0 F  0
 Reaction Xsec    35.0+/35 @ 2 =   0.000#, Out:   0.000#   0.000#   0.000f

   S-matrix    3 =    1.00000  -0.00000 for L=   35, J=   35.5 channel on core I =   1.5 from L=   35,  Acc. loss =  0.0 D.
 Elastic phase shift   3 =   -0.000   0.000 deg. for the L =   35, J =   35.5 channel.
      35.0  1.00000000 -0.00000000i: elastic S-matrix  @@      0.00  0   0 F  0
 Reaction Xsec    35.0+/35 @ 3 =   0.000#, Out:   0.000#   0.000#   0.000f

   S-matrix    4 =    1.00000   0.00000 for L=   37, J=   36.5 channel on core I =   1.5 from L=   37,  Acc. loss =  0.0 D.
 Elastic phase shift   4 =    0.000   0.000 deg. for the L =   37, J =   36.5 channel.
      35.0  1.00000000  0.00000000i: elastic S-matrix  @@      0.00  0   0 F  0
 Reaction Xsec    35.0+/37 @ 4 =   0.000#, Out:   0.000#   0.000#   0.000f


 Total SPIN, PARITY =    35.0 -,      5 chs,      0 cc.  Rmin & Coul turning =    2.8   58.8
   S-matrix    1 =    1.00000   0.00000 for L=   34, J=   33.5 channel on core I =   1.5 from L=   34,  Acc. loss =  0.0 D.
 Elastic phase shift   1 =    0.000   0.000 deg. for the L =   34, J =   33.5 channel.
      35.0  1.00000000  0.00000000i: elastic S-matrix  @@      0.02  0   0 F  0
 Reaction Xsec    35.0-/34 @ 1 =   0.000#, Out:   0.000#   0.000#  -0.000f

   S-matrix    2 =    1.00000   0.00000 for L=   34, J=   34.5 channel on core I =   1.5 from L=   34,  Acc. loss =  0.0 D.
 Elastic phase shift   2 =    0.000   0.000 deg. for the L =   34, J =   34.5 channel.
      35.0  1.00000000  0.00000000i: elastic S-matrix  @@      0.00  0   0 F  0
 Reaction Xsec    35.0-/34 @ 2 =   0.000#, Out:   0.000#   0.000#  -0.000f

   S-matrix    3 =    1.00000  -0.00000 for L=   36, J=   35.5 channel on core I =   1.5 from L=   36,  Acc. loss =  0.0 D.
 Elastic phase shift   3 =   -0.000   0.000 deg. for the L =   36, J =   35.5 channel.
      35.0  1.00000000 -0.00000000i: elastic S-matrix  @@      0.02  0   0 F  0
 Reaction Xsec    35.0-/36 @ 3 =   0.000#, Out:   0.000#   0.000#  -0.000f

   S-matrix    4 =    1.00000   0.00000 for L=   36, J=   36.5 channel on core I =   1.5 from L=   36,  Acc. loss =  0.0 D.
 Elastic phase shift   4 =    0.000  -0.000 deg. for the L =   36, J =   36.5 channel.
      35.0  1.00000000  0.00000000i: elastic S-matrix  @@      0.00  0   0 F  0
 Reaction Xsec    35.0-/36 @ 4 =  -0.000#, Out:   0.000#   0.000#  -0.000f


 Total SPIN, PARITY =    36.0 +,      5 chs,      0 cc.  Rmin & Coul turning =    2.9   60.5
   S-matrix    1 =    1.00000   0.00000 for L=   35, J=   34.5 channel on core I =   1.5 from L=   35,  Acc. loss =  0.0 D.
 Elastic phase shift   1 =    0.000   0.000 deg. for the L =   35, J =   34.5 channel.
      36.0  1.00000000  0.00000000i: elastic S-matrix  @@      0.02  0   0 F  0
 Reaction Xsec    36.0+/35 @ 1 =   0.000#, Out:   0.000#   0.000#  -0.000f

   S-matrix    2 =    1.00000  -0.00000 for L=   35, J=   35.5 channel on core I =   1.5 from L=   35,  Acc. loss =  0.0 D.
 Elastic phase shift   2 =   -0.000  -0.000 deg. for the L =   35, J =   35.5 channel.
      36.0  1.00000000 -0.00000000i: elastic S-matrix  @@      0.00  0   0 F  0
 Reaction Xsec    36.0+/35 @ 2 =  -0.000#, Out:   0.000#   0.000#  -0.000f

   S-matrix    3 =    1.00000   0.00000 for L=   37, J=   36.5 channel on core I =   1.5 from L=   37,  Acc. loss =  0.0 D.
 Elastic phase shift   3 =    0.000   0.000 deg. for the L =   37, J =   36.5 channel.
      36.0  1.00000000  0.00000000i: elastic S-matrix  @@      0.02  0   0 F  0
 Reaction Xsec    36.0+/37 @ 3 =   0.000#, Out:   0.000#   0.000#  -0.000f

   S-matrix    4 =    1.00000  -0.00000 for L=   37, J=   37.5 channel on core I =   1.5 from L=   37,  Acc. loss =  0.0 D.
 Elastic phase shift   4 =   -0.000   0.000 deg. for the L =   37, J =   37.5 channel.
      36.0  1.00000000 -0.00000000i: elastic S-matrix  @@      0.00  0   0 F  0
 Reaction Xsec    36.0+/37 @ 4 =   0.000#, Out:   0.000#   0.000#  -0.000f


 Total SPIN, PARITY =    36.0 -,      4 chs,      0 cc.  Rmin & Coul turning =    2.9   60.5
   S-matrix    1 =    1.00000   0.00000 for L=   34, J=   34.5 channel on core I =   1.5 from L=   34,  Acc. loss =  0.0 D.
 Elastic phase shift   1 =    0.000   0.000 deg. for the L =   34, J =   34.5 channel.
      36.0  1.00000000  0.00000000i: elastic S-matrix  @@      0.00  0   0 F  0
 Reaction Xsec    36.0-/34 @ 1 =   0.000#, Out:   0.000#   0.000#   0.000f

   S-matrix    2 =    1.00000   0.00000 for L=   36, J=   35.5 channel on core I =   1.5 from L=   36,  Acc. loss =  0.0 D.
 Elastic phase shift   2 =    0.000   0.000 deg. for the L =   36, J =   35.5 channel.
      36.0  1.00000000  0.00000000i: elastic S-matrix  @@      0.00  0   0 F  0
 Reaction Xsec    36.0-/36 @ 2 =   0.000#, Out:   0.000#   0.000#   0.000f

   S-matrix    3 =    1.00000   0.00000 for L=   36, J=   36.5 channel on core I =   1.5 from L=   36,  Acc. loss =  0.0 D.
 Elastic phase shift   3 =    0.000  -0.000 deg. for the L =   36, J =   36.5 channel.
      36.0  1.00000000  0.00000000i: elastic S-matrix  @@      0.00  0   0 F  0
 Reaction Xsec    36.0-/36 @ 3 =  -0.000#, Out:   0.000#   0.000#  -0.000f

   S-matrix    4 =    1.00000  -0.00000 for L=   38, J=   37.5 channel on core I =   1.5 from L=   38,  Acc. loss =  0.0 D.
 Elastic phase shift   4 =   -0.000   0.000 deg. for the L =   38, J =   37.5 channel.
      36.0  1.00000000 -0.00000000i: elastic S-matrix  @@      0.00  0   0 F  0
 Reaction Xsec    36.0-/38 @ 4 =   0.000#, Out:   0.000#   0.000#   0.000f


 Total SPIN, PARITY =    37.0 +,      4 chs,      0 cc.  Rmin & Coul turning =    3.0   62.1
   S-matrix    1 =    1.00000  -0.00000 for L=   35, J=   35.5 channel on core I =   1.5 from L=   35,  Acc. loss =  0.0 D.
 Elastic phase shift   1 =   -0.000  -0.000 deg. for the L =   35, J =   35.5 channel.
      37.0  1.00000000 -0.00000000i: elastic S-matrix  @@      0.00  0   0 F  0
 Reaction Xsec    37.0+/35 @ 1 =  -0.000#, Out:   0.000#   0.000#  -0.000f

   S-matrix    2 =    1.00000  -0.00000 for L=   37, J=   36.5 channel on core I =   1.5 from L=   37,  Acc. loss =  0.0 D.
 Elastic phase shift   2 =   -0.000   0.000 deg. for the L =   37, J =   36.5 channel.
      37.0  1.00000000 -0.00000000i: elastic S-matrix  @@      0.00  0   0 F  0
 Reaction Xsec    37.0+/37 @ 2 =   0.000#, Out:   0.000#   0.000#   0.000f

   S-matrix    3 =    1.00000   0.00000 for L=   37, J=   37.5 channel on core I =   1.5 from L=   37,  Acc. loss =  0.0 D.
 Elastic phase shift   3 =    0.000   0.000 deg. for the L =   37, J =   37.5 channel.
      37.0  1.00000000  0.00000000i: elastic S-matrix  @@      0.00  0   0 F  0
 Reaction Xsec    37.0+/37 @ 3 =   0.000#, Out:   0.000#   0.000#   0.000f

   S-matrix    4 =    1.00000  -0.00000 for L=   39, J=   38.5 channel on core I =   1.5 from L=   39,  Acc. loss =  0.0 D.
 Elastic phase shift   4 =   -0.000   0.000 deg. for the L =   39, J =   38.5 channel.
      37.0  1.00000000 -0.00000000i: elastic S-matrix  @@      0.00  0   0 F  0
 Reaction Xsec    37.0+/39 @ 4 =   0.000#, Out:   0.000#   0.000#   0.000f


 Total SPIN, PARITY =    37.0 -,      5 chs,      0 cc.  Rmin & Coul turning =    3.0   62.1
   S-matrix    1 =    1.00000   0.00000 for L=   36, J=   35.5 channel on core I =   1.5 from L=   36,  Acc. loss =  0.0 D.
 Elastic phase shift   1 =    0.000   0.000 deg. for the L =   36, J =   35.5 channel.
      37.0  1.00000000  0.00000000i: elastic S-matrix  @@      0.02  0   0 F  0
 Reaction Xsec    37.0-/36 @ 1 =   0.000#, Out:   0.000#   0.000#  -0.000f

   S-matrix    2 =    1.00000  -0.00000 for L=   36, J=   36.5 channel on core I =   1.5 from L=   36,  Acc. loss =  0.0 D.
 Elastic phase shift   2 =   -0.000  -0.000 deg. for the L =   36, J =   36.5 channel.
      37.0  1.00000000 -0.00000000i: elastic S-matrix  @@      0.00  0   0 F  0
 Reaction Xsec    37.0-/36 @ 2 =  -0.000#, Out:   0.000#   0.000#  -0.000f

   S-matrix    3 =    1.00000   0.00000 for L=   38, J=   37.5 channel on core I =   1.5 from L=   38,  Acc. loss =  0.0 D.
 Elastic phase shift   3 =    0.000   0.000 deg. for the L =   38, J =   37.5 channel.
      37.0  1.00000000  0.00000000i: elastic S-matrix  @@      0.02  0   0 F  0
 Reaction Xsec    37.0-/38 @ 3 =   0.000#, Out:   0.000#   0.000#  -0.000f

   S-matrix    4 =    1.00000   0.00000 for L=   38, J=   38.5 channel on core I =   1.5 from L=   38,  Acc. loss =  0.0 D.
 Elastic phase shift   4 =    0.000   0.000 deg. for the L =   38, J =   38.5 channel.
      37.0  1.00000000  0.00000000i: elastic S-matrix  @@      0.00  0   0 F  0
 Reaction Xsec    37.0-/38 @ 4 =   0.000#, Out:   0.000#   0.000#  -0.000f


 Total SPIN, PARITY =    38.0 +,      5 chs,      0 cc.  Rmin & Coul turning =    3.0   63.8
   S-matrix    1 =    1.00000  -0.00000 for L=   37, J=   36.5 channel on core I =   1.5 from L=   37,  Acc. loss =  0.0 D.
 Elastic phase shift   1 =   -0.000   0.000 deg. for the L =   37, J =   36.5 channel.
      38.0  1.00000000 -0.00000000i: elastic S-matrix  @@      0.02  0   0 F  0
 Reaction Xsec    38.0+/37 @ 1 =   0.000#, Out:   0.000#   0.000#  -0.000f

   S-matrix    2 =    1.00000  -0.00000 for L=   37, J=   37.5 channel on core I =   1.5 from L=   37,  Acc. loss =  0.0 D.
 Elastic phase shift   2 =   -0.000   0.000 deg. for the L =   37, J =   37.5 channel.
      38.0  1.00000000 -0.00000000i: elastic S-matrix  @@      0.00  0   0 F  0
 Reaction Xsec    38.0+/37 @ 2 =   0.000#, Out:   0.000#   0.000#  -0.000f

   S-matrix    3 =    1.00000  -0.00000 for L=   39, J=   38.5 channel on core I =   1.5 from L=   39,  Acc. loss =  0.0 D.
 Elastic phase shift   3 =   -0.000   0.000 deg. for the L =   39, J =   38.5 channel.
      38.0  1.00000000 -0.00000000i: elastic S-matrix  @@      0.02  0   0 F  0
 Reaction Xsec    38.0+/39 @ 3 =   0.000#, Out:   0.000#   0.000#   0.000f

   S-matrix    4 =    1.00000  -0.00000 for L=   39, J=   39.5 channel on core I =   1.5 from L=   39,  Acc. loss =  0.0 D.
 Elastic phase shift   4 =   -0.000   0.000 deg. for the L =   39, J =   39.5 channel.
      38.0  1.00000000 -0.00000000i: elastic S-matrix  @@      0.00  0   0 F  0
 Reaction Xsec    38.0+/39 @ 4 =   0.000#, Out:   0.000#   0.000#   0.000f


 Total SPIN, PARITY =    38.0 -,      4 chs,      0 cc.  Rmin & Coul turning =    3.0   63.8
   S-matrix    1 =    1.00000  -0.00000 for L=   36, J=   36.5 channel on core I =   1.5 from L=   36,  Acc. loss =  0.0 D.
 Elastic phase shift   1 =   -0.000  -0.000 deg. for the L =   36, J =   36.5 channel.
      38.0  1.00000000 -0.00000000i: elastic S-matrix  @@      0.00  0   0 F  0
 Reaction Xsec    38.0-/36 @ 1 =  -0.000#, Out:   0.000#   0.000#  -0.000f

   S-matrix    2 =    1.00000  -0.00000 for L=   38, J=   37.5 channel on core I =   1.5 from L=   38,  Acc. loss =  0.0 D.
 Elastic phase shift   2 =   -0.000   0.000 deg. for the L =   38, J =   37.5 channel.
      38.0  1.00000000 -0.00000000i: elastic S-matrix  @@      0.00  0   0 F  0
 Reaction Xsec    38.0-/38 @ 2 =   0.000#, Out:   0.000#   0.000#   0.000f

   S-matrix    3 =    1.00000   0.00000 for L=   38, J=   38.5 channel on core I =   1.5 from L=   38,  Acc. loss =  0.0 D.
 Elastic phase shift   3 =    0.000   0.000 deg. for the L =   38, J =   38.5 channel.
      38.0  1.00000000  0.00000000i: elastic S-matrix  @@      0.00  0   0 F  0
 Reaction Xsec    38.0-/38 @ 3 =   0.000#, Out:   0.000#   0.000#   0.000f

   S-matrix    4 =    1.00000  -0.00000 for L=   40, J=   39.5 channel on core I =   1.5 from L=   40,  Acc. loss =  0.0 D.
 Elastic phase shift   4 =   -0.000   0.000 deg. for the L =   40, J =   39.5 channel.
      38.0  1.00000000 -0.00000000i: elastic S-matrix  @@      0.00  0   0 F  0
 Reaction Xsec    38.0-/40 @ 4 =   0.000#, Out:   0.000#   0.000#   0.000f


 Total SPIN, PARITY =    39.0 +,      4 chs,      0 cc.  Rmin & Coul turning =    3.1   65.4
   S-matrix    1 =    1.00000  -0.00000 for L=   37, J=   37.5 channel on core I =   1.5 from L=   37,  Acc. loss =  0.0 D.
 Elastic phase shift   1 =   -0.000   0.000 deg. for the L =   37, J =   37.5 channel.
      39.0  1.00000000 -0.00000000i: elastic S-matrix  @@      0.00  0   0 F  0
 Reaction Xsec    39.0+/37 @ 1 =   0.000#, Out:   0.000#   0.000#   0.000f

   S-matrix    2 =    1.00000  -0.00000 for L=   39, J=   38.5 channel on core I =   1.5 from L=   39,  Acc. loss =  0.0 D.
 Elastic phase shift   2 =   -0.000   0.000 deg. for the L =   39, J =   38.5 channel.
      39.0  1.00000000 -0.00000000i: elastic S-matrix  @@      0.00  0   0 F  0
 Reaction Xsec    39.0+/39 @ 2 =   0.000#, Out:   0.000#   0.000#   0.000f

   S-matrix    3 =    1.00000  -0.00000 for L=   39, J=   39.5 channel on core I =   1.5 from L=   39,  Acc. loss =  0.0 D.
 Elastic phase shift   3 =   -0.000   0.000 deg. for the L =   39, J =   39.5 channel.
      39.0  1.00000000 -0.00000000i: elastic S-matrix  @@      0.00  0   0 F  0
 Reaction Xsec    39.0+/39 @ 3 =   0.000#, Out:   0.000#   0.000#   0.000f

   S-matrix    4 =    1.00000  -0.00000 for L=   41, J=   40.5 channel on core I =   1.5 from L=   41,  Acc. loss =  0.0 D.
 Elastic phase shift   4 =   -0.000   0.000 deg. for the L =   41, J =   40.5 channel.
      39.0  1.00000000 -0.00000000i: elastic S-matrix  @@      0.00  0   0 F  0
 Reaction Xsec    39.0+/41 @ 4 =   0.000#, Out:   0.000#   0.000#   0.000f


 Total SPIN, PARITY =    39.0 -,      5 chs,      0 cc.  Rmin & Coul turning =    3.1   65.4
   S-matrix    1 =    1.00000   0.00000 for L=   38, J=   37.5 channel on core I =   1.5 from L=   38,  Acc. loss =  0.0 D.
 Elastic phase shift   1 =    0.000   0.000 deg. for the L =   38, J =   37.5 channel.
      39.0  1.00000000  0.00000000i: elastic S-matrix  @@      0.02  0   0 F  0
 Reaction Xsec    39.0-/38 @ 1 =   0.000#, Out:   0.000#   0.000#  -0.000f

   S-matrix    2 =    1.00000   0.00000 for L=   38, J=   38.5 channel on core I =   1.5 from L=   38,  Acc. loss =  0.0 D.
 Elastic phase shift   2 =    0.000   0.000 deg. for the L =   38, J =   38.5 channel.
      39.0  1.00000000  0.00000000i: elastic S-matrix  @@      0.00  0   0 F  0
 Reaction Xsec    39.0-/38 @ 2 =   0.000#, Out:   0.000#   0.000#  -0.000f

   S-matrix    3 =    1.00000  -0.00000 for L=   40, J=   39.5 channel on core I =   1.5 from L=   40,  Acc. loss =  0.0 D.
 Elastic phase shift   3 =   -0.000   0.000 deg. for the L =   40, J =   39.5 channel.
      39.0  1.00000000 -0.00000000i: elastic S-matrix  @@      0.02  0   0 F  0
 Reaction Xsec    39.0-/40 @ 3 =   0.000#, Out:   0.000#   0.000#   0.000f

   S-matrix    4 =    1.00000  -0.00000 for L=   40, J=   40.5 channel on core I =   1.5 from L=   40,  Acc. loss =  0.0 D.
 Elastic phase shift   4 =   -0.000   0.000 deg. for the L =   40, J =   40.5 channel.
      39.0  1.00000000 -0.00000000i: elastic S-matrix  @@      0.00  0   0 F  0
 Reaction Xsec    39.0-/40 @ 4 =   0.000#, Out:   0.000#   0.000#   0.000f


 Total SPIN, PARITY =    40.0 +,      5 chs,      0 cc.  Rmin & Coul turning =    3.2   67.1
   S-matrix    1 =    1.00000  -0.00000 for L=   39, J=   38.5 channel on core I =   1.5 from L=   39,  Acc. loss =  0.0 D.
 Elastic phase shift   1 =   -0.000   0.000 deg. for the L =   39, J =   38.5 channel.
      40.0  1.00000000 -0.00000000i: elastic S-matrix  @@      0.02  0   0 F  0
 Reaction Xsec    40.0+/39 @ 1 =   0.000#, Out:   0.000#   0.000#   0.000f

   S-matrix    2 =    1.00000  -0.00000 for L=   39, J=   39.5 channel on core I =   1.5 from L=   39,  Acc. loss =  0.0 D.
 Elastic phase shift   2 =   -0.000   0.000 deg. for the L =   39, J =   39.5 channel.
      40.0  1.00000000 -0.00000000i: elastic S-matrix  @@      0.00  0   0 F  0
 Reaction Xsec    40.0+/39 @ 2 =   0.000#, Out:   0.000#   0.000#   0.000f

   S-matrix    3 =    1.00000  -0.00000 for L=   41, J=   40.5 channel on core I =   1.5 from L=   41,  Acc. loss =  0.0 D.
 Elastic phase shift   3 =   -0.000   0.000 deg. for the L =   41, J =   40.5 channel.
      40.0  1.00000000 -0.00000000i: elastic S-matrix  @@      0.02  0   0 F  0
 Reaction Xsec    40.0+/41 @ 3 =   0.000#, Out:   0.000#   0.000#   0.000f

   S-matrix    4 =    1.00000  -0.00000 for L=   41, J=   41.5 channel on core I =   1.5 from L=   41,  Acc. loss =  0.0 D.
 Elastic phase shift   4 =   -0.000   0.000 deg. for the L =   41, J =   41.5 channel.
      40.0  1.00000000 -0.00000000i: elastic S-matrix  @@      0.00  0   0 F  0
 Reaction Xsec    40.0+/41 @ 4 =   0.000#, Out:   0.000#   0.000#   0.000f


 Total SPIN, PARITY =    40.0 -,      4 chs,      0 cc.  Rmin & Coul turning =    3.2   67.1
   S-matrix    1 =    1.00000   0.00000 for L=   38, J=   38.5 channel on core I =   1.5 from L=   38,  Acc. loss =  0.0 D.
 Elastic phase shift   1 =    0.000   0.000 deg. for the L =   38, J =   38.5 channel.
      40.0  1.00000000  0.00000000i: elastic S-matrix  @@      0.00  0   0 F  0
 Reaction Xsec    40.0-/38 @ 1 =   0.000#, Out:   0.000#   0.000#   0.000f

   S-matrix    2 =    1.00000  -0.00000 for L=   40, J=   39.5 channel on core I =   1.5 from L=   40,  Acc. loss =  0.0 D.
 Elastic phase shift   2 =   -0.000   0.000 deg. for the L =   40, J =   39.5 channel.
      40.0  1.00000000 -0.00000000i: elastic S-matrix  @@      0.00  0   0 F  0
 Reaction Xsec    40.0-/40 @ 2 =   0.000#, Out:   0.000#   0.000#   0.000f

   S-matrix    3 =    1.00000  -0.00000 for L=   40, J=   40.5 channel on core I =   1.5 from L=   40,  Acc. loss =  0.0 D.
 Elastic phase shift   3 =   -0.000   0.000 deg. for the L =   40, J =   40.5 channel.
      40.0  1.00000000 -0.00000000i: elastic S-matrix  @@      0.00  0   0 F  0
 Reaction Xsec    40.0-/40 @ 3 =   0.000#, Out:   0.000#   0.000#   0.000f

   S-matrix    4 =    1.00000  -0.00000 for L=   42, J=   41.5 channel on core I =   1.5 from L=   42,  Acc. loss =  0.0 D.
 Elastic phase shift   4 =   -0.000   0.000 deg. for the L =   42, J =   41.5 channel.
      40.0  1.00000000 -0.00000000i: elastic S-matrix  @@      0.00  0   0 F  0
 Reaction Xsec    40.0-/42 @ 4 =   0.000#, Out:   0.000#   0.000#   0.000f


 Total SPIN, PARITY =    41.0 +,      4 chs,      0 cc.  Rmin & Coul turning =    3.2   68.7
   S-matrix    1 =    1.00000  -0.00000 for L=   39, J=   39.5 channel on core I =   1.5 from L=   39,  Acc. loss =  0.0 D.
 Elastic phase shift   1 =   -0.000   0.000 deg. for the L =   39, J =   39.5 channel.
      41.0  1.00000000 -0.00000000i: elastic S-matrix  @@      0.00  0   0 F  0
 Reaction Xsec    41.0+/39 @ 1 =   0.000#, Out:   0.000#   0.000#   0.000f

   S-matrix    2 =    1.00000  -0.00000 for L=   41, J=   40.5 channel on core I =   1.5 from L=   41,  Acc. loss =  0.0 D.
 Elastic phase shift   2 =   -0.000   0.000 deg. for the L =   41, J =   40.5 channel.
      41.0  1.00000000 -0.00000000i: elastic S-matrix  @@      0.00  0   0 F  0
 Reaction Xsec    41.0+/41 @ 2 =   0.000#, Out:   0.000#   0.000#   0.000f

   S-matrix    3 =    1.00000  -0.00000 for L=   41, J=   41.5 channel on core I =   1.5 from L=   41,  Acc. loss =  0.0 D.
 Elastic phase shift   3 =   -0.000   0.000 deg. for the L =   41, J =   41.5 channel.
      41.0  1.00000000 -0.00000000i: elastic S-matrix  @@      0.00  0   0 F  0
 Reaction Xsec    41.0+/41 @ 3 =   0.000#, Out:   0.000#   0.000#   0.000f

   S-matrix    4 =    1.00000  -0.00000 for L=   43, J=   42.5 channel on core I =   1.5 from L=   43,  Acc. loss =  0.0 D.
 Elastic phase shift   4 =   -0.000   0.000 deg. for the L =   43, J =   42.5 channel.
      41.0  1.00000000 -0.00000000i: elastic S-matrix  @@      0.00  0   0 F  0
 Reaction Xsec    41.0+/43 @ 4 =   0.000#, Out:   0.000#   0.000#   0.000f


 Total SPIN, PARITY =    41.0 -,      5 chs,      0 cc.  Rmin & Coul turning =    3.2   68.7
   S-matrix    1 =    1.00000  -0.00000 for L=   40, J=   39.5 channel on core I =   1.5 from L=   40,  Acc. loss =  0.0 D.
 Elastic phase shift   1 =   -0.000   0.000 deg. for the L =   40, J =   39.5 channel.
      41.0  1.00000000 -0.00000000i: elastic S-matrix  @@      0.02  0   0 F  0
 Reaction Xsec    41.0-/40 @ 1 =   0.000#, Out:   0.000#   0.000#   0.000f

   S-matrix    2 =    1.00000  -0.00000 for L=   40, J=   40.5 channel on core I =   1.5 from L=   40,  Acc. loss =  0.0 D.
 Elastic phase shift   2 =   -0.000   0.000 deg. for the L =   40, J =   40.5 channel.
      41.0  1.00000000 -0.00000000i: elastic S-matrix  @@      0.00  0   0 F  0
 Reaction Xsec    41.0-/40 @ 2 =   0.000#, Out:   0.000#   0.000#   0.000f

   S-matrix    3 =    1.00000  -0.00000 for L=   42, J=   41.5 channel on core I =   1.5 from L=   42,  Acc. loss =  0.0 D.
 Elastic phase shift   3 =   -0.000   0.000 deg. for the L =   42, J =   41.5 channel.
      41.0  1.00000000 -0.00000000i: elastic S-matrix  @@      0.00  0   0 F  0
 Reaction Xsec    41.0-/42 @ 3 =   0.000#, Out:   0.000#   0.000#   0.000f

   S-matrix    4 =    1.00000  -0.00000 for L=   42, J=   42.5 channel on core I =   1.5 from L=   42,  Acc. loss =  0.0 D.
 Elastic phase shift   4 =   -0.000   0.000 deg. for the L =   42, J =   42.5 channel.
      41.0  1.00000000 -0.00000000i: elastic S-matrix  @@      0.02  0   0 F  0
 Reaction Xsec    41.0-/42 @ 4 =   0.000#, Out:   0.000#   0.000#   0.000f


 Total SPIN, PARITY =    42.0 +,      5 chs,      0 cc.  Rmin & Coul turning =    3.4   70.4
   S-matrix    1 =    1.00000  -0.00000 for L=   41, J=   40.5 channel on core I =   1.5 from L=   41,  Acc. loss =  0.0 D.
 Elastic phase shift   1 =   -0.000   0.000 deg. for the L =   41, J =   40.5 channel.
      42.0  1.00000000 -0.00000000i: elastic S-matrix  @@      0.02  0   0 F  0
 Reaction Xsec    42.0+/41 @ 1 =   0.000#, Out:   0.000#   0.000#   0.000f

   S-matrix    2 =    1.00000  -0.00000 for L=   41, J=   41.5 channel on core I =   1.5 from L=   41,  Acc. loss =  0.0 D.
 Elastic phase shift   2 =   -0.000   0.000 deg. for the L =   41, J =   41.5 channel.
      42.0  1.00000000 -0.00000000i: elastic S-matrix  @@      0.00  0   0 F  0
 Reaction Xsec    42.0+/41 @ 2 =   0.000#, Out:   0.000#   0.000#   0.000f

   S-matrix    3 =    1.00000  -0.00000 for L=   43, J=   42.5 channel on core I =   1.5 from L=   43,  Acc. loss =  0.0 D.
 Elastic phase shift   3 =   -0.000   0.000 deg. for the L =   43, J =   42.5 channel.
      42.0  1.00000000 -0.00000000i: elastic S-matrix  @@      0.00  0   0 F  0
 Reaction Xsec    42.0+/43 @ 3 =   0.000#, Out:   0.000#   0.000#   0.000f

   S-matrix    4 =    1.00000  -0.00000 for L=   43, J=   43.5 channel on core I =   1.5 from L=   43,  Acc. loss =  0.0 D.
 Elastic phase shift   4 =   -0.000   0.000 deg. for the L =   43, J =   43.5 channel.
      42.0  1.00000000 -0.00000000i: elastic S-matrix  @@      0.02  0   0 F  0
 Reaction Xsec    42.0+/43 @ 4 =   0.000#, Out:   0.000#   0.000#   0.000f


 Total SPIN, PARITY =    42.0 -,      4 chs,      0 cc.  Rmin & Coul turning =    3.4   70.4
   S-matrix    1 =    1.00000  -0.00000 for L=   40, J=   40.5 channel on core I =   1.5 from L=   40,  Acc. loss =  0.0 D.
 Elastic phase shift   1 =   -0.000   0.000 deg. for the L =   40, J =   40.5 channel.
      42.0  1.00000000 -0.00000000i: elastic S-matrix  @@      0.00  0   0 F  0
 Reaction Xsec    42.0-/40 @ 1 =   0.000#, Out:   0.000#   0.000#   0.000f

   S-matrix    2 =    1.00000  -0.00000 for L=   42, J=   41.5 channel on core I =   1.5 from L=   42,  Acc. loss =  0.0 D.
 Elastic phase shift   2 =   -0.000   0.000 deg. for the L =   42, J =   41.5 channel.
      42.0  1.00000000 -0.00000000i: elastic S-matrix  @@      0.00  0   0 F  0
 Reaction Xsec    42.0-/42 @ 2 =   0.000#, Out:   0.000#   0.000#   0.000f

   S-matrix    3 =    1.00000  -0.00000 for L=   42, J=   42.5 channel on core I =   1.5 from L=   42,  Acc. loss =  0.0 D.
 Elastic phase shift   3 =   -0.000   0.000 deg. for the L =   42, J =   42.5 channel.
      42.0  1.00000000 -0.00000000i: elastic S-matrix  @@      0.00  0   0 F  0
 Reaction Xsec    42.0-/42 @ 3 =   0.000#, Out:   0.000#   0.000#   0.000f

   S-matrix    4 =    1.00000  -0.00000 for L=   44, J=   43.5 channel on core I =   1.5 from L=   44,  Acc. loss =  0.0 D.
 Elastic phase shift   4 =   -0.000   0.000 deg. for the L =   44, J =   43.5 channel.
      42.0  1.00000000 -0.00000000i: elastic S-matrix  @@      0.00  0   0 F  0
 Reaction Xsec    42.0-/44 @ 4 =   0.000#, Out:   0.000#   0.000#   0.000f


 Total SPIN, PARITY =    43.0 +,      4 chs,      0 cc.  Rmin & Coul turning =    3.4   72.0
   S-matrix    1 =    1.00000  -0.00000 for L=   41, J=   41.5 channel on core I =   1.5 from L=   41,  Acc. loss =  0.0 D.
 Elastic phase shift   1 =   -0.000   0.000 deg. for the L =   41, J =   41.5 channel.
      43.0  1.00000000 -0.00000000i: elastic S-matrix  @@      0.00  0   0 F  0
 Reaction Xsec    43.0+/41 @ 1 =   0.000#, Out:   0.000#   0.000#   0.000f

   S-matrix    2 =    1.00000  -0.00000 for L=   43, J=   42.5 channel on core I =   1.5 from L=   43,  Acc. loss =  0.0 D.
 Elastic phase shift   2 =   -0.000   0.000 deg. for the L =   43, J =   42.5 channel.
      43.0  1.00000000 -0.00000000i: elastic S-matrix  @@      0.00  0   0 F  0
 Reaction Xsec    43.0+/43 @ 2 =   0.000#, Out:   0.000#   0.000#   0.000f

   S-matrix    3 =    1.00000  -0.00000 for L=   43, J=   43.5 channel on core I =   1.5 from L=   43,  Acc. loss =  0.0 D.
 Elastic phase shift   3 =   -0.000   0.000 deg. for the L =   43, J =   43.5 channel.
      43.0  1.00000000 -0.00000000i: elastic S-matrix  @@      0.00  0   0 F  0
 Reaction Xsec    43.0+/43 @ 3 =   0.000#, Out:   0.000#   0.000#   0.000f

   S-matrix    4 =    1.00000  -0.00000 for L=   45, J=   44.5 channel on core I =   1.5 from L=   45,  Acc. loss =  0.0 D.
 Elastic phase shift   4 =   -0.000   0.000 deg. for the L =   45, J =   44.5 channel.
      43.0  1.00000000 -0.00000000i: elastic S-matrix  @@      0.00  0   0 F  0
 Reaction Xsec    43.0+/45 @ 4 =   0.000#, Out:   0.000#   0.000#   0.000f


 Total SPIN, PARITY =    43.0 -,      5 chs,      0 cc.  Rmin & Coul turning =    3.4   72.0
   S-matrix    1 =    1.00000  -0.00000 for L=   42, J=   41.5 channel on core I =   1.5 from L=   42,  Acc. loss =  0.0 D.
 Elastic phase shift   1 =   -0.000   0.000 deg. for the L =   42, J =   41.5 channel.
      43.0  1.00000000 -0.00000000i: elastic S-matrix  @@      0.02  0   0 F  0
 Reaction Xsec    43.0-/42 @ 1 =   0.000#, Out:   0.000#   0.000#   0.000f

   S-matrix    2 =    1.00000  -0.00000 for L=   42, J=   42.5 channel on core I =   1.5 from L=   42,  Acc. loss =  0.0 D.
 Elastic phase shift   2 =   -0.000   0.000 deg. for the L =   42, J =   42.5 channel.
      43.0  1.00000000 -0.00000000i: elastic S-matrix  @@      0.00  0   0 F  0
 Reaction Xsec    43.0-/42 @ 2 =   0.000#, Out:   0.000#   0.000#   0.000f

   S-matrix    3 =    1.00000  -0.00000 for L=   44, J=   43.5 channel on core I =   1.5 from L=   44,  Acc. loss =  0.0 D.
 Elastic phase shift   3 =   -0.000   0.000 deg. for the L =   44, J =   43.5 channel.
      43.0  1.00000000 -0.00000000i: elastic S-matrix  @@      0.00  0   0 F  0
 Reaction Xsec    43.0-/44 @ 3 =   0.000#, Out:   0.000#   0.015/  -0.000f

   S-matrix    4 =    1.00000  -0.00000 for L=   44, J=   44.5 channel on core I =   1.5 from L=   44,  Acc. loss =  0.0 D.
 Elastic phase shift   4 =   -0.000   0.000 deg. for the L =   44, J =   44.5 channel.
      43.0  1.00000000 -0.00000000i: elastic S-matrix  @@      0.02  0   0 F  0
 Reaction Xsec    43.0-/44 @ 4 =   0.000#, Out:   0.000#   0.000#   0.000f


 Total SPIN, PARITY =    44.0 +,      5 chs,      0 cc.  Rmin & Coul turning =    3.5   73.7
   S-matrix    1 =    1.00000  -0.00000 for L=   43, J=   42.5 channel on core I =   1.5 from L=   43,  Acc. loss =  0.0 D.
 Elastic phase shift   1 =   -0.000   0.000 deg. for the L =   43, J =   42.5 channel.
      44.0  1.00000000 -0.00000000i: elastic S-matrix  @@      0.02  0   0 F  0
 Reaction Xsec    44.0+/43 @ 1 =   0.000#, Out:   0.000#   0.000#   0.000f

   S-matrix    2 =    1.00000  -0.00000 for L=   43, J=   43.5 channel on core I =   1.5 from L=   43,  Acc. loss =  0.0 D.
 Elastic phase shift   2 =   -0.000   0.000 deg. for the L =   43, J =   43.5 channel.
      44.0  1.00000000 -0.00000000i: elastic S-matrix  @@      0.00  0   0 F  0
 Reaction Xsec    44.0+/43 @ 2 =   0.000#, Out:   0.000#   0.000#   0.000f

   S-matrix    3 =    1.00000  -0.00000 for L=   45, J=   44.5 channel on core I =   1.5 from L=   45,  Acc. loss =  0.0 D.
 Elastic phase shift   3 =   -0.000   0.000 deg. for the L =   45, J =   44.5 channel.
      44.0  1.00000000 -0.00000000i: elastic S-matrix  @@      0.00  0   0 F  0
 Reaction Xsec    44.0+/45 @ 3 =   0.000#, Out:   0.000#   0.000#   0.000f

   S-matrix    4 =    1.00000  -0.00000 for L=   45, J=   45.5 channel on core I =   1.5 from L=   45,  Acc. loss =  0.0 D.
 Elastic phase shift   4 =   -0.000   0.000 deg. for the L =   45, J =   45.5 channel.
0****** WARNING : ACCURACY LOSS IN ERWIN = 14.3 DIGITS, SO EXPECT ERRORS OF   0.1184 % OF UNITARITY

      44.0  1.00000000 -0.00000000i: elastic S-matrix  @@      0.02  0   0 F  0
 Reaction Xsec    44.0+/45 @ 4 =   0.000#, Out:   0.000#   0.076   -0.076f


 Total SPIN, PARITY =    44.0 -,      4 chs,      0 cc.  Rmin & Coul turning =    3.5   73.7
   S-matrix    1 =    1.00000  -0.00000 for L=   42, J=   42.5 channel on core I =   1.5 from L=   42,  Acc. loss =  0.0 D.
 Elastic phase shift   1 =   -0.000   0.000 deg. for the L =   42, J =   42.5 channel.
      44.0  1.00000000 -0.00000000i: elastic S-matrix  @@      0.00  0   0 F  0
 Reaction Xsec    44.0-/42 @ 1 =   0.000#, Out:   0.000#   0.000#   0.000f

   S-matrix    2 =    1.00000  -0.00000 for L=   44, J=   43.5 channel on core I =   1.5 from L=   44,  Acc. loss =  0.0 D.
 Elastic phase shift   2 =   -0.000   0.000 deg. for the L =   44, J =   43.5 channel.
      44.0  1.00000000 -0.00000000i: elastic S-matrix  @@      0.00  0   0 F  0
 Reaction Xsec    44.0-/44 @ 2 =   0.000#, Out:   0.000#   0.000#   0.000f

   S-matrix    3 =    1.00000  -0.00000 for L=   44, J=   44.5 channel on core I =   1.5 from L=   44,  Acc. loss =  0.0 D.
 Elastic phase shift   3 =   -0.000   0.000 deg. for the L =   44, J =   44.5 channel.
      44.0  1.00000000 -0.00000000i: elastic S-matrix  @@      0.00  0   0 F  0
 Reaction Xsec    44.0-/44 @ 3 =   0.000#, Out:   0.000#   0.000#   0.000f

   S-matrix    4 =    1.00000  -0.00000 for L=   46, J=   45.5 channel on core I =   1.5 from L=   46,  Acc. loss =  0.0 D.
 Elastic phase shift   4 =   -0.000   0.000 deg. for the L =   46, J =   45.5 channel.
      44.0  1.00000000 -0.00000000i: elastic S-matrix  @@      0.00  0   0 F  0
 Reaction Xsec    44.0-/46 @ 4 =   0.000#, Out:   0.000#   0.000#   0.000f


 Total SPIN, PARITY =    45.0 +,      4 chs,      0 cc.  Rmin & Coul turning =    3.6   75.3
   S-matrix    1 =    1.00000  -0.00000 for L=   43, J=   43.5 channel on core I =   1.5 from L=   43,  Acc. loss =  0.0 D.
 Elastic phase shift   1 =   -0.000   0.000 deg. for the L =   43, J =   43.5 channel.
      45.0  1.00000000 -0.00000000i: elastic S-matrix  @@      0.00  0   0 F  0
 Reaction Xsec    45.0+/43 @ 1 =   0.000#, Out:   0.000#   0.000#   0.000f

   S-matrix    2 =    1.00000  -0.00000 for L=   45, J=   44.5 channel on core I =   1.5 from L=   45,  Acc. loss =  0.0 D.
 Elastic phase shift   2 =   -0.000   0.000 deg. for the L =   45, J =   44.5 channel.
      45.0  1.00000000 -0.00000000i: elastic S-matrix  @@      0.00  0   0 F  0
 Reaction Xsec    45.0+/45 @ 2 =   0.000#, Out:   0.000#   0.000#   0.000f

   S-matrix    3 =    1.00000  -0.00000 for L=   45, J=   45.5 channel on core I =   1.5 from L=   45,  Acc. loss =  0.0 D.
 Elastic phase shift   3 =   -0.000   0.000 deg. for the L =   45, J =   45.5 channel.
      45.0  1.00000000 -0.00000000i: elastic S-matrix  @@      0.00  0   0 F  0
 Reaction Xsec    45.0+/45 @ 3 =   0.000#, Out:   0.000#   0.000#   0.000f

   S-matrix    4 =    1.00000  -0.00000 for L=   47, J=   46.5 channel on core I =   1.5 from L=   47,  Acc. loss =  0.0 D.
 Elastic phase shift   4 =   -0.000   0.000 deg. for the L =   47, J =   46.5 channel.
      45.0  1.00000000 -0.00000000i: elastic S-matrix  @@      0.00  0   0 F  0
 Reaction Xsec    45.0+/47 @ 4 =   0.000#, Out:   0.000#   0.000#   0.000f


 Total SPIN, PARITY =    45.0 -,      5 chs,      0 cc.  Rmin & Coul turning =    3.6   75.3
   S-matrix    1 =    1.00000  -0.00000 for L=   44, J=   43.5 channel on core I =   1.5 from L=   44,  Acc. loss =  0.0 D.
 Elastic phase shift   1 =   -0.000   0.000 deg. for the L =   44, J =   43.5 channel.
0****** WARNING : ACCURACY LOSS IN ERWIN = 14.9 DIGITS, SO EXPECT ERRORS OF   0.0027 % OF UNITARITY

      45.0  1.00000000 -0.00000000i: elastic S-matrix  @@      0.02  0   0 F  0
 Reaction Xsec    45.0-/44 @ 1 =   0.000#, Out:   0.000#   2.891#  -0.000f

   S-matrix    2 =    1.00000  -0.00000 for L=   44, J=   44.5 channel on core I =   1.5 from L=   44,  Acc. loss =  0.0 D.
 Elastic phase shift   2 =   -0.000   0.000 deg. for the L =   44, J =   44.5 channel.
      45.0  1.00000000 -0.00000000i: elastic S-matrix  @@      0.00  0   0 F  0
 Reaction Xsec    45.0-/44 @ 2 =   0.000#, Out:   0.000#   0.000#   0.000f

   S-matrix    3 =    1.00000  -0.00000 for L=   46, J=   45.5 channel on core I =   1.5 from L=   46,  Acc. loss =  0.0 D.
 Elastic phase shift   3 =   -0.000   0.000 deg. for the L =   46, J =   45.5 channel.
      45.0  1.00000000 -0.00000000i: elastic S-matrix  @@      0.00  0   0 F  0
 Reaction Xsec    45.0-/46 @ 3 =   0.000#, Out:   0.000#   0.000#   0.000f

   S-matrix    4 =    1.00000  -0.00000 for L=   46, J=   46.5 channel on core I =   1.5 from L=   46,  Acc. loss =  0.0 D.
 Elastic phase shift   4 =   -0.000   0.000 deg. for the L =   46, J =   46.5 channel.
      45.0  1.00000000 -0.00000000i: elastic S-matrix  @@      0.02  0   0 F  0
 Reaction Xsec    45.0-/46 @ 4 =   0.000#, Out:   0.000#   0.000#   0.000f


 Total SPIN, PARITY =    46.0 +,      5 chs,      0 cc.  Rmin & Coul turning =    3.7   77.0
   S-matrix    1 =    1.00000  -0.00000 for L=   45, J=   44.5 channel on core I =   1.5 from L=   45,  Acc. loss =  0.0 D.
 Elastic phase shift   1 =   -0.000   0.000 deg. for the L =   45, J =   44.5 channel.
      46.0  1.00000000 -0.00000000i: elastic S-matrix  @@      0.00  0   0 F  0
 Reaction Xsec    46.0+/45 @ 1 =   0.000#, Out:   0.000#   0.000#   0.000f

   S-matrix    2 =    1.00000  -0.00000 for L=   45, J=   45.5 channel on core I =   1.5 from L=   45,  Acc. loss =  0.0 D.
 Elastic phase shift   2 =   -0.000   0.000 deg. for the L =   45, J =   45.5 channel.
      46.0  1.00000000 -0.00000000i: elastic S-matrix  @@      0.02  0   0 F  0
 Reaction Xsec    46.0+/45 @ 2 =   0.000#, Out:   0.000#   0.000#   0.000f

   S-matrix    3 =    1.00000  -0.00000 for L=   47, J=   46.5 channel on core I =   1.5 from L=   47,  Acc. loss =  0.0 D.
 Elastic phase shift   3 =   -0.000   0.000 deg. for the L =   47, J =   46.5 channel.
      46.0  1.00000000 -0.00000000i: elastic S-matrix  @@      0.00  0   0 F  0
 Reaction Xsec    46.0+/47 @ 3 =   0.000#, Out:   0.000#   0.000#   0.000f

   S-matrix    4 =    1.00000  -0.00000 for L=   47, J=   47.5 channel on core I =   1.5 from L=   47,  Acc. loss =  0.0 D.
 Elastic phase shift   4 =   -0.000   0.000 deg. for the L =   47, J =   47.5 channel.
      46.0  1.00000000 -0.00000000i: elastic S-matrix  @@      0.00  0   0 F  0
 Reaction Xsec    46.0+/47 @ 4 =   0.000#, Out:   0.000# 161.897 -161.897f


 Total SPIN, PARITY =    46.0 -,      4 chs,      0 cc.  Rmin & Coul turning =    3.7   77.0
   S-matrix    1 =    1.00000  -0.00000 for L=   44, J=   44.5 channel on core I =   1.5 from L=   44,  Acc. loss =  0.0 D.
 Elastic phase shift   1 =   -0.000   0.000 deg. for the L =   44, J =   44.5 channel.
      46.0  1.00000000 -0.00000000i: elastic S-matrix  @@      0.00  0   0 F  0
 Reaction Xsec    46.0-/44 @ 1 =   0.000#, Out:   0.000#   0.000#   0.000f

   S-matrix    2 =    1.00000  -0.00000 for L=   46, J=   45.5 channel on core I =   1.5 from L=   46,  Acc. loss =  0.0 D.
 Elastic phase shift   2 =   -0.000   0.000 deg. for the L =   46, J =   45.5 channel.
      46.0  1.00000000 -0.00000000i: elastic S-matrix  @@      0.00  0   0 F  0
 Reaction Xsec    46.0-/46 @ 2 =   0.000#, Out:   0.000#   0.000#   0.000f

   S-matrix    3 =    1.00000  -0.00000 for L=   46, J=   46.5 channel on core I =   1.5 from L=   46,  Acc. loss =  0.0 D.
 Elastic phase shift   3 =   -0.000   0.000 deg. for the L =   46, J =   46.5 channel.
      46.0  1.00000000 -0.00000000i: elastic S-matrix  @@      0.00  0   0 F  0
 Reaction Xsec    46.0-/46 @ 3 =   0.000#, Out:   0.000#   0.000#   0.000f

   S-matrix    4 =    1.00000  -0.00000 for L=   48, J=   47.5 channel on core I =   1.5 from L=   48,  Acc. loss =  0.0 D.
 Elastic phase shift   4 =   -0.000   0.000 deg. for the L =   48, J =   47.5 channel.
      46.0  1.00000000 -0.00000000i: elastic S-matrix  @@      0.00  0   0 F  0
 Reaction Xsec    46.0-/48 @ 4 =   0.000#, Out:   0.000#   0.000#   0.000f


 Total SPIN, PARITY =    47.0 +,      4 chs,      0 cc.  Rmin & Coul turning =    3.8   78.6
   S-matrix    1 =    1.00000  -0.00000 for L=   45, J=   45.5 channel on core I =   1.5 from L=   45,  Acc. loss =  0.0 D.
 Elastic phase shift   1 =   -0.000   0.000 deg. for the L =   45, J =   45.5 channel.
      47.0  1.00000000 -0.00000000i: elastic S-matrix  @@      0.00  0   0 F  0
 Reaction Xsec    47.0+/45 @ 1 =   0.000#, Out:   0.000#   0.000#   0.000f

   S-matrix    2 =    1.00000  -0.00000 for L=   47, J=   46.5 channel on core I =   1.5 from L=   47,  Acc. loss =  0.0 D.
 Elastic phase shift   2 =   -0.000   0.000 deg. for the L =   47, J =   46.5 channel.
      47.0  1.00000000 -0.00000000i: elastic S-matrix  @@      0.00  0   0 F  0
 Reaction Xsec    47.0+/47 @ 2 =   0.000#, Out:   0.000#   0.000#   0.000f

   S-matrix    3 =    1.00000  -0.00000 for L=   47, J=   47.5 channel on core I =   1.5 from L=   47,  Acc. loss =  0.0 D.
 Elastic phase shift   3 =   -0.000   0.000 deg. for the L =   47, J =   47.5 channel.
      47.0  1.00000000 -0.00000000i: elastic S-matrix  @@      0.00  0   0 F  0
 Reaction Xsec    47.0+/47 @ 3 =   0.000#, Out:   0.000#   0.000#   0.000f

   S-matrix    4 =    1.00000  -0.00000 for L=   49, J=   48.5 channel on core I =   1.5 from L=   49,  Acc. loss =  0.0 D.
 Elastic phase shift   4 =   -0.000   0.000 deg. for the L =   49, J =   48.5 channel.
      47.0  1.00000000 -0.00000000i: elastic S-matrix  @@      0.00  0   0 F  0
 Reaction Xsec    47.0+/49 @ 4 =   0.000#, Out:   0.000#   0.000#   0.000f


 Total SPIN, PARITY =    47.0 -,      5 chs,      0 cc.  Rmin & Coul turning =    3.8   78.6
   S-matrix    1 =    1.00000  -0.00000 for L=   46, J=   45.5 channel on core I =   1.5 from L=   46,  Acc. loss =  0.0 D.
 Elastic phase shift   1 =   -0.000   0.000 deg. for the L =   46, J =   45.5 channel.
      47.0  1.00000000 -0.00000000i: elastic S-matrix  @@      0.02  0   0 F  0
 Reaction Xsec    47.0-/46 @ 1 =   0.000#, Out:   0.000#   0.000#   0.000f

   S-matrix    2 =    1.00000  -0.00000 for L=   46, J=   46.5 channel on core I =   1.5 from L=   46,  Acc. loss =  0.0 D.
 Elastic phase shift   2 =   -0.000   0.000 deg. for the L =   46, J =   46.5 channel.
      47.0  1.00000000 -0.00000000i: elastic S-matrix  @@      0.02  0   0 F  0
 Reaction Xsec    47.0-/46 @ 2 =   0.000#, Out:   0.000#   0.000#   0.000f

   S-matrix    3 =    1.00000  -0.00000 for L=   48, J=   47.5 channel on core I =   1.5 from L=   48,  Acc. loss =  0.0 D.
 Elastic phase shift   3 =   -0.000   0.000 deg. for the L =   48, J =   47.5 channel.
      47.0  1.00000000 -0.00000000i: elastic S-matrix  @@      0.00  0   0 F  0
 Reaction Xsec    47.0-/48 @ 3 =   0.000#, Out:   0.000#   0.000#   0.000f

   S-matrix    4 =    1.00000  -0.00000 for L=   48, J=   48.5 channel on core I =   1.5 from L=   48,  Acc. loss =  0.0 D.
 Elastic phase shift   4 =   -0.000   0.000 deg. for the L =   48, J =   48.5 channel.
      47.0  1.00000000 -0.00000000i: elastic S-matrix  @@      0.00  0   0 F  0
 Reaction Xsec    47.0-/48 @ 4 =   0.000#, Out:   0.000#   0.000#   0.000f


 Total SPIN, PARITY =    48.0 +,      5 chs,      0 cc.  Rmin & Coul turning =    3.8   80.3
   S-matrix    1 =    1.00000  -0.00000 for L=   47, J=   46.5 channel on core I =   1.5 from L=   47,  Acc. loss =  0.0 D.
 Elastic phase shift   1 =   -0.000   0.000 deg. for the L =   47, J =   46.5 channel.
      48.0  1.00000000 -0.00000000i: elastic S-matrix  @@      0.02  0   0 F  0
 Reaction Xsec    48.0+/47 @ 1 =   0.000#, Out:   0.000#   0.000#   0.000f

   S-matrix    2 =    1.00000  -0.00000 for L=   47, J=   47.5 channel on core I =   1.5 from L=   47,  Acc. loss =  0.0 D.
 Elastic phase shift   2 =   -0.000   0.000 deg. for the L =   47, J =   47.5 channel.
0****** WARNING : ACCURACY LOSS IN ERWIN = 14.3 DIGITS, SO EXPECT ERRORS OF  19.7322 % OF UNITARITY

   190775837018426.88        296220091681085.06        2.2204460492503131E-016
 Increase lower cutoff: eg CUTL. Continuing.
      48.0  1.00000000 -0.00000000i: elastic S-matrix  @@      0.02  0   0 F  0
 Reaction Xsec    48.0+/47 @ 2 =   0.000#, Out:   0.000#2850.844 ********f

   S-matrix    3 =    1.00000  -0.00000 for L=   49, J=   48.5 channel on core I =   1.5 from L=   49,  Acc. loss =  0.0 D.
 Elastic phase shift   3 =   -0.000   0.000 deg. for the L =   49, J =   48.5 channel.
      48.0  1.00000000 -0.00000000i: elastic S-matrix  @@      0.00  0   0 F  0
 Reaction Xsec    48.0+/49 @ 3 =   0.000#, Out:   0.000#   0.000#   0.000f

   S-matrix    4 =    1.00000  -0.00000 for L=   49, J=   49.5 channel on core I =   1.5 from L=   49,  Acc. loss =  0.0 D.
 Elastic phase shift   4 =   -0.000   0.000 deg. for the L =   49, J =   49.5 channel.
      48.0  1.00000000 -0.00000000i: elastic S-matrix  @@      0.00  0   0 F  0
 Reaction Xsec    48.0+/49 @ 4 =   0.000#, Out:   0.000#   0.000#   0.000f


 Total SPIN, PARITY =    48.0 -,      4 chs,      0 cc.  Rmin & Coul turning =    3.8   80.3
   S-matrix    1 =    1.00000  -0.00000 for L=   46, J=   46.5 channel on core I =   1.5 from L=   46,  Acc. loss =  0.0 D.
 Elastic phase shift   1 =   -0.000   0.000 deg. for the L =   46, J =   46.5 channel.
      48.0  1.00000000 -0.00000000i: elastic S-matrix  @@      0.00  0   0 F  0
 Reaction Xsec    48.0-/46 @ 1 =   0.000#, Out:   0.000#   0.000#   0.000f

   S-matrix    2 =    1.00000  -0.00000 for L=   48, J=   47.5 channel on core I =   1.5 from L=   48,  Acc. loss =  0.0 D.
 Elastic phase shift   2 =   -0.000   0.000 deg. for the L =   48, J =   47.5 channel.
      48.0  1.00000000 -0.00000000i: elastic S-matrix  @@      0.00  0   0 F  0
 Reaction Xsec    48.0-/48 @ 2 =   0.000#, Out:   0.000#   0.000#   0.000f

   S-matrix    3 =    1.00000  -0.00000 for L=   48, J=   48.5 channel on core I =   1.5 from L=   48,  Acc. loss =  0.0 D.
 Elastic phase shift   3 =   -0.000   0.000 deg. for the L =   48, J =   48.5 channel.
      48.0  1.00000000 -0.00000000i: elastic S-matrix  @@      0.00  0   0 F  0
 Reaction Xsec    48.0-/48 @ 3 =   0.000#, Out:   0.000#   0.000#   0.000f

   S-matrix    4 =    1.00000   0.00000 for L=   50, J=   49.5 channel on core I =   1.5 from L=   50,  Acc. loss =  0.0 D.
 Elastic phase shift   4 =    0.000   0.000 deg. for the L =   50, J =   49.5 channel.
      48.0  1.00000000  0.00000000i: elastic S-matrix  @@      0.00  0   0 F  0
 Reaction Xsec    48.0-/50 @ 4 =   0.000#, Out:   0.000#   0.000#   0.000f


 Total SPIN, PARITY =    49.0 +,      4 chs,      0 cc.  Rmin & Coul turning =    3.9   81.9
   S-matrix    1 =    1.00000  -0.00000 for L=   47, J=   47.5 channel on core I =   1.5 from L=   47,  Acc. loss =  0.0 D.
 Elastic phase shift   1 =   -0.000   0.000 deg. for the L =   47, J =   47.5 channel.
      49.0  1.00000000 -0.00000000i: elastic S-matrix  @@      0.00  0   0 F  0
 Reaction Xsec    49.0+/47 @ 1 =   0.000#, Out:   0.000#   0.000#   0.000f

   S-matrix    2 =    1.00000  -0.00000 for L=   49, J=   48.5 channel on core I =   1.5 from L=   49,  Acc. loss =  0.0 D.
 Elastic phase shift   2 =   -0.000   0.000 deg. for the L =   49, J =   48.5 channel.
      49.0  1.00000000 -0.00000000i: elastic S-matrix  @@      0.00  0   0 F  0
 Reaction Xsec    49.0+/49 @ 2 =   0.000#, Out:   0.000#   0.000#   0.000f

   S-matrix    3 =    1.00000  -0.00000 for L=   49, J=   49.5 channel on core I =   1.5 from L=   49,  Acc. loss =  0.0 D.
 Elastic phase shift   3 =   -0.000   0.000 deg. for the L =   49, J =   49.5 channel.
      49.0  1.00000000 -0.00000000i: elastic S-matrix  @@      0.00  0   0 F  0
 Reaction Xsec    49.0+/49 @ 3 =   0.000#, Out:   0.000#   0.000#   0.000f

   S-matrix    4 =    1.00000   0.00000 for L=   51, J=   50.5 channel on core I =   1.5 from L=   51,  Acc. loss =  0.0 D.
 Elastic phase shift   4 =    0.000   0.000 deg. for the L =   51, J =   50.5 channel.
      49.0  1.00000000  0.00000000i: elastic S-matrix  @@      0.00  0   0 F  0
 Reaction Xsec    49.0+/51 @ 4 =   0.000#, Out:   0.000#   0.000#   0.000f


 Total SPIN, PARITY =    49.0 -,      5 chs,      0 cc.  Rmin & Coul turning =    3.9   81.9
   S-matrix    1 =    1.00000  -0.00000 for L=   48, J=   47.5 channel on core I =   1.5 from L=   48,  Acc. loss =  0.0 D.
 Elastic phase shift   1 =   -0.000   0.000 deg. for the L =   48, J =   47.5 channel.
      49.0  1.00000000 -0.00000000i: elastic S-matrix  @@      0.02  0   0 F  0
 Reaction Xsec    49.0-/48 @ 1 =   0.000#, Out:   0.000#   0.000#   0.000f

   S-matrix    2 =    1.00000  -0.00000 for L=   48, J=   48.5 channel on core I =   1.5 from L=   48,  Acc. loss =  0.0 D.
 Elastic phase shift   2 =   -0.000   0.000 deg. for the L =   48, J =   48.5 channel.
      49.0  1.00000000 -0.00000000i: elastic S-matrix  @@      0.00  0   0 F  0
 Reaction Xsec    49.0-/48 @ 2 =   0.000#, Out:   0.000#   0.000#   0.000f

   S-matrix    3 =    1.00000   0.00000 for L=   50, J=   49.5 channel on core I =   1.5 from L=   50,  Acc. loss =  0.0 D.
 Elastic phase shift   3 =    0.000   0.000 deg. for the L =   50, J =   49.5 channel.
      49.0  1.00000000  0.00000000i: elastic S-matrix  @@      0.02  0   0 F  0
 Reaction Xsec    49.0-/50 @ 3 =   0.000#, Out:   0.000#   0.000#   0.000f

   S-matrix    4 =    1.00000  -0.00000 for L=   50, J=   50.5 channel on core I =   1.5 from L=   50,  Acc. loss =  0.0 D.
 Elastic phase shift   4 =   -0.000   0.000 deg. for the L =   50, J =   50.5 channel.
      49.0  1.00000000 -0.00000000i: elastic S-matrix  @@      0.00  0   0 F  0
 Reaction Xsec    49.0-/50 @ 4 =   0.000#, Out:   0.000#   0.000#   0.000f


 Total SPIN, PARITY =    50.0 +,      5 chs,      0 cc.  Rmin & Coul turning =    4.0   83.6
   S-matrix    1 =    1.00000  -0.00000 for L=   49, J=   48.5 channel on core I =   1.5 from L=   49,  Acc. loss =  0.0 D.
 Elastic phase shift   1 =   -0.000   0.000 deg. for the L =   49, J =   48.5 channel.
      50.0  1.00000000 -0.00000000i: elastic S-matrix  @@      0.02  0   0 F  0
 Reaction Xsec    50.0+/49 @ 1 =   0.000#, Out:   0.000#   0.000#   0.000f

   S-matrix    2 =    1.00000  -0.00000 for L=   49, J=   49.5 channel on core I =   1.5 from L=   49,  Acc. loss =  0.0 D.
 Elastic phase shift   2 =   -0.000   0.000 deg. for the L =   49, J =   49.5 channel.
      50.0  1.00000000 -0.00000000i: elastic S-matrix  @@      0.00  0   0 F  0
 Reaction Xsec    50.0+/49 @ 2 =   0.000#, Out:   0.000#   0.000#   0.000f

   S-matrix    3 =    1.00000   0.00000 for L=   51, J=   50.5 channel on core I =   1.5 from L=   51,  Acc. loss =  0.0 D.
 Elastic phase shift   3 =    0.000   0.000 deg. for the L =   51, J =   50.5 channel.
0****** WARNING : ACCURACY LOSS IN ERWIN = 14.3 DIGITS, SO EXPECT ERRORS OF********* % OF UNITARITY

   211917335113583.84        1.1853546455735210E+019   2.2204460492503131E-016
 Increase lower cutoff: eg CUTL. Continuing.
      50.0  1.00000000  0.00000000i: elastic S-matrix  @@      0.02  0   0 F  0
 Reaction Xsec    50.0+/51 @ 3 =   0.000#, Out:   0.000#******** ********f

   S-matrix    4 =    1.00000  -0.00000 for L=   51, J=   51.5 channel on core I =   1.5 from L=   51,  Acc. loss =  0.0 D.
 Elastic phase shift   4 =   -0.000   0.000 deg. for the L =   51, J =   51.5 channel.
      50.0  1.00000000 -0.00000000i: elastic S-matrix  @@      0.00  0   0 F  0
 Reaction Xsec    50.0+/51 @ 4 =   0.000#, Out:   0.000#   0.000#   0.000f


 Total SPIN, PARITY =    50.0 -,      4 chs,      0 cc.  Rmin & Coul turning =    4.0   83.6
   S-matrix    1 =    1.00000  -0.00000 for L=   48, J=   48.5 channel on core I =   1.5 from L=   48,  Acc. loss =  0.0 D.
 Elastic phase shift   1 =   -0.000   0.000 deg. for the L =   48, J =   48.5 channel.
      50.0  1.00000000 -0.00000000i: elastic S-matrix  @@      0.00  0   0 F  0
 Reaction Xsec    50.0-/48 @ 1 =   0.000#, Out:   0.000#   0.000#   0.000f

   S-matrix    2 =    1.00000   0.00000 for L=   50, J=   49.5 channel on core I =   1.5 from L=   50,  Acc. loss =  0.0 D.
 Elastic phase shift   2 =    0.000   0.000 deg. for the L =   50, J =   49.5 channel.
      50.0  1.00000000  0.00000000i: elastic S-matrix  @@      0.00  0   0 F  0
 Reaction Xsec    50.0-/50 @ 2 =   0.000#, Out:   0.000#   0.000#   0.000f

   S-matrix    3 =    1.00000   0.00000 for L=   50, J=   50.5 channel on core I =   1.5 from L=   50,  Acc. loss =  0.0 D.
 Elastic phase shift   3 =    0.000   0.000 deg. for the L =   50, J =   50.5 channel.
      50.0  1.00000000  0.00000000i: elastic S-matrix  @@      0.00  0   0 F  0
 Reaction Xsec    50.0-/50 @ 3 =   0.000#, Out:   0.000#   0.000#   0.000f

   S-matrix    4 =    1.00000   0.00000 for L=   52, J=   51.5 channel on core I =   1.5 from L=   52,  Acc. loss =  0.0 D.
 Elastic phase shift   4 =    0.000   0.000 deg. for the L =   52, J =   51.5 channel.
      50.0  1.00000000  0.00000000i: elastic S-matrix  @@      0.00  0   0 F  0
 Reaction Xsec    50.0-/52 @ 4 =   0.000#, Out:   0.000#   0.000#   0.000f


 Total SPIN, PARITY =    51.0 +,      4 chs,      0 cc.  Rmin & Coul turning =    4.0   85.2
   S-matrix    1 =    1.00000  -0.00000 for L=   49, J=   49.5 channel on core I =   1.5 from L=   49,  Acc. loss =  0.0 D.
 Elastic phase shift   1 =   -0.000   0.000 deg. for the L =   49, J =   49.5 channel.
      51.0  1.00000000 -0.00000000i: elastic S-matrix  @@      0.00  0   0 F  0
 Reaction Xsec    51.0+/49 @ 1 =   0.000#, Out:   0.000#   0.000#   0.000f

   S-matrix    2 =    1.00000   0.00000 for L=   51, J=   50.5 channel on core I =   1.5 from L=   51,  Acc. loss =  0.0 D.
 Elastic phase shift   2 =    0.000   0.000 deg. for the L =   51, J =   50.5 channel.
      51.0  1.00000000  0.00000000i: elastic S-matrix  @@      0.00  0   0 F  0
 Reaction Xsec    51.0+/51 @ 2 =   0.000#, Out:   0.000#   0.000#   0.000f

   S-matrix    3 =    1.00000  -0.00000 for L=   51, J=   51.5 channel on core I =   1.5 from L=   51,  Acc. loss =  0.0 D.
 Elastic phase shift   3 =   -0.000   0.000 deg. for the L =   51, J =   51.5 channel.
      51.0  1.00000000 -0.00000000i: elastic S-matrix  @@      0.00  0   0 F  0
 Reaction Xsec    51.0+/51 @ 3 =   0.000#, Out:   0.000#   0.000#   0.000f

   S-matrix    4 =    1.00000   0.00000 for L=   53, J=   52.5 channel on core I =   1.5 from L=   53,  Acc. loss =  0.0 D.
 Elastic phase shift   4 =    0.000   0.000 deg. for the L =   53, J =   52.5 channel.
      51.0  1.00000000  0.00000000i: elastic S-matrix  @@      0.00  0   0 F  0
 Reaction Xsec    51.0+/53 @ 4 =   0.000#, Out:   0.000#   0.000#   0.000f


 Total SPIN, PARITY =    51.0 -,      5 chs,      0 cc.  Rmin & Coul turning =    4.0   85.2
   S-matrix    1 =    1.00000   0.00000 for L=   50, J=   49.5 channel on core I =   1.5 from L=   50,  Acc. loss =  0.0 D.
 Elastic phase shift   1 =    0.000   0.000 deg. for the L =   50, J =   49.5 channel.
      51.0  1.00000000  0.00000000i: elastic S-matrix  @@      0.02  0   0 F  0
 Reaction Xsec    51.0-/50 @ 1 =   0.000#, Out:   0.000#   0.000#   0.000f

   S-matrix    2 =    1.00000   0.00000 for L=   50, J=   50.5 channel on core I =   1.5 from L=   50,  Acc. loss =  0.0 D.
 Elastic phase shift   2 =    0.000   0.000 deg. for the L =   50, J =   50.5 channel.
      51.0  1.00000000  0.00000000i: elastic S-matrix  @@      0.00  0   0 F  0
 Reaction Xsec    51.0-/50 @ 2 =   0.000#, Out:   0.000#   0.000#   0.000f

   S-matrix    3 =    1.00000   0.00000 for L=   52, J=   51.5 channel on core I =   1.5 from L=   52,  Acc. loss =  0.0 D.
 Elastic phase shift   3 =    0.000   0.000 deg. for the L =   52, J =   51.5 channel.
      51.0  1.00000000  0.00000000i: elastic S-matrix  @@      0.00  0   0 F  0
 Reaction Xsec    51.0-/52 @ 3 =   0.000#, Out:   0.000#   0.000#   0.000f

   S-matrix    4 =    1.00000   0.00000 for L=   52, J=   52.5 channel on core I =   1.5 from L=   52,  Acc. loss =  0.0 D.
 Elastic phase shift   4 =    0.000   0.000 deg. for the L =   52, J =   52.5 channel.
      51.0  1.00000000  0.00000000i: elastic S-matrix  @@      0.02  0   0 F  0
 Reaction Xsec    51.0-/52 @ 4 =   0.000#, Out:   0.000#   0.000#   0.000f


 Total SPIN, PARITY =    52.0 +,      5 chs,      0 cc.  Rmin & Coul turning =    4.2   86.9
   S-matrix    1 =    1.00000   0.00000 for L=   51, J=   50.5 channel on core I =   1.5 from L=   51,  Acc. loss =  0.0 D.
 Elastic phase shift   1 =    0.000   0.000 deg. for the L =   51, J =   50.5 channel.
0****** WARNING : ACCURACY LOSS IN ERWIN = 14.4 DIGITS, SO EXPECT ERRORS OF********* % OF UNITARITY

   228243379853395.91        4.9524348346282691E+018   2.2204460492503131E-016
 Increase lower cutoff: eg CUTL. Continuing.
      52.0  1.00000000  0.00000000i: elastic S-matrix  @@      0.02  0   0 F  0
 Reaction Xsec    52.0+/51 @ 1 =   0.000#, Out:   0.000#******** ********f

   S-matrix    2 =    1.00000   0.00000 for L=   51, J=   51.5 channel on core I =   1.5 from L=   51,  Acc. loss =  0.0 D.
 Elastic phase shift   2 =    0.000   0.000 deg. for the L =   51, J =   51.5 channel.
      52.0  1.00000000  0.00000000i: elastic S-matrix  @@      0.00  0   0 F  0
 Reaction Xsec    52.0+/51 @ 2 =   0.000#, Out:   0.000#   0.000#   0.000f

   S-matrix    3 =    1.00000   0.00000 for L=   53, J=   52.5 channel on core I =   1.5 from L=   53,  Acc. loss =  0.0 D.
 Elastic phase shift   3 =    0.000   0.000 deg. for the L =   53, J =   52.5 channel.
      52.0  1.00000000  0.00000000i: elastic S-matrix  @@      0.00  0   0 F  0
 Reaction Xsec    52.0+/53 @ 3 =   0.000#, Out:   0.000#   0.000#   0.000f

   S-matrix    4 =    1.00000  -0.00000 for L=   53, J=   53.5 channel on core I =   1.5 from L=   53,  Acc. loss =  0.0 D.
 Elastic phase shift   4 =   -0.000   0.000 deg. for the L =   53, J =   53.5 channel.
0****** WARNING : ACCURACY LOSS IN ERWIN = 14.2 DIGITS, SO EXPECT ERRORS OF********* % OF UNITARITY

   165063562418261.72        1.1662670390821302E+021   2.2204460492503131E-016
 Increase lower cutoff: eg CUTL. Continuing.
      52.0  1.00000000 -0.00000000i: elastic S-matrix  @@      0.02  0   0 F  0
 Reaction Xsec    52.0+/53 @ 4 =   0.000#, Out:   0.000#******** ********f


 Total SPIN, PARITY =    52.0 -,      4 chs,      0 cc.  Rmin & Coul turning =    4.2   86.9
   S-matrix    1 =    1.00000  -0.00000 for L=   50, J=   50.5 channel on core I =   1.5 from L=   50,  Acc. loss =  0.0 D.
 Elastic phase shift   1 =   -0.000   0.000 deg. for the L =   50, J =   50.5 channel.
      52.0  1.00000000 -0.00000000i: elastic S-matrix  @@      0.00  0   0 F  0
 Reaction Xsec    52.0-/50 @ 1 =   0.000#, Out:   0.000#   0.000#   0.000f

   S-matrix    2 =    1.00000  -0.00000 for L=   52, J=   51.5 channel on core I =   1.5 from L=   52,  Acc. loss =  0.0 D.
 Elastic phase shift   2 =   -0.000   0.000 deg. for the L =   52, J =   51.5 channel.
      52.0  1.00000000 -0.00000000i: elastic S-matrix  @@      0.00  0   0 F  0
 Reaction Xsec    52.0-/52 @ 2 =   0.000#, Out:   0.000#   0.000#   0.000f

   S-matrix    3 =    1.00000   0.00000 for L=   52, J=   52.5 channel on core I =   1.5 from L=   52,  Acc. loss =  0.0 D.
 Elastic phase shift   3 =    0.000   0.000 deg. for the L =   52, J =   52.5 channel.
      52.0  1.00000000  0.00000000i: elastic S-matrix  @@      0.00  0   0 F  0
 Reaction Xsec    52.0-/52 @ 3 =   0.000#, Out:   0.000#   0.000#   0.000f

   S-matrix    4 =    1.00000   0.00000 for L=   54, J=   53.5 channel on core I =   1.5 from L=   54,  Acc. loss =  0.0 D.
 Elastic phase shift   4 =    0.000   0.000 deg. for the L =   54, J =   53.5 channel.
      52.0  1.00000000  0.00000000i: elastic S-matrix  @@      0.00  0   0 F  0
 Reaction Xsec    52.0-/54 @ 4 =   0.000#, Out:   0.000#   0.000#   0.000f


 Total SPIN, PARITY =    53.0 +,      4 chs,      0 cc.  Rmin & Coul turning =    4.2   88.5
   S-matrix    1 =    1.00000   0.00000 for L=   51, J=   51.5 channel on core I =   1.5 from L=   51,  Acc. loss =  0.0 D.
 Elastic phase shift   1 =    0.000   0.000 deg. for the L =   51, J =   51.5 channel.
      53.0  1.00000000  0.00000000i: elastic S-matrix  @@      0.00  0   0 F  0
 Reaction Xsec    53.0+/51 @ 1 =   0.000#, Out:   0.000#   0.000#   0.000f

   S-matrix    2 =    1.00000   0.00000 for L=   53, J=   52.5 channel on core I =   1.5 from L=   53,  Acc. loss =  0.0 D.
 Elastic phase shift   2 =    0.000   0.000 deg. for the L =   53, J =   52.5 channel.
      53.0  1.00000000  0.00000000i: elastic S-matrix  @@      0.00  0   0 F  0
 Reaction Xsec    53.0+/53 @ 2 =   0.000#, Out:   0.000#   0.000#   0.000f

   S-matrix    3 =    1.00000  -0.00000 for L=   53, J=   53.5 channel on core I =   1.5 from L=   53,  Acc. loss =  0.0 D.
 Elastic phase shift   3 =   -0.000   0.000 deg. for the L =   53, J =   53.5 channel.
      53.0  1.00000000 -0.00000000i: elastic S-matrix  @@      0.00  0   0 F  0
 Reaction Xsec    53.0+/53 @ 3 =   0.000#, Out:   0.000#   0.000#   0.000f

   S-matrix    4 =    1.00000  -0.00000 for L=   55, J=   54.5 channel on core I =   1.5 from L=   55,  Acc. loss =  0.0 D.
 Elastic phase shift   4 =   -0.000   0.000 deg. for the L =   55, J =   54.5 channel.
      53.0  1.00000000 -0.00000000i: elastic S-matrix  @@      0.00  0   0 F  0
 Reaction Xsec    53.0+/55 @ 4 =   0.000#, Out:   0.000#   0.000#   0.000f


 Total SPIN, PARITY =    53.0 -,      5 chs,      0 cc.  Rmin & Coul turning =    4.2   88.5
   S-matrix    1 =    1.00000   0.00000 for L=   52, J=   51.5 channel on core I =   1.5 from L=   52,  Acc. loss =  0.0 D.
 Elastic phase shift   1 =    0.000   0.000 deg. for the L =   52, J =   51.5 channel.
      53.0  1.00000000  0.00000000i: elastic S-matrix  @@      0.00  0   0 F  0
 Reaction Xsec    53.0-/52 @ 1 =   0.000#, Out:   0.000#   0.000#   0.000f

   S-matrix    2 =    1.00000   0.00000 for L=   52, J=   52.5 channel on core I =   1.5 from L=   52,  Acc. loss =  0.0 D.
 Elastic phase shift   2 =    0.000   0.000 deg. for the L =   52, J =   52.5 channel.
0****** WARNING : ACCURACY LOSS IN ERWIN = 14.9 DIGITS, SO EXPECT ERRORS OF********* % OF UNITARITY

   775936620404157.38        8.1070722800837643E+020   2.2204460492503131E-016
 Increase lower cutoff: eg CUTL. Continuing.
      53.0  1.00000000  0.00000000i: elastic S-matrix  @@      0.02  0   0 F  0
 Reaction Xsec    53.0-/52 @ 2 =   0.000#, Out:   0.000#******** ********f

   S-matrix    3 =    1.00000   0.00000 for L=   54, J=   53.5 channel on core I =   1.5 from L=   54,  Acc. loss =  0.0 D.
 Elastic phase shift   3 =    0.000   0.000 deg. for the L =   54, J =   53.5 channel.
      53.0  1.00000000  0.00000000i: elastic S-matrix  @@      0.00  0   0 F  0
 Reaction Xsec    53.0-/54 @ 3 =   0.000#, Out:   0.000#   0.000#   0.000f

   S-matrix    4 =    1.00000   0.00000 for L=   54, J=   54.5 channel on core I =   1.5 from L=   54,  Acc. loss =  0.0 D.
 Elastic phase shift   4 =    0.000   0.000 deg. for the L =   54, J =   54.5 channel.
      53.0  1.00000000  0.00000000i: elastic S-matrix  @@      0.00  0   0 F  0
 Reaction Xsec    53.0-/54 @ 4 =   0.000#, Out:   0.000#   0.000#   0.000f


 Total SPIN, PARITY =    54.0 +,      5 chs,      0 cc.  Rmin & Coul turning =    4.3   90.2
   S-matrix    1 =    1.00000   0.00000 for L=   53, J=   52.5 channel on core I =   1.5 from L=   53,  Acc. loss =  0.0 D.
 Elastic phase shift   1 =    0.000   0.000 deg. for the L =   53, J =   52.5 channel.
0****** WARNING : ACCURACY LOSS IN ERWIN = 15.6 DIGITS, SO EXPECT ERRORS OF********* % OF UNITARITY

   3766986086261404.5        2.2319342134088064E+021   2.2204460492503131E-016
 Increase lower cutoff: eg CUTL. Continuing.
      54.0  1.00000000  0.00000000i: elastic S-matrix  @@      0.02  0   0 F  0
 Reaction Xsec    54.0+/53 @ 1 =   0.000#, Out:   0.000#******** ********f

   S-matrix    2 =    1.00000   0.00000 for L=   53, J=   53.5 channel on core I =   1.5 from L=   53,  Acc. loss =  0.0 D.
 Elastic phase shift   2 =    0.000   0.000 deg. for the L =   53, J =   53.5 channel.
      54.0  1.00000000  0.00000000i: elastic S-matrix  @@      0.02  0   0 F  0
 Reaction Xsec    54.0+/53 @ 2 =   0.000#, Out:   0.000#   0.000#   0.000f

   S-matrix    3 =    1.00000   0.00000 for L=   55, J=   54.5 channel on core I =   1.5 from L=   55,  Acc. loss =  0.0 D.
 Elastic phase shift   3 =    0.000   0.000 deg. for the L =   55, J =   54.5 channel.
      54.0  1.00000000  0.00000000i: elastic S-matrix  @@      0.00  0   0 F  0
 Reaction Xsec    54.0+/55 @ 3 =   0.000#, Out:   0.000#   0.000#   0.000f

   S-matrix    4 =    1.00000   0.00000 for L=   55, J=   55.5 channel on core I =   1.5 from L=   55,  Acc. loss =  0.0 D.
 Elastic phase shift   4 =    0.000   0.000 deg. for the L =   55, J =   55.5 channel.
      54.0  1.00000000  0.00000000i: elastic S-matrix  @@      0.00  0   0 F  0
 Reaction Xsec    54.0+/55 @ 4 =   0.000#, Out:   0.000#   0.000#   0.000f


 Total SPIN, PARITY =    54.0 -,      4 chs,      0 cc.  Rmin & Coul turning =    4.3   90.2
   S-matrix    1 =    1.00000   0.00000 for L=   52, J=   52.5 channel on core I =   1.5 from L=   52,  Acc. loss =  0.0 D.
 Elastic phase shift   1 =    0.000   0.000 deg. for the L =   52, J =   52.5 channel.
      54.0  1.00000000  0.00000000i: elastic S-matrix  @@      0.00  0   0 F  0
 Reaction Xsec    54.0-/52 @ 1 =   0.000#, Out:   0.000#   0.000#   0.000f

   S-matrix    2 =    1.00000   0.00000 for L=   54, J=   53.5 channel on core I =   1.5 from L=   54,  Acc. loss =  0.0 D.
 Elastic phase shift   2 =    0.000   0.000 deg. for the L =   54, J =   53.5 channel.
      54.0  1.00000000  0.00000000i: elastic S-matrix  @@      0.00  0   0 F  0
 Reaction Xsec    54.0-/54 @ 2 =   0.000#, Out:   0.000#   0.000#   0.000f

   S-matrix    3 =    1.00000   0.00000 for L=   54, J=   54.5 channel on core I =   1.5 from L=   54,  Acc. loss =  0.0 D.
 Elastic phase shift   3 =    0.000   0.000 deg. for the L =   54, J =   54.5 channel.
      54.0  1.00000000  0.00000000i: elastic S-matrix  @@      0.00  0   0 F  0
 Reaction Xsec    54.0-/54 @ 3 =   0.000#, Out:   0.000#   0.000#   0.000f

   S-matrix    4 =    1.00000   0.00000 for L=   56, J=   55.5 channel on core I =   1.5 from L=   56,  Acc. loss =  0.0 D.
 Elastic phase shift   4 =    0.000   0.000 deg. for the L =   56, J =   55.5 channel.
      54.0  1.00000000  0.00000000i: elastic S-matrix  @@      0.00  0   0 F  0
 Reaction Xsec    54.0-/56 @ 4 =   0.000#, Out:   0.000#   0.000#   0.000f


 Total SPIN, PARITY =    55.0 +,      4 chs,      0 cc.  Rmin & Coul turning =    4.4   91.8
   S-matrix    1 =    1.00000   0.00000 for L=   53, J=   53.5 channel on core I =   1.5 from L=   53,  Acc. loss =  0.0 D.
 Elastic phase shift   1 =    0.000   0.000 deg. for the L =   53, J =   53.5 channel.
      55.0  1.00000000  0.00000000i: elastic S-matrix  @@      0.00  0   0 F  0
 Reaction Xsec    55.0+/53 @ 1 =   0.000#, Out:   0.000#   0.000#   0.000f

   S-matrix    2 =    1.00000  -0.00000 for L=   55, J=   54.5 channel on core I =   1.5 from L=   55,  Acc. loss =  0.0 D.
 Elastic phase shift   2 =   -0.000   0.000 deg. for the L =   55, J =   54.5 channel.
      55.0  1.00000000 -0.00000000i: elastic S-matrix  @@      0.00  0   0 F  0
 Reaction Xsec    55.0+/55 @ 2 =   0.000#, Out:   0.000#   0.000#   0.000f

   S-matrix    3 =    1.00000   0.00000 for L=   55, J=   55.5 channel on core I =   1.5 from L=   55,  Acc. loss =  0.0 D.
 Elastic phase shift   3 =    0.000   0.000 deg. for the L =   55, J =   55.5 channel.
      55.0  1.00000000  0.00000000i: elastic S-matrix  @@      0.00  0   0 F  0
 Reaction Xsec    55.0+/55 @ 3 =   0.000#, Out:   0.000#   0.000#   0.000f

   S-matrix    4 =    1.00000   0.00000 for L=   57, J=   56.5 channel on core I =   1.5 from L=   57,  Acc. loss =  0.0 D.
 Elastic phase shift   4 =    0.000   0.000 deg. for the L =   57, J =   56.5 channel.
      55.0  1.00000000  0.00000000i: elastic S-matrix  @@      0.00  0   0 F  0
 Reaction Xsec    55.0+/57 @ 4 =   0.000#, Out:   0.000#   0.000#   0.000f


 Total SPIN, PARITY =    55.0 -,      5 chs,      0 cc.  Rmin & Coul turning =    4.4   91.8
   S-matrix    1 =    1.00000   0.00000 for L=   54, J=   53.5 channel on core I =   1.5 from L=   54,  Acc. loss =  0.0 D.
 Elastic phase shift   1 =    0.000   0.000 deg. for the L =   54, J =   53.5 channel.
      55.0  1.00000000  0.00000000i: elastic S-matrix  @@      0.02  0   0 F  0
 Reaction Xsec    55.0-/54 @ 1 =   0.000#, Out:   0.000#   0.000#   0.000f

   S-matrix    2 =    1.00000   0.00000 for L=   54, J=   54.5 channel on core I =   1.5 from L=   54,  Acc. loss =  0.0 D.
 Elastic phase shift   2 =    0.000   0.000 deg. for the L =   54, J =   54.5 channel.
      55.0  1.00000000  0.00000000i: elastic S-matrix  @@      0.00  0   0 F  0
 Reaction Xsec    55.0-/54 @ 2 =   0.000#, Out:   0.000#   0.000#   0.000f

   S-matrix    3 =    1.00000   0.00000 for L=   56, J=   55.5 channel on core I =   1.5 from L=   56,  Acc. loss =  0.0 D.
 Elastic phase shift   3 =    0.000   0.000 deg. for the L =   56, J =   55.5 channel.
      55.0  1.00000000  0.00000000i: elastic S-matrix  @@      0.02  0   0 F  0
 Reaction Xsec    55.0-/56 @ 3 =   0.000#, Out:   0.000#   0.000#   0.000f

   S-matrix    4 =    1.00000  -0.00000 for L=   56, J=   56.5 channel on core I =   1.5 from L=   56,  Acc. loss =  0.0 D.
 Elastic phase shift   4 =   -0.000   0.000 deg. for the L =   56, J =   56.5 channel.
      55.0  1.00000000 -0.00000000i: elastic S-matrix  @@      0.00  0   0 F  0
 Reaction Xsec    55.0-/56 @ 4 =   0.000#, Out:   0.000#   0.000#   0.000f


 Total SPIN, PARITY =    56.0 +,      5 chs,      0 cc.  Rmin & Coul turning =    4.5   93.5
   S-matrix    1 =    1.00000   0.00000 for L=   55, J=   54.5 channel on core I =   1.5 from L=   55,  Acc. loss =  0.0 D.
 Elastic phase shift   1 =    0.000   0.000 deg. for the L =   55, J =   54.5 channel.
0****** WARNING : ACCURACY LOSS IN ERWIN = 14.6 DIGITS, SO EXPECT ERRORS OF********* % OF UNITARITY

   360734472811851.38        4.4167620955955183E+023   2.2204460492503131E-016
 Increase lower cutoff: eg CUTL. Continuing.
      56.0  1.00000000  0.00000000i: elastic S-matrix  @@      0.02  0   0 F  0
 Reaction Xsec    56.0+/55 @ 1 =   0.000#, Out:   0.000#******** ********f

   S-matrix    2 =    1.00000   0.00000 for L=   55, J=   55.5 channel on core I =   1.5 from L=   55,  Acc. loss =  0.0 D.
 Elastic phase shift   2 =    0.000   0.000 deg. for the L =   55, J =   55.5 channel.
      56.0  1.00000000  0.00000000i: elastic S-matrix  @@      0.02  0   0 F  0
 Reaction Xsec    56.0+/55 @ 2 =   0.000#, Out:   0.000#   0.000#   0.000f

   S-matrix    3 =    1.00000   0.00000 for L=   57, J=   56.5 channel on core I =   1.5 from L=   57,  Acc. loss =  0.0 D.
 Elastic phase shift   3 =    0.000   0.000 deg. for the L =   57, J =   56.5 channel.
0****** WARNING : ACCURACY LOSS IN ERWIN = 14.6 DIGITS, SO EXPECT ERRORS OF********* % OF UNITARITY

   369174485880954.50        2.0250047817974556E+025   2.2204460492503131E-016
 Increase lower cutoff: eg CUTL. Continuing.
      56.0  1.00000000  0.00000000i: elastic S-matrix  @@      0.00  0   0 F  0
 Reaction Xsec    56.0+/57 @ 3 =   0.000#, Out:   0.000#******** ********f

   S-matrix    4 =    1.00000  -0.00000 for L=   57, J=   57.5 channel on core I =   1.5 from L=   57,  Acc. loss =  0.0 D.
 Elastic phase shift   4 =   -0.000   0.000 deg. for the L =   57, J =   57.5 channel.
      56.0  1.00000000 -0.00000000i: elastic S-matrix  @@      0.00  0   0 F  0
 Reaction Xsec    56.0+/57 @ 4 =   0.000#, Out:   0.000#   0.000#   0.000f


 Total SPIN, PARITY =    56.0 -,      4 chs,      0 cc.  Rmin & Coul turning =    4.5   93.5
   S-matrix    1 =    1.00000   0.00000 for L=   54, J=   54.5 channel on core I =   1.5 from L=   54,  Acc. loss =  0.0 D.
 Elastic phase shift   1 =    0.000   0.000 deg. for the L =   54, J =   54.5 channel.
      56.0  1.00000000  0.00000000i: elastic S-matrix  @@      0.00  0   0 F  0
 Reaction Xsec    56.0-/54 @ 1 =   0.000#, Out:   0.000#   0.000#   0.000f

   S-matrix    2 =    1.00000   0.00000 for L=   56, J=   55.5 channel on core I =   1.5 from L=   56,  Acc. loss =  0.0 D.
 Elastic phase shift   2 =    0.000   0.000 deg. for the L =   56, J =   55.5 channel.
      56.0  1.00000000  0.00000000i: elastic S-matrix  @@      0.00  0   0 F  0
 Reaction Xsec    56.0-/56 @ 2 =   0.000#, Out:   0.000#   0.000#   0.000f

   S-matrix    3 =    1.00000  -0.00000 for L=   56, J=   56.5 channel on core I =   1.5 from L=   56,  Acc. loss =  0.0 D.
 Elastic phase shift   3 =   -0.000   0.000 deg. for the L =   56, J =   56.5 channel.
      56.0  1.00000000 -0.00000000i: elastic S-matrix  @@      0.00  0   0 F  0
 Reaction Xsec    56.0-/56 @ 3 =   0.000#, Out:   0.000#   0.000#   0.000f

   S-matrix    4 =    1.00000   0.00000 for L=   58, J=   57.5 channel on core I =   1.5 from L=   58,  Acc. loss =  0.0 D.
 Elastic phase shift   4 =    0.000   0.000 deg. for the L =   58, J =   57.5 channel.
      56.0  1.00000000  0.00000000i: elastic S-matrix  @@      0.00  0   0 F  0
 Reaction Xsec    56.0-/58 @ 4 =   0.000#, Out:   0.000#   0.000#   0.000f


 Total SPIN, PARITY =    57.0 +,      4 chs,      0 cc.  Rmin & Coul turning =    4.5   95.1
   S-matrix    1 =    1.00000  -0.00000 for L=   55, J=   55.5 channel on core I =   1.5 from L=   55,  Acc. loss =  0.0 D.
 Elastic phase shift   1 =   -0.000   0.000 deg. for the L =   55, J =   55.5 channel.
      57.0  1.00000000 -0.00000000i: elastic S-matrix  @@      0.00  0   0 F  0
 Reaction Xsec    57.0+/55 @ 1 =   0.000#, Out:   0.000#   0.000#   0.000f

   S-matrix    2 =    1.00000   0.00000 for L=   57, J=   56.5 channel on core I =   1.5 from L=   57,  Acc. loss =  0.0 D.
 Elastic phase shift   2 =    0.000   0.000 deg. for the L =   57, J =   56.5 channel.
      57.0  1.00000000  0.00000000i: elastic S-matrix  @@      0.00  0   0 F  0
 Reaction Xsec    57.0+/57 @ 2 =   0.000#, Out:   0.000#   0.000#   0.000f

   S-matrix    3 =    1.00000   0.00000 for L=   57, J=   57.5 channel on core I =   1.5 from L=   57,  Acc. loss =  0.0 D.
 Elastic phase shift   3 =    0.000   0.000 deg. for the L =   57, J =   57.5 channel.
      57.0  1.00000000  0.00000000i: elastic S-matrix  @@      0.00  0   0 F  0
 Reaction Xsec    57.0+/57 @ 3 =   0.000#, Out:   0.000#   0.000#   0.000f

   S-matrix    4 =    1.00000   0.00000 for L=   59, J=   58.5 channel on core I =   1.5 from L=   59,  Acc. loss =  0.0 D.
 Elastic phase shift   4 =    0.000   0.000 deg. for the L =   59, J =   58.5 channel.
      57.0  1.00000000  0.00000000i: elastic S-matrix  @@      0.00  0   0 F  0
 Reaction Xsec    57.0+/59 @ 4 =   0.000#, Out:   0.000#   0.000#   0.000f


 Total SPIN, PARITY =    57.0 -,      5 chs,      0 cc.  Rmin & Coul turning =    4.5   95.1
   S-matrix    1 =    1.00000   0.00000 for L=   56, J=   55.5 channel on core I =   1.5 from L=   56,  Acc. loss =  0.0 D.
 Elastic phase shift   1 =    0.000   0.000 deg. for the L =   56, J =   55.5 channel.
      57.0  1.00000000  0.00000000i: elastic S-matrix  @@      0.02  0   0 F  0
 Reaction Xsec    57.0-/56 @ 1 =   0.000#, Out:   0.000#   0.000#   0.000f

   S-matrix    2 =    1.00000  -0.00000 for L=   56, J=   56.5 channel on core I =   1.5 from L=   56,  Acc. loss =  0.0 D.
 Elastic phase shift   2 =   -0.000   0.000 deg. for the L =   56, J =   56.5 channel.
      57.0  1.00000000 -0.00000000i: elastic S-matrix  @@      0.02  0   0 F  0
 Reaction Xsec    57.0-/56 @ 2 =   0.000#, Out:   0.000#   0.000#   0.000f

   S-matrix    3 =    1.00000   0.00000 for L=   58, J=   57.5 channel on core I =   1.5 from L=   58,  Acc. loss =  0.0 D.
 Elastic phase shift   3 =    0.000   0.000 deg. for the L =   58, J =   57.5 channel.
      57.0  1.00000000  0.00000000i: elastic S-matrix  @@      0.00  0   0 F  0
 Reaction Xsec    57.0-/58 @ 3 =   0.000#, Out:   0.000#   0.000#   0.000f

   S-matrix    4 =    1.00000   0.00000 for L=   58, J=   58.5 channel on core I =   1.5 from L=   58,  Acc. loss =  0.0 D.
 Elastic phase shift   4 =    0.000   0.000 deg. for the L =   58, J =   58.5 channel.
      57.0  1.00000000  0.00000000i: elastic S-matrix  @@      0.00  0   0 F  0
 Reaction Xsec    57.0-/58 @ 4 =   0.000#, Out:   0.000#   0.000#   0.000f


 Total SPIN, PARITY =    58.0 +,      5 chs,      0 cc.  Rmin & Coul turning =    4.6   96.8
   S-matrix    1 =    1.00000   0.00000 for L=   57, J=   56.5 channel on core I =   1.5 from L=   57,  Acc. loss =  0.0 D.
 Elastic phase shift   1 =    0.000   0.000 deg. for the L =   57, J =   56.5 channel.
0****** WARNING : ACCURACY LOSS IN ERWIN = 14.7 DIGITS, SO EXPECT ERRORS OF********* % OF UNITARITY

   449851918692825.38        3.2230589018341524E+025   2.2204460492503131E-016
 Increase lower cutoff: eg CUTL. Continuing.
      58.0  1.00000000  0.00000000i: elastic S-matrix  @@      0.03  0   0 F  0
 Reaction Xsec    58.0+/57 @ 1 =   0.000#, Out:   0.000#******** ********f

   S-matrix    2 =    1.00000   0.00000 for L=   57, J=   57.5 channel on core I =   1.5 from L=   57,  Acc. loss =  0.0 D.
 Elastic phase shift   2 =    0.000   0.000 deg. for the L =   57, J =   57.5 channel.
      58.0  1.00000000  0.00000000i: elastic S-matrix  @@      0.00  0   0 F  0
 Reaction Xsec    58.0+/57 @ 2 =   0.000#, Out:   0.000#   0.000#   0.000f

   S-matrix    3 =    1.00000   0.00000 for L=   59, J=   58.5 channel on core I =   1.5 from L=   59,  Acc. loss =  0.0 D.
 Elastic phase shift   3 =    0.000   0.000 deg. for the L =   59, J =   58.5 channel.
      58.0  1.00000000  0.00000000i: elastic S-matrix  @@      0.00  0   0 F  0
 Reaction Xsec    58.0+/59 @ 3 =   0.000#, Out:   0.000#   0.000#   0.000f

   S-matrix    4 =    1.00000   0.00000 for L=   59, J=   59.5 channel on core I =   1.5 from L=   59,  Acc. loss =  0.0 D.
 Elastic phase shift   4 =    0.000   0.000 deg. for the L =   59, J =   59.5 channel.
      58.0  1.00000000  0.00000000i: elastic S-matrix  @@      0.02  0   0 F  0
 Reaction Xsec    58.0+/59 @ 4 =   0.000#, Out:   0.000#   0.000#   0.000f


 Total SPIN, PARITY =    58.0 -,      4 chs,      0 cc.  Rmin & Coul turning =    4.6   96.8
   S-matrix    1 =    1.00000  -0.00000 for L=   56, J=   56.5 channel on core I =   1.5 from L=   56,  Acc. loss =  0.0 D.
 Elastic phase shift   1 =   -0.000   0.000 deg. for the L =   56, J =   56.5 channel.
      58.0  1.00000000 -0.00000000i: elastic S-matrix  @@      0.00  0   0 F  0
 Reaction Xsec    58.0-/56 @ 1 =   0.000#, Out:   0.000#   0.000#   0.000f

   S-matrix    2 =    1.00000   0.00000 for L=   58, J=   57.5 channel on core I =   1.5 from L=   58,  Acc. loss =  0.0 D.
 Elastic phase shift   2 =    0.000   0.000 deg. for the L =   58, J =   57.5 channel.
      58.0  1.00000000  0.00000000i: elastic S-matrix  @@      0.00  0   0 F  0
 Reaction Xsec    58.0-/58 @ 2 =   0.000#, Out:   0.000#   0.000#   0.000f

   S-matrix    3 =    1.00000  -0.00000 for L=   58, J=   58.5 channel on core I =   1.5 from L=   58,  Acc. loss =  0.0 D.
 Elastic phase shift   3 =   -0.000   0.000 deg. for the L =   58, J =   58.5 channel.
      58.0  1.00000000 -0.00000000i: elastic S-matrix  @@      0.00  0   0 F  0
 Reaction Xsec    58.0-/58 @ 3 =   0.000#, Out:   0.000#   0.000#   0.000f

   S-matrix    4 =    1.00000  -0.00000 for L=   60, J=   59.5 channel on core I =   1.5 from L=   60,  Acc. loss =  0.0 D.
 Elastic phase shift   4 =   -0.000   0.000 deg. for the L =   60, J =   59.5 channel.
      58.0  1.00000000 -0.00000000i: elastic S-matrix  @@      0.00  0   0 F  0
 Reaction Xsec    58.0-/60 @ 4 =   0.000#, Out:   0.000#   0.000#   0.000f


 Total SPIN, PARITY =    59.0 +,      4 chs,      0 cc.  Rmin & Coul turning =    4.7   98.4
   S-matrix    1 =    1.00000   0.00000 for L=   57, J=   57.5 channel on core I =   1.5 from L=   57,  Acc. loss =  0.0 D.
 Elastic phase shift   1 =    0.000   0.000 deg. for the L =   57, J =   57.5 channel.
      59.0  1.00000000  0.00000000i: elastic S-matrix  @@      0.00  0   0 F  0
 Reaction Xsec    59.0+/57 @ 1 =   0.000#, Out:   0.000#   0.000#   0.000f

   S-matrix    2 =    1.00000   0.00000 for L=   59, J=   58.5 channel on core I =   1.5 from L=   59,  Acc. loss =  0.0 D.
 Elastic phase shift   2 =    0.000   0.000 deg. for the L =   59, J =   58.5 channel.
      59.0  1.00000000  0.00000000i: elastic S-matrix  @@      0.00  0   0 F  0
 Reaction Xsec    59.0+/59 @ 2 =   0.000#, Out:   0.000#   0.000#   0.000f

   S-matrix    3 =    1.00000   0.00000 for L=   59, J=   59.5 channel on core I =   1.5 from L=   59,  Acc. loss =  0.0 D.
 Elastic phase shift   3 =    0.000   0.000 deg. for the L =   59, J =   59.5 channel.
      59.0  1.00000000  0.00000000i: elastic S-matrix  @@      0.00  0   0 F  0
 Reaction Xsec    59.0+/59 @ 3 =   0.000#, Out:   0.000#   0.000#   0.000f

   S-matrix    4 =    1.00000  -0.00000 for L=   61, J=   60.5 channel on core I =   1.5 from L=   61,  Acc. loss =  0.0 D.
 Elastic phase shift   4 =   -0.000   0.000 deg. for the L =   61, J =   60.5 channel.
      59.0  1.00000000 -0.00000000i: elastic S-matrix  @@      0.00  0   0 F  0
 Reaction Xsec    59.0+/61 @ 4 =   0.000#, Out:   0.000#   0.000#   0.000f


 Total SPIN, PARITY =    59.0 -,      5 chs,      0 cc.  Rmin & Coul turning =    4.7   98.4
   S-matrix    1 =    1.00000   0.00000 for L=   58, J=   57.5 channel on core I =   1.5 from L=   58,  Acc. loss =  0.0 D.
 Elastic phase shift   1 =    0.000   0.000 deg. for the L =   58, J =   57.5 channel.
      59.0  1.00000000  0.00000000i: elastic S-matrix  @@      0.02  0   0 F  0
 Reaction Xsec    59.0-/58 @ 1 =   0.000#, Out:   0.000#   0.000#   0.000f

   S-matrix    2 =    1.00000   0.00000 for L=   58, J=   58.5 channel on core I =   1.5 from L=   58,  Acc. loss =  0.0 D.
 Elastic phase shift   2 =    0.000   0.000 deg. for the L =   58, J =   58.5 channel.
      59.0  1.00000000  0.00000000i: elastic S-matrix  @@      0.00  0   0 F  0
 Reaction Xsec    59.0-/58 @ 2 =   0.000#, Out:   0.000#   0.000#   0.000f

   S-matrix    3 =    1.00000   0.00000 for L=   60, J=   59.5 channel on core I =   1.5 from L=   60,  Acc. loss =  0.0 D.
 Elastic phase shift   3 =    0.000   0.000 deg. for the L =   60, J =   59.5 channel.
      59.0  1.00000000  0.00000000i: elastic S-matrix  @@      0.00  0   0 F  0
 Reaction Xsec    59.0-/60 @ 3 =   0.000#, Out:   0.000#   0.000#   0.000f

   S-matrix    4 =    1.00000  -0.00000 for L=   60, J=   60.5 channel on core I =   1.5 from L=   60,  Acc. loss =  0.0 D.
 Elastic phase shift   4 =   -0.000   0.000 deg. for the L =   60, J =   60.5 channel.
      59.0  1.00000000 -0.00000000i: elastic S-matrix  @@      0.02  0   0 F  0
 Reaction Xsec    59.0-/60 @ 4 =   0.000#, Out:   0.000#   0.000#   0.000f


 Total SPIN, PARITY =    60.0 +,      5 chs,      0 cc.  Rmin & Coul turning =    4.8  100.1
   S-matrix    1 =    1.00000   0.00000 for L=   59, J=   58.5 channel on core I =   1.5 from L=   59,  Acc. loss =  0.0 D.
 Elastic phase shift   1 =    0.000   0.000 deg. for the L =   59, J =   58.5 channel.
      60.0  1.00000000  0.00000000i: elastic S-matrix  @@      0.00  0   0 F  0
 Reaction Xsec    60.0+/59 @ 1 =   0.000#, Out:   0.000#   0.000#   0.000f

   S-matrix    2 =    1.00000   0.00000 for L=   59, J=   59.5 channel on core I =   1.5 from L=   59,  Acc. loss =  0.0 D.
 Elastic phase shift   2 =    0.000   0.000 deg. for the L =   59, J =   59.5 channel.
      60.0  1.00000000  0.00000000i: elastic S-matrix  @@      0.02  0   0 F  0
 Reaction Xsec    60.0+/59 @ 2 =   0.000#, Out:   0.000#   0.000#   0.000f

   S-matrix    3 =    1.00000   0.00000 for L=   61, J=   60.5 channel on core I =   1.5 from L=   61,  Acc. loss =  0.0 D.
 Elastic phase shift   3 =    0.000   0.000 deg. for the L =   61, J =   60.5 channel.
0****** WARNING : ACCURACY LOSS IN ERWIN = 14.9 DIGITS, SO EXPECT ERRORS OF********* % OF UNITARITY

   732860567503310.62        2.7783335737555317E+028   2.2204460492503131E-016
 Increase lower cutoff: eg CUTL. Continuing.
      60.0  1.00000000  0.00000000i: elastic S-matrix  @@      0.00  0   0 F  0
 Reaction Xsec    60.0+/61 @ 3 =   0.000#, Out:   0.000#******** ********f

   S-matrix    4 =    1.00000   0.00000 for L=   61, J=   61.5 channel on core I =   1.5 from L=   61,  Acc. loss =  0.0 D.
 Elastic phase shift   4 =    0.000   0.000 deg. for the L =   61, J =   61.5 channel.
      60.0  1.00000000  0.00000000i: elastic S-matrix  @@      0.00  0   0 F  0
 Reaction Xsec    60.0+/61 @ 4 =   0.000#, Out:   0.000#   0.000#   0.000f


 Total SPIN, PARITY =    60.0 -,      4 chs,      0 cc.  Rmin & Coul turning =    4.8  100.1
   S-matrix    1 =    1.00000   0.00000 for L=   58, J=   58.5 channel on core I =   1.5 from L=   58,  Acc. loss =  0.0 D.
 Elastic phase shift   1 =    0.000   0.000 deg. for the L =   58, J =   58.5 channel.
      60.0  1.00000000  0.00000000i: elastic S-matrix  @@      0.00  0   0 F  0
 Reaction Xsec    60.0-/58 @ 1 =   0.000#, Out:   0.000#   0.000#   0.000f

   S-matrix    2 =    1.00000   0.00000 for L=   60, J=   59.5 channel on core I =   1.5 from L=   60,  Acc. loss =  0.0 D.
 Elastic phase shift   2 =    0.000   0.000 deg. for the L =   60, J =   59.5 channel.
      60.0  1.00000000  0.00000000i: elastic S-matrix  @@      0.00  0   0 F  0
 Reaction Xsec    60.0-/60 @ 2 =   0.000#, Out:   0.000#   0.000#   0.000f

   S-matrix    3 =    1.00000   0.00000 for L=   60, J=   60.5 channel on core I =   1.5 from L=   60,  Acc. loss =  0.0 D.
 Elastic phase shift   3 =    0.000   0.000 deg. for the L =   60, J =   60.5 channel.
      60.0  1.00000000  0.00000000i: elastic S-matrix  @@      0.00  0   0 F  0
 Reaction Xsec    60.0-/60 @ 3 =   0.000#, Out:   0.000#   0.000#   0.000f

   S-matrix    4 =    1.00000   0.00000 for L=   62, J=   61.5 channel on core I =   1.5 from L=   62,  Acc. loss =  0.0 D.
 Elastic phase shift   4 =    0.000   0.000 deg. for the L =   62, J =   61.5 channel.
      60.0  1.00000000  0.00000000i: elastic S-matrix  @@      0.00  0   0 F  0
 Reaction Xsec    60.0-/62 @ 4 =   0.000#, Out:   0.000#   0.000#   0.000f


 Total SPIN, PARITY =    61.0 +,      4 chs,      0 cc.  Rmin & Coul turning =    4.9  101.7
   S-matrix    1 =    1.00000   0.00000 for L=   59, J=   59.5 channel on core I =   1.5 from L=   59,  Acc. loss =  0.0 D.
 Elastic phase shift   1 =    0.000   0.000 deg. for the L =   59, J =   59.5 channel.
      61.0  1.00000000  0.00000000i: elastic S-matrix  @@      0.00  0   0 F  0
 Reaction Xsec    61.0+/59 @ 1 =   0.000#, Out:   0.000#   0.000#   0.000f

   S-matrix    2 =    1.00000   0.00000 for L=   61, J=   60.5 channel on core I =   1.5 from L=   61,  Acc. loss =  0.0 D.
 Elastic phase shift   2 =    0.000   0.000 deg. for the L =   61, J =   60.5 channel.
      61.0  1.00000000  0.00000000i: elastic S-matrix  @@      0.00  0   0 F  0
 Reaction Xsec    61.0+/61 @ 2 =   0.000#, Out:   0.000#   0.000#   0.000f

   S-matrix    3 =    1.00000   0.00000 for L=   61, J=   61.5 channel on core I =   1.5 from L=   61,  Acc. loss =  0.0 D.
 Elastic phase shift   3 =    0.000   0.000 deg. for the L =   61, J =   61.5 channel.
      61.0  1.00000000  0.00000000i: elastic S-matrix  @@      0.00  0   0 F  0
 Reaction Xsec    61.0+/61 @ 3 =   0.000#, Out:   0.000#   0.000#   0.000f

   S-matrix    4 =    1.00000  -0.00000 for L=   63, J=   62.5 channel on core I =   1.5 from L=   63,  Acc. loss =  0.0 D.
 Elastic phase shift   4 =   -0.000   0.000 deg. for the L =   63, J =   62.5 channel.
      61.0  1.00000000 -0.00000000i: elastic S-matrix  @@      0.00  0   0 F  0
 Reaction Xsec    61.0+/63 @ 4 =   0.000#, Out:   0.000#   0.000#   0.000f


 Total SPIN, PARITY =    61.0 -,      5 chs,      0 cc.  Rmin & Coul turning =    4.9  101.7
   S-matrix    1 =    1.00000   0.00000 for L=   60, J=   59.5 channel on core I =   1.5 from L=   60,  Acc. loss =  0.0 D.
 Elastic phase shift   1 =    0.000   0.000 deg. for the L =   60, J =   59.5 channel.
      61.0  1.00000000  0.00000000i: elastic S-matrix  @@      0.02  0   0 F  0
 Reaction Xsec    61.0-/60 @ 1 =   0.000#, Out:   0.000#   0.000#   0.000f

   S-matrix    2 =    1.00000   0.00000 for L=   60, J=   60.5 channel on core I =   1.5 from L=   60,  Acc. loss =  0.0 D.
 Elastic phase shift   2 =    0.000   0.000 deg. for the L =   60, J =   60.5 channel.
      61.0  1.00000000  0.00000000i: elastic S-matrix  @@      0.02  0   0 F  0
 Reaction Xsec    61.0-/60 @ 2 =   0.000#, Out:   0.000#   0.000#   0.000f

   S-matrix    3 =    1.00000   0.00000 for L=   62, J=   61.5 channel on core I =   1.5 from L=   62,  Acc. loss =  0.0 D.
 Elastic phase shift   3 =    0.000   0.000 deg. for the L =   62, J =   61.5 channel.
      61.0  1.00000000  0.00000000i: elastic S-matrix  @@      0.00  0   0 F  0
 Reaction Xsec    61.0-/62 @ 3 =   0.000#, Out:   0.000#   0.000#   0.000f

   S-matrix    4 =    1.00000  -0.00000 for L=   62, J=   62.5 channel on core I =   1.5 from L=   62,  Acc. loss =  0.0 D.
 Elastic phase shift   4 =   -0.000   0.000 deg. for the L =   62, J =   62.5 channel.
      61.0  1.00000000 -0.00000000i: elastic S-matrix  @@      0.00  0   0 F  0
 Reaction Xsec    61.0-/62 @ 4 =   0.000#, Out:   0.000#   0.000#   0.000f


 Total SPIN, PARITY =    62.0 +,      5 chs,      0 cc.  Rmin & Coul turning =    5.0  103.4
   S-matrix    1 =    1.00000   0.00000 for L=   61, J=   60.5 channel on core I =   1.5 from L=   61,  Acc. loss =  0.0 D.
 Elastic phase shift   1 =    0.000   0.000 deg. for the L =   61, J =   60.5 channel.
0****** WARNING : ACCURACY LOSS IN ERWIN = 14.9 DIGITS, SO EXPECT ERRORS OF********* % OF UNITARITY

   744062194402049.12        4.5768518031398943E+029   2.2204460492503131E-016
 Increase lower cutoff: eg CUTL. Continuing.
      62.0  1.00000000  0.00000000i: elastic S-matrix  @@      0.02  0   0 F  0
 Reaction Xsec    62.0+/61 @ 1 =   0.000#, Out:   0.000#******** ********f

   S-matrix    2 =    1.00000   0.00000 for L=   61, J=   61.5 channel on core I =   1.5 from L=   61,  Acc. loss =  0.0 D.
 Elastic phase shift   2 =    0.000   0.000 deg. for the L =   61, J =   61.5 channel.
      62.0  1.00000000  0.00000000i: elastic S-matrix  @@      0.00  0   0 F  0
 Reaction Xsec    62.0+/61 @ 2 =   0.000#, Out:   0.000#   0.000#   0.000f

   S-matrix    3 =    1.00000   0.00000 for L=   63, J=   62.5 channel on core I =   1.5 from L=   63,  Acc. loss =  0.0 D.
 Elastic phase shift   3 =    0.000   0.000 deg. for the L =   63, J =   62.5 channel.
      62.0  1.00000000  0.00000000i: elastic S-matrix  @@      0.02  0   0 F  0
 Reaction Xsec    62.0+/63 @ 3 =   0.000#, Out:   0.000#   0.000#   0.000f

   S-matrix    4 =    1.00000   0.00000 for L=   63, J=   63.5 channel on core I =   1.5 from L=   63,  Acc. loss =  0.0 D.
 Elastic phase shift   4 =    0.000   0.000 deg. for the L =   63, J =   63.5 channel.
      62.0  1.00000000  0.00000000i: elastic S-matrix  @@      0.00  0   0 F  0
 Reaction Xsec    62.0+/63 @ 4 =   0.000#, Out:   0.000#   0.000#   0.000f


 Total SPIN, PARITY =    62.0 -,      4 chs,      0 cc.  Rmin & Coul turning =    5.0  103.4
   S-matrix    1 =    1.00000   0.00000 for L=   60, J=   60.5 channel on core I =   1.5 from L=   60,  Acc. loss =  0.0 D.
 Elastic phase shift   1 =    0.000   0.000 deg. for the L =   60, J =   60.5 channel.
      62.0  1.00000000  0.00000000i: elastic S-matrix  @@      0.00  0   0 F  0
 Reaction Xsec    62.0-/60 @ 1 =   0.000#, Out:   0.000#   0.000#   0.000f

   S-matrix    2 =    1.00000   0.00000 for L=   62, J=   61.5 channel on core I =   1.5 from L=   62,  Acc. loss =  0.0 D.
 Elastic phase shift   2 =    0.000   0.000 deg. for the L =   62, J =   61.5 channel.
      62.0  1.00000000  0.00000000i: elastic S-matrix  @@      0.00  0   0 F  0
 Reaction Xsec    62.0-/62 @ 2 =   0.000#, Out:   0.000#   0.000#   0.000f

   S-matrix    3 =    1.00000   0.00000 for L=   62, J=   62.5 channel on core I =   1.5 from L=   62,  Acc. loss =  0.0 D.
 Elastic phase shift   3 =    0.000   0.000 deg. for the L =   62, J =   62.5 channel.
      62.0  1.00000000  0.00000000i: elastic S-matrix  @@      0.00  0   0 F  0
 Reaction Xsec    62.0-/62 @ 3 =   0.000#, Out:   0.000#   0.000#   0.000f

   S-matrix    4 =    1.00000   0.00000 for L=   64, J=   63.5 channel on core I =   1.5 from L=   64,  Acc. loss =  0.0 D.
 Elastic phase shift   4 =    0.000   0.000 deg. for the L =   64, J =   63.5 channel.
      62.0  1.00000000  0.00000000i: elastic S-matrix  @@      0.00  0   0 F  0
 Reaction Xsec    62.0-/64 @ 4 =   0.000#, Out:   0.000#   0.000#   0.000f


 Total SPIN, PARITY =    63.0 +,      4 chs,      0 cc.  Rmin & Coul turning =    5.0  105.0
   S-matrix    1 =    1.00000   0.00000 for L=   61, J=   61.5 channel on core I =   1.5 from L=   61,  Acc. loss =  0.0 D.
 Elastic phase shift   1 =    0.000   0.000 deg. for the L =   61, J =   61.5 channel.
      63.0  1.00000000  0.00000000i: elastic S-matrix  @@      0.00  0   0 F  0
 Reaction Xsec    63.0+/61 @ 1 =   0.000#, Out:   0.000#   0.000#   0.000f

   S-matrix    2 =    1.00000  -0.00000 for L=   63, J=   62.5 channel on core I =   1.5 from L=   63,  Acc. loss =  0.0 D.
 Elastic phase shift   2 =   -0.000   0.000 deg. for the L =   63, J =   62.5 channel.
      63.0  1.00000000 -0.00000000i: elastic S-matrix  @@      0.00  0   0 F  0
 Reaction Xsec    63.0+/63 @ 2 =   0.000#, Out:   0.000#   0.000#   0.000f

   S-matrix    3 =    1.00000   0.00000 for L=   63, J=   63.5 channel on core I =   1.5 from L=   63,  Acc. loss =  0.0 D.
 Elastic phase shift   3 =    0.000   0.000 deg. for the L =   63, J =   63.5 channel.
      63.0  1.00000000  0.00000000i: elastic S-matrix  @@      0.00  0   0 F  0
 Reaction Xsec    63.0+/63 @ 3 =   0.000#, Out:   0.000#   0.000#   0.000f

   S-matrix    4 =    1.00000   0.00000 for L=   65, J=   64.5 channel on core I =   1.5 from L=   65,  Acc. loss =  0.0 D.
 Elastic phase shift   4 =    0.000   0.000 deg. for the L =   65, J =   64.5 channel.
      63.0  1.00000000  0.00000000i: elastic S-matrix  @@      0.00  0   0 F  0
 Reaction Xsec    63.0+/65 @ 4 =   0.000#, Out:   0.000#   0.000#   0.000f


 Total SPIN, PARITY =    63.0 -,      5 chs,      0 cc.  Rmin & Coul turning =    5.0  105.0
   S-matrix    1 =    1.00000   0.00000 for L=   62, J=   61.5 channel on core I =   1.5 from L=   62,  Acc. loss =  0.0 D.
 Elastic phase shift   1 =    0.000   0.000 deg. for the L =   62, J =   61.5 channel.
      63.0  1.00000000  0.00000000i: elastic S-matrix  @@      0.02  0   0 F  0
 Reaction Xsec    63.0-/62 @ 1 =   0.000#, Out:   0.000#   0.000#   0.000f

   S-matrix    2 =    1.00000   0.00000 for L=   62, J=   62.5 channel on core I =   1.5 from L=   62,  Acc. loss =  0.0 D.
 Elastic phase shift   2 =    0.000   0.000 deg. for the L =   62, J =   62.5 channel.
      63.0  1.00000000  0.00000000i: elastic S-matrix  @@      0.00  0   0 F  0
 Reaction Xsec    63.0-/62 @ 2 =   0.000#, Out:   0.000#   0.000#   0.000f

   S-matrix    3 =    1.00000   0.00000 for L=   64, J=   63.5 channel on core I =   1.5 from L=   64,  Acc. loss =  0.0 D.
 Elastic phase shift   3 =    0.000   0.000 deg. for the L =   64, J =   63.5 channel.
      63.0  1.00000000  0.00000000i: elastic S-matrix  @@      0.00  0   0 F  0
 Reaction Xsec    63.0-/64 @ 3 =   0.000#, Out:   0.000#   0.000#   0.000f

   S-matrix    4 =    1.00000  -0.00000 for L=   64, J=   64.5 channel on core I =   1.5 from L=   64,  Acc. loss =  0.0 D.
 Elastic phase shift   4 =   -0.000   0.000 deg. for the L =   64, J =   64.5 channel.
      63.0  1.00000000 -0.00000000i: elastic S-matrix  @@      0.02  0   0 F  0
 Reaction Xsec    63.0-/64 @ 4 =   0.000#, Out:   0.000#   0.000#   0.000f


 Total SPIN, PARITY =    64.0 +,      5 chs,      0 cc.  Rmin & Coul turning =    5.1  106.7
   S-matrix    1 =    1.00000   0.00000 for L=   63, J=   62.5 channel on core I =   1.5 from L=   63,  Acc. loss =  0.0 D.
 Elastic phase shift   1 =    0.000   0.000 deg. for the L =   63, J =   62.5 channel.
      64.0  1.00000000  0.00000000i: elastic S-matrix  @@      0.00  0   0 F  0
 Reaction Xsec    64.0+/63 @ 1 =   0.000#, Out:   0.000#   0.000#   0.000f

   S-matrix    2 =    1.00000   0.00000 for L=   63, J=   63.5 channel on core I =   1.5 from L=   63,  Acc. loss =  0.0 D.
 Elastic phase shift   2 =    0.000   0.000 deg. for the L =   63, J =   63.5 channel.
      64.0  1.00000000  0.00000000i: elastic S-matrix  @@      0.02  0   0 F  0
 Reaction Xsec    64.0+/63 @ 2 =   0.000#, Out:   0.000#   0.000#   0.000f

   S-matrix    3 =    1.00000   0.00000 for L=   65, J=   64.5 channel on core I =   1.5 from L=   65,  Acc. loss =  0.0 D.
 Elastic phase shift   3 =    0.000   0.000 deg. for the L =   65, J =   64.5 channel.
      64.0  1.00000000  0.00000000i: elastic S-matrix  @@      0.00  0   0 F  0
 Reaction Xsec    64.0+/65 @ 3 =   0.000#, Out:   0.000#   0.000#   0.000f

   S-matrix    4 =    1.00000   0.00000 for L=   65, J=   65.5 channel on core I =   1.5 from L=   65,  Acc. loss =  0.0 D.
 Elastic phase shift   4 =    0.000   0.000 deg. for the L =   65, J =   65.5 channel.
      64.0  1.00000000  0.00000000i: elastic S-matrix  @@      0.00  0   0 F  0
 Reaction Xsec    64.0+/65 @ 4 =   0.000#, Out:   0.000#   0.000#   0.000f


 Total SPIN, PARITY =    64.0 -,      4 chs,      0 cc.  Rmin & Coul turning =    5.1  106.7
   S-matrix    1 =    1.00000   0.00000 for L=   62, J=   62.5 channel on core I =   1.5 from L=   62,  Acc. loss =  0.0 D.
 Elastic phase shift   1 =    0.000   0.000 deg. for the L =   62, J =   62.5 channel.
      64.0  1.00000000  0.00000000i: elastic S-matrix  @@      0.00  0   0 F  0
 Reaction Xsec    64.0-/62 @ 1 =   0.000#, Out:   0.000#   0.000#   0.000f

   S-matrix    2 =    1.00000   0.00000 for L=   64, J=   63.5 channel on core I =   1.5 from L=   64,  Acc. loss =  0.0 D.
 Elastic phase shift   2 =    0.000   0.000 deg. for the L =   64, J =   63.5 channel.
      64.0  1.00000000  0.00000000i: elastic S-matrix  @@      0.00  0   0 F  0
 Reaction Xsec    64.0-/64 @ 2 =   0.000#, Out:   0.000#   0.000#   0.000f

   S-matrix    3 =    1.00000   0.00000 for L=   64, J=   64.5 channel on core I =   1.5 from L=   64,  Acc. loss =  0.0 D.
 Elastic phase shift   3 =    0.000   0.000 deg. for the L =   64, J =   64.5 channel.
      64.0  1.00000000  0.00000000i: elastic S-matrix  @@      0.00  0   0 F  0
 Reaction Xsec    64.0-/64 @ 3 =   0.000#, Out:   0.000#   0.000#   0.000f

   S-matrix    4 =    1.00000   0.00000 for L=   66, J=   65.5 channel on core I =   1.5 from L=   66,  Acc. loss =  0.0 D.
 Elastic phase shift   4 =    0.000   0.000 deg. for the L =   66, J =   65.5 channel.
      64.0  1.00000000  0.00000000i: elastic S-matrix  @@      0.00  0   0 F  0
 Reaction Xsec    64.0-/66 @ 4 =   0.000#, Out:   0.000#   0.000#   0.000f


 Total SPIN, PARITY =    65.0 +,      4 chs,      0 cc.  Rmin & Coul turning =    5.2  108.3
   S-matrix    1 =    1.00000   0.00000 for L=   63, J=   63.5 channel on core I =   1.5 from L=   63,  Acc. loss =  0.0 D.
 Elastic phase shift   1 =    0.000   0.000 deg. for the L =   63, J =   63.5 channel.
      65.0  1.00000000  0.00000000i: elastic S-matrix  @@      0.00  0   0 F  0
 Reaction Xsec    65.0+/63 @ 1 =   0.000#, Out:   0.000#   0.000#   0.000f

   S-matrix    2 =    1.00000   0.00000 for L=   65, J=   64.5 channel on core I =   1.5 from L=   65,  Acc. loss =  0.0 D.
 Elastic phase shift   2 =    0.000   0.000 deg. for the L =   65, J =   64.5 channel.
      65.0  1.00000000  0.00000000i: elastic S-matrix  @@      0.00  0   0 F  0
 Reaction Xsec    65.0+/65 @ 2 =   0.000#, Out:   0.000#   0.000#   0.000f

   S-matrix    3 =    1.00000   0.00000 for L=   65, J=   65.5 channel on core I =   1.5 from L=   65,  Acc. loss =  0.0 D.
 Elastic phase shift   3 =    0.000   0.000 deg. for the L =   65, J =   65.5 channel.
      65.0  1.00000000  0.00000000i: elastic S-matrix  @@      0.00  0   0 F  0
 Reaction Xsec    65.0+/65 @ 3 =   0.000#, Out:   0.000#   0.000#   0.000f

   S-matrix    4 =    1.00000   0.00000 for L=   67, J=   66.5 channel on core I =   1.5 from L=   67,  Acc. loss =  0.0 D.
 Elastic phase shift   4 =    0.000   0.000 deg. for the L =   67, J =   66.5 channel.
      65.0  1.00000000  0.00000000i: elastic S-matrix  @@      0.00  0   0 F  0
 Reaction Xsec    65.0+/67 @ 4 =   0.000#, Out:   0.000#   0.000#   0.000f


 Total SPIN, PARITY =    65.0 -,      5 chs,      0 cc.  Rmin & Coul turning =    5.2  108.3
   S-matrix    1 =    1.00000   0.00000 for L=   64, J=   63.5 channel on core I =   1.5 from L=   64,  Acc. loss =  0.0 D.
 Elastic phase shift   1 =    0.000   0.000 deg. for the L =   64, J =   63.5 channel.
      65.0  1.00000000  0.00000000i: elastic S-matrix  @@      0.02  0   0 F  0
 Reaction Xsec    65.0-/64 @ 1 =   0.000#, Out:   0.000#   0.000#   0.000f

   S-matrix    2 =    1.00000   0.00000 for L=   64, J=   64.5 channel on core I =   1.5 from L=   64,  Acc. loss =  0.0 D.
 Elastic phase shift   2 =    0.000   0.000 deg. for the L =   64, J =   64.5 channel.
      65.0  1.00000000  0.00000000i: elastic S-matrix  @@      0.02  0   0 F  0
 Reaction Xsec    65.0-/64 @ 2 =   0.000#, Out:   0.000#   0.000#   0.000f

   S-matrix    3 =    1.00000   0.00000 for L=   66, J=   65.5 channel on core I =   1.5 from L=   66,  Acc. loss =  0.0 D.
 Elastic phase shift   3 =    0.000   0.000 deg. for the L =   66, J =   65.5 channel.
      65.0  1.00000000  0.00000000i: elastic S-matrix  @@      0.00  0   0 F  0
 Reaction Xsec    65.0-/66 @ 3 =   0.000#, Out:   0.000#   0.000#   0.000f

   S-matrix    4 =    1.00000   0.00000 for L=   66, J=   66.5 channel on core I =   1.5 from L=   66,  Acc. loss =  0.0 D.
 Elastic phase shift   4 =    0.000   0.000 deg. for the L =   66, J =   66.5 channel.
      65.0  1.00000000  0.00000000i: elastic S-matrix  @@      0.00  0   0 F  0
 Reaction Xsec    65.0-/66 @ 4 =   0.000#, Out:   0.000#   0.000#   0.000f


 Total SPIN, PARITY =    66.0 +,      5 chs,      0 cc.  Rmin & Coul turning =    5.2  110.0
   S-matrix    1 =    1.00000   0.00000 for L=   65, J=   64.5 channel on core I =   1.5 from L=   65,  Acc. loss =  0.0 D.
 Elastic phase shift   1 =    0.000   0.000 deg. for the L =   65, J =   64.5 channel.
      66.0  1.00000000  0.00000000i: elastic S-matrix  @@      0.02  0   0 F  0
 Reaction Xsec    66.0+/65 @ 1 =   0.000#, Out:   0.000#   0.000#   0.000f

   S-matrix    2 =    1.00000   0.00000 for L=   65, J=   65.5 channel on core I =   1.5 from L=   65,  Acc. loss =  0.0 D.
 Elastic phase shift   2 =    0.000   0.000 deg. for the L =   65, J =   65.5 channel.
      66.0  1.00000000  0.00000000i: elastic S-matrix  @@      0.00  0   0 F  0
 Reaction Xsec    66.0+/65 @ 2 =   0.000#, Out:   0.000#   0.000#   0.000f

   S-matrix    3 =    1.00000   0.00000 for L=   67, J=   66.5 channel on core I =   1.5 from L=   67,  Acc. loss =  0.0 D.
 Elastic phase shift   3 =    0.000   0.000 deg. for the L =   67, J =   66.5 channel.
      66.0  1.00000000  0.00000000i: elastic S-matrix  @@      0.02  0   0 F  0
 Reaction Xsec    66.0+/67 @ 3 =   0.000#, Out:   0.000#   0.000#   0.000f

   S-matrix    4 =    1.00000   0.00000 for L=   67, J=   67.5 channel on core I =   1.5 from L=   67,  Acc. loss =  0.0 D.
 Elastic phase shift   4 =    0.000   0.000 deg. for the L =   67, J =   67.5 channel.
      66.0  1.00000000  0.00000000i: elastic S-matrix  @@      0.00  0   0 F  0
 Reaction Xsec    66.0+/67 @ 4 =   0.000#, Out:   0.000#   0.000#   0.000f


 Total SPIN, PARITY =    66.0 -,      4 chs,      0 cc.  Rmin & Coul turning =    5.2  110.0
   S-matrix    1 =    1.00000   0.00000 for L=   64, J=   64.5 channel on core I =   1.5 from L=   64,  Acc. loss =  0.0 D.
 Elastic phase shift   1 =    0.000   0.000 deg. for the L =   64, J =   64.5 channel.
      66.0  1.00000000  0.00000000i: elastic S-matrix  @@      0.00  0   0 F  0
 Reaction Xsec    66.0-/64 @ 1 =   0.000#, Out:   0.000#   0.000#   0.000f

   S-matrix    2 =    1.00000   0.00000 for L=   66, J=   65.5 channel on core I =   1.5 from L=   66,  Acc. loss =  0.0 D.
 Elastic phase shift   2 =    0.000   0.000 deg. for the L =   66, J =   65.5 channel.
      66.0  1.00000000  0.00000000i: elastic S-matrix  @@      0.00  0   0 F  0
 Reaction Xsec    66.0-/66 @ 2 =   0.000#, Out:   0.000#   0.000#   0.000f

   S-matrix    3 =    1.00000   0.00000 for L=   66, J=   66.5 channel on core I =   1.5 from L=   66,  Acc. loss =  0.0 D.
 Elastic phase shift   3 =    0.000   0.000 deg. for the L =   66, J =   66.5 channel.
      66.0  1.00000000  0.00000000i: elastic S-matrix  @@      0.00  0   0 F  0
 Reaction Xsec    66.0-/66 @ 3 =   0.000#, Out:   0.000#   0.000#   0.000f

   S-matrix    4 =    1.00000   0.00000 for L=   68, J=   67.5 channel on core I =   1.5 from L=   68,  Acc. loss =  0.0 D.
 Elastic phase shift   4 =    0.000   0.000 deg. for the L =   68, J =   67.5 channel.
      66.0  1.00000000  0.00000000i: elastic S-matrix  @@      0.00  0   0 F  0
 Reaction Xsec    66.0-/68 @ 4 =   0.000#, Out:   0.000#   0.000#   0.000f


 Total SPIN, PARITY =    67.0 +,      4 chs,      0 cc.  Rmin & Coul turning =    5.4  111.6
   S-matrix    1 =    1.00000  -0.00000 for L=   65, J=   65.5 channel on core I =   1.5 from L=   65,  Acc. loss =  0.0 D.
 Elastic phase shift   1 =   -0.000   0.000 deg. for the L =   65, J =   65.5 channel.
      67.0  1.00000000 -0.00000000i: elastic S-matrix  @@      0.00  0   0 F  0
 Reaction Xsec    67.0+/65 @ 1 =   0.000#, Out:   0.000#   0.000#   0.000f

   S-matrix    2 =    1.00000   0.00000 for L=   67, J=   66.5 channel on core I =   1.5 from L=   67,  Acc. loss =  0.0 D.
 Elastic phase shift   2 =    0.000   0.000 deg. for the L =   67, J =   66.5 channel.
      67.0  1.00000000  0.00000000i: elastic S-matrix  @@      0.00  0   0 F  0
 Reaction Xsec    67.0+/67 @ 2 =   0.000#, Out:   0.000#   0.000#   0.000f

   S-matrix    3 =    1.00000  -0.00000 for L=   67, J=   67.5 channel on core I =   1.5 from L=   67,  Acc. loss =  0.0 D.
 Elastic phase shift   3 =   -0.000   0.000 deg. for the L =   67, J =   67.5 channel.
      67.0  1.00000000 -0.00000000i: elastic S-matrix  @@      0.00  0   0 F  0
 Reaction Xsec    67.0+/67 @ 3 =   0.000#, Out:   0.000#   0.000#   0.000f

   S-matrix    4 =    1.00000   0.00000 for L=   69, J=   68.5 channel on core I =   1.5 from L=   69,  Acc. loss =  0.0 D.
 Elastic phase shift   4 =    0.000   0.000 deg. for the L =   69, J =   68.5 channel.
      67.0  1.00000000  0.00000000i: elastic S-matrix  @@      0.00  0   0 F  0
 Reaction Xsec    67.0+/69 @ 4 =   0.000#, Out:   0.000#   0.000#   0.000f


 Total SPIN, PARITY =    67.0 -,      5 chs,      0 cc.  Rmin & Coul turning =    5.4  111.6
   S-matrix    1 =    1.00000   0.00000 for L=   66, J=   65.5 channel on core I =   1.5 from L=   66,  Acc. loss =  0.0 D.
 Elastic phase shift   1 =    0.000   0.000 deg. for the L =   66, J =   65.5 channel.
      67.0  1.00000000  0.00000000i: elastic S-matrix  @@      0.02  0   0 F  0
 Reaction Xsec    67.0-/66 @ 1 =   0.000#, Out:   0.000#   0.000#   0.000f

   S-matrix    2 =    1.00000   0.00000 for L=   66, J=   66.5 channel on core I =   1.5 from L=   66,  Acc. loss =  0.0 D.
 Elastic phase shift   2 =    0.000   0.000 deg. for the L =   66, J =   66.5 channel.
      67.0  1.00000000  0.00000000i: elastic S-matrix  @@      0.00  0   0 F  0
 Reaction Xsec    67.0-/66 @ 2 =   0.000#, Out:   0.000#   0.000#   0.000f

   S-matrix    3 =    1.00000   0.00000 for L=   68, J=   67.5 channel on core I =   1.5 from L=   68,  Acc. loss =  0.0 D.
 Elastic phase shift   3 =    0.000   0.000 deg. for the L =   68, J =   67.5 channel.
      67.0  1.00000000  0.00000000i: elastic S-matrix  @@      0.00  0   0 F  0
 Reaction Xsec    67.0-/68 @ 3 =   0.000#, Out:   0.000#   0.000#   0.000f

   S-matrix    4 =    1.00000   0.00000 for L=   68, J=   68.5 channel on core I =   1.5 from L=   68,  Acc. loss =  0.0 D.
 Elastic phase shift   4 =    0.000   0.000 deg. for the L =   68, J =   68.5 channel.
      67.0  1.00000000  0.00000000i: elastic S-matrix  @@      0.02  0   0 F  0
 Reaction Xsec    67.0-/68 @ 4 =   0.000#, Out:   0.000#   0.000#   0.000f


 Total SPIN, PARITY =    68.0 +,      5 chs,      0 cc.  Rmin & Coul turning =    5.4  113.3
   S-matrix    1 =    1.00000   0.00000 for L=   67, J=   66.5 channel on core I =   1.5 from L=   67,  Acc. loss =  0.0 D.
 Elastic phase shift   1 =    0.000   0.000 deg. for the L =   67, J =   66.5 channel.
      68.0  1.00000000  0.00000000i: elastic S-matrix  @@      0.00  0   0 F  0
 Reaction Xsec    68.0+/67 @ 1 =   0.000#, Out:   0.000#   0.000#   0.000f

   S-matrix    2 =    1.00000   0.00000 for L=   67, J=   67.5 channel on core I =   1.5 from L=   67,  Acc. loss =  0.0 D.
 Elastic phase shift   2 =    0.000   0.000 deg. for the L =   67, J =   67.5 channel.
      68.0  1.00000000  0.00000000i: elastic S-matrix  @@      0.02  0   0 F  0
 Reaction Xsec    68.0+/67 @ 2 =   0.000#, Out:   0.000#   0.000#   0.000f

   S-matrix    3 =    1.00000   0.00000 for L=   69, J=   68.5 channel on core I =   1.5 from L=   69,  Acc. loss =  0.0 D.
 Elastic phase shift   3 =    0.000   0.000 deg. for the L =   69, J =   68.5 channel.
      68.0  1.00000000  0.00000000i: elastic S-matrix  @@      0.00  0   0 F  0
 Reaction Xsec    68.0+/69 @ 3 =   0.000#, Out:   0.000#   0.000#   0.000f

   S-matrix    4 =    1.00000   0.00000 for L=   69, J=   69.5 channel on core I =   1.5 from L=   69,  Acc. loss =  0.0 D.
 Elastic phase shift   4 =    0.000   0.000 deg. for the L =   69, J =   69.5 channel.
      68.0  1.00000000  0.00000000i: elastic S-matrix  @@      0.00  0   0 F  0
 Reaction Xsec    68.0+/69 @ 4 =   0.000#, Out:   0.000#   0.000#   0.000f


 Total SPIN, PARITY =    68.0 -,      4 chs,      0 cc.  Rmin & Coul turning =    5.4  113.3
   S-matrix    1 =    1.00000   0.00000 for L=   66, J=   66.5 channel on core I =   1.5 from L=   66,  Acc. loss =  0.0 D.
 Elastic phase shift   1 =    0.000   0.000 deg. for the L =   66, J =   66.5 channel.
      68.0  1.00000000  0.00000000i: elastic S-matrix  @@      0.00  0   0 F  0
 Reaction Xsec    68.0-/66 @ 1 =   0.000#, Out:   0.000#   0.000#   0.000f

   S-matrix    2 =    1.00000   0.00000 for L=   68, J=   67.5 channel on core I =   1.5 from L=   68,  Acc. loss =  0.0 D.
 Elastic phase shift   2 =    0.000   0.000 deg. for the L =   68, J =   67.5 channel.
      68.0  1.00000000  0.00000000i: elastic S-matrix  @@      0.00  0   0 F  0
 Reaction Xsec    68.0-/68 @ 2 =   0.000#, Out:   0.000#   0.000#   0.000f

   S-matrix    3 =    1.00000  -0.00000 for L=   68, J=   68.5 channel on core I =   1.5 from L=   68,  Acc. loss =  0.0 D.
 Elastic phase shift   3 =   -0.000   0.000 deg. for the L =   68, J =   68.5 channel.
      68.0  1.00000000 -0.00000000i: elastic S-matrix  @@      0.00  0   0 F  0
 Reaction Xsec    68.0-/68 @ 3 =   0.000#, Out:   0.000#   0.000#   0.000f

   S-matrix    4 =    1.00000   0.00000 for L=   70, J=   69.5 channel on core I =   1.5 from L=   70,  Acc. loss =  0.0 D.
 Elastic phase shift   4 =    0.000   0.000 deg. for the L =   70, J =   69.5 channel.
      68.0  1.00000000  0.00000000i: elastic S-matrix  @@      0.00  0   0 F  0
 Reaction Xsec    68.0-/70 @ 4 =   0.000#, Out:   0.000#   0.000#   0.000f


 Total SPIN, PARITY =    69.0 +,      4 chs,      0 cc.  Rmin & Coul turning =    5.5  114.9
   S-matrix    1 =    1.00000   0.00000 for L=   67, J=   67.5 channel on core I =   1.5 from L=   67,  Acc. loss =  0.0 D.
 Elastic phase shift   1 =    0.000   0.000 deg. for the L =   67, J =   67.5 channel.
      69.0  1.00000000  0.00000000i: elastic S-matrix  @@      0.00  0   0 F  0
 Reaction Xsec    69.0+/67 @ 1 =   0.000#, Out:   0.000#   0.000#   0.000f

   S-matrix    2 =    1.00000   0.00000 for L=   69, J=   68.5 channel on core I =   1.5 from L=   69,  Acc. loss =  0.0 D.
 Elastic phase shift   2 =    0.000   0.000 deg. for the L =   69, J =   68.5 channel.
      69.0  1.00000000  0.00000000i: elastic S-matrix  @@      0.00  0   0 F  0
 Reaction Xsec    69.0+/69 @ 2 =   0.000#, Out:   0.000#   0.000#   0.000f

   S-matrix    3 =    1.00000   0.00000 for L=   69, J=   69.5 channel on core I =   1.5 from L=   69,  Acc. loss =  0.0 D.
 Elastic phase shift   3 =    0.000   0.000 deg. for the L =   69, J =   69.5 channel.
      69.0  1.00000000  0.00000000i: elastic S-matrix  @@      0.00  0   0 F  0
 Reaction Xsec    69.0+/69 @ 3 =   0.000#, Out:   0.000#   0.000#   0.000f

   S-matrix    4 =    1.00000   0.00000 for L=   71, J=   70.5 channel on core I =   1.5 from L=   71,  Acc. loss =  0.0 D.
 Elastic phase shift   4 =    0.000   0.000 deg. for the L =   71, J =   70.5 channel.
      69.0  1.00000000  0.00000000i: elastic S-matrix  @@      0.00  0   0 F  0
 Reaction Xsec    69.0+/71 @ 4 =   0.000#, Out:   0.000#   0.000#   0.000f


 Total SPIN, PARITY =    69.0 -,      5 chs,      0 cc.  Rmin & Coul turning =    5.5  114.9
   S-matrix    1 =    1.00000  -0.00000 for L=   68, J=   67.5 channel on core I =   1.5 from L=   68,  Acc. loss =  0.0 D.
 Elastic phase shift   1 =   -0.000   0.000 deg. for the L =   68, J =   67.5 channel.
      69.0  1.00000000 -0.00000000i: elastic S-matrix  @@      0.02  0   0 F  0
 Reaction Xsec    69.0-/68 @ 1 =   0.000#, Out:   0.000#   0.000#   0.000f

   S-matrix    2 =    1.00000   0.00000 for L=   68, J=   68.5 channel on core I =   1.5 from L=   68,  Acc. loss =  0.0 D.
 Elastic phase shift   2 =    0.000   0.000 deg. for the L =   68, J =   68.5 channel.
      69.0  1.00000000  0.00000000i: elastic S-matrix  @@      0.02  0   0 F  0
 Reaction Xsec    69.0-/68 @ 2 =   0.000#, Out:   0.000#   0.000#   0.000f

   S-matrix    3 =    1.00000   0.00000 for L=   70, J=   69.5 channel on core I =   1.5 from L=   70,  Acc. loss =  0.0 D.
 Elastic phase shift   3 =    0.000   0.000 deg. for the L =   70, J =   69.5 channel.
      69.0  1.00000000  0.00000000i: elastic S-matrix  @@      0.00  0   0 F  0
 Reaction Xsec    69.0-/70 @ 3 =   0.000#, Out:   0.000#   0.000#   0.000f

   S-matrix    4 =    1.00000   0.00000 for L=   70, J=   70.5 channel on core I =   1.5 from L=   70,  Acc. loss =  0.0 D.
 Elastic phase shift   4 =    0.000   0.000 deg. for the L =   70, J =   70.5 channel.
      69.0  1.00000000  0.00000000i: elastic S-matrix  @@      0.00  0   0 F  0
 Reaction Xsec    69.0-/70 @ 4 =   0.000#, Out:   0.000#   0.000#   0.000f


 Total SPIN, PARITY =    70.0 +,      5 chs,      0 cc.  Rmin & Coul turning =    5.6  116.6
   S-matrix    1 =    1.00000   0.00000 for L=   69, J=   68.5 channel on core I =   1.5 from L=   69,  Acc. loss =  0.0 D.
 Elastic phase shift   1 =    0.000   0.000 deg. for the L =   69, J =   68.5 channel.
      70.0  1.00000000  0.00000000i: elastic S-matrix  @@      0.02  0   0 F  0
 Reaction Xsec    70.0+/69 @ 1 =   0.000#, Out:   0.000#   0.000#   0.000f

   S-matrix    2 =    1.00000   0.00000 for L=   69, J=   69.5 channel on core I =   1.5 from L=   69,  Acc. loss =  0.0 D.
 Elastic phase shift   2 =    0.000   0.000 deg. for the L =   69, J =   69.5 channel.
      70.0  1.00000000  0.00000000i: elastic S-matrix  @@      0.00  0   0 F  0
 Reaction Xsec    70.0+/69 @ 2 =   0.000#, Out:   0.000#   0.000#   0.000f

   S-matrix    3 =    1.00000   0.00000 for L=   71, J=   70.5 channel on core I =   1.5 from L=   71,  Acc. loss =  0.0 D.
 Elastic phase shift   3 =    0.000   0.000 deg. for the L =   71, J =   70.5 channel.
      70.0  1.00000000  0.00000000i: elastic S-matrix  @@      0.02  0   0 F  0
 Reaction Xsec    70.0+/71 @ 3 =   0.000#, Out:   0.000#   0.000#   0.000f

   S-matrix    4 =    1.00000   0.00000 for L=   71, J=   71.5 channel on core I =   1.5 from L=   71,  Acc. loss =  0.0 D.
 Elastic phase shift   4 =    0.000   0.000 deg. for the L =   71, J =   71.5 channel.
      70.0  1.00000000  0.00000000i: elastic S-matrix  @@      0.00  0   0 F  0
 Reaction Xsec    70.0+/71 @ 4 =   0.000#, Out:   0.000#   0.000#   0.000f


 Total SPIN, PARITY =    70.0 -,      4 chs,      0 cc.  Rmin & Coul turning =    5.6  116.6
   S-matrix    1 =    1.00000   0.00000 for L=   68, J=   68.5 channel on core I =   1.5 from L=   68,  Acc. loss =  0.0 D.
 Elastic phase shift   1 =    0.000   0.000 deg. for the L =   68, J =   68.5 channel.
      70.0  1.00000000  0.00000000i: elastic S-matrix  @@      0.00  0   0 F  0
 Reaction Xsec    70.0-/68 @ 1 =   0.000#, Out:   0.000#   0.000#   0.000f

   S-matrix    2 =    1.00000   0.00000 for L=   70, J=   69.5 channel on core I =   1.5 from L=   70,  Acc. loss =  0.0 D.
 Elastic phase shift   2 =    0.000   0.000 deg. for the L =   70, J =   69.5 channel.
      70.0  1.00000000  0.00000000i: elastic S-matrix  @@      0.00  0   0 F  0
 Reaction Xsec    70.0-/70 @ 2 =   0.000#, Out:   0.000#   0.000#   0.000f

   S-matrix    3 =    1.00000  -0.00000 for L=   70, J=   70.5 channel on core I =   1.5 from L=   70,  Acc. loss =  0.0 D.
 Elastic phase shift   3 =   -0.000   0.000 deg. for the L =   70, J =   70.5 channel.
      70.0  1.00000000 -0.00000000i: elastic S-matrix  @@      0.00  0   0 F  0
 Reaction Xsec    70.0-/70 @ 3 =   0.000#, Out:   0.000#   0.000#   0.000f

   S-matrix    4 =    1.00000  -0.00000 for L=   72, J=   71.5 channel on core I =   1.5 from L=   72,  Acc. loss =  0.0 D.
 Elastic phase shift   4 =   -0.000   0.000 deg. for the L =   72, J =   71.5 channel.
      70.0  1.00000000 -0.00000000i: elastic S-matrix  @@      0.00  0   0 F  0
 Reaction Xsec    70.0-/72 @ 4 =   0.000#, Out:   0.000#   0.000#   0.000f


 Total SPIN, PARITY =    71.0 +,      4 chs,      0 cc.  Rmin & Coul turning =    5.7  118.2
   S-matrix    1 =    1.00000   0.00000 for L=   69, J=   69.5 channel on core I =   1.5 from L=   69,  Acc. loss =  0.0 D.
 Elastic phase shift   1 =    0.000   0.000 deg. for the L =   69, J =   69.5 channel.
      71.0  1.00000000  0.00000000i: elastic S-matrix  @@      0.00  0   0 F  0
 Reaction Xsec    71.0+/69 @ 1 =   0.000#, Out:   0.000#   0.000#   0.000f

   S-matrix    2 =    1.00000   0.00000 for L=   71, J=   70.5 channel on core I =   1.5 from L=   71,  Acc. loss =  0.0 D.
 Elastic phase shift   2 =    0.000   0.000 deg. for the L =   71, J =   70.5 channel.
      71.0  1.00000000  0.00000000i: elastic S-matrix  @@      0.00  0   0 F  0
 Reaction Xsec    71.0+/71 @ 2 =   0.000#, Out:   0.000#   0.000#   0.000f

   S-matrix    3 =    1.00000   0.00000 for L=   71, J=   71.5 channel on core I =   1.5 from L=   71,  Acc. loss =  0.0 D.
 Elastic phase shift   3 =    0.000   0.000 deg. for the L =   71, J =   71.5 channel.
      71.0  1.00000000  0.00000000i: elastic S-matrix  @@      0.00  0   0 F  0
 Reaction Xsec    71.0+/71 @ 3 =   0.000#, Out:   0.000#   0.000#   0.000f

   S-matrix    4 =    1.00000   0.00000 for L=   73, J=   72.5 channel on core I =   1.5 from L=   73,  Acc. loss =  0.0 D.
 Elastic phase shift   4 =    0.000   0.000 deg. for the L =   73, J =   72.5 channel.
      71.0  1.00000000  0.00000000i: elastic S-matrix  @@      0.00  0   0 F  0
 Reaction Xsec    71.0+/73 @ 4 =   0.000#, Out:   0.000#   0.000#   0.000f


 Total SPIN, PARITY =    71.0 -,      5 chs,      0 cc.  Rmin & Coul turning =    5.7  118.2
   S-matrix    1 =    1.00000   0.00000 for L=   70, J=   69.5 channel on core I =   1.5 from L=   70,  Acc. loss =  0.0 D.
 Elastic phase shift   1 =    0.000   0.000 deg. for the L =   70, J =   69.5 channel.
      71.0  1.00000000  0.00000000i: elastic S-matrix  @@      0.02  0   0 F  0
 Reaction Xsec    71.0-/70 @ 1 =   0.000#, Out:   0.000#   0.000#   0.000f

   S-matrix    2 =    1.00000   0.00000 for L=   70, J=   70.5 channel on core I =   1.5 from L=   70,  Acc. loss =  0.0 D.
 Elastic phase shift   2 =    0.000   0.000 deg. for the L =   70, J =   70.5 channel.
      71.0  1.00000000  0.00000000i: elastic S-matrix  @@      0.00  0   0 F  0
 Reaction Xsec    71.0-/70 @ 2 =   0.000#, Out:   0.000#   0.000#   0.000f

   S-matrix    3 =    1.00000  -0.00000 for L=   72, J=   71.5 channel on core I =   1.5 from L=   72,  Acc. loss =  0.0 D.
 Elastic phase shift   3 =   -0.000   0.000 deg. for the L =   72, J =   71.5 channel.
      71.0  1.00000000 -0.00000000i: elastic S-matrix  @@      0.00  0   0 F  0
 Reaction Xsec    71.0-/72 @ 3 =   0.000#, Out:   0.000#   0.000#   0.000f

   S-matrix    4 =    1.00000   0.00000 for L=   72, J=   72.5 channel on core I =   1.5 from L=   72,  Acc. loss =  0.0 D.
 Elastic phase shift   4 =    0.000   0.000 deg. for the L =   72, J =   72.5 channel.
      71.0  1.00000000  0.00000000i: elastic S-matrix  @@      0.02  0   0 F  0
 Reaction Xsec    71.0-/72 @ 4 =   0.000#, Out:   0.000#   0.000#   0.000f


 Total SPIN, PARITY =    72.0 +,      5 chs,      0 cc.  Rmin & Coul turning =    5.8  119.9
   S-matrix    1 =    1.00000   0.00000 for L=   71, J=   70.5 channel on core I =   1.5 from L=   71,  Acc. loss =  0.0 D.
 Elastic phase shift   1 =    0.000   0.000 deg. for the L =   71, J =   70.5 channel.
      72.0  1.00000000  0.00000000i: elastic S-matrix  @@      0.02  0   0 F  0
 Reaction Xsec    72.0+/71 @ 1 =   0.000#, Out:   0.000#   0.000#   0.000f

   S-matrix    2 =    1.00000   0.00000 for L=   71, J=   71.5 channel on core I =   1.5 from L=   71,  Acc. loss =  0.0 D.
 Elastic phase shift   2 =    0.000   0.000 deg. for the L =   71, J =   71.5 channel.
      72.0  1.00000000  0.00000000i: elastic S-matrix  @@      0.00  0   0 F  0
 Reaction Xsec    72.0+/71 @ 2 =   0.000#, Out:   0.000#   0.000#   0.000f

   S-matrix    3 =    1.00000  -0.00000 for L=   73, J=   72.5 channel on core I =   1.5 from L=   73,  Acc. loss =  0.0 D.
 Elastic phase shift   3 =   -0.000   0.000 deg. for the L =   73, J =   72.5 channel.
      72.0  1.00000000 -0.00000000i: elastic S-matrix  @@      0.00  0   0 F  0
 Reaction Xsec    72.0+/73 @ 3 =   0.000#, Out:   0.000#   0.000#   0.000f

   S-matrix    4 =    1.00000   0.00000 for L=   73, J=   73.5 channel on core I =   1.5 from L=   73,  Acc. loss =  0.0 D.
 Elastic phase shift   4 =    0.000   0.000 deg. for the L =   73, J =   73.5 channel.
      72.0  1.00000000  0.00000000i: elastic S-matrix  @@      0.00  0   0 F  0
 Reaction Xsec    72.0+/73 @ 4 =   0.000#, Out:   0.000#   0.000#   0.000f


 Total SPIN, PARITY =    72.0 -,      4 chs,      0 cc.  Rmin & Coul turning =    5.8  119.9
   S-matrix    1 =    1.00000  -0.00000 for L=   70, J=   70.5 channel on core I =   1.5 from L=   70,  Acc. loss =  0.0 D.
 Elastic phase shift   1 =   -0.000   0.000 deg. for the L =   70, J =   70.5 channel.
      72.0  1.00000000 -0.00000000i: elastic S-matrix  @@      0.00  0   0 F  0
 Reaction Xsec    72.0-/70 @ 1 =   0.000#, Out:   0.000#   0.000#   0.000f

   S-matrix    2 =    1.00000   0.00000 for L=   72, J=   71.5 channel on core I =   1.5 from L=   72,  Acc. loss =  0.0 D.
 Elastic phase shift   2 =    0.000   0.000 deg. for the L =   72, J =   71.5 channel.
      72.0  1.00000000  0.00000000i: elastic S-matrix  @@      0.00  0   0 F  0
 Reaction Xsec    72.0-/72 @ 2 =   0.000#, Out:   0.000#   0.000#   0.000f

   S-matrix    3 =    1.00000   0.00000 for L=   72, J=   72.5 channel on core I =   1.5 from L=   72,  Acc. loss =  0.0 D.
 Elastic phase shift   3 =    0.000   0.000 deg. for the L =   72, J =   72.5 channel.
      72.0  1.00000000  0.00000000i: elastic S-matrix  @@      0.00  0   0 F  0
 Reaction Xsec    72.0-/72 @ 3 =   0.000#, Out:   0.000#   0.000#   0.000f

   S-matrix    4 =    1.00000   0.00000 for L=   74, J=   73.5 channel on core I =   1.5 from L=   74,  Acc. loss =  0.0 D.
 Elastic phase shift   4 =    0.000   0.000 deg. for the L =   74, J =   73.5 channel.
      72.0  1.00000000  0.00000000i: elastic S-matrix  @@      0.00  0   0 F  0
 Reaction Xsec    72.0-/74 @ 4 =   0.000#, Out:   0.000#   0.000#   0.000f


 Total SPIN, PARITY =    73.0 +,      4 chs,      0 cc.  Rmin & Coul turning =    5.8  121.5
   S-matrix    1 =    1.00000   0.00000 for L=   71, J=   71.5 channel on core I =   1.5 from L=   71,  Acc. loss =  0.0 D.
 Elastic phase shift   1 =    0.000   0.000 deg. for the L =   71, J =   71.5 channel.
      73.0  1.00000000  0.00000000i: elastic S-matrix  @@      0.00  0   0 F  0
 Reaction Xsec    73.0+/71 @ 1 =   0.000#, Out:   0.000#   0.000#   0.000f

   S-matrix    2 =    1.00000   0.00000 for L=   73, J=   72.5 channel on core I =   1.5 from L=   73,  Acc. loss =  0.0 D.
 Elastic phase shift   2 =    0.000   0.000 deg. for the L =   73, J =   72.5 channel.
      73.0  1.00000000  0.00000000i: elastic S-matrix  @@      0.00  0   0 F  0
 Reaction Xsec    73.0+/73 @ 2 =   0.000#, Out:   0.000#   0.000#   0.000f

   S-matrix    3 =    1.00000   0.00000 for L=   73, J=   73.5 channel on core I =   1.5 from L=   73,  Acc. loss =  0.0 D.
 Elastic phase shift   3 =    0.000   0.000 deg. for the L =   73, J =   73.5 channel.
      73.0  1.00000000  0.00000000i: elastic S-matrix  @@      0.00  0   0 F  0
 Reaction Xsec    73.0+/73 @ 3 =   0.000#, Out:   0.000#   0.000#   0.000f

   S-matrix    4 =    1.00000   0.00000 for L=   75, J=   74.5 channel on core I =   1.5 from L=   75,  Acc. loss =  0.0 D.
 Elastic phase shift   4 =    0.000   0.000 deg. for the L =   75, J =   74.5 channel.
      73.0  1.00000000  0.00000000i: elastic S-matrix  @@      0.00  0   0 F  0
 Reaction Xsec    73.0+/75 @ 4 =   0.000#, Out:   0.000#   0.000#   0.000f


 Total SPIN, PARITY =    73.0 -,      5 chs,      0 cc.  Rmin & Coul turning =    5.8  121.5
   S-matrix    1 =    1.00000  -0.00000 for L=   72, J=   71.5 channel on core I =   1.5 from L=   72,  Acc. loss =  0.0 D.
 Elastic phase shift   1 =   -0.000   0.000 deg. for the L =   72, J =   71.5 channel.
      73.0  1.00000000 -0.00000000i: elastic S-matrix  @@      0.02  0   0 F  0
 Reaction Xsec    73.0-/72 @ 1 =   0.000#, Out:   0.000#   0.000#   0.000f

   S-matrix    2 =    1.00000   0.00000 for L=   72, J=   72.5 channel on core I =   1.5 from L=   72,  Acc. loss =  0.0 D.
 Elastic phase shift   2 =    0.000   0.000 deg. for the L =   72, J =   72.5 channel.
      73.0  1.00000000  0.00000000i: elastic S-matrix  @@      0.02  0   0 F  0
 Reaction Xsec    73.0-/72 @ 2 =   0.000#, Out:   0.000#   0.000#   0.000f

   S-matrix    3 =    1.00000   0.00000 for L=   74, J=   73.5 channel on core I =   1.5 from L=   74,  Acc. loss =  0.0 D.
 Elastic phase shift   3 =    0.000   0.000 deg. for the L =   74, J =   73.5 channel.
      73.0  1.00000000  0.00000000i: elastic S-matrix  @@      0.00  0   0 F  0
 Reaction Xsec    73.0-/74 @ 3 =   0.000#, Out:   0.000#   0.000#   0.000f

   S-matrix    4 =    1.00000   0.00000 for L=   74, J=   74.5 channel on core I =   1.5 from L=   74,  Acc. loss =  0.0 D.
 Elastic phase shift   4 =    0.000   0.000 deg. for the L =   74, J =   74.5 channel.
      73.0  1.00000000  0.00000000i: elastic S-matrix  @@      0.00  0   0 F  0
 Reaction Xsec    73.0-/74 @ 4 =   0.000#, Out:   0.000#   0.000#   0.000f


 Total SPIN, PARITY =    74.0 +,      5 chs,      0 cc.  Rmin & Coul turning =    5.9  123.2
   S-matrix    1 =    1.00000   0.00000 for L=   73, J=   72.5 channel on core I =   1.5 from L=   73,  Acc. loss =  0.0 D.
 Elastic phase shift   1 =    0.000   0.000 deg. for the L =   73, J =   72.5 channel.
      74.0  1.00000000  0.00000000i: elastic S-matrix  @@      0.02  0   0 F  0
 Reaction Xsec    74.0+/73 @ 1 =   0.000#, Out:   0.000#   0.000#   0.000f

   S-matrix    2 =    1.00000   0.00000 for L=   73, J=   73.5 channel on core I =   1.5 from L=   73,  Acc. loss =  0.0 D.
 Elastic phase shift   2 =    0.000   0.000 deg. for the L =   73, J =   73.5 channel.
      74.0  1.00000000  0.00000000i: elastic S-matrix  @@      0.00  0   0 F  0
 Reaction Xsec    74.0+/73 @ 2 =   0.000#, Out:   0.000#   0.000#   0.000f

   S-matrix    3 =    1.00000   0.00000 for L=   75, J=   74.5 channel on core I =   1.5 from L=   75,  Acc. loss =  0.0 D.
 Elastic phase shift   3 =    0.000   0.000 deg. for the L =   75, J =   74.5 channel.
      74.0  1.00000000  0.00000000i: elastic S-matrix  @@      0.02  0   0 F  0
 Reaction Xsec    74.0+/75 @ 3 =   0.000#, Out:   0.000#   0.000#   0.000f

   S-matrix    4 =    1.00000   0.00000 for L=   75, J=   75.5 channel on core I =   1.5 from L=   75,  Acc. loss =  0.0 D.
 Elastic phase shift   4 =    0.000   0.000 deg. for the L =   75, J =   75.5 channel.
      74.0  1.00000000  0.00000000i: elastic S-matrix  @@      0.00  0   0 F  0
 Reaction Xsec    74.0+/75 @ 4 =   0.000#, Out:   0.000#   0.000#   0.000f


 Total SPIN, PARITY =    74.0 -,      4 chs,      0 cc.  Rmin & Coul turning =    5.9  123.2
   S-matrix    1 =    1.00000   0.00000 for L=   72, J=   72.5 channel on core I =   1.5 from L=   72,  Acc. loss =  0.0 D.
 Elastic phase shift   1 =    0.000   0.000 deg. for the L =   72, J =   72.5 channel.
      74.0  1.00000000  0.00000000i: elastic S-matrix  @@      0.00  0   0 F  0
 Reaction Xsec    74.0-/72 @ 1 =   0.000#, Out:   0.000#   0.000#   0.000f

   S-matrix    2 =    1.00000   0.00000 for L=   74, J=   73.5 channel on core I =   1.5 from L=   74,  Acc. loss =  0.0 D.
 Elastic phase shift   2 =    0.000   0.000 deg. for the L =   74, J =   73.5 channel.
      74.0  1.00000000  0.00000000i: elastic S-matrix  @@      0.00  0   0 F  0
 Reaction Xsec    74.0-/74 @ 2 =   0.000#, Out:   0.000#   0.000#   0.000f

   S-matrix    3 =    1.00000   0.00000 for L=   74, J=   74.5 channel on core I =   1.5 from L=   74,  Acc. loss =  0.0 D.
 Elastic phase shift   3 =    0.000   0.000 deg. for the L =   74, J =   74.5 channel.
      74.0  1.00000000  0.00000000i: elastic S-matrix  @@      0.00  0   0 F  0
 Reaction Xsec    74.0-/74 @ 3 =   0.000#, Out:   0.000#   0.000#   0.000f

   S-matrix    4 =    1.00000  -0.00000 for L=   76, J=   75.5 channel on core I =   1.5 from L=   76,  Acc. loss =  0.0 D.
 Elastic phase shift   4 =   -0.000   0.000 deg. for the L =   76, J =   75.5 channel.
      74.0  1.00000000 -0.00000000i: elastic S-matrix  @@      0.00  0   0 F  0
 Reaction Xsec    74.0-/76 @ 4 =   0.000#, Out:   0.000#   0.000#   0.000f


 Total SPIN, PARITY =    75.0 +,      4 chs,      0 cc.  Rmin & Coul turning =    6.0  124.8
   S-matrix    1 =    1.00000   0.00000 for L=   73, J=   73.5 channel on core I =   1.5 from L=   73,  Acc. loss =  0.0 D.
 Elastic phase shift   1 =    0.000   0.000 deg. for the L =   73, J =   73.5 channel.
      75.0  1.00000000  0.00000000i: elastic S-matrix  @@      0.00  0   0 F  0
 Reaction Xsec    75.0+/73 @ 1 =   0.000#, Out:   0.000#   0.000#   0.000f

   S-matrix    2 =    1.00000   0.00000 for L=   75, J=   74.5 channel on core I =   1.5 from L=   75,  Acc. loss =  0.0 D.
 Elastic phase shift   2 =    0.000   0.000 deg. for the L =   75, J =   74.5 channel.
      75.0  1.00000000  0.00000000i: elastic S-matrix  @@      0.00  0   0 F  0
 Reaction Xsec    75.0+/75 @ 2 =   0.000#, Out:   0.000#   0.000#   0.000f

   S-matrix    3 =    1.00000   0.00000 for L=   75, J=   75.5 channel on core I =   1.5 from L=   75,  Acc. loss =  0.0 D.
 Elastic phase shift   3 =    0.000   0.000 deg. for the L =   75, J =   75.5 channel.
      75.0  1.00000000  0.00000000i: elastic S-matrix  @@      0.00  0   0 F  0
 Reaction Xsec    75.0+/75 @ 3 =   0.000#, Out:   0.000#   0.000#   0.000f

   S-matrix    4 =    1.00000   0.00000 for L=   77, J=   76.5 channel on core I =   1.5 from L=   77,  Acc. loss =  0.0 D.
 Elastic phase shift   4 =    0.000   0.000 deg. for the L =   77, J =   76.5 channel.
      75.0  1.00000000  0.00000000i: elastic S-matrix  @@      0.00  0   0 F  0
 Reaction Xsec    75.0+/77 @ 4 =   0.000#, Out:   0.000#   0.000#   0.000f


 Total SPIN, PARITY =    75.0 -,      5 chs,      0 cc.  Rmin & Coul turning =    6.0  124.8
   S-matrix    1 =    1.00000   0.00000 for L=   74, J=   73.5 channel on core I =   1.5 from L=   74,  Acc. loss =  0.0 D.
 Elastic phase shift   1 =    0.000   0.000 deg. for the L =   74, J =   73.5 channel.
      75.0  1.00000000  0.00000000i: elastic S-matrix  @@      0.02  0   0 F  0
 Reaction Xsec    75.0-/74 @ 1 =   0.000#, Out:   0.000#   0.000#   0.000f

   S-matrix    2 =    1.00000   0.00000 for L=   74, J=   74.5 channel on core I =   1.5 from L=   74,  Acc. loss =  0.0 D.
 Elastic phase shift   2 =    0.000   0.000 deg. for the L =   74, J =   74.5 channel.
      75.0  1.00000000  0.00000000i: elastic S-matrix  @@      0.00  0   0 F  0
 Reaction Xsec    75.0-/74 @ 2 =   0.000#, Out:   0.000#   0.000#   0.000f

   S-matrix    3 =    1.00000   0.00000 for L=   76, J=   75.5 channel on core I =   1.5 from L=   76,  Acc. loss =  0.0 D.
 Elastic phase shift   3 =    0.000   0.000 deg. for the L =   76, J =   75.5 channel.
      75.0  1.00000000  0.00000000i: elastic S-matrix  @@      0.00  0   0 F  0
 Reaction Xsec    75.0-/76 @ 3 =   0.000#, Out:   0.000#   0.000#   0.000f

   S-matrix    4 =    1.00000  -0.00000 for L=   76, J=   76.5 channel on core I =   1.5 from L=   76,  Acc. loss =  0.0 D.
 Elastic phase shift   4 =   -0.000   0.000 deg. for the L =   76, J =   76.5 channel.
      75.0  1.00000000 -0.00000000i: elastic S-matrix  @@      0.02  0   0 F  0
 Reaction Xsec    75.0-/76 @ 4 =   0.000#, Out:   0.000#   0.000#   0.000f


 Total SPIN, PARITY =    76.0 +,      5 chs,      0 cc.  Rmin & Coul turning =    6.1  126.5
   S-matrix    1 =    1.00000   0.00000 for L=   75, J=   74.5 channel on core I =   1.5 from L=   75,  Acc. loss =  0.0 D.
 Elastic phase shift   1 =    0.000   0.000 deg. for the L =   75, J =   74.5 channel.
      76.0  1.00000000  0.00000000i: elastic S-matrix  @@      0.02  0   0 F  0
 Reaction Xsec    76.0+/75 @ 1 =   0.000#, Out:   0.000#   0.000#   0.000f

   S-matrix    2 =    1.00000   0.00000 for L=   75, J=   75.5 channel on core I =   1.5 from L=   75,  Acc. loss =  0.0 D.
 Elastic phase shift   2 =    0.000   0.000 deg. for the L =   75, J =   75.5 channel.
      76.0  1.00000000  0.00000000i: elastic S-matrix  @@      0.00  0   0 F  0
 Reaction Xsec    76.0+/75 @ 2 =   0.000#, Out:   0.000#   0.000#   0.000f

   S-matrix    3 =    1.00000   0.00000 for L=   77, J=   76.5 channel on core I =   1.5 from L=   77,  Acc. loss =  0.0 D.
 Elastic phase shift   3 =    0.000   0.000 deg. for the L =   77, J =   76.5 channel.
      76.0  1.00000000  0.00000000i: elastic S-matrix  @@      0.00  0   0 F  0
 Reaction Xsec    76.0+/77 @ 3 =   0.000#, Out:   0.000#   0.000#   0.000f

   S-matrix    4 =    1.00000   0.00000 for L=   77, J=   77.5 channel on core I =   1.5 from L=   77,  Acc. loss =  0.0 D.
 Elastic phase shift   4 =    0.000   0.000 deg. for the L =   77, J =   77.5 channel.
      76.0  1.00000000  0.00000000i: elastic S-matrix  @@      0.00  0   0 F  0
 Reaction Xsec    76.0+/77 @ 4 =   0.000#, Out:   0.000#   0.000#   0.000f


 Total SPIN, PARITY =    76.0 -,      4 chs,      0 cc.  Rmin & Coul turning =    6.1  126.5
   S-matrix    1 =    1.00000   0.00000 for L=   74, J=   74.5 channel on core I =   1.5 from L=   74,  Acc. loss =  0.0 D.
 Elastic phase shift   1 =    0.000   0.000 deg. for the L =   74, J =   74.5 channel.
      76.0  1.00000000  0.00000000i: elastic S-matrix  @@      0.00  0   0 F  0
 Reaction Xsec    76.0-/74 @ 1 =   0.000#, Out:   0.000#   0.000#   0.000f

   S-matrix    2 =    1.00000   0.00000 for L=   76, J=   75.5 channel on core I =   1.5 from L=   76,  Acc. loss =  0.0 D.
 Elastic phase shift   2 =    0.000   0.000 deg. for the L =   76, J =   75.5 channel.
      76.0  1.00000000  0.00000000i: elastic S-matrix  @@      0.00  0   0 F  0
 Reaction Xsec    76.0-/76 @ 2 =   0.000#, Out:   0.000#   0.000#   0.000f

   S-matrix    3 =    1.00000   0.00000 for L=   76, J=   76.5 channel on core I =   1.5 from L=   76,  Acc. loss =  0.0 D.
 Elastic phase shift   3 =    0.000   0.000 deg. for the L =   76, J =   76.5 channel.
      76.0  1.00000000  0.00000000i: elastic S-matrix  @@      0.02  0   0 F  0
 Reaction Xsec    76.0-/76 @ 3 =   0.000#, Out:   0.000#   0.000#   0.000f

   S-matrix    4 =    1.00000   0.00000 for L=   78, J=   77.5 channel on core I =   1.5 from L=   78,  Acc. loss =  0.0 D.
 Elastic phase shift   4 =    0.000   0.000 deg. for the L =   78, J =   77.5 channel.
      76.0  1.00000000  0.00000000i: elastic S-matrix  @@      0.00  0   0 F  0
 Reaction Xsec    76.0-/78 @ 4 =   0.000#, Out:   0.000#   0.000#   0.000f


 Total SPIN, PARITY =    77.0 +,      4 chs,      0 cc.  Rmin & Coul turning =    6.2  128.1
   S-matrix    1 =    1.00000   0.00000 for L=   75, J=   75.5 channel on core I =   1.5 from L=   75,  Acc. loss =  0.0 D.
 Elastic phase shift   1 =    0.000   0.000 deg. for the L =   75, J =   75.5 channel.
      77.0  1.00000000  0.00000000i: elastic S-matrix  @@      0.00  0   0 F  0
 Reaction Xsec    77.0+/75 @ 1 =   0.000#, Out:   0.000#   0.000#   0.000f

   S-matrix    2 =    1.00000   0.00000 for L=   77, J=   76.5 channel on core I =   1.5 from L=   77,  Acc. loss =  0.0 D.
 Elastic phase shift   2 =    0.000   0.000 deg. for the L =   77, J =   76.5 channel.
      77.0  1.00000000  0.00000000i: elastic S-matrix  @@      0.00  0   0 F  0
 Reaction Xsec    77.0+/77 @ 2 =   0.000#, Out:   0.000#   0.000#   0.000f

   S-matrix    3 =    1.00000   0.00000 for L=   77, J=   77.5 channel on core I =   1.5 from L=   77,  Acc. loss =  0.0 D.
 Elastic phase shift   3 =    0.000   0.000 deg. for the L =   77, J =   77.5 channel.
      77.0  1.00000000  0.00000000i: elastic S-matrix  @@      0.00  0   0 F  0
 Reaction Xsec    77.0+/77 @ 3 =   0.000#, Out:   0.000#   0.000#   0.000f

   S-matrix    4 =    1.00000   0.00000 for L=   79, J=   78.5 channel on core I =   1.5 from L=   79,  Acc. loss =  0.0 D.
 Elastic phase shift   4 =    0.000   0.000 deg. for the L =   79, J =   78.5 channel.
      77.0  1.00000000  0.00000000i: elastic S-matrix  @@      0.00  0   0 F  0
 Reaction Xsec    77.0+/79 @ 4 =   0.000#, Out:   0.000#   0.000#   0.000f


 Total SPIN, PARITY =    77.0 -,      5 chs,      0 cc.  Rmin & Coul turning =    6.2  128.1
   S-matrix    1 =    1.00000   0.00000 for L=   76, J=   75.5 channel on core I =   1.5 from L=   76,  Acc. loss =  0.0 D.
 Elastic phase shift   1 =    0.000   0.000 deg. for the L =   76, J =   75.5 channel.
      77.0  1.00000000  0.00000000i: elastic S-matrix  @@      0.02  0   0 F  0
 Reaction Xsec    77.0-/76 @ 1 =   0.000#, Out:   0.000#   0.000#   0.000f

   S-matrix    2 =    1.00000   0.00000 for L=   76, J=   76.5 channel on core I =   1.5 from L=   76,  Acc. loss =  0.0 D.
 Elastic phase shift   2 =    0.000   0.000 deg. for the L =   76, J =   76.5 channel.
      77.0  1.00000000  0.00000000i: elastic S-matrix  @@      0.00  0   0 F  0
 Reaction Xsec    77.0-/76 @ 2 =   0.000#, Out:   0.000#   0.000#   0.000f

   S-matrix    3 =    1.00000   0.00000 for L=   78, J=   77.5 channel on core I =   1.5 from L=   78,  Acc. loss =  0.0 D.
 Elastic phase shift   3 =    0.000   0.000 deg. for the L =   78, J =   77.5 channel.
      77.0  1.00000000  0.00000000i: elastic S-matrix  @@      0.00  0   0 F  0
 Reaction Xsec    77.0-/78 @ 3 =   0.000#, Out:   0.000#   0.000#   0.000f

   S-matrix    4 =    1.00000   0.00000 for L=   78, J=   78.5 channel on core I =   1.5 from L=   78,  Acc. loss =  0.0 D.
 Elastic phase shift   4 =    0.000   0.000 deg. for the L =   78, J =   78.5 channel.
      77.0  1.00000000  0.00000000i: elastic S-matrix  @@      0.02  0   0 F  0
 Reaction Xsec    77.0-/78 @ 4 =   0.000#, Out:   0.000#   0.000#   0.000f


 Total SPIN, PARITY =    78.0 +,      5 chs,      0 cc.  Rmin & Coul turning =    6.2  129.7
   S-matrix    1 =    1.00000   0.00000 for L=   77, J=   76.5 channel on core I =   1.5 from L=   77,  Acc. loss =  0.0 D.
 Elastic phase shift   1 =    0.000   0.000 deg. for the L =   77, J =   76.5 channel.
      78.0  1.00000000  0.00000000i: elastic S-matrix  @@      0.02  0   0 F  0
 Reaction Xsec    78.0+/77 @ 1 =   0.000#, Out:   0.000#   0.000#   0.000f

   S-matrix    2 =    1.00000   0.00000 for L=   77, J=   77.5 channel on core I =   1.5 from L=   77,  Acc. loss =  0.0 D.
 Elastic phase shift   2 =    0.000   0.000 deg. for the L =   77, J =   77.5 channel.
      78.0  1.00000000  0.00000000i: elastic S-matrix  @@      0.00  0   0 F  0
 Reaction Xsec    78.0+/77 @ 2 =   0.000#, Out:   0.000#   0.000#   0.000f

   S-matrix    3 =    1.00000   0.00000 for L=   79, J=   78.5 channel on core I =   1.5 from L=   79,  Acc. loss =  0.0 D.
 Elastic phase shift   3 =    0.000   0.000 deg. for the L =   79, J =   78.5 channel.
0****** WARNING : ACCURACY LOSS IN ERWIN = 15.2 DIGITS, SO EXPECT ERRORS OF********* % OF UNITARITY

   1450587536305713.5        1.1417903447385423E+045   2.2204460492503131E-016
 Increase lower cutoff: eg CUTL. Continuing.
      78.0  1.00000000  0.00000000i: elastic S-matrix  @@      0.00  0   0 F  0
 Reaction Xsec    78.0+/79 @ 3 =   0.000#, Out:   0.000#******** ********f

   S-matrix    4 =    1.00000   0.00000 for L=   79, J=   79.5 channel on core I =   1.5 from L=   79,  Acc. loss =  0.0 D.
 Elastic phase shift   4 =    0.000   0.000 deg. for the L =   79, J =   79.5 channel.
0****** WARNING : ACCURACY LOSS IN ERWIN = 14.8 DIGITS, SO EXPECT ERRORS OF********* % OF UNITARITY

   706440492500409.12        1.6681377137545657E+045   2.2204460492503131E-016
 Increase lower cutoff: eg CUTL. Continuing.
      78.0  1.00000000  0.00000000i: elastic S-matrix  @@      0.00  0   0 F  0
 Reaction Xsec    78.0+/79 @ 4 =   0.000#, Out:   0.000#******** ********f


 Total SPIN, PARITY =    78.0 -,      4 chs,      0 cc.  Rmin & Coul turning =    6.2  129.7
   S-matrix    1 =    1.00000   0.00000 for L=   76, J=   76.5 channel on core I =   1.5 from L=   76,  Acc. loss =  0.0 D.
 Elastic phase shift   1 =    0.000   0.000 deg. for the L =   76, J =   76.5 channel.
      78.0  1.00000000  0.00000000i: elastic S-matrix  @@      0.00  0   0 F  0
 Reaction Xsec    78.0-/76 @ 1 =   0.000#, Out:   0.000#   0.000#   0.000f

   S-matrix    2 =    1.00000   0.00000 for L=   78, J=   77.5 channel on core I =   1.5 from L=   78,  Acc. loss =  0.0 D.
 Elastic phase shift   2 =    0.000   0.000 deg. for the L =   78, J =   77.5 channel.
      78.0  1.00000000  0.00000000i: elastic S-matrix  @@      0.00  0   0 F  0
 Reaction Xsec    78.0-/78 @ 2 =   0.000#, Out:   0.000#   0.000#   0.000f

   S-matrix    3 =    1.00000   0.00000 for L=   78, J=   78.5 channel on core I =   1.5 from L=   78,  Acc. loss =  0.0 D.
 Elastic phase shift   3 =    0.000   0.000 deg. for the L =   78, J =   78.5 channel.
      78.0  1.00000000  0.00000000i: elastic S-matrix  @@      0.00  0   0 F  0
 Reaction Xsec    78.0-/78 @ 3 =   0.000#, Out:   0.000#   0.000#   0.000f

   S-matrix    4 =    1.00000   0.00000 for L=   80, J=   79.5 channel on core I =   1.5 from L=   80,  Acc. loss =  0.0 D.
 Elastic phase shift   4 =    0.000   0.000 deg. for the L =   80, J =   79.5 channel.
      78.0  1.00000000  0.00000000i: elastic S-matrix  @@      0.00  0   0 F  0
 Reaction Xsec    78.0-/80 @ 4 =   0.000#, Out:   0.000#   0.000#   0.000f


 Total SPIN, PARITY =    79.0 +,      4 chs,      0 cc.  Rmin & Coul turning =    6.3  131.4
   S-matrix    1 =    1.00000  -0.00000 for L=   77, J=   77.5 channel on core I =   1.5 from L=   77,  Acc. loss =  0.0 D.
 Elastic phase shift   1 =   -0.000   0.000 deg. for the L =   77, J =   77.5 channel.
      79.0  1.00000000 -0.00000000i: elastic S-matrix  @@      0.00  0   0 F  0
 Reaction Xsec    79.0+/77 @ 1 =   0.000#, Out:   0.000#   0.000#   0.000f

   S-matrix    2 =    1.00000   0.00000 for L=   79, J=   78.5 channel on core I =   1.5 from L=   79,  Acc. loss =  0.0 D.
 Elastic phase shift   2 =    0.000   0.000 deg. for the L =   79, J =   78.5 channel.
      79.0  1.00000000  0.00000000i: elastic S-matrix  @@      0.00  0   0 F  0
 Reaction Xsec    79.0+/79 @ 2 =   0.000#, Out:   0.000#   0.000#   0.000f

   S-matrix    3 =    1.00000   0.00000 for L=   79, J=   79.5 channel on core I =   1.5 from L=   79,  Acc. loss =  0.0 D.
 Elastic phase shift   3 =    0.000   0.000 deg. for the L =   79, J =   79.5 channel.
      79.0  1.00000000  0.00000000i: elastic S-matrix  @@      0.00  0   0 F  0
 Reaction Xsec    79.0+/79 @ 3 =   0.000#, Out:   0.000#   0.000#   0.000f

   S-matrix    4 =    1.00000   0.00000 for L=   81, J=   80.5 channel on core I =   1.5 from L=   81,  Acc. loss =  0.0 D.
 Elastic phase shift   4 =    0.000   0.000 deg. for the L =   81, J =   80.5 channel.
      79.0  1.00000000  0.00000000i: elastic S-matrix  @@      0.00  0   0 F  0
 Reaction Xsec    79.0+/81 @ 4 =   0.000#, Out:   0.000#   0.000#   0.000f


 Total SPIN, PARITY =    79.0 -,      5 chs,      0 cc.  Rmin & Coul turning =    6.3  131.4
   S-matrix    1 =    1.00000   0.00000 for L=   78, J=   77.5 channel on core I =   1.5 from L=   78,  Acc. loss =  0.0 D.
 Elastic phase shift   1 =    0.000   0.000 deg. for the L =   78, J =   77.5 channel.
      79.0  1.00000000  0.00000000i: elastic S-matrix  @@      0.02  0   0 F  0
 Reaction Xsec    79.0-/78 @ 1 =   0.000#, Out:   0.000#   0.000#   0.000f

   S-matrix    2 =    1.00000   0.00000 for L=   78, J=   78.5 channel on core I =   1.5 from L=   78,  Acc. loss =  0.0 D.
 Elastic phase shift   2 =    0.000   0.000 deg. for the L =   78, J =   78.5 channel.
      79.0  1.00000000  0.00000000i: elastic S-matrix  @@      0.02  0   0 F  0
 Reaction Xsec    79.0-/78 @ 2 =   0.000#, Out:   0.000#   0.000#   0.000f

   S-matrix    3 =    1.00000   0.00000 for L=   80, J=   79.5 channel on core I =   1.5 from L=   80,  Acc. loss =  0.0 D.
 Elastic phase shift   3 =    0.000   0.000 deg. for the L =   80, J =   79.5 channel.
      79.0  1.00000000  0.00000000i: elastic S-matrix  @@      0.00  0   0 F  0
 Reaction Xsec    79.0-/80 @ 3 =   0.000#, Out:   0.000#   0.000#   0.000f

   S-matrix    4 =    1.00000  -0.00000 for L=   80, J=   80.5 channel on core I =   1.5 from L=   80,  Acc. loss =  0.0 D.
 Elastic phase shift   4 =   -0.000   0.000 deg. for the L =   80, J =   80.5 channel.
0****** WARNING : ACCURACY LOSS IN ERWIN = 15.2 DIGITS, SO EXPECT ERRORS OF********* % OF UNITARITY

   1442584432184193.2        1.1199345113109115E+045   2.2204460492503131E-016
 Increase lower cutoff: eg CUTL. Continuing.
      79.0  1.00000000 -0.00000000i: elastic S-matrix  @@      0.00  0   0 F  0
 Reaction Xsec    79.0-/80 @ 4 =   0.000#, Out:   0.000#******** ********f


 Total SPIN, PARITY =    80.0 +,      5 chs,      0 cc.  Rmin & Coul turning =    6.4  133.0
   S-matrix    1 =    1.00000   0.00000 for L=   79, J=   78.5 channel on core I =   1.5 from L=   79,  Acc. loss =  0.0 D.
 Elastic phase shift   1 =    0.000   0.000 deg. for the L =   79, J =   78.5 channel.
0****** WARNING : ACCURACY LOSS IN ERWIN = 14.8 DIGITS, SO EXPECT ERRORS OF********* % OF UNITARITY

   579984857650587.88        2.9154692062661922E+044   2.2204460492503131E-016
 Increase lower cutoff: eg CUTL. Continuing.
      80.0  1.00000000  0.00000000i: elastic S-matrix  @@      0.02  0   0 F  0
 Reaction Xsec    80.0+/79 @ 1 =   0.000#, Out:   0.000#******** ********f

   S-matrix    2 =    1.00000   0.00000 for L=   79, J=   79.5 channel on core I =   1.5 from L=   79,  Acc. loss =  0.0 D.
 Elastic phase shift   2 =    0.000   0.000 deg. for the L =   79, J =   79.5 channel.
0****** WARNING : ACCURACY LOSS IN ERWIN = 15.3 DIGITS, SO EXPECT ERRORS OF********* % OF UNITARITY

   1807385240135644.2        2.2713420626276227E+044   2.2204460492503131E-016
 Increase lower cutoff: eg CUTL. Continuing.
      80.0  1.00000000  0.00000000i: elastic S-matrix  @@      0.00  0   0 F  0
 Reaction Xsec    80.0+/79 @ 2 =   0.000#, Out:   0.000#******** ********f

   S-matrix    3 =    1.00000   0.00000 for L=   81, J=   80.5 channel on core I =   1.5 from L=   81,  Acc. loss =  0.0 D.
 Elastic phase shift   3 =    0.000   0.000 deg. for the L =   81, J =   80.5 channel.
      80.0  1.00000000  0.00000000i: elastic S-matrix  @@      0.02  0   0 F  0
 Reaction Xsec    80.0+/81 @ 3 =   0.000#, Out:   0.000#   0.000#   0.000f

   S-matrix    4 =    1.00000   0.00000 for L=   81, J=   81.5 channel on core I =   1.5 from L=   81,  Acc. loss =  0.0 D.
 Elastic phase shift   4 =    0.000   0.000 deg. for the L =   81, J =   81.5 channel.
0****** WARNING : ACCURACY LOSS IN ERWIN = 15.2 DIGITS, SO EXPECT ERRORS OF********* % OF UNITARITY

   1717784746305264.2        2.7636382688346759E+046   2.2204460492503131E-016
 Increase lower cutoff: eg CUTL. Continuing.
      80.0  1.00000000  0.00000000i: elastic S-matrix  @@      0.00  0   0 F  0
 Reaction Xsec    80.0+/81 @ 4 =   0.000#, Out:   0.000#******** ********f


 Total SPIN, PARITY =    80.0 -,      4 chs,      0 cc.  Rmin & Coul turning =    6.4  133.0
   S-matrix    1 =    1.00000   0.00000 for L=   78, J=   78.5 channel on core I =   1.5 from L=   78,  Acc. loss =  0.0 D.
 Elastic phase shift   1 =    0.000   0.000 deg. for the L =   78, J =   78.5 channel.
      80.0  1.00000000  0.00000000i: elastic S-matrix  @@      0.00  0   0 F  0
 Reaction Xsec    80.0-/78 @ 1 =   0.000#, Out:   0.000#   0.000#   0.000f

   S-matrix    2 =    1.00000   0.00000 for L=   80, J=   79.5 channel on core I =   1.5 from L=   80,  Acc. loss =  0.0 D.
 Elastic phase shift   2 =    0.000   0.000 deg. for the L =   80, J =   79.5 channel.
      80.0  1.00000000  0.00000000i: elastic S-matrix  @@      0.00  0   0 F  0
 Reaction Xsec    80.0-/80 @ 2 =   0.000#, Out:   0.000#   0.000#   0.000f

   S-matrix    3 =    1.00000   0.00000 for L=   80, J=   80.5 channel on core I =   1.5 from L=   80,  Acc. loss =  0.0 D.
 Elastic phase shift   3 =    0.000   0.000 deg. for the L =   80, J =   80.5 channel.
      80.0  1.00000000  0.00000000i: elastic S-matrix  @@      0.00  0   0 F  0
 Reaction Xsec    80.0-/80 @ 3 =   0.000#, Out:   0.000#   0.000#   0.000f

   S-matrix    4 =    1.00000   0.00000 for L=   82, J=   81.5 channel on core I =   1.5 from L=   82,  Acc. loss =  0.0 D.
 Elastic phase shift   4 =    0.000   0.000 deg. for the L =   82, J =   81.5 channel.
      80.0  1.00000000  0.00000000i: elastic S-matrix  @@      0.00  0   0 F  0
 Reaction Xsec    80.0-/82 @ 4 =   0.000#, Out:   0.000#   0.000#   0.000f

 Finished all CC sets @    2.92187500    
0CUMULATIVE REACTION cross section                 =  957.71505  <L> =     2.88  <L**2> =     10.0
0CUMULATIVE outgoing cross sections in partition 1 :    0.00000
0CUMULATIVE outgoing cross sections in partition 2 :***********
0Cumulative ABSORBTION by Imaginary Potentials     =***********  <L> =    79.95  <L**2> =   6392.5
   Fusion for specific p        M-states :************************
0CUMULATIVE OUTGOING cross section                 =***********
 To convert to S-factors (MeV.mb = keV.b),  multiply by  2.2340E+01


 CROSS SECTIONS FOR OUTGOING p        & 7Li      in state #   1 with spins & parities 0.5  + &  1.5  -;  0

     0.01 deg.: X-S =   2.6110E+15 mb/sr,
+                                         /R =   1.0000E+00
     1.00 deg.: X-S =   2.5934E+07 mb/sr,
+                                         /R =   9.9319E-01
     2.00 deg.: X-S =   1.5971E+06 mb/sr,
+                                         /R =   9.7850E-01
     3.00 deg.: X-S =   3.0986E+05 mb/sr,
+                                         /R =   9.6083E-01
     4.00 deg.: X-S =   9.6333E+04 mb/sr,
+                                         /R =   9.4374E-01
     5.00 deg.: X-S =   3.8924E+04 mb/sr,
+                                         /R =   9.3054E-01
     6.00 deg.: X-S =   1.8659E+04 mb/sr,
+                                         /R =   9.2445E-01
     7.00 deg.: X-S =   1.0124E+04 mb/sr,
+                                         /R =   9.2870E-01
     8.00 deg.: X-S =  6053.023780 mb/sr,
+                                         /R =   9.4648E-01
     9.00 deg.: X-S =  3919.779704 mb/sr,
+                                         /R =   9.8093E-01
    10.00 deg.: X-S =  2716.166531 mb/sr,
+                                         /R =   1.0350E+00
    11.00 deg.: X-S =  1994.321293 mb/sr,
+                                         /R =   1.1114E+00
    12.00 deg.: X-S =  1538.141230 mb/sr,
+                                         /R =   1.2127E+00
    13.00 deg.: X-S =  1236.125239 mb/sr,
+                                         /R =   1.3406E+00
    14.00 deg.: X-S =  1027.475867 mb/sr,
+                                         /R =   1.4968E+00
    15.00 deg.: X-S =   877.472267 mb/sr,
+                                         /R =   1.6820E+00
    16.00 deg.: X-S =   765.491593 mb/sr,
+                                         /R =   1.8965E+00
    17.00 deg.: X-S =   678.865832 mb/sr,
+                                         /R =   2.1399E+00
    18.00 deg.: X-S =   609.584793 mb/sr,
+                                         /R =   2.4108E+00
    19.00 deg.: X-S =   552.455312 mb/sr,
+                                         /R =   2.7073E+00
    20.00 deg.: X-S =   504.037220 mb/sr,
+                                         /R =   3.0265E+00
    21.00 deg.: X-S =   462.009093 mb/sr,
+                                         /R =   3.3650E+00
    22.00 deg.: X-S =   424.779655 mb/sr,
+                                         /R =   3.7184E+00
    23.00 deg.: X-S =   391.243723 mb/sr,
+                                         /R =   4.0820E+00
    24.00 deg.: X-S =   360.625448 mb/sr,
+                                         /R =   4.4501E+00
    25.00 deg.: X-S =   332.375539 mb/sr,
+                                         /R =   4.8170E+00
    26.00 deg.: X-S =   306.102610 mb/sr,
+                                         /R =   5.1763E+00
    27.00 deg.: X-S =   281.526511 mb/sr,
+                                         /R =   5.5216E+00
    28.00 deg.: X-S =   258.446095 mb/sr,
+                                         /R =   5.8462E+00
    29.00 deg.: X-S =   236.716631 mb/sr,
+                                         /R =   6.1437E+00
    30.00 deg.: X-S =   216.233753 mb/sr,
+                                         /R =   6.4078E+00
    31.00 deg.: X-S =   196.921920 mb/sr,
+                                         /R =   6.6327E+00
    32.00 deg.: X-S =   178.726027 mb/sr,
+                                         /R =   6.8131E+00
    33.00 deg.: X-S =   161.605244 mb/sr,
+                                         /R =   6.9442E+00
    34.00 deg.: X-S =   145.528472 mb/sr,
+                                         /R =   7.0225E+00
    35.00 deg.: X-S =   130.470958 mb/sr,
+                                         /R =   7.0450E+00
    36.00 deg.: X-S =   116.411773 mb/sr,
+                                         /R =   7.0102E+00
    37.00 deg.: X-S =   103.331940 mb/sr,
+                                         /R =   6.9174E+00
    38.00 deg.: X-S =    91.213044 mb/sr,
+                                         /R =   6.7675E+00
    39.00 deg.: X-S =    80.036216 mb/sr,
+                                         /R =   6.5625E+00
    40.00 deg.: X-S =    69.781406 mb/sr,
+                                         /R =   6.3059E+00
    41.00 deg.: X-S =    60.426880 mb/sr,
+                                         /R =   6.0025E+00
    42.00 deg.: X-S =    51.948895 mb/sr,
+                                         /R =   5.6584E+00
    43.00 deg.: X-S =    44.321516 mb/sr,
+                                         /R =   5.2810E+00
    44.00 deg.: X-S =    37.516540 mb/sr,
+                                         /R =   4.8790E+00
    45.00 deg.: X-S =    31.503519 mb/sr,
+                                         /R =   4.4619E+00
    46.00 deg.: X-S =    26.249844 mb/sr,
+                                         /R =   4.0406E+00
    47.00 deg.: X-S =    21.720889 mb/sr,
+                                         /R =   3.6264E+00
    48.00 deg.: X-S =    17.880206 mb/sr,
+                                         /R =   3.2317E+00
    49.00 deg.: X-S =    14.689740 mb/sr,
+                                         /R =   2.8690E+00
    50.00 deg.: X-S =    12.110082 mb/sr,
+                                         /R =   2.5512E+00
    51.00 deg.: X-S =    10.100735 mb/sr,
+                                         /R =   2.2914E+00
    52.00 deg.: X-S =     8.620387 mb/sr,
+                                         /R =   2.1023E+00
    53.00 deg.: X-S =     7.627198 mb/sr,
+                                         /R =   1.9965E+00
    54.00 deg.: X-S =     7.079077 mb/sr,
+                                         /R =   1.9859E+00
    55.00 deg.: X-S =     6.933969 mb/sr,
+                                         /R =   2.0816E+00
    56.00 deg.: X-S =     7.150120 mb/sr,
+                                         /R =   2.2938E+00
    57.00 deg.: X-S =     7.686343 mb/sr,
+                                         /R =   2.6313E+00
    58.00 deg.: X-S =     8.502265 mb/sr,
+                                         /R =   3.1019E+00
    59.00 deg.: X-S =     9.558557 mb/sr,
+                                         /R =   3.7115E+00
    60.00 deg.: X-S =    10.817157 mb/sr,
+                                         /R =   4.4647E+00
    61.00 deg.: X-S =    12.241456 mb/sr,
+                                         /R =   5.3643E+00
    62.00 deg.: X-S =    13.796483 mb/sr,
+                                         /R =   6.4110E+00
    63.00 deg.: X-S =    15.449053 mb/sr,
+                                         /R =   7.6040E+00
    64.00 deg.: X-S =    17.167907 mb/sr,
+                                         /R =   8.9404E+00
    65.00 deg.: X-S =    18.923816 mb/sr,
+                                         /R =   1.0415E+01
    66.00 deg.: X-S =    20.689676 mb/sr,
+                                         /R =   1.2022E+01
    67.00 deg.: X-S =    22.440572 mb/sr,
+                                         /R =   1.3753E+01
    68.00 deg.: X-S =    24.153826 mb/sr,
+                                         /R =   1.5597E+01
    69.00 deg.: X-S =    25.809020 mb/sr,
+                                         /R =   1.7542E+01
    70.00 deg.: X-S =    27.388003 mb/sr,
+                                         /R =   1.9576E+01
    71.00 deg.: X-S =    28.874879 mb/sr,
+                                         /R =   2.1684E+01
    72.00 deg.: X-S =    30.255971 mb/sr,
+                                         /R =   2.3850E+01
    73.00 deg.: X-S =    31.519777 mb/sr,
+                                         /R =   2.6058E+01
    74.00 deg.: X-S =    32.656905 mb/sr,
+                                         /R =   2.8290E+01
    75.00 deg.: X-S =    33.659996 mb/sr,
+                                         /R =   3.0528E+01
    76.00 deg.: X-S =    34.523633 mb/sr,
+                                         /R =   3.2756E+01
    77.00 deg.: X-S =    35.244243 mb/sr,
+                                         /R =   3.4953E+01
    78.00 deg.: X-S =    35.819988 mb/sr,
+                                         /R =   3.7103E+01
    79.00 deg.: X-S =    36.250643 mb/sr,
+                                         /R =   3.9189E+01
    80.00 deg.: X-S =    36.537475 mb/sr,
+                                         /R =   4.1192E+01
    81.00 deg.: X-S =    36.683117 mb/sr,
+                                         /R =   4.3097E+01
    82.00 deg.: X-S =    36.691430 mb/sr,
+                                         /R =   4.4889E+01
    83.00 deg.: X-S =    36.567374 mb/sr,
+                                         /R =   4.6554E+01
    84.00 deg.: X-S =    36.316875 mb/sr,
+                                         /R =   4.8079E+01
    85.00 deg.: X-S =    35.946687 mb/sr,
+                                         /R =   4.9453E+01
    86.00 deg.: X-S =    35.464264 mb/sr,
+                                         /R =   5.0667E+01
    87.00 deg.: X-S =    34.877631 mb/sr,
+                                         /R =   5.1713E+01
    88.00 deg.: X-S =    34.195263 mb/sr,
+                                         /R =   5.2584E+01
    89.00 deg.: X-S =    33.425960 mb/sr,
+                                         /R =   5.3276E+01
    90.00 deg.: X-S =    32.578741 mb/sr,
+                                         /R =   5.3787E+01
    91.00 deg.: X-S =    31.662733 mb/sr,
+                                         /R =   5.4115E+01
    92.00 deg.: X-S =    30.687076 mb/sr,
+                                         /R =   5.4262E+01
    93.00 deg.: X-S =    29.660830 mb/sr,
+                                         /R =   5.4229E+01
    94.00 deg.: X-S =    28.592891 mb/sr,
+                                         /R =   5.4022E+01
    95.00 deg.: X-S =    27.491919 mb/sr,
+                                         /R =   5.3645E+01
    96.00 deg.: X-S =    26.366274 mb/sr,
+                                         /R =   5.3106E+01
    97.00 deg.: X-S =    25.223953 mb/sr,
+                                         /R =   5.2413E+01
    98.00 deg.: X-S =    24.072550 mb/sr,
+                                         /R =   5.1576E+01
    99.00 deg.: X-S =    22.919209 mb/sr,
+                                         /R =   5.0604E+01
   100.00 deg.: X-S =    21.770599 mb/sr,
+                                         /R =   4.9509E+01
   101.00 deg.: X-S =    20.632886 mb/sr,
+                                         /R =   4.8304E+01
   102.00 deg.: X-S =    19.511725 mb/sr,
+                                         /R =   4.7001E+01
   103.00 deg.: X-S =    18.412246 mb/sr,
+                                         /R =   4.5613E+01
   104.00 deg.: X-S =    17.339057 mb/sr,
+                                         /R =   4.4153E+01
   105.00 deg.: X-S =    16.296249 mb/sr,
+                                         /R =   4.2634E+01
   106.00 deg.: X-S =    15.287409 mb/sr,
+                                         /R =   4.1071E+01
   107.00 deg.: X-S =    14.315636 mb/sr,
+                                         /R =   3.9476E+01
   108.00 deg.: X-S =    13.383566 mb/sr,
+                                         /R =   3.7862E+01
   109.00 deg.: X-S =    12.493393 mb/sr,
+                                         /R =   3.6243E+01
   110.00 deg.: X-S =    11.646903 mb/sr,
+                                         /R =   3.4631E+01
   111.00 deg.: X-S =    10.845506 mb/sr,
+                                         /R =   3.3039E+01
   112.00 deg.: X-S =    10.090268 mb/sr,
+                                         /R =   3.1478E+01
   113.00 deg.: X-S =     9.381948 mb/sr,
+                                         /R =   2.9959E+01
   114.00 deg.: X-S =     8.721036 mb/sr,
+                                         /R =   2.8493E+01
   115.00 deg.: X-S =     8.107787 mb/sr,
+                                         /R =   2.7091E+01
   116.00 deg.: X-S =     7.542261 mb/sr,
+                                         /R =   2.5762E+01
   117.00 deg.: X-S =     7.024357 mb/sr,
+                                         /R =   2.4517E+01
   118.00 deg.: X-S =     6.553846 mb/sr,
+                                         /R =   2.3365E+01
   119.00 deg.: X-S =     6.130406 mb/sr,
+                                         /R =   2.2314E+01
   120.00 deg.: X-S =     5.753649 mb/sr,
+                                         /R =   2.1373E+01
   121.00 deg.: X-S =     5.423152 mb/sr,
+                                         /R =   2.0551E+01
   122.00 deg.: X-S =     5.138480 mb/sr,
+                                         /R =   1.9857E+01
   123.00 deg.: X-S =     4.899207 mb/sr,
+                                         /R =   1.9298E+01
   124.00 deg.: X-S =     4.704934 mb/sr,
+                                         /R =   1.8884E+01
   125.00 deg.: X-S =     4.555303 mb/sr,
+                                         /R =   1.8622E+01
   126.00 deg.: X-S =     4.450011 mb/sr,
+                                         /R =   1.8522E+01
   127.00 deg.: X-S =     4.388812 mb/sr,
+                                         /R =   1.8591E+01
   128.00 deg.: X-S =     4.371526 mb/sr,
+                                         /R =   1.8840E+01
   129.00 deg.: X-S =     4.398036 mb/sr,
+                                         /R =   1.9276E+01
   130.00 deg.: X-S =     4.468283 mb/sr,
+                                         /R =   1.9909E+01
   131.00 deg.: X-S =     4.582264 mb/sr,
+                                         /R =   2.0748E+01
   132.00 deg.: X-S =     4.740018 mb/sr,
+                                         /R =   2.1802E+01
   133.00 deg.: X-S =     4.941617 mb/sr,
+                                         /R =   2.3081E+01
   134.00 deg.: X-S =     5.187148 mb/sr,
+                                         /R =   2.4594E+01
   135.00 deg.: X-S =     5.476698 mb/sr,
+                                         /R =   2.6350E+01
   136.00 deg.: X-S =     5.810332 mb/sr,
+                                         /R =   2.8357E+01
   137.00 deg.: X-S =     6.188078 mb/sr,
+                                         /R =   3.0625E+01
   138.00 deg.: X-S =     6.609900 mb/sr,
+                                         /R =   3.3159E+01
   139.00 deg.: X-S =     7.075679 mb/sr,
+                                         /R =   3.5968E+01
   140.00 deg.: X-S =     7.585189 mb/sr,
+                                         /R =   3.9058E+01
   141.00 deg.: X-S =     8.138077 mb/sr,
+                                         /R =   4.2434E+01
   142.00 deg.: X-S =     8.733836 mb/sr,
+                                         /R =   4.6099E+01
   143.00 deg.: X-S =     9.371791 mb/sr,
+                                         /R =   5.0055E+01
   144.00 deg.: X-S =    10.051074 mb/sr,
+                                         /R =   5.4305E+01
   145.00 deg.: X-S =    10.770609 mb/sr,
+                                         /R =   5.8846E+01
   146.00 deg.: X-S =    11.529094 mb/sr,
+                                         /R =   6.3677E+01
   147.00 deg.: X-S =    12.324989 mb/sr,
+                                         /R =   6.8792E+01
   148.00 deg.: X-S =    13.156502 mb/sr,
+                                         /R =   7.4184E+01
   149.00 deg.: X-S =    14.021585 mb/sr,
+                                         /R =   7.9844E+01
   150.00 deg.: X-S =    14.917925 mb/sr,
+                                         /R =   8.5760E+01
   151.00 deg.: X-S =    15.842940 mb/sr,
+                                         /R =   9.1919E+01
   152.00 deg.: X-S =    16.793787 mb/sr,
+                                         /R =   9.8303E+01
   153.00 deg.: X-S =    17.767357 mb/sr,
+                                         /R =   1.0489E+02
   154.00 deg.: X-S =    18.760292 mb/sr,
+                                         /R =   1.1167E+02
   155.00 deg.: X-S =    19.768987 mb/sr,
+                                         /R =   1.1861E+02
   156.00 deg.: X-S =    20.789612 mb/sr,
+                                         /R =   1.2568E+02
   157.00 deg.: X-S =    21.818121 mb/sr,
+                                         /R =   1.3286E+02
   158.00 deg.: X-S =    22.850284 mb/sr,
+                                         /R =   1.4011E+02
   159.00 deg.: X-S =    23.881697 mb/sr,
+                                         /R =   1.4741E+02
   160.00 deg.: X-S =    24.907819 mb/sr,
+                                         /R =   1.5472E+02
   161.00 deg.: X-S =    25.923995 mb/sr,
+                                         /R =   1.6200E+02
   162.00 deg.: X-S =    26.925488 mb/sr,
+                                         /R =   1.6922E+02
   163.00 deg.: X-S =    27.907510 mb/sr,
+                                         /R =   1.7633E+02
   164.00 deg.: X-S =    28.865260 mb/sr,
+                                         /R =   1.8331E+02
   165.00 deg.: X-S =    29.793953 mb/sr,
+                                         /R =   1.9011E+02
   166.00 deg.: X-S =    30.688861 mb/sr,
+                                         /R =   1.9669E+02
   167.00 deg.: X-S =    31.545347 mb/sr,
+                                         /R =   2.0302E+02
   168.00 deg.: X-S =    32.358902 mb/sr,
+                                         /R =   2.0905E+02
   169.00 deg.: X-S =    33.125179 mb/sr,
+                                         /R =   2.1476E+02
   170.00 deg.: X-S =    33.840032 mb/sr,
+                                         /R =   2.2009E+02
   171.00 deg.: X-S =    34.499545 mb/sr,
+                                         /R =   2.2504E+02
   172.00 deg.: X-S =    35.100068 mb/sr,
+                                         /R =   2.2955E+02
   173.00 deg.: X-S =    35.638246 mb/sr,
+                                         /R =   2.3360E+02
   174.00 deg.: X-S =    36.111048 mb/sr,
+                                         /R =   2.3717E+02
   175.00 deg.: X-S =    36.515792 mb/sr,
+                                         /R =   2.4023E+02
   176.00 deg.: X-S =    36.850168 mb/sr,
+                                         /R =   2.4276E+02
   177.00 deg.: X-S =    37.112260 mb/sr,
+                                         /R =   2.4475E+02
   178.00 deg.: X-S =    37.300557 mb/sr,
+                                         /R =   2.4618E+02
   179.00 deg.: X-S =    37.413973 mb/sr,
+                                         /R =   2.4704E+02
   179.99 deg.: X-S =    37.451848 mb/sr,
+                                         /R =   2.4733E+02
                                           Integrated********** mb, over [   0.000, 180.000] at    10.0000 MeV 

 CROSS SECTIONS FOR OUTGOING 4He      & 4He      in state #   1 with spins & parities 0.0  + &  0.0  +;  0

     0.00 deg.: X-S =   3.5520E+66 mb/sr,
+                                         REAC   5.2156E+65 mb
     1.00 deg.: X-S =   2.4841E+66 mb/sr,
     2.00 deg.: X-S =   1.1580E+66 mb/sr,
     3.00 deg.: X-S =   7.1406E+65 mb/sr,
     4.00 deg.: X-S =   5.2003E+65 mb/sr,
     5.00 deg.: X-S =   4.3881E+65 mb/sr,
     6.00 deg.: X-S =   3.3700E+65 mb/sr,
     7.00 deg.: X-S =   3.1172E+65 mb/sr,
     8.00 deg.: X-S =   2.5526E+65 mb/sr,
     9.00 deg.: X-S =   2.3553E+65 mb/sr,
    10.00 deg.: X-S =   2.1001E+65 mb/sr,
    11.00 deg.: X-S =   1.8549E+65 mb/sr,
    12.00 deg.: X-S =   1.7969E+65 mb/sr,
    13.00 deg.: X-S =   1.5228E+65 mb/sr,
    14.00 deg.: X-S =   1.5556E+65 mb/sr,
    15.00 deg.: X-S =   1.3079E+65 mb/sr,
    16.00 deg.: X-S =   1.3437E+65 mb/sr,
    17.00 deg.: X-S =   1.1708E+65 mb/sr,
    18.00 deg.: X-S =   1.1557E+65 mb/sr,
    19.00 deg.: X-S =   1.0774E+65 mb/sr,
    20.00 deg.: X-S =   9.9757E+64 mb/sr,
    21.00 deg.: X-S =   1.0004E+65 mb/sr,
    22.00 deg.: X-S =   8.7575E+64 mb/sr,
    23.00 deg.: X-S =   9.2261E+64 mb/sr,
    24.00 deg.: X-S =   7.9126E+64 mb/sr,
    25.00 deg.: X-S =   8.3795E+64 mb/sr,
    26.00 deg.: X-S =   7.3762E+64 mb/sr,
    27.00 deg.: X-S =   7.4991E+64 mb/sr,
    28.00 deg.: X-S =   7.0277E+64 mb/sr,
    29.00 deg.: X-S =   6.6738E+64 mb/sr,
    30.00 deg.: X-S =   6.7323E+64 mb/sr,
    31.00 deg.: X-S =   5.9950E+64 mb/sr,
    32.00 deg.: X-S =   6.3854E+64 mb/sr,
    33.00 deg.: X-S =   5.5140E+64 mb/sr,
    34.00 deg.: X-S =   5.9431E+64 mb/sr,
    35.00 deg.: X-S =   5.2220E+64 mb/sr,
    36.00 deg.: X-S =   5.4266E+64 mb/sr,
    37.00 deg.: X-S =   5.0561E+64 mb/sr,
    38.00 deg.: X-S =   4.9024E+64 mb/sr,
    39.00 deg.: X-S =   4.9275E+64 mb/sr,
    40.00 deg.: X-S =   4.4487E+64 mb/sr,
    41.00 deg.: X-S =   4.7562E+64 mb/sr,
    42.00 deg.: X-S =   4.1205E+64 mb/sr,
    43.00 deg.: X-S =   4.5000E+64 mb/sr,
    44.00 deg.: X-S =   3.9285E+64 mb/sr,
    45.00 deg.: X-S =   4.1657E+64 mb/sr,
    46.00 deg.: X-S =   3.8379E+64 mb/sr,
    47.00 deg.: X-S =   3.8003E+64 mb/sr,
    48.00 deg.: X-S =   3.7850E+64 mb/sr,
    49.00 deg.: X-S =   3.4676E+64 mb/sr,
    50.00 deg.: X-S =   3.7043E+64 mb/sr,
    51.00 deg.: X-S =   3.2201E+64 mb/sr,
    52.00 deg.: X-S =   3.5543E+64 mb/sr,
    53.00 deg.: X-S =   3.0782E+64 mb/sr,
    54.00 deg.: X-S =   3.3308E+64 mb/sr,
    55.00 deg.: X-S =   3.0243E+64 mb/sr,
    56.00 deg.: X-S =   3.0655E+64 mb/sr,
    57.00 deg.: X-S =   3.0120E+64 mb/sr,
    58.00 deg.: X-S =   2.8099E+64 mb/sr,
    59.00 deg.: X-S =   2.9865E+64 mb/sr,
    60.00 deg.: X-S =   2.6124E+64 mb/sr,
    61.00 deg.: X-S =   2.9068E+64 mb/sr,
    62.00 deg.: X-S =   2.4996E+64 mb/sr,
    63.00 deg.: X-S =   2.7606E+64 mb/sr,
    64.00 deg.: X-S =   2.4660E+64 mb/sr,
    65.00 deg.: X-S =   2.5672E+64 mb/sr,
    66.00 deg.: X-S =   2.4786E+64 mb/sr,
    67.00 deg.: X-S =   2.3672E+64 mb/sr,
    68.00 deg.: X-S =   2.4915E+64 mb/sr,
    69.00 deg.: X-S =   2.2054E+64 mb/sr,
    70.00 deg.: X-S =   2.4642E+64 mb/sr,
    71.00 deg.: X-S =   2.1117E+64 mb/sr,
    72.00 deg.: X-S =   2.3781E+64 mb/sr,
    73.00 deg.: X-S =   2.0909E+64 mb/sr,
    74.00 deg.: X-S =   2.2417E+64 mb/sr,
    75.00 deg.: X-S =   2.1209E+64 mb/sr,
    76.00 deg.: X-S =   2.0865E+64 mb/sr,
    77.00 deg.: X-S =   2.1634E+64 mb/sr,
    78.00 deg.: X-S =   1.9528E+64 mb/sr,
    79.00 deg.: X-S =   2.1792E+64 mb/sr,
    80.00 deg.: X-S =   1.8736E+64 mb/sr,
    81.00 deg.: X-S =   2.1439E+64 mb/sr,
    82.00 deg.: X-S =   1.8618E+64 mb/sr,
    83.00 deg.: X-S =   2.0569E+64 mb/sr,
    84.00 deg.: X-S =   1.9053E+64 mb/sr,
    85.00 deg.: X-S =   1.9407E+64 mb/sr,
    86.00 deg.: X-S =   1.9731E+64 mb/sr,
    87.00 deg.: X-S =   1.8316E+64 mb/sr,
    88.00 deg.: X-S =   2.0272E+64 mb/sr,
    89.00 deg.: X-S =   1.7646E+64 mb/sr,
    90.00 deg.: X-S =   2.0384E+64 mb/sr,
    91.00 deg.: X-S =   1.7602E+64 mb/sr,
    92.00 deg.: X-S =   1.9973E+64 mb/sr,
    93.00 deg.: X-S =   1.8156E+64 mb/sr,
    94.00 deg.: X-S =   1.9180E+64 mb/sr,
    95.00 deg.: X-S =   1.9069E+64 mb/sr,
    96.00 deg.: X-S =   1.8322E+64 mb/sr,
    97.00 deg.: X-S =   1.9977E+64 mb/sr,
    98.00 deg.: X-S =   1.7769E+64 mb/sr,
    99.00 deg.: X-S =   2.0544E+64 mb/sr,
   100.00 deg.: X-S =   1.7795E+64 mb/sr,
   101.00 deg.: X-S =   2.0589E+64 mb/sr,
   102.00 deg.: X-S =   1.8466E+64 mb/sr,
   103.00 deg.: X-S =   2.0169E+64 mb/sr,
   104.00 deg.: X-S =   1.9616E+64 mb/sr,
   105.00 deg.: X-S =   1.9553E+64 mb/sr,
   106.00 deg.: X-S =   2.0902E+64 mb/sr,
   107.00 deg.: X-S =   1.9125E+64 mb/sr,
   108.00 deg.: X-S =   2.1944E+64 mb/sr,
   109.00 deg.: X-S =   1.9229E+64 mb/sr,
   110.00 deg.: X-S =   2.2477E+64 mb/sr,
   111.00 deg.: X-S =   2.0031E+64 mb/sr,
   112.00 deg.: X-S =   2.2464E+64 mb/sr,
   113.00 deg.: X-S =   2.1442E+64 mb/sr,
   114.00 deg.: X-S =   2.2121E+64 mb/sr,
   115.00 deg.: X-S =   2.3147E+64 mb/sr,
   116.00 deg.: X-S =   2.1845E+64 mb/sr,
   117.00 deg.: X-S =   2.4725E+64 mb/sr,
   118.00 deg.: X-S =   2.2053E+64 mb/sr,
   119.00 deg.: X-S =   2.5818E+64 mb/sr,
   120.00 deg.: X-S =   2.3019E+64 mb/sr,
   121.00 deg.: X-S =   2.6288E+64 mb/sr,
   122.00 deg.: X-S =   2.4749E+64 mb/sr,
   123.00 deg.: X-S =   2.6287E+64 mb/sr,
   124.00 deg.: X-S =   2.6963E+64 mb/sr,
   125.00 deg.: X-S =   2.6221E+64 mb/sr,
   126.00 deg.: X-S =   2.9199E+64 mb/sr,
   127.00 deg.: X-S =   2.6592E+64 mb/sr,
   128.00 deg.: X-S =   3.0997E+64 mb/sr,
   129.00 deg.: X-S =   2.7800E+64 mb/sr,
   130.00 deg.: X-S =   3.2098E+64 mb/sr,
   131.00 deg.: X-S =   2.9967E+64 mb/sr,
   132.00 deg.: X-S =   3.2579E+64 mb/sr,
   133.00 deg.: X-S =   3.2868E+64 mb/sr,
   134.00 deg.: X-S =   3.2849E+64 mb/sr,
   135.00 deg.: X-S =   3.6001E+64 mb/sr,
   136.00 deg.: X-S =   3.3513E+64 mb/sr,
   137.00 deg.: X-S =   3.8787E+64 mb/sr,
   138.00 deg.: X-S =   3.5132E+64 mb/sr,
   139.00 deg.: X-S =   4.0823E+64 mb/sr,
   140.00 deg.: X-S =   3.7990E+64 mb/sr,
   141.00 deg.: X-S =   4.2082E+64 mb/sr,
   142.00 deg.: X-S =   4.1949E+64 mb/sr,
   143.00 deg.: X-S =   4.2976E+64 mb/sr,
   144.00 deg.: X-S =   4.6480E+64 mb/sr,
   145.00 deg.: X-S =   4.4246E+64 mb/sr,
   146.00 deg.: X-S =   5.0866E+64 mb/sr,
   147.00 deg.: X-S =   4.6687E+64 mb/sr,
   148.00 deg.: X-S =   5.4517E+64 mb/sr,
   149.00 deg.: X-S =   5.0838E+64 mb/sr,
   150.00 deg.: X-S =   5.7266E+64 mb/sr,
   151.00 deg.: X-S =   5.6739E+64 mb/sr,
   152.00 deg.: X-S =   5.9542E+64 mb/sr,
   153.00 deg.: X-S =   6.3885E+64 mb/sr,
   154.00 deg.: X-S =   6.2303E+64 mb/sr,
   155.00 deg.: X-S =   7.1426E+64 mb/sr,
   156.00 deg.: X-S =   6.6762E+64 mb/sr,
   157.00 deg.: X-S =   7.8551E+64 mb/sr,
   158.00 deg.: X-S =   7.3981E+64 mb/sr,
   159.00 deg.: X-S =   8.4949E+64 mb/sr,
   160.00 deg.: X-S =   8.4493E+64 mb/sr,
   161.00 deg.: X-S =   9.1176E+64 mb/sr,
   162.00 deg.: X-S =   9.8144E+64 mb/sr,
   163.00 deg.: X-S =   9.8784E+64 mb/sr,
   164.00 deg.: X-S =   1.1427E+65 mb/sr,
   165.00 deg.: X-S =   1.1019E+65 mb/sr,
   166.00 deg.: X-S =   1.3227E+65 mb/sr,
   167.00 deg.: X-S =   1.2840E+65 mb/sr,
   168.00 deg.: X-S =   1.5250E+65 mb/sr,
   169.00 deg.: X-S =   1.5678E+65 mb/sr,
   170.00 deg.: X-S =   1.7770E+65 mb/sr,
   171.00 deg.: X-S =   1.9966E+65 mb/sr,
   172.00 deg.: X-S =   2.1534E+65 mb/sr,
   173.00 deg.: X-S =   2.6479E+65 mb/sr,
   174.00 deg.: X-S =   2.8382E+65 mb/sr,
   175.00 deg.: X-S =   3.7288E+65 mb/sr,
   176.00 deg.: X-S =   4.3836E+65 mb/sr,
   177.00 deg.: X-S =   6.0562E+65 mb/sr,
   178.00 deg.: X-S =   9.8003E+65 mb/sr,
   179.00 deg.: X-S =   2.0984E+66 mb/sr,
   180.00 deg.: X-S =   3.0098E+66 mb/sr,
                                           Integrated********** mb, over [   0.000, 180.000] at    10.0000 MeV 
 Finished all xsecs @    2.93750000    

  The following files have been created:
   3:local copy of User input.            6:standard output.                   
   7:elastic  S-matrix elements.         12:transfer kernels.                  
  13:total cross sections/state.         16:tables of cross sections.          
  35:Astrophysics S-factors  / Ecm.      38:cross sections for each J/pi.      
  39:cross sections for each Ecm.        40:all cross sectns. for each Elab.   
  45:scat phase shift as E functions.    46:bs wave functions & ANC ratios.    
  56:Fusion for each Jtotal.             75:S-factors for lab energies.        
 201:Separate cross sections.           202:Separate cross sections.           

 PARAMETERS : MAXQRN   MFNL   MLOC  LMAX1 MCLIST
    ALLOWED :      4     25     10    100      6
    REQUIRED:      1      4     10     83      4


 ACCURACY ANALYSIS at    10.000 MeV :

  Elastic h*k = 0.030 so OK       compared with 0.200

   Real(S-el) > 0.01 first at J =       1.0
   Real(S-el) > 0.10 first at J =       1.0
   Real(S-el) > 0.50 first at J =       1.0
   Real(S-el) > 0.90 first at J =       2.0
   Real(S-el) > 0.99 first at J =       3.0
   R-turn =   133.05 fm    at J =      80.0

 Forward-angle excitation cut off below   0.212 deg by max JT =      80.0
                              and below   0.940 deg by max R.


 1: Recommended RNL: non-local width >  10.30 cf: 100.00 fm: OK      
    Recommended CENTRE: centration   ~   0.25 cf:   0.00 fm

 Total CPU  0 time =       2.95 seconds
