 FRESCO - FRES 3.4: Coupled Reaction Channels
 Assuming NAMELIST input.

 7Li(p,4He)4He  E=360 MeV  Q=+17.346  [li7_p_he4_he4]                            

   0.050  30.000   0.250   0.100 100.000   0.000   0.000   0.000   0.000   0.000

 Centre-of-mass Range is    602 * 0.0500 fm., Maximum at  30.00 fm., Interpolating NL forms every  0.25 fm.
 Non - locality width is   1001 * 0.1000 fm., Maximum of 100.00 fm., Centred at  0.00 fm.
 2-Nucleon Separation of      0 * 0.2500 fm., Maximum of   0.00 fm., Minimum at  0.00 fm.
 Maximum single particle bins of 30.0000 fm.
               M,Mint =          601         601


 Range of total J is     0.0 <= J <=    80.0 (at least     0.0) and Absorbtion =>    -1.0000 mb.
 Dry Run = F, CC set limits =  0  0, Relativistic kinematics = a, Both/Far/Near Analyses =  1                     

 Cross Sections (and up to T0 for 0=projectile) for Theta from   0.0 to 180.0 in steps of  1.0 degrees, DGAM=0,  Coordinates = 0 (Mads)

 Lower Radial Cutoff = maximum of -1.60*L*h &       0.0 fm.,  Lower Cutoff for Couplings =   0.0  fm.


 Iterate Couplings between   1 and   1 times, to  0.000 % if sooner.                                          
  Block solved exactly =   0 chs., with Pade = 0 & Isocen =  =0, NOSOL = F, initwf =  0
  NL quadrature with   18 Gaussian points, Calculate multipoles up to    86 from   0
  M-transfers for lp+lt greater than or equal to  6, Angular Integration Cutoff below  2.7778 %


 Trace switches are :  CHANS =  1, LISTCC =  0, TRENEG =  0, CDETR =  0, SMATS =  2, XSTABL =  1, NLPL =  0

                       WAVES =  0, LAMPL =  0, VEFF =  0, KFUS =  0, WDISK =  0, BPM =  0, MELFIL =  0

                       CDCC =  0, NFUS =  0

 Using unit mass = 1.000000 amu and 1/fine-structure constant = 137.03599 ( 1.000000 * true ) with hc = 197.32705 MeV.fm,
  thus 2*amu/hbar^2 = 0.0478450 = 1/20.9008 and Coulomb constant = 0.1574855 so e^2 = 1.43997, and nuclear magneton= 0.1261183

 Now pre-scan input and save to file 3



 *********** PARTITION NUMBER  1 ******************************************************************************************

   PROJ=p          MASS=  1.0000 Z=   1.0,        # STATES=    1T, TARG=7Li      MASS=  7.0000 Z=   3.0,     Q-VALUE =   0.0000 MEV.

     1:  J= 0.5+ (B# 1), E=  0.0000, K= 0.5              Potl#  1       J= 1.5- (B#-1), E=  0.0000, K= 0.5    


 *********** PARTITION NUMBER  2 ******************************************************************************************

   PROJ=4He        MASS=  4.0000 Z=   2.0,        # STATES=    1T, TARG=4He      MASS=  4.0000 Z=   2.0,     Q-VALUE =  17.3460 MEV.

     1:  J= 0.0+ (B# 1), E=  0.0000, K= 0.0              Potl#  2       J= 0.0+ (B# 1), E=  0.0000, K= 0.0    
0****** WARNING : COMPARED WITH PARTITION  1, THIS PARTITION HAS TOTAL MASS & CHARGE EXCESSES   0.01862 &   0.0000


 ************************************************************************************************************************************

 The following POTENTIALS are defined :

  KP#       TYPE      IT    SHAPE      at     V1        r1        a1        V2        r2        a2        A-in     A-used


                                            A#1       A#2        r0c       ac                                                h @ 1
    1    0=Coulomb       0=CHARGE (WS)  1     1.000     7.000    1.3000    0.0000    0.0000    0.0000     0.000    24.717   0.05000

    1    1=Volume        0=Woods-Saxon  2   50.0000    1.2000    0.6000    0.0000    1.2000    0.6000     0.000    24.717

    1    2=Surface       0=Woods-Saxon  3    0.0000    0.0000    0.0000    8.0000    1.3000    0.5000     0.000    24.717

    1    3=Projtl S.O.   0=Woods-Saxon  4    5.5000    1.0000    0.5000    0.0000    0.0000    0.0000     0.000    24.717
   --------------------------------------------------------------------------------------------------------------------

                                            A#1       A#2        r0c       ac                                                h @ 2
    2    0=Coulomb       0=CHARGE (WS)  5     4.000     4.000    1.4000    0.0000    0.0000    0.0000     0.000    32.000   0.05000

    2    1=Volume        0=Woods-Saxon  6  120.0000    1.4000    0.5500   15.0000    1.4000    0.5500     0.000    32.000
   --------------------------------------------------------------------------------------------------------------------

    3    1=Volume        0=Woods-Saxon  7   50.0000    1.2500    0.6500    0.0000    0.0000    0.0000     0.000    32.000

    3    3=Projtl S.O.   0=Woods-Saxon  8    6.0000    1.2500    0.6500    0.0000    0.0000    0.0000     0.000    32.000
   --------------------------------------------------------------------------------------------------------------------

    4    1=Volume        0=Woods-Saxon  9   50.0000    1.2500    0.6500    0.0000    0.0000    0.0000     0.000    32.000

    4    3=Projtl S.O.   0=Woods-Saxon 10    6.0000    1.2500    0.6500    0.0000    0.0000    0.0000     0.000    32.000


 ************************************************************************************************************************************

 The following SINGLE-PARTICLE FORM FACTORS are constructed :


 No.   P1 P2 IN KIND T N  L  S1 IA J/S  IB BIND XFER  BE    SC PC FIL AFRAC Adjust  to  Z  Mass   K     Norm    rms      D0     D   ANC/Gsp

    1:  2  1  2  0     1  0 0.5  1 0.5   0   3   0  19.8140  1  0  0 0.0000 VR  0.5564; 1. 3.000 1.2748 1.0000  2.368 -351.8-2337.1 80.8297

    2:  1  2  1  0     2  1 0.5  1 1.5   0   4   0   2.4670  1  0  0 0.0000 VR  1.3692; 1. 3.000 0.2975 1.0000  5.165  199.6  292.8 -1.9650

 ************************************************************************************************************************************

 TWO-way COUPLING # 1 for partitions  2 <-  1 of KIND  7,   0 -1  5 -1 -1 & P1,P2 =    0.0000   0.0000 : for J <=    80.5 & R <  29.8 fm.


 data =  2  1  1  2  1.0000,  so  < [7Li      #  1] / [4He      #  1]  * Eigen-form #  2>  =   1.0000            BE =  2.467     2



 **** WARNING *** -- FORM FACTOR  2 WAS ORIGINALLY DEFINED FOR A  4He      / p        OVERLAP ****   2   1   2   1



 data =  1  1  1  1  1.0000,  so  < [4He      #  1] / [p        #  1]  * Eigen-form #  1>  =   1.0000            BE = 19.814     1



 **** WARNING *** -- FORM FACTOR  1 WAS ORIGINALLY DEFINED FOR A  7Li      / 4He      OVERLAP ****   1   2   1   2


 KNT =   2, KNP =   1: NK,NG,loc=   1   1   1  11  T  T  F

     So FINITE-RANGE TRANSFER : IP1 = 0 (POST    ), IP2=-1 =COMPLEX     ,  for   1 pairs of bound states summed into   1 pairs
      The main coupling potential is that binding the transferred particle to the 4He      core.

          Using between p        & 4He      the potential No.   5, and subtracting optical potential No.  2

   A real*8 is            8  bytes
   NLL,NLN,NLO =         120         121        1001
0File   9 needs RL =  240240    REAL*8 numbers, and NR =    88. i.e.   169.13 Megabytes
   File            9  RECL =     1921920
0RECOMMENDED NON-LOCAL WIDTH IS GREATER THAN   10.30 FM.,  RECOMMENDED CENTRATION   0.25, after    0.51 secs.
0Relative non-local usages (rms) are
    0.000   0.000   0.000   0.000   0.000   0.000   0.000   0.000   0.000   0.000   0.000   0.000   0.000   0.000   0.000
    0.000   0.000   0.000   0.000   0.000   0.000   0.000   0.000   0.000   0.000   0.000   0.000   0.000   0.000   0.000
    0.000   0.000   0.000   0.000   0.000   0.000   0.000   0.000   0.000   0.000   0.000   0.000   0.000   0.000   0.000
    0.000   0.000   0.000   0.000   0.000   0.000   0.000   0.000   0.000   0.000   0.000   0.000   0.000   0.000   0.000
    0.000   0.000   0.000   0.000   0.000   0.000   0.000   0.000   0.000   0.000   0.000   0.000   0.000   0.000   0.000
    0.000   0.000   0.000   0.000   0.000   0.000   0.000   0.000   0.000   0.000   0.000   0.000   0.000   0.000   0.000
    0.000   0.000   0.000   0.000   0.000   0.000   0.000   0.000   0.000   0.000   0.000   0.000   0.000   0.000   0.000
    0.000   0.000   0.000   0.000   0.000   0.000   0.000   0.000   0.000   0.000   0.000   0.000   0.000   0.000   0.000
    0.000   0.000   0.000   0.000   0.000   0.000   0.000   0.000   0.000   0.000   0.000   0.000   0.000   0.000   0.000
    0.000   0.000   0.000   0.000   0.000   0.000   0.000   0.000   0.000   0.000   0.000   0.000   0.000   0.000   0.000
    0.000   0.000   0.000   0.000   0.000   0.000   0.000   0.000   0.000   0.000   0.000   0.000   0.000   0.000   0.000
    0.000   0.000   0.000   0.000   0.000   0.000   0.000   0.000   0.000   0.000   0.000   0.000   0.000   0.000   0.000
    0.000   0.000   0.000   0.000   0.000   0.000   0.000   0.000   0.000   0.000   0.000   0.000   0.000   0.000   0.000
    0.000   0.000   0.000   0.000   0.000   0.000   0.000   0.000   0.000   0.000   0.000   0.000   0.000   0.000   0.000
    0.000   0.000   0.000   0.000   0.000   0.000   0.000   0.000   0.000   0.000   0.000   0.000   0.000   0.000   0.000
    0.000   0.000   0.000   0.000   0.000   0.000   0.000   0.000   0.000   0.000   0.000   0.000   0.000   0.000   0.000
    0.000   0.000   0.000   0.000   0.000   0.000   0.000   0.000   0.000   0.000   0.000   0.000   0.000   0.000   0.000
    0.000   0.000   0.000   0.000   0.000   0.000   0.000   0.000   0.000   0.000   0.000   0.000   0.000   0.000   0.000
    0.000   0.000   0.000   0.000   0.000   0.000   0.000   0.000   0.000   0.000   0.000   0.000   0.000   0.000   0.000
    0.000   0.000   0.000   0.000   0.000   0.000   0.000   0.000   0.000   0.000   0.000   0.000   0.000   0.000   0.000
    0.000   0.000   0.000   0.000   0.000   0.000   0.000   0.000   0.000   0.000   0.000   0.000   0.000   0.000   0.000
    0.000   0.000   0.000   0.000   0.000   0.000   0.000   0.000   0.000   0.000   0.000   0.000   0.000   0.000   0.000
    0.000   0.000   0.000   0.000   0.000   0.000   0.000   0.000   0.000   0.000   0.000   0.000   0.000   0.000   0.000
    0.000   0.000   0.000   0.000   0.000   0.000   0.000   0.000   0.000   0.000   0.000   0.000   0.000   0.000   0.000
    0.000   0.000   0.000   0.000   0.000   0.000   0.000   0.000   0.000   0.000   0.000   0.000   0.000   0.000   0.000
    0.000   0.000   0.000   0.000   0.000   0.000   0.000   0.000   0.000   0.000   0.000   0.000   0.000   0.000   0.000
    0.000   0.000   0.000   0.000   0.000   0.000   0.000   0.000   0.000   0.000   0.000   0.000   0.000   0.000   0.000
    0.000   0.000   0.000   0.000   0.000   0.000   0.000   0.000   0.000   0.000   0.000   0.000   0.000   0.000   0.000
    0.000   0.000   0.001   0.001   0.001   0.001   0.001   0.001   0.001   0.001   0.001   0.002   0.002   0.002   0.002
    0.003   0.003   0.004   0.006   0.008   0.010   0.017   0.022   0.033   0.046   0.057   0.091   0.116   0.165   0.223
    0.271   0.404   0.505   0.681   0.887   1.057   1.458   1.772   2.236   2.774   3.223   4.063   4.751   5.607   6.557
    7.370   8.538   9.534  10.583  11.660  12.589  13.593  14.454  15.212  15.872  16.409  16.833  17.144  17.448  17.746
   17.946  18.867  19.665  21.249  23.448  25.381  29.503  33.003  37.433  42.449  46.723  52.895  58.122  63.651  69.334
   74.144  79.626  84.227  88.392  92.126  95.091  97.328  98.871  99.751 100.000  99.649  98.729  97.276  95.325  92.920
   90.102  86.918  83.415  79.643  75.648  71.481  67.191  62.828  58.439  54.068  49.758  45.547  41.470  37.557  33.834
   30.321  27.033  23.982  21.173  18.606  16.277  14.179  12.303  10.636   9.163   7.870   6.740   5.757   4.906   4.173
    3.542   3.002   2.540   2.147   1.813   1.529   1.288   1.085   0.912   0.767   0.645   0.541   0.454   0.381   0.320
    0.268   0.224   0.188   0.157   0.131   0.110   0.092   0.077   0.064   0.054   0.045   0.037   0.031   0.026   0.022
    0.018   0.015   0.012   0.010   0.009   0.007   0.006   0.005   0.004   0.003   0.003   0.002   0.002   0.002   0.001
    0.001   0.001   0.001   0.001   0.000   0.000   0.000   0.000   0.000   0.000   0.000   0.000   0.000   0.000   0.000
    0.000   0.000   0.000   0.000   0.000   0.000   0.000   0.000   0.000   0.000   0.000   0.000   0.000   0.000   0.000
    0.000   0.000   0.000   0.000   0.000   0.000   0.000   0.000   0.000   0.000   0.000   0.000   0.000   0.000   0.000
    0.000   0.000   0.000   0.000   0.000   0.000   0.000   0.000   0.000   0.000   0.000   0.000   0.000   0.000   0.000
    0.000   0.000   0.000   0.000   0.000   0.000   0.000   0.000   0.000   0.000   0.000   0.000   0.000   0.000   0.000
    0.000   0.000   0.000   0.000   0.000   0.000   0.000   0.000   0.000   0.000   0.000   0.000   0.000   0.000   0.000
    0.000   0.000   0.000   0.000   0.000   0.000   0.000   0.000   0.000   0.000   0.000   0.000   0.000   0.000   0.000
    0.000   0.000   0.000   0.000   0.000   0.000   0.000   0.000   0.000   0.000   0.000   0.000   0.000   0.000   0.000
    0.000   0.000   0.000   0.000   0.000   0.000   0.000   0.000   0.000   0.000   0.000   0.000   0.000   0.000   0.000
    0.000   0.000   0.000   0.000   0.000   0.000   0.000   0.000   0.000   0.000   0.000   0.000   0.000   0.000   0.000
    0.000   0.000   0.000   0.000   0.000   0.000   0.000   0.000   0.000   0.000   0.000   0.000   0.000   0.000   0.000
    0.000   0.000   0.000   0.000   0.000   0.000   0.000   0.000   0.000   0.000   0.000   0.000   0.000   0.000   0.000
    0.000   0.000   0.000   0.000   0.000   0.000   0.000   0.000   0.000   0.000   0.000   0.000   0.000   0.000   0.000
    0.000   0.000   0.000   0.000   0.000   0.000   0.000   0.000   0.000   0.000   0.000   0.000   0.000   0.000   0.000
    0.000   0.000   0.000   0.000   0.000   0.000   0.000   0.000   0.000   0.000   0.000   0.000   0.000   0.000   0.000
    0.000   0.000   0.000   0.000   0.000   0.000   0.000   0.000   0.000   0.000   0.000   0.000   0.000   0.000   0.000
    0.000   0.000   0.000   0.000   0.000   0.000   0.000   0.000   0.000   0.000   0.000   0.000   0.000   0.000   0.000
    0.000   0.000   0.000   0.000   0.000   0.000   0.000   0.000   0.000   0.000   0.000   0.000   0.000   0.000   0.000
    0.000   0.000   0.000   0.000   0.000   0.000   0.000   0.000   0.000   0.000   0.000   0.000   0.000   0.000   0.000
    0.000   0.000   0.000   0.000   0.000   0.000   0.000   0.000   0.000   0.000   0.000   0.000   0.000   0.000   0.000
    0.000   0.000   0.000   0.000   0.000   0.000   0.000   0.000   0.000   0.000   0.000   0.000   0.000   0.000   0.000
    0.000   0.000   0.000   0.000   0.000   0.000   0.000   0.000   0.000   0.000   0.000   0.000   0.000   0.000   0.000
    0.000   0.000   0.000   0.000   0.000   0.000   0.000   0.000   0.000   0.000   0.000   0.000   0.000   0.000   0.000
    0.000   0.000   0.000   0.000   0.000   0.000   0.000   0.000   0.000   0.000   0.000   0.000   0.000   0.000   0.000
    0.000   0.000   0.000   0.000   0.000   0.000   0.000   0.000   0.000   0.000   0.000   0.000   0.000   0.000   0.000
    0.000   0.000   0.000   0.000   0.000   0.000   0.000   0.000   0.000   0.000   0.000   0.000   0.000   0.000   0.000
    0.000   0.000   0.000   0.000   0.000   0.000   0.000   0.000   0.000   0.000   0.000   0.000   0.000   0.000   0.000
    0.000   0.000   0.000   0.000   0.000   0.000   0.000   0.000   0.000   0.000   0.000

 Incoming partition  1 in excitation state # 1,   Laboratory Energy given for partition  1 Nucleus 1 in Excitation pair 1

0Lab. ENERGY ranges :

   from    360.000     to   0.00000     in     0 intervals
   from    0.00000     to   0.00000     in     0 intervals
   from    0.00000     to   0.00000     in     0 intervals

 Largest real,imaginary parts of any form factor at R=   29.50 are   4.88E-02  2.46E-19 MeV
 Finished all Couplings @   0.531250000              10

 Symmetric Hamiltonian
1***********************************************************************************************************************************
************************************************************************************************************************************

        INCOMING p        ;    LABORATORY p        ENERGY =   360.00     MeV.

 ***********************************************************************************************************************************
 ***********************************************************************************************************************************


 Accuracy analysis at   360.000 MeV in ch.  2:  Elastic h*k = 0.282 so NOT OK   compared with 0.200

 Step size HCM 0.05000 is too large: REDUCE TO < 0.03547, so STOP!

  NOTE: Coulomb excitation cut off below   0.034 deg by JTMAX, and below   0.024 deg by Rmax

 Allocate arrays for            2  channels, of which            2  need wfs.

 ######################################################################################################################
 #                                                                                                                    #
 # Total SPIN and PARITY =     0.0 +,      2 channels,    0 in 1st block.  Rmin & Coul turning =    0.0    0.0 fm.  #
 #                                                                                                                    #
 ######################################################################################################################



    C Projectl Target   #   EX.   (L  Proj) J  + Targ = Jtotal     E-cm      Re K     Re Eta     RM*K            CH
    1 p        7Li      #    1: I   1 0.5    1.5  1.5     0.0   346.57033   3.80906   0.02374  114.2719   0.24254   0.43731 1 1 1   1
    2 4He      4He      #    1:     0 0.0    0.0  0.0     0.0   332.34600   5.63935   0.04887  169.1804   0.35112   0.35607 2 1 2   1
   S-matrix    1 =   -0.33780   0.77133 for L=    1, J=    1.5 channel on core I =   1.5 from L=    1,  Acc. loss =  0.0 D.
 Elastic phase shift   1 =   56.825   4.925 deg. for the L =    1, J =    1.5 channel.
       0.0 -0.33780211  0.77133031i: elastic S-matrix  @@      0.00  0   0 F  0
 Reaction Xsec     0.0+/ 1 @ 1 =   0.079 , Out:   0.000#   0.000#   0.079f


 Total SPIN, PARITY =     0.0 -,      1 chs,      0 cc.  Rmin & Coul turning =    0.0    0.0
   S-matrix    1 =   -0.15154   0.82597 for L=    2, J=    1.5 channel on core I =   1.5 from L=    2,  Acc. loss =  0.0 D.
 Elastic phase shift   1 =   50.198   5.003 deg. for the L =    2, J =    1.5 channel.
       0.0 -0.15153846  0.82596779i: elastic S-matrix  @@      0.02  0   0 F  0
 Reaction Xsec     0.0-/ 2 @ 1 =   0.080 , Out:   0.000#   0.000#   0.080f

 Allocate arrays for            3  channels, of which            3  need wfs.

 Total SPIN, PARITY =     1.0 +,      3 chs,      0 cc.  Rmin & Coul turning =    0.1    0.4
   S-matrix    1 =   -0.22901   0.80981 for L=    1, J=    0.5 channel on core I =   1.5 from L=    1,  Acc. loss =  0.0 D.
 Elastic phase shift   1 =   52.895   4.941 deg. for the L =    1, J =    0.5 channel.
       1.0 -0.22900679  0.80980868i: elastic S-matrix  @@      0.00  0   0 F  0
 Reaction Xsec     1.0+/ 1 @ 1 =   0.237 , Out:   0.000#   0.000#   0.237f

   S-matrix    2 =   -0.33780   0.77133 for L=    1, J=    1.5 channel on core I =   1.5 from L=    1,  Acc. loss =  0.0 D.
 Elastic phase shift   2 =   56.825   4.925 deg. for the L =    1, J =    1.5 channel.
       1.0 -0.33780211  0.77133031i: elastic S-matrix  @@      0.00  0   0 F  0
 Reaction Xsec     1.0+/ 1 @ 2 =   0.236 , Out:   0.000#   0.000#   0.236f

   S-matrix    3 =   -0.06807   0.83413 for L=    3, J=    2.5 channel on core I =   1.5 from L=    3,  Acc. loss =  0.0 D.
 Elastic phase shift   3 =   47.333   5.101 deg. for the L =    3, J =    2.5 channel.
       1.0 -0.06807354  0.83413176i: elastic S-matrix  @@      0.00  0   0 F  0
 Reaction Xsec     1.0+/ 3 @ 3 =   0.243 , Out:   0.000#   0.000#   0.243f

 Allocate arrays for            4  channels, of which            4  need wfs.

 Total SPIN, PARITY =     1.0 -,      4 chs,      0 cc.  Rmin & Coul turning =    0.1    0.4
   S-matrix    1 =   -0.34750   0.76777 for L=    0, J=    0.5 channel on core I =   1.5 from L=    0,  Acc. loss =  0.0 D.
 Elastic phase shift   1 =   57.176   4.901 deg. for the L =    0, J =    0.5 channel.
       1.0 -0.34750198  0.76776568i: elastic S-matrix  @@      0.00  0   0 F  0
 Reaction Xsec     1.0-/ 0 @ 1 =   0.235 , Out:   0.000#   0.000#   0.235f

   S-matrix    2 =   -0.15154   0.82597 for L=    2, J=    1.5 channel on core I =   1.5 from L=    2,  Acc. loss =  0.0 D.
 Elastic phase shift   2 =   50.198   5.003 deg. for the L =    2, J =    1.5 channel.
       1.0 -0.15153846  0.82596779i: elastic S-matrix  @@      0.02  0   0 F  0
 Reaction Xsec     1.0-/ 2 @ 2 =   0.239 , Out:   0.000#   0.000#   0.239f

   S-matrix    3 =   -0.33777   0.76976 for L=    2, J=    2.5 channel on core I =   1.5 from L=    2,  Acc. loss =  0.0 D.
 Elastic phase shift   3 =   56.846   4.974 deg. for the L =    2, J =    2.5 channel.
       1.0 -0.33776862  0.76976325i: elastic S-matrix  @@      0.00  0   0 F  0
 Reaction Xsec     1.0-/ 2 @ 3 =   0.238 , Out:   0.000#   0.000#   0.238f

 Allocate arrays for            5  channels, of which            5  need wfs.

 Total SPIN, PARITY =     2.0 +,      5 chs,      0 cc.  Rmin & Coul turning =    0.2    0.6
   S-matrix    1 =   -0.22901   0.80981 for L=    1, J=    0.5 channel on core I =   1.5 from L=    1,  Acc. loss =  0.0 D.
 Elastic phase shift   1 =   52.895   4.941 deg. for the L =    1, J =    0.5 channel.
       2.0 -0.22900679  0.80980868i: elastic S-matrix  @@      0.02  0   0 F  0
 Reaction Xsec     2.0+/ 1 @ 1 =   0.395 , Out:   0.000#   0.000#   0.395f

   S-matrix    2 =   -0.33780   0.77133 for L=    1, J=    1.5 channel on core I =   1.5 from L=    1,  Acc. loss =  0.0 D.
 Elastic phase shift   2 =   56.825   4.925 deg. for the L =    1, J =    1.5 channel.
       2.0 -0.33780211  0.77133031i: elastic S-matrix  @@      0.02  0   0 F  0
 Reaction Xsec     2.0+/ 1 @ 2 =   0.394 , Out:   0.000#   0.000#   0.394f

   S-matrix    3 =   -0.06807   0.83413 for L=    3, J=    2.5 channel on core I =   1.5 from L=    3,  Acc. loss =  0.0 D.
 Elastic phase shift   3 =   47.333   5.101 deg. for the L =    3, J =    2.5 channel.
       2.0 -0.06807354  0.83413176i: elastic S-matrix  @@      0.00  0   0 F  0
 Reaction Xsec     2.0+/ 3 @ 3 =   0.405 , Out:   0.000#   0.000#   0.405f

   S-matrix    4 =   -0.33799   0.76701 for L=    3, J=    3.5 channel on core I =   1.5 from L=    3,  Acc. loss =  0.0 D.
 Elastic phase shift   4 =   56.891   5.057 deg. for the L =    3, J =    3.5 channel.
       2.0 -0.33799005  0.76701282i: elastic S-matrix  @@      0.00  0   0 F  0
 Reaction Xsec     2.0+/ 3 @ 4 =   0.403 , Out:   0.000#   0.000#   0.403f


 Total SPIN, PARITY =     2.0 -,      4 chs,      0 cc.  Rmin & Coul turning =    0.2    0.6
   S-matrix    1 =   -0.34750   0.76777 for L=    0, J=    0.5 channel on core I =   1.5 from L=    0,  Acc. loss =  0.0 D.
 Elastic phase shift   1 =   57.176   4.901 deg. for the L =    0, J =    0.5 channel.
       2.0 -0.34750198  0.76776568i: elastic S-matrix  @@      0.00  0   0 F  0
 Reaction Xsec     2.0-/ 0 @ 1 =   0.392 , Out:   0.000#   0.000#   0.392f

   S-matrix    2 =   -0.15154   0.82597 for L=    2, J=    1.5 channel on core I =   1.5 from L=    2,  Acc. loss =  0.0 D.
 Elastic phase shift   2 =   50.198   5.003 deg. for the L =    2, J =    1.5 channel.
       2.0 -0.15153846  0.82596779i: elastic S-matrix  @@      0.00  0   0 F  0
 Reaction Xsec     2.0-/ 2 @ 2 =   0.399 , Out:   0.000#   0.000#   0.399f

   S-matrix    3 =   -0.33777   0.76976 for L=    2, J=    2.5 channel on core I =   1.5 from L=    2,  Acc. loss =  0.0 D.
 Elastic phase shift   3 =   56.846   4.974 deg. for the L =    2, J =    2.5 channel.
       2.0 -0.33776862  0.76976325i: elastic S-matrix  @@      0.00  0   0 F  0
 Reaction Xsec     2.0-/ 2 @ 3 =   0.397 , Out:   0.000#   0.000#   0.397f

   S-matrix    4 =    0.02685   0.83261 for L=    4, J=    3.5 channel on core I =   1.5 from L=    4,  Acc. loss =  0.0 D.
 Elastic phase shift   4 =   44.077   5.233 deg. for the L =    4, J =    3.5 channel.
       2.0  0.02685027  0.83260573i: elastic S-matrix  @@      0.00  0   0 F  0
 Reaction Xsec     2.0-/ 4 @ 4 =   0.414 , Out:   0.000#   0.000#   0.414f


 Total SPIN, PARITY =     3.0 +,      4 chs,      0 cc.  Rmin & Coul turning =    0.2    0.9
   S-matrix    1 =   -0.33780   0.77133 for L=    1, J=    1.5 channel on core I =   1.5 from L=    1,  Acc. loss =  0.0 D.
 Elastic phase shift   1 =   56.825   4.925 deg. for the L =    1, J =    1.5 channel.
       3.0 -0.33780211  0.77133031i: elastic S-matrix  @@      0.00  0   0 F  0
 Reaction Xsec     3.0+/ 1 @ 1 =   0.551 , Out:   0.000#   0.000#   0.551f

   S-matrix    2 =   -0.06807   0.83413 for L=    3, J=    2.5 channel on core I =   1.5 from L=    3,  Acc. loss =  0.0 D.
 Elastic phase shift   2 =   47.333   5.101 deg. for the L =    3, J =    2.5 channel.
       3.0 -0.06807354  0.83413176i: elastic S-matrix  @@      0.00  0   0 F  0
 Reaction Xsec     3.0+/ 3 @ 2 =   0.568 , Out:   0.000#   0.000#   0.568f

   S-matrix    3 =   -0.33799   0.76701 for L=    3, J=    3.5 channel on core I =   1.5 from L=    3,  Acc. loss =  0.0 D.
 Elastic phase shift   3 =   56.891   5.057 deg. for the L =    3, J =    3.5 channel.
       3.0 -0.33799005  0.76701282i: elastic S-matrix  @@      0.00  0   0 F  0
 Reaction Xsec     3.0+/ 3 @ 3 =   0.564 , Out:   0.000#   0.000#   0.564f

   S-matrix    4 =    0.13439   0.81674 for L=    5, J=    4.5 channel on core I =   1.5 from L=    5,  Acc. loss =  0.0 D.
 Elastic phase shift   4 =   40.328   5.417 deg. for the L =    5, J =    4.5 channel.
       3.0  0.13439317  0.81673833i: elastic S-matrix  @@      0.00  0   0 F  0
 Reaction Xsec     3.0+/ 5 @ 4 =   0.597 , Out:   0.000#   0.000#   0.597f


 Total SPIN, PARITY =     3.0 -,      5 chs,      0 cc.  Rmin & Coul turning =    0.2    0.9
   S-matrix    1 =   -0.15154   0.82597 for L=    2, J=    1.5 channel on core I =   1.5 from L=    2,  Acc. loss =  0.0 D.
 Elastic phase shift   1 =   50.198   5.003 deg. for the L =    2, J =    1.5 channel.
       3.0 -0.15153846  0.82596779i: elastic S-matrix  @@      0.03  0   0 F  0
 Reaction Xsec     3.0-/ 2 @ 1 =   0.559 , Out:   0.000#   0.000#   0.559f

   S-matrix    2 =   -0.33777   0.76976 for L=    2, J=    2.5 channel on core I =   1.5 from L=    2,  Acc. loss =  0.0 D.
 Elastic phase shift   2 =   56.846   4.974 deg. for the L =    2, J =    2.5 channel.
       3.0 -0.33776862  0.76976325i: elastic S-matrix  @@      0.00  0   0 F  0
 Reaction Xsec     3.0-/ 2 @ 2 =   0.556 , Out:   0.000#   0.000#   0.556f

   S-matrix    3 =    0.02685   0.83261 for L=    4, J=    3.5 channel on core I =   1.5 from L=    4,  Acc. loss =  0.0 D.
 Elastic phase shift   3 =   44.077   5.233 deg. for the L =    4, J =    3.5 channel.
       3.0  0.02685027  0.83260573i: elastic S-matrix  @@      0.00  0   0 F  0
 Reaction Xsec     3.0-/ 4 @ 3 =   0.580 , Out:   0.000#   0.000#   0.580f

   S-matrix    4 =   -0.33466   0.76481 for L=    4, J=    4.5 channel on core I =   1.5 from L=    4,  Acc. loss =  0.0 D.
 Elastic phase shift   4 =   56.817   5.172 deg. for the L =    4, J =    4.5 channel.
       3.0 -0.33466231  0.76481053i: elastic S-matrix  @@      0.02  0   0 F  0
 Reaction Xsec     3.0-/ 4 @ 4 =   0.574 , Out:   0.000#   0.000#   0.574f


 Total SPIN, PARITY =     4.0 +,      5 chs,      0 cc.  Rmin & Coul turning =    0.3    1.2
   S-matrix    1 =   -0.06807   0.83413 for L=    3, J=    2.5 channel on core I =   1.5 from L=    3,  Acc. loss =  0.0 D.
 Elastic phase shift   1 =   47.333   5.101 deg. for the L =    3, J =    2.5 channel.
       4.0 -0.06807354  0.83413176i: elastic S-matrix  @@      0.02  0   0 F  0
 Reaction Xsec     4.0+/ 3 @ 1 =   0.730 , Out:   0.000#   0.000#   0.730f

   S-matrix    2 =   -0.33799   0.76701 for L=    3, J=    3.5 channel on core I =   1.5 from L=    3,  Acc. loss =  0.0 D.
 Elastic phase shift   2 =   56.891   5.057 deg. for the L =    3, J =    3.5 channel.
       4.0 -0.33799005  0.76701282i: elastic S-matrix  @@      0.00  0   0 F  0
 Reaction Xsec     4.0+/ 3 @ 2 =   0.725 , Out:   0.000#   0.000#   0.725f

   S-matrix    3 =    0.13439   0.81674 for L=    5, J=    4.5 channel on core I =   1.5 from L=    5,  Acc. loss =  0.0 D.
 Elastic phase shift   3 =   40.328   5.417 deg. for the L =    5, J =    4.5 channel.
       4.0  0.13439317  0.81673833i: elastic S-matrix  @@      0.02  0   0 F  0
 Reaction Xsec     4.0+/ 5 @ 3 =   0.767 , Out:   0.000#   0.000#   0.767f

   S-matrix    4 =   -0.32703   0.76310 for L=    5, J=    5.5 channel on core I =   1.5 from L=    5,  Acc. loss =  0.0 D.
 Elastic phase shift   4 =   56.599   5.330 deg. for the L =    5, J =    5.5 channel.
       4.0 -0.32702913  0.76310372i: elastic S-matrix  @@      0.00  0   0 F  0
 Reaction Xsec     4.0+/ 5 @ 4 =   0.757 , Out:   0.000#   0.000#   0.757f


 Total SPIN, PARITY =     4.0 -,      4 chs,      0 cc.  Rmin & Coul turning =    0.3    1.2
   S-matrix    1 =   -0.33777   0.76976 for L=    2, J=    2.5 channel on core I =   1.5 from L=    2,  Acc. loss =  0.0 D.
 Elastic phase shift   1 =   56.846   4.974 deg. for the L =    2, J =    2.5 channel.
       4.0 -0.33776862  0.76976325i: elastic S-matrix  @@      0.00  0   0 F  0
 Reaction Xsec     4.0-/ 2 @ 1 =   0.715 , Out:   0.000#   0.000#   0.715f

   S-matrix    2 =    0.02685   0.83261 for L=    4, J=    3.5 channel on core I =   1.5 from L=    4,  Acc. loss =  0.0 D.
 Elastic phase shift   2 =   44.077   5.233 deg. for the L =    4, J =    3.5 channel.
       4.0  0.02685027  0.83260573i: elastic S-matrix  @@      0.00  0   0 F  0
 Reaction Xsec     4.0-/ 4 @ 2 =   0.746 , Out:   0.000#   0.000#   0.746f

   S-matrix    3 =   -0.33466   0.76481 for L=    4, J=    4.5 channel on core I =   1.5 from L=    4,  Acc. loss =  0.0 D.
 Elastic phase shift   3 =   56.817   5.172 deg. for the L =    4, J =    4.5 channel.
       4.0 -0.33466231  0.76481053i: elastic S-matrix  @@      0.00  0   0 F  0
 Reaction Xsec     4.0-/ 4 @ 3 =   0.738 , Out:   0.000#   0.000#   0.738f

   S-matrix    4 =    0.25293   0.78091 for L=    6, J=    5.5 channel on core I =   1.5 from L=    6,  Acc. loss =  0.0 D.
 Elastic phase shift   4 =   36.027   5.656 deg. for the L =    6, J =    5.5 channel.
       4.0  0.25292893  0.78090689i: elastic S-matrix  @@      0.00  0   0 F  0
 Reaction Xsec     4.0-/ 6 @ 4 =   0.795 , Out:   0.000#   0.000#   0.795f


 Total SPIN, PARITY =     5.0 +,      4 chs,      0 cc.  Rmin & Coul turning =    0.4    1.4
   S-matrix    1 =   -0.33799   0.76701 for L=    3, J=    3.5 channel on core I =   1.5 from L=    3,  Acc. loss =  0.0 D.
 Elastic phase shift   1 =   56.891   5.057 deg. for the L =    3, J =    3.5 channel.
       5.0 -0.33799005  0.76701282i: elastic S-matrix  @@      0.00  0   0 F  0
 Reaction Xsec     5.0+/ 3 @ 1 =   0.886 , Out:   0.000#   0.000#   0.886f

   S-matrix    2 =    0.13439   0.81674 for L=    5, J=    4.5 channel on core I =   1.5 from L=    5,  Acc. loss =  0.0 D.
 Elastic phase shift   2 =   40.328   5.417 deg. for the L =    5, J =    4.5 channel.
       5.0  0.13439317  0.81673833i: elastic S-matrix  @@      0.00  0   0 F  0
 Reaction Xsec     5.0+/ 5 @ 2 =   0.937 , Out:   0.000#   0.000#   0.937f

   S-matrix    3 =   -0.32703   0.76310 for L=    5, J=    5.5 channel on core I =   1.5 from L=    5,  Acc. loss =  0.0 D.
 Elastic phase shift   3 =   56.599   5.330 deg. for the L =    5, J =    5.5 channel.
       5.0 -0.32702913  0.76310372i: elastic S-matrix  @@      0.00  0   0 F  0
 Reaction Xsec     5.0+/ 5 @ 3 =   0.925 , Out:   0.000#   0.000#   0.925f

   S-matrix    4 =    0.37746   0.71882 for L=    7, J=    6.5 channel on core I =   1.5 from L=    7,  Acc. loss =  0.0 D.
 Elastic phase shift   4 =   31.148   5.970 deg. for the L =    7, J =    6.5 channel.
       5.0  0.37746330  0.71881703i: elastic S-matrix  @@      0.00  0   0 F  0
 Reaction Xsec     5.0+/ 7 @ 4 =   1.015 , Out:   0.000#   0.000#   1.015f


 Total SPIN, PARITY =     5.0 -,      5 chs,      0 cc.  Rmin & Coul turning =    0.4    1.4
   S-matrix    1 =    0.02685   0.83261 for L=    4, J=    3.5 channel on core I =   1.5 from L=    4,  Acc. loss =  0.0 D.
 Elastic phase shift   1 =   44.077   5.233 deg. for the L =    4, J =    3.5 channel.
       5.0  0.02685027  0.83260573i: elastic S-matrix  @@      0.02  0   0 F  0
 Reaction Xsec     5.0-/ 4 @ 1 =   0.911 , Out:   0.000#   0.000#   0.911f

   S-matrix    2 =   -0.33466   0.76481 for L=    4, J=    4.5 channel on core I =   1.5 from L=    4,  Acc. loss =  0.0 D.
 Elastic phase shift   2 =   56.817   5.172 deg. for the L =    4, J =    4.5 channel.
       5.0 -0.33466231  0.76481053i: elastic S-matrix  @@      0.00  0   0 F  0
 Reaction Xsec     5.0-/ 4 @ 2 =   0.902 , Out:   0.000#   0.000#   0.902f

   S-matrix    3 =    0.25293   0.78091 for L=    6, J=    5.5 channel on core I =   1.5 from L=    6,  Acc. loss =  0.0 D.
 Elastic phase shift   3 =   36.027   5.656 deg. for the L =    6, J =    5.5 channel.
       5.0  0.25292893  0.78090689i: elastic S-matrix  @@      0.02  0   0 F  0
 Reaction Xsec     5.0-/ 6 @ 3 =   0.971 , Out:   0.000#   0.000#   0.971f

   S-matrix    4 =   -0.31370   0.76224 for L=    6, J=    6.5 channel on core I =   1.5 from L=    6,  Acc. loss =  0.0 D.
 Elastic phase shift   4 =   56.185   5.537 deg. for the L =    6, J =    6.5 channel.
       5.0 -0.31370126  0.76223665i: elastic S-matrix  @@      0.00  0   0 F  0
 Reaction Xsec     5.0-/ 6 @ 4 =   0.954 , Out:   0.000#   0.000#   0.954f


 Total SPIN, PARITY =     6.0 +,      5 chs,      0 cc.  Rmin & Coul turning =    0.5    1.7
   S-matrix    1 =    0.13439   0.81674 for L=    5, J=    4.5 channel on core I =   1.5 from L=    5,  Acc. loss =  0.0 D.
 Elastic phase shift   1 =   40.328   5.417 deg. for the L =    5, J =    4.5 channel.
       6.0  0.13439317  0.81673833i: elastic S-matrix  @@      0.02  0   0 F  0
 Reaction Xsec     6.0+/ 5 @ 1 =   1.108 , Out:   0.000#   0.000#   1.108f

   S-matrix    2 =   -0.32703   0.76310 for L=    5, J=    5.5 channel on core I =   1.5 from L=    5,  Acc. loss =  0.0 D.
 Elastic phase shift   2 =   56.599   5.330 deg. for the L =    5, J =    5.5 channel.
       6.0 -0.32702913  0.76310372i: elastic S-matrix  @@      0.00  0   0 F  0
 Reaction Xsec     6.0+/ 5 @ 2 =   1.093 , Out:   0.000#   0.000#   1.093f

   S-matrix    3 =    0.37746   0.71882 for L=    7, J=    6.5 channel on core I =   1.5 from L=    7,  Acc. loss =  0.0 D.
 Elastic phase shift   3 =   31.148   5.970 deg. for the L =    7, J =    6.5 channel.
       6.0  0.37746330  0.71881703i: elastic S-matrix  @@      0.02  0   0 F  0
 Reaction Xsec     6.0+/ 7 @ 3 =   1.199 , Out:   0.000#   0.007#   1.199f

   S-matrix    4 =   -0.29215   0.76277 for L=    7, J=    7.5 channel on core I =   1.5 from L=    7,  Acc. loss =  0.0 D.
 Elastic phase shift   4 =   55.479   5.797 deg. for the L =    7, J =    7.5 channel.
       6.0 -0.29215364  0.76277143i: elastic S-matrix  @@      0.00  0   0 F  0
 Reaction Xsec     6.0+/ 7 @ 4 =   1.171 , Out:   0.000#   0.027#   1.171f


 Total SPIN, PARITY =     6.0 -,      4 chs,      0 cc.  Rmin & Coul turning =    0.5    1.7
   S-matrix    1 =   -0.33466   0.76481 for L=    4, J=    4.5 channel on core I =   1.5 from L=    4,  Acc. loss =  0.0 D.
 Elastic phase shift   1 =   56.817   5.172 deg. for the L =    4, J =    4.5 channel.
       6.0 -0.33466231  0.76481053i: elastic S-matrix  @@      0.00  0   0 F  0
 Reaction Xsec     6.0-/ 4 @ 1 =   1.066 , Out:   0.000#   0.000#   1.066f

   S-matrix    2 =    0.25293   0.78091 for L=    6, J=    5.5 channel on core I =   1.5 from L=    6,  Acc. loss =  0.0 D.
 Elastic phase shift   2 =   36.027   5.656 deg. for the L =    6, J =    5.5 channel.
       6.0  0.25292893  0.78090689i: elastic S-matrix  @@      0.00  0   0 F  0
 Reaction Xsec     6.0-/ 6 @ 2 =   1.148 , Out:   0.000#   0.000#   1.148f

   S-matrix    3 =   -0.31370   0.76224 for L=    6, J=    6.5 channel on core I =   1.5 from L=    6,  Acc. loss =  0.0 D.
 Elastic phase shift   3 =   56.185   5.537 deg. for the L =    6, J =    6.5 channel.
       6.0 -0.31370126  0.76223665i: elastic S-matrix  @@      0.00  0   0 F  0
 Reaction Xsec     6.0-/ 6 @ 3 =   1.128 , Out:   0.000#   0.000#   1.128f

   S-matrix    4 =    0.49614   0.62790 for L=    8, J=    7.5 channel on core I =   1.5 from L=    8,  Acc. loss =  0.0 D.
 Elastic phase shift   4 =   25.843   6.383 deg. for the L =    8, J =    7.5 channel.
       6.0  0.49614204  0.62789677i: elastic S-matrix  @@      0.00  0   0 F  0
 Reaction Xsec     6.0-/ 8 @ 4 =   1.265 , Out:   0.000#   0.000#   1.265f


 Total SPIN, PARITY =     7.0 +,      4 chs,      0 cc.  Rmin & Coul turning =    0.6    2.0
   S-matrix    1 =   -0.32703   0.76310 for L=    5, J=    5.5 channel on core I =   1.5 from L=    5,  Acc. loss =  0.0 D.
 Elastic phase shift   1 =   56.599   5.330 deg. for the L =    5, J =    5.5 channel.
       7.0 -0.32702913  0.76310372i: elastic S-matrix  @@      0.00  0   0 F  0
 Reaction Xsec     7.0+/ 5 @ 1 =   1.262 , Out:   0.000#   0.000#   1.262f

   S-matrix    2 =    0.37746   0.71882 for L=    7, J=    6.5 channel on core I =   1.5 from L=    7,  Acc. loss =  0.0 D.
 Elastic phase shift   2 =   31.148   5.970 deg. for the L =    7, J =    6.5 channel.
       7.0  0.37746330  0.71881703i: elastic S-matrix  @@      0.00  0   0 F  0
 Reaction Xsec     7.0+/ 7 @ 2 =   1.384 , Out:   0.000#   0.000#   1.384f

   S-matrix    3 =   -0.29215   0.76277 for L=    7, J=    7.5 channel on core I =   1.5 from L=    7,  Acc. loss =  0.0 D.
 Elastic phase shift   3 =   55.479   5.797 deg. for the L =    7, J =    7.5 channel.
       7.0 -0.29215364  0.76277143i: elastic S-matrix  @@      0.00  0   0 F  0
 Reaction Xsec     7.0+/ 7 @ 3 =   1.351 , Out:   0.000#   0.000#   1.351f

   S-matrix    4 =    0.59012   0.52001 for L=    9, J=    8.5 channel on core I =   1.5 from L=    9,  Acc. loss =  0.0 D.
 Elastic phase shift   4 =   20.693   6.879 deg. for the L =    9, J =    8.5 channel.
       7.0  0.59011786  0.52000854i: elastic S-matrix  @@      0.00  0   0 F  0
 Reaction Xsec     7.0+/ 9 @ 4 =   1.548 , Out:   0.000#   0.000#   1.548f


 Total SPIN, PARITY =     7.0 -,      5 chs,      0 cc.  Rmin & Coul turning =    0.6    2.0
   S-matrix    1 =    0.25293   0.78091 for L=    6, J=    5.5 channel on core I =   1.5 from L=    6,  Acc. loss =  0.0 D.
 Elastic phase shift   1 =   36.027   5.656 deg. for the L =    6, J =    5.5 channel.
       7.0  0.25292893  0.78090689i: elastic S-matrix  @@      0.02  0   0 F  0
 Reaction Xsec     7.0-/ 6 @ 1 =   1.324 , Out:   0.000#   0.002#   1.324f

   S-matrix    2 =   -0.31370   0.76224 for L=    6, J=    6.5 channel on core I =   1.5 from L=    6,  Acc. loss =  0.0 D.
 Elastic phase shift   2 =   56.185   5.537 deg. for the L =    6, J =    6.5 channel.
       7.0 -0.31370126  0.76223665i: elastic S-matrix  @@      0.00  0   0 F  0
 Reaction Xsec     7.0-/ 6 @ 2 =   1.302 , Out:   0.000#   0.001#   1.302f

   S-matrix    3 =    0.49614   0.62790 for L=    8, J=    7.5 channel on core I =   1.5 from L=    8,  Acc. loss =  0.0 D.
 Elastic phase shift   3 =   25.843   6.383 deg. for the L =    8, J =    7.5 channel.
       7.0  0.49614204  0.62789677i: elastic S-matrix  @@      0.02  0   0 F  0
 Reaction Xsec     7.0-/ 8 @ 3 =   1.460 , Out:   0.000#   0.141#   1.460f

   S-matrix    4 =   -0.25743   0.76508 for L=    8, J=    8.5 channel on core I =   1.5 from L=    8,  Acc. loss =  0.0 D.
 Elastic phase shift   4 =   54.298   6.135 deg. for the L =    8, J =    8.5 channel.
       7.0 -0.25742927  0.76507702i: elastic S-matrix  @@      0.00  0   0 F  0
 Reaction Xsec     7.0-/ 8 @ 4 =   1.414 , Out:   0.000#   0.553#   1.414f


 Total SPIN, PARITY =     8.0 +,      5 chs,      0 cc.  Rmin & Coul turning =    0.6    2.2
   S-matrix    1 =    0.37746   0.71882 for L=    7, J=    6.5 channel on core I =   1.5 from L=    7,  Acc. loss =  0.0 D.
 Elastic phase shift   1 =   31.148   5.970 deg. for the L =    7, J =    6.5 channel.
       8.0  0.37746330  0.71881703i: elastic S-matrix  @@      0.02  0   0 F  0
 Reaction Xsec     8.0+/ 7 @ 1 =   1.568 , Out:   0.000#   0.145#   1.568f

   S-matrix    2 =   -0.29215   0.76277 for L=    7, J=    7.5 channel on core I =   1.5 from L=    7,  Acc. loss =  0.0 D.
 Elastic phase shift   2 =   55.479   5.797 deg. for the L =    7, J =    7.5 channel.
       8.0 -0.29215364  0.76277143i: elastic S-matrix  @@      0.00  0   0 F  0
 Reaction Xsec     8.0+/ 7 @ 2 =   1.531 , Out:   0.000#   0.062#   1.531f

   S-matrix    3 =    0.59012   0.52001 for L=    9, J=    8.5 channel on core I =   1.5 from L=    9,  Acc. loss =  0.0 D.
 Elastic phase shift   3 =   20.693   6.879 deg. for the L =    9, J =    8.5 channel.
       8.0  0.59011786  0.52000854i: elastic S-matrix  @@      0.00  0   0 F  0
 Reaction Xsec     8.0+/ 9 @ 3 =   1.755 , Out:   0.000#   0.663#   1.755f

   S-matrix    4 =   -0.20001   0.77015 for L=    9, J=    9.5 channel on core I =   1.5 from L=    9,  Acc. loss =  0.0 D.
 Elastic phase shift   4 =   52.279   6.547 deg. for the L =    9, J =    9.5 channel.
       8.0 -0.20000580  0.77014592i: elastic S-matrix  @@      0.02  0   0 F  0
 Reaction Xsec     8.0+/ 9 @ 4 =   1.688 , Out:   0.000#   2.576#   1.688f


 Total SPIN, PARITY =     8.0 -,      4 chs,      0 cc.  Rmin & Coul turning =    0.6    2.2
   S-matrix    1 =   -0.31370   0.76224 for L=    6, J=    6.5 channel on core I =   1.5 from L=    6,  Acc. loss =  0.0 D.
 Elastic phase shift   1 =   56.185   5.537 deg. for the L =    6, J =    6.5 channel.
       8.0 -0.31370126  0.76223665i: elastic S-matrix  @@      0.00  0   0 F  0
 Reaction Xsec     8.0-/ 6 @ 1 =   1.475 , Out:   0.000#   0.000#   1.475f

   S-matrix    2 =    0.49614   0.62790 for L=    8, J=    7.5 channel on core I =   1.5 from L=    8,  Acc. loss =  0.0 D.
 Elastic phase shift   2 =   25.843   6.383 deg. for the L =    8, J =    7.5 channel.
       8.0  0.49614204  0.62789677i: elastic S-matrix  @@      0.00  0   0 F  0
 Reaction Xsec     8.0-/ 8 @ 2 =   1.655 , Out:   0.000#   0.000#   1.655f

   S-matrix    3 =   -0.25743   0.76508 for L=    8, J=    8.5 channel on core I =   1.5 from L=    8,  Acc. loss =  0.0 D.
 Elastic phase shift   3 =   54.298   6.135 deg. for the L =    8, J =    8.5 channel.
       8.0 -0.25742927  0.76507702i: elastic S-matrix  @@      0.00  0   0 F  0
 Reaction Xsec     8.0-/ 8 @ 3 =   1.603 , Out:   0.000#   0.000#   1.603f

   S-matrix    4 =    0.64803   0.41840 for L=   10, J=    9.5 channel on core I =   1.5 from L=   10,  Acc. loss =  0.0 D.
 Elastic phase shift   4 =   16.424   7.437 deg. for the L =   10, J =    9.5 channel.
       8.0  0.64803467  0.41839885i: elastic S-matrix  @@      0.00  0   0 F  0
 Reaction Xsec     8.0-/10 @ 4 =   1.863 , Out:   0.000#   0.000#   1.863f


 Total SPIN, PARITY =     9.0 +,      4 chs,      0 cc.  Rmin & Coul turning =    0.7    2.5
   S-matrix    1 =   -0.29215   0.76277 for L=    7, J=    7.5 channel on core I =   1.5 from L=    7,  Acc. loss =  0.0 D.
 Elastic phase shift   1 =   55.479   5.797 deg. for the L =    7, J =    7.5 channel.
       9.0 -0.29215364  0.76277143i: elastic S-matrix  @@      0.00  0   0 F  0
 Reaction Xsec     9.0+/ 7 @ 1 =   1.712 , Out:   0.000#   0.000#   1.712f

   S-matrix    2 =    0.59012   0.52001 for L=    9, J=    8.5 channel on core I =   1.5 from L=    9,  Acc. loss =  0.0 D.
 Elastic phase shift   2 =   20.693   6.879 deg. for the L =    9, J =    8.5 channel.
       9.0  0.59011786  0.52000854i: elastic S-matrix  @@      0.00  0   0 F  0
 Reaction Xsec     9.0+/ 9 @ 2 =   1.961 , Out:   0.000#   0.000#   1.961f

   S-matrix    3 =   -0.20001   0.77015 for L=    9, J=    9.5 channel on core I =   1.5 from L=    9,  Acc. loss =  0.0 D.
 Elastic phase shift   3 =   52.279   6.547 deg. for the L =    9, J =    9.5 channel.
       9.0 -0.20000580  0.77014592i: elastic S-matrix  @@      0.00  0   0 F  0
 Reaction Xsec     9.0+/ 9 @ 3 =   1.887 , Out:   0.000#   0.000#   1.887f

   S-matrix    4 =    0.67744   0.33822 for L=   11, J=   10.5 channel on core I =   1.5 from L=   11,  Acc. loss =  0.0 D.
 Elastic phase shift   4 =   13.266   7.968 deg. for the L =   11, J =   10.5 channel.
       9.0  0.67744494  0.33821944i: elastic S-matrix  @@      0.00  0   0 F  0
 Reaction Xsec     9.0+/11 @ 4 =   2.194 , Out:   0.000#   0.000#   2.194f


 Total SPIN, PARITY =     9.0 -,      5 chs,      0 cc.  Rmin & Coul turning =    0.7    2.5
   S-matrix    1 =    0.49614   0.62790 for L=    8, J=    7.5 channel on core I =   1.5 from L=    8,  Acc. loss =  0.0 D.
 Elastic phase shift   1 =   25.843   6.383 deg. for the L =    8, J =    7.5 channel.
       9.0  0.49614204  0.62789677i: elastic S-matrix  @@      0.02  0   0 F  0
 Reaction Xsec     9.0-/ 8 @ 1 =   1.849 , Out:   0.000#   1.288#   1.849f

   S-matrix    2 =   -0.25743   0.76508 for L=    8, J=    8.5 channel on core I =   1.5 from L=    8,  Acc. loss =  0.0 D.
 Elastic phase shift   2 =   54.298   6.135 deg. for the L =    8, J =    8.5 channel.
       9.0 -0.25742927  0.76507702i: elastic S-matrix  @@      0.00  0   0 F  0
 Reaction Xsec     9.0-/ 8 @ 2 =   1.792 , Out:   0.000#   0.527#   1.792f

   S-matrix    3 =    0.64803   0.41840 for L=   10, J=    9.5 channel on core I =   1.5 from L=   10,  Acc. loss =  0.0 D.
 Elastic phase shift   3 =   16.424   7.437 deg. for the L =   10, J =    9.5 channel.
       9.0  0.64803467  0.41839885i: elastic S-matrix  @@      0.02  0   0 F  0
 Reaction Xsec     9.0-/10 @ 3 =   2.083 , Out:   0.000#   0.599#   2.083f

   S-matrix    4 =   -0.10677   0.77459 for L=   10, J=   10.5 channel on core I =   1.5 from L=   10,  Acc. loss =  0.0 D.
 Elastic phase shift   4 =   48.924   7.048 deg. for the L =   10, J =   10.5 channel.
       9.0 -0.10677254  0.77459019i: elastic S-matrix  @@      0.00  0   0 F  0
 Reaction Xsec     9.0-/10 @ 4 =   1.998 , Out:   0.000#   2.173#   1.998f


 Total SPIN, PARITY =    10.0 +,      5 chs,      0 cc.  Rmin & Coul turning =    0.8    2.8
   S-matrix    1 =    0.59012   0.52001 for L=    9, J=    8.5 channel on core I =   1.5 from L=    9,  Acc. loss =  0.0 D.
 Elastic phase shift   1 =   20.693   6.879 deg. for the L =    9, J =    8.5 channel.
      10.0  0.59011786  0.52000854i: elastic S-matrix  @@      0.02  0   0 F  0
 Reaction Xsec    10.0+/ 9 @ 1 =   2.168 , Out:   0.000#   3.010#   2.168f

   S-matrix    2 =   -0.20001   0.77015 for L=    9, J=    9.5 channel on core I =   1.5 from L=    9,  Acc. loss =  0.0 D.
 Elastic phase shift   2 =   52.279   6.547 deg. for the L =    9, J =    9.5 channel.
      10.0 -0.20000580  0.77014592i: elastic S-matrix  @@      0.00  0   0 F  0
 Reaction Xsec    10.0+/ 9 @ 2 =   2.085 , Out:   0.000#   1.210#   2.085f

   S-matrix    3 =    0.67744   0.33822 for L=   11, J=   10.5 channel on core I =   1.5 from L=   11,  Acc. loss =  0.0 D.
 Elastic phase shift   3 =   13.266   7.968 deg. for the L =   11, J =   10.5 channel.
      10.0  0.67744494  0.33821944i: elastic S-matrix  @@      0.02  0   0 F  0
 Reaction Xsec    10.0+/11 @ 3 =   2.425 , Out:   0.000#   0.040#   2.425f

   S-matrix    4 =    0.03070   0.76358 for L=   11, J=   11.5 channel on core I =   1.5 from L=   11,  Acc. loss =  0.0 D.
 Elastic phase shift   4 =   43.849   7.704 deg. for the L =   11, J =   11.5 channel.
      10.0  0.03070055  0.76358226i: elastic S-matrix  @@      0.00  0   0 F  0
 Reaction Xsec    10.0+/11 @ 4 =   2.364 , Out:   0.000#   0.525#   2.364f


 Total SPIN, PARITY =    10.0 -,      4 chs,      0 cc.  Rmin & Coul turning =    0.8    2.8
   S-matrix    1 =   -0.25743   0.76508 for L=    8, J=    8.5 channel on core I =   1.5 from L=    8,  Acc. loss =  0.0 D.
 Elastic phase shift   1 =   54.298   6.135 deg. for the L =    8, J =    8.5 channel.
      10.0 -0.25742927  0.76507702i: elastic S-matrix  @@      0.00  0   0 F  0
 Reaction Xsec    10.0-/ 8 @ 1 =   1.980 , Out:   0.000#   0.000#   1.980f

   S-matrix    2 =    0.64803   0.41840 for L=   10, J=    9.5 channel on core I =   1.5 from L=   10,  Acc. loss =  0.0 D.
 Elastic phase shift   2 =   16.424   7.437 deg. for the L =   10, J =    9.5 channel.
      10.0  0.64803467  0.41839885i: elastic S-matrix  @@      0.00  0   0 F  0
 Reaction Xsec    10.0-/10 @ 2 =   2.302 , Out:   0.000#   0.000#   2.302f

   S-matrix    3 =   -0.10677   0.77459 for L=   10, J=   10.5 channel on core I =   1.5 from L=   10,  Acc. loss =  0.0 D.
 Elastic phase shift   3 =   48.924   7.048 deg. for the L =   10, J =   10.5 channel.
      10.0 -0.10677254  0.77459019i: elastic S-matrix  @@      0.00  0   0 F  0
 Reaction Xsec    10.0-/10 @ 3 =   2.209 , Out:   0.000#   0.000#   2.209f

   S-matrix    4 =    0.69661   0.27873 for L=   12, J=   11.5 channel on core I =   1.5 from L=   12,  Acc. loss =  0.0 D.
 Elastic phase shift   4 =   10.904   8.230 deg. for the L =   12, J =   11.5 channel.
      10.0  0.69660533  0.27872697i: elastic S-matrix  @@      0.00  0   0 F  0
 Reaction Xsec    10.0-/12 @ 4 =   2.484 , Out:   0.000#   0.000#   2.484f


 Total SPIN, PARITY =    11.0 +,      4 chs,      0 cc.  Rmin & Coul turning =    0.9    3.0
   S-matrix    1 =   -0.20001   0.77015 for L=    9, J=    9.5 channel on core I =   1.5 from L=    9,  Acc. loss =  0.0 D.
 Elastic phase shift   1 =   52.279   6.547 deg. for the L =    9, J =    9.5 channel.
      11.0 -0.20000580  0.77014592i: elastic S-matrix  @@      0.00  0   0 F  0
 Reaction Xsec    11.0+/ 9 @ 1 =   2.284 , Out:   0.000#   0.000#   2.284f

   S-matrix    2 =    0.67744   0.33822 for L=   11, J=   10.5 channel on core I =   1.5 from L=   11,  Acc. loss =  0.0 D.
 Elastic phase shift   2 =   13.266   7.968 deg. for the L =   11, J =   10.5 channel.
      11.0  0.67744494  0.33821944i: elastic S-matrix  @@      0.00  0   0 F  0
 Reaction Xsec    11.0+/11 @ 2 =   2.656 , Out:   0.000#   0.000#   2.656f

   S-matrix    3 =    0.03070   0.76358 for L=   11, J=   11.5 channel on core I =   1.5 from L=   11,  Acc. loss =  0.0 D.
 Elastic phase shift   3 =   43.849   7.704 deg. for the L =   11, J =   11.5 channel.
      11.0  0.03070055  0.76358226i: elastic S-matrix  @@      0.00  0   0 F  0
 Reaction Xsec    11.0+/11 @ 3 =   2.590 , Out:   0.000#   0.000#   2.590f

   S-matrix    4 =    0.72093   0.23246 for L=   13, J=   12.5 channel on core I =   1.5 from L=   13,  Acc. loss =  0.0 D.
 Elastic phase shift   4 =    8.936   7.957 deg. for the L =   13, J =   12.5 channel.
      11.0  0.72093306  0.23246460i: elastic S-matrix  @@      0.00  0   0 F  0
 Reaction Xsec    11.0+/13 @ 4 =   2.653 , Out:   0.000#   0.000#   2.653f


 Total SPIN, PARITY =    11.0 -,      5 chs,      0 cc.  Rmin & Coul turning =    0.9    3.0
   S-matrix    1 =    0.64803   0.41840 for L=   10, J=    9.5 channel on core I =   1.5 from L=   10,  Acc. loss =  0.0 D.
 Elastic phase shift   1 =   16.424   7.437 deg. for the L =   10, J =    9.5 channel.
      11.0  0.64803467  0.41839885i: elastic S-matrix  @@      0.02  0   0 F  0
 Reaction Xsec    11.0-/10 @ 1 =   2.521 , Out:   0.000#   1.501#   2.521f

   S-matrix    2 =   -0.10677   0.77459 for L=   10, J=   10.5 channel on core I =   1.5 from L=   10,  Acc. loss =  0.0 D.
 Elastic phase shift   2 =   48.924   7.048 deg. for the L =   10, J =   10.5 channel.
      11.0 -0.10677254  0.77459019i: elastic S-matrix  @@      0.00  0   0 F  0
 Reaction Xsec    11.0-/10 @ 2 =   2.419 , Out:   0.000#   0.518#   2.419f

   S-matrix    3 =    0.69661   0.27873 for L=   12, J=   11.5 channel on core I =   1.5 from L=   12,  Acc. loss =  0.0 D.
 Elastic phase shift   3 =   10.904   8.230 deg. for the L =   12, J =   11.5 channel.
      11.0  0.69660533  0.27872697i: elastic S-matrix  @@      0.02  0   0 F  0
 Reaction Xsec    11.0-/12 @ 3 =   2.721 , Out:   0.000#   1.299#   2.721f

   S-matrix    4 =    0.20354   0.71727 for L=   12, J=   12.5 channel on core I =   1.5 from L=   12,  Acc. loss =  0.0 D.
 Elastic phase shift   4 =   37.079   8.411 deg. for the L =   12, J =   12.5 channel.
      11.0  0.20353891  0.71726717i: elastic S-matrix  @@      0.00  0   0 F  0
 Reaction Xsec    11.0-/12 @ 4 =   2.765 , Out:   0.000#   8.077#   2.765f


 Total SPIN, PARITY =    12.0 +,      5 chs,      0 cc.  Rmin & Coul turning =    1.0    3.3
   S-matrix    1 =    0.67744   0.33822 for L=   11, J=   10.5 channel on core I =   1.5 from L=   11,  Acc. loss =  0.0 D.
 Elastic phase shift   1 =   13.266   7.968 deg. for the L =   11, J =   10.5 channel.
      12.0  0.67744494  0.33821944i: elastic S-matrix  @@      0.02  0   0 F  0
 Reaction Xsec    12.0+/11 @ 1 =   2.887 , Out:   0.000#   0.088#   2.887f

   S-matrix    2 =    0.03070   0.76358 for L=   11, J=   11.5 channel on core I =   1.5 from L=   11,  Acc. loss =  0.0 D.
 Elastic phase shift   2 =   43.849   7.704 deg. for the L =   11, J =   11.5 channel.
      12.0  0.03070055  0.76358226i: elastic S-matrix  @@      0.00  0   0 F  0
 Reaction Xsec    12.0+/11 @ 2 =   2.815 , Out:   0.000#   0.110#   2.815f

   S-matrix    3 =    0.72093   0.23246 for L=   13, J=   12.5 channel on core I =   1.5 from L=   13,  Acc. loss =  0.0 D.
 Elastic phase shift   3 =    8.936   7.957 deg. for the L =   13, J =   12.5 channel.
      12.0  0.72093306  0.23246460i: elastic S-matrix  @@      0.02  0   0 F  0
 Reaction Xsec    12.0+/13 @ 3 =   2.884 , Out:   0.000#   0.701#   2.884f

   S-matrix    4 =    0.38541   0.63032 for L=   13, J=   13.5 channel on core I =   1.5 from L=   13,  Acc. loss =  0.0 D.
 Elastic phase shift   4 =   29.278   8.672 deg. for the L =   13, J =   13.5 channel.
      12.0  0.38540874  0.63031906i: elastic S-matrix  @@      0.00  0   0 F  0
 Reaction Xsec    12.0+/13 @ 4 =   3.073 , Out:   0.000#   3.856#   3.073f


 Total SPIN, PARITY =    12.0 -,      4 chs,      0 cc.  Rmin & Coul turning =    1.0    3.3
   S-matrix    1 =   -0.10677   0.77459 for L=   10, J=   10.5 channel on core I =   1.5 from L=   10,  Acc. loss =  0.0 D.
 Elastic phase shift   1 =   48.924   7.048 deg. for the L =   10, J =   10.5 channel.
      12.0 -0.10677254  0.77459019i: elastic S-matrix  @@      0.00  0   0 F  0
 Reaction Xsec    12.0-/10 @ 1 =   2.630 , Out:   0.000#   0.000#   2.630f

   S-matrix    2 =    0.69661   0.27873 for L=   12, J=   11.5 channel on core I =   1.5 from L=   12,  Acc. loss =  0.0 D.
 Elastic phase shift   2 =   10.904   8.230 deg. for the L =   12, J =   11.5 channel.
      12.0  0.69660533  0.27872697i: elastic S-matrix  @@      0.00  0   0 F  0
 Reaction Xsec    12.0-/12 @ 2 =   2.957 , Out:   0.000#   0.000#   2.957f

   S-matrix    3 =    0.20354   0.71727 for L=   12, J=   12.5 channel on core I =   1.5 from L=   12,  Acc. loss =  0.0 D.
 Elastic phase shift   3 =   37.079   8.411 deg. for the L =   12, J =   12.5 channel.
      12.0  0.20353891  0.71726717i: elastic S-matrix  @@      0.00  0   0 F  0
 Reaction Xsec    12.0-/12 @ 3 =   3.005 , Out:   0.000#   0.000#   3.005f

   S-matrix    4 =    0.75669   0.19349 for L=   14, J=   13.5 channel on core I =   1.5 from L=   14,  Acc. loss =  0.0 D.
 Elastic phase shift   4 =    7.172   7.080 deg. for the L =   14, J =   13.5 channel.
      12.0  0.75668542  0.19349283i: elastic S-matrix  @@      0.00  0   0 F  0
 Reaction Xsec    12.0-/14 @ 4 =   2.639 , Out:   0.000#   0.000#   2.639f


 Total SPIN, PARITY =    13.0 +,      4 chs,      0 cc.  Rmin & Coul turning =    1.0    3.5
   S-matrix    1 =    0.03070   0.76358 for L=   11, J=   11.5 channel on core I =   1.5 from L=   11,  Acc. loss =  0.0 D.
 Elastic phase shift   1 =   43.849   7.704 deg. for the L =   11, J =   11.5 channel.
      13.0  0.03070055  0.76358226i: elastic S-matrix  @@      0.00  0   0 F  0
 Reaction Xsec    13.0+/11 @ 1 =   3.040 , Out:   0.000#   0.000#   3.040f

   S-matrix    2 =    0.72093   0.23246 for L=   13, J=   12.5 channel on core I =   1.5 from L=   13,  Acc. loss =  0.0 D.
 Elastic phase shift   2 =    8.936   7.957 deg. for the L =   13, J =   12.5 channel.
      13.0  0.72093306  0.23246460i: elastic S-matrix  @@      0.00  0   0 F  0
 Reaction Xsec    13.0+/13 @ 2 =   3.115 , Out:   0.000#   0.000#   3.115f

   S-matrix    3 =    0.38541   0.63032 for L=   13, J=   13.5 channel on core I =   1.5 from L=   13,  Acc. loss =  0.0 D.
 Elastic phase shift   3 =   29.278   8.672 deg. for the L =   13, J =   13.5 channel.
      13.0  0.38540874  0.63031906i: elastic S-matrix  @@      0.00  0   0 F  0
 Reaction Xsec    13.0+/13 @ 3 =   3.319 , Out:   0.000#   0.000#   3.319f

   S-matrix    4 =    0.80154   0.15879 for L=   15, J=   14.5 channel on core I =   1.5 from L=   15,  Acc. loss =  0.0 D.
 Elastic phase shift   4 =    5.603   5.786 deg. for the L =   15, J =   14.5 channel.
      13.0  0.80153919  0.15879282i: elastic S-matrix  @@      0.00  0   0 F  0
 Reaction Xsec    13.0+/15 @ 4 =   2.429 , Out:   0.000#   0.000#   2.429f


 Total SPIN, PARITY =    13.0 -,      5 chs,      0 cc.  Rmin & Coul turning =    1.0    3.5
   S-matrix    1 =    0.69661   0.27873 for L=   12, J=   11.5 channel on core I =   1.5 from L=   12,  Acc. loss =  0.0 D.
 Elastic phase shift   1 =   10.904   8.230 deg. for the L =   12, J =   11.5 channel.
      13.0  0.69660533  0.27872697i: elastic S-matrix  @@      0.02  0   0 F  0
 Reaction Xsec    13.0-/12 @ 1 =   3.194 , Out:   0.000#   0.752#   3.194f

   S-matrix    2 =    0.20354   0.71727 for L=   12, J=   12.5 channel on core I =   1.5 from L=   12,  Acc. loss =  0.0 D.
 Elastic phase shift   2 =   37.079   8.411 deg. for the L =   12, J =   12.5 channel.
      13.0  0.20353891  0.71726717i: elastic S-matrix  @@      0.00  0   0 F  0
 Reaction Xsec    13.0-/12 @ 2 =   3.245 , Out:   0.000#   0.564#   3.245f

   S-matrix    3 =    0.75669   0.19349 for L=   14, J=   13.5 channel on core I =   1.5 from L=   14,  Acc. loss =  0.0 D.
 Elastic phase shift   3 =    7.172   7.080 deg. for the L =   14, J =   13.5 channel.
      13.0  0.75668542  0.19349283i: elastic S-matrix  @@      0.02  0   0 F  0
 Reaction Xsec    13.0-/14 @ 3 =   2.850 , Out:   0.000#   0.319#   2.850f

   S-matrix    4 =    0.55038   0.51822 for L=   14, J=   14.5 channel on core I =   1.5 from L=   14,  Acc. loss =  0.0 D.
 Elastic phase shift   4 =   21.638   8.015 deg. for the L =   14, J =   14.5 channel.
      13.0  0.55038323  0.51821843i: elastic S-matrix  @@      0.00  0   0 F  0
 Reaction Xsec    13.0-/14 @ 4 =   3.132 , Out:   0.000#   1.295#   3.132f


 Total SPIN, PARITY =    14.0 +,      5 chs,      0 cc.  Rmin & Coul turning =    1.1    3.8
   S-matrix    1 =    0.72093   0.23246 for L=   13, J=   12.5 channel on core I =   1.5 from L=   13,  Acc. loss =  0.0 D.
 Elastic phase shift   1 =    8.936   7.957 deg. for the L =   13, J =   12.5 channel.
      14.0  0.72093306  0.23246460i: elastic S-matrix  @@      0.02  0   0 F  0
 Reaction Xsec    14.0+/13 @ 1 =   3.345 , Out:   0.000#   1.605#   3.345f

   S-matrix    2 =    0.38541   0.63032 for L=   13, J=   13.5 channel on core I =   1.5 from L=   13,  Acc. loss =  0.0 D.
 Elastic phase shift   2 =   29.278   8.672 deg. for the L =   13, J =   13.5 channel.
      14.0  0.38540874  0.63031906i: elastic S-matrix  @@      0.00  0   0 F  0
 Reaction Xsec    14.0+/13 @ 2 =   3.565 , Out:   0.000#   0.858#   3.565f

   S-matrix    3 =    0.80154   0.15879 for L=   15, J=   14.5 channel on core I =   1.5 from L=   15,  Acc. loss =  0.0 D.
 Elastic phase shift   3 =    5.603   5.786 deg. for the L =   15, J =   14.5 channel.
      14.0  0.80153919  0.15879282i: elastic S-matrix  @@      0.02  0   0 F  0
 Reaction Xsec    14.0+/15 @ 3 =   2.608 , Out:   0.000#   0.666#   2.608f

   S-matrix    4 =    0.68546   0.40270 for L=   15, J=   15.5 channel on core I =   1.5 from L=   15,  Acc. loss =  0.0 D.
 Elastic phase shift   4 =   15.217   6.572 deg. for the L =   15, J =   15.5 channel.
      14.0  0.68546429  0.40270032i: elastic S-matrix  @@      0.00  0   0 F  0
 Reaction Xsec    14.0+/15 @ 4 =   2.888 , Out:   0.000#   2.610#   2.888f


 Total SPIN, PARITY =    14.0 -,      4 chs,      0 cc.  Rmin & Coul turning =    1.1    3.8
   S-matrix    1 =    0.20354   0.71727 for L=   12, J=   12.5 channel on core I =   1.5 from L=   12,  Acc. loss =  0.0 D.
 Elastic phase shift   1 =   37.079   8.411 deg. for the L =   12, J =   12.5 channel.
      14.0  0.20353891  0.71726717i: elastic S-matrix  @@      0.00  0   0 F  0
 Reaction Xsec    14.0-/12 @ 1 =   3.486 , Out:   0.000#   0.000#   3.486f

   S-matrix    2 =    0.75669   0.19349 for L=   14, J=   13.5 channel on core I =   1.5 from L=   14,  Acc. loss =  0.0 D.
 Elastic phase shift   2 =    7.172   7.080 deg. for the L =   14, J =   13.5 channel.
      14.0  0.75668542  0.19349283i: elastic S-matrix  @@      0.00  0   0 F  0
 Reaction Xsec    14.0-/14 @ 2 =   3.061 , Out:   0.000#   0.000#   3.061f

   S-matrix    3 =    0.55038   0.51822 for L=   14, J=   14.5 channel on core I =   1.5 from L=   14,  Acc. loss =  0.0 D.
 Elastic phase shift   3 =   21.638   8.015 deg. for the L =   14, J =   14.5 channel.
      14.0  0.55038323  0.51821843i: elastic S-matrix  @@      0.00  0   0 F  0
 Reaction Xsec    14.0-/14 @ 3 =   3.364 , Out:   0.000#   0.000#   3.364f

   S-matrix    4 =    0.84872   0.12726 for L=   16, J=   15.5 channel on core I =   1.5 from L=   16,  Acc. loss =  0.0 D.
 Elastic phase shift   4 =    4.264   4.381 deg. for the L =   16, J =   15.5 channel.
      14.0  0.84871717  0.12725956i: elastic S-matrix  @@      0.00  0   0 F  0
 Reaction Xsec    14.0-/16 @ 4 =   2.068 , Out:   0.000#   0.000#   2.068f


 Total SPIN, PARITY =    15.0 +,      4 chs,      0 cc.  Rmin & Coul turning =    1.2    4.1
   S-matrix    1 =    0.38541   0.63032 for L=   13, J=   13.5 channel on core I =   1.5 from L=   13,  Acc. loss =  0.0 D.
 Elastic phase shift   1 =   29.278   8.672 deg. for the L =   13, J =   13.5 channel.
      15.0  0.38540874  0.63031906i: elastic S-matrix  @@      0.00  0   0 F  0
 Reaction Xsec    15.0+/13 @ 1 =   3.811 , Out:   0.000#   0.000#   3.811f

   S-matrix    2 =    0.80154   0.15879 for L=   15, J=   14.5 channel on core I =   1.5 from L=   15,  Acc. loss =  0.0 D.
 Elastic phase shift   2 =    5.603   5.786 deg. for the L =   15, J =   14.5 channel.
      15.0  0.80153919  0.15879282i: elastic S-matrix  @@      0.00  0   0 F  0
 Reaction Xsec    15.0+/15 @ 2 =   2.788 , Out:   0.000#   0.000#   2.788f

   S-matrix    3 =    0.68546   0.40270 for L=   15, J=   15.5 channel on core I =   1.5 from L=   15,  Acc. loss =  0.0 D.
 Elastic phase shift   3 =   15.217   6.572 deg. for the L =   15, J =   15.5 channel.
      15.0  0.68546429  0.40270032i: elastic S-matrix  @@      0.00  0   0 F  0
 Reaction Xsec    15.0+/15 @ 3 =   3.087 , Out:   0.000#   0.000#   3.087f

   S-matrix    4 =    0.89153   0.09897 for L=   17, J=   16.5 channel on core I =   1.5 from L=   17,  Acc. loss =  0.0 D.
 Elastic phase shift   4 =    3.167   3.114 deg. for the L =   17, J =   16.5 channel.
      15.0  0.89152700  0.09896635i: elastic S-matrix  @@      0.00  0   0 F  0
 Reaction Xsec    15.0+/17 @ 4 =   1.639 , Out:   0.000#   0.000#   1.639f


 Total SPIN, PARITY =    15.0 -,      5 chs,      0 cc.  Rmin & Coul turning =    1.2    4.1
   S-matrix    1 =    0.75669   0.19349 for L=   14, J=   13.5 channel on core I =   1.5 from L=   14,  Acc. loss =  0.0 D.
 Elastic phase shift   1 =    7.172   7.080 deg. for the L =   14, J =   13.5 channel.
      15.0  0.75668542  0.19349283i: elastic S-matrix  @@      0.02  0   0 F  0
 Reaction Xsec    15.0-/14 @ 1 =   3.272 , Out:   0.000#   8.699#   3.272f

   S-matrix    2 =    0.55038   0.51822 for L=   14, J=   14.5 channel on core I =   1.5 from L=   14,  Acc. loss =  0.0 D.
 Elastic phase shift   2 =   21.638   8.015 deg. for the L =   14, J =   14.5 channel.
      15.0  0.55038323  0.51821843i: elastic S-matrix  @@      0.00  0   0 F  0
 Reaction Xsec    15.0-/14 @ 2 =   3.596 , Out:   0.000#   4.289#   3.596f

   S-matrix    3 =    0.84872   0.12726 for L=   16, J=   15.5 channel on core I =   1.5 from L=   16,  Acc. loss =  0.0 D.
 Elastic phase shift   3 =    4.264   4.381 deg. for the L =   16, J =   15.5 channel.
      15.0  0.84871717  0.12725956i: elastic S-matrix  @@      0.00  0   0 F  0
 Reaction Xsec    15.0-/16 @ 3 =   2.211 , Out:   0.000#   0.073#   2.211f

   S-matrix    4 =    0.78838   0.29902 for L=   16, J=   16.5 channel on core I =   1.5 from L=   16,  Acc. loss =  0.0 D.
 Elastic phase shift   4 =   10.386   4.886 deg. for the L =   16, J =   16.5 channel.
      15.0  0.78838179  0.29902481i: elastic S-matrix  @@      0.02  0   0 F  0
 Reaction Xsec    15.0-/16 @ 4 =   2.425 , Out:   0.000#   0.299#   2.425f


 Total SPIN, PARITY =    16.0 +,      5 chs,      0 cc.  Rmin & Coul turning =    1.2    4.3
   S-matrix    1 =    0.80154   0.15879 for L=   15, J=   14.5 channel on core I =   1.5 from L=   15,  Acc. loss =  0.0 D.
 Elastic phase shift   1 =    5.603   5.786 deg. for the L =   15, J =   14.5 channel.
      16.0  0.80153919  0.15879282i: elastic S-matrix  @@      0.02  0   0 F  0
 Reaction Xsec    16.0+/15 @ 1 =   2.968 , Out:   0.000#   4.155#   2.968f

   S-matrix    2 =    0.68546   0.40270 for L=   15, J=   15.5 channel on core I =   1.5 from L=   15,  Acc. loss =  0.0 D.
 Elastic phase shift   2 =   15.217   6.572 deg. for the L =   15, J =   15.5 channel.
      16.0  0.68546429  0.40270032i: elastic S-matrix  @@      0.00  0   0 F  0
 Reaction Xsec    16.0+/15 @ 2 =   3.287 , Out:   0.000#   2.025#   3.287f

   S-matrix    3 =    0.89153   0.09897 for L=   17, J=   16.5 channel on core I =   1.5 from L=   17,  Acc. loss =  0.0 D.
 Elastic phase shift   3 =    3.167   3.114 deg. for the L =   17, J =   16.5 channel.
      16.0  0.89152700  0.09896635i: elastic S-matrix  @@      0.00  0   0 F  0
 Reaction Xsec    16.0+/17 @ 3 =   1.745 , Out:   0.000#   0.275#   1.745f

   S-matrix    4 =    0.86228   0.21410 for L=   17, J=   17.5 channel on core I =   1.5 from L=   17,  Acc. loss =  0.0 D.
 Elastic phase shift   4 =    6.972   3.388 deg. for the L =   17, J =   17.5 channel.
      16.0  0.86228476  0.21409543i: elastic S-matrix  @@      0.02  0   0 F  0
 Reaction Xsec    16.0+/17 @ 4 =   1.881 , Out:   0.000#   1.031#   1.881f


 Total SPIN, PARITY =    16.0 -,      4 chs,      0 cc.  Rmin & Coul turning =    1.2    4.3
   S-matrix    1 =    0.55038   0.51822 for L=   14, J=   14.5 channel on core I =   1.5 from L=   14,  Acc. loss =  0.0 D.
 Elastic phase shift   1 =   21.638   8.015 deg. for the L =   14, J =   14.5 channel.
      16.0  0.55038323  0.51821843i: elastic S-matrix  @@      0.00  0   0 F  0
 Reaction Xsec    16.0-/14 @ 1 =   3.828 , Out:   0.000#   0.000#   3.828f

   S-matrix    2 =    0.84872   0.12726 for L=   16, J=   15.5 channel on core I =   1.5 from L=   16,  Acc. loss =  0.0 D.
 Elastic phase shift   2 =    4.264   4.381 deg. for the L =   16, J =   15.5 channel.
      16.0  0.84871717  0.12725956i: elastic S-matrix  @@      0.00  0   0 F  0
 Reaction Xsec    16.0-/16 @ 2 =   2.353 , Out:   0.000#   0.000#   2.353f

   S-matrix    3 =    0.78838   0.29902 for L=   16, J=   16.5 channel on core I =   1.5 from L=   16,  Acc. loss =  0.0 D.
 Elastic phase shift   3 =   10.386   4.886 deg. for the L =   16, J =   16.5 channel.
      16.0  0.78838179  0.29902481i: elastic S-matrix  @@      0.00  0   0 F  0
 Reaction Xsec    16.0-/16 @ 3 =   2.582 , Out:   0.000#   0.000#   2.582f

   S-matrix    4 =    0.92606   0.07455 for L=   18, J=   17.5 channel on core I =   1.5 from L=   18,  Acc. loss =  0.0 D.
 Elastic phase shift   4 =    2.301   2.108 deg. for the L =   18, J =   17.5 channel.
      16.0  0.92606494  0.07455141i: elastic S-matrix  @@      0.00  0   0 F  0
 Reaction Xsec    16.0-/18 @ 4 =   1.222 , Out:   0.000#   0.000#   1.222f


 Total SPIN, PARITY =    17.0 +,      4 chs,      0 cc.  Rmin & Coul turning =    1.4    4.6
   S-matrix    1 =    0.68546   0.40270 for L=   15, J=   15.5 channel on core I =   1.5 from L=   15,  Acc. loss =  0.0 D.
 Elastic phase shift   1 =   15.217   6.572 deg. for the L =   15, J =   15.5 channel.
      17.0  0.68546429  0.40270032i: elastic S-matrix  @@      0.00  0   0 F  0
 Reaction Xsec    17.0+/15 @ 1 =   3.486 , Out:   0.000#   0.000#   3.486f

   S-matrix    2 =    0.89153   0.09897 for L=   17, J=   16.5 channel on core I =   1.5 from L=   17,  Acc. loss =  0.0 D.
 Elastic phase shift   2 =    3.167   3.114 deg. for the L =   17, J =   16.5 channel.
      17.0  0.89152700  0.09896635i: elastic S-matrix  @@      0.00  0   0 F  0
 Reaction Xsec    17.0+/17 @ 2 =   1.851 , Out:   0.000#   0.000#   1.851f

   S-matrix    3 =    0.86228   0.21410 for L=   17, J=   17.5 channel on core I =   1.5 from L=   17,  Acc. loss =  0.0 D.
 Elastic phase shift   3 =    6.972   3.388 deg. for the L =   17, J =   17.5 channel.
      17.0  0.86228476  0.21409543i: elastic S-matrix  @@      0.00  0   0 F  0
 Reaction Xsec    17.0+/17 @ 3 =   1.995 , Out:   0.000#   0.000#   1.995f

   S-matrix    4 =    0.95153   0.05454 for L=   19, J=   18.5 channel on core I =   1.5 from L=   19,  Acc. loss =  0.0 D.
 Elastic phase shift   4 =    1.640   1.376 deg. for the L =   19, J =   18.5 channel.
      17.0  0.95152792  0.05453848i: elastic S-matrix  @@      0.00  0   0 F  0
 Reaction Xsec    17.0+/19 @ 4 =   0.868 , Out:   0.000#   0.000#   0.868f


 Total SPIN, PARITY =    17.0 -,      5 chs,      0 cc.  Rmin & Coul turning =    1.4    4.6
   S-matrix    1 =    0.84872   0.12726 for L=   16, J=   15.5 channel on core I =   1.5 from L=   16,  Acc. loss =  0.0 D.
 Elastic phase shift   1 =    4.264   4.381 deg. for the L =   16, J =   15.5 channel.
      17.0  0.84871717  0.12725956i: elastic S-matrix  @@      0.02  0   0 F  0
 Reaction Xsec    17.0-/16 @ 1 =   2.496 , Out:   0.000#   4.052#   2.496f

   S-matrix    2 =    0.78838   0.29902 for L=   16, J=   16.5 channel on core I =   1.5 from L=   16,  Acc. loss =  0.0 D.
 Elastic phase shift   2 =   10.386   4.886 deg. for the L =   16, J =   16.5 channel.
      17.0  0.78838179  0.29902481i: elastic S-matrix  @@      0.00  0   0 F  0
 Reaction Xsec    17.0-/16 @ 2 =   2.738 , Out:   0.000#   1.797#   2.738f

   S-matrix    3 =    0.92606   0.07455 for L=   18, J=   17.5 channel on core I =   1.5 from L=   18,  Acc. loss =  0.0 D.
 Elastic phase shift   3 =    2.301   2.108 deg. for the L =   18, J =   17.5 channel.
      17.0  0.92606494  0.07455141i: elastic S-matrix  @@      0.00  0   0 F  0
 Reaction Xsec    17.0-/18 @ 3 =   1.296 , Out:   0.000#   0.108#   1.296f

   S-matrix    4 =    0.91270   0.14897 for L=   18, J=   18.5 channel on core I =   1.5 from L=   18,  Acc. loss =  0.0 D.
 Elastic phase shift   4 =    4.635   2.240 deg. for the L =   18, J =   18.5 channel.
      17.0  0.91270094  0.14897103i: elastic S-matrix  @@      0.02  0   0 F  0
 Reaction Xsec    17.0-/18 @ 4 =   1.372 , Out:   0.000#   0.391#   1.372f


 Total SPIN, PARITY =    18.0 +,      5 chs,      0 cc.  Rmin & Coul turning =    1.4    4.9
   S-matrix    1 =    0.89153   0.09897 for L=   17, J=   16.5 channel on core I =   1.5 from L=   17,  Acc. loss =  0.0 D.
 Elastic phase shift   1 =    3.167   3.114 deg. for the L =   17, J =   16.5 channel.
      18.0  0.89152700  0.09896635i: elastic S-matrix  @@      0.02  0   0 F  0
 Reaction Xsec    18.0+/17 @ 1 =   1.957 , Out:   0.000#   1.827#   1.957f

   S-matrix    2 =    0.86228   0.21410 for L=   17, J=   17.5 channel on core I =   1.5 from L=   17,  Acc. loss =  0.0 D.
 Elastic phase shift   2 =    6.972   3.388 deg. for the L =   17, J =   17.5 channel.
      18.0  0.86228476  0.21409543i: elastic S-matrix  @@      0.00  0   0 F  0
 Reaction Xsec    18.0+/17 @ 2 =   2.109 , Out:   0.000#   0.811#   2.109f

   S-matrix    3 =    0.95153   0.05454 for L=   19, J=   18.5 channel on core I =   1.5 from L=   19,  Acc. loss =  0.0 D.
 Elastic phase shift   3 =    1.640   1.376 deg. for the L =   19, J =   18.5 channel.
      18.0  0.95152792  0.05453848i: elastic S-matrix  @@      0.00  0   0 F  0
 Reaction Xsec    18.0+/19 @ 3 =   0.918 , Out:   0.000#   0.012#   0.918f

   S-matrix    4 =    0.94570   0.10146 for L=   19, J=   19.5 channel on core I =   1.5 from L=   19,  Acc. loss =  0.0 D.
 Elastic phase shift   4 =    3.062   1.436 deg. for the L =   19, J =   19.5 channel.
      18.0  0.94569572  0.10146048i: elastic S-matrix  @@      0.02  0   0 F  0
 Reaction Xsec    18.0+/19 @ 4 =   0.955 , Out:   0.000#   0.044#   0.955f


 Total SPIN, PARITY =    18.0 -,      4 chs,      0 cc.  Rmin & Coul turning =    1.4    4.9
   S-matrix    1 =    0.78838   0.29902 for L=   16, J=   16.5 channel on core I =   1.5 from L=   16,  Acc. loss =  0.0 D.
 Elastic phase shift   1 =   10.386   4.886 deg. for the L =   16, J =   16.5 channel.
      18.0  0.78838179  0.29902481i: elastic S-matrix  @@      0.00  0   0 F  0
 Reaction Xsec    18.0-/16 @ 1 =   2.895 , Out:   0.000#   0.000#   2.895f

   S-matrix    2 =    0.92606   0.07455 for L=   18, J=   17.5 channel on core I =   1.5 from L=   18,  Acc. loss =  0.0 D.
 Elastic phase shift   2 =    2.301   2.108 deg. for the L =   18, J =   17.5 channel.
      18.0  0.92606494  0.07455141i: elastic S-matrix  @@      0.00  0   0 F  0
 Reaction Xsec    18.0-/18 @ 2 =   1.370 , Out:   0.000#   0.000#   1.370f

   S-matrix    3 =    0.91270   0.14897 for L=   18, J=   18.5 channel on core I =   1.5 from L=   18,  Acc. loss =  0.0 D.
 Elastic phase shift   3 =    4.635   2.240 deg. for the L =   18, J =   18.5 channel.
      18.0  0.91270094  0.14897103i: elastic S-matrix  @@      0.00  0   0 F  0
 Reaction Xsec    18.0-/18 @ 3 =   1.450 , Out:   0.000#   0.000#   1.450f

   S-matrix    4 =    0.96910   0.03894 for L=   20, J=   19.5 channel on core I =   1.5 from L=   20,  Acc. loss =  0.0 D.
 Elastic phase shift   4 =    1.151   0.876 deg. for the L =   20, J =   19.5 channel.
      18.0  0.96909914  0.03894129i: elastic S-matrix  @@      0.00  0   0 F  0
 Reaction Xsec    18.0-/20 @ 4 =   0.594 , Out:   0.000#   0.000#   0.594f


 Total SPIN, PARITY =    19.0 +,      4 chs,      0 cc.  Rmin & Coul turning =    1.5    5.1
   S-matrix    1 =    0.86228   0.21410 for L=   17, J=   17.5 channel on core I =   1.5 from L=   17,  Acc. loss =  0.0 D.
 Elastic phase shift   1 =    6.972   3.388 deg. for the L =   17, J =   17.5 channel.
      19.0  0.86228476  0.21409543i: elastic S-matrix  @@      0.00  0   0 F  0
 Reaction Xsec    19.0+/17 @ 1 =   2.223 , Out:   0.000#   0.000#   2.223f

   S-matrix    2 =    0.95153   0.05454 for L=   19, J=   18.5 channel on core I =   1.5 from L=   19,  Acc. loss =  0.0 D.
 Elastic phase shift   2 =    1.640   1.376 deg. for the L =   19, J =   18.5 channel.
      19.0  0.95152792  0.05453848i: elastic S-matrix  @@      0.00  0   0 F  0
 Reaction Xsec    19.0+/19 @ 2 =   0.967 , Out:   0.000#   0.000#   0.967f

   S-matrix    3 =    0.94570   0.10146 for L=   19, J=   19.5 channel on core I =   1.5 from L=   19,  Acc. loss =  0.0 D.
 Elastic phase shift   3 =    3.062   1.436 deg. for the L =   19, J =   19.5 channel.
      19.0  0.94569572  0.10146048i: elastic S-matrix  @@      0.00  0   0 F  0
 Reaction Xsec    19.0+/19 @ 3 =   1.007 , Out:   0.000#   0.000#   1.007f

   S-matrix    4 =    0.98067   0.02729 for L=   21, J=   20.5 channel on core I =   1.5 from L=   21,  Acc. loss =  0.0 D.
 Elastic phase shift   4 =    0.797   0.548 deg. for the L =   21, J =   20.5 channel.
      19.0  0.98067463  0.02728864i: elastic S-matrix  @@      0.00  0   0 F  0
 Reaction Xsec    19.0+/21 @ 4 =   0.396 , Out:   0.000#   0.000#   0.396f


 Total SPIN, PARITY =    19.0 -,      5 chs,      0 cc.  Rmin & Coul turning =    1.5    5.1
   S-matrix    1 =    0.92606   0.07455 for L=   18, J=   17.5 channel on core I =   1.5 from L=   18,  Acc. loss =  0.0 D.
 Elastic phase shift   1 =    2.301   2.108 deg. for the L =   18, J =   17.5 channel.
      19.0  0.92606494  0.07455141i: elastic S-matrix  @@      0.02  0   0 F  0
 Reaction Xsec    19.0-/18 @ 1 =   1.445 , Out:   0.000#   2.339#   1.445f

   S-matrix    2 =    0.91270   0.14897 for L=   18, J=   18.5 channel on core I =   1.5 from L=   18,  Acc. loss =  0.0 D.
 Elastic phase shift   2 =    4.635   2.240 deg. for the L =   18, J =   18.5 channel.
      19.0  0.91270094  0.14897103i: elastic S-matrix  @@      0.00  0   0 F  0
 Reaction Xsec    19.0-/18 @ 2 =   1.528 , Out:   0.000#   0.958#   1.528f

   S-matrix    3 =    0.96910   0.03894 for L=   20, J=   19.5 channel on core I =   1.5 from L=   20,  Acc. loss =  0.0 D.
 Elastic phase shift   3 =    1.151   0.876 deg. for the L =   20, J =   19.5 channel.
      19.0  0.96909914  0.03894129i: elastic S-matrix  @@      0.02  0   0 F  0
 Reaction Xsec    19.0-/20 @ 3 =   0.626 , Out:   0.000#   0.059#   0.626f

   S-matrix    4 =    0.96664   0.06806 for L=   20, J=   20.5 channel on core I =   1.5 from L=   20,  Acc. loss =  0.0 D.
 Elastic phase shift   4 =    2.014   0.901 deg. for the L =   20, J =   20.5 channel.
      19.0  0.96663911  0.06805694i: elastic S-matrix  @@      0.00  0   0 F  0
 Reaction Xsec    19.0-/20 @ 4 =   0.644 , Out:   0.000#   0.205#   0.644f


 Total SPIN, PARITY =    20.0 +,      5 chs,      0 cc.  Rmin & Coul turning =    1.6    5.4
   S-matrix    1 =    0.95153   0.05454 for L=   19, J=   18.5 channel on core I =   1.5 from L=   19,  Acc. loss =  0.0 D.
 Elastic phase shift   1 =    1.640   1.376 deg. for the L =   19, J =   18.5 channel.
      20.0  0.95152792  0.05453848i: elastic S-matrix  @@      0.02  0   0 F  0
 Reaction Xsec    20.0+/19 @ 1 =   1.017 , Out:   0.000#   0.208#   1.017f

   S-matrix    2 =    0.94570   0.10146 for L=   19, J=   19.5 channel on core I =   1.5 from L=   19,  Acc. loss =  0.0 D.
 Elastic phase shift   2 =    3.062   1.436 deg. for the L =   19, J =   19.5 channel.
      20.0  0.94569572  0.10146048i: elastic S-matrix  @@      0.00  0   0 F  0
 Reaction Xsec    20.0+/19 @ 2 =   1.058 , Out:   0.000#   0.088#   1.058f

   S-matrix    3 =    0.98067   0.02729 for L=   21, J=   20.5 channel on core I =   1.5 from L=   21,  Acc. loss =  0.0 D.
 Elastic phase shift   3 =    0.797   0.548 deg. for the L =   21, J =   20.5 channel.
      20.0  0.98067463  0.02728864i: elastic S-matrix  @@      0.02  0   0 F  0
 Reaction Xsec    20.0+/21 @ 3 =   0.417 , Out:   0.000#   0.002#   0.417f

   S-matrix    4 =    0.97966   0.04518 for L=   21, J=   21.5 channel on core I =   1.5 from L=   21,  Acc. loss =  0.0 D.
 Elastic phase shift   4 =    1.320   0.558 deg. for the L =   21, J =   21.5 channel.
      20.0  0.97966156  0.04518062i: elastic S-matrix  @@      0.00  0   0 F  0
 Reaction Xsec    20.0+/21 @ 4 =   0.424 , Out:   0.000#   0.007#   0.424f


 Total SPIN, PARITY =    20.0 -,      4 chs,      0 cc.  Rmin & Coul turning =    1.6    5.4
   S-matrix    1 =    0.91270   0.14897 for L=   18, J=   18.5 channel on core I =   1.5 from L=   18,  Acc. loss =  0.0 D.
 Elastic phase shift   1 =    4.635   2.240 deg. for the L =   18, J =   18.5 channel.
      20.0  0.91270094  0.14897103i: elastic S-matrix  @@      0.00  0   0 F  0
 Reaction Xsec    20.0-/18 @ 1 =   1.607 , Out:   0.000#   0.000#   1.607f

   S-matrix    2 =    0.96910   0.03894 for L=   20, J=   19.5 channel on core I =   1.5 from L=   20,  Acc. loss =  0.0 D.
 Elastic phase shift   2 =    1.151   0.876 deg. for the L =   20, J =   19.5 channel.
      20.0  0.96909914  0.03894129i: elastic S-matrix  @@      0.00  0   0 F  0
 Reaction Xsec    20.0-/20 @ 2 =   0.658 , Out:   0.000#   0.000#   0.658f

   S-matrix    3 =    0.96664   0.06806 for L=   20, J=   20.5 channel on core I =   1.5 from L=   20,  Acc. loss =  0.0 D.
 Elastic phase shift   3 =    2.014   0.901 deg. for the L =   20, J =   20.5 channel.
      20.0  0.96663911  0.06805694i: elastic S-matrix  @@      0.00  0   0 F  0
 Reaction Xsec    20.0-/20 @ 3 =   0.677 , Out:   0.000#   0.000#   0.677f

   S-matrix    4 =    0.98807   0.01886 for L=   22, J=   21.5 channel on core I =   1.5 from L=   22,  Acc. loss =  0.0 D.
 Elastic phase shift   4 =    0.547   0.339 deg. for the L =   22, J =   21.5 channel.
      20.0  0.98806534  0.01885942i: elastic S-matrix  @@      0.00  0   0 F  0
 Reaction Xsec    20.0-/22 @ 4 =   0.259 , Out:   0.000#   0.000#   0.259f


 Total SPIN, PARITY =    21.0 +,      4 chs,      0 cc.  Rmin & Coul turning =    1.7    5.6
   S-matrix    1 =    0.94570   0.10146 for L=   19, J=   19.5 channel on core I =   1.5 from L=   19,  Acc. loss =  0.0 D.
 Elastic phase shift   1 =    3.062   1.436 deg. for the L =   19, J =   19.5 channel.
      21.0  0.94569572  0.10146048i: elastic S-matrix  @@      0.00  0   0 F  0
 Reaction Xsec    21.0+/19 @ 1 =   1.110 , Out:   0.000#   0.000#   1.110f

   S-matrix    2 =    0.98067   0.02729 for L=   21, J=   20.5 channel on core I =   1.5 from L=   21,  Acc. loss =  0.0 D.
 Elastic phase shift   2 =    0.797   0.548 deg. for the L =   21, J =   20.5 channel.
      21.0  0.98067463  0.02728864i: elastic S-matrix  @@      0.00  0   0 F  0
 Reaction Xsec    21.0+/21 @ 2 =   0.437 , Out:   0.000#   0.000#   0.437f

   S-matrix    3 =    0.97966   0.04518 for L=   21, J=   21.5 channel on core I =   1.5 from L=   21,  Acc. loss =  0.0 D.
 Elastic phase shift   3 =    1.320   0.558 deg. for the L =   21, J =   21.5 channel.
      21.0  0.97966156  0.04518062i: elastic S-matrix  @@      0.00  0   0 F  0
 Reaction Xsec    21.0+/21 @ 3 =   0.445 , Out:   0.000#   0.000#   0.445f

   S-matrix    4 =    0.99269   0.01290 for L=   23, J=   22.5 channel on core I =   1.5 from L=   23,  Acc. loss =  0.0 D.
 Elastic phase shift   4 =    0.372   0.208 deg. for the L =   23, J =   22.5 channel.
      21.0  0.99268876  0.01290290i: elastic S-matrix  @@      0.00  0   0 F  0
 Reaction Xsec    21.0+/23 @ 4 =   0.168 , Out:   0.000#   0.000#   0.168f


 Total SPIN, PARITY =    21.0 -,      5 chs,      0 cc.  Rmin & Coul turning =    1.7    5.6
   S-matrix    1 =    0.96910   0.03894 for L=   20, J=   19.5 channel on core I =   1.5 from L=   20,  Acc. loss =  0.0 D.
 Elastic phase shift   1 =    1.151   0.876 deg. for the L =   20, J =   19.5 channel.
      21.0  0.96909914  0.03894129i: elastic S-matrix  @@      0.02  0   0 F  0
 Reaction Xsec    21.0-/20 @ 1 =   0.691 , Out:   0.000#   0.331#   0.691f

   S-matrix    2 =    0.96664   0.06806 for L=   20, J=   20.5 channel on core I =   1.5 from L=   20,  Acc. loss =  0.0 D.
 Elastic phase shift   2 =    2.014   0.901 deg. for the L =   20, J =   20.5 channel.
      21.0  0.96663911  0.06805694i: elastic S-matrix  @@      0.02  0   0 F  0
 Reaction Xsec    21.0-/20 @ 2 =   0.710 , Out:   0.000#   0.131#   0.710f

   S-matrix    3 =    0.98807   0.01886 for L=   22, J=   21.5 channel on core I =   1.5 from L=   22,  Acc. loss =  0.0 D.
 Elastic phase shift   3 =    0.547   0.339 deg. for the L =   22, J =   21.5 channel.
      21.0  0.98806534  0.01885942i: elastic S-matrix  @@      0.00  0   0 F  0
 Reaction Xsec    21.0-/22 @ 3 =   0.272 , Out:   0.000#   0.270#   0.272f

   S-matrix    4 =    0.98765   0.02979 for L=   22, J=   22.5 channel on core I =   1.5 from L=   22,  Acc. loss =  0.0 D.
 Elastic phase shift   4 =    0.864   0.343 deg. for the L =   22, J =   22.5 channel.
      21.0  0.98765489  0.02979166i: elastic S-matrix  @@      0.00  0   0 F  0
 Reaction Xsec    21.0-/22 @ 4 =   0.275 , Out:   0.000#   0.902#   0.275f


 Total SPIN, PARITY =    22.0 +,      5 chs,      0 cc.  Rmin & Coul turning =    1.8    5.9
   S-matrix    1 =    0.98067   0.02729 for L=   21, J=   20.5 channel on core I =   1.5 from L=   21,  Acc. loss =  0.0 D.
 Elastic phase shift   1 =    0.797   0.548 deg. for the L =   21, J =   20.5 channel.
      22.0  0.98067463  0.02728864i: elastic S-matrix  @@      0.02  0   0 F  0
 Reaction Xsec    22.0+/21 @ 1 =   0.457 , Out:   0.000#   0.058#   0.457f

   S-matrix    2 =    0.97966   0.04518 for L=   21, J=   21.5 channel on core I =   1.5 from L=   21,  Acc. loss =  0.0 D.
 Elastic phase shift   2 =    1.320   0.558 deg. for the L =   21, J =   21.5 channel.
      22.0  0.97966156  0.04518062i: elastic S-matrix  @@      0.02  0   0 F  0
 Reaction Xsec    22.0+/21 @ 2 =   0.466 , Out:   0.000#   0.022#   0.466f

   S-matrix    3 =    0.99269   0.01290 for L=   23, J=   22.5 channel on core I =   1.5 from L=   23,  Acc. loss =  0.0 D.
 Elastic phase shift   3 =    0.372   0.208 deg. for the L =   23, J =   22.5 channel.
      22.0  0.99268876  0.01290290i: elastic S-matrix  @@      0.00  0   0 F  0
 Reaction Xsec    22.0+/23 @ 3 =   0.175 , Out:   0.000#   0.028#   0.175f

   S-matrix    4 =    0.99252   0.01956 for L=   23, J=   23.5 channel on core I =   1.5 from L=   23,  Acc. loss =  0.0 D.
 Elastic phase shift   4 =    0.565   0.209 deg. for the L =   23, J =   23.5 channel.
      22.0  0.99252427  0.01956035i: elastic S-matrix  @@      0.02  0   0 F  0
 Reaction Xsec    22.0+/23 @ 4 =   0.177 , Out:   0.000#   0.092#   0.177f


 Total SPIN, PARITY =    22.0 -,      4 chs,      0 cc.  Rmin & Coul turning =    1.8    5.9
   S-matrix    1 =    0.96664   0.06806 for L=   20, J=   20.5 channel on core I =   1.5 from L=   20,  Acc. loss =  0.0 D.
 Elastic phase shift   1 =    2.014   0.901 deg. for the L =   20, J =   20.5 channel.
      22.0  0.96663911  0.06805694i: elastic S-matrix  @@      0.00  0   0 F  0
 Reaction Xsec    22.0-/20 @ 1 =   0.743 , Out:   0.000#   0.000#   0.743f

   S-matrix    2 =    0.98807   0.01886 for L=   22, J=   21.5 channel on core I =   1.5 from L=   22,  Acc. loss =  0.0 D.
 Elastic phase shift   2 =    0.547   0.339 deg. for the L =   22, J =   21.5 channel.
      22.0  0.98806534  0.01885942i: elastic S-matrix  @@      0.00  0   0 F  0
 Reaction Xsec    22.0-/22 @ 2 =   0.285 , Out:   0.000#   0.000#   0.285f

   S-matrix    3 =    0.98765   0.02979 for L=   22, J=   22.5 channel on core I =   1.5 from L=   22,  Acc. loss =  0.0 D.
 Elastic phase shift   3 =    0.864   0.343 deg. for the L =   22, J =   22.5 channel.
      22.0  0.98765489  0.02979166i: elastic S-matrix  @@      0.00  0   0 F  0
 Reaction Xsec    22.0-/22 @ 3 =   0.288 , Out:   0.000#   0.000#   0.288f

   S-matrix    4 =    0.99554   0.00876 for L=   24, J=   23.5 channel on core I =   1.5 from L=   24,  Acc. loss =  0.0 D.
 Elastic phase shift   4 =    0.252   0.127 deg. for the L =   24, J =   23.5 channel.
      22.0  0.99554375  0.00876284i: elastic S-matrix  @@      0.00  0   0 F  0
 Reaction Xsec    22.0-/24 @ 4 =   0.107 , Out:   0.000#   0.000#   0.107f


 Total SPIN, PARITY =    23.0 +,      4 chs,      0 cc.  Rmin & Coul turning =    1.8    6.2
   S-matrix    1 =    0.97966   0.04518 for L=   21, J=   21.5 channel on core I =   1.5 from L=   21,  Acc. loss =  0.0 D.
 Elastic phase shift   1 =    1.320   0.558 deg. for the L =   21, J =   21.5 channel.
      23.0  0.97966156  0.04518062i: elastic S-matrix  @@      0.00  0   0 F  0
 Reaction Xsec    23.0+/21 @ 1 =   0.486 , Out:   0.000#   0.000#   0.486f

   S-matrix    2 =    0.99269   0.01290 for L=   23, J=   22.5 channel on core I =   1.5 from L=   23,  Acc. loss =  0.0 D.
 Elastic phase shift   2 =    0.372   0.208 deg. for the L =   23, J =   22.5 channel.
      23.0  0.99268876  0.01290290i: elastic S-matrix  @@      0.00  0   0 F  0
 Reaction Xsec    23.0+/23 @ 2 =   0.183 , Out:   0.000#   0.000#   0.183f

   S-matrix    3 =    0.99252   0.01956 for L=   23, J=   23.5 channel on core I =   1.5 from L=   23,  Acc. loss =  0.0 D.
 Elastic phase shift   3 =    0.565   0.209 deg. for the L =   23, J =   23.5 channel.
      23.0  0.99252427  0.01956035i: elastic S-matrix  @@      0.00  0   0 F  0
 Reaction Xsec    23.0+/23 @ 3 =   0.185 , Out:   0.000#   0.000#   0.185f

   S-matrix    4 =    0.99729   0.00592 for L=   25, J=   24.5 channel on core I =   1.5 from L=   25,  Acc. loss =  0.0 D.
 Elastic phase shift   4 =    0.170   0.077 deg. for the L =   25, J =   24.5 channel.
      23.0  0.99729249  0.00591869i: elastic S-matrix  @@      0.00  0   0 F  0
 Reaction Xsec    23.0+/25 @ 4 =   0.068 , Out:   0.000#   0.000#   0.068f


 Total SPIN, PARITY =    23.0 -,      5 chs,      0 cc.  Rmin & Coul turning =    1.8    6.2
   S-matrix    1 =    0.98807   0.01886 for L=   22, J=   21.5 channel on core I =   1.5 from L=   22,  Acc. loss =  0.0 D.
 Elastic phase shift   1 =    0.547   0.339 deg. for the L =   22, J =   21.5 channel.
      23.0  0.98806534  0.01885942i: elastic S-matrix  @@      0.02  0   0 F  0
 Reaction Xsec    23.0-/22 @ 1 =   0.297 , Out:   0.000#   0.399#   0.297f

   S-matrix    2 =    0.98765   0.02979 for L=   22, J=   22.5 channel on core I =   1.5 from L=   22,  Acc. loss =  0.0 D.
 Elastic phase shift   2 =    0.864   0.343 deg. for the L =   22, J =   22.5 channel.
      23.0  0.98765489  0.02979166i: elastic S-matrix  @@      0.00  0   0 F  0
 Reaction Xsec    23.0-/22 @ 2 =   0.301 , Out:   0.000#   0.148#   0.301f

   S-matrix    3 =    0.99554   0.00876 for L=   24, J=   23.5 channel on core I =   1.5 from L=   24,  Acc. loss =  0.0 D.
 Elastic phase shift   3 =    0.252   0.127 deg. for the L =   24, J =   23.5 channel.
      23.0  0.99554375  0.00876284i: elastic S-matrix  @@      0.00  0   0 F  0
 Reaction Xsec    23.0-/24 @ 3 =   0.112 , Out:   0.000#   0.461#   0.112f

   S-matrix    4 =    0.99548   0.01281 for L=   24, J=   24.5 channel on core I =   1.5 from L=   24,  Acc. loss =  0.0 D.
 Elastic phase shift   4 =    0.369   0.127 deg. for the L =   24, J =   24.5 channel.
      23.0  0.99547830  0.01280893i: elastic S-matrix  @@      0.02  0   0 F  0
 Reaction Xsec    23.0-/24 @ 4 =   0.113 , Out:   0.000#   1.522#   0.113f


 Total SPIN, PARITY =    24.0 +,      5 chs,      0 cc.  Rmin & Coul turning =    1.9    6.4
   S-matrix    1 =    0.99269   0.01290 for L=   23, J=   22.5 channel on core I =   1.5 from L=   23,  Acc. loss =  0.0 D.
 Elastic phase shift   1 =    0.372   0.208 deg. for the L =   23, J =   22.5 channel.
      24.0  0.99268876  0.01290290i: elastic S-matrix  @@      0.02  0   0 F  0
 Reaction Xsec    24.0+/23 @ 1 =   0.191 , Out:   0.000#   0.004#   0.191f

   S-matrix    2 =    0.99252   0.01956 for L=   23, J=   23.5 channel on core I =   1.5 from L=   23,  Acc. loss =  0.0 D.
 Elastic phase shift   2 =    0.565   0.209 deg. for the L =   23, J =   23.5 channel.
      24.0  0.99252427  0.01956035i: elastic S-matrix  @@      0.00  0   0 F  0
 Reaction Xsec    24.0+/23 @ 2 =   0.192 , Out:   0.000#   0.001#   0.192f

   S-matrix    3 =    0.99729   0.00592 for L=   25, J=   24.5 channel on core I =   1.5 from L=   25,  Acc. loss =  0.0 D.
 Elastic phase shift   3 =    0.170   0.077 deg. for the L =   25, J =   24.5 channel.
      24.0  0.99729249  0.00591869i: elastic S-matrix  @@      0.00  0   0 F  0
 Reaction Xsec    24.0+/25 @ 3 =   0.071 , Out:   0.000#   0.351#   0.071f

   S-matrix    4 =    0.99727   0.00837 for L=   25, J=   25.5 channel on core I =   1.5 from L=   25,  Acc. loss =  0.0 D.
 Elastic phase shift   4 =    0.241   0.077 deg. for the L =   25, J =   25.5 channel.
      24.0  0.99726657  0.00837456i: elastic S-matrix  @@      0.02  0   0 F  0
 Reaction Xsec    24.0+/25 @ 4 =   0.071 , Out:   0.000#   1.148#   0.071f


 Total SPIN, PARITY =    24.0 -,      4 chs,      0 cc.  Rmin & Coul turning =    1.9    6.4
   S-matrix    1 =    0.98765   0.02979 for L=   22, J=   22.5 channel on core I =   1.5 from L=   22,  Acc. loss =  0.0 D.
 Elastic phase shift   1 =    0.864   0.343 deg. for the L =   22, J =   22.5 channel.
      24.0  0.98765489  0.02979166i: elastic S-matrix  @@      0.00  0   0 F  0
 Reaction Xsec    24.0-/22 @ 1 =   0.314 , Out:   0.000#   0.000#   0.314f

   S-matrix    2 =    0.99554   0.00876 for L=   24, J=   23.5 channel on core I =   1.5 from L=   24,  Acc. loss =  0.0 D.
 Elastic phase shift   2 =    0.252   0.127 deg. for the L =   24, J =   23.5 channel.
      24.0  0.99554375  0.00876284i: elastic S-matrix  @@      0.00  0   0 F  0
 Reaction Xsec    24.0-/24 @ 2 =   0.117 , Out:   0.000#   0.000#   0.117f

   S-matrix    3 =    0.99548   0.01281 for L=   24, J=   24.5 channel on core I =   1.5 from L=   24,  Acc. loss =  0.0 D.
 Elastic phase shift   3 =    0.369   0.127 deg. for the L =   24, J =   24.5 channel.
      24.0  0.99547830  0.01280893i: elastic S-matrix  @@      0.00  0   0 F  0
 Reaction Xsec    24.0-/24 @ 3 =   0.117 , Out:   0.000#   0.000#   0.117f

   S-matrix    4 =    0.99836   0.00398 for L=   26, J=   25.5 channel on core I =   1.5 from L=   26,  Acc. loss =  0.0 D.
 Elastic phase shift   4 =    0.114   0.047 deg. for the L =   26, J =   25.5 channel.
      24.0  0.99835829  0.00398105i: elastic S-matrix  @@      0.00  0   0 F  0
 Reaction Xsec    24.0-/26 @ 4 =   0.043 , Out:   0.000#   0.000#   0.043f


 Total SPIN, PARITY =    25.0 +,      4 chs,      0 cc.  Rmin & Coul turning =    2.0    6.7
   S-matrix    1 =    0.99252   0.01956 for L=   23, J=   23.5 channel on core I =   1.5 from L=   23,  Acc. loss =  0.0 D.
 Elastic phase shift   1 =    0.565   0.209 deg. for the L =   23, J =   23.5 channel.
      25.0  0.99252427  0.01956035i: elastic S-matrix  @@      0.00  0   0 F  0
 Reaction Xsec    25.0+/23 @ 1 =   0.200 , Out:   0.000#   0.000#   0.200f

   S-matrix    2 =    0.99729   0.00592 for L=   25, J=   24.5 channel on core I =   1.5 from L=   25,  Acc. loss =  0.0 D.
 Elastic phase shift   2 =    0.170   0.077 deg. for the L =   25, J =   24.5 channel.
      25.0  0.99729249  0.00591869i: elastic S-matrix  @@      0.00  0   0 F  0
 Reaction Xsec    25.0+/25 @ 2 =   0.074 , Out:   0.000#   0.000#   0.074f

   S-matrix    3 =    0.99727   0.00837 for L=   25, J=   25.5 channel on core I =   1.5 from L=   25,  Acc. loss =  0.0 D.
 Elastic phase shift   3 =    0.241   0.077 deg. for the L =   25, J =   25.5 channel.
      25.0  0.99726657  0.00837456i: elastic S-matrix  @@      0.00  0   0 F  0
 Reaction Xsec    25.0+/25 @ 3 =   0.074 , Out:   0.000#   0.000#   0.074f

   S-matrix    4 =    0.99901   0.00267 for L=   27, J=   26.5 channel on core I =   1.5 from L=   27,  Acc. loss =  0.0 D.
 Elastic phase shift   4 =    0.077   0.028 deg. for the L =   27, J =   26.5 channel.
      25.0  0.99900585  0.00266900i: elastic S-matrix  @@      0.00  0   0 F  0
 Reaction Xsec    25.0+/27 @ 4 =   0.027 , Out:   0.000#   0.000#   0.027f


 Total SPIN, PARITY =    25.0 -,      5 chs,      0 cc.  Rmin & Coul turning =    2.0    6.7
   S-matrix    1 =    0.99554   0.00876 for L=   24, J=   23.5 channel on core I =   1.5 from L=   24,  Acc. loss =  0.0 D.
 Elastic phase shift   1 =    0.252   0.127 deg. for the L =   24, J =   23.5 channel.
      25.0  0.99554375  0.00876284i: elastic S-matrix  @@      0.00  0   0 F  0
 Reaction Xsec    25.0-/24 @ 1 =   0.122 , Out:   0.000#   2.149#   0.122f

   S-matrix    2 =    0.99548   0.01281 for L=   24, J=   24.5 channel on core I =   1.5 from L=   24,  Acc. loss =  0.0 D.
 Elastic phase shift   2 =    0.369   0.127 deg. for the L =   24, J =   24.5 channel.
      25.0  0.99547830  0.01280893i: elastic S-matrix  @@      0.02  0   0 F  0
 Reaction Xsec    25.0-/24 @ 2 =   0.122 , Out:   0.000#   0.786#   0.122f

   S-matrix    3 =    0.99836   0.00398 for L=   26, J=   25.5 channel on core I =   1.5 from L=   26,  Acc. loss =  0.0 D.
 Elastic phase shift   3 =    0.114   0.047 deg. for the L =   26, J =   25.5 channel.
      25.0  0.99835829  0.00398105i: elastic S-matrix  @@      0.00  0   0 F  0
 Reaction Xsec    25.0-/26 @ 3 =   0.045 , Out:   0.000#   0.047#   0.045f

   S-matrix    4 =    0.99835   0.00547 for L=   26, J=   26.5 channel on core I =   1.5 from L=   26,  Acc. loss =  0.0 D.
 Elastic phase shift   4 =    0.157   0.047 deg. for the L =   26, J =   26.5 channel.
      25.0  0.99834806  0.00547035i: elastic S-matrix  @@      0.02  0   0 F  0
 Reaction Xsec    25.0-/26 @ 4 =   0.045 , Out:   0.000#   0.152#   0.045f


 Total SPIN, PARITY =    26.0 +,      5 chs,      0 cc.  Rmin & Coul turning =    2.1    7.0
   S-matrix    1 =    0.99729   0.00592 for L=   25, J=   24.5 channel on core I =   1.5 from L=   25,  Acc. loss =  0.0 D.
 Elastic phase shift   1 =    0.170   0.077 deg. for the L =   25, J =   24.5 channel.
      26.0  0.99729249  0.00591869i: elastic S-matrix  @@      0.02  0   0 F  0
 Reaction Xsec    26.0+/25 @ 1 =   0.077 , Out:   0.000#   2.890#   0.077f

   S-matrix    2 =    0.99727   0.00837 for L=   25, J=   25.5 channel on core I =   1.5 from L=   25,  Acc. loss =  0.0 D.
 Elastic phase shift   2 =    0.241   0.077 deg. for the L =   25, J =   25.5 channel.
      26.0  0.99726657  0.00837456i: elastic S-matrix  @@      0.00  0   0 F  0
 Reaction Xsec    26.0+/25 @ 2 =   0.077 , Out:   0.000#   1.048#   0.077f

   S-matrix    3 =    0.99901   0.00267 for L=   27, J=   26.5 channel on core I =   1.5 from L=   27,  Acc. loss =  0.0 D.
 Elastic phase shift   3 =    0.077   0.028 deg. for the L =   27, J =   26.5 channel.
      26.0  0.99900585  0.00266900i: elastic S-matrix  @@      0.00  0   0 F  0
 Reaction Xsec    26.0+/27 @ 3 =   0.028 , Out:   0.000#   0.419#   0.028f

   S-matrix    4 =    0.99900   0.00357 for L=   27, J=   27.5 channel on core I =   1.5 from L=   27,  Acc. loss =  0.0 D.
 Elastic phase shift   4 =    0.102   0.028 deg. for the L =   27, J =   27.5 channel.
      26.0  0.99900182  0.00357151i: elastic S-matrix  @@      0.02  0   0 F  0
 Reaction Xsec    26.0+/27 @ 4 =   0.028 , Out:   0.000#   1.357#   0.028f


 Total SPIN, PARITY =    26.0 -,      4 chs,      0 cc.  Rmin & Coul turning =    2.1    7.0
   S-matrix    1 =    0.99548   0.01281 for L=   24, J=   24.5 channel on core I =   1.5 from L=   24,  Acc. loss =  0.0 D.
 Elastic phase shift   1 =    0.369   0.127 deg. for the L =   24, J =   24.5 channel.
      26.0  0.99547830  0.01280893i: elastic S-matrix  @@      0.00  0   0 F  0
 Reaction Xsec    26.0-/24 @ 1 =   0.127 , Out:   0.000#   0.000#   0.127f

   S-matrix    2 =    0.99836   0.00398 for L=   26, J=   25.5 channel on core I =   1.5 from L=   26,  Acc. loss =  0.0 D.
 Elastic phase shift   2 =    0.114   0.047 deg. for the L =   26, J =   25.5 channel.
      26.0  0.99835829  0.00398105i: elastic S-matrix  @@      0.00  0   0 F  0
 Reaction Xsec    26.0-/26 @ 2 =   0.047 , Out:   0.000#   0.000#   0.047f

   S-matrix    3 =    0.99835   0.00547 for L=   26, J=   26.5 channel on core I =   1.5 from L=   26,  Acc. loss =  0.0 D.
 Elastic phase shift   3 =    0.157   0.047 deg. for the L =   26, J =   26.5 channel.
      26.0  0.99834806  0.00547035i: elastic S-matrix  @@      0.00  0   0 F  0
 Reaction Xsec    26.0-/26 @ 3 =   0.047 , Out:   0.000#   0.000#   0.047f

   S-matrix    4 =    0.99940   0.00178 for L=   28, J=   27.5 channel on core I =   1.5 from L=   28,  Acc. loss =  0.0 D.
 Elastic phase shift   4 =    0.051   0.017 deg. for the L =   28, J =   27.5 channel.
      26.0  0.99939853  0.00178464i: elastic S-matrix  @@      0.00  0   0 F  0
 Reaction Xsec    26.0-/28 @ 4 =   0.017 , Out:   0.000#   0.000#   0.017f


 Total SPIN, PARITY =    27.0 +,      4 chs,      0 cc.  Rmin & Coul turning =    2.1    7.2
   S-matrix    1 =    0.99727   0.00837 for L=   25, J=   25.5 channel on core I =   1.5 from L=   25,  Acc. loss =  0.0 D.
 Elastic phase shift   1 =    0.241   0.077 deg. for the L =   25, J =   25.5 channel.
      27.0  0.99726657  0.00837456i: elastic S-matrix  @@      0.00  0   0 F  0
 Reaction Xsec    27.0+/25 @ 1 =   0.080 , Out:   0.000#   0.000#   0.080f

   S-matrix    2 =    0.99901   0.00267 for L=   27, J=   26.5 channel on core I =   1.5 from L=   27,  Acc. loss =  0.0 D.
 Elastic phase shift   2 =    0.077   0.028 deg. for the L =   27, J =   26.5 channel.
      27.0  0.99900585  0.00266900i: elastic S-matrix  @@      0.00  0   0 F  0
 Reaction Xsec    27.0+/27 @ 2 =   0.029 , Out:   0.000#   0.000#   0.029f

   S-matrix    3 =    0.99900   0.00357 for L=   27, J=   27.5 channel on core I =   1.5 from L=   27,  Acc. loss =  0.0 D.
 Elastic phase shift   3 =    0.102   0.028 deg. for the L =   27, J =   27.5 channel.
      27.0  0.99900182  0.00357151i: elastic S-matrix  @@      0.00  0   0 F  0
 Reaction Xsec    27.0+/27 @ 3 =   0.030 , Out:   0.000#   0.000#   0.030f

   S-matrix    4 =    0.99964   0.00119 for L=   29, J=   28.5 channel on core I =   1.5 from L=   29,  Acc. loss =  0.0 D.
 Elastic phase shift   4 =    0.034   0.010 deg. for the L =   29, J =   28.5 channel.
      27.0  0.99963634  0.00119070i: elastic S-matrix  @@      0.00  0   0 F  0
 Reaction Xsec    27.0+/29 @ 4 =   0.011 , Out:   0.000#   0.000#   0.011f


 Total SPIN, PARITY =    27.0 -,      5 chs,      0 cc.  Rmin & Coul turning =    2.1    7.2
   S-matrix    1 =    0.99836   0.00398 for L=   26, J=   25.5 channel on core I =   1.5 from L=   26,  Acc. loss =  0.0 D.
 Elastic phase shift   1 =    0.114   0.047 deg. for the L =   26, J =   25.5 channel.
      27.0  0.99835829  0.00398105i: elastic S-matrix  @@      0.02  0   0 F  0
 Reaction Xsec    27.0-/26 @ 1 =   0.049 , Out:   0.000#   0.264#   0.049f

   S-matrix    2 =    0.99835   0.00547 for L=   26, J=   26.5 channel on core I =   1.5 from L=   26,  Acc. loss =  0.0 D.
 Elastic phase shift   2 =    0.157   0.047 deg. for the L =   26, J =   26.5 channel.
      27.0  0.99834806  0.00547035i: elastic S-matrix  @@      0.00  0   0 F  0
 Reaction Xsec    27.0-/26 @ 2 =   0.049 , Out:   0.000#   0.095#   0.049f

   S-matrix    3 =    0.99940   0.00178 for L=   28, J=   27.5 channel on core I =   1.5 from L=   28,  Acc. loss =  0.0 D.
 Elastic phase shift   3 =    0.051   0.017 deg. for the L =   28, J =   27.5 channel.
      27.0  0.99939853  0.00178464i: elastic S-matrix  @@      0.00  0   0 F  0
 Reaction Xsec    27.0-/28 @ 3 =   0.018 , Out:   0.000#   0.223#   0.018f

   S-matrix    4 =    0.99940   0.00233 for L=   28, J=   28.5 channel on core I =   1.5 from L=   28,  Acc. loss =  0.0 D.
 Elastic phase shift   4 =    0.067   0.017 deg. for the L =   28, J =   28.5 channel.
      27.0  0.99939694  0.00233123i: elastic S-matrix  @@      0.02  0   0 F  0
 Reaction Xsec    27.0-/28 @ 4 =   0.018 , Out:   0.000#   0.720#   0.018f


 Total SPIN, PARITY =    28.0 +,      5 chs,      0 cc.  Rmin & Coul turning =    2.2    7.5
   S-matrix    1 =    0.99901   0.00267 for L=   27, J=   26.5 channel on core I =   1.5 from L=   27,  Acc. loss =  0.0 D.
 Elastic phase shift   1 =    0.077   0.028 deg. for the L =   27, J =   26.5 channel.
      28.0  0.99900585  0.00266900i: elastic S-matrix  @@      0.02  0   0 F  0
 Reaction Xsec    28.0+/27 @ 1 =   0.031 , Out:   0.000#   0.221#   0.031f

   S-matrix    2 =    0.99900   0.00357 for L=   27, J=   27.5 channel on core I =   1.5 from L=   27,  Acc. loss =  0.0 D.
 Elastic phase shift   2 =    0.102   0.028 deg. for the L =   27, J =   27.5 channel.
      28.0  0.99900182  0.00357151i: elastic S-matrix  @@      0.00  0   0 F  0
 Reaction Xsec    28.0+/27 @ 2 =   0.031 , Out:   0.000#   0.080#   0.031f

   S-matrix    3 =    0.99964   0.00119 for L=   29, J=   28.5 channel on core I =   1.5 from L=   29,  Acc. loss =  0.0 D.
 Elastic phase shift   3 =    0.034   0.010 deg. for the L =   29, J =   28.5 channel.
      28.0  0.99963634  0.00119070i: elastic S-matrix  @@      0.00  0   0 F  0
 Reaction Xsec    28.0+/29 @ 3 =   0.011 , Out:   0.000#   0.017#   0.011f

   S-matrix    4 =    0.99964   0.00152 for L=   29, J=   29.5 channel on core I =   1.5 from L=   29,  Acc. loss =  0.0 D.
 Elastic phase shift   4 =    0.044   0.010 deg. for the L =   29, J =   29.5 channel.
      28.0  0.99963572  0.00152156i: elastic S-matrix  @@      0.02  0   0 F  0
 Reaction Xsec    28.0+/29 @ 4 =   0.011 , Out:   0.000#   0.056#   0.011f


 Total SPIN, PARITY =    28.0 -,      4 chs,      0 cc.  Rmin & Coul turning =    2.2    7.5
   S-matrix    1 =    0.99835   0.00547 for L=   26, J=   26.5 channel on core I =   1.5 from L=   26,  Acc. loss =  0.0 D.
 Elastic phase shift   1 =    0.157   0.047 deg. for the L =   26, J =   26.5 channel.
      28.0  0.99834806  0.00547035i: elastic S-matrix  @@      0.00  0   0 F  0
 Reaction Xsec    28.0-/26 @ 1 =   0.050 , Out:   0.000#   0.000#   0.050f

   S-matrix    2 =    0.99940   0.00178 for L=   28, J=   27.5 channel on core I =   1.5 from L=   28,  Acc. loss =  0.0 D.
 Elastic phase shift   2 =    0.051   0.017 deg. for the L =   28, J =   27.5 channel.
      28.0  0.99939853  0.00178464i: elastic S-matrix  @@      0.00  0   0 F  0
 Reaction Xsec    28.0-/28 @ 2 =   0.019 , Out:   0.000#   0.000#   0.019f

   S-matrix    3 =    0.99940   0.00233 for L=   28, J=   28.5 channel on core I =   1.5 from L=   28,  Acc. loss =  0.0 D.
 Elastic phase shift   3 =    0.067   0.017 deg. for the L =   28, J =   28.5 channel.
      28.0  0.99939694  0.00233123i: elastic S-matrix  @@      0.00  0   0 F  0
 Reaction Xsec    28.0-/28 @ 3 =   0.019 , Out:   0.000#   0.000#   0.019f

   S-matrix    4 =    0.99978   0.00079 for L=   30, J=   29.5 channel on core I =   1.5 from L=   30,  Acc. loss =  0.0 D.
 Elastic phase shift   4 =    0.023   0.006 deg. for the L =   30, J =   29.5 channel.
      28.0  0.99978025  0.00079294i: elastic S-matrix  @@      0.00  0   0 F  0
 Reaction Xsec    28.0-/30 @ 4 =   6.770/, Out:   0.000#   0.000#   0.007f


 Total SPIN, PARITY =    29.0 +,      4 chs,      0 cc.  Rmin & Coul turning =    2.3    7.7
   S-matrix    1 =    0.99900   0.00357 for L=   27, J=   27.5 channel on core I =   1.5 from L=   27,  Acc. loss =  0.0 D.
 Elastic phase shift   1 =    0.102   0.028 deg. for the L =   27, J =   27.5 channel.
      29.0  0.99900182  0.00357151i: elastic S-matrix  @@      0.00  0   0 F  0
 Reaction Xsec    29.0+/27 @ 1 =   0.032 , Out:   0.000#   0.000#   0.032f

   S-matrix    2 =    0.99964   0.00119 for L=   29, J=   28.5 channel on core I =   1.5 from L=   29,  Acc. loss =  0.0 D.
 Elastic phase shift   2 =    0.034   0.010 deg. for the L =   29, J =   28.5 channel.
      29.0  0.99963634  0.00119070i: elastic S-matrix  @@      0.00  0   0 F  0
 Reaction Xsec    29.0+/29 @ 2 =   0.012 , Out:   0.000#   0.000#   0.012f

   S-matrix    3 =    0.99964   0.00152 for L=   29, J=   29.5 channel on core I =   1.5 from L=   29,  Acc. loss =  0.0 D.
 Elastic phase shift   3 =    0.044   0.010 deg. for the L =   29, J =   29.5 channel.
      29.0  0.99963572  0.00152156i: elastic S-matrix  @@      0.00  0   0 F  0
 Reaction Xsec    29.0+/29 @ 3 =   0.012 , Out:   0.000#   0.000#   0.012f

   S-matrix    4 =    0.99987   0.00053 for L=   31, J=   30.5 channel on core I =   1.5 from L=   31,  Acc. loss =  0.0 D.
 Elastic phase shift   4 =    0.015   0.004 deg. for the L =   31, J =   30.5 channel.
      29.0  0.99986727  0.00052723i: elastic S-matrix  @@      0.00  0   0 F  0
 Reaction Xsec    29.0+/31 @ 4 =   4.234/, Out:   0.000#   0.000#   0.004f


 Total SPIN, PARITY =    29.0 -,      5 chs,      0 cc.  Rmin & Coul turning =    2.3    7.7
   S-matrix    1 =    0.99940   0.00178 for L=   28, J=   27.5 channel on core I =   1.5 from L=   28,  Acc. loss =  0.0 D.
 Elastic phase shift   1 =    0.051   0.017 deg. for the L =   28, J =   27.5 channel.
      29.0  0.99939853  0.00178464i: elastic S-matrix  @@      0.00  0   0 F  0
 Reaction Xsec    29.0-/28 @ 1 =   0.019 , Out:   0.000#   0.338#   0.019f

   S-matrix    2 =    0.99940   0.00233 for L=   28, J=   28.5 channel on core I =   1.5 from L=   28,  Acc. loss =  0.0 D.
 Elastic phase shift   2 =    0.067   0.017 deg. for the L =   28, J =   28.5 channel.
      29.0  0.99939694  0.00233123i: elastic S-matrix  @@      0.02  0   0 F  0
 Reaction Xsec    29.0-/28 @ 2 =   0.019 , Out:   0.000#   0.121#   0.019f

   S-matrix    3 =    0.99978   0.00079 for L=   30, J=   29.5 channel on core I =   1.5 from L=   30,  Acc. loss =  0.0 D.
 Elastic phase shift   3 =    0.023   0.006 deg. for the L =   30, J =   29.5 channel.
      29.0  0.99978025  0.00079294i: elastic S-matrix  @@      0.00  0   0 F  0
 Reaction Xsec    29.0-/30 @ 3 =   7.008/, Out:   0.000#   0.003#   0.007f

   S-matrix    4 =    0.99978   0.00099 for L=   30, J=   30.5 channel on core I =   1.5 from L=   30,  Acc. loss =  0.0 D.
 Elastic phase shift   4 =    0.028   0.006 deg. for the L =   30, J =   30.5 channel.
      29.0  0.99978000  0.00099310i: elastic S-matrix  @@      0.00  0   0 F  0
 Reaction Xsec    29.0-/30 @ 4 =   7.010/, Out:   0.000#   0.010#   0.007f


 Total SPIN, PARITY =    30.0 +,      5 chs,      0 cc.  Rmin & Coul turning =    2.4    8.0
   S-matrix    1 =    0.99964   0.00119 for L=   29, J=   28.5 channel on core I =   1.5 from L=   29,  Acc. loss =  0.0 D.
 Elastic phase shift   1 =    0.034   0.010 deg. for the L =   29, J =   28.5 channel.
      30.0  0.99963634  0.00119070i: elastic S-matrix  @@      0.02  0   0 F  0
 Reaction Xsec    30.0+/29 @ 1 =   0.012 , Out:   0.000#   0.103#   0.012f

   S-matrix    2 =    0.99964   0.00152 for L=   29, J=   29.5 channel on core I =   1.5 from L=   29,  Acc. loss =  0.0 D.
 Elastic phase shift   2 =    0.044   0.010 deg. for the L =   29, J =   29.5 channel.
      30.0  0.99963572  0.00152156i: elastic S-matrix  @@      0.02  0   0 F  0
 Reaction Xsec    30.0+/29 @ 2 =   0.012 , Out:   0.000#   0.037#   0.012f

   S-matrix    3 =    0.99987   0.00053 for L=   31, J=   30.5 channel on core I =   1.5 from L=   31,  Acc. loss =  0.0 D.
 Elastic phase shift   3 =    0.015   0.004 deg. for the L =   31, J =   30.5 channel.
      30.0  0.99986727  0.00052723i: elastic S-matrix  @@      0.00  0   0 F  0
 Reaction Xsec    30.0+/31 @ 3 =   4.378/, Out:   0.000#   0.003#   0.004f

   S-matrix    4 =    0.99987   0.00065 for L=   31, J=   31.5 channel on core I =   1.5 from L=   31,  Acc. loss =  0.0 D.
 Elastic phase shift   4 =    0.019   0.004 deg. for the L =   31, J =   31.5 channel.
      30.0  0.99986717  0.00064827i: elastic S-matrix  @@      0.00  0   0 F  0
 Reaction Xsec    30.0+/31 @ 4 =   4.379/, Out:   0.000#   0.010#   0.004f


 Total SPIN, PARITY =    30.0 -,      4 chs,      0 cc.  Rmin & Coul turning =    2.4    8.0
   S-matrix    1 =    0.99940   0.00233 for L=   28, J=   28.5 channel on core I =   1.5 from L=   28,  Acc. loss =  0.0 D.
 Elastic phase shift   1 =    0.067   0.017 deg. for the L =   28, J =   28.5 channel.
      30.0  0.99939694  0.00233123i: elastic S-matrix  @@      0.00  0   0 F  0
 Reaction Xsec    30.0-/28 @ 1 =   0.020 , Out:   0.000#   0.000#   0.020f

   S-matrix    2 =    0.99978   0.00079 for L=   30, J=   29.5 channel on core I =   1.5 from L=   30,  Acc. loss =  0.0 D.
 Elastic phase shift   2 =    0.023   0.006 deg. for the L =   30, J =   29.5 channel.
      30.0  0.99978025  0.00079294i: elastic S-matrix  @@      0.00  0   0 F  0
 Reaction Xsec    30.0-/30 @ 2 =   7.245/, Out:   0.000#   0.000#   0.007f

   S-matrix    3 =    0.99978   0.00099 for L=   30, J=   30.5 channel on core I =   1.5 from L=   30,  Acc. loss =  0.0 D.
 Elastic phase shift   3 =    0.028   0.006 deg. for the L =   30, J =   30.5 channel.
      30.0  0.99978000  0.00099310i: elastic S-matrix  @@      0.00  0   0 F  0
 Reaction Xsec    30.0-/30 @ 3 =   7.247/, Out:   0.000#   0.000#   0.007f

   S-matrix    4 =    0.99992   0.00035 for L=   32, J=   31.5 channel on core I =   1.5 from L=   32,  Acc. loss =  0.0 D.
 Elastic phase shift   4 =    0.010   0.002 deg. for the L =   32, J =   31.5 channel.
      30.0  0.99991986  0.00035006i: elastic S-matrix  @@      0.00  0   0 F  0
 Reaction Xsec    30.0-/32 @ 4 =   2.644/, Out:   0.000#   0.000#   0.003f


 Total SPIN, PARITY =    31.0 +,      4 chs,      0 cc.  Rmin & Coul turning =    2.5    8.3
   S-matrix    1 =    0.99964   0.00152 for L=   29, J=   29.5 channel on core I =   1.5 from L=   29,  Acc. loss =  0.0 D.
 Elastic phase shift   1 =    0.044   0.010 deg. for the L =   29, J =   29.5 channel.
      31.0  0.99963572  0.00152156i: elastic S-matrix  @@      0.00  0   0 F  0
 Reaction Xsec    31.0+/29 @ 1 =   0.012 , Out:   0.000#   0.000#   0.012f

   S-matrix    2 =    0.99987   0.00053 for L=   31, J=   30.5 channel on core I =   1.5 from L=   31,  Acc. loss =  0.0 D.
 Elastic phase shift   2 =    0.015   0.004 deg. for the L =   31, J =   30.5 channel.
      31.0  0.99986727  0.00052723i: elastic S-matrix  @@      0.00  0   0 F  0
 Reaction Xsec    31.0+/31 @ 2 =   4.522/, Out:   0.000#   0.000#   0.005f

   S-matrix    3 =    0.99987   0.00065 for L=   31, J=   31.5 channel on core I =   1.5 from L=   31,  Acc. loss =  0.0 D.
 Elastic phase shift   3 =    0.019   0.004 deg. for the L =   31, J =   31.5 channel.
      31.0  0.99986717  0.00064827i: elastic S-matrix  @@      0.00  0   0 F  0
 Reaction Xsec    31.0+/31 @ 3 =   4.522/, Out:   0.000#   0.000#   0.005f

   S-matrix    4 =    0.99995   0.00023 for L=   33, J=   32.5 channel on core I =   1.5 from L=   33,  Acc. loss =  0.0 D.
 Elastic phase shift   4 =    0.007   0.001 deg. for the L =   33, J =   32.5 channel.
      31.0  0.99995163  0.00023215i: elastic S-matrix  @@      0.00  0   0 F  0
 Reaction Xsec    31.0+/33 @ 4 =   1.648/, Out:   0.000#   0.000#   0.002f


 Total SPIN, PARITY =    31.0 -,      5 chs,      0 cc.  Rmin & Coul turning =    2.5    8.3
   S-matrix    1 =    0.99978   0.00079 for L=   30, J=   29.5 channel on core I =   1.5 from L=   30,  Acc. loss =  0.0 D.
 Elastic phase shift   1 =    0.023   0.006 deg. for the L =   30, J =   29.5 channel.
      31.0  0.99978025  0.00079294i: elastic S-matrix  @@      0.02  0   0 F  0
 Reaction Xsec    31.0-/30 @ 1 =   7.483/, Out:   0.000#   0.018#   0.007f

   S-matrix    2 =    0.99978   0.00099 for L=   30, J=   30.5 channel on core I =   1.5 from L=   30,  Acc. loss =  0.0 D.
 Elastic phase shift   2 =    0.028   0.006 deg. for the L =   30, J =   30.5 channel.
      31.0  0.99978000  0.00099310i: elastic S-matrix  @@      0.02  0   0 F  0
 Reaction Xsec    31.0-/30 @ 2 =   7.485/, Out:   0.000#   0.007#   0.007f

   S-matrix    3 =    0.99992   0.00035 for L=   32, J=   31.5 channel on core I =   1.5 from L=   32,  Acc. loss =  0.0 D.
 Elastic phase shift   3 =    0.010   0.002 deg. for the L =   32, J =   31.5 channel.
      31.0  0.99991986  0.00035006i: elastic S-matrix  @@      0.00  0   0 F  0
 Reaction Xsec    31.0-/32 @ 3 =   2.731/, Out:   0.000#   0.002#   0.003f

   S-matrix    4 =    0.99992   0.00042 for L=   32, J=   32.5 channel on core I =   1.5 from L=   32,  Acc. loss =  0.0 D.
 Elastic phase shift   4 =    0.012   0.002 deg. for the L =   32, J =   32.5 channel.
      31.0  0.99991982  0.00042321i: elastic S-matrix  @@      0.00  0   0 F  0
 Reaction Xsec    31.0-/32 @ 4 =   2.731/, Out:   0.000#   0.006#   0.003f


 Total SPIN, PARITY =    32.0 +,      5 chs,      0 cc.  Rmin & Coul turning =    2.6    8.5
   S-matrix    1 =    0.99987   0.00053 for L=   31, J=   30.5 channel on core I =   1.5 from L=   31,  Acc. loss =  0.0 D.
 Elastic phase shift   1 =    0.015   0.004 deg. for the L =   31, J =   30.5 channel.
      32.0  0.99986727  0.00052723i: elastic S-matrix  @@      0.02  0   0 F  0
 Reaction Xsec    32.0+/31 @ 1 =   4.665/, Out:   0.000#   0.009#   0.005f

   S-matrix    2 =    0.99987   0.00065 for L=   31, J=   31.5 channel on core I =   1.5 from L=   31,  Acc. loss =  0.0 D.
 Elastic phase shift   2 =    0.019   0.004 deg. for the L =   31, J =   31.5 channel.
      32.0  0.99986717  0.00064827i: elastic S-matrix  @@      0.02  0   0 F  0
 Reaction Xsec    32.0+/31 @ 2 =   4.666/, Out:   0.000#   0.003#   0.005f

   S-matrix    3 =    0.99995   0.00023 for L=   33, J=   32.5 channel on core I =   1.5 from L=   33,  Acc. loss =  0.0 D.
 Elastic phase shift   3 =    0.007   0.001 deg. for the L =   33, J =   32.5 channel.
      32.0  0.99995163  0.00023215i: elastic S-matrix  @@      0.00  0   0 F  0
 Reaction Xsec    32.0+/33 @ 3 =   1.701/, Out:   0.000#   0.000#   0.002f

   S-matrix    4 =    0.99995   0.00028 for L=   33, J=   33.5 channel on core I =   1.5 from L=   33,  Acc. loss =  0.0 D.
 Elastic phase shift   4 =    0.008   0.001 deg. for the L =   33, J =   33.5 channel.
      32.0  0.99995162  0.00027635i: elastic S-matrix  @@      0.00  0   0 F  0
 Reaction Xsec    32.0+/33 @ 4 =   1.701/, Out:   0.000#   0.001#   0.002f


 Total SPIN, PARITY =    32.0 -,      4 chs,      0 cc.  Rmin & Coul turning =    2.6    8.5
   S-matrix    1 =    0.99978   0.00099 for L=   30, J=   30.5 channel on core I =   1.5 from L=   30,  Acc. loss =  0.0 D.
 Elastic phase shift   1 =    0.028   0.006 deg. for the L =   30, J =   30.5 channel.
      32.0  0.99978000  0.00099310i: elastic S-matrix  @@      0.00  0   0 F  0
 Reaction Xsec    32.0-/30 @ 1 =   7.722/, Out:   0.000#   0.000#   0.008f

   S-matrix    2 =    0.99992   0.00035 for L=   32, J=   31.5 channel on core I =   1.5 from L=   32,  Acc. loss =  0.0 D.
 Elastic phase shift   2 =    0.010   0.002 deg. for the L =   32, J =   31.5 channel.
      32.0  0.99991986  0.00035006i: elastic S-matrix  @@      0.00  0   0 F  0
 Reaction Xsec    32.0-/32 @ 2 =   2.817/, Out:   0.000#   0.000#   0.003f

   S-matrix    3 =    0.99992   0.00042 for L=   32, J=   32.5 channel on core I =   1.5 from L=   32,  Acc. loss =  0.0 D.
 Elastic phase shift   3 =    0.012   0.002 deg. for the L =   32, J =   32.5 channel.
      32.0  0.99991982  0.00042321i: elastic S-matrix  @@      0.00  0   0 F  0
 Reaction Xsec    32.0-/32 @ 3 =   2.818/, Out:   0.000#   0.000#   0.003f

   S-matrix    4 =    0.99997   0.00015 for L=   34, J=   33.5 channel on core I =   1.5 from L=   34,  Acc. loss =  0.0 D.
 Elastic phase shift   4 =    0.004   0.001 deg. for the L =   34, J =   33.5 channel.
      32.0  0.99997082  0.00015382i: elastic S-matrix  @@      0.00  0   0 F  0
 Reaction Xsec    32.0-/34 @ 4 =   1.026/, Out:   0.000#   0.000#   0.001f


 Total SPIN, PARITY =    33.0 +,      4 chs,      0 cc.  Rmin & Coul turning =    2.6    8.8
   S-matrix    1 =    0.99987   0.00065 for L=   31, J=   31.5 channel on core I =   1.5 from L=   31,  Acc. loss =  0.0 D.
 Elastic phase shift   1 =    0.019   0.004 deg. for the L =   31, J =   31.5 channel.
      33.0  0.99986717  0.00064827i: elastic S-matrix  @@      0.00  0   0 F  0
 Reaction Xsec    33.0+/31 @ 1 =   4.809/, Out:   0.000#   0.000#   0.005f

   S-matrix    2 =    0.99995   0.00023 for L=   33, J=   32.5 channel on core I =   1.5 from L=   33,  Acc. loss =  0.0 D.
 Elastic phase shift   2 =    0.007   0.001 deg. for the L =   33, J =   32.5 channel.
      33.0  0.99995163  0.00023215i: elastic S-matrix  @@      0.00  0   0 F  0
 Reaction Xsec    33.0+/33 @ 2 =   1.753/, Out:   0.000#   0.000#   0.002f

   S-matrix    3 =    0.99995   0.00028 for L=   33, J=   33.5 channel on core I =   1.5 from L=   33,  Acc. loss =  0.0 D.
 Elastic phase shift   3 =    0.008   0.001 deg. for the L =   33, J =   33.5 channel.
      33.0  0.99995162  0.00027635i: elastic S-matrix  @@      0.00  0   0 F  0
 Reaction Xsec    33.0+/33 @ 3 =   1.753/, Out:   0.000#   0.000#   0.002f

   S-matrix    4 =    0.99998   0.00010 for L=   35, J=   34.5 channel on core I =   1.5 from L=   35,  Acc. loss =  0.0 D.
 Elastic phase shift   4 =    0.003   0.001 deg. for the L =   35, J =   34.5 channel.
      33.0  0.99998240  0.00010181i: elastic S-matrix  @@      0.00  0   0 F  0
 Reaction Xsec    33.0+/35 @ 4 =   0.638/, Out:   0.000#   0.000#   0.001f


 Total SPIN, PARITY =    33.0 -,      5 chs,      0 cc.  Rmin & Coul turning =    2.6    8.8
   S-matrix    1 =    0.99992   0.00035 for L=   32, J=   31.5 channel on core I =   1.5 from L=   32,  Acc. loss =  0.0 D.
 Elastic phase shift   1 =    0.010   0.002 deg. for the L =   32, J =   31.5 channel.
      33.0  0.99991986  0.00035006i: elastic S-matrix  @@      0.02  0   0 F  0
 Reaction Xsec    33.0-/32 @ 1 =   2.904/, Out:   0.000#   0.005#   0.003f

   S-matrix    2 =    0.99992   0.00042 for L=   32, J=   32.5 channel on core I =   1.5 from L=   32,  Acc. loss =  0.0 D.
 Elastic phase shift   2 =    0.012   0.002 deg. for the L =   32, J =   32.5 channel.
      33.0  0.99991982  0.00042321i: elastic S-matrix  @@      0.00  0   0 F  0
 Reaction Xsec    33.0-/32 @ 2 =   2.904/, Out:   0.000#   0.002#   0.003f

   S-matrix    3 =    0.99997   0.00015 for L=   34, J=   33.5 channel on core I =   1.5 from L=   34,  Acc. loss =  0.0 D.
 Elastic phase shift   3 =    0.004   0.001 deg. for the L =   34, J =   33.5 channel.
      33.0  0.99997082  0.00015382i: elastic S-matrix  @@      0.02  0   0 F  0
 Reaction Xsec    33.0-/34 @ 3 =   1.058/, Out:   0.000#   0.000#   0.001f

   S-matrix    4 =    0.99997   0.00018 for L=   34, J=   34.5 channel on core I =   1.5 from L=   34,  Acc. loss =  0.0 D.
 Elastic phase shift   4 =    0.005   0.001 deg. for the L =   34, J =   34.5 channel.
      33.0  0.99997081  0.00018051i: elastic S-matrix  @@      0.00  0   0 F  0
 Reaction Xsec    33.0-/34 @ 4 =   1.058/, Out:   0.000#   0.000#   0.001f


 Total SPIN, PARITY =    34.0 +,      5 chs,      0 cc.  Rmin & Coul turning =    2.7    9.1
   S-matrix    1 =    0.99995   0.00023 for L=   33, J=   32.5 channel on core I =   1.5 from L=   33,  Acc. loss =  0.0 D.
 Elastic phase shift   1 =    0.007   0.001 deg. for the L =   33, J =   32.5 channel.
      34.0  0.99995163  0.00023215i: elastic S-matrix  @@      0.02  0   0 F  0
 Reaction Xsec    34.0+/33 @ 1 =   1.805/, Out:   0.000#   0.001#   0.002f

   S-matrix    2 =    0.99995   0.00028 for L=   33, J=   33.5 channel on core I =   1.5 from L=   33,  Acc. loss =  0.0 D.
 Elastic phase shift   2 =    0.008   0.001 deg. for the L =   33, J =   33.5 channel.
      34.0  0.99995162  0.00027635i: elastic S-matrix  @@      0.00  0   0 F  0
 Reaction Xsec    34.0+/33 @ 2 =   1.806/, Out:   0.000#   0.001#   0.002f

   S-matrix    3 =    0.99998   0.00010 for L=   35, J=   34.5 channel on core I =   1.5 from L=   35,  Acc. loss =  0.0 D.
 Elastic phase shift   3 =    0.003   0.001 deg. for the L =   35, J =   34.5 channel.
      34.0  0.99998240  0.00010181i: elastic S-matrix  @@      0.02  0   0 F  0
 Reaction Xsec    34.0+/35 @ 3 =   0.657/, Out:   0.000#   0.000#   0.001f

   S-matrix    4 =    0.99998   0.00012 for L=   35, J=   35.5 channel on core I =   1.5 from L=   35,  Acc. loss =  0.0 D.
 Elastic phase shift   4 =    0.003   0.001 deg. for the L =   35, J =   35.5 channel.
      34.0  0.99998240  0.00011792i: elastic S-matrix  @@      0.00  0   0 F  0
 Reaction Xsec    34.0+/35 @ 4 =   0.657/, Out:   0.000#   0.001#   0.001f


 Total SPIN, PARITY =    34.0 -,      4 chs,      0 cc.  Rmin & Coul turning =    2.7    9.1
   S-matrix    1 =    0.99992   0.00042 for L=   32, J=   32.5 channel on core I =   1.5 from L=   32,  Acc. loss =  0.0 D.
 Elastic phase shift   1 =    0.012   0.002 deg. for the L =   32, J =   32.5 channel.
      34.0  0.99991982  0.00042321i: elastic S-matrix  @@      0.00  0   0 F  0
 Reaction Xsec    34.0-/32 @ 1 =   2.991/, Out:   0.000#   0.000#   0.003f

   S-matrix    2 =    0.99997   0.00015 for L=   34, J=   33.5 channel on core I =   1.5 from L=   34,  Acc. loss =  0.0 D.
 Elastic phase shift   2 =    0.004   0.001 deg. for the L =   34, J =   33.5 channel.
      34.0  0.99997082  0.00015382i: elastic S-matrix  @@      0.00  0   0 F  0
 Reaction Xsec    34.0-/34 @ 2 =   1.089/, Out:   0.000#   0.000#   0.001f

   S-matrix    3 =    0.99997   0.00018 for L=   34, J=   34.5 channel on core I =   1.5 from L=   34,  Acc. loss =  0.0 D.
 Elastic phase shift   3 =    0.005   0.001 deg. for the L =   34, J =   34.5 channel.
      34.0  0.99997081  0.00018051i: elastic S-matrix  @@      0.00  0   0 F  0
 Reaction Xsec    34.0-/34 @ 3 =   1.089/, Out:   0.000#   0.000#   0.001f

   S-matrix    4 =    0.99999   0.00007 for L=   36, J=   35.5 channel on core I =   1.5 from L=   36,  Acc. loss =  0.0 D.
 Elastic phase shift   4 =    0.002   0.000 deg. for the L =   36, J =   35.5 channel.
      34.0  0.99998939  0.00006738i: elastic S-matrix  @@      0.00  0   0 F  0
 Reaction Xsec    34.0-/36 @ 4 =   0.396/, Out:   0.000#   0.000#   0.000f


 Total SPIN, PARITY =    35.0 +,      4 chs,      0 cc.  Rmin & Coul turning =    2.8    9.3
   S-matrix    1 =    0.99995   0.00028 for L=   33, J=   33.5 channel on core I =   1.5 from L=   33,  Acc. loss =  0.0 D.
 Elastic phase shift   1 =    0.008   0.001 deg. for the L =   33, J =   33.5 channel.
      35.0  0.99995162  0.00027635i: elastic S-matrix  @@      0.00  0   0 F  0
 Reaction Xsec    35.0+/33 @ 1 =   1.858/, Out:   0.000#   0.000#   0.002f

   S-matrix    2 =    0.99998   0.00010 for L=   35, J=   34.5 channel on core I =   1.5 from L=   35,  Acc. loss =  0.0 D.
 Elastic phase shift   2 =    0.003   0.001 deg. for the L =   35, J =   34.5 channel.
      35.0  0.99998240  0.00010181i: elastic S-matrix  @@      0.00  0   0 F  0
 Reaction Xsec    35.0+/35 @ 2 =   0.676/, Out:   0.000#   0.000#   0.001f

   S-matrix    3 =    0.99998   0.00012 for L=   35, J=   35.5 channel on core I =   1.5 from L=   35,  Acc. loss =  0.0 D.
 Elastic phase shift   3 =    0.003   0.001 deg. for the L =   35, J =   35.5 channel.
      35.0  0.99998240  0.00011792i: elastic S-matrix  @@      0.00  0   0 F  0
 Reaction Xsec    35.0+/35 @ 3 =   0.676/, Out:   0.000#   0.000#   0.001f

   S-matrix    4 =    0.99999   0.00004 for L=   37, J=   36.5 channel on core I =   1.5 from L=   37,  Acc. loss =  0.0 D.
 Elastic phase shift   4 =    0.001   0.000 deg. for the L =   37, J =   36.5 channel.
      35.0  0.99999361  0.00004455i: elastic S-matrix  @@      0.00  0   0 F  0
 Reaction Xsec    35.0+/37 @ 4 =   0.246/, Out:   0.000#   0.000#   0.000f


 Total SPIN, PARITY =    35.0 -,      5 chs,      0 cc.  Rmin & Coul turning =    2.8    9.3
   S-matrix    1 =    0.99997   0.00015 for L=   34, J=   33.5 channel on core I =   1.5 from L=   34,  Acc. loss =  0.0 D.
 Elastic phase shift   1 =    0.004   0.001 deg. for the L =   34, J =   33.5 channel.
      35.0  0.99997082  0.00015382i: elastic S-matrix  @@      0.02  0   0 F  0
 Reaction Xsec    35.0-/34 @ 1 =   1.121/, Out:   0.000#   0.000#   0.001f

   S-matrix    2 =    0.99997   0.00018 for L=   34, J=   34.5 channel on core I =   1.5 from L=   34,  Acc. loss =  0.0 D.
 Elastic phase shift   2 =    0.005   0.001 deg. for the L =   34, J =   34.5 channel.
      35.0  0.99997081  0.00018051i: elastic S-matrix  @@      0.00  0   0 F  0
 Reaction Xsec    35.0-/34 @ 2 =   1.121/, Out:   0.000#   0.000#   0.001f

   S-matrix    3 =    0.99999   0.00007 for L=   36, J=   35.5 channel on core I =   1.5 from L=   36,  Acc. loss =  0.0 D.
 Elastic phase shift   3 =    0.002   0.000 deg. for the L =   36, J =   35.5 channel.
      35.0  0.99998939  0.00006738i: elastic S-matrix  @@      0.02  0   0 F  0
 Reaction Xsec    35.0-/36 @ 3 =   0.408/, Out:   0.000#   0.000#   0.000f

   S-matrix    4 =    0.99999   0.00008 for L=   36, J=   36.5 channel on core I =   1.5 from L=   36,  Acc. loss =  0.0 D.
 Elastic phase shift   4 =    0.002   0.000 deg. for the L =   36, J =   36.5 channel.
      35.0  0.99998939  0.00007710i: elastic S-matrix  @@      0.00  0   0 F  0
 Reaction Xsec    35.0-/36 @ 4 =   0.408/, Out:   0.000#   0.001#   0.000f


 Total SPIN, PARITY =    36.0 +,      5 chs,      0 cc.  Rmin & Coul turning =    2.9    9.6
   S-matrix    1 =    0.99998   0.00010 for L=   35, J=   34.5 channel on core I =   1.5 from L=   35,  Acc. loss =  0.0 D.
 Elastic phase shift   1 =    0.003   0.001 deg. for the L =   35, J =   34.5 channel.
      36.0  0.99998240  0.00010181i: elastic S-matrix  @@      0.02  0   0 F  0
 Reaction Xsec    36.0+/35 @ 1 =   0.695/, Out:   0.000#   0.000#   0.001f

   S-matrix    2 =    0.99998   0.00012 for L=   35, J=   35.5 channel on core I =   1.5 from L=   35,  Acc. loss =  0.0 D.
 Elastic phase shift   2 =    0.003   0.001 deg. for the L =   35, J =   35.5 channel.
      36.0  0.99998240  0.00011792i: elastic S-matrix  @@      0.00  0   0 F  0
 Reaction Xsec    36.0+/35 @ 2 =   0.695/, Out:   0.000#   0.000#   0.001f

   S-matrix    3 =    0.99999   0.00004 for L=   37, J=   36.5 channel on core I =   1.5 from L=   37,  Acc. loss =  0.0 D.
 Elastic phase shift   3 =    0.001   0.000 deg. for the L =   37, J =   36.5 channel.
      36.0  0.99999361  0.00004455i: elastic S-matrix  @@      0.02  0   0 F  0
 Reaction Xsec    36.0+/37 @ 3 =   0.253/, Out:   0.000#   0.000#   0.000f

   S-matrix    4 =    0.99999   0.00005 for L=   37, J=   37.5 channel on core I =   1.5 from L=   37,  Acc. loss =  0.0 D.
 Elastic phase shift   4 =    0.001   0.000 deg. for the L =   37, J =   37.5 channel.
      36.0  0.99999361  0.00005042i: elastic S-matrix  @@      0.00  0   0 F  0
 Reaction Xsec    36.0+/37 @ 4 =   0.253/, Out:   0.000#   0.000#   0.000f


 Total SPIN, PARITY =    36.0 -,      4 chs,      0 cc.  Rmin & Coul turning =    2.9    9.6
   S-matrix    1 =    0.99997   0.00018 for L=   34, J=   34.5 channel on core I =   1.5 from L=   34,  Acc. loss =  0.0 D.
 Elastic phase shift   1 =    0.005   0.001 deg. for the L =   34, J =   34.5 channel.
      36.0  0.99997081  0.00018051i: elastic S-matrix  @@      0.00  0   0 F  0
 Reaction Xsec    36.0-/34 @ 1 =   1.153/, Out:   0.000#   0.000#   0.001f

   S-matrix    2 =    0.99999   0.00007 for L=   36, J=   35.5 channel on core I =   1.5 from L=   36,  Acc. loss =  0.0 D.
 Elastic phase shift   2 =    0.002   0.000 deg. for the L =   36, J =   35.5 channel.
      36.0  0.99998939  0.00006738i: elastic S-matrix  @@      0.00  0   0 F  0
 Reaction Xsec    36.0-/36 @ 2 =   0.419/, Out:   0.000#   0.000#   0.000f

   S-matrix    3 =    0.99999   0.00008 for L=   36, J=   36.5 channel on core I =   1.5 from L=   36,  Acc. loss =  0.0 D.
 Elastic phase shift   3 =    0.002   0.000 deg. for the L =   36, J =   36.5 channel.
      36.0  0.99998939  0.00007710i: elastic S-matrix  @@      0.00  0   0 F  0
 Reaction Xsec    36.0-/36 @ 3 =   0.419/, Out:   0.000#   0.000#   0.000f

   S-matrix    4 =    1.00000   0.00003 for L=   38, J=   37.5 channel on core I =   1.5 from L=   38,  Acc. loss =  0.0 D.
 Elastic phase shift   4 =    0.001   0.000 deg. for the L =   38, J =   37.5 channel.
      36.0  0.99999615  0.00002947i: elastic S-matrix  @@      0.00  0   0 F  0
 Reaction Xsec    36.0-/38 @ 4 =   0.152/, Out:   0.000#   0.000#   0.000f


 Total SPIN, PARITY =    37.0 +,      4 chs,      0 cc.  Rmin & Coul turning =    3.0    9.9
   S-matrix    1 =    0.99998   0.00012 for L=   35, J=   35.5 channel on core I =   1.5 from L=   35,  Acc. loss =  0.0 D.
 Elastic phase shift   1 =    0.003   0.001 deg. for the L =   35, J =   35.5 channel.
      37.0  0.99998240  0.00011792i: elastic S-matrix  @@      0.00  0   0 F  0
 Reaction Xsec    37.0+/35 @ 1 =   0.714/, Out:   0.000#   0.000#   0.001f

   S-matrix    2 =    0.99999   0.00004 for L=   37, J=   36.5 channel on core I =   1.5 from L=   37,  Acc. loss =  0.0 D.
 Elastic phase shift   2 =    0.001   0.000 deg. for the L =   37, J =   36.5 channel.
      37.0  0.99999361  0.00004455i: elastic S-matrix  @@      0.00  0   0 F  0
 Reaction Xsec    37.0+/37 @ 2 =   0.260/, Out:   0.000#   0.000#   0.000f

   S-matrix    3 =    0.99999   0.00005 for L=   37, J=   37.5 channel on core I =   1.5 from L=   37,  Acc. loss =  0.0 D.
 Elastic phase shift   3 =    0.001   0.000 deg. for the L =   37, J =   37.5 channel.
      37.0  0.99999361  0.00005042i: elastic S-matrix  @@      0.00  0   0 F  0
 Reaction Xsec    37.0+/37 @ 3 =   0.260/, Out:   0.000#   0.000#   0.000f

   S-matrix    4 =    1.00000   0.00002 for L=   39, J=   38.5 channel on core I =   1.5 from L=   39,  Acc. loss =  0.0 D.
 Elastic phase shift   4 =    0.001   0.000 deg. for the L =   39, J =   38.5 channel.
      37.0  0.99999768  0.00001952i: elastic S-matrix  @@      0.00  0   0 F  0
 Reaction Xsec    37.0+/39 @ 4 =   0.094/, Out:   0.000#   0.000#   0.000f


 Total SPIN, PARITY =    37.0 -,      5 chs,      0 cc.  Rmin & Coul turning =    3.0    9.9
   S-matrix    1 =    0.99999   0.00007 for L=   36, J=   35.5 channel on core I =   1.5 from L=   36,  Acc. loss =  0.0 D.
 Elastic phase shift   1 =    0.002   0.000 deg. for the L =   36, J =   35.5 channel.
      37.0  0.99998939  0.00006738i: elastic S-matrix  @@      0.02  0   0 F  0
 Reaction Xsec    37.0-/36 @ 1 =   0.431/, Out:   0.000#   0.000#   0.000f

   S-matrix    2 =    0.99999   0.00008 for L=   36, J=   36.5 channel on core I =   1.5 from L=   36,  Acc. loss =  0.0 D.
 Elastic phase shift   2 =    0.002   0.000 deg. for the L =   36, J =   36.5 channel.
      37.0  0.99998939  0.00007710i: elastic S-matrix  @@      0.00  0   0 F  0
 Reaction Xsec    37.0-/36 @ 2 =   0.431/, Out:   0.000#   0.000#   0.000f

   S-matrix    3 =    1.00000   0.00003 for L=   38, J=   37.5 channel on core I =   1.5 from L=   38,  Acc. loss =  0.0 D.
 Elastic phase shift   3 =    0.001   0.000 deg. for the L =   38, J =   37.5 channel.
      37.0  0.99999615  0.00002947i: elastic S-matrix  @@      0.00  0   0 F  0
 Reaction Xsec    37.0-/38 @ 3 =   0.156/, Out:   0.000#   0.000#   0.000f

   S-matrix    4 =    1.00000   0.00003 for L=   38, J=   38.5 channel on core I =   1.5 from L=   38,  Acc. loss =  0.0 D.
 Elastic phase shift   4 =    0.001   0.000 deg. for the L =   38, J =   38.5 channel.
      37.0  0.99999615  0.00003301i: elastic S-matrix  @@      0.02  0   0 F  0
 Reaction Xsec    37.0-/38 @ 4 =   0.156/, Out:   0.000#   0.000#   0.000f


 Total SPIN, PARITY =    38.0 +,      5 chs,      0 cc.  Rmin & Coul turning =    3.0   10.1
   S-matrix    1 =    0.99999   0.00004 for L=   37, J=   36.5 channel on core I =   1.5 from L=   37,  Acc. loss =  0.0 D.
 Elastic phase shift   1 =    0.001   0.000 deg. for the L =   37, J =   36.5 channel.
      38.0  0.99999361  0.00004455i: elastic S-matrix  @@      0.02  0   0 F  0
 Reaction Xsec    38.0+/37 @ 1 =   0.266/, Out:   0.000#   0.000#   0.000f

   S-matrix    2 =    0.99999   0.00005 for L=   37, J=   37.5 channel on core I =   1.5 from L=   37,  Acc. loss =  0.0 D.
 Elastic phase shift   2 =    0.001   0.000 deg. for the L =   37, J =   37.5 channel.
      38.0  0.99999361  0.00005042i: elastic S-matrix  @@      0.00  0   0 F  0
 Reaction Xsec    38.0+/37 @ 2 =   0.266/, Out:   0.000#   0.000#   0.000f

   S-matrix    3 =    1.00000   0.00002 for L=   39, J=   38.5 channel on core I =   1.5 from L=   39,  Acc. loss =  0.0 D.
 Elastic phase shift   3 =    0.001   0.000 deg. for the L =   39, J =   38.5 channel.
      38.0  0.99999768  0.00001952i: elastic S-matrix  @@      0.00  0   0 F  0
 Reaction Xsec    38.0+/39 @ 3 =   0.097/, Out:   0.000#   0.000#   0.000f

   S-matrix    4 =    1.00000   0.00002 for L=   39, J=   39.5 channel on core I =   1.5 from L=   39,  Acc. loss =  0.0 D.
 Elastic phase shift   4 =    0.001   0.000 deg. for the L =   39, J =   39.5 channel.
      38.0  0.99999768  0.00002165i: elastic S-matrix  @@      0.02  0   0 F  0
 Reaction Xsec    38.0+/39 @ 4 =   0.097/, Out:   0.000#   0.000#   0.000f


 Total SPIN, PARITY =    38.0 -,      4 chs,      0 cc.  Rmin & Coul turning =    3.0   10.1
   S-matrix    1 =    0.99999   0.00008 for L=   36, J=   36.5 channel on core I =   1.5 from L=   36,  Acc. loss =  0.0 D.
 Elastic phase shift   1 =    0.002   0.000 deg. for the L =   36, J =   36.5 channel.
      38.0  0.99998939  0.00007710i: elastic S-matrix  @@      0.00  0   0 F  0
 Reaction Xsec    38.0-/36 @ 1 =   0.442/, Out:   0.000#   0.000#   0.000f

   S-matrix    2 =    1.00000   0.00003 for L=   38, J=   37.5 channel on core I =   1.5 from L=   38,  Acc. loss =  0.0 D.
 Elastic phase shift   2 =    0.001   0.000 deg. for the L =   38, J =   37.5 channel.
      38.0  0.99999615  0.00002947i: elastic S-matrix  @@      0.00  0   0 F  0
 Reaction Xsec    38.0-/38 @ 2 =   0.161/, Out:   0.000#   0.000#   0.000f

   S-matrix    3 =    1.00000   0.00003 for L=   38, J=   38.5 channel on core I =   1.5 from L=   38,  Acc. loss =  0.0 D.
 Elastic phase shift   3 =    0.001   0.000 deg. for the L =   38, J =   38.5 channel.
      38.0  0.99999615  0.00003301i: elastic S-matrix  @@      0.00  0   0 F  0
 Reaction Xsec    38.0-/38 @ 3 =   0.161/, Out:   0.000#   0.000#   0.000f

   S-matrix    4 =    1.00000   0.00001 for L=   40, J=   39.5 channel on core I =   1.5 from L=   40,  Acc. loss =  0.0 D.
 Elastic phase shift   4 =    0.000   0.000 deg. for the L =   40, J =   39.5 channel.
      38.0  0.99999860  0.00001291i: elastic S-matrix  @@      0.00  0   0 F  0
 Reaction Xsec    38.0-/40 @ 4 =   0.058/, Out:   0.000#   0.000#   0.000f


 Total SPIN, PARITY =    39.0 +,      4 chs,      0 cc.  Rmin & Coul turning =    3.1   10.4
   S-matrix    1 =    0.99999   0.00005 for L=   37, J=   37.5 channel on core I =   1.5 from L=   37,  Acc. loss =  0.0 D.
 Elastic phase shift   1 =    0.001   0.000 deg. for the L =   37, J =   37.5 channel.
      39.0  0.99999361  0.00005042i: elastic S-matrix  @@      0.00  0   0 F  0
 Reaction Xsec    39.0+/37 @ 1 =   0.273/, Out:   0.000#   0.000#   0.000f

   S-matrix    2 =    1.00000   0.00002 for L=   39, J=   38.5 channel on core I =   1.5 from L=   39,  Acc. loss =  0.0 D.
 Elastic phase shift   2 =    0.001   0.000 deg. for the L =   39, J =   38.5 channel.
      39.0  0.99999768  0.00001952i: elastic S-matrix  @@      0.00  0   0 F  0
 Reaction Xsec    39.0+/39 @ 2 =   0.099/, Out:   0.000#   0.000#   0.000f

   S-matrix    3 =    1.00000   0.00002 for L=   39, J=   39.5 channel on core I =   1.5 from L=   39,  Acc. loss =  0.0 D.
 Elastic phase shift   3 =    0.001   0.000 deg. for the L =   39, J =   39.5 channel.
      39.0  0.99999768  0.00002165i: elastic S-matrix  @@      0.00  0   0 F  0
 Reaction Xsec    39.0+/39 @ 3 =   0.099/, Out:   0.000#   0.000#   0.000f

   S-matrix    4 =    1.00000   0.00001 for L=   41, J=   40.5 channel on core I =   1.5 from L=   41,  Acc. loss =  0.0 D.
 Elastic phase shift   4 =    0.000   0.000 deg. for the L =   41, J =   40.5 channel.
      39.0  0.99999916  0.00000859i: elastic S-matrix  @@      0.00  0   0 F  0
 Reaction Xsec    39.0+/41 @ 4 =   0.036/, Out:   0.000#   0.000#   0.000f


 Total SPIN, PARITY =    39.0 -,      5 chs,      0 cc.  Rmin & Coul turning =    3.1   10.4
   S-matrix    1 =    1.00000   0.00003 for L=   38, J=   37.5 channel on core I =   1.5 from L=   38,  Acc. loss =  0.0 D.
 Elastic phase shift   1 =    0.001   0.000 deg. for the L =   38, J =   37.5 channel.
      39.0  0.99999615  0.00002947i: elastic S-matrix  @@      0.02  0   0 F  0
 Reaction Xsec    39.0-/38 @ 1 =   0.165/, Out:   0.000#   0.000#   0.000f

   S-matrix    2 =    1.00000   0.00003 for L=   38, J=   38.5 channel on core I =   1.5 from L=   38,  Acc. loss =  0.0 D.
 Elastic phase shift   2 =    0.001   0.000 deg. for the L =   38, J =   38.5 channel.
      39.0  0.99999615  0.00003301i: elastic S-matrix  @@      0.00  0   0 F  0
 Reaction Xsec    39.0-/38 @ 2 =   0.165/, Out:   0.000#   0.000#   0.000f

   S-matrix    3 =    1.00000   0.00001 for L=   40, J=   39.5 channel on core I =   1.5 from L=   40,  Acc. loss =  0.0 D.
 Elastic phase shift   3 =    0.000   0.000 deg. for the L =   40, J =   39.5 channel.
      39.0  0.99999860  0.00001291i: elastic S-matrix  @@      0.00  0   0 F  0
 Reaction Xsec    39.0-/40 @ 3 =   0.060/, Out:   0.000#   0.000#   0.000f

   S-matrix    4 =    1.00000   0.00001 for L=   40, J=   40.5 channel on core I =   1.5 from L=   40,  Acc. loss =  0.0 D.
 Elastic phase shift   4 =    0.000   0.000 deg. for the L =   40, J =   40.5 channel.
      39.0  0.99999860  0.00001420i: elastic S-matrix  @@      0.02  0   0 F  0
 Reaction Xsec    39.0-/40 @ 4 =   0.060/, Out:   0.000#   0.000#   0.000f


 Total SPIN, PARITY =    40.0 +,      5 chs,      0 cc.  Rmin & Coul turning =    3.2   10.6
   S-matrix    1 =    1.00000   0.00002 for L=   39, J=   38.5 channel on core I =   1.5 from L=   39,  Acc. loss =  0.0 D.
 Elastic phase shift   1 =    0.001   0.000 deg. for the L =   39, J =   38.5 channel.
      40.0  0.99999768  0.00001952i: elastic S-matrix  @@      0.00  0   0 F  0
 Reaction Xsec    40.0+/39 @ 1 =   0.102/, Out:   0.000#   0.000#   0.000f

   S-matrix    2 =    1.00000   0.00002 for L=   39, J=   39.5 channel on core I =   1.5 from L=   39,  Acc. loss =  0.0 D.
 Elastic phase shift   2 =    0.001   0.000 deg. for the L =   39, J =   39.5 channel.
      40.0  0.99999768  0.00002165i: elastic S-matrix  @@      0.02  0   0 F  0
 Reaction Xsec    40.0+/39 @ 2 =   0.102/, Out:   0.000#   0.000#   0.000f

   S-matrix    3 =    1.00000   0.00001 for L=   41, J=   40.5 channel on core I =   1.5 from L=   41,  Acc. loss =  0.0 D.
 Elastic phase shift   3 =    0.000   0.000 deg. for the L =   41, J =   40.5 channel.
      40.0  0.99999916  0.00000859i: elastic S-matrix  @@      0.00  0   0 F  0
 Reaction Xsec    40.0+/41 @ 3 =   0.037/, Out:   0.000#   0.000#   0.000f

   S-matrix    4 =    1.00000   0.00001 for L=   41, J=   41.5 channel on core I =   1.5 from L=   41,  Acc. loss =  0.0 D.
 Elastic phase shift   4 =    0.000   0.000 deg. for the L =   41, J =   41.5 channel.
      40.0  0.99999916  0.00000937i: elastic S-matrix  @@      0.00  0   0 F  0
 Reaction Xsec    40.0+/41 @ 4 =   0.037/, Out:   0.000#   0.000#   0.000f


 Total SPIN, PARITY =    40.0 -,      4 chs,      0 cc.  Rmin & Coul turning =    3.2   10.6
   S-matrix    1 =    1.00000   0.00003 for L=   38, J=   38.5 channel on core I =   1.5 from L=   38,  Acc. loss =  0.0 D.
 Elastic phase shift   1 =    0.001   0.000 deg. for the L =   38, J =   38.5 channel.
      40.0  0.99999615  0.00003301i: elastic S-matrix  @@      0.00  0   0 F  0
 Reaction Xsec    40.0-/38 @ 1 =   0.169/, Out:   0.000#   0.000#   0.000f

   S-matrix    2 =    1.00000   0.00001 for L=   40, J=   39.5 channel on core I =   1.5 from L=   40,  Acc. loss =  0.0 D.
 Elastic phase shift   2 =    0.000   0.000 deg. for the L =   40, J =   39.5 channel.
      40.0  0.99999860  0.00001291i: elastic S-matrix  @@      0.00  0   0 F  0
 Reaction Xsec    40.0-/40 @ 2 =   0.061/, Out:   0.000#   0.000#   0.000f

   S-matrix    3 =    1.00000   0.00001 for L=   40, J=   40.5 channel on core I =   1.5 from L=   40,  Acc. loss =  0.0 D.
 Elastic phase shift   3 =    0.000   0.000 deg. for the L =   40, J =   40.5 channel.
      40.0  0.99999860  0.00001420i: elastic S-matrix  @@      0.00  0   0 F  0
 Reaction Xsec    40.0-/40 @ 3 =   0.061/, Out:   0.000#   0.000#   0.000f

   S-matrix    4 =    1.00000   0.00001 for L=   42, J=   41.5 channel on core I =   1.5 from L=   42,  Acc. loss =  0.0 D.
 Elastic phase shift   4 =    0.000   0.000 deg. for the L =   42, J =   41.5 channel.
      40.0  0.99999949  0.00000572i: elastic S-matrix  @@      0.00  0   0 F  0
 Reaction Xsec    40.0-/42 @ 4 =   0.022/, Out:   0.000#   0.000#   0.000f


 Total SPIN, PARITY =    41.0 +,      4 chs,      0 cc.  Rmin & Coul turning =    3.2   10.9
   S-matrix    1 =    1.00000   0.00002 for L=   39, J=   39.5 channel on core I =   1.5 from L=   39,  Acc. loss =  0.0 D.
 Elastic phase shift   1 =    0.001   0.000 deg. for the L =   39, J =   39.5 channel.
      41.0  0.99999768  0.00002165i: elastic S-matrix  @@      0.00  0   0 F  0
 Reaction Xsec    41.0+/39 @ 1 =   0.104/, Out:   0.000#   0.000#   0.000f

   S-matrix    2 =    1.00000   0.00001 for L=   41, J=   40.5 channel on core I =   1.5 from L=   41,  Acc. loss =  0.0 D.
 Elastic phase shift   2 =    0.000   0.000 deg. for the L =   41, J =   40.5 channel.
      41.0  0.99999916  0.00000859i: elastic S-matrix  @@      0.00  0   0 F  0
 Reaction Xsec    41.0+/41 @ 2 =   0.038/, Out:   0.000#   0.000#   0.000f

   S-matrix    3 =    1.00000   0.00001 for L=   41, J=   41.5 channel on core I =   1.5 from L=   41,  Acc. loss =  0.0 D.
 Elastic phase shift   3 =    0.000   0.000 deg. for the L =   41, J =   41.5 channel.
      41.0  0.99999916  0.00000937i: elastic S-matrix  @@      0.00  0   0 F  0
 Reaction Xsec    41.0+/41 @ 3 =   0.038/, Out:   0.000#   0.000#   0.000f

   S-matrix    4 =    1.00000   0.00000 for L=   43, J=   42.5 channel on core I =   1.5 from L=   43,  Acc. loss =  0.0 D.
 Elastic phase shift   4 =    0.000   0.000 deg. for the L =   43, J =   42.5 channel.
      41.0  0.99999970  0.00000382i: elastic S-matrix  @@      0.00  0   0 F  0
 Reaction Xsec    41.0+/43 @ 4 =   0.014/, Out:   0.000#   0.000#   0.000f


 Total SPIN, PARITY =    41.0 -,      5 chs,      0 cc.  Rmin & Coul turning =    3.2   10.9
   S-matrix    1 =    1.00000   0.00001 for L=   40, J=   39.5 channel on core I =   1.5 from L=   40,  Acc. loss =  0.0 D.
 Elastic phase shift   1 =    0.000   0.000 deg. for the L =   40, J =   39.5 channel.
      41.0  0.99999860  0.00001291i: elastic S-matrix  @@      0.02  0   0 F  0
 Reaction Xsec    41.0-/40 @ 1 =   0.063/, Out:   0.000#   0.000#   0.000f

   S-matrix    2 =    1.00000   0.00001 for L=   40, J=   40.5 channel on core I =   1.5 from L=   40,  Acc. loss =  0.0 D.
 Elastic phase shift   2 =    0.000   0.000 deg. for the L =   40, J =   40.5 channel.
      41.0  0.99999860  0.00001420i: elastic S-matrix  @@      0.02  0   0 F  0
 Reaction Xsec    41.0-/40 @ 2 =   0.063/, Out:   0.000#   0.000#   0.000f

   S-matrix    3 =    1.00000   0.00001 for L=   42, J=   41.5 channel on core I =   1.5 from L=   42,  Acc. loss =  0.0 D.
 Elastic phase shift   3 =    0.000   0.000 deg. for the L =   42, J =   41.5 channel.
      41.0  0.99999949  0.00000572i: elastic S-matrix  @@      0.00  0   0 F  0
 Reaction Xsec    41.0-/42 @ 3 =   0.023/, Out:   0.000#   0.000#   0.000f

   S-matrix    4 =    1.00000   0.00001 for L=   42, J=   42.5 channel on core I =   1.5 from L=   42,  Acc. loss =  0.0 D.
 Elastic phase shift   4 =    0.000   0.000 deg. for the L =   42, J =   42.5 channel.
      41.0  0.99999949  0.00000618i: elastic S-matrix  @@      0.00  0   0 F  0
 Reaction Xsec    41.0-/42 @ 4 =   0.023/, Out:   0.000#   0.000#   0.000f


 Total SPIN, PARITY =    42.0 +,      5 chs,      0 cc.  Rmin & Coul turning =    3.4   11.2
   S-matrix    1 =    1.00000   0.00001 for L=   41, J=   40.5 channel on core I =   1.5 from L=   41,  Acc. loss =  0.0 D.
 Elastic phase shift   1 =    0.000   0.000 deg. for the L =   41, J =   40.5 channel.
      42.0  0.99999916  0.00000859i: elastic S-matrix  @@      0.02  0   0 F  0
 Reaction Xsec    42.0+/41 @ 1 =   0.039/, Out:   0.000#   0.000#   0.000f

   S-matrix    2 =    1.00000   0.00001 for L=   41, J=   41.5 channel on core I =   1.5 from L=   41,  Acc. loss =  0.0 D.
 Elastic phase shift   2 =    0.000   0.000 deg. for the L =   41, J =   41.5 channel.
      42.0  0.99999916  0.00000937i: elastic S-matrix  @@      0.00  0   0 F  0
 Reaction Xsec    42.0+/41 @ 2 =   0.039/, Out:   0.000#   0.000#   0.000f

   S-matrix    3 =    1.00000   0.00000 for L=   43, J=   42.5 channel on core I =   1.5 from L=   43,  Acc. loss =  0.0 D.
 Elastic phase shift   3 =    0.000   0.000 deg. for the L =   43, J =   42.5 channel.
      42.0  0.99999970  0.00000382i: elastic S-matrix  @@      0.02  0   0 F  0
 Reaction Xsec    42.0+/43 @ 3 =   0.014/, Out:   0.000#   0.000#   0.000f

   S-matrix    4 =    1.00000   0.00000 for L=   43, J=   43.5 channel on core I =   1.5 from L=   43,  Acc. loss =  0.0 D.
 Elastic phase shift   4 =    0.000   0.000 deg. for the L =   43, J =   43.5 channel.
      42.0  0.99999970  0.00000410i: elastic S-matrix  @@      0.00  0   0 F  0
 Reaction Xsec    42.0+/43 @ 4 =   0.014/, Out:   0.000#   0.000#   0.000f


 Total SPIN, PARITY =    42.0 -,      4 chs,      0 cc.  Rmin & Coul turning =    3.4   11.2
   S-matrix    1 =    1.00000   0.00001 for L=   40, J=   40.5 channel on core I =   1.5 from L=   40,  Acc. loss =  0.0 D.
 Elastic phase shift   1 =    0.000   0.000 deg. for the L =   40, J =   40.5 channel.
      42.0  0.99999860  0.00001420i: elastic S-matrix  @@      0.00  0   0 F  0
 Reaction Xsec    42.0-/40 @ 1 =   0.064/, Out:   0.000#   0.000#   0.000f

   S-matrix    2 =    1.00000   0.00001 for L=   42, J=   41.5 channel on core I =   1.5 from L=   42,  Acc. loss =  0.0 D.
 Elastic phase shift   2 =    0.000   0.000 deg. for the L =   42, J =   41.5 channel.
      42.0  0.99999949  0.00000572i: elastic S-matrix  @@      0.00  0   0 F  0
 Reaction Xsec    42.0-/42 @ 2 =   0.023/, Out:   0.000#   0.000#   0.000f

   S-matrix    3 =    1.00000   0.00001 for L=   42, J=   42.5 channel on core I =   1.5 from L=   42,  Acc. loss =  0.0 D.
 Elastic phase shift   3 =    0.000   0.000 deg. for the L =   42, J =   42.5 channel.
      42.0  0.99999949  0.00000618i: elastic S-matrix  @@      0.00  0   0 F  0
 Reaction Xsec    42.0-/42 @ 3 =   0.023/, Out:   0.000#   0.000#   0.000f

   S-matrix    4 =    1.00000   0.00000 for L=   44, J=   43.5 channel on core I =   1.5 from L=   44,  Acc. loss =  0.0 D.
 Elastic phase shift   4 =    0.000   0.000 deg. for the L =   44, J =   43.5 channel.
      42.0  0.99999982  0.00000260i: elastic S-matrix  @@      0.00  0   0 F  0
 Reaction Xsec    42.0-/44 @ 4 =   8.432#, Out:   0.000#   0.000#   0.000f


 Total SPIN, PARITY =    43.0 +,      4 chs,      0 cc.  Rmin & Coul turning =    3.4   11.4
   S-matrix    1 =    1.00000   0.00001 for L=   41, J=   41.5 channel on core I =   1.5 from L=   41,  Acc. loss =  0.0 D.
 Elastic phase shift   1 =    0.000   0.000 deg. for the L =   41, J =   41.5 channel.
      43.0  0.99999916  0.00000937i: elastic S-matrix  @@      0.00  0   0 F  0
 Reaction Xsec    43.0+/41 @ 1 =   0.040/, Out:   0.000#   0.000#   0.000f

   S-matrix    2 =    1.00000   0.00000 for L=   43, J=   42.5 channel on core I =   1.5 from L=   43,  Acc. loss =  0.0 D.
 Elastic phase shift   2 =    0.000   0.000 deg. for the L =   43, J =   42.5 channel.
      43.0  0.99999970  0.00000382i: elastic S-matrix  @@      0.00  0   0 F  0
 Reaction Xsec    43.0+/43 @ 2 =   0.014/, Out:   0.000#   0.000#   0.000f

   S-matrix    3 =    1.00000   0.00000 for L=   43, J=   43.5 channel on core I =   1.5 from L=   43,  Acc. loss =  0.0 D.
 Elastic phase shift   3 =    0.000   0.000 deg. for the L =   43, J =   43.5 channel.
      43.0  0.99999970  0.00000410i: elastic S-matrix  @@      0.00  0   0 F  0
 Reaction Xsec    43.0+/43 @ 3 =   0.014/, Out:   0.000#   0.000#   0.000f

   S-matrix    4 =    1.00000   0.00000 for L=   45, J=   44.5 channel on core I =   1.5 from L=   45,  Acc. loss =  0.0 D.
 Elastic phase shift   4 =    0.000   0.000 deg. for the L =   45, J =   44.5 channel.
      43.0  0.99999989  0.00000175i: elastic S-matrix  @@      0.00  0   0 F  0
 Reaction Xsec    43.0+/45 @ 4 =   5.190#, Out:   0.000#   0.000#   0.000f


 Total SPIN, PARITY =    43.0 -,      5 chs,      0 cc.  Rmin & Coul turning =    3.4   11.4
   S-matrix    1 =    1.00000   0.00001 for L=   42, J=   41.5 channel on core I =   1.5 from L=   42,  Acc. loss =  0.0 D.
 Elastic phase shift   1 =    0.000   0.000 deg. for the L =   42, J =   41.5 channel.
      43.0  0.99999949  0.00000572i: elastic S-matrix  @@      0.02  0   0 F  0
 Reaction Xsec    43.0-/42 @ 1 =   0.024/, Out:   0.000#   0.000#   0.000f

   S-matrix    2 =    1.00000   0.00001 for L=   42, J=   42.5 channel on core I =   1.5 from L=   42,  Acc. loss =  0.0 D.
 Elastic phase shift   2 =    0.000   0.000 deg. for the L =   42, J =   42.5 channel.
      43.0  0.99999949  0.00000618i: elastic S-matrix  @@      0.00  0   0 F  0
 Reaction Xsec    43.0-/42 @ 2 =   0.024/, Out:   0.000#   0.000#   0.000f

   S-matrix    3 =    1.00000   0.00000 for L=   44, J=   43.5 channel on core I =   1.5 from L=   44,  Acc. loss =  0.0 D.
 Elastic phase shift   3 =    0.000   0.000 deg. for the L =   44, J =   43.5 channel.
      43.0  0.99999982  0.00000260i: elastic S-matrix  @@      0.02  0   0 F  0
 Reaction Xsec    43.0-/44 @ 3 =   8.630#, Out:   0.000#   0.000#   0.000f

   S-matrix    4 =    1.00000   0.00000 for L=   44, J=   44.5 channel on core I =   1.5 from L=   44,  Acc. loss =  0.0 D.
 Elastic phase shift   4 =    0.000   0.000 deg. for the L =   44, J =   44.5 channel.
      43.0  0.99999982  0.00000277i: elastic S-matrix  @@      0.00  0   0 F  0
 Reaction Xsec    43.0-/44 @ 4 =   8.630#, Out:   0.000#   0.000#   0.000f


 Total SPIN, PARITY =    44.0 +,      5 chs,      0 cc.  Rmin & Coul turning =    3.5   11.7
   S-matrix    1 =    1.00000   0.00000 for L=   43, J=   42.5 channel on core I =   1.5 from L=   43,  Acc. loss =  0.0 D.
 Elastic phase shift   1 =    0.000   0.000 deg. for the L =   43, J =   42.5 channel.
      44.0  0.99999970  0.00000382i: elastic S-matrix  @@      0.02  0   0 F  0
 Reaction Xsec    44.0+/43 @ 1 =   0.015/, Out:   0.000#   0.000#   0.000f

   S-matrix    2 =    1.00000   0.00000 for L=   43, J=   43.5 channel on core I =   1.5 from L=   43,  Acc. loss =  0.0 D.
 Elastic phase shift   2 =    0.000   0.000 deg. for the L =   43, J =   43.5 channel.
      44.0  0.99999970  0.00000410i: elastic S-matrix  @@      0.02  0   0 F  0
 Reaction Xsec    44.0+/43 @ 2 =   0.015/, Out:   0.000#   0.000#   0.000f

   S-matrix    3 =    1.00000   0.00000 for L=   45, J=   44.5 channel on core I =   1.5 from L=   45,  Acc. loss =  0.0 D.
 Elastic phase shift   3 =    0.000   0.000 deg. for the L =   45, J =   44.5 channel.
      44.0  0.99999989  0.00000175i: elastic S-matrix  @@      0.00  0   0 F  0
 Reaction Xsec    44.0+/45 @ 3 =   5.310#, Out:   0.000#   0.000#   0.000f

   S-matrix    4 =    1.00000   0.00000 for L=   45, J=   45.5 channel on core I =   1.5 from L=   45,  Acc. loss =  0.0 D.
 Elastic phase shift   4 =    0.000   0.000 deg. for the L =   45, J =   45.5 channel.
      44.0  0.99999989  0.00000185i: elastic S-matrix  @@      0.00  0   0 F  0
 Reaction Xsec    44.0+/45 @ 4 =   5.310#, Out:   0.000#   0.000#   0.000f


 Total SPIN, PARITY =    44.0 -,      4 chs,      0 cc.  Rmin & Coul turning =    3.5   11.7
   S-matrix    1 =    1.00000   0.00001 for L=   42, J=   42.5 channel on core I =   1.5 from L=   42,  Acc. loss =  0.0 D.
 Elastic phase shift   1 =    0.000   0.000 deg. for the L =   42, J =   42.5 channel.
      44.0  0.99999949  0.00000618i: elastic S-matrix  @@      0.00  0   0 F  0
 Reaction Xsec    44.0-/42 @ 1 =   0.024/, Out:   0.000#   0.000#   0.000f

   S-matrix    2 =    1.00000   0.00000 for L=   44, J=   43.5 channel on core I =   1.5 from L=   44,  Acc. loss =  0.0 D.
 Elastic phase shift   2 =    0.000   0.000 deg. for the L =   44, J =   43.5 channel.
      44.0  0.99999982  0.00000260i: elastic S-matrix  @@      0.00  0   0 F  0
 Reaction Xsec    44.0-/44 @ 2 =   8.829#, Out:   0.000#   0.000#   0.000f

   S-matrix    3 =    1.00000   0.00000 for L=   44, J=   44.5 channel on core I =   1.5 from L=   44,  Acc. loss =  0.0 D.
 Elastic phase shift   3 =    0.000   0.000 deg. for the L =   44, J =   44.5 channel.
      44.0  0.99999982  0.00000277i: elastic S-matrix  @@      0.00  0   0 F  0
 Reaction Xsec    44.0-/44 @ 3 =   8.829#, Out:   0.000#   0.000#   0.000f

   S-matrix    4 =    1.00000   0.00000 for L=   46, J=   45.5 channel on core I =   1.5 from L=   46,  Acc. loss =  0.0 D.
 Elastic phase shift   4 =    0.000   0.000 deg. for the L =   46, J =   45.5 channel.
      44.0  0.99999993  0.00000122i: elastic S-matrix  @@      0.00  0   0 F  0
 Reaction Xsec    44.0-/46 @ 4 =   3.193#, Out:   0.000#   0.000#   0.000f


 Total SPIN, PARITY =    45.0 +,      4 chs,      0 cc.  Rmin & Coul turning =    3.6   12.0
   S-matrix    1 =    1.00000   0.00000 for L=   43, J=   43.5 channel on core I =   1.5 from L=   43,  Acc. loss =  0.0 D.
 Elastic phase shift   1 =    0.000   0.000 deg. for the L =   43, J =   43.5 channel.
      45.0  0.99999970  0.00000410i: elastic S-matrix  @@      0.00  0   0 F  0
 Reaction Xsec    45.0+/43 @ 1 =   0.015/, Out:   0.000#   0.000#   0.000f

   S-matrix    2 =    1.00000   0.00000 for L=   45, J=   44.5 channel on core I =   1.5 from L=   45,  Acc. loss =  0.0 D.
 Elastic phase shift   2 =    0.000   0.000 deg. for the L =   45, J =   44.5 channel.
      45.0  0.99999989  0.00000175i: elastic S-matrix  @@      0.00  0   0 F  0
 Reaction Xsec    45.0+/45 @ 2 =   5.429#, Out:   0.000#   0.000#   0.000f

   S-matrix    3 =    1.00000   0.00000 for L=   45, J=   45.5 channel on core I =   1.5 from L=   45,  Acc. loss =  0.0 D.
 Elastic phase shift   3 =    0.000   0.000 deg. for the L =   45, J =   45.5 channel.
      45.0  0.99999989  0.00000185i: elastic S-matrix  @@      0.00  0   0 F  0
 Reaction Xsec    45.0+/45 @ 3 =   5.429#, Out:   0.000#   0.000#   0.000f

   S-matrix    4 =    1.00000   0.00000 for L=   47, J=   46.5 channel on core I =   1.5 from L=   47,  Acc. loss =  0.0 D.
 Elastic phase shift   4 =    0.000   0.000 deg. for the L =   47, J =   46.5 channel.
      45.0  0.99999996  0.00000087i: elastic S-matrix  @@      0.00  0   0 F  0
 Reaction Xsec    45.0+/47 @ 4 =   1.962#, Out:   0.000#   0.000#   0.000f


 Total SPIN, PARITY =    45.0 -,      5 chs,      0 cc.  Rmin & Coul turning =    3.6   12.0
   S-matrix    1 =    1.00000   0.00000 for L=   44, J=   43.5 channel on core I =   1.5 from L=   44,  Acc. loss =  0.0 D.
 Elastic phase shift   1 =    0.000   0.000 deg. for the L =   44, J =   43.5 channel.
      45.0  0.99999982  0.00000260i: elastic S-matrix  @@      0.02  0   0 F  0
 Reaction Xsec    45.0-/44 @ 1 =   9.027#, Out:   0.000#   0.000#   0.000f

   S-matrix    2 =    1.00000   0.00000 for L=   44, J=   44.5 channel on core I =   1.5 from L=   44,  Acc. loss =  0.0 D.
 Elastic phase shift   2 =    0.000   0.000 deg. for the L =   44, J =   44.5 channel.
      45.0  0.99999982  0.00000277i: elastic S-matrix  @@      0.00  0   0 F  0
 Reaction Xsec    45.0-/44 @ 2 =   9.027#, Out:   0.000#   0.000#   0.000f

   S-matrix    3 =    1.00000   0.00000 for L=   46, J=   45.5 channel on core I =   1.5 from L=   46,  Acc. loss =  0.0 D.
 Elastic phase shift   3 =    0.000   0.000 deg. for the L =   46, J =   45.5 channel.
      45.0  0.99999993  0.00000122i: elastic S-matrix  @@      0.02  0   0 F  0
 Reaction Xsec    45.0-/46 @ 3 =   3.264#, Out:   0.000#   0.000#   0.000f

   S-matrix    4 =    1.00000   0.00000 for L=   46, J=   46.5 channel on core I =   1.5 from L=   46,  Acc. loss =  0.0 D.
 Elastic phase shift   4 =    0.000   0.000 deg. for the L =   46, J =   46.5 channel.
      45.0  0.99999993  0.00000128i: elastic S-matrix  @@      0.00  0   0 F  0
 Reaction Xsec    45.0-/46 @ 4 =   3.264#, Out:   0.000#   0.000#   0.000f


 Total SPIN, PARITY =    46.0 +,      5 chs,      0 cc.  Rmin & Coul turning =    3.7   12.2
   S-matrix    1 =    1.00000   0.00000 for L=   45, J=   44.5 channel on core I =   1.5 from L=   45,  Acc. loss =  0.0 D.
 Elastic phase shift   1 =    0.000   0.000 deg. for the L =   45, J =   44.5 channel.
      46.0  0.99999989  0.00000175i: elastic S-matrix  @@      0.02  0   0 F  0
 Reaction Xsec    46.0+/45 @ 1 =   5.548#, Out:   0.000#   0.000#   0.000f

   S-matrix    2 =    1.00000   0.00000 for L=   45, J=   45.5 channel on core I =   1.5 from L=   45,  Acc. loss =  0.0 D.
 Elastic phase shift   2 =    0.000   0.000 deg. for the L =   45, J =   45.5 channel.
      46.0  0.99999989  0.00000185i: elastic S-matrix  @@      0.00  0   0 F  0
 Reaction Xsec    46.0+/45 @ 2 =   5.548#, Out:   0.000#   0.000#   0.000f

   S-matrix    3 =    1.00000   0.00000 for L=   47, J=   46.5 channel on core I =   1.5 from L=   47,  Acc. loss =  0.0 D.
 Elastic phase shift   3 =    0.000   0.000 deg. for the L =   47, J =   46.5 channel.
      46.0  0.99999996  0.00000087i: elastic S-matrix  @@      0.02  0   0 F  0
 Reaction Xsec    46.0+/47 @ 3 =   2.005#, Out:   0.000#   0.000#   0.000f

   S-matrix    4 =    1.00000   0.00000 for L=   47, J=   47.5 channel on core I =   1.5 from L=   47,  Acc. loss =  0.0 D.
 Elastic phase shift   4 =    0.000   0.000 deg. for the L =   47, J =   47.5 channel.
      46.0  0.99999996  0.00000091i: elastic S-matrix  @@      0.00  0   0 F  0
 Reaction Xsec    46.0+/47 @ 4 =   2.005#, Out:   0.000#   0.000#   0.000f


 Total SPIN, PARITY =    46.0 -,      4 chs,      0 cc.  Rmin & Coul turning =    3.7   12.2
   S-matrix    1 =    1.00000   0.00000 for L=   44, J=   44.5 channel on core I =   1.5 from L=   44,  Acc. loss =  0.0 D.
 Elastic phase shift   1 =    0.000   0.000 deg. for the L =   44, J =   44.5 channel.
      46.0  0.99999982  0.00000277i: elastic S-matrix  @@      0.00  0   0 F  0
 Reaction Xsec    46.0-/44 @ 1 =   9.226#, Out:   0.000#   0.000#   0.000f

   S-matrix    2 =    1.00000   0.00000 for L=   46, J=   45.5 channel on core I =   1.5 from L=   46,  Acc. loss =  0.0 D.
 Elastic phase shift   2 =    0.000   0.000 deg. for the L =   46, J =   45.5 channel.
      46.0  0.99999993  0.00000122i: elastic S-matrix  @@      0.00  0   0 F  0
 Reaction Xsec    46.0-/46 @ 2 =   3.336#, Out:   0.000#   0.000#   0.000f

   S-matrix    3 =    1.00000   0.00000 for L=   46, J=   46.5 channel on core I =   1.5 from L=   46,  Acc. loss =  0.0 D.
 Elastic phase shift   3 =    0.000   0.000 deg. for the L =   46, J =   46.5 channel.
      46.0  0.99999993  0.00000128i: elastic S-matrix  @@      0.00  0   0 F  0
 Reaction Xsec    46.0-/46 @ 3 =   3.336#, Out:   0.000#   0.000#   0.000f

   S-matrix    4 =    1.00000   0.00000 for L=   48, J=   47.5 channel on core I =   1.5 from L=   48,  Acc. loss =  0.0 D.
 Elastic phase shift   4 =    0.000   0.000 deg. for the L =   48, J =   47.5 channel.
      46.0  0.99999998  0.00000060i: elastic S-matrix  @@      0.00  0   0 F  0
 Reaction Xsec    46.0-/48 @ 4 =   1.205#, Out:   0.000#   0.000#   0.000f


 Total SPIN, PARITY =    47.0 +,      4 chs,      0 cc.  Rmin & Coul turning =    3.8   12.5
   S-matrix    1 =    1.00000   0.00000 for L=   45, J=   45.5 channel on core I =   1.5 from L=   45,  Acc. loss =  0.0 D.
 Elastic phase shift   1 =    0.000   0.000 deg. for the L =   45, J =   45.5 channel.
      47.0  0.99999989  0.00000185i: elastic S-matrix  @@      0.00  0   0 F  0
 Reaction Xsec    47.0+/45 @ 1 =   5.668#, Out:   0.000#   0.000#   0.000f

   S-matrix    2 =    1.00000   0.00000 for L=   47, J=   46.5 channel on core I =   1.5 from L=   47,  Acc. loss =  0.0 D.
 Elastic phase shift   2 =    0.000   0.000 deg. for the L =   47, J =   46.5 channel.
      47.0  0.99999996  0.00000087i: elastic S-matrix  @@      0.00  0   0 F  0
 Reaction Xsec    47.0+/47 @ 2 =   2.049#, Out:   0.000#   0.000#   0.000f

   S-matrix    3 =    1.00000   0.00000 for L=   47, J=   47.5 channel on core I =   1.5 from L=   47,  Acc. loss =  0.0 D.
 Elastic phase shift   3 =    0.000   0.000 deg. for the L =   47, J =   47.5 channel.
      47.0  0.99999996  0.00000091i: elastic S-matrix  @@      0.00  0   0 F  0
 Reaction Xsec    47.0+/47 @ 3 =   2.049#, Out:   0.000#   0.000#   0.000f

   S-matrix    4 =    1.00000   0.00000 for L=   49, J=   48.5 channel on core I =   1.5 from L=   49,  Acc. loss =  0.0 D.
 Elastic phase shift   4 =    0.000   0.000 deg. for the L =   49, J =   48.5 channel.
      47.0  0.99999999  0.00000047i: elastic S-matrix  @@      0.00  0   0 F  0
 Reaction Xsec    47.0+/49 @ 4 =   0.740#, Out:   0.000#   0.000#   0.000f


 Total SPIN, PARITY =    47.0 -,      5 chs,      0 cc.  Rmin & Coul turning =    3.8   12.5
   S-matrix    1 =    1.00000   0.00000 for L=   46, J=   45.5 channel on core I =   1.5 from L=   46,  Acc. loss =  0.0 D.
 Elastic phase shift   1 =    0.000   0.000 deg. for the L =   46, J =   45.5 channel.
      47.0  0.99999993  0.00000122i: elastic S-matrix  @@      0.02  0   0 F  0
 Reaction Xsec    47.0-/46 @ 1 =   3.408#, Out:   0.000#   0.000#   0.000f

   S-matrix    2 =    1.00000   0.00000 for L=   46, J=   46.5 channel on core I =   1.5 from L=   46,  Acc. loss =  0.0 D.
 Elastic phase shift   2 =    0.000   0.000 deg. for the L =   46, J =   46.5 channel.
      47.0  0.99999993  0.00000128i: elastic S-matrix  @@      0.00  0   0 F  0
 Reaction Xsec    47.0-/46 @ 2 =   3.408#, Out:   0.000#   0.000#   0.000f

   S-matrix    3 =    1.00000   0.00000 for L=   48, J=   47.5 channel on core I =   1.5 from L=   48,  Acc. loss =  0.0 D.
 Elastic phase shift   3 =    0.000   0.000 deg. for the L =   48, J =   47.5 channel.
      47.0  0.99999998  0.00000060i: elastic S-matrix  @@      0.02  0   0 F  0
 Reaction Xsec    47.0-/48 @ 3 =   1.231#, Out:   0.000#   0.000#   0.000f

   S-matrix    4 =    1.00000   0.00000 for L=   48, J=   48.5 channel on core I =   1.5 from L=   48,  Acc. loss =  0.0 D.
 Elastic phase shift   4 =    0.000   0.000 deg. for the L =   48, J =   48.5 channel.
      47.0  0.99999998  0.00000062i: elastic S-matrix  @@      0.00  0   0 F  0
 Reaction Xsec    47.0-/48 @ 4 =   1.231#, Out:   0.000#   0.000#   0.000f


 Total SPIN, PARITY =    48.0 +,      5 chs,      0 cc.  Rmin & Coul turning =    3.8   12.7
   S-matrix    1 =    1.00000   0.00000 for L=   47, J=   46.5 channel on core I =   1.5 from L=   47,  Acc. loss =  0.0 D.
 Elastic phase shift   1 =    0.000   0.000 deg. for the L =   47, J =   46.5 channel.
      48.0  0.99999996  0.00000087i: elastic S-matrix  @@      0.02  0   0 F  0
 Reaction Xsec    48.0+/47 @ 1 =   2.092#, Out:   0.000#   0.000#   0.000f

   S-matrix    2 =    1.00000   0.00000 for L=   47, J=   47.5 channel on core I =   1.5 from L=   47,  Acc. loss =  0.0 D.
 Elastic phase shift   2 =    0.000   0.000 deg. for the L =   47, J =   47.5 channel.
      48.0  0.99999996  0.00000091i: elastic S-matrix  @@      0.00  0   0 F  0
 Reaction Xsec    48.0+/47 @ 2 =   2.092#, Out:   0.000#   0.000#   0.000f

   S-matrix    3 =    1.00000   0.00000 for L=   49, J=   48.5 channel on core I =   1.5 from L=   49,  Acc. loss =  0.0 D.
 Elastic phase shift   3 =    0.000   0.000 deg. for the L =   49, J =   48.5 channel.
      48.0  0.99999999  0.00000047i: elastic S-matrix  @@      0.00  0   0 F  0
 Reaction Xsec    48.0+/49 @ 3 =   0.755#, Out:   0.000#   0.000#   0.000f

   S-matrix    4 =    1.00000   0.00000 for L=   49, J=   49.5 channel on core I =   1.5 from L=   49,  Acc. loss =  0.0 D.
 Elastic phase shift   4 =    0.000   0.000 deg. for the L =   49, J =   49.5 channel.
      48.0  0.99999999  0.00000048i: elastic S-matrix  @@      0.02  0   0 F  0
 Reaction Xsec    48.0+/49 @ 4 =   0.755#, Out:   0.000#   0.000#   0.000f


 Total SPIN, PARITY =    48.0 -,      4 chs,      0 cc.  Rmin & Coul turning =    3.8   12.7
   S-matrix    1 =    1.00000   0.00000 for L=   46, J=   46.5 channel on core I =   1.5 from L=   46,  Acc. loss =  0.0 D.
 Elastic phase shift   1 =    0.000   0.000 deg. for the L =   46, J =   46.5 channel.
      48.0  0.99999993  0.00000128i: elastic S-matrix  @@      0.00  0   0 F  0
 Reaction Xsec    48.0-/46 @ 1 =   3.480#, Out:   0.000#   0.000#   0.000f

   S-matrix    2 =    1.00000   0.00000 for L=   48, J=   47.5 channel on core I =   1.5 from L=   48,  Acc. loss =  0.0 D.
 Elastic phase shift   2 =    0.000   0.000 deg. for the L =   48, J =   47.5 channel.
      48.0  0.99999998  0.00000060i: elastic S-matrix  @@      0.00  0   0 F  0
 Reaction Xsec    48.0-/48 @ 2 =   1.257#, Out:   0.000#   0.000#   0.000f

   S-matrix    3 =    1.00000   0.00000 for L=   48, J=   48.5 channel on core I =   1.5 from L=   48,  Acc. loss =  0.0 D.
 Elastic phase shift   3 =    0.000   0.000 deg. for the L =   48, J =   48.5 channel.
      48.0  0.99999998  0.00000062i: elastic S-matrix  @@      0.00  0   0 F  0
 Reaction Xsec    48.0-/48 @ 3 =   1.257#, Out:   0.000#   0.000#   0.000f

   S-matrix    4 =    1.00000   0.00000 for L=   50, J=   49.5 channel on core I =   1.5 from L=   50,  Acc. loss =  0.0 D.
 Elastic phase shift   4 =    0.000   0.000 deg. for the L =   50, J =   49.5 channel.
      48.0  0.99999999  0.00000036i: elastic S-matrix  @@      0.00  0   0 F  0
 Reaction Xsec    48.0-/50 @ 4 =   0.454#, Out:   0.000#   0.000#   0.000f


 Total SPIN, PARITY =    49.0 +,      4 chs,      0 cc.  Rmin & Coul turning =    3.9   13.0
   S-matrix    1 =    1.00000   0.00000 for L=   47, J=   47.5 channel on core I =   1.5 from L=   47,  Acc. loss =  0.0 D.
 Elastic phase shift   1 =    0.000   0.000 deg. for the L =   47, J =   47.5 channel.
      49.0  0.99999996  0.00000091i: elastic S-matrix  @@      0.00  0   0 F  0
 Reaction Xsec    49.0+/47 @ 1 =   2.135#, Out:   0.000#   0.000#   0.000f

   S-matrix    2 =    1.00000   0.00000 for L=   49, J=   48.5 channel on core I =   1.5 from L=   49,  Acc. loss =  0.0 D.
 Elastic phase shift   2 =    0.000   0.000 deg. for the L =   49, J =   48.5 channel.
      49.0  0.99999999  0.00000047i: elastic S-matrix  @@      0.00  0   0 F  0
 Reaction Xsec    49.0+/49 @ 2 =   0.771#, Out:   0.000#   0.000#   0.000f

   S-matrix    3 =    1.00000   0.00000 for L=   49, J=   49.5 channel on core I =   1.5 from L=   49,  Acc. loss =  0.0 D.
 Elastic phase shift   3 =    0.000   0.000 deg. for the L =   49, J =   49.5 channel.
      49.0  0.99999999  0.00000048i: elastic S-matrix  @@      0.00  0   0 F  0
 Reaction Xsec    49.0+/49 @ 3 =   0.771#, Out:   0.000#   0.000#   0.000f

   S-matrix    4 =    1.00000   0.00000 for L=   51, J=   50.5 channel on core I =   1.5 from L=   51,  Acc. loss =  0.0 D.
 Elastic phase shift   4 =    0.000   0.000 deg. for the L =   51, J =   50.5 channel.
      49.0  0.99999999  0.00000026i: elastic S-matrix  @@      0.00  0   0 F  0
 Reaction Xsec    49.0+/51 @ 4 =   0.278#, Out:   0.000#   0.000#   0.000f


 Total SPIN, PARITY =    49.0 -,      5 chs,      0 cc.  Rmin & Coul turning =    3.9   13.0
   S-matrix    1 =    1.00000   0.00000 for L=   48, J=   47.5 channel on core I =   1.5 from L=   48,  Acc. loss =  0.0 D.
 Elastic phase shift   1 =    0.000   0.000 deg. for the L =   48, J =   47.5 channel.
      49.0  0.99999998  0.00000060i: elastic S-matrix  @@      0.02  0   0 F  0
 Reaction Xsec    49.0-/48 @ 1 =   1.283#, Out:   0.000#   0.000#   0.000f

   S-matrix    2 =    1.00000   0.00000 for L=   48, J=   48.5 channel on core I =   1.5 from L=   48,  Acc. loss =  0.0 D.
 Elastic phase shift   2 =    0.000   0.000 deg. for the L =   48, J =   48.5 channel.
      49.0  0.99999998  0.00000062i: elastic S-matrix  @@      0.00  0   0 F  0
 Reaction Xsec    49.0-/48 @ 2 =   1.283#, Out:   0.000#   0.000#   0.000f

   S-matrix    3 =    1.00000   0.00000 for L=   50, J=   49.5 channel on core I =   1.5 from L=   50,  Acc. loss =  0.0 D.
 Elastic phase shift   3 =    0.000   0.000 deg. for the L =   50, J =   49.5 channel.
      49.0  0.99999999  0.00000036i: elastic S-matrix  @@      0.00  0   0 F  0
 Reaction Xsec    49.0-/50 @ 3 =   0.463#, Out:   0.000#   0.000#   0.000f

   S-matrix    4 =    1.00000   0.00000 for L=   50, J=   50.5 channel on core I =   1.5 from L=   50,  Acc. loss =  0.0 D.
 Elastic phase shift   4 =    0.000   0.000 deg. for the L =   50, J =   50.5 channel.
      49.0  0.99999999  0.00000037i: elastic S-matrix  @@      0.02  0   0 F  0
 Reaction Xsec    49.0-/50 @ 4 =   0.463#, Out:   0.000#   0.000#   0.000f


 Total SPIN, PARITY =    50.0 +,      5 chs,      0 cc.  Rmin & Coul turning =    4.0   13.3
   S-matrix    1 =    1.00000   0.00000 for L=   49, J=   48.5 channel on core I =   1.5 from L=   49,  Acc. loss =  0.0 D.
 Elastic phase shift   1 =    0.000   0.000 deg. for the L =   49, J =   48.5 channel.
      50.0  0.99999999  0.00000047i: elastic S-matrix  @@      0.00  0   0 F  0
 Reaction Xsec    50.0+/49 @ 1 =   0.787#, Out:   0.000#   0.000#   0.000f

   S-matrix    2 =    1.00000   0.00000 for L=   49, J=   49.5 channel on core I =   1.5 from L=   49,  Acc. loss =  0.0 D.
 Elastic phase shift   2 =    0.000   0.000 deg. for the L =   49, J =   49.5 channel.
      50.0  0.99999999  0.00000048i: elastic S-matrix  @@      0.02  0   0 F  0
 Reaction Xsec    50.0+/49 @ 2 =   0.787#, Out:   0.000#   0.000#   0.000f

   S-matrix    3 =    1.00000   0.00000 for L=   51, J=   50.5 channel on core I =   1.5 from L=   51,  Acc. loss =  0.0 D.
 Elastic phase shift   3 =    0.000   0.000 deg. for the L =   51, J =   50.5 channel.
      50.0  0.99999999  0.00000026i: elastic S-matrix  @@      0.00  0   0 F  0
 Reaction Xsec    50.0+/51 @ 3 =   0.284#, Out:   0.000#   0.000#   0.000f

   S-matrix    4 =    1.00000   0.00000 for L=   51, J=   51.5 channel on core I =   1.5 from L=   51,  Acc. loss =  0.0 D.
 Elastic phase shift   4 =    0.000   0.000 deg. for the L =   51, J =   51.5 channel.
      50.0  0.99999999  0.00000027i: elastic S-matrix  @@      0.00  0   0 F  0
 Reaction Xsec    50.0+/51 @ 4 =   0.284#, Out:   0.000#   0.000#   0.000f


 Total SPIN, PARITY =    50.0 -,      4 chs,      0 cc.  Rmin & Coul turning =    4.0   13.3
   S-matrix    1 =    1.00000   0.00000 for L=   48, J=   48.5 channel on core I =   1.5 from L=   48,  Acc. loss =  0.0 D.
 Elastic phase shift   1 =    0.000   0.000 deg. for the L =   48, J =   48.5 channel.
      50.0  0.99999998  0.00000062i: elastic S-matrix  @@      0.00  0   0 F  0
 Reaction Xsec    50.0-/48 @ 1 =   1.309#, Out:   0.000#   0.000#   0.000f

   S-matrix    2 =    1.00000   0.00000 for L=   50, J=   49.5 channel on core I =   1.5 from L=   50,  Acc. loss =  0.0 D.
 Elastic phase shift   2 =    0.000   0.000 deg. for the L =   50, J =   49.5 channel.
      50.0  0.99999999  0.00000036i: elastic S-matrix  @@      0.00  0   0 F  0
 Reaction Xsec    50.0-/50 @ 2 =   0.473#, Out:   0.000#   0.000#   0.000f

   S-matrix    3 =    1.00000   0.00000 for L=   50, J=   50.5 channel on core I =   1.5 from L=   50,  Acc. loss =  0.0 D.
 Elastic phase shift   3 =    0.000   0.000 deg. for the L =   50, J =   50.5 channel.
      50.0  0.99999999  0.00000037i: elastic S-matrix  @@      0.00  0   0 F  0
 Reaction Xsec    50.0-/50 @ 3 =   0.473#, Out:   0.000#   0.000#   0.000f

   S-matrix    4 =    1.00000   0.00000 for L=   52, J=   51.5 channel on core I =   1.5 from L=   52,  Acc. loss =  0.0 D.
 Elastic phase shift   4 =    0.000   0.000 deg. for the L =   52, J =   51.5 channel.
      50.0  1.00000000  0.00000025i: elastic S-matrix  @@      0.00  0   0 F  0
 Reaction Xsec    50.0-/52 @ 4 =   0.170#, Out:   0.000#   0.000#   0.000f


 Total SPIN, PARITY =    51.0 +,      4 chs,      0 cc.  Rmin & Coul turning =    4.0   13.5
   S-matrix    1 =    1.00000   0.00000 for L=   49, J=   49.5 channel on core I =   1.5 from L=   49,  Acc. loss =  0.0 D.
 Elastic phase shift   1 =    0.000   0.000 deg. for the L =   49, J =   49.5 channel.
      51.0  0.99999999  0.00000048i: elastic S-matrix  @@      0.00  0   0 F  0
 Reaction Xsec    51.0+/49 @ 1 =   0.802#, Out:   0.000#   0.000#   0.000f

   S-matrix    2 =    1.00000   0.00000 for L=   51, J=   50.5 channel on core I =   1.5 from L=   51,  Acc. loss =  0.0 D.
 Elastic phase shift   2 =    0.000   0.000 deg. for the L =   51, J =   50.5 channel.
      51.0  0.99999999  0.00000026i: elastic S-matrix  @@      0.00  0   0 F  0
 Reaction Xsec    51.0+/51 @ 2 =   0.289#, Out:   0.000#   0.000#   0.000f

   S-matrix    3 =    1.00000   0.00000 for L=   51, J=   51.5 channel on core I =   1.5 from L=   51,  Acc. loss =  0.0 D.
 Elastic phase shift   3 =    0.000   0.000 deg. for the L =   51, J =   51.5 channel.
      51.0  0.99999999  0.00000027i: elastic S-matrix  @@      0.00  0   0 F  0
 Reaction Xsec    51.0+/51 @ 3 =   0.289#, Out:   0.000#   0.000#   0.000f

   S-matrix    4 =    1.00000   0.00000 for L=   53, J=   52.5 channel on core I =   1.5 from L=   53,  Acc. loss =  0.0 D.
 Elastic phase shift   4 =    0.000   0.000 deg. for the L =   53, J =   52.5 channel.
      51.0  1.00000000  0.00000020i: elastic S-matrix  @@      0.00  0   0 F  0
 Reaction Xsec    51.0+/53 @ 4 =   0.104#, Out:   0.000#   0.000#   0.000f


 Total SPIN, PARITY =    51.0 -,      5 chs,      0 cc.  Rmin & Coul turning =    4.0   13.5
   S-matrix    1 =    1.00000   0.00000 for L=   50, J=   49.5 channel on core I =   1.5 from L=   50,  Acc. loss =  0.0 D.
 Elastic phase shift   1 =    0.000   0.000 deg. for the L =   50, J =   49.5 channel.
      51.0  0.99999999  0.00000036i: elastic S-matrix  @@      0.02  0   0 F  0
 Reaction Xsec    51.0-/50 @ 1 =   0.482#, Out:   0.000#   0.000#   0.000f

   S-matrix    2 =    1.00000   0.00000 for L=   50, J=   50.5 channel on core I =   1.5 from L=   50,  Acc. loss =  0.0 D.
 Elastic phase shift   2 =    0.000   0.000 deg. for the L =   50, J =   50.5 channel.
      51.0  0.99999999  0.00000037i: elastic S-matrix  @@      0.02  0   0 F  0
 Reaction Xsec    51.0-/50 @ 2 =   0.482#, Out:   0.000#   0.000#   0.000f

   S-matrix    3 =    1.00000   0.00000 for L=   52, J=   51.5 channel on core I =   1.5 from L=   52,  Acc. loss =  0.0 D.
 Elastic phase shift   3 =    0.000   0.000 deg. for the L =   52, J =   51.5 channel.
      51.0  1.00000000  0.00000025i: elastic S-matrix  @@      0.00  0   0 F  0
 Reaction Xsec    51.0-/52 @ 3 =   0.174#, Out:   0.000#   0.000#   0.000f

   S-matrix    4 =    1.00000   0.00000 for L=   52, J=   52.5 channel on core I =   1.5 from L=   52,  Acc. loss =  0.0 D.
 Elastic phase shift   4 =    0.000   0.000 deg. for the L =   52, J =   52.5 channel.
      51.0  1.00000000  0.00000025i: elastic S-matrix  @@      0.00  0   0 F  0
 Reaction Xsec    51.0-/52 @ 4 =   0.174#, Out:   0.000#   0.000#   0.000f


 Total SPIN, PARITY =    52.0 +,      5 chs,      0 cc.  Rmin & Coul turning =    4.2   13.8
   S-matrix    1 =    1.00000   0.00000 for L=   51, J=   50.5 channel on core I =   1.5 from L=   51,  Acc. loss =  0.0 D.
 Elastic phase shift   1 =    0.000   0.000 deg. for the L =   51, J =   50.5 channel.
      52.0  0.99999999  0.00000026i: elastic S-matrix  @@      0.02  0   0 F  0
 Reaction Xsec    52.0+/51 @ 1 =   0.295#, Out:   0.000#   0.000#   0.000f

   S-matrix    2 =    1.00000   0.00000 for L=   51, J=   51.5 channel on core I =   1.5 from L=   51,  Acc. loss =  0.0 D.
 Elastic phase shift   2 =    0.000   0.000 deg. for the L =   51, J =   51.5 channel.
      52.0  0.99999999  0.00000027i: elastic S-matrix  @@      0.02  0   0 F  0
 Reaction Xsec    52.0+/51 @ 2 =   0.295#, Out:   0.000#   0.000#   0.000f

   S-matrix    3 =    1.00000   0.00000 for L=   53, J=   52.5 channel on core I =   1.5 from L=   53,  Acc. loss =  0.0 D.
 Elastic phase shift   3 =    0.000   0.000 deg. for the L =   53, J =   52.5 channel.
      52.0  1.00000000  0.00000020i: elastic S-matrix  @@      0.00  0   0 F  0
 Reaction Xsec    52.0+/53 @ 3 =   0.106#, Out:   0.000#   0.000#   0.000f

   S-matrix    4 =    1.00000   0.00000 for L=   53, J=   53.5 channel on core I =   1.5 from L=   53,  Acc. loss =  0.0 D.
 Elastic phase shift   4 =    0.000   0.000 deg. for the L =   53, J =   53.5 channel.
      52.0  1.00000000  0.00000020i: elastic S-matrix  @@      0.00  0   0 F  0
 Reaction Xsec    52.0+/53 @ 4 =   0.106#, Out:   0.000#   0.000#   0.000f


 Total SPIN, PARITY =    52.0 -,      4 chs,      0 cc.  Rmin & Coul turning =    4.2   13.8
   S-matrix    1 =    1.00000   0.00000 for L=   50, J=   50.5 channel on core I =   1.5 from L=   50,  Acc. loss =  0.0 D.
 Elastic phase shift   1 =    0.000   0.000 deg. for the L =   50, J =   50.5 channel.
      52.0  0.99999999  0.00000037i: elastic S-matrix  @@      0.00  0   0 F  0
 Reaction Xsec    52.0-/50 @ 1 =   0.491#, Out:   0.000#   0.000#   0.000f

   S-matrix    2 =    1.00000   0.00000 for L=   52, J=   51.5 channel on core I =   1.5 from L=   52,  Acc. loss =  0.0 D.
 Elastic phase shift   2 =    0.000   0.000 deg. for the L =   52, J =   51.5 channel.
      52.0  1.00000000  0.00000025i: elastic S-matrix  @@      0.00  0   0 F  0
 Reaction Xsec    52.0-/52 @ 2 =   0.177#, Out:   0.000#   0.000#   0.000f

   S-matrix    3 =    1.00000   0.00000 for L=   52, J=   52.5 channel on core I =   1.5 from L=   52,  Acc. loss =  0.0 D.
 Elastic phase shift   3 =    0.000   0.000 deg. for the L =   52, J =   52.5 channel.
      52.0  1.00000000  0.00000025i: elastic S-matrix  @@      0.00  0   0 F  0
 Reaction Xsec    52.0-/52 @ 3 =   0.177#, Out:   0.000#   0.000#   0.000f

   S-matrix    4 =    1.00000   0.00000 for L=   54, J=   53.5 channel on core I =   1.5 from L=   54,  Acc. loss =  0.0 D.
 Elastic phase shift   4 =    0.000   0.000 deg. for the L =   54, J =   53.5 channel.
      52.0  1.00000000  0.00000015i: elastic S-matrix  @@      0.00  0   0 F  0
 Reaction Xsec    52.0-/54 @ 4 =   0.064#, Out:   0.000#   0.000#   0.000f


 Total SPIN, PARITY =    53.0 +,      4 chs,      0 cc.  Rmin & Coul turning =    4.2   14.1
   S-matrix    1 =    1.00000   0.00000 for L=   51, J=   51.5 channel on core I =   1.5 from L=   51,  Acc. loss =  0.0 D.
 Elastic phase shift   1 =    0.000   0.000 deg. for the L =   51, J =   51.5 channel.
      53.0  0.99999999  0.00000027i: elastic S-matrix  @@      0.00  0   0 F  0
 Reaction Xsec    53.0+/51 @ 1 =   0.301#, Out:   0.000#   0.000#   0.000f

   S-matrix    2 =    1.00000   0.00000 for L=   53, J=   52.5 channel on core I =   1.5 from L=   53,  Acc. loss =  0.0 D.
 Elastic phase shift   2 =    0.000   0.000 deg. for the L =   53, J =   52.5 channel.
      53.0  1.00000000  0.00000020i: elastic S-matrix  @@      0.00  0   0 F  0
 Reaction Xsec    53.0+/53 @ 2 =   0.108#, Out:   0.000#   0.000#   0.000f

   S-matrix    3 =    1.00000   0.00000 for L=   53, J=   53.5 channel on core I =   1.5 from L=   53,  Acc. loss =  0.0 D.
 Elastic phase shift   3 =    0.000   0.000 deg. for the L =   53, J =   53.5 channel.
      53.0  1.00000000  0.00000020i: elastic S-matrix  @@      0.00  0   0 F  0
 Reaction Xsec    53.0+/53 @ 3 =   0.108#, Out:   0.000#   0.000#   0.000f

   S-matrix    4 =    1.00000   0.00000 for L=   55, J=   54.5 channel on core I =   1.5 from L=   55,  Acc. loss =  0.0 D.
 Elastic phase shift   4 =    0.000   0.000 deg. for the L =   55, J =   54.5 channel.
      53.0  1.00000000  0.00000017i: elastic S-matrix  @@      0.00  0   0 F  0
 Reaction Xsec    53.0+/55 @ 4 =   0.039#, Out:   0.000#   0.000#   0.000f


 Total SPIN, PARITY =    53.0 -,      5 chs,      0 cc.  Rmin & Coul turning =    4.2   14.1
   S-matrix    1 =    1.00000   0.00000 for L=   52, J=   51.5 channel on core I =   1.5 from L=   52,  Acc. loss =  0.0 D.
 Elastic phase shift   1 =    0.000   0.000 deg. for the L =   52, J =   51.5 channel.
      53.0  1.00000000  0.00000025i: elastic S-matrix  @@      0.02  0   0 F  0
 Reaction Xsec    53.0-/52 @ 1 =   0.181#, Out:   0.000#   0.000#   0.000f

   S-matrix    2 =    1.00000   0.00000 for L=   52, J=   52.5 channel on core I =   1.5 from L=   52,  Acc. loss =  0.0 D.
 Elastic phase shift   2 =    0.000   0.000 deg. for the L =   52, J =   52.5 channel.
      53.0  1.00000000  0.00000025i: elastic S-matrix  @@      0.02  0   0 F  0
 Reaction Xsec    53.0-/52 @ 2 =   0.181#, Out:   0.000#   0.000#   0.000f

   S-matrix    3 =    1.00000   0.00000 for L=   54, J=   53.5 channel on core I =   1.5 from L=   54,  Acc. loss =  0.0 D.
 Elastic phase shift   3 =    0.000   0.000 deg. for the L =   54, J =   53.5 channel.
      53.0  1.00000000  0.00000015i: elastic S-matrix  @@      0.00  0   0 F  0
 Reaction Xsec    53.0-/54 @ 3 =   0.065#, Out:   0.000#   0.000#   0.000f

   S-matrix    4 =    1.00000   0.00000 for L=   54, J=   54.5 channel on core I =   1.5 from L=   54,  Acc. loss =  0.0 D.
 Elastic phase shift   4 =    0.000   0.000 deg. for the L =   54, J =   54.5 channel.
      53.0  1.00000000  0.00000015i: elastic S-matrix  @@      0.00  0   0 F  0
 Reaction Xsec    53.0-/54 @ 4 =   0.065#, Out:   0.000#   0.000#   0.000f


 Total SPIN, PARITY =    54.0 +,      5 chs,      0 cc.  Rmin & Coul turning =    4.3   14.3
   S-matrix    1 =    1.00000   0.00000 for L=   53, J=   52.5 channel on core I =   1.5 from L=   53,  Acc. loss =  0.0 D.
 Elastic phase shift   1 =    0.000   0.000 deg. for the L =   53, J =   52.5 channel.
      54.0  1.00000000  0.00000020i: elastic S-matrix  @@      0.02  0   0 F  0
 Reaction Xsec    54.0+/53 @ 1 =   0.110#, Out:   0.000#   0.000#   0.000f

   S-matrix    2 =    1.00000   0.00000 for L=   53, J=   53.5 channel on core I =   1.5 from L=   53,  Acc. loss =  0.0 D.
 Elastic phase shift   2 =    0.000   0.000 deg. for the L =   53, J =   53.5 channel.
      54.0  1.00000000  0.00000020i: elastic S-matrix  @@      0.02  0   0 F  0
 Reaction Xsec    54.0+/53 @ 2 =   0.110#, Out:   0.000#   0.000#   0.000f

   S-matrix    3 =    1.00000   0.00000 for L=   55, J=   54.5 channel on core I =   1.5 from L=   55,  Acc. loss =  0.0 D.
 Elastic phase shift   3 =    0.000   0.000 deg. for the L =   55, J =   54.5 channel.
      54.0  1.00000000  0.00000017i: elastic S-matrix  @@      0.00  0   0 F  0
 Reaction Xsec    54.0+/55 @ 3 =   0.040#, Out:   0.000#   0.000#   0.000f

   S-matrix    4 =    1.00000   0.00000 for L=   55, J=   55.5 channel on core I =   1.5 from L=   55,  Acc. loss =  0.0 D.
 Elastic phase shift   4 =    0.000   0.000 deg. for the L =   55, J =   55.5 channel.
      54.0  1.00000000  0.00000017i: elastic S-matrix  @@      0.00  0   0 F  0
 Reaction Xsec    54.0+/55 @ 4 =   0.040#, Out:   0.000#   0.000#   0.000f


 Total SPIN, PARITY =    54.0 -,      4 chs,      0 cc.  Rmin & Coul turning =    4.3   14.3
   S-matrix    1 =    1.00000   0.00000 for L=   52, J=   52.5 channel on core I =   1.5 from L=   52,  Acc. loss =  0.0 D.
 Elastic phase shift   1 =    0.000   0.000 deg. for the L =   52, J =   52.5 channel.
      54.0  1.00000000  0.00000025i: elastic S-matrix  @@      0.00  0   0 F  0
 Reaction Xsec    54.0-/52 @ 1 =   0.184#, Out:   0.000#   0.000#   0.000f

   S-matrix    2 =    1.00000   0.00000 for L=   54, J=   53.5 channel on core I =   1.5 from L=   54,  Acc. loss =  0.0 D.
 Elastic phase shift   2 =    0.000   0.000 deg. for the L =   54, J =   53.5 channel.
      54.0  1.00000000  0.00000015i: elastic S-matrix  @@      0.00  0   0 F  0
 Reaction Xsec    54.0-/54 @ 2 =   0.066#, Out:   0.000#   0.000#   0.000f

   S-matrix    3 =    1.00000   0.00000 for L=   54, J=   54.5 channel on core I =   1.5 from L=   54,  Acc. loss =  0.0 D.
 Elastic phase shift   3 =    0.000   0.000 deg. for the L =   54, J =   54.5 channel.
      54.0  1.00000000  0.00000015i: elastic S-matrix  @@      0.00  0   0 F  0
 Reaction Xsec    54.0-/54 @ 3 =   0.066#, Out:   0.000#   0.000#   0.000f

   S-matrix    4 =    1.00000   0.00000 for L=   56, J=   55.5 channel on core I =   1.5 from L=   56,  Acc. loss =  0.0 D.
 Elastic phase shift   4 =    0.000   0.000 deg. for the L =   56, J =   55.5 channel.
      54.0  1.00000000  0.00000014i: elastic S-matrix  @@      0.00  0   0 F  0
 Reaction Xsec    54.0-/56 @ 4 =   0.024#, Out:   0.000#   0.000#   0.000f


 Total SPIN, PARITY =    55.0 +,      4 chs,      0 cc.  Rmin & Coul turning =    4.4   14.6
   S-matrix    1 =    1.00000   0.00000 for L=   53, J=   53.5 channel on core I =   1.5 from L=   53,  Acc. loss =  0.0 D.
 Elastic phase shift   1 =    0.000   0.000 deg. for the L =   53, J =   53.5 channel.
      55.0  1.00000000  0.00000020i: elastic S-matrix  @@      0.00  0   0 F  0
 Reaction Xsec    55.0+/53 @ 1 =   0.112#, Out:   0.000#   0.000#   0.000f

   S-matrix    2 =    1.00000   0.00000 for L=   55, J=   54.5 channel on core I =   1.5 from L=   55,  Acc. loss =  0.0 D.
 Elastic phase shift   2 =    0.000   0.000 deg. for the L =   55, J =   54.5 channel.
      55.0  1.00000000  0.00000017i: elastic S-matrix  @@      0.00  0   0 F  0
 Reaction Xsec    55.0+/55 @ 2 =   0.041#, Out:   0.000#   0.000#   0.000f

   S-matrix    3 =    1.00000   0.00000 for L=   55, J=   55.5 channel on core I =   1.5 from L=   55,  Acc. loss =  0.0 D.
 Elastic phase shift   3 =    0.000   0.000 deg. for the L =   55, J =   55.5 channel.
      55.0  1.00000000  0.00000017i: elastic S-matrix  @@      0.00  0   0 F  0
 Reaction Xsec    55.0+/55 @ 3 =   0.041#, Out:   0.000#   0.000#   0.000f

   S-matrix    4 =    1.00000   0.00000 for L=   57, J=   56.5 channel on core I =   1.5 from L=   57,  Acc. loss =  0.0 D.
 Elastic phase shift   4 =    0.000   0.000 deg. for the L =   57, J =   56.5 channel.
      55.0  1.00000000  0.00000010i: elastic S-matrix  @@      0.00  0   0 F  0
 Reaction Xsec    55.0+/57 @ 4 =   0.015#, Out:   0.000#   0.000#   0.000f


 Total SPIN, PARITY =    55.0 -,      5 chs,      0 cc.  Rmin & Coul turning =    4.4   14.6
   S-matrix    1 =    1.00000   0.00000 for L=   54, J=   53.5 channel on core I =   1.5 from L=   54,  Acc. loss =  0.0 D.
 Elastic phase shift   1 =    0.000   0.000 deg. for the L =   54, J =   53.5 channel.
      55.0  1.00000000  0.00000015i: elastic S-matrix  @@      0.02  0   0 F  0
 Reaction Xsec    55.0-/54 @ 1 =   0.068#, Out:   0.000#   0.000#   0.000f

   S-matrix    2 =    1.00000   0.00000 for L=   54, J=   54.5 channel on core I =   1.5 from L=   54,  Acc. loss =  0.0 D.
 Elastic phase shift   2 =    0.000   0.000 deg. for the L =   54, J =   54.5 channel.
      55.0  1.00000000  0.00000015i: elastic S-matrix  @@      0.00  0   0 F  0
 Reaction Xsec    55.0-/54 @ 2 =   0.068#, Out:   0.000#   0.000#   0.000f

   S-matrix    3 =    1.00000   0.00000 for L=   56, J=   55.5 channel on core I =   1.5 from L=   56,  Acc. loss =  0.0 D.
 Elastic phase shift   3 =    0.000   0.000 deg. for the L =   56, J =   55.5 channel.
      55.0  1.00000000  0.00000014i: elastic S-matrix  @@      0.02  0   0 F  0
 Reaction Xsec    55.0-/56 @ 3 =   0.024#, Out:   0.000#   0.000#   0.000f

   S-matrix    4 =    1.00000   0.00000 for L=   56, J=   56.5 channel on core I =   1.5 from L=   56,  Acc. loss =  0.0 D.
 Elastic phase shift   4 =    0.000   0.000 deg. for the L =   56, J =   56.5 channel.
      55.0  1.00000000  0.00000014i: elastic S-matrix  @@      0.00  0   0 F  0
 Reaction Xsec    55.0-/56 @ 4 =   0.024#, Out:   0.000#   0.000#   0.000f


 Total SPIN, PARITY =    56.0 +,      5 chs,      0 cc.  Rmin & Coul turning =    4.5   14.8
   S-matrix    1 =    1.00000   0.00000 for L=   55, J=   54.5 channel on core I =   1.5 from L=   55,  Acc. loss =  0.0 D.
 Elastic phase shift   1 =    0.000   0.000 deg. for the L =   55, J =   54.5 channel.
      56.0  1.00000000  0.00000017i: elastic S-matrix  @@      0.02  0   0 F  0
 Reaction Xsec    56.0+/55 @ 1 =   0.041#, Out:   0.000#   0.000#   0.000f

   S-matrix    2 =    1.00000   0.00000 for L=   55, J=   55.5 channel on core I =   1.5 from L=   55,  Acc. loss =  0.0 D.
 Elastic phase shift   2 =    0.000   0.000 deg. for the L =   55, J =   55.5 channel.
      56.0  1.00000000  0.00000017i: elastic S-matrix  @@      0.00  0   0 F  0
 Reaction Xsec    56.0+/55 @ 2 =   0.041#, Out:   0.000#   0.000#   0.000f

   S-matrix    3 =    1.00000   0.00000 for L=   57, J=   56.5 channel on core I =   1.5 from L=   57,  Acc. loss =  0.0 D.
 Elastic phase shift   3 =    0.000   0.000 deg. for the L =   57, J =   56.5 channel.
      56.0  1.00000000  0.00000010i: elastic S-matrix  @@      0.02  0   0 F  0
 Reaction Xsec    56.0+/57 @ 3 =   0.015#, Out:   0.000#   0.000#   0.000f

   S-matrix    4 =    1.00000   0.00000 for L=   57, J=   57.5 channel on core I =   1.5 from L=   57,  Acc. loss =  0.0 D.
 Elastic phase shift   4 =    0.000   0.000 deg. for the L =   57, J =   57.5 channel.
      56.0  1.00000000  0.00000010i: elastic S-matrix  @@      0.00  0   0 F  0
 Reaction Xsec    56.0+/57 @ 4 =   0.015#, Out:   0.000#   0.000#   0.000f


 Total SPIN, PARITY =    56.0 -,      4 chs,      0 cc.  Rmin & Coul turning =    4.5   14.8
   S-matrix    1 =    1.00000   0.00000 for L=   54, J=   54.5 channel on core I =   1.5 from L=   54,  Acc. loss =  0.0 D.
 Elastic phase shift   1 =    0.000   0.000 deg. for the L =   54, J =   54.5 channel.
      56.0  1.00000000  0.00000015i: elastic S-matrix  @@      0.00  0   0 F  0
 Reaction Xsec    56.0-/54 @ 1 =   0.069#, Out:   0.000#   0.000#   0.000f

   S-matrix    2 =    1.00000   0.00000 for L=   56, J=   55.5 channel on core I =   1.5 from L=   56,  Acc. loss =  0.0 D.
 Elastic phase shift   2 =    0.000   0.000 deg. for the L =   56, J =   55.5 channel.
      56.0  1.00000000  0.00000014i: elastic S-matrix  @@      0.00  0   0 F  0
 Reaction Xsec    56.0-/56 @ 2 =   0.025#, Out:   0.000#   0.000#   0.000f

   S-matrix    3 =    1.00000   0.00000 for L=   56, J=   56.5 channel on core I =   1.5 from L=   56,  Acc. loss =  0.0 D.
 Elastic phase shift   3 =    0.000   0.000 deg. for the L =   56, J =   56.5 channel.
      56.0  1.00000000  0.00000014i: elastic S-matrix  @@      0.00  0   0 F  0
 Reaction Xsec    56.0-/56 @ 3 =   0.025#, Out:   0.000#   0.000#   0.000f

   S-matrix    4 =    1.00000   0.00000 for L=   58, J=   57.5 channel on core I =   1.5 from L=   58,  Acc. loss =  0.0 D.
 Elastic phase shift   4 =    0.000   0.000 deg. for the L =   58, J =   57.5 channel.
      56.0  1.00000000  0.00000014i: elastic S-matrix  @@      0.00  0   0 F  0
 Reaction Xsec    56.0-/58 @ 4 =   0.009#, Out:   0.000#   0.000#   0.000f


 Total SPIN, PARITY =    57.0 +,      4 chs,      0 cc.  Rmin & Coul turning =    4.5   15.1
   S-matrix    1 =    1.00000   0.00000 for L=   55, J=   55.5 channel on core I =   1.5 from L=   55,  Acc. loss =  0.0 D.
 Elastic phase shift   1 =    0.000   0.000 deg. for the L =   55, J =   55.5 channel.
      57.0  1.00000000  0.00000017i: elastic S-matrix  @@      0.00  0   0 F  0
 Reaction Xsec    57.0+/55 @ 1 =   0.042#, Out:   0.000#   0.000#   0.000f

   S-matrix    2 =    1.00000   0.00000 for L=   57, J=   56.5 channel on core I =   1.5 from L=   57,  Acc. loss =  0.0 D.
 Elastic phase shift   2 =    0.000   0.000 deg. for the L =   57, J =   56.5 channel.
      57.0  1.00000000  0.00000010i: elastic S-matrix  @@      0.00  0   0 F  0
 Reaction Xsec    57.0+/57 @ 2 =   0.015#, Out:   0.000#   0.000#   0.000f

   S-matrix    3 =    1.00000   0.00000 for L=   57, J=   57.5 channel on core I =   1.5 from L=   57,  Acc. loss =  0.0 D.
 Elastic phase shift   3 =    0.000   0.000 deg. for the L =   57, J =   57.5 channel.
      57.0  1.00000000  0.00000010i: elastic S-matrix  @@      0.00  0   0 F  0
 Reaction Xsec    57.0+/57 @ 3 =   0.015#, Out:   0.000#   0.000#   0.000f

   S-matrix    4 =    1.00000   0.00000 for L=   59, J=   58.5 channel on core I =   1.5 from L=   59,  Acc. loss =  0.0 D.
 Elastic phase shift   4 =    0.000   0.000 deg. for the L =   59, J =   58.5 channel.
      57.0  1.00000000  0.00000011i: elastic S-matrix  @@      0.00  0   0 F  0
 Reaction Xsec    57.0+/59 @ 4 =   0.005#, Out:   0.000#   0.000#   0.000f


 Total SPIN, PARITY =    57.0 -,      5 chs,      0 cc.  Rmin & Coul turning =    4.5   15.1
   S-matrix    1 =    1.00000   0.00000 for L=   56, J=   55.5 channel on core I =   1.5 from L=   56,  Acc. loss =  0.0 D.
 Elastic phase shift   1 =    0.000   0.000 deg. for the L =   56, J =   55.5 channel.
      57.0  1.00000000  0.00000014i: elastic S-matrix  @@      0.02  0   0 F  0
 Reaction Xsec    57.0-/56 @ 1 =   0.025#, Out:   0.000#   0.000#   0.000f

   S-matrix    2 =    1.00000   0.00000 for L=   56, J=   56.5 channel on core I =   1.5 from L=   56,  Acc. loss =  0.0 D.
 Elastic phase shift   2 =    0.000   0.000 deg. for the L =   56, J =   56.5 channel.
      57.0  1.00000000  0.00000014i: elastic S-matrix  @@      0.00  0   0 F  0
 Reaction Xsec    57.0-/56 @ 2 =   0.025#, Out:   0.000#   0.000#   0.000f

   S-matrix    3 =    1.00000   0.00000 for L=   58, J=   57.5 channel on core I =   1.5 from L=   58,  Acc. loss =  0.0 D.
 Elastic phase shift   3 =    0.000   0.000 deg. for the L =   58, J =   57.5 channel.
      57.0  1.00000000  0.00000014i: elastic S-matrix  @@      0.00  0   0 F  0
 Reaction Xsec    57.0-/58 @ 3 =   0.009#, Out:   0.000#   0.000#   0.000f

   S-matrix    4 =    1.00000   0.00000 for L=   58, J=   58.5 channel on core I =   1.5 from L=   58,  Acc. loss =  0.0 D.
 Elastic phase shift   4 =    0.000   0.000 deg. for the L =   58, J =   58.5 channel.
      57.0  1.00000000  0.00000014i: elastic S-matrix  @@      0.02  0   0 F  0
 Reaction Xsec    57.0-/58 @ 4 =   0.009#, Out:   0.000#   0.000#   0.000f


 Total SPIN, PARITY =    58.0 +,      5 chs,      0 cc.  Rmin & Coul turning =    4.6   15.4
   S-matrix    1 =    1.00000   0.00000 for L=   57, J=   56.5 channel on core I =   1.5 from L=   57,  Acc. loss =  0.0 D.
 Elastic phase shift   1 =    0.000   0.000 deg. for the L =   57, J =   56.5 channel.
      58.0  1.00000000  0.00000010i: elastic S-matrix  @@      0.02  0   0 F  0
 Reaction Xsec    58.0+/57 @ 1 =   0.015#, Out:   0.000#   0.000#   0.000f

   S-matrix    2 =    1.00000   0.00000 for L=   57, J=   57.5 channel on core I =   1.5 from L=   57,  Acc. loss =  0.0 D.
 Elastic phase shift   2 =    0.000   0.000 deg. for the L =   57, J =   57.5 channel.
      58.0  1.00000000  0.00000010i: elastic S-matrix  @@      0.00  0   0 F  0
 Reaction Xsec    58.0+/57 @ 2 =   0.015#, Out:   0.000#   0.000#   0.000f

   S-matrix    3 =    1.00000   0.00000 for L=   59, J=   58.5 channel on core I =   1.5 from L=   59,  Acc. loss =  0.0 D.
 Elastic phase shift   3 =    0.000   0.000 deg. for the L =   59, J =   58.5 channel.
      58.0  1.00000000  0.00000011i: elastic S-matrix  @@      0.00  0   0 F  0
 Reaction Xsec    58.0+/59 @ 3 =   0.006#, Out:   0.000#   0.000#   0.000f

   S-matrix    4 =    1.00000   0.00000 for L=   59, J=   59.5 channel on core I =   1.5 from L=   59,  Acc. loss =  0.0 D.
 Elastic phase shift   4 =    0.000   0.000 deg. for the L =   59, J =   59.5 channel.
      58.0  1.00000000  0.00000011i: elastic S-matrix  @@      0.02  0   0 F  0
 Reaction Xsec    58.0+/59 @ 4 =   0.006#, Out:   0.000#   0.000#   0.000f


 Total SPIN, PARITY =    58.0 -,      4 chs,      0 cc.  Rmin & Coul turning =    4.6   15.4
   S-matrix    1 =    1.00000   0.00000 for L=   56, J=   56.5 channel on core I =   1.5 from L=   56,  Acc. loss =  0.0 D.
 Elastic phase shift   1 =    0.000   0.000 deg. for the L =   56, J =   56.5 channel.
      58.0  1.00000000  0.00000014i: elastic S-matrix  @@      0.00  0   0 F  0
 Reaction Xsec    58.0-/56 @ 1 =   0.026#, Out:   0.000#   0.000#   0.000f

   S-matrix    2 =    1.00000   0.00000 for L=   58, J=   57.5 channel on core I =   1.5 from L=   58,  Acc. loss =  0.0 D.
 Elastic phase shift   2 =    0.000   0.000 deg. for the L =   58, J =   57.5 channel.
      58.0  1.00000000  0.00000014i: elastic S-matrix  @@      0.00  0   0 F  0
 Reaction Xsec    58.0-/58 @ 2 =   0.009#, Out:   0.000#   0.000#   0.000f

   S-matrix    3 =    1.00000   0.00000 for L=   58, J=   58.5 channel on core I =   1.5 from L=   58,  Acc. loss =  0.0 D.
 Elastic phase shift   3 =    0.000   0.000 deg. for the L =   58, J =   58.5 channel.
      58.0  1.00000000  0.00000014i: elastic S-matrix  @@      0.00  0   0 F  0
 Reaction Xsec    58.0-/58 @ 3 =   0.009#, Out:   0.000#   0.000#   0.000f

   S-matrix    4 =    1.00000   0.00000 for L=   60, J=   59.5 channel on core I =   1.5 from L=   60,  Acc. loss =  0.0 D.
 Elastic phase shift   4 =    0.000   0.000 deg. for the L =   60, J =   59.5 channel.
      58.0  1.00000000  0.00000007i: elastic S-matrix  @@      0.00  0   0 F  0
 Reaction Xsec    58.0-/60 @ 4 =   0.003#, Out:   0.000#   0.000#   0.000f


 Total SPIN, PARITY =    59.0 +,      4 chs,      0 cc.  Rmin & Coul turning =    4.7   15.6
   S-matrix    1 =    1.00000   0.00000 for L=   57, J=   57.5 channel on core I =   1.5 from L=   57,  Acc. loss =  0.0 D.
 Elastic phase shift   1 =    0.000   0.000 deg. for the L =   57, J =   57.5 channel.
      59.0  1.00000000  0.00000010i: elastic S-matrix  @@      0.00  0   0 F  0
 Reaction Xsec    59.0+/57 @ 1 =   0.016#, Out:   0.000#   0.000#   0.000f

   S-matrix    2 =    1.00000   0.00000 for L=   59, J=   58.5 channel on core I =   1.5 from L=   59,  Acc. loss =  0.0 D.
 Elastic phase shift   2 =    0.000   0.000 deg. for the L =   59, J =   58.5 channel.
      59.0  1.00000000  0.00000011i: elastic S-matrix  @@      0.00  0   0 F  0
 Reaction Xsec    59.0+/59 @ 2 =   0.006#, Out:   0.000#   0.000#   0.000f

   S-matrix    3 =    1.00000   0.00000 for L=   59, J=   59.5 channel on core I =   1.5 from L=   59,  Acc. loss =  0.0 D.
 Elastic phase shift   3 =    0.000   0.000 deg. for the L =   59, J =   59.5 channel.
      59.0  1.00000000  0.00000011i: elastic S-matrix  @@      0.00  0   0 F  0
 Reaction Xsec    59.0+/59 @ 3 =   0.006#, Out:   0.000#   0.000#   0.000f

   S-matrix    4 =    1.00000   0.00000 for L=   61, J=   60.5 channel on core I =   1.5 from L=   61,  Acc. loss =  0.0 D.
 Elastic phase shift   4 =    0.000   0.000 deg. for the L =   61, J =   60.5 channel.
      59.0  1.00000000  0.00000011i: elastic S-matrix  @@      0.00  0   0 F  0
 Reaction Xsec    59.0+/61 @ 4 =   0.002#, Out:   0.000#   0.000#   0.000f


 Total SPIN, PARITY =    59.0 -,      5 chs,      0 cc.  Rmin & Coul turning =    4.7   15.6
   S-matrix    1 =    1.00000   0.00000 for L=   58, J=   57.5 channel on core I =   1.5 from L=   58,  Acc. loss =  0.0 D.
 Elastic phase shift   1 =    0.000   0.000 deg. for the L =   58, J =   57.5 channel.
      59.0  1.00000000  0.00000014i: elastic S-matrix  @@      0.00  0   0 F  0
 Reaction Xsec    59.0-/58 @ 1 =   0.009#, Out:   0.000#   0.000#   0.000f

   S-matrix    2 =    1.00000   0.00000 for L=   58, J=   58.5 channel on core I =   1.5 from L=   58,  Acc. loss =  0.0 D.
 Elastic phase shift   2 =    0.000   0.000 deg. for the L =   58, J =   58.5 channel.
      59.0  1.00000000  0.00000014i: elastic S-matrix  @@      0.02  0   0 F  0
 Reaction Xsec    59.0-/58 @ 2 =   0.009#, Out:   0.000#   0.000#   0.000f

   S-matrix    3 =    1.00000   0.00000 for L=   60, J=   59.5 channel on core I =   1.5 from L=   60,  Acc. loss =  0.0 D.
 Elastic phase shift   3 =    0.000   0.000 deg. for the L =   60, J =   59.5 channel.
      59.0  1.00000000  0.00000007i: elastic S-matrix  @@      0.00  0   0 F  0
 Reaction Xsec    59.0-/60 @ 3 =   0.003#, Out:   0.000#   0.000#   0.000f

   S-matrix    4 =    1.00000   0.00000 for L=   60, J=   60.5 channel on core I =   1.5 from L=   60,  Acc. loss =  0.0 D.
 Elastic phase shift   4 =    0.000   0.000 deg. for the L =   60, J =   60.5 channel.
      59.0  1.00000000  0.00000007i: elastic S-matrix  @@      0.00  0   0 F  0
 Reaction Xsec    59.0-/60 @ 4 =   0.003#, Out:   0.000#   0.000#   0.000f


 Total SPIN, PARITY =    60.0 +,      5 chs,      0 cc.  Rmin & Coul turning =    4.8   15.9
   S-matrix    1 =    1.00000   0.00000 for L=   59, J=   58.5 channel on core I =   1.5 from L=   59,  Acc. loss =  0.0 D.
 Elastic phase shift   1 =    0.000   0.000 deg. for the L =   59, J =   58.5 channel.
      60.0  1.00000000  0.00000011i: elastic S-matrix  @@      0.02  0   0 F  0
 Reaction Xsec    60.0+/59 @ 1 =   0.006#, Out:   0.000#   0.000#   0.000f

   S-matrix    2 =    1.00000   0.00000 for L=   59, J=   59.5 channel on core I =   1.5 from L=   59,  Acc. loss =  0.0 D.
 Elastic phase shift   2 =    0.000   0.000 deg. for the L =   59, J =   59.5 channel.
      60.0  1.00000000  0.00000011i: elastic S-matrix  @@      0.02  0   0 F  0
 Reaction Xsec    60.0+/59 @ 2 =   0.006#, Out:   0.000#   0.000#   0.000f

   S-matrix    3 =    1.00000   0.00000 for L=   61, J=   60.5 channel on core I =   1.5 from L=   61,  Acc. loss =  0.0 D.
 Elastic phase shift   3 =    0.000   0.000 deg. for the L =   61, J =   60.5 channel.
      60.0  1.00000000  0.00000011i: elastic S-matrix  @@      0.00  0   0 F  0
 Reaction Xsec    60.0+/61 @ 3 =   0.002#, Out:   0.000#   0.000#   0.000f

   S-matrix    4 =    1.00000   0.00000 for L=   61, J=   61.5 channel on core I =   1.5 from L=   61,  Acc. loss =  0.0 D.
 Elastic phase shift   4 =    0.000   0.000 deg. for the L =   61, J =   61.5 channel.
      60.0  1.00000000  0.00000011i: elastic S-matrix  @@      0.00  0   0 F  0
 Reaction Xsec    60.0+/61 @ 4 =   0.002#, Out:   0.000#   0.000#   0.000f


 Total SPIN, PARITY =    60.0 -,      4 chs,      0 cc.  Rmin & Coul turning =    4.8   15.9
   S-matrix    1 =    1.00000   0.00000 for L=   58, J=   58.5 channel on core I =   1.5 from L=   58,  Acc. loss =  0.0 D.
 Elastic phase shift   1 =    0.000   0.000 deg. for the L =   58, J =   58.5 channel.
      60.0  1.00000000  0.00000014i: elastic S-matrix  @@      0.00  0   0 F  0
 Reaction Xsec    60.0-/58 @ 1 =   0.010#, Out:   0.000#   0.000#   0.000f

   S-matrix    2 =    1.00000   0.00000 for L=   60, J=   59.5 channel on core I =   1.5 from L=   60,  Acc. loss =  0.0 D.
 Elastic phase shift   2 =    0.000   0.000 deg. for the L =   60, J =   59.5 channel.
      60.0  1.00000000  0.00000007i: elastic S-matrix  @@      0.00  0   0 F  0
 Reaction Xsec    60.0-/60 @ 2 =   0.003#, Out:   0.000#   0.000#   0.000f

   S-matrix    3 =    1.00000   0.00000 for L=   60, J=   60.5 channel on core I =   1.5 from L=   60,  Acc. loss =  0.0 D.
 Elastic phase shift   3 =    0.000   0.000 deg. for the L =   60, J =   60.5 channel.
      60.0  1.00000000  0.00000007i: elastic S-matrix  @@      0.00  0   0 F  0
 Reaction Xsec    60.0-/60 @ 3 =   0.003#, Out:   0.000#   0.000#   0.000f

   S-matrix    4 =    1.00000   0.00000 for L=   62, J=   61.5 channel on core I =   1.5 from L=   62,  Acc. loss =  0.0 D.
 Elastic phase shift   4 =    0.000   0.000 deg. for the L =   62, J =   61.5 channel.
      60.0  1.00000000  0.00000010i: elastic S-matrix  @@      0.00  0   0 F  0
 Reaction Xsec    60.0-/62 @ 4 =   0.001#, Out:   0.000#   0.000#   0.000f


 Total SPIN, PARITY =    61.0 +,      4 chs,      0 cc.  Rmin & Coul turning =    4.9   16.2
   S-matrix    1 =    1.00000   0.00000 for L=   59, J=   59.5 channel on core I =   1.5 from L=   59,  Acc. loss =  0.0 D.
 Elastic phase shift   1 =    0.000   0.000 deg. for the L =   59, J =   59.5 channel.
      61.0  1.00000000  0.00000011i: elastic S-matrix  @@      0.00  0   0 F  0
 Reaction Xsec    61.0+/59 @ 1 =   0.006#, Out:   0.000#   0.000#   0.000f

   S-matrix    2 =    1.00000   0.00000 for L=   61, J=   60.5 channel on core I =   1.5 from L=   61,  Acc. loss =  0.0 D.
 Elastic phase shift   2 =    0.000   0.000 deg. for the L =   61, J =   60.5 channel.
      61.0  1.00000000  0.00000011i: elastic S-matrix  @@      0.00  0   0 F  0
 Reaction Xsec    61.0+/61 @ 2 =   0.002#, Out:   0.000#   0.000#   0.000f

   S-matrix    3 =    1.00000   0.00000 for L=   61, J=   61.5 channel on core I =   1.5 from L=   61,  Acc. loss =  0.0 D.
 Elastic phase shift   3 =    0.000   0.000 deg. for the L =   61, J =   61.5 channel.
      61.0  1.00000000  0.00000011i: elastic S-matrix  @@      0.00  0   0 F  0
 Reaction Xsec    61.0+/61 @ 3 =   0.002#, Out:   0.000#   0.000#   0.000f

   S-matrix    4 =    1.00000   0.00000 for L=   63, J=   62.5 channel on core I =   1.5 from L=   63,  Acc. loss =  0.0 D.
 Elastic phase shift   4 =    0.000   0.000 deg. for the L =   63, J =   62.5 channel.
      61.0  1.00000000  0.00000005i: elastic S-matrix  @@      0.00  0   0 F  0
 Reaction Xsec    61.0+/63 @ 4 =   0.001#, Out:   0.000#   0.000#   0.000f


 Total SPIN, PARITY =    61.0 -,      5 chs,      0 cc.  Rmin & Coul turning =    4.9   16.2
   S-matrix    1 =    1.00000   0.00000 for L=   60, J=   59.5 channel on core I =   1.5 from L=   60,  Acc. loss =  0.0 D.
 Elastic phase shift   1 =    0.000   0.000 deg. for the L =   60, J =   59.5 channel.
      61.0  1.00000000  0.00000007i: elastic S-matrix  @@      0.02  0   0 F  0
 Reaction Xsec    61.0-/60 @ 1 =   0.003#, Out:   0.000#   0.000#   0.000f

   S-matrix    2 =    1.00000   0.00000 for L=   60, J=   60.5 channel on core I =   1.5 from L=   60,  Acc. loss =  0.0 D.
 Elastic phase shift   2 =    0.000   0.000 deg. for the L =   60, J =   60.5 channel.
      61.0  1.00000000  0.00000007i: elastic S-matrix  @@      0.02  0   0 F  0
 Reaction Xsec    61.0-/60 @ 2 =   0.003#, Out:   0.000#   0.000#   0.000f

   S-matrix    3 =    1.00000   0.00000 for L=   62, J=   61.5 channel on core I =   1.5 from L=   62,  Acc. loss =  0.0 D.
 Elastic phase shift   3 =    0.000   0.000 deg. for the L =   62, J =   61.5 channel.
      61.0  1.00000000  0.00000010i: elastic S-matrix  @@      0.00  0   0 F  0
 Reaction Xsec    61.0-/62 @ 3 =   0.001#, Out:   0.000#   0.000#   0.000f

   S-matrix    4 =    1.00000   0.00000 for L=   62, J=   62.5 channel on core I =   1.5 from L=   62,  Acc. loss =  0.0 D.
 Elastic phase shift   4 =    0.000   0.000 deg. for the L =   62, J =   62.5 channel.
      61.0  1.00000000  0.00000010i: elastic S-matrix  @@      0.02  0   0 F  0
 Reaction Xsec    61.0-/62 @ 4 =   0.001#, Out:   0.000#   0.000#   0.000f


 Total SPIN, PARITY =    62.0 +,      5 chs,      0 cc.  Rmin & Coul turning =    5.0   16.4
   S-matrix    1 =    1.00000   0.00000 for L=   61, J=   60.5 channel on core I =   1.5 from L=   61,  Acc. loss =  0.0 D.
 Elastic phase shift   1 =    0.000   0.000 deg. for the L =   61, J =   60.5 channel.
      62.0  1.00000000  0.00000011i: elastic S-matrix  @@      0.00  0   0 F  0
 Reaction Xsec    62.0+/61 @ 1 =   0.002#, Out:   0.000#   0.000#   0.000f

   S-matrix    2 =    1.00000   0.00000 for L=   61, J=   61.5 channel on core I =   1.5 from L=   61,  Acc. loss =  0.0 D.
 Elastic phase shift   2 =    0.000   0.000 deg. for the L =   61, J =   61.5 channel.
      62.0  1.00000000  0.00000011i: elastic S-matrix  @@      0.02  0   0 F  0
 Reaction Xsec    62.0+/61 @ 2 =   0.002#, Out:   0.000#   0.000#   0.000f

   S-matrix    3 =    1.00000   0.00000 for L=   63, J=   62.5 channel on core I =   1.5 from L=   63,  Acc. loss =  0.0 D.
 Elastic phase shift   3 =    0.000   0.000 deg. for the L =   63, J =   62.5 channel.
      62.0  1.00000000  0.00000005i: elastic S-matrix  @@      0.00  0   0 F  0
 Reaction Xsec    62.0+/63 @ 3 =   0.001#, Out:   0.000#   0.000#   0.000f

   S-matrix    4 =    1.00000   0.00000 for L=   63, J=   63.5 channel on core I =   1.5 from L=   63,  Acc. loss =  0.0 D.
 Elastic phase shift   4 =    0.000   0.000 deg. for the L =   63, J =   63.5 channel.
      62.0  1.00000000  0.00000005i: elastic S-matrix  @@      0.00  0   0 F  0
 Reaction Xsec    62.0+/63 @ 4 =   0.001#, Out:   0.000#   0.000#   0.000f


 Total SPIN, PARITY =    62.0 -,      4 chs,      0 cc.  Rmin & Coul turning =    5.0   16.4
   S-matrix    1 =    1.00000   0.00000 for L=   60, J=   60.5 channel on core I =   1.5 from L=   60,  Acc. loss =  0.0 D.
 Elastic phase shift   1 =    0.000   0.000 deg. for the L =   60, J =   60.5 channel.
      62.0  1.00000000  0.00000007i: elastic S-matrix  @@      0.00  0   0 F  0
 Reaction Xsec    62.0-/60 @ 1 =   0.004#, Out:   0.000#   0.000#   0.000f

   S-matrix    2 =    1.00000   0.00000 for L=   62, J=   61.5 channel on core I =   1.5 from L=   62,  Acc. loss =  0.0 D.
 Elastic phase shift   2 =    0.000   0.000 deg. for the L =   62, J =   61.5 channel.
      62.0  1.00000000  0.00000010i: elastic S-matrix  @@      0.00  0   0 F  0
 Reaction Xsec    62.0-/62 @ 2 =   0.001#, Out:   0.000#   0.000#   0.000f

   S-matrix    3 =    1.00000   0.00000 for L=   62, J=   62.5 channel on core I =   1.5 from L=   62,  Acc. loss =  0.0 D.
 Elastic phase shift   3 =    0.000   0.000 deg. for the L =   62, J =   62.5 channel.
      62.0  1.00000000  0.00000010i: elastic S-matrix  @@      0.00  0   0 F  0
 Reaction Xsec    62.0-/62 @ 3 =   0.001#, Out:   0.000#   0.000#   0.000f

   S-matrix    4 =    1.00000   0.00000 for L=   64, J=   63.5 channel on core I =   1.5 from L=   64,  Acc. loss =  0.0 D.
 Elastic phase shift   4 =    0.000   0.000 deg. for the L =   64, J =   63.5 channel.
      62.0  1.00000000  0.00000008i: elastic S-matrix  @@      0.00  0   0 F  0
 Reaction Xsec    62.0-/64 @ 4 =   0.000#, Out:   0.000#   0.000#   0.000f


 Total SPIN, PARITY =    63.0 +,      4 chs,      0 cc.  Rmin & Coul turning =    5.0   16.7
   S-matrix    1 =    1.00000   0.00000 for L=   61, J=   61.5 channel on core I =   1.5 from L=   61,  Acc. loss =  0.0 D.
 Elastic phase shift   1 =    0.000   0.000 deg. for the L =   61, J =   61.5 channel.
      63.0  1.00000000  0.00000011i: elastic S-matrix  @@      0.00  0   0 F  0
 Reaction Xsec    63.0+/61 @ 1 =   0.002#, Out:   0.000#   0.000#   0.000f

   S-matrix    2 =    1.00000   0.00000 for L=   63, J=   62.5 channel on core I =   1.5 from L=   63,  Acc. loss =  0.0 D.
 Elastic phase shift   2 =    0.000   0.000 deg. for the L =   63, J =   62.5 channel.
      63.0  1.00000000  0.00000005i: elastic S-matrix  @@      0.00  0   0 F  0
 Reaction Xsec    63.0+/63 @ 2 =   0.001#, Out:   0.000#   0.000#   0.000f

   S-matrix    3 =    1.00000   0.00000 for L=   63, J=   63.5 channel on core I =   1.5 from L=   63,  Acc. loss =  0.0 D.
 Elastic phase shift   3 =    0.000   0.000 deg. for the L =   63, J =   63.5 channel.
      63.0  1.00000000  0.00000005i: elastic S-matrix  @@      0.00  0   0 F  0
 Reaction Xsec    63.0+/63 @ 3 =   0.001#, Out:   0.000#   0.000#   0.000f

   S-matrix    4 =    1.00000   0.00000 for L=   65, J=   64.5 channel on core I =   1.5 from L=   65,  Acc. loss =  0.0 D.
 Elastic phase shift   4 =    0.000   0.000 deg. for the L =   65, J =   64.5 channel.
      63.0  1.00000000  0.00000009i: elastic S-matrix  @@      0.00  0   0 F  0
 Reaction Xsec    63.0+/65 @ 4 =   0.000#, Out:   0.000#   0.000#   0.000f


 Total SPIN, PARITY =    63.0 -,      5 chs,      0 cc.  Rmin & Coul turning =    5.0   16.7
   S-matrix    1 =    1.00000   0.00000 for L=   62, J=   61.5 channel on core I =   1.5 from L=   62,  Acc. loss =  0.0 D.
 Elastic phase shift   1 =    0.000   0.000 deg. for the L =   62, J =   61.5 channel.
      63.0  1.00000000  0.00000010i: elastic S-matrix  @@      0.02  0   0 F  0
 Reaction Xsec    63.0-/62 @ 1 =   0.001#, Out:   0.000#   0.000#   0.000f

   S-matrix    2 =    1.00000   0.00000 for L=   62, J=   62.5 channel on core I =   1.5 from L=   62,  Acc. loss =  0.0 D.
 Elastic phase shift   2 =    0.000   0.000 deg. for the L =   62, J =   62.5 channel.
      63.0  1.00000000  0.00000010i: elastic S-matrix  @@      0.02  0   0 F  0
 Reaction Xsec    63.0-/62 @ 2 =   0.001#, Out:   0.000#   0.000#   0.000f

   S-matrix    3 =    1.00000   0.00000 for L=   64, J=   63.5 channel on core I =   1.5 from L=   64,  Acc. loss =  0.0 D.
 Elastic phase shift   3 =    0.000   0.000 deg. for the L =   64, J =   63.5 channel.
      63.0  1.00000000  0.00000008i: elastic S-matrix  @@      0.00  0   0 F  0
 Reaction Xsec    63.0-/64 @ 3 =   0.000#, Out:   0.000#   0.000#   0.000f

   S-matrix    4 =    1.00000   0.00000 for L=   64, J=   64.5 channel on core I =   1.5 from L=   64,  Acc. loss =  0.0 D.
 Elastic phase shift   4 =    0.000   0.000 deg. for the L =   64, J =   64.5 channel.
      63.0  1.00000000  0.00000008i: elastic S-matrix  @@      0.00  0   0 F  0
 Reaction Xsec    63.0-/64 @ 4 =   0.000#, Out:   0.000#   0.000#   0.000f


 Total SPIN, PARITY =    64.0 +,      5 chs,      0 cc.  Rmin & Coul turning =    5.1   16.9
   S-matrix    1 =    1.00000   0.00000 for L=   63, J=   62.5 channel on core I =   1.5 from L=   63,  Acc. loss =  0.0 D.
 Elastic phase shift   1 =    0.000   0.000 deg. for the L =   63, J =   62.5 channel.
      64.0  1.00000000  0.00000005i: elastic S-matrix  @@      0.02  0   0 F  0
 Reaction Xsec    64.0+/63 @ 1 =   0.001#, Out:   0.000#   0.000#   0.000f

   S-matrix    2 =    1.00000   0.00000 for L=   63, J=   63.5 channel on core I =   1.5 from L=   63,  Acc. loss =  0.0 D.
 Elastic phase shift   2 =    0.000   0.000 deg. for the L =   63, J =   63.5 channel.
      64.0  1.00000000  0.00000005i: elastic S-matrix  @@      0.00  0   0 F  0
 Reaction Xsec    64.0+/63 @ 2 =   0.001#, Out:   0.000#   0.000#   0.000f

   S-matrix    3 =    1.00000   0.00000 for L=   65, J=   64.5 channel on core I =   1.5 from L=   65,  Acc. loss =  0.0 D.
 Elastic phase shift   3 =    0.000   0.000 deg. for the L =   65, J =   64.5 channel.
      64.0  1.00000000  0.00000009i: elastic S-matrix  @@      0.02  0   0 F  0
 Reaction Xsec    64.0+/65 @ 3 =   0.000#, Out:   0.000#   0.000#   0.000f

   S-matrix    4 =    1.00000   0.00000 for L=   65, J=   65.5 channel on core I =   1.5 from L=   65,  Acc. loss =  0.0 D.
 Elastic phase shift   4 =    0.000   0.000 deg. for the L =   65, J =   65.5 channel.
      64.0  1.00000000  0.00000009i: elastic S-matrix  @@      0.00  0   0 F  0
 Reaction Xsec    64.0+/65 @ 4 =   0.000#, Out:   0.000#   0.000#   0.000f


 Total SPIN, PARITY =    64.0 -,      4 chs,      0 cc.  Rmin & Coul turning =    5.1   16.9
   S-matrix    1 =    1.00000   0.00000 for L=   62, J=   62.5 channel on core I =   1.5 from L=   62,  Acc. loss =  0.0 D.
 Elastic phase shift   1 =    0.000   0.000 deg. for the L =   62, J =   62.5 channel.
      64.0  1.00000000  0.00000010i: elastic S-matrix  @@      0.00  0   0 F  0
 Reaction Xsec    64.0-/62 @ 1 =   0.001#, Out:   0.000#   0.000#   0.000f

   S-matrix    2 =    1.00000   0.00000 for L=   64, J=   63.5 channel on core I =   1.5 from L=   64,  Acc. loss =  0.0 D.
 Elastic phase shift   2 =    0.000   0.000 deg. for the L =   64, J =   63.5 channel.
      64.0  1.00000000  0.00000008i: elastic S-matrix  @@      0.00  0   0 F  0
 Reaction Xsec    64.0-/64 @ 2 =   0.000#, Out:   0.000#   0.000#   0.000f

   S-matrix    3 =    1.00000   0.00000 for L=   64, J=   64.5 channel on core I =   1.5 from L=   64,  Acc. loss =  0.0 D.
 Elastic phase shift   3 =    0.000   0.000 deg. for the L =   64, J =   64.5 channel.
      64.0  1.00000000  0.00000008i: elastic S-matrix  @@      0.00  0   0 F  0
 Reaction Xsec    64.0-/64 @ 3 =   0.000#, Out:   0.000#   0.000#   0.000f

   S-matrix    4 =    1.00000   0.00000 for L=   66, J=   65.5 channel on core I =   1.5 from L=   66,  Acc. loss =  0.0 D.
 Elastic phase shift   4 =    0.000   0.000 deg. for the L =   66, J =   65.5 channel.
      64.0  1.00000000  0.00000003i: elastic S-matrix  @@      0.00  0   0 F  0
 Reaction Xsec    64.0-/66 @ 4 =   0.000#, Out:   0.000#   0.000#   0.000f


 Total SPIN, PARITY =    65.0 +,      4 chs,      0 cc.  Rmin & Coul turning =    5.2   17.2
   S-matrix    1 =    1.00000   0.00000 for L=   63, J=   63.5 channel on core I =   1.5 from L=   63,  Acc. loss =  0.0 D.
 Elastic phase shift   1 =    0.000   0.000 deg. for the L =   63, J =   63.5 channel.
      65.0  1.00000000  0.00000005i: elastic S-matrix  @@      0.00  0   0 F  0
 Reaction Xsec    65.0+/63 @ 1 =   0.001#, Out:   0.000#   0.000#   0.000f

   S-matrix    2 =    1.00000   0.00000 for L=   65, J=   64.5 channel on core I =   1.5 from L=   65,  Acc. loss =  0.0 D.
 Elastic phase shift   2 =    0.000   0.000 deg. for the L =   65, J =   64.5 channel.
      65.0  1.00000000  0.00000009i: elastic S-matrix  @@      0.00  0   0 F  0
 Reaction Xsec    65.0+/65 @ 2 =   0.000#, Out:   0.000#   0.000#   0.000f

   S-matrix    3 =    1.00000   0.00000 for L=   65, J=   65.5 channel on core I =   1.5 from L=   65,  Acc. loss =  0.0 D.
 Elastic phase shift   3 =    0.000   0.000 deg. for the L =   65, J =   65.5 channel.
      65.0  1.00000000  0.00000009i: elastic S-matrix  @@      0.00  0   0 F  0
 Reaction Xsec    65.0+/65 @ 3 =   0.000#, Out:   0.000#   0.000#   0.000f

   S-matrix    4 =    1.00000   0.00000 for L=   67, J=   66.5 channel on core I =   1.5 from L=   67,  Acc. loss =  0.0 D.
 Elastic phase shift   4 =    0.000   0.000 deg. for the L =   67, J =   66.5 channel.
      65.0  1.00000000  0.00000005i: elastic S-matrix  @@      0.00  0   0 F  0
 Reaction Xsec    65.0+/67 @ 4 =   0.000#, Out:   0.000#   0.000#   0.000f


 Total SPIN, PARITY =    65.0 -,      5 chs,      0 cc.  Rmin & Coul turning =    5.2   17.2
   S-matrix    1 =    1.00000   0.00000 for L=   64, J=   63.5 channel on core I =   1.5 from L=   64,  Acc. loss =  0.0 D.
 Elastic phase shift   1 =    0.000   0.000 deg. for the L =   64, J =   63.5 channel.
      65.0  1.00000000  0.00000008i: elastic S-matrix  @@      0.02  0   0 F  0
 Reaction Xsec    65.0-/64 @ 1 =   0.000#, Out:   0.000#   0.000#   0.000f

   S-matrix    2 =    1.00000   0.00000 for L=   64, J=   64.5 channel on core I =   1.5 from L=   64,  Acc. loss =  0.0 D.
 Elastic phase shift   2 =    0.000   0.000 deg. for the L =   64, J =   64.5 channel.
      65.0  1.00000000  0.00000008i: elastic S-matrix  @@      0.00  0   0 F  0
 Reaction Xsec    65.0-/64 @ 2 =   0.000#, Out:   0.000#   0.000#   0.000f

   S-matrix    3 =    1.00000   0.00000 for L=   66, J=   65.5 channel on core I =   1.5 from L=   66,  Acc. loss =  0.0 D.
 Elastic phase shift   3 =    0.000   0.000 deg. for the L =   66, J =   65.5 channel.
      65.0  1.00000000  0.00000003i: elastic S-matrix  @@      0.02  0   0 F  0
 Reaction Xsec    65.0-/66 @ 3 =   0.000#, Out:   0.000#   0.000#   0.000f

   S-matrix    4 =    1.00000   0.00000 for L=   66, J=   66.5 channel on core I =   1.5 from L=   66,  Acc. loss =  0.0 D.
 Elastic phase shift   4 =    0.000   0.000 deg. for the L =   66, J =   66.5 channel.
      65.0  1.00000000  0.00000003i: elastic S-matrix  @@      0.00  0   0 F  0
 Reaction Xsec    65.0-/66 @ 4 =   0.000#, Out:   0.000#   0.000#   0.000f


 Total SPIN, PARITY =    66.0 +,      5 chs,      0 cc.  Rmin & Coul turning =    5.2   17.5
   S-matrix    1 =    1.00000   0.00000 for L=   65, J=   64.5 channel on core I =   1.5 from L=   65,  Acc. loss =  0.0 D.
 Elastic phase shift   1 =    0.000   0.000 deg. for the L =   65, J =   64.5 channel.
      66.0  1.00000000  0.00000009i: elastic S-matrix  @@      0.02  0   0 F  0
 Reaction Xsec    66.0+/65 @ 1 =   0.000#, Out:   0.000#   0.000#   0.000f

   S-matrix    2 =    1.00000   0.00000 for L=   65, J=   65.5 channel on core I =   1.5 from L=   65,  Acc. loss =  0.0 D.
 Elastic phase shift   2 =    0.000   0.000 deg. for the L =   65, J =   65.5 channel.
0****** WARNING : ACCURACY LOSS IN ERWIN = 14.3 DIGITS, SO EXPECT ERRORS OF   0.0000 % OF UNITARITY

      66.0  1.00000000  0.00000009i: elastic S-matrix  @@      0.00  0   0 F  0
 Reaction Xsec    66.0+/65 @ 2 =   0.000#, Out:   0.000#   0.000#   0.000f

   S-matrix    3 =    1.00000   0.00000 for L=   67, J=   66.5 channel on core I =   1.5 from L=   67,  Acc. loss =  0.0 D.
 Elastic phase shift   3 =    0.000   0.000 deg. for the L =   67, J =   66.5 channel.
0****** WARNING : ACCURACY LOSS IN ERWIN = 14.4 DIGITS, SO EXPECT ERRORS OF   0.0000 % OF UNITARITY

      66.0  1.00000000  0.00000005i: elastic S-matrix  @@      0.00  0   0 F  0
 Reaction Xsec    66.0+/67 @ 3 =   0.000#, Out:   0.000#   0.000#   0.000f

   S-matrix    4 =    1.00000   0.00000 for L=   67, J=   67.5 channel on core I =   1.5 from L=   67,  Acc. loss =  0.0 D.
 Elastic phase shift   4 =    0.000   0.000 deg. for the L =   67, J =   67.5 channel.
      66.0  1.00000000  0.00000005i: elastic S-matrix  @@      0.02  0   0 F  0
 Reaction Xsec    66.0+/67 @ 4 =   0.000#, Out:   0.000#   0.000#   0.000f


 Total SPIN, PARITY =    66.0 -,      4 chs,      0 cc.  Rmin & Coul turning =    5.2   17.5
   S-matrix    1 =    1.00000   0.00000 for L=   64, J=   64.5 channel on core I =   1.5 from L=   64,  Acc. loss =  0.0 D.
 Elastic phase shift   1 =    0.000   0.000 deg. for the L =   64, J =   64.5 channel.
      66.0  1.00000000  0.00000008i: elastic S-matrix  @@      0.00  0   0 F  0
 Reaction Xsec    66.0-/64 @ 1 =   0.000#, Out:   0.000#   0.000#   0.000f

   S-matrix    2 =    1.00000   0.00000 for L=   66, J=   65.5 channel on core I =   1.5 from L=   66,  Acc. loss =  0.0 D.
 Elastic phase shift   2 =    0.000   0.000 deg. for the L =   66, J =   65.5 channel.
      66.0  1.00000000  0.00000003i: elastic S-matrix  @@      0.00  0   0 F  0
 Reaction Xsec    66.0-/66 @ 2 =   0.000#, Out:   0.000#   0.000#   0.000f

   S-matrix    3 =    1.00000   0.00000 for L=   66, J=   66.5 channel on core I =   1.5 from L=   66,  Acc. loss =  0.0 D.
 Elastic phase shift   3 =    0.000   0.000 deg. for the L =   66, J =   66.5 channel.
      66.0  1.00000000  0.00000003i: elastic S-matrix  @@      0.00  0   0 F  0
 Reaction Xsec    66.0-/66 @ 3 =   0.000#, Out:   0.000#   0.000#   0.000f

   S-matrix    4 =    1.00000   0.00000 for L=   68, J=   67.5 channel on core I =   1.5 from L=   68,  Acc. loss =  0.0 D.
 Elastic phase shift   4 =    0.000   0.000 deg. for the L =   68, J =   67.5 channel.
      66.0  1.00000000  0.00000008i: elastic S-matrix  @@      0.00  0   0 F  0
 Reaction Xsec    66.0-/68 @ 4 =   0.000#, Out:   0.000#   0.000#   0.000f


 Total SPIN, PARITY =    67.0 +,      4 chs,      0 cc.  Rmin & Coul turning =    5.4   17.7
   S-matrix    1 =    1.00000   0.00000 for L=   65, J=   65.5 channel on core I =   1.5 from L=   65,  Acc. loss =  0.0 D.
 Elastic phase shift   1 =    0.000   0.000 deg. for the L =   65, J =   65.5 channel.
      67.0  1.00000000  0.00000009i: elastic S-matrix  @@      0.00  0   0 F  0
 Reaction Xsec    67.0+/65 @ 1 =   0.000#, Out:   0.000#   0.000#   0.000f

   S-matrix    2 =    1.00000   0.00000 for L=   67, J=   66.5 channel on core I =   1.5 from L=   67,  Acc. loss =  0.0 D.
 Elastic phase shift   2 =    0.000   0.000 deg. for the L =   67, J =   66.5 channel.
      67.0  1.00000000  0.00000005i: elastic S-matrix  @@      0.00  0   0 F  0
 Reaction Xsec    67.0+/67 @ 2 =   0.000#, Out:   0.000#   0.000#   0.000f

   S-matrix    3 =    1.00000   0.00000 for L=   67, J=   67.5 channel on core I =   1.5 from L=   67,  Acc. loss =  0.0 D.
 Elastic phase shift   3 =    0.000   0.000 deg. for the L =   67, J =   67.5 channel.
      67.0  1.00000000  0.00000005i: elastic S-matrix  @@      0.00  0   0 F  0
 Reaction Xsec    67.0+/67 @ 3 =   0.000#, Out:   0.000#   0.000#   0.000f

   S-matrix    4 =    1.00000   0.00000 for L=   69, J=   68.5 channel on core I =   1.5 from L=   69,  Acc. loss =  0.0 D.
 Elastic phase shift   4 =    0.000   0.000 deg. for the L =   69, J =   68.5 channel.
      67.0  1.00000000  0.00000003i: elastic S-matrix  @@      0.00  0   0 F  0
 Reaction Xsec    67.0+/69 @ 4 =   0.000#, Out:   0.000#   0.000#   0.000f


 Total SPIN, PARITY =    67.0 -,      5 chs,      0 cc.  Rmin & Coul turning =    5.4   17.7
   S-matrix    1 =    1.00000   0.00000 for L=   66, J=   65.5 channel on core I =   1.5 from L=   66,  Acc. loss =  0.0 D.
 Elastic phase shift   1 =    0.000   0.000 deg. for the L =   66, J =   65.5 channel.
0****** WARNING : ACCURACY LOSS IN ERWIN = 14.5 DIGITS, SO EXPECT ERRORS OF   0.0000 % OF UNITARITY

      67.0  1.00000000  0.00000003i: elastic S-matrix  @@      0.02  0   0 F  0
 Reaction Xsec    67.0-/66 @ 1 =   0.000#, Out:   0.000#   0.000#   0.000f

   S-matrix    2 =    1.00000   0.00000 for L=   66, J=   66.5 channel on core I =   1.5 from L=   66,  Acc. loss =  0.0 D.
 Elastic phase shift   2 =    0.000   0.000 deg. for the L =   66, J =   66.5 channel.
0****** WARNING : ACCURACY LOSS IN ERWIN = 14.2 DIGITS, SO EXPECT ERRORS OF   0.0000 % OF UNITARITY

      67.0  1.00000000  0.00000003i: elastic S-matrix  @@      0.00  0   0 F  0
 Reaction Xsec    67.0-/66 @ 2 =   0.000#, Out:   0.000#   0.000#   0.000f

   S-matrix    3 =    1.00000   0.00000 for L=   68, J=   67.5 channel on core I =   1.5 from L=   68,  Acc. loss =  0.0 D.
 Elastic phase shift   3 =    0.000   0.000 deg. for the L =   68, J =   67.5 channel.
0****** WARNING : ACCURACY LOSS IN ERWIN = 14.6 DIGITS, SO EXPECT ERRORS OF   0.0000 % OF UNITARITY

      67.0  1.00000000  0.00000008i: elastic S-matrix  @@      0.00  0   0 F  0
 Reaction Xsec    67.0-/68 @ 3 =   0.000#, Out:   0.000#   0.000#   0.000f

   S-matrix    4 =    1.00000   0.00000 for L=   68, J=   68.5 channel on core I =   1.5 from L=   68,  Acc. loss =  0.0 D.
 Elastic phase shift   4 =    0.000   0.000 deg. for the L =   68, J =   68.5 channel.
0****** WARNING : ACCURACY LOSS IN ERWIN = 14.8 DIGITS, SO EXPECT ERRORS OF   0.0000 % OF UNITARITY

      67.0  1.00000000  0.00000008i: elastic S-matrix  @@      0.02  0   0 F  0
 Reaction Xsec    67.0-/68 @ 4 =   0.000#, Out:   0.000#   0.000#   0.000f


 Total SPIN, PARITY =    68.0 +,      5 chs,      0 cc.  Rmin & Coul turning =    5.4   18.0
   S-matrix    1 =    1.00000   0.00000 for L=   67, J=   66.5 channel on core I =   1.5 from L=   67,  Acc. loss =  0.0 D.
 Elastic phase shift   1 =    0.000   0.000 deg. for the L =   67, J =   66.5 channel.
0****** WARNING : ACCURACY LOSS IN ERWIN = 14.2 DIGITS, SO EXPECT ERRORS OF   0.0000 % OF UNITARITY

      68.0  1.00000000  0.00000005i: elastic S-matrix  @@      0.00  0   0 F  0
 Reaction Xsec    68.0+/67 @ 1 =   0.000#, Out:   0.000#   0.000#   0.000f

   S-matrix    2 =    1.00000   0.00000 for L=   67, J=   67.5 channel on core I =   1.5 from L=   67,  Acc. loss =  0.0 D.
 Elastic phase shift   2 =    0.000   0.000 deg. for the L =   67, J =   67.5 channel.
0****** WARNING : ACCURACY LOSS IN ERWIN = 14.2 DIGITS, SO EXPECT ERRORS OF   0.0000 % OF UNITARITY

      68.0  1.00000000  0.00000005i: elastic S-matrix  @@      0.02  0   0 F  0
 Reaction Xsec    68.0+/67 @ 2 =   0.000#, Out:   0.000#   0.000#   0.000f

   S-matrix    3 =    1.00000   0.00000 for L=   69, J=   68.5 channel on core I =   1.5 from L=   69,  Acc. loss =  0.0 D.
 Elastic phase shift   3 =    0.000   0.000 deg. for the L =   69, J =   68.5 channel.
      68.0  1.00000000  0.00000003i: elastic S-matrix  @@      0.00  0   0 F  0
 Reaction Xsec    68.0+/69 @ 3 =   0.000#, Out:   0.000#   0.000#   0.000f

   S-matrix    4 =    1.00000   0.00000 for L=   69, J=   69.5 channel on core I =   1.5 from L=   69,  Acc. loss =  0.0 D.
 Elastic phase shift   4 =    0.000   0.000 deg. for the L =   69, J =   69.5 channel.
0****** WARNING : ACCURACY LOSS IN ERWIN = 14.1 DIGITS, SO EXPECT ERRORS OF   0.0000 % OF UNITARITY

      68.0  1.00000000  0.00000003i: elastic S-matrix  @@      0.00  0   0 F  0
 Reaction Xsec    68.0+/69 @ 4 =   0.000#, Out:   0.000#   0.000#   0.000f


 Total SPIN, PARITY =    68.0 -,      4 chs,      0 cc.  Rmin & Coul turning =    5.4   18.0
   S-matrix    1 =    1.00000   0.00000 for L=   66, J=   66.5 channel on core I =   1.5 from L=   66,  Acc. loss =  0.0 D.
 Elastic phase shift   1 =    0.000   0.000 deg. for the L =   66, J =   66.5 channel.
      68.0  1.00000000  0.00000003i: elastic S-matrix  @@      0.00  0   0 F  0
 Reaction Xsec    68.0-/66 @ 1 =   0.000#, Out:   0.000#   0.000#   0.000f

   S-matrix    2 =    1.00000   0.00000 for L=   68, J=   67.5 channel on core I =   1.5 from L=   68,  Acc. loss =  0.0 D.
 Elastic phase shift   2 =    0.000   0.000 deg. for the L =   68, J =   67.5 channel.
      68.0  1.00000000  0.00000008i: elastic S-matrix  @@      0.00  0   0 F  0
 Reaction Xsec    68.0-/68 @ 2 =   0.000#, Out:   0.000#   0.000#   0.000f

   S-matrix    3 =    1.00000   0.00000 for L=   68, J=   68.5 channel on core I =   1.5 from L=   68,  Acc. loss =  0.0 D.
 Elastic phase shift   3 =    0.000   0.000 deg. for the L =   68, J =   68.5 channel.
      68.0  1.00000000  0.00000008i: elastic S-matrix  @@      0.00  0   0 F  0
 Reaction Xsec    68.0-/68 @ 3 =   0.000#, Out:   0.000#   0.000#   0.000f

   S-matrix    4 =    1.00000   0.00000 for L=   70, J=   69.5 channel on core I =   1.5 from L=   70,  Acc. loss =  0.0 D.
 Elastic phase shift   4 =    0.000   0.000 deg. for the L =   70, J =   69.5 channel.
      68.0  1.00000000  0.00000001i: elastic S-matrix  @@      0.00  0   0 F  0
 Reaction Xsec    68.0-/70 @ 4 =   0.000#, Out:   0.000#   0.000#   0.000f


 Total SPIN, PARITY =    69.0 +,      4 chs,      0 cc.  Rmin & Coul turning =    5.5   18.3
   S-matrix    1 =    1.00000   0.00000 for L=   67, J=   67.5 channel on core I =   1.5 from L=   67,  Acc. loss =  0.0 D.
 Elastic phase shift   1 =    0.000   0.000 deg. for the L =   67, J =   67.5 channel.
      69.0  1.00000000  0.00000005i: elastic S-matrix  @@      0.00  0   0 F  0
 Reaction Xsec    69.0+/67 @ 1 =   0.000#, Out:   0.000#   0.000#   0.000f

   S-matrix    2 =    1.00000   0.00000 for L=   69, J=   68.5 channel on core I =   1.5 from L=   69,  Acc. loss =  0.0 D.
 Elastic phase shift   2 =    0.000   0.000 deg. for the L =   69, J =   68.5 channel.
      69.0  1.00000000  0.00000003i: elastic S-matrix  @@      0.00  0   0 F  0
 Reaction Xsec    69.0+/69 @ 2 =   0.000#, Out:   0.000#   0.000#   0.000f

   S-matrix    3 =    1.00000   0.00000 for L=   69, J=   69.5 channel on core I =   1.5 from L=   69,  Acc. loss =  0.0 D.
 Elastic phase shift   3 =    0.000   0.000 deg. for the L =   69, J =   69.5 channel.
      69.0  1.00000000  0.00000003i: elastic S-matrix  @@      0.00  0   0 F  0
 Reaction Xsec    69.0+/69 @ 3 =   0.000#, Out:   0.000#   0.000#   0.000f

   S-matrix    4 =    1.00000   0.00000 for L=   71, J=   70.5 channel on core I =   1.5 from L=   71,  Acc. loss =  0.0 D.
 Elastic phase shift   4 =    0.000   0.000 deg. for the L =   71, J =   70.5 channel.
      69.0  1.00000000  0.00000006i: elastic S-matrix  @@      0.00  0   0 F  0
 Reaction Xsec    69.0+/71 @ 4 =   0.000#, Out:   0.000#   0.000#   0.000f


 Total SPIN, PARITY =    69.0 -,      5 chs,      0 cc.  Rmin & Coul turning =    5.5   18.3
   S-matrix    1 =    1.00000   0.00000 for L=   68, J=   67.5 channel on core I =   1.5 from L=   68,  Acc. loss =  0.0 D.
 Elastic phase shift   1 =    0.000   0.000 deg. for the L =   68, J =   67.5 channel.
0****** WARNING : ACCURACY LOSS IN ERWIN = 14.3 DIGITS, SO EXPECT ERRORS OF   0.0000 % OF UNITARITY

      69.0  1.00000000  0.00000008i: elastic S-matrix  @@      0.02  0   0 F  0
 Reaction Xsec    69.0-/68 @ 1 =   0.000#, Out:   0.000#   0.000#   0.000f

   S-matrix    2 =    1.00000   0.00000 for L=   68, J=   68.5 channel on core I =   1.5 from L=   68,  Acc. loss =  0.0 D.
 Elastic phase shift   2 =    0.000   0.000 deg. for the L =   68, J =   68.5 channel.
0****** WARNING : ACCURACY LOSS IN ERWIN = 14.8 DIGITS, SO EXPECT ERRORS OF   0.0000 % OF UNITARITY

      69.0  1.00000000  0.00000008i: elastic S-matrix  @@      0.02  0   0 F  0
 Reaction Xsec    69.0-/68 @ 2 =   0.000#, Out:   0.000#   0.000#   0.000f

   S-matrix    3 =    1.00000   0.00000 for L=   70, J=   69.5 channel on core I =   1.5 from L=   70,  Acc. loss =  0.0 D.
 Elastic phase shift   3 =    0.000   0.000 deg. for the L =   70, J =   69.5 channel.
0****** WARNING : ACCURACY LOSS IN ERWIN = 14.9 DIGITS, SO EXPECT ERRORS OF   0.0000 % OF UNITARITY

      69.0  1.00000000  0.00000001i: elastic S-matrix  @@      0.00  0   0 F  0
 Reaction Xsec    69.0-/70 @ 3 =   0.000#, Out:   0.000#   0.000#   0.000f

   S-matrix    4 =    1.00000   0.00000 for L=   70, J=   70.5 channel on core I =   1.5 from L=   70,  Acc. loss =  0.0 D.
 Elastic phase shift   4 =    0.000   0.000 deg. for the L =   70, J =   70.5 channel.
0****** WARNING : ACCURACY LOSS IN ERWIN = 15.0 DIGITS, SO EXPECT ERRORS OF   0.0000 % OF UNITARITY

      69.0  1.00000000  0.00000001i: elastic S-matrix  @@      0.00  0   0 F  0
 Reaction Xsec    69.0-/70 @ 4 =   0.000#, Out:   0.000#   0.000#   0.000f


 Total SPIN, PARITY =    70.0 +,      5 chs,      0 cc.  Rmin & Coul turning =    5.6   18.5
   S-matrix    1 =    1.00000   0.00000 for L=   69, J=   68.5 channel on core I =   1.5 from L=   69,  Acc. loss =  0.0 D.
 Elastic phase shift   1 =    0.000   0.000 deg. for the L =   69, J =   68.5 channel.
0****** WARNING : ACCURACY LOSS IN ERWIN = 14.6 DIGITS, SO EXPECT ERRORS OF   0.0000 % OF UNITARITY

      70.0  1.00000000  0.00000003i: elastic S-matrix  @@      0.02  0   0 F  0
 Reaction Xsec    70.0+/69 @ 1 =   0.000#, Out:   0.000#   0.000#   0.000f

   S-matrix    2 =    1.00000   0.00000 for L=   69, J=   69.5 channel on core I =   1.5 from L=   69,  Acc. loss =  0.0 D.
 Elastic phase shift   2 =    0.000   0.000 deg. for the L =   69, J =   69.5 channel.
      70.0  1.00000000  0.00000003i: elastic S-matrix  @@      0.00  0   0 F  0
 Reaction Xsec    70.0+/69 @ 2 =   0.000#, Out:   0.000#   0.000#   0.000f

   S-matrix    3 =    1.00000   0.00000 for L=   71, J=   70.5 channel on core I =   1.5 from L=   71,  Acc. loss =  0.0 D.
 Elastic phase shift   3 =    0.000   0.000 deg. for the L =   71, J =   70.5 channel.
      70.0  1.00000000  0.00000006i: elastic S-matrix  @@      0.02  0   0 F  0
 Reaction Xsec    70.0+/71 @ 3 =   0.000#, Out:   0.000#   0.000#   0.000f

   S-matrix    4 =    1.00000   0.00000 for L=   71, J=   71.5 channel on core I =   1.5 from L=   71,  Acc. loss =  0.0 D.
 Elastic phase shift   4 =    0.000   0.000 deg. for the L =   71, J =   71.5 channel.
      70.0  1.00000000  0.00000006i: elastic S-matrix  @@      0.00  0   0 F  0
 Reaction Xsec    70.0+/71 @ 4 =   0.000#, Out:   0.000#   0.000#   0.000f


 Total SPIN, PARITY =    70.0 -,      4 chs,      0 cc.  Rmin & Coul turning =    5.6   18.5
   S-matrix    1 =    1.00000   0.00000 for L=   68, J=   68.5 channel on core I =   1.5 from L=   68,  Acc. loss =  0.0 D.
 Elastic phase shift   1 =    0.000   0.000 deg. for the L =   68, J =   68.5 channel.
      70.0  1.00000000  0.00000008i: elastic S-matrix  @@      0.00  0   0 F  0
 Reaction Xsec    70.0-/68 @ 1 =   0.000#, Out:   0.000#   0.000#   0.000f

   S-matrix    2 =    1.00000   0.00000 for L=   70, J=   69.5 channel on core I =   1.5 from L=   70,  Acc. loss =  0.0 D.
 Elastic phase shift   2 =    0.000   0.000 deg. for the L =   70, J =   69.5 channel.
      70.0  1.00000000  0.00000001i: elastic S-matrix  @@      0.00  0   0 F  0
 Reaction Xsec    70.0-/70 @ 2 =   0.000#, Out:   0.000#   0.000#   0.000f

   S-matrix    3 =    1.00000   0.00000 for L=   70, J=   70.5 channel on core I =   1.5 from L=   70,  Acc. loss =  0.0 D.
 Elastic phase shift   3 =    0.000   0.000 deg. for the L =   70, J =   70.5 channel.
      70.0  1.00000000  0.00000001i: elastic S-matrix  @@      0.00  0   0 F  0
 Reaction Xsec    70.0-/70 @ 3 =   0.000#, Out:   0.000#   0.000#   0.000f

   S-matrix    4 =    1.00000   0.00000 for L=   72, J=   71.5 channel on core I =   1.5 from L=   72,  Acc. loss =  0.0 D.
 Elastic phase shift   4 =    0.000   0.000 deg. for the L =   72, J =   71.5 channel.
      70.0  1.00000000  0.00000004i: elastic S-matrix  @@      0.00  0   0 F  0
 Reaction Xsec    70.0-/72 @ 4 =   0.000#, Out:   0.000#   0.000#   0.000f


 Total SPIN, PARITY =    71.0 +,      4 chs,      0 cc.  Rmin & Coul turning =    5.7   18.8
   S-matrix    1 =    1.00000   0.00000 for L=   69, J=   69.5 channel on core I =   1.5 from L=   69,  Acc. loss =  0.0 D.
 Elastic phase shift   1 =    0.000   0.000 deg. for the L =   69, J =   69.5 channel.
      71.0  1.00000000  0.00000003i: elastic S-matrix  @@      0.00  0   0 F  0
 Reaction Xsec    71.0+/69 @ 1 =   0.000#, Out:   0.000#   0.000#   0.000f

   S-matrix    2 =    1.00000   0.00000 for L=   71, J=   70.5 channel on core I =   1.5 from L=   71,  Acc. loss =  0.0 D.
 Elastic phase shift   2 =    0.000   0.000 deg. for the L =   71, J =   70.5 channel.
      71.0  1.00000000  0.00000006i: elastic S-matrix  @@      0.00  0   0 F  0
 Reaction Xsec    71.0+/71 @ 2 =   0.000#, Out:   0.000#   0.000#   0.000f

   S-matrix    3 =    1.00000   0.00000 for L=   71, J=   71.5 channel on core I =   1.5 from L=   71,  Acc. loss =  0.0 D.
 Elastic phase shift   3 =    0.000   0.000 deg. for the L =   71, J =   71.5 channel.
      71.0  1.00000000  0.00000006i: elastic S-matrix  @@      0.00  0   0 F  0
 Reaction Xsec    71.0+/71 @ 3 =   0.000#, Out:   0.000#   0.000#   0.000f

   S-matrix    4 =    1.00000  -0.00000 for L=   73, J=   72.5 channel on core I =   1.5 from L=   73,  Acc. loss =  0.0 D.
 Elastic phase shift   4 =   -0.000   0.000 deg. for the L =   73, J =   72.5 channel.
      71.0  1.00000000 -0.00000001i: elastic S-matrix  @@      0.00  0   0 F  0
 Reaction Xsec    71.0+/73 @ 4 =   0.000#, Out:   0.000#   0.000#   0.000f


 Total SPIN, PARITY =    71.0 -,      5 chs,      0 cc.  Rmin & Coul turning =    5.7   18.8
   S-matrix    1 =    1.00000   0.00000 for L=   70, J=   69.5 channel on core I =   1.5 from L=   70,  Acc. loss =  0.0 D.
 Elastic phase shift   1 =    0.000   0.000 deg. for the L =   70, J =   69.5 channel.
0****** WARNING : ACCURACY LOSS IN ERWIN = 14.7 DIGITS, SO EXPECT ERRORS OF   0.0000 % OF UNITARITY

      71.0  1.00000000  0.00000001i: elastic S-matrix  @@      0.02  0   0 F  0
 Reaction Xsec    71.0-/70 @ 1 =   0.000#, Out:   0.000#   0.000#   0.000f

   S-matrix    2 =    1.00000   0.00000 for L=   70, J=   70.5 channel on core I =   1.5 from L=   70,  Acc. loss =  0.0 D.
 Elastic phase shift   2 =    0.000   0.000 deg. for the L =   70, J =   70.5 channel.
0****** WARNING : ACCURACY LOSS IN ERWIN = 15.2 DIGITS, SO EXPECT ERRORS OF   0.0000 % OF UNITARITY

      71.0  1.00000000  0.00000001i: elastic S-matrix  @@      0.00  0   0 F  0
 Reaction Xsec    71.0-/70 @ 2 =   0.000#, Out:   0.000#   0.000#   0.000f

   S-matrix    3 =    1.00000   0.00000 for L=   72, J=   71.5 channel on core I =   1.5 from L=   72,  Acc. loss =  0.0 D.
 Elastic phase shift   3 =    0.000   0.000 deg. for the L =   72, J =   71.5 channel.
0****** WARNING : ACCURACY LOSS IN ERWIN = 14.5 DIGITS, SO EXPECT ERRORS OF   0.0000 % OF UNITARITY

      71.0  1.00000000  0.00000004i: elastic S-matrix  @@      0.02  0   0 F  0
 Reaction Xsec    71.0-/72 @ 3 =   0.000#, Out:   0.000#   0.000#   0.000f

   S-matrix    4 =    1.00000   0.00000 for L=   72, J=   72.5 channel on core I =   1.5 from L=   72,  Acc. loss =  0.0 D.
 Elastic phase shift   4 =    0.000   0.000 deg. for the L =   72, J =   72.5 channel.
0****** WARNING : ACCURACY LOSS IN ERWIN = 14.4 DIGITS, SO EXPECT ERRORS OF   0.0000 % OF UNITARITY

      71.0  1.00000000  0.00000004i: elastic S-matrix  @@      0.00  0   0 F  0
 Reaction Xsec    71.0-/72 @ 4 =   0.000#, Out:   0.000#   0.000#   0.000f


 Total SPIN, PARITY =    72.0 +,      5 chs,      0 cc.  Rmin & Coul turning =    5.8   19.0
   S-matrix    1 =    1.00000   0.00000 for L=   71, J=   70.5 channel on core I =   1.5 from L=   71,  Acc. loss =  0.0 D.
 Elastic phase shift   1 =    0.000   0.000 deg. for the L =   71, J =   70.5 channel.
      72.0  1.00000000  0.00000006i: elastic S-matrix  @@      0.02  0   0 F  0
 Reaction Xsec    72.0+/71 @ 1 =   0.000#, Out:   0.000#   0.000#   0.000f

   S-matrix    2 =    1.00000   0.00000 for L=   71, J=   71.5 channel on core I =   1.5 from L=   71,  Acc. loss =  0.0 D.
 Elastic phase shift   2 =    0.000   0.000 deg. for the L =   71, J =   71.5 channel.
      72.0  1.00000000  0.00000006i: elastic S-matrix  @@      0.00  0   0 F  0
 Reaction Xsec    72.0+/71 @ 2 =   0.000#, Out:   0.000#   0.000#   0.000f

   S-matrix    3 =    1.00000  -0.00000 for L=   73, J=   72.5 channel on core I =   1.5 from L=   73,  Acc. loss =  0.0 D.
 Elastic phase shift   3 =   -0.000   0.000 deg. for the L =   73, J =   72.5 channel.
      72.0  1.00000000 -0.00000001i: elastic S-matrix  @@      0.00  0   0 F  0
 Reaction Xsec    72.0+/73 @ 3 =   0.000#, Out:   0.000#   0.000#   0.000f

   S-matrix    4 =    1.00000  -0.00000 for L=   73, J=   73.5 channel on core I =   1.5 from L=   73,  Acc. loss =  0.0 D.
 Elastic phase shift   4 =   -0.000   0.000 deg. for the L =   73, J =   73.5 channel.
0****** WARNING : ACCURACY LOSS IN ERWIN = 14.2 DIGITS, SO EXPECT ERRORS OF   0.0000 % OF UNITARITY

      72.0  1.00000000 -0.00000001i: elastic S-matrix  @@      0.02  0   0 F  0
 Reaction Xsec    72.0+/73 @ 4 =   0.000#, Out:   0.000#   0.000#   0.000f


 Total SPIN, PARITY =    72.0 -,      4 chs,      0 cc.  Rmin & Coul turning =    5.8   19.0
   S-matrix    1 =    1.00000   0.00000 for L=   70, J=   70.5 channel on core I =   1.5 from L=   70,  Acc. loss =  0.0 D.
 Elastic phase shift   1 =    0.000   0.000 deg. for the L =   70, J =   70.5 channel.
      72.0  1.00000000  0.00000001i: elastic S-matrix  @@      0.00  0   0 F  0
 Reaction Xsec    72.0-/70 @ 1 =   0.000#, Out:   0.000#   0.000#   0.000f

   S-matrix    2 =    1.00000   0.00000 for L=   72, J=   71.5 channel on core I =   1.5 from L=   72,  Acc. loss =  0.0 D.
 Elastic phase shift   2 =    0.000   0.000 deg. for the L =   72, J =   71.5 channel.
      72.0  1.00000000  0.00000004i: elastic S-matrix  @@      0.00  0   0 F  0
 Reaction Xsec    72.0-/72 @ 2 =   0.000#, Out:   0.000#   0.000#   0.000f

   S-matrix    3 =    1.00000   0.00000 for L=   72, J=   72.5 channel on core I =   1.5 from L=   72,  Acc. loss =  0.0 D.
 Elastic phase shift   3 =    0.000   0.000 deg. for the L =   72, J =   72.5 channel.
      72.0  1.00000000  0.00000004i: elastic S-matrix  @@      0.00  0   0 F  0
 Reaction Xsec    72.0-/72 @ 3 =   0.000#, Out:   0.000#   0.000#   0.000f

   S-matrix    4 =    1.00000   0.00000 for L=   74, J=   73.5 channel on core I =   1.5 from L=   74,  Acc. loss =  0.0 D.
 Elastic phase shift   4 =    0.000   0.000 deg. for the L =   74, J =   73.5 channel.
      72.0  1.00000000  0.00000001i: elastic S-matrix  @@      0.00  0   0 F  0
 Reaction Xsec    72.0-/74 @ 4 =   0.000#, Out:   0.000#   0.000#   0.000f


 Total SPIN, PARITY =    73.0 +,      4 chs,      0 cc.  Rmin & Coul turning =    5.8   19.3
   S-matrix    1 =    1.00000   0.00000 for L=   71, J=   71.5 channel on core I =   1.5 from L=   71,  Acc. loss =  0.0 D.
 Elastic phase shift   1 =    0.000   0.000 deg. for the L =   71, J =   71.5 channel.
      73.0  1.00000000  0.00000006i: elastic S-matrix  @@      0.00  0   0 F  0
 Reaction Xsec    73.0+/71 @ 1 =   0.000#, Out:   0.000#   0.000#   0.000f

   S-matrix    2 =    1.00000  -0.00000 for L=   73, J=   72.5 channel on core I =   1.5 from L=   73,  Acc. loss =  0.0 D.
 Elastic phase shift   2 =   -0.000   0.000 deg. for the L =   73, J =   72.5 channel.
      73.0  1.00000000 -0.00000001i: elastic S-matrix  @@      0.00  0   0 F  0
 Reaction Xsec    73.0+/73 @ 2 =   0.000#, Out:   0.000#   0.000#   0.000f

   S-matrix    3 =    1.00000  -0.00000 for L=   73, J=   73.5 channel on core I =   1.5 from L=   73,  Acc. loss =  0.0 D.
 Elastic phase shift   3 =   -0.000   0.000 deg. for the L =   73, J =   73.5 channel.
      73.0  1.00000000 -0.00000001i: elastic S-matrix  @@      0.00  0   0 F  0
 Reaction Xsec    73.0+/73 @ 3 =   0.000#, Out:   0.000#   0.000#   0.000f

   S-matrix    4 =    1.00000   0.00000 for L=   75, J=   74.5 channel on core I =   1.5 from L=   75,  Acc. loss =  0.0 D.
 Elastic phase shift   4 =    0.000   0.000 deg. for the L =   75, J =   74.5 channel.
      73.0  1.00000000  0.00000005i: elastic S-matrix  @@      0.00  0   0 F  0
 Reaction Xsec    73.0+/75 @ 4 =   0.000#, Out:   0.000#   0.000#   0.000f


 Total SPIN, PARITY =    73.0 -,      5 chs,      0 cc.  Rmin & Coul turning =    5.8   19.3
   S-matrix    1 =    1.00000   0.00000 for L=   72, J=   71.5 channel on core I =   1.5 from L=   72,  Acc. loss =  0.0 D.
 Elastic phase shift   1 =    0.000   0.000 deg. for the L =   72, J =   71.5 channel.
      73.0  1.00000000  0.00000004i: elastic S-matrix  @@      0.02  0   0 F  0
 Reaction Xsec    73.0-/72 @ 1 =   0.000#, Out:   0.000#   0.000#   0.000f

   S-matrix    2 =    1.00000   0.00000 for L=   72, J=   72.5 channel on core I =   1.5 from L=   72,  Acc. loss =  0.0 D.
 Elastic phase shift   2 =    0.000   0.000 deg. for the L =   72, J =   72.5 channel.
      73.0  1.00000000  0.00000004i: elastic S-matrix  @@      0.00  0   0 F  0
 Reaction Xsec    73.0-/72 @ 2 =   0.000#, Out:   0.000#   0.000#   0.000f

   S-matrix    3 =    1.00000   0.00000 for L=   74, J=   73.5 channel on core I =   1.5 from L=   74,  Acc. loss =  0.0 D.
 Elastic phase shift   3 =    0.000   0.000 deg. for the L =   74, J =   73.5 channel.
      73.0  1.00000000  0.00000001i: elastic S-matrix  @@      0.00  0   0 F  0
 Reaction Xsec    73.0-/74 @ 3 =   0.000#, Out:   0.000#   0.000#   0.000f

   S-matrix    4 =    1.00000   0.00000 for L=   74, J=   74.5 channel on core I =   1.5 from L=   74,  Acc. loss =  0.0 D.
 Elastic phase shift   4 =    0.000   0.000 deg. for the L =   74, J =   74.5 channel.
      73.0  1.00000000  0.00000001i: elastic S-matrix  @@      0.00  0   0 F  0
 Reaction Xsec    73.0-/74 @ 4 =   0.000#, Out:   0.000#   0.000#   0.000f


 Total SPIN, PARITY =    74.0 +,      5 chs,      0 cc.  Rmin & Coul turning =    5.9   19.6
   S-matrix    1 =    1.00000  -0.00000 for L=   73, J=   72.5 channel on core I =   1.5 from L=   73,  Acc. loss =  0.0 D.
 Elastic phase shift   1 =   -0.000   0.000 deg. for the L =   73, J =   72.5 channel.
0****** WARNING : ACCURACY LOSS IN ERWIN = 14.4 DIGITS, SO EXPECT ERRORS OF   0.0000 % OF UNITARITY

      74.0  1.00000000 -0.00000001i: elastic S-matrix  @@      0.02  0   0 F  0
 Reaction Xsec    74.0+/73 @ 1 =   0.000#, Out:   0.000#   0.000#   0.000f

   S-matrix    2 =    1.00000  -0.00000 for L=   73, J=   73.5 channel on core I =   1.5 from L=   73,  Acc. loss =  0.0 D.
 Elastic phase shift   2 =   -0.000   0.000 deg. for the L =   73, J =   73.5 channel.
0****** WARNING : ACCURACY LOSS IN ERWIN = 15.4 DIGITS, SO EXPECT ERRORS OF   0.0000 % OF UNITARITY

      74.0  1.00000000 -0.00000001i: elastic S-matrix  @@      0.02  0   0 F  0
 Reaction Xsec    74.0+/73 @ 2 =   0.000#, Out:   0.000#   0.000#   0.000f

   S-matrix    3 =    1.00000   0.00000 for L=   75, J=   74.5 channel on core I =   1.5 from L=   75,  Acc. loss =  0.0 D.
 Elastic phase shift   3 =    0.000   0.000 deg. for the L =   75, J =   74.5 channel.
0****** WARNING : ACCURACY LOSS IN ERWIN = 14.5 DIGITS, SO EXPECT ERRORS OF   0.0000 % OF UNITARITY

      74.0  1.00000000  0.00000005i: elastic S-matrix  @@      0.00  0   0 F  0
 Reaction Xsec    74.0+/75 @ 3 =   0.000#, Out:   0.000#   0.000#   0.000f

   S-matrix    4 =    1.00000   0.00000 for L=   75, J=   75.5 channel on core I =   1.5 from L=   75,  Acc. loss =  0.0 D.
 Elastic phase shift   4 =    0.000   0.000 deg. for the L =   75, J =   75.5 channel.
0****** WARNING : ACCURACY LOSS IN ERWIN = 14.3 DIGITS, SO EXPECT ERRORS OF   0.0000 % OF UNITARITY

      74.0  1.00000000  0.00000005i: elastic S-matrix  @@      0.00  0   0 F  0
 Reaction Xsec    74.0+/75 @ 4 =   0.000#, Out:   0.000#   0.000#   0.000f


 Total SPIN, PARITY =    74.0 -,      4 chs,      0 cc.  Rmin & Coul turning =    5.9   19.6
   S-matrix    1 =    1.00000   0.00000 for L=   72, J=   72.5 channel on core I =   1.5 from L=   72,  Acc. loss =  0.0 D.
 Elastic phase shift   1 =    0.000   0.000 deg. for the L =   72, J =   72.5 channel.
      74.0  1.00000000  0.00000004i: elastic S-matrix  @@      0.00  0   0 F  0
 Reaction Xsec    74.0-/72 @ 1 =   0.000#, Out:   0.000#   0.000#   0.000f

   S-matrix    2 =    1.00000   0.00000 for L=   74, J=   73.5 channel on core I =   1.5 from L=   74,  Acc. loss =  0.0 D.
 Elastic phase shift   2 =    0.000   0.000 deg. for the L =   74, J =   73.5 channel.
      74.0  1.00000000  0.00000001i: elastic S-matrix  @@      0.00  0   0 F  0
 Reaction Xsec    74.0-/74 @ 2 =   0.000#, Out:   0.000#   0.000#   0.000f

   S-matrix    3 =    1.00000   0.00000 for L=   74, J=   74.5 channel on core I =   1.5 from L=   74,  Acc. loss =  0.0 D.
 Elastic phase shift   3 =    0.000   0.000 deg. for the L =   74, J =   74.5 channel.
      74.0  1.00000000  0.00000001i: elastic S-matrix  @@      0.00  0   0 F  0
 Reaction Xsec    74.0-/74 @ 3 =   0.000#, Out:   0.000#   0.000#   0.000f

   S-matrix    4 =    1.00000   0.00000 for L=   76, J=   75.5 channel on core I =   1.5 from L=   76,  Acc. loss =  0.0 D.
 Elastic phase shift   4 =    0.000   0.000 deg. for the L =   76, J =   75.5 channel.
      74.0  1.00000000  0.00000000i: elastic S-matrix  @@      0.00  0   0 F  0
 Reaction Xsec    74.0-/76 @ 4 =   0.000#, Out:   0.000#   0.000#   0.000f


 Total SPIN, PARITY =    75.0 +,      4 chs,      0 cc.  Rmin & Coul turning =    6.0   19.8
   S-matrix    1 =    1.00000  -0.00000 for L=   73, J=   73.5 channel on core I =   1.5 from L=   73,  Acc. loss =  0.0 D.
 Elastic phase shift   1 =   -0.000   0.000 deg. for the L =   73, J =   73.5 channel.
      75.0  1.00000000 -0.00000001i: elastic S-matrix  @@      0.00  0   0 F  0
 Reaction Xsec    75.0+/73 @ 1 =   0.000#, Out:   0.000#   0.000#   0.000f

   S-matrix    2 =    1.00000   0.00000 for L=   75, J=   74.5 channel on core I =   1.5 from L=   75,  Acc. loss =  0.0 D.
 Elastic phase shift   2 =    0.000   0.000 deg. for the L =   75, J =   74.5 channel.
      75.0  1.00000000  0.00000005i: elastic S-matrix  @@      0.00  0   0 F  0
 Reaction Xsec    75.0+/75 @ 2 =   0.000#, Out:   0.000#   0.000#   0.000f

   S-matrix    3 =    1.00000   0.00000 for L=   75, J=   75.5 channel on core I =   1.5 from L=   75,  Acc. loss =  0.0 D.
 Elastic phase shift   3 =    0.000   0.000 deg. for the L =   75, J =   75.5 channel.
      75.0  1.00000000  0.00000005i: elastic S-matrix  @@      0.00  0   0 F  0
 Reaction Xsec    75.0+/75 @ 3 =   0.000#, Out:   0.000#   0.000#   0.000f

   S-matrix    4 =    1.00000  -0.00000 for L=   77, J=   76.5 channel on core I =   1.5 from L=   77,  Acc. loss =  0.0 D.
 Elastic phase shift   4 =   -0.000   0.000 deg. for the L =   77, J =   76.5 channel.
      75.0  1.00000000 -0.00000004i: elastic S-matrix  @@      0.00  0   0 F  0
 Reaction Xsec    75.0+/77 @ 4 =   0.000#, Out:   0.000#   0.000#   0.000f


 Total SPIN, PARITY =    75.0 -,      5 chs,      0 cc.  Rmin & Coul turning =    6.0   19.8
   S-matrix    1 =    1.00000   0.00000 for L=   74, J=   73.5 channel on core I =   1.5 from L=   74,  Acc. loss =  0.0 D.
 Elastic phase shift   1 =    0.000   0.000 deg. for the L =   74, J =   73.5 channel.
0****** WARNING : ACCURACY LOSS IN ERWIN = 14.3 DIGITS, SO EXPECT ERRORS OF   0.0000 % OF UNITARITY

      75.0  1.00000000  0.00000001i: elastic S-matrix  @@      0.02  0   0 F  0
 Reaction Xsec    75.0-/74 @ 1 =   0.000#, Out:   0.000#   0.000#   0.000f

   S-matrix    2 =    1.00000   0.00000 for L=   74, J=   74.5 channel on core I =   1.5 from L=   74,  Acc. loss =  0.0 D.
 Elastic phase shift   2 =    0.000   0.000 deg. for the L =   74, J =   74.5 channel.
0****** WARNING : ACCURACY LOSS IN ERWIN = 14.7 DIGITS, SO EXPECT ERRORS OF   0.0000 % OF UNITARITY

      75.0  1.00000000  0.00000001i: elastic S-matrix  @@      0.00  0   0 F  0
 Reaction Xsec    75.0-/74 @ 2 =   0.000#, Out:   0.000#   0.000#   0.000f

   S-matrix    3 =    1.00000   0.00000 for L=   76, J=   75.5 channel on core I =   1.5 from L=   76,  Acc. loss =  0.0 D.
 Elastic phase shift   3 =    0.000   0.000 deg. for the L =   76, J =   75.5 channel.
0****** WARNING : ACCURACY LOSS IN ERWIN = 14.9 DIGITS, SO EXPECT ERRORS OF   0.0000 % OF UNITARITY

      75.0  1.00000000  0.00000000i: elastic S-matrix  @@      0.02  0   0 F  0
 Reaction Xsec    75.0-/76 @ 3 =   0.000#, Out:   0.000#   0.000#   0.000f

   S-matrix    4 =    1.00000   0.00000 for L=   76, J=   76.5 channel on core I =   1.5 from L=   76,  Acc. loss =  0.0 D.
 Elastic phase shift   4 =    0.000   0.000 deg. for the L =   76, J =   76.5 channel.
0****** WARNING : ACCURACY LOSS IN ERWIN = 14.4 DIGITS, SO EXPECT ERRORS OF   0.0000 % OF UNITARITY

      75.0  1.00000000  0.00000000i: elastic S-matrix  @@      0.00  0   0 F  0
 Reaction Xsec    75.0-/76 @ 4 =   0.000#, Out:   0.000#   0.000#   0.000f


 Total SPIN, PARITY =    76.0 +,      5 chs,      0 cc.  Rmin & Coul turning =    6.1   20.1
   S-matrix    1 =    1.00000   0.00000 for L=   75, J=   74.5 channel on core I =   1.5 from L=   75,  Acc. loss =  0.0 D.
 Elastic phase shift   1 =    0.000   0.000 deg. for the L =   75, J =   74.5 channel.
0****** WARNING : ACCURACY LOSS IN ERWIN = 14.9 DIGITS, SO EXPECT ERRORS OF   0.0000 % OF UNITARITY

      76.0  1.00000000  0.00000005i: elastic S-matrix  @@      0.02  0   0 F  0
 Reaction Xsec    76.0+/75 @ 1 =   0.000#, Out:   0.000#   0.000#   0.000f

   S-matrix    2 =    1.00000   0.00000 for L=   75, J=   75.5 channel on core I =   1.5 from L=   75,  Acc. loss =  0.0 D.
 Elastic phase shift   2 =    0.000   0.000 deg. for the L =   75, J =   75.5 channel.
      76.0  1.00000000  0.00000005i: elastic S-matrix  @@      0.00  0   0 F  0
 Reaction Xsec    76.0+/75 @ 2 =   0.000#, Out:   0.000#   0.000#   0.000f

   S-matrix    3 =    1.00000  -0.00000 for L=   77, J=   76.5 channel on core I =   1.5 from L=   77,  Acc. loss =  0.0 D.
 Elastic phase shift   3 =   -0.000   0.000 deg. for the L =   77, J =   76.5 channel.
      76.0  1.00000000 -0.00000004i: elastic S-matrix  @@      0.00  0   0 F  0
 Reaction Xsec    76.0+/77 @ 3 =   0.000#, Out:   0.000#   0.000#   0.000f

   S-matrix    4 =    1.00000  -0.00000 for L=   77, J=   77.5 channel on core I =   1.5 from L=   77,  Acc. loss =  0.0 D.
 Elastic phase shift   4 =   -0.000   0.000 deg. for the L =   77, J =   77.5 channel.
      76.0  1.00000000 -0.00000004i: elastic S-matrix  @@      0.02  0   0 F  0
 Reaction Xsec    76.0+/77 @ 4 =   0.000#, Out:   0.000#   0.000#   0.000f


 Total SPIN, PARITY =    76.0 -,      4 chs,      0 cc.  Rmin & Coul turning =    6.1   20.1
   S-matrix    1 =    1.00000   0.00000 for L=   74, J=   74.5 channel on core I =   1.5 from L=   74,  Acc. loss =  0.0 D.
 Elastic phase shift   1 =    0.000   0.000 deg. for the L =   74, J =   74.5 channel.
      76.0  1.00000000  0.00000001i: elastic S-matrix  @@      0.00  0   0 F  0
 Reaction Xsec    76.0-/74 @ 1 =   0.000#, Out:   0.000#   0.000#   0.000f

   S-matrix    2 =    1.00000   0.00000 for L=   76, J=   75.5 channel on core I =   1.5 from L=   76,  Acc. loss =  0.0 D.
 Elastic phase shift   2 =    0.000   0.000 deg. for the L =   76, J =   75.5 channel.
      76.0  1.00000000  0.00000000i: elastic S-matrix  @@      0.00  0   0 F  0
 Reaction Xsec    76.0-/76 @ 2 =   0.000#, Out:   0.000#   0.000#   0.000f

   S-matrix    3 =    1.00000   0.00000 for L=   76, J=   76.5 channel on core I =   1.5 from L=   76,  Acc. loss =  0.0 D.
 Elastic phase shift   3 =    0.000   0.000 deg. for the L =   76, J =   76.5 channel.
      76.0  1.00000000  0.00000000i: elastic S-matrix  @@      0.00  0   0 F  0
 Reaction Xsec    76.0-/76 @ 3 =   0.000#, Out:   0.000#   0.000#   0.000f

   S-matrix    4 =    1.00000   0.00000 for L=   78, J=   77.5 channel on core I =   1.5 from L=   78,  Acc. loss =  0.0 D.
 Elastic phase shift   4 =    0.000   0.000 deg. for the L =   78, J =   77.5 channel.
      76.0  1.00000000  0.00000000i: elastic S-matrix  @@      0.00  0   0 F  0
 Reaction Xsec    76.0-/78 @ 4 =   0.000#, Out:   0.000#   0.000#   0.000f


 Total SPIN, PARITY =    77.0 +,      4 chs,      0 cc.  Rmin & Coul turning =    6.2   20.4
   S-matrix    1 =    1.00000   0.00000 for L=   75, J=   75.5 channel on core I =   1.5 from L=   75,  Acc. loss =  0.0 D.
 Elastic phase shift   1 =    0.000   0.000 deg. for the L =   75, J =   75.5 channel.
      77.0  1.00000000  0.00000005i: elastic S-matrix  @@      0.00  0   0 F  0
 Reaction Xsec    77.0+/75 @ 1 =   0.000#, Out:   0.000#   0.000#   0.000f

   S-matrix    2 =    1.00000  -0.00000 for L=   77, J=   76.5 channel on core I =   1.5 from L=   77,  Acc. loss =  0.0 D.
 Elastic phase shift   2 =   -0.000   0.000 deg. for the L =   77, J =   76.5 channel.
      77.0  1.00000000 -0.00000004i: elastic S-matrix  @@      0.00  0   0 F  0
 Reaction Xsec    77.0+/77 @ 2 =   0.000#, Out:   0.000#   0.000#   0.000f

   S-matrix    3 =    1.00000  -0.00000 for L=   77, J=   77.5 channel on core I =   1.5 from L=   77,  Acc. loss =  0.0 D.
 Elastic phase shift   3 =   -0.000   0.000 deg. for the L =   77, J =   77.5 channel.
      77.0  1.00000000 -0.00000004i: elastic S-matrix  @@      0.00  0   0 F  0
 Reaction Xsec    77.0+/77 @ 3 =   0.000#, Out:   0.000#   0.000#   0.000f

   S-matrix    4 =    1.00000   0.00000 for L=   79, J=   78.5 channel on core I =   1.5 from L=   79,  Acc. loss =  0.0 D.
 Elastic phase shift   4 =    0.000   0.000 deg. for the L =   79, J =   78.5 channel.
      77.0  1.00000000  0.00000003i: elastic S-matrix  @@      0.00  0   0 F  0
 Reaction Xsec    77.0+/79 @ 4 =   0.000#, Out:   0.000#   0.000#   0.000f


 Total SPIN, PARITY =    77.0 -,      5 chs,      0 cc.  Rmin & Coul turning =    6.2   20.4
   S-matrix    1 =    1.00000   0.00000 for L=   76, J=   75.5 channel on core I =   1.5 from L=   76,  Acc. loss =  0.0 D.
 Elastic phase shift   1 =    0.000   0.000 deg. for the L =   76, J =   75.5 channel.
0****** WARNING : ACCURACY LOSS IN ERWIN = 15.1 DIGITS, SO EXPECT ERRORS OF   0.0000 % OF UNITARITY

      77.0  1.00000000  0.00000000i: elastic S-matrix  @@      0.02  0   0 F  0
 Reaction Xsec    77.0-/76 @ 1 =   0.000#, Out:   0.000#   0.000#   0.000f

   S-matrix    2 =    1.00000   0.00000 for L=   76, J=   76.5 channel on core I =   1.5 from L=   76,  Acc. loss =  0.0 D.
 Elastic phase shift   2 =    0.000   0.000 deg. for the L =   76, J =   76.5 channel.
0****** WARNING : ACCURACY LOSS IN ERWIN = 15.5 DIGITS, SO EXPECT ERRORS OF   0.0000 % OF UNITARITY

      77.0  1.00000000  0.00000000i: elastic S-matrix  @@      0.00  0   0 F  0
 Reaction Xsec    77.0-/76 @ 2 =   0.000#, Out:   0.000#   0.000#   0.000f

   S-matrix    3 =    1.00000   0.00000 for L=   78, J=   77.5 channel on core I =   1.5 from L=   78,  Acc. loss =  0.0 D.
 Elastic phase shift   3 =    0.000   0.000 deg. for the L =   78, J =   77.5 channel.
0****** WARNING : ACCURACY LOSS IN ERWIN = 14.3 DIGITS, SO EXPECT ERRORS OF   0.0000 % OF UNITARITY

      77.0  1.00000000  0.00000000i: elastic S-matrix  @@      0.00  0   0 F  0
 Reaction Xsec    77.0-/78 @ 3 =   0.000#, Out:   0.000#   0.000#   0.000f

   S-matrix    4 =    1.00000   0.00000 for L=   78, J=   78.5 channel on core I =   1.5 from L=   78,  Acc. loss =  0.0 D.
 Elastic phase shift   4 =    0.000   0.000 deg. for the L =   78, J =   78.5 channel.
0****** WARNING : ACCURACY LOSS IN ERWIN = 14.5 DIGITS, SO EXPECT ERRORS OF   0.0000 % OF UNITARITY

      77.0  1.00000000  0.00000000i: elastic S-matrix  @@      0.00  0   0 F  0
 Reaction Xsec    77.0-/78 @ 4 =   0.000#, Out:   0.000#   0.000#   0.000f


 Total SPIN, PARITY =    78.0 +,      5 chs,      0 cc.  Rmin & Coul turning =    6.2   20.6
   S-matrix    1 =    1.00000  -0.00000 for L=   77, J=   76.5 channel on core I =   1.5 from L=   77,  Acc. loss =  0.0 D.
 Elastic phase shift   1 =   -0.000   0.000 deg. for the L =   77, J =   76.5 channel.
      78.0  1.00000000 -0.00000004i: elastic S-matrix  @@      0.02  0   0 F  0
 Reaction Xsec    78.0+/77 @ 1 =   0.000#, Out:   0.000#   0.000#   0.000f

   S-matrix    2 =    1.00000  -0.00000 for L=   77, J=   77.5 channel on core I =   1.5 from L=   77,  Acc. loss =  0.0 D.
 Elastic phase shift   2 =   -0.000   0.000 deg. for the L =   77, J =   77.5 channel.
0****** WARNING : ACCURACY LOSS IN ERWIN = 14.3 DIGITS, SO EXPECT ERRORS OF   0.0000 % OF UNITARITY

      78.0  1.00000000 -0.00000004i: elastic S-matrix  @@      0.02  0   0 F  0
 Reaction Xsec    78.0+/77 @ 2 =   0.000#, Out:   0.000#   0.000#   0.000f

   S-matrix    3 =    1.00000   0.00000 for L=   79, J=   78.5 channel on core I =   1.5 from L=   79,  Acc. loss =  0.0 D.
 Elastic phase shift   3 =    0.000   0.000 deg. for the L =   79, J =   78.5 channel.
      78.0  1.00000000  0.00000003i: elastic S-matrix  @@      0.00  0   0 F  0
 Reaction Xsec    78.0+/79 @ 3 =   0.000#, Out:   0.000#   0.000#   0.000f

   S-matrix    4 =    1.00000   0.00000 for L=   79, J=   79.5 channel on core I =   1.5 from L=   79,  Acc. loss =  0.0 D.
 Elastic phase shift   4 =    0.000   0.000 deg. for the L =   79, J =   79.5 channel.
      78.0  1.00000000  0.00000003i: elastic S-matrix  @@      0.00  0   0 F  0
 Reaction Xsec    78.0+/79 @ 4 =   0.000#, Out:   0.000#   0.000#   0.000f


 Total SPIN, PARITY =    78.0 -,      4 chs,      0 cc.  Rmin & Coul turning =    6.2   20.6
   S-matrix    1 =    1.00000   0.00000 for L=   76, J=   76.5 channel on core I =   1.5 from L=   76,  Acc. loss =  0.0 D.
 Elastic phase shift   1 =    0.000   0.000 deg. for the L =   76, J =   76.5 channel.
      78.0  1.00000000  0.00000000i: elastic S-matrix  @@      0.00  0   0 F  0
 Reaction Xsec    78.0-/76 @ 1 =   0.000#, Out:   0.000#   0.000#   0.000f

   S-matrix    2 =    1.00000   0.00000 for L=   78, J=   77.5 channel on core I =   1.5 from L=   78,  Acc. loss =  0.0 D.
 Elastic phase shift   2 =    0.000   0.000 deg. for the L =   78, J =   77.5 channel.
      78.0  1.00000000  0.00000000i: elastic S-matrix  @@      0.00  0   0 F  0
 Reaction Xsec    78.0-/78 @ 2 =   0.000#, Out:   0.000#   0.000#   0.000f

   S-matrix    3 =    1.00000   0.00000 for L=   78, J=   78.5 channel on core I =   1.5 from L=   78,  Acc. loss =  0.0 D.
 Elastic phase shift   3 =    0.000   0.000 deg. for the L =   78, J =   78.5 channel.
      78.0  1.00000000  0.00000000i: elastic S-matrix  @@      0.00  0   0 F  0
 Reaction Xsec    78.0-/78 @ 3 =   0.000#, Out:   0.000#   0.000#   0.000f

   S-matrix    4 =    1.00000  -0.00000 for L=   80, J=   79.5 channel on core I =   1.5 from L=   80,  Acc. loss =  0.0 D.
 Elastic phase shift   4 =   -0.000   0.000 deg. for the L =   80, J =   79.5 channel.
      78.0  1.00000000 -0.00000002i: elastic S-matrix  @@      0.00  0   0 F  0
 Reaction Xsec    78.0-/80 @ 4 =   0.000#, Out:   0.000#   0.000#   0.000f


 Total SPIN, PARITY =    79.0 +,      4 chs,      0 cc.  Rmin & Coul turning =    6.3   20.9
   S-matrix    1 =    1.00000  -0.00000 for L=   77, J=   77.5 channel on core I =   1.5 from L=   77,  Acc. loss =  0.0 D.
 Elastic phase shift   1 =   -0.000   0.000 deg. for the L =   77, J =   77.5 channel.
      79.0  1.00000000 -0.00000004i: elastic S-matrix  @@      0.00  0   0 F  0
 Reaction Xsec    79.0+/77 @ 1 =   0.000#, Out:   0.000#   0.000#   0.000f

   S-matrix    2 =    1.00000   0.00000 for L=   79, J=   78.5 channel on core I =   1.5 from L=   79,  Acc. loss =  0.0 D.
 Elastic phase shift   2 =    0.000   0.000 deg. for the L =   79, J =   78.5 channel.
      79.0  1.00000000  0.00000003i: elastic S-matrix  @@      0.00  0   0 F  0
 Reaction Xsec    79.0+/79 @ 2 =   0.000#, Out:   0.000#   0.000#   0.000f

   S-matrix    3 =    1.00000   0.00000 for L=   79, J=   79.5 channel on core I =   1.5 from L=   79,  Acc. loss =  0.0 D.
 Elastic phase shift   3 =    0.000   0.000 deg. for the L =   79, J =   79.5 channel.
      79.0  1.00000000  0.00000003i: elastic S-matrix  @@      0.00  0   0 F  0
 Reaction Xsec    79.0+/79 @ 3 =   0.000#, Out:   0.000#   0.000#   0.000f

   S-matrix    4 =    1.00000  -0.00000 for L=   81, J=   80.5 channel on core I =   1.5 from L=   81,  Acc. loss =  0.0 D.
 Elastic phase shift   4 =   -0.000   0.000 deg. for the L =   81, J =   80.5 channel.
      79.0  1.00000000 -0.00000006i: elastic S-matrix  @@      0.00  0   0 F  0
 Reaction Xsec    79.0+/81 @ 4 =   0.000#, Out:   0.000#   0.000#   0.000f


 Total SPIN, PARITY =    79.0 -,      5 chs,      0 cc.  Rmin & Coul turning =    6.3   20.9
   S-matrix    1 =    1.00000   0.00000 for L=   78, J=   77.5 channel on core I =   1.5 from L=   78,  Acc. loss =  0.0 D.
 Elastic phase shift   1 =    0.000   0.000 deg. for the L =   78, J =   77.5 channel.
      79.0  1.00000000  0.00000000i: elastic S-matrix  @@      0.02  0   0 F  0
 Reaction Xsec    79.0-/78 @ 1 =   0.000#, Out:   0.000#   0.000#   0.000f

   S-matrix    2 =    1.00000   0.00000 for L=   78, J=   78.5 channel on core I =   1.5 from L=   78,  Acc. loss =  0.0 D.
 Elastic phase shift   2 =    0.000   0.000 deg. for the L =   78, J =   78.5 channel.
      79.0  1.00000000  0.00000000i: elastic S-matrix  @@      0.00  0   0 F  0
 Reaction Xsec    79.0-/78 @ 2 =   0.000#, Out:   0.000#   0.000#   0.000f

   S-matrix    3 =    1.00000  -0.00000 for L=   80, J=   79.5 channel on core I =   1.5 from L=   80,  Acc. loss =  0.0 D.
 Elastic phase shift   3 =   -0.000   0.000 deg. for the L =   80, J =   79.5 channel.
      79.0  1.00000000 -0.00000002i: elastic S-matrix  @@      0.02  0   0 F  0
 Reaction Xsec    79.0-/80 @ 3 =   0.000#, Out:   0.000#   0.000#   0.000f

   S-matrix    4 =    1.00000  -0.00000 for L=   80, J=   80.5 channel on core I =   1.5 from L=   80,  Acc. loss =  0.0 D.
 Elastic phase shift   4 =   -0.000   0.000 deg. for the L =   80, J =   80.5 channel.
0****** WARNING : ACCURACY LOSS IN ERWIN = 14.2 DIGITS, SO EXPECT ERRORS OF   0.0000 % OF UNITARITY

      79.0  1.00000000 -0.00000002i: elastic S-matrix  @@      0.00  0   0 F  0
 Reaction Xsec    79.0-/80 @ 4 =   0.000#, Out:   0.000#   0.000#   0.000f


 Total SPIN, PARITY =    80.0 +,      5 chs,      0 cc.  Rmin & Coul turning =    6.4   21.1
   S-matrix    1 =    1.00000   0.00000 for L=   79, J=   78.5 channel on core I =   1.5 from L=   79,  Acc. loss =  0.0 D.
 Elastic phase shift   1 =    0.000   0.000 deg. for the L =   79, J =   78.5 channel.
0****** WARNING : ACCURACY LOSS IN ERWIN = 14.3 DIGITS, SO EXPECT ERRORS OF   0.0000 % OF UNITARITY

      80.0  1.00000000  0.00000003i: elastic S-matrix  @@      0.02  0   0 F  0
 Reaction Xsec    80.0+/79 @ 1 =   0.000#, Out:   0.000#   0.000#   0.000f

   S-matrix    2 =    1.00000   0.00000 for L=   79, J=   79.5 channel on core I =   1.5 from L=   79,  Acc. loss =  0.0 D.
 Elastic phase shift   2 =    0.000   0.000 deg. for the L =   79, J =   79.5 channel.
0****** WARNING : ACCURACY LOSS IN ERWIN = 14.9 DIGITS, SO EXPECT ERRORS OF   0.0000 % OF UNITARITY

      80.0  1.00000000  0.00000003i: elastic S-matrix  @@      0.00  0   0 F  0
 Reaction Xsec    80.0+/79 @ 2 =   0.000#, Out:   0.000#   0.000#   0.000f

   S-matrix    3 =    1.00000  -0.00000 for L=   81, J=   80.5 channel on core I =   1.5 from L=   81,  Acc. loss =  0.0 D.
 Elastic phase shift   3 =   -0.000   0.000 deg. for the L =   81, J =   80.5 channel.
0****** WARNING : ACCURACY LOSS IN ERWIN = 14.4 DIGITS, SO EXPECT ERRORS OF   0.0000 % OF UNITARITY

      80.0  1.00000000 -0.00000006i: elastic S-matrix  @@      0.00  0   0 F  0
 Reaction Xsec    80.0+/81 @ 3 =   0.000#, Out:   0.000#   0.000#   0.000f

   S-matrix    4 =    1.00000  -0.00000 for L=   81, J=   81.5 channel on core I =   1.5 from L=   81,  Acc. loss =  0.0 D.
 Elastic phase shift   4 =   -0.000   0.000 deg. for the L =   81, J =   81.5 channel.
0****** WARNING : ACCURACY LOSS IN ERWIN = 15.0 DIGITS, SO EXPECT ERRORS OF   0.0000 % OF UNITARITY

      80.0  1.00000000 -0.00000006i: elastic S-matrix  @@      0.02  0   0 F  0
 Reaction Xsec    80.0+/81 @ 4 =   0.000#, Out:   0.000#   0.000#   0.000f


 Total SPIN, PARITY =    80.0 -,      4 chs,      0 cc.  Rmin & Coul turning =    6.4   21.1
   S-matrix    1 =    1.00000   0.00000 for L=   78, J=   78.5 channel on core I =   1.5 from L=   78,  Acc. loss =  0.0 D.
 Elastic phase shift   1 =    0.000   0.000 deg. for the L =   78, J =   78.5 channel.
      80.0  1.00000000  0.00000000i: elastic S-matrix  @@      0.00  0   0 F  0
 Reaction Xsec    80.0-/78 @ 1 =   0.000#, Out:   0.000#   0.000#   0.000f

   S-matrix    2 =    1.00000  -0.00000 for L=   80, J=   79.5 channel on core I =   1.5 from L=   80,  Acc. loss =  0.0 D.
 Elastic phase shift   2 =   -0.000   0.000 deg. for the L =   80, J =   79.5 channel.
      80.0  1.00000000 -0.00000002i: elastic S-matrix  @@      0.00  0   0 F  0
 Reaction Xsec    80.0-/80 @ 2 =   0.000#, Out:   0.000#   0.000#   0.000f

   S-matrix    3 =    1.00000  -0.00000 for L=   80, J=   80.5 channel on core I =   1.5 from L=   80,  Acc. loss =  0.0 D.
 Elastic phase shift   3 =   -0.000   0.000 deg. for the L =   80, J =   80.5 channel.
      80.0  1.00000000 -0.00000002i: elastic S-matrix  @@      0.00  0   0 F  0
 Reaction Xsec    80.0-/80 @ 3 =   0.000#, Out:   0.000#   0.000#   0.000f

   S-matrix    4 =    1.00000  -0.00000 for L=   82, J=   81.5 channel on core I =   1.5 from L=   82,  Acc. loss =  0.0 D.
 Elastic phase shift   4 =   -0.000   0.000 deg. for the L =   82, J =   81.5 channel.
      80.0  1.00000000 -0.00000002i: elastic S-matrix  @@      0.00  0   0 F  0
 Reaction Xsec    80.0-/82 @ 4 =   0.000#, Out:   0.000#   0.000#   0.000f

 Finished all CC sets @    2.95312500    
0CUMULATIVE REACTION cross section                 =  279.45102  <L> =    12.55  <L**2> =    180.1
0CUMULATIVE outgoing cross sections in partition 1 :    0.00000
0CUMULATIVE outgoing cross sections in partition 2 :  8.919E-05
0Cumulative ABSORBTION by Imaginary Potentials     =  279.45093  <L> =    12.55  <L**2> =    180.1
   Fusion for specific p        M-states :  280.916348  280.916348
0CUMULATIVE OUTGOING cross section                 =    0.00009
 To convert to S-factors (MeV.mb = keV.b),  multiply by  3.6567E+02


 CROSS SECTIONS FOR OUTGOING p        & 7Li      in state #   1 with spins & parities 0.5  + &  1.5  -;  0

     0.01 deg.: X-S =   1.6741E+12 mb/sr,
+                                         /R =   9.9986E-01
     1.00 deg.: X-S =  8216.769404 mb/sr,
+                                         /R =   4.9071E-01
     2.00 deg.: X-S =  7216.995313 mb/sr,
+                                         /R =   6.8950E+00
     3.00 deg.: X-S =  8135.305287 mb/sr,
+                                         /R =   3.9337E+01
     4.00 deg.: X-S =  7684.617324 mb/sr,
+                                         /R =   1.1740E+02
     5.00 deg.: X-S =  6684.377139 mb/sr,
+                                         /R =   2.4919E+02
     6.00 deg.: X-S =  5488.686023 mb/sr,
+                                         /R =   4.2406E+02
     7.00 deg.: X-S =  4287.616853 mb/sr,
+                                         /R =   6.1330E+02
     8.00 deg.: X-S =  3193.781401 mb/sr,
+                                         /R =   7.7875E+02
     9.00 deg.: X-S =  2268.766010 mb/sr,
+                                         /R =   8.8536E+02
    10.00 deg.: X-S =  1535.770345 mb/sr,
+                                         /R =   9.1257E+02
    11.00 deg.: X-S =   989.847569 mb/sr,
+                                         /R =   8.6023E+02
    12.00 deg.: X-S =   607.799847 mb/sr,
+                                         /R =   7.4723E+02
    13.00 deg.: X-S =   357.242275 mb/sr,
+                                         /R =   6.0416E+02
    14.00 deg.: X-S =   203.953892 mb/sr,
+                                         /R =   4.6330E+02
    15.00 deg.: X-S =   116.967849 mb/sr,
+                                         /R =   3.4963E+02
    16.00 deg.: X-S =    71.350420 mb/sr,
+                                         /R =   2.7566E+02
    17.00 deg.: X-S =    49.026536 mb/sr,
+                                         /R =   2.4099E+02
    18.00 deg.: X-S =    38.233169 mb/sr,
+                                         /R =   2.3579E+02
    19.00 deg.: X-S =    32.220878 mb/sr,
+                                         /R =   2.4622E+02
    20.00 deg.: X-S =    27.728500 mb/sr,
+                                         /R =   2.5964E+02
    21.00 deg.: X-S =    23.592886 mb/sr,
+                                         /R =   2.6796E+02
    22.00 deg.: X-S =    19.683633 mb/sr,
+                                         /R =   2.6869E+02
    23.00 deg.: X-S =    16.211036 mb/sr,
+                                         /R =   2.6375E+02
    24.00 deg.: X-S =    13.361644 mb/sr,
+                                         /R =   2.5712E+02
    25.00 deg.: X-S =    11.170553 mb/sr,
+                                         /R =   2.5245E+02
    26.00 deg.: X-S =     9.532515 mb/sr,
+                                         /R =   2.5137E+02
    27.00 deg.: X-S =     8.270747 mb/sr,
+                                         /R =   2.5295E+02
    28.00 deg.: X-S =     7.209203 mb/sr,
+                                         /R =   2.5430E+02
    29.00 deg.: X-S =     6.220804 mb/sr,
+                                         /R =   2.5177E+02
    30.00 deg.: X-S =     5.244862 mb/sr,
+                                         /R =   2.4237E+02
    31.00 deg.: X-S =     4.279544 mb/sr,
+                                         /R =   2.2478E+02
    32.00 deg.: X-S =     3.360382 mb/sr,
+                                         /R =   1.9975E+02
    33.00 deg.: X-S =     2.535664 mb/sr,
+                                         /R =   1.6991E+02
    34.00 deg.: X-S =     1.846368 mb/sr,
+                                         /R =   1.3894E+02
    35.00 deg.: X-S =     1.314391 mb/sr,
+                                         /R =   1.1067E+02
    36.00 deg.: X-S =     0.939304 mb/sr,
+                                         /R =   8.8205E+01
    37.00 deg.: X-S =     0.701683 mb/sr,
+                                         /R =   7.3249E+01
    38.00 deg.: X-S =     0.570114 mb/sr,
+                                         /R =   6.5961E+01
    39.00 deg.: X-S =     0.509092 mb/sr,
+                                         /R =   6.5093E+01
    40.00 deg.: X-S =     0.485734 mb/sr,
+                                         /R =   6.8448E+01
    41.00 deg.: X-S =     0.474208 mb/sr,
+                                         /R =   7.3456E+01
    42.00 deg.: X-S =     0.457639 mb/sr,
+                                         /R =   7.7731E+01
    43.00 deg.: X-S =     0.427858 mb/sr,
+                                         /R =   7.9498E+01
    44.00 deg.: X-S =     0.383720 mb/sr,
+                                         /R =   7.7817E+01
    45.00 deg.: X-S =     0.328728 mb/sr,
+                                         /R =   7.2603E+01
    46.00 deg.: X-S =     0.268649 mb/sr,
+                                         /R =   6.4484E+01
    47.00 deg.: X-S =     0.209529 mb/sr,
+                                         /R =   5.4550E+01
    48.00 deg.: X-S =     0.156348 mb/sr,
+                                         /R =   4.4066E+01
    49.00 deg.: X-S =     0.112332 mb/sr,
+                                         /R =   3.4211E+01
    50.00 deg.: X-S =     0.078819 mb/sr,
+                                         /R =   2.5893E+01
    51.00 deg.: X-S =     0.055516 mb/sr,
+                                         /R =   1.9639E+01
    52.00 deg.: X-S =     0.040977 mb/sr,
+                                         /R =   1.5583E+01
    53.00 deg.: X-S =     0.033125 mb/sr,
+                                         /R =   1.3521E+01
    54.00 deg.: X-S =     0.029734 mb/sr,
+                                         /R =   1.3008E+01
    55.00 deg.: X-S =     0.028786 mb/sr,
+                                         /R =   1.3476E+01
    56.00 deg.: X-S =     0.028687 mb/sr,
+                                         /R =   1.4351E+01
    57.00 deg.: X-S =     0.028363 mb/sr,
+                                         /R =   1.5141E+01
    58.00 deg.: X-S =     0.027236 mb/sr,
+                                         /R =   1.5495E+01
    59.00 deg.: X-S =     0.025144 mb/sr,
+                                         /R =   1.5224E+01
    60.00 deg.: X-S =     0.022219 mb/sr,
+                                         /R =   1.4301E+01
    61.00 deg.: X-S =     0.018765 mb/sr,
+                                         /R =   1.2823E+01
    62.00 deg.: X-S =     0.015142 mb/sr,
+                                         /R =   1.0972E+01
    63.00 deg.: X-S =     0.011686 mb/sr,
+                                         /R =   8.9698E+00
    64.00 deg.: X-S =     0.008656 mb/sr,
+                                         /R =   7.0296E+00
    65.00 deg.: X-S =     0.006207 mb/sr,
+                                         /R =   5.3273E+00
    66.00 deg.: X-S =     0.004392 mb/sr,
+                                         /R =   3.9797E+00
    67.00 deg.: X-S =     0.003178 mb/sr,
+                                         /R =   3.0368E+00
    68.00 deg.: X-S =     0.002470 mb/sr,
+                                         /R =   2.4873E+00
    69.00 deg.: X-S =     0.002143 mb/sr,
+                                         /R =   2.2710E+00
    70.00 deg.: X-S =     0.002060 mb/sr,
+                                         /R =   2.2964E+00
    71.00 deg.: X-S =     0.002101 mb/sr,
+                                         /R =   2.4604E+00
    72.00 deg.: X-S =     0.002168 mb/sr,
+                                         /R =   2.6648E+00
    73.00 deg.: X-S =     0.002195 mb/sr,
+                                         /R =   2.8295E+00
    74.00 deg.: X-S =     0.002147 mb/sr,
+                                         /R =   2.9002E+00
    75.00 deg.: X-S =     0.002016 mb/sr,
+                                         /R =   2.8506E+00
    76.00 deg.: X-S =     0.001812 mb/sr,
+                                         /R =   2.6805E+00
    77.00 deg.: X-S =     0.001559 mb/sr,
+                                         /R =   2.4103E+00
    78.00 deg.: X-S =     0.001284 mb/sr,
+                                         /R =   2.0736E+00
    79.00 deg.: X-S =     0.001014 mb/sr,
+                                         /R =   1.7089E+00
    80.00 deg.: X-S =     0.000770 mb/sr,
+                                         /R =   1.3534E+00
    81.00 deg.: X-S =     0.000566 mb/sr,
+                                         /R =   1.0375E+00
    82.00 deg.: X-S =     0.000410 mb/sr,
+                                         /R =   7.8166E-01
    83.00 deg.: X-S =     0.000300 mb/sr,
+                                         /R =   5.9534E-01
    84.00 deg.: X-S =     0.000231 mb/sr,
+                                         /R =   4.7775E-01
    85.00 deg.: X-S =     0.000196 mb/sr,
+                                         /R =   4.2008E-01
    86.00 deg.: X-S =     0.000183 mb/sr,
+                                         /R =   4.0817E-01
    87.00 deg.: X-S =     0.000184 mb/sr,
+                                         /R =   4.2548E-01
    88.00 deg.: X-S =     0.000190 mb/sr,
+                                         /R =   4.5582E-01
    89.00 deg.: X-S =     0.000195 mb/sr,
+                                         /R =   4.8550E-01
    90.00 deg.: X-S =     0.000196 mb/sr,
+                                         /R =   5.0445E-01
    91.00 deg.: X-S =     0.000190 mb/sr,
+                                         /R =   5.0663E-01
    92.00 deg.: X-S =     0.000178 mb/sr,
+                                         /R =   4.9002E-01
    93.00 deg.: X-S =     0.000160 mb/sr,
+                                         /R =   4.5617E-01
    94.00 deg.: X-S =     0.000139 mb/sr,
+                                         /R =   4.0898E-01
    95.00 deg.: X-S =     0.000116 mb/sr,
+                                         /R =   3.5348E-01
    96.00 deg.: X-S =   9.3914E-05 mb/sr,
+                                         /R =   2.9497E-01
    97.00 deg.: X-S =   7.3571E-05 mb/sr,
+                                         /R =   2.3839E-01
    98.00 deg.: X-S =   5.6191E-05 mb/sr,
+                                         /R =   1.8773E-01
    99.00 deg.: X-S =   4.2279E-05 mb/sr,
+                                         /R =   1.4557E-01
   100.00 deg.: X-S =   3.1860E-05 mb/sr,
+                                         /R =   1.1298E-01
   101.00 deg.: X-S =   2.4626E-05 mb/sr,
+                                         /R =   8.9903E-02
   102.00 deg.: X-S =   2.0058E-05 mb/sr,
+                                         /R =   7.5347E-02
   103.00 deg.: X-S =   1.7510E-05 mb/sr,
+                                         /R =   6.7643E-02
   104.00 deg.: X-S =   1.6313E-05 mb/sr,
+                                         /R =   6.4778E-02
   105.00 deg.: X-S =   1.5885E-05 mb/sr,
+                                         /R =   6.4805E-02
   106.00 deg.: X-S =   1.5768E-05 mb/sr,
+                                         /R =   6.6058E-02
   107.00 deg.: X-S =   1.5620E-05 mb/sr,
+                                         /R =   6.7165E-02
   108.00 deg.: X-S =   1.5212E-05 mb/sr,
+                                         /R =   6.7107E-02
   109.00 deg.: X-S =   1.4444E-05 mb/sr,
+                                         /R =   6.5344E-02
   110.00 deg.: X-S =   1.3333E-05 mb/sr,
+                                         /R =   6.1821E-02
   111.00 deg.: X-S =   1.1955E-05 mb/sr,
+                                         /R =   5.6791E-02
   112.00 deg.: X-S =   1.0406E-05 mb/sr,
+                                         /R =   5.0620E-02
   113.00 deg.: X-S =   8.7824E-06 mb/sr,
+                                         /R =   4.3732E-02
   114.00 deg.: X-S =   7.1855E-06 mb/sr,
+                                         /R =   3.6608E-02
   115.00 deg.: X-S =   5.7055E-06 mb/sr,
+                                         /R =   2.9728E-02
   116.00 deg.: X-S =   4.4072E-06 mb/sr,
+                                         /R =   2.3475E-02
   117.00 deg.: X-S =   3.3236E-06 mb/sr,
+                                         /R =   1.8089E-02
   118.00 deg.: X-S =   2.4615E-06 mb/sr,
+                                         /R =   1.3684E-02
   119.00 deg.: X-S =   1.8097E-06 mb/sr,
+                                         /R =   1.0272E-02
   120.00 deg.: X-S =   1.3444E-06 mb/sr,
+                                         /R =   7.7876E-03
   121.00 deg.: X-S =   1.0343E-06 mb/sr,
+                                         /R =   6.1123E-03
   122.00 deg.: X-S =   8.4435E-07 mb/sr,
+                                         /R =   5.0881E-03
   123.00 deg.: X-S =   7.3932E-07 mb/sr,
+                                         /R =   4.5413E-03
   124.00 deg.: X-S =   6.8832E-07 mb/sr,
+                                         /R =   4.3081E-03
   125.00 deg.: X-S =   6.6723E-07 mb/sr,
+                                         /R =   4.2535E-03
   126.00 deg.: X-S =   6.5893E-07 mb/sr,
+                                         /R =   4.2768E-03
   127.00 deg.: X-S =   6.5187E-07 mb/sr,
+                                         /R =   4.3061E-03
   128.00 deg.: X-S =   6.3911E-07 mb/sr,
+                                         /R =   4.2951E-03
   129.00 deg.: X-S =   6.1798E-07 mb/sr,
+                                         /R =   4.2236E-03
   130.00 deg.: X-S =   5.8941E-07 mb/sr,
+                                         /R =   4.0952E-03
   131.00 deg.: X-S =   5.5659E-07 mb/sr,
+                                         /R =   3.9299E-03
   132.00 deg.: X-S =   5.2362E-07 mb/sr,
+                                         /R =   3.7557E-03
   133.00 deg.: X-S =   4.9445E-07 mb/sr,
+                                         /R =   3.6014E-03
   134.00 deg.: X-S =   4.7238E-07 mb/sr,
+                                         /R =   3.4926E-03
   135.00 deg.: X-S =   4.5960E-07 mb/sr,
+                                         /R =   3.4482E-03
   136.00 deg.: X-S =   4.5706E-07 mb/sr,
+                                         /R =   3.4785E-03
   137.00 deg.: X-S =   4.6452E-07 mb/sr,
+                                         /R =   3.5849E-03
   138.00 deg.: X-S =   4.8096E-07 mb/sr,
+                                         /R =   3.7625E-03
   139.00 deg.: X-S =   5.0483E-07 mb/sr,
+                                         /R =   4.0018E-03
   140.00 deg.: X-S =   5.3422E-07 mb/sr,
+                                         /R =   4.2897E-03
   141.00 deg.: X-S =   5.6694E-07 mb/sr,
+                                         /R =   4.6098E-03
   142.00 deg.: X-S =   6.0078E-07 mb/sr,
+                                         /R =   4.9448E-03
   143.00 deg.: X-S =   6.3388E-07 mb/sr,
+                                         /R =   5.2794E-03
   144.00 deg.: X-S =   6.6479E-07 mb/sr,
+                                         /R =   5.6010E-03
   145.00 deg.: X-S =   6.9233E-07 mb/sr,
+                                         /R =   5.8986E-03
   146.00 deg.: X-S =   7.1569E-07 mb/sr,
+                                         /R =   6.1640E-03
   147.00 deg.: X-S =   7.3460E-07 mb/sr,
+                                         /R =   6.3938E-03
   148.00 deg.: X-S =   7.4940E-07 mb/sr,
+                                         /R =   6.5892E-03
   149.00 deg.: X-S =   7.6072E-07 mb/sr,
+                                         /R =   6.7550E-03
   150.00 deg.: X-S =   7.6933E-07 mb/sr,
+                                         /R =   6.8968E-03
   151.00 deg.: X-S =   7.7619E-07 mb/sr,
+                                         /R =   7.0225E-03
   152.00 deg.: X-S =   7.8238E-07 mb/sr,
+                                         /R =   7.1415E-03
   153.00 deg.: X-S =   7.8897E-07 mb/sr,
+                                         /R =   7.2635E-03
   154.00 deg.: X-S =   7.9680E-07 mb/sr,
+                                         /R =   7.3961E-03
   155.00 deg.: X-S =   8.0652E-07 mb/sr,
+                                         /R =   7.5457E-03
   156.00 deg.: X-S =   8.1868E-07 mb/sr,
+                                         /R =   7.7177E-03
   157.00 deg.: X-S =   8.3363E-07 mb/sr,
+                                         /R =   7.9159E-03
   158.00 deg.: X-S =   8.5149E-07 mb/sr,
+                                         /R =   8.1418E-03
   159.00 deg.: X-S =   8.7214E-07 mb/sr,
+                                         /R =   8.3947E-03
   160.00 deg.: X-S =   8.9533E-07 mb/sr,
+                                         /R =   8.6725E-03
   161.00 deg.: X-S =   9.2070E-07 mb/sr,
+                                         /R =   8.9720E-03
   162.00 deg.: X-S =   9.4778E-07 mb/sr,
+                                         /R =   9.2885E-03
   163.00 deg.: X-S =   9.7599E-07 mb/sr,
+                                         /R =   9.6164E-03
   164.00 deg.: X-S =   1.0047E-06 mb/sr,
+                                         /R =   9.9496E-03
   165.00 deg.: X-S =   1.0333E-06 mb/sr,
+                                         /R =   1.0282E-02
   166.00 deg.: X-S =   1.0614E-06 mb/sr,
+                                         /R =   1.0608E-02
   167.00 deg.: X-S =   1.0883E-06 mb/sr,
+                                         /R =   1.0922E-02
   168.00 deg.: X-S =   1.1137E-06 mb/sr,
+                                         /R =   1.1220E-02
   169.00 deg.: X-S =   1.1372E-06 mb/sr,
+                                         /R =   1.1497E-02
   170.00 deg.: X-S =   1.1585E-06 mb/sr,
+                                         /R =   1.1750E-02
   171.00 deg.: X-S =   1.1777E-06 mb/sr,
+                                         /R =   1.1979E-02
   172.00 deg.: X-S =   1.1944E-06 mb/sr,
+                                         /R =   1.2181E-02
   173.00 deg.: X-S =   1.2088E-06 mb/sr,
+                                         /R =   1.2356E-02
   174.00 deg.: X-S =   1.2209E-06 mb/sr,
+                                         /R =   1.2504E-02
   175.00 deg.: X-S =   1.2309E-06 mb/sr,
+                                         /R =   1.2628E-02
   176.00 deg.: X-S =   1.2388E-06 mb/sr,
+                                         /R =   1.2726E-02
   177.00 deg.: X-S =   1.2448E-06 mb/sr,
+                                         /R =   1.2801E-02
   178.00 deg.: X-S =   1.2489E-06 mb/sr,
+                                         /R =   1.2854E-02
   179.00 deg.: X-S =   1.2514E-06 mb/sr,
+                                         /R =   1.2885E-02
   179.99 deg.: X-S =   1.2522E-06 mb/sr,
+                                         /R =   1.2895E-02
                                           Integrated********** mb, over [   0.000, 180.000] at   360.0000 MeV 

 CROSS SECTIONS FOR OUTGOING 4He      & 4He      in state #   1 with spins & parities 0.0  + &  0.0  +;  0

     0.00 deg.: X-S =   1.5518E-05 mb/sr,
+                                         REAC   8.9192E-05 mb
     1.00 deg.: X-S =   1.4339E-05 mb/sr,
     2.00 deg.: X-S =   1.1255E-05 mb/sr,
     3.00 deg.: X-S =   7.4155E-06 mb/sr,
     4.00 deg.: X-S =   4.1452E-06 mb/sr,
     5.00 deg.: X-S =   2.3621E-06 mb/sr,
     6.00 deg.: X-S =   2.1878E-06 mb/sr,
     7.00 deg.: X-S =   2.9524E-06 mb/sr,
     8.00 deg.: X-S =   3.6308E-06 mb/sr,
     9.00 deg.: X-S =   3.4905E-06 mb/sr,
    10.00 deg.: X-S =   2.5396E-06 mb/sr,
    11.00 deg.: X-S =   1.4597E-06 mb/sr,
    12.00 deg.: X-S =   1.0515E-06 mb/sr,
    13.00 deg.: X-S =   1.5843E-06 mb/sr,
    14.00 deg.: X-S =   2.5527E-06 mb/sr,
    15.00 deg.: X-S =   3.0688E-06 mb/sr,
    16.00 deg.: X-S =   2.6041E-06 mb/sr,
    17.00 deg.: X-S =   1.4630E-06 mb/sr,
    18.00 deg.: X-S =   5.5697E-07 mb/sr,
    19.00 deg.: X-S =   6.3335E-07 mb/sr,
    20.00 deg.: X-S =   1.6065E-06 mb/sr,
    21.00 deg.: X-S =   2.5944E-06 mb/sr,
    22.00 deg.: X-S =   2.6752E-06 mb/sr,
    23.00 deg.: X-S =   1.7279E-06 mb/sr,
    24.00 deg.: X-S =   5.9788E-07 mb/sr,
    25.00 deg.: X-S =   3.8846E-07 mb/sr,
    26.00 deg.: X-S =   1.4603E-06 mb/sr,
    27.00 deg.: X-S =   3.0261E-06 mb/sr,
    28.00 deg.: X-S =   3.7581E-06 mb/sr,
    29.00 deg.: X-S =   2.9524E-06 mb/sr,
    30.00 deg.: X-S =   1.2565E-06 mb/sr,
    31.00 deg.: X-S =   2.7164E-07 mb/sr,
    32.00 deg.: X-S =   1.2660E-06 mb/sr,
    33.00 deg.: X-S =   4.0212E-06 mb/sr,
    34.00 deg.: X-S =   6.8092E-06 mb/sr,
    35.00 deg.: X-S =   7.6325E-06 mb/sr,
    36.00 deg.: X-S =   5.8205E-06 mb/sr,
    37.00 deg.: X-S =   2.7105E-06 mb/sr,
    38.00 deg.: X-S =   7.9089E-07 mb/sr,
    39.00 deg.: X-S =   1.8729E-06 mb/sr,
    40.00 deg.: X-S =   5.6603E-06 mb/sr,
    41.00 deg.: X-S =   9.8437E-06 mb/sr,
    42.00 deg.: X-S =   1.1716E-05 mb/sr,
    43.00 deg.: X-S =   1.0137E-05 mb/sr,
    44.00 deg.: X-S =   6.3691E-06 mb/sr,
    45.00 deg.: X-S =   3.1496E-06 mb/sr,
    46.00 deg.: X-S =   2.6939E-06 mb/sr,
    47.00 deg.: X-S =   5.1242E-06 mb/sr,
    48.00 deg.: X-S =   8.4769E-06 mb/sr,
    49.00 deg.: X-S =   1.0232E-05 mb/sr,
    50.00 deg.: X-S =   9.1742E-06 mb/sr,
    51.00 deg.: X-S =   6.1959E-06 mb/sr,
    52.00 deg.: X-S =   3.4899E-06 mb/sr,
    53.00 deg.: X-S =   2.8411E-06 mb/sr,
    54.00 deg.: X-S =   4.3423E-06 mb/sr,
    55.00 deg.: X-S =   6.4588E-06 mb/sr,
    56.00 deg.: X-S =   7.2919E-06 mb/sr,
    57.00 deg.: X-S =   6.0107E-06 mb/sr,
    58.00 deg.: X-S =   3.3831E-06 mb/sr,
    59.00 deg.: X-S =   1.0960E-06 mb/sr,
    60.00 deg.: X-S =   4.8314E-07 mb/sr,
    61.00 deg.: X-S =   1.6558E-06 mb/sr,
    62.00 deg.: X-S =   3.6189E-06 mb/sr,
    63.00 deg.: X-S =   5.1465E-06 mb/sr,
    64.00 deg.: X-S =   5.6555E-06 mb/sr,
    65.00 deg.: X-S =   5.4338E-06 mb/sr,
    66.00 deg.: X-S =   5.1621E-06 mb/sr,
    67.00 deg.: X-S =   5.2310E-06 mb/sr,
    68.00 deg.: X-S =   5.4474E-06 mb/sr,
    69.00 deg.: X-S =   5.3320E-06 mb/sr,
    70.00 deg.: X-S =   4.6884E-06 mb/sr,
    71.00 deg.: X-S =   3.9107E-06 mb/sr,
    72.00 deg.: X-S =   3.7477E-06 mb/sr,
    73.00 deg.: X-S =   4.7088E-06 mb/sr,
    74.00 deg.: X-S =   6.5930E-06 mb/sr,
    75.00 deg.: X-S =   8.5250E-06 mb/sr,
    76.00 deg.: X-S =   9.4870E-06 mb/sr,
    77.00 deg.: X-S =   8.9655E-06 mb/sr,
    78.00 deg.: X-S =   7.2529E-06 mb/sr,
    79.00 deg.: X-S =   5.2136E-06 mb/sr,
    80.00 deg.: X-S =   3.7121E-06 mb/sr,
    81.00 deg.: X-S =   3.1128E-06 mb/sr,
    82.00 deg.: X-S =   3.1740E-06 mb/sr,
    83.00 deg.: X-S =   3.3559E-06 mb/sr,
    84.00 deg.: X-S =   3.2744E-06 mb/sr,
    85.00 deg.: X-S =   2.9643E-06 mb/sr,
    86.00 deg.: X-S =   2.7821E-06 mb/sr,
    87.00 deg.: X-S =   3.0545E-06 mb/sr,
    88.00 deg.: X-S =   3.7536E-06 mb/sr,
    89.00 deg.: X-S =   4.4473E-06 mb/sr,
    90.00 deg.: X-S =   4.5713E-06 mb/sr,
    91.00 deg.: X-S =   3.8407E-06 mb/sr,
    92.00 deg.: X-S =   2.5171E-06 mb/sr,
    93.00 deg.: X-S =   1.3400E-06 mb/sr,
    94.00 deg.: X-S =   1.1389E-06 mb/sr,
    95.00 deg.: X-S =   2.3446E-06 mb/sr,
    96.00 deg.: X-S =   4.6877E-06 mb/sr,
    97.00 deg.: X-S =   7.2670E-06 mb/sr,
    98.00 deg.: X-S =   8.9654E-06 mb/sr,
    99.00 deg.: X-S =   8.9997E-06 mb/sr,
   100.00 deg.: X-S =   7.3229E-06 mb/sr,
   101.00 deg.: X-S =   4.6751E-06 mb/sr,
   102.00 deg.: X-S =   2.2579E-06 mb/sr,
   103.00 deg.: X-S =   1.1967E-06 mb/sr,
   104.00 deg.: X-S =   2.0467E-06 mb/sr,
   105.00 deg.: X-S =   4.5625E-06 mb/sr,
   106.00 deg.: X-S =   7.8192E-06 mb/sr,
   107.00 deg.: X-S =   1.0610E-05 mb/sr,
   108.00 deg.: X-S =   1.1940E-05 mb/sr,
   109.00 deg.: X-S =   1.1401E-05 mb/sr,
   110.00 deg.: X-S =   9.2917E-06 mb/sr,
   111.00 deg.: X-S =   6.4581E-06 mb/sr,
   112.00 deg.: X-S =   3.9517E-06 mb/sr,
   113.00 deg.: X-S =   2.6367E-06 mb/sr,
   114.00 deg.: X-S =   2.8999E-06 mb/sr,
   115.00 deg.: X-S =   4.5527E-06 mb/sr,
   116.00 deg.: X-S =   6.9410E-06 mb/sr,
   117.00 deg.: X-S =   9.2003E-06 mb/sr,
   118.00 deg.: X-S =   1.0560E-05 mb/sr,
   119.00 deg.: X-S =   1.0599E-05 mb/sr,
   120.00 deg.: X-S =   9.3683E-06 mb/sr,
   121.00 deg.: X-S =   7.3590E-06 mb/sr,
   122.00 deg.: X-S =   5.3334E-06 mb/sr,
   123.00 deg.: X-S =   4.0809E-06 mb/sr,
   124.00 deg.: X-S =   4.1786E-06 mb/sr,
   125.00 deg.: X-S =   5.8229E-06 mb/sr,
   126.00 deg.: X-S =   8.7754E-06 mb/sr,
   127.00 deg.: X-S =   1.2432E-05 mb/sr,
   128.00 deg.: X-S =   1.5987E-05 mb/sr,
   129.00 deg.: X-S =   1.8639E-05 mb/sr,
   130.00 deg.: X-S =   1.9788E-05 mb/sr,
   131.00 deg.: X-S =   1.9168E-05 mb/sr,
   132.00 deg.: X-S =   1.6902E-05 mb/sr,
   133.00 deg.: X-S =   1.3458E-05 mb/sr,
   134.00 deg.: X-S =   9.5496E-06 mb/sr,
   135.00 deg.: X-S =   5.9829E-06 mb/sr,
   136.00 deg.: X-S =   3.5082E-06 mb/sr,
   137.00 deg.: X-S =   2.6827E-06 mb/sr,
   138.00 deg.: X-S =   3.7737E-06 mb/sr,
   139.00 deg.: X-S =   6.7104E-06 mb/sr,
   140.00 deg.: X-S =   1.1091E-05 mb/sr,
   141.00 deg.: X-S =   1.6241E-05 mb/sr,
   142.00 deg.: X-S =   2.1323E-05 mb/sr,
   143.00 deg.: X-S =   2.5470E-05 mb/sr,
   144.00 deg.: X-S =   2.7940E-05 mb/sr,
   145.00 deg.: X-S =   2.8254E-05 mb/sr,
   146.00 deg.: X-S =   2.6298E-05 mb/sr,
   147.00 deg.: X-S =   2.2368E-05 mb/sr,
   148.00 deg.: X-S =   1.7131E-05 mb/sr,
   149.00 deg.: X-S =   1.1522E-05 mb/sr,
   150.00 deg.: X-S =   6.5697E-06 mb/sr,
   151.00 deg.: X-S =   3.2084E-06 mb/sr,
   152.00 deg.: X-S =   2.0881E-06 mb/sr,
   153.00 deg.: X-S =   3.4441E-06 mb/sr,
   154.00 deg.: X-S =   7.0450E-06 mb/sr,
   155.00 deg.: X-S =   1.2232E-05 mb/sr,
   156.00 deg.: X-S =   1.8045E-05 mb/sr,
   157.00 deg.: X-S =   2.3405E-05 mb/sr,
   158.00 deg.: X-S =   2.7327E-05 mb/sr,
   159.00 deg.: X-S =   2.9107E-05 mb/sr,
   160.00 deg.: X-S =   2.8457E-05 mb/sr,
   161.00 deg.: X-S =   2.5546E-05 mb/sr,
   162.00 deg.: X-S =   2.0971E-05 mb/sr,
   163.00 deg.: X-S =   1.5638E-05 mb/sr,
   164.00 deg.: X-S =   1.0592E-05 mb/sr,
   165.00 deg.: X-S =   6.8134E-06 mb/sr,
   166.00 deg.: X-S =   5.0361E-06 mb/sr,
   167.00 deg.: X-S =   5.6113E-06 mb/sr,
   168.00 deg.: X-S =   8.4376E-06 mb/sr,
   169.00 deg.: X-S =   1.2977E-05 mb/sr,
   170.00 deg.: X-S =   1.8363E-05 mb/sr,
   171.00 deg.: X-S =   2.3576E-05 mb/sr,
   172.00 deg.: X-S =   2.7638E-05 mb/sr,
   173.00 deg.: X-S =   2.9800E-05 mb/sr,
   174.00 deg.: X-S =   2.9699E-05 mb/sr,
   175.00 deg.: X-S =   2.7443E-05 mb/sr,
   176.00 deg.: X-S =   2.3597E-05 mb/sr,
   177.00 deg.: X-S =   1.9046E-05 mb/sr,
   178.00 deg.: X-S =   1.4806E-05 mb/sr,
   179.00 deg.: X-S =   1.1814E-05 mb/sr,
   180.00 deg.: X-S =   1.0736E-05 mb/sr,
                                           Integrated    0.0001 mb, over [   0.000, 180.000] at   360.0000 MeV 
 Finished all xsecs @    2.96875000    

  The following files have been created:
   3:local copy of User input.            6:standard output.                   
   7:elastic  S-matrix elements.         12:transfer kernels.                  
  13:total cross sections/state.         16:tables of cross sections.          
  35:Astrophysics S-factors  / Ecm.      38:cross sections for each J/pi.      
  39:cross sections for each Ecm.        40:all cross sectns. for each Elab.   
  45:scat phase shift as E functions.    46:bs wave functions & ANC ratios.    
  56:Fusion for each Jtotal.             75:S-factors for lab energies.        
 201:Separate cross sections.           202:Separate cross sections.           

 PARAMETERS : MAXQRN   MFNL   MLOC  LMAX1 MCLIST
    ALLOWED :      4     25     10    100      6
    REQUIRED:      1      4     10     83      4


 ACCURACY ANALYSIS at   360.000 MeV :

  Elastic h*k = 0.190 so OK       compared with 0.200

   Real(S-el) > 0.01 first at J =       2.0
   Real(S-el) > 0.10 first at J =       3.0
   Real(S-el) > 0.50 first at J =       7.0
   Real(S-el) > 0.90 first at J =      16.0
   Real(S-el) > 0.99 first at J =      21.0
   R-turn =    21.14 fm    at J =      80.0

 Forward-angle excitation cut off below   0.034 deg by max JT =      80.0
                              and below   0.024 deg by max R.


 1: Recommended RNL: non-local width >  10.30 cf: 100.00 fm: OK      
    Recommended CENTRE: centration   ~   0.25 cf:   0.00 fm

 Total CPU  0 time =       2.98 seconds
