 FRESCO - FRES 3.4: Coupled Reaction Channels
 Assuming NAMELIST input.

 7Li(p,4He)4He  E=355 MeV  Q=+17.346  [li7_p_he4_he4]                            

   0.050  30.000   0.250   0.100 100.000   0.000   0.000   0.000   0.000   0.000

 Centre-of-mass Range is    602 * 0.0500 fm., Maximum at  30.00 fm., Interpolating NL forms every  0.25 fm.
 Non - locality width is   1001 * 0.1000 fm., Maximum of 100.00 fm., Centred at  0.00 fm.
 2-Nucleon Separation of      0 * 0.2500 fm., Maximum of   0.00 fm., Minimum at  0.00 fm.
 Maximum single particle bins of 30.0000 fm.
               M,Mint =          601         601


 Range of total J is     0.0 <= J <=    80.0 (at least     0.0) and Absorbtion =>    -1.0000 mb.
 Dry Run = F, CC set limits =  0  0, Relativistic kinematics = a, Both/Far/Near Analyses =  1                     

 Cross Sections (and up to T0 for 0=projectile) for Theta from   0.0 to 180.0 in steps of  1.0 degrees, DGAM=0,  Coordinates = 0 (Mads)

 Lower Radial Cutoff = maximum of -1.60*L*h &       0.0 fm.,  Lower Cutoff for Couplings =   0.0  fm.


 Iterate Couplings between   1 and   1 times, to  0.000 % if sooner.                                          
  Block solved exactly =   0 chs., with Pade = 0 & Isocen =  =0, NOSOL = F, initwf =  0
  NL quadrature with   18 Gaussian points, Calculate multipoles up to    86 from   0
  M-transfers for lp+lt greater than or equal to  6, Angular Integration Cutoff below  2.7778 %


 Trace switches are :  CHANS =  1, LISTCC =  0, TRENEG =  0, CDETR =  0, SMATS =  2, XSTABL =  1, NLPL =  0

                       WAVES =  0, LAMPL =  0, VEFF =  0, KFUS =  0, WDISK =  0, BPM =  0, MELFIL =  0

                       CDCC =  0, NFUS =  0

 Using unit mass = 1.000000 amu and 1/fine-structure constant = 137.03599 ( 1.000000 * true ) with hc = 197.32705 MeV.fm,
  thus 2*amu/hbar^2 = 0.0478450 = 1/20.9008 and Coulomb constant = 0.1574855 so e^2 = 1.43997, and nuclear magneton= 0.1261183

 Now pre-scan input and save to file 3



 *********** PARTITION NUMBER  1 ******************************************************************************************

   PROJ=p          MASS=  1.0000 Z=   1.0,        # STATES=    1T, TARG=7Li      MASS=  7.0000 Z=   3.0,     Q-VALUE =   0.0000 MEV.

     1:  J= 0.5+ (B# 1), E=  0.0000, K= 0.5              Potl#  1       J= 1.5- (B#-1), E=  0.0000, K= 0.5    


 *********** PARTITION NUMBER  2 ******************************************************************************************

   PROJ=4He        MASS=  4.0000 Z=   2.0,        # STATES=    1T, TARG=4He      MASS=  4.0000 Z=   2.0,     Q-VALUE =  17.3460 MEV.

     1:  J= 0.0+ (B# 1), E=  0.0000, K= 0.0              Potl#  2       J= 0.0+ (B# 1), E=  0.0000, K= 0.0    
0****** WARNING : COMPARED WITH PARTITION  1, THIS PARTITION HAS TOTAL MASS & CHARGE EXCESSES   0.01862 &   0.0000


 ************************************************************************************************************************************

 The following POTENTIALS are defined :

  KP#       TYPE      IT    SHAPE      at     V1        r1        a1        V2        r2        a2        A-in     A-used


                                            A#1       A#2        r0c       ac                                                h @ 1
    1    0=Coulomb       0=CHARGE (WS)  1     1.000     7.000    1.3000    0.0000    0.0000    0.0000     0.000    24.717   0.05000

    1    1=Volume        0=Woods-Saxon  2   50.0000    1.2000    0.6000    0.0000    1.2000    0.6000     0.000    24.717

    1    2=Surface       0=Woods-Saxon  3    0.0000    0.0000    0.0000    8.0000    1.3000    0.5000     0.000    24.717

    1    3=Projtl S.O.   0=Woods-Saxon  4    5.5000    1.0000    0.5000    0.0000    0.0000    0.0000     0.000    24.717
   --------------------------------------------------------------------------------------------------------------------

                                            A#1       A#2        r0c       ac                                                h @ 2
    2    0=Coulomb       0=CHARGE (WS)  5     4.000     4.000    1.4000    0.0000    0.0000    0.0000     0.000    32.000   0.05000

    2    1=Volume        0=Woods-Saxon  6  120.0000    1.4000    0.5500   15.0000    1.4000    0.5500     0.000    32.000
   --------------------------------------------------------------------------------------------------------------------

    3    1=Volume        0=Woods-Saxon  7   50.0000    1.2500    0.6500    0.0000    0.0000    0.0000     0.000    32.000

    3    3=Projtl S.O.   0=Woods-Saxon  8    6.0000    1.2500    0.6500    0.0000    0.0000    0.0000     0.000    32.000
   --------------------------------------------------------------------------------------------------------------------

    4    1=Volume        0=Woods-Saxon  9   50.0000    1.2500    0.6500    0.0000    0.0000    0.0000     0.000    32.000

    4    3=Projtl S.O.   0=Woods-Saxon 10    6.0000    1.2500    0.6500    0.0000    0.0000    0.0000     0.000    32.000


 ************************************************************************************************************************************

 The following SINGLE-PARTICLE FORM FACTORS are constructed :


 No.   P1 P2 IN KIND T N  L  S1 IA J/S  IB BIND XFER  BE    SC PC FIL AFRAC Adjust  to  Z  Mass   K     Norm    rms      D0     D   ANC/Gsp

    1:  2  1  2  0     1  0 0.5  1 0.5   0   3   0  19.8140  1  0  0 0.0000 VR  0.5564; 1. 3.000 1.2748 1.0000  2.368 -351.8-2337.1 80.8297

    2:  1  2  1  0     2  1 0.5  1 1.5   0   4   0   2.4670  1  0  0 0.0000 VR  1.3692; 1. 3.000 0.2975 1.0000  5.165  199.6  292.8 -1.9650

 ************************************************************************************************************************************

 TWO-way COUPLING # 1 for partitions  2 <-  1 of KIND  7,   0 -1  5 -1 -1 & P1,P2 =    0.0000   0.0000 : for J <=    80.5 & R <  29.8 fm.


 data =  2  1  1  2  1.0000,  so  < [7Li      #  1] / [4He      #  1]  * Eigen-form #  2>  =   1.0000            BE =  2.467     2



 **** WARNING *** -- FORM FACTOR  2 WAS ORIGINALLY DEFINED FOR A  4He      / p        OVERLAP ****   2   1   2   1



 data =  1  1  1  1  1.0000,  so  < [4He      #  1] / [p        #  1]  * Eigen-form #  1>  =   1.0000            BE = 19.814     1



 **** WARNING *** -- FORM FACTOR  1 WAS ORIGINALLY DEFINED FOR A  7Li      / 4He      OVERLAP ****   1   2   1   2


 KNT =   2, KNP =   1: NK,NG,loc=   1   1   1  11  T  T  F

     So FINITE-RANGE TRANSFER : IP1 = 0 (POST    ), IP2=-1 =COMPLEX     ,  for   1 pairs of bound states summed into   1 pairs
      The main coupling potential is that binding the transferred particle to the 4He      core.

          Using between p        & 4He      the potential No.   5, and subtracting optical potential No.  2

   A real*8 is            8  bytes
   NLL,NLN,NLO =         120         121        1001
0File   9 needs RL =  240240    REAL*8 numbers, and NR =    88. i.e.   169.13 Megabytes
   File            9  RECL =     1921920
0RECOMMENDED NON-LOCAL WIDTH IS GREATER THAN   10.30 FM.,  RECOMMENDED CENTRATION   0.25, after    0.53 secs.
0Relative non-local usages (rms) are
    0.000   0.000   0.000   0.000   0.000   0.000   0.000   0.000   0.000   0.000   0.000   0.000   0.000   0.000   0.000
    0.000   0.000   0.000   0.000   0.000   0.000   0.000   0.000   0.000   0.000   0.000   0.000   0.000   0.000   0.000
    0.000   0.000   0.000   0.000   0.000   0.000   0.000   0.000   0.000   0.000   0.000   0.000   0.000   0.000   0.000
    0.000   0.000   0.000   0.000   0.000   0.000   0.000   0.000   0.000   0.000   0.000   0.000   0.000   0.000   0.000
    0.000   0.000   0.000   0.000   0.000   0.000   0.000   0.000   0.000   0.000   0.000   0.000   0.000   0.000   0.000
    0.000   0.000   0.000   0.000   0.000   0.000   0.000   0.000   0.000   0.000   0.000   0.000   0.000   0.000   0.000
    0.000   0.000   0.000   0.000   0.000   0.000   0.000   0.000   0.000   0.000   0.000   0.000   0.000   0.000   0.000
    0.000   0.000   0.000   0.000   0.000   0.000   0.000   0.000   0.000   0.000   0.000   0.000   0.000   0.000   0.000
    0.000   0.000   0.000   0.000   0.000   0.000   0.000   0.000   0.000   0.000   0.000   0.000   0.000   0.000   0.000
    0.000   0.000   0.000   0.000   0.000   0.000   0.000   0.000   0.000   0.000   0.000   0.000   0.000   0.000   0.000
    0.000   0.000   0.000   0.000   0.000   0.000   0.000   0.000   0.000   0.000   0.000   0.000   0.000   0.000   0.000
    0.000   0.000   0.000   0.000   0.000   0.000   0.000   0.000   0.000   0.000   0.000   0.000   0.000   0.000   0.000
    0.000   0.000   0.000   0.000   0.000   0.000   0.000   0.000   0.000   0.000   0.000   0.000   0.000   0.000   0.000
    0.000   0.000   0.000   0.000   0.000   0.000   0.000   0.000   0.000   0.000   0.000   0.000   0.000   0.000   0.000
    0.000   0.000   0.000   0.000   0.000   0.000   0.000   0.000   0.000   0.000   0.000   0.000   0.000   0.000   0.000
    0.000   0.000   0.000   0.000   0.000   0.000   0.000   0.000   0.000   0.000   0.000   0.000   0.000   0.000   0.000
    0.000   0.000   0.000   0.000   0.000   0.000   0.000   0.000   0.000   0.000   0.000   0.000   0.000   0.000   0.000
    0.000   0.000   0.000   0.000   0.000   0.000   0.000   0.000   0.000   0.000   0.000   0.000   0.000   0.000   0.000
    0.000   0.000   0.000   0.000   0.000   0.000   0.000   0.000   0.000   0.000   0.000   0.000   0.000   0.000   0.000
    0.000   0.000   0.000   0.000   0.000   0.000   0.000   0.000   0.000   0.000   0.000   0.000   0.000   0.000   0.000
    0.000   0.000   0.000   0.000   0.000   0.000   0.000   0.000   0.000   0.000   0.000   0.000   0.000   0.000   0.000
    0.000   0.000   0.000   0.000   0.000   0.000   0.000   0.000   0.000   0.000   0.000   0.000   0.000   0.000   0.000
    0.000   0.000   0.000   0.000   0.000   0.000   0.000   0.000   0.000   0.000   0.000   0.000   0.000   0.000   0.000
    0.000   0.000   0.000   0.000   0.000   0.000   0.000   0.000   0.000   0.000   0.000   0.000   0.000   0.000   0.000
    0.000   0.000   0.000   0.000   0.000   0.000   0.000   0.000   0.000   0.000   0.000   0.000   0.000   0.000   0.000
    0.000   0.000   0.000   0.000   0.000   0.000   0.000   0.000   0.000   0.000   0.000   0.000   0.000   0.000   0.000
    0.000   0.000   0.000   0.000   0.000   0.000   0.000   0.000   0.000   0.000   0.000   0.000   0.000   0.000   0.000
    0.000   0.000   0.000   0.000   0.000   0.000   0.000   0.000   0.000   0.000   0.000   0.000   0.000   0.000   0.000
    0.000   0.000   0.001   0.001   0.001   0.001   0.001   0.001   0.001   0.001   0.001   0.002   0.002   0.002   0.002
    0.003   0.003   0.004   0.006   0.008   0.010   0.017   0.022   0.033   0.046   0.057   0.091   0.116   0.165   0.223
    0.271   0.404   0.505   0.681   0.887   1.057   1.458   1.772   2.236   2.774   3.223   4.063   4.751   5.607   6.557
    7.370   8.538   9.534  10.583  11.660  12.589  13.593  14.454  15.212  15.872  16.409  16.833  17.144  17.448  17.746
   17.946  18.867  19.665  21.249  23.448  25.381  29.503  33.003  37.433  42.449  46.723  52.895  58.122  63.651  69.334
   74.144  79.626  84.227  88.392  92.126  95.091  97.328  98.871  99.751 100.000  99.649  98.729  97.276  95.325  92.920
   90.102  86.918  83.415  79.643  75.648  71.481  67.191  62.828  58.439  54.068  49.758  45.547  41.470  37.557  33.834
   30.321  27.033  23.982  21.173  18.606  16.277  14.179  12.303  10.636   9.163   7.870   6.740   5.757   4.906   4.173
    3.542   3.002   2.540   2.147   1.813   1.529   1.288   1.085   0.912   0.767   0.645   0.541   0.454   0.381   0.320
    0.268   0.224   0.188   0.157   0.131   0.110   0.092   0.077   0.064   0.054   0.045   0.037   0.031   0.026   0.022
    0.018   0.015   0.012   0.010   0.009   0.007   0.006   0.005   0.004   0.003   0.003   0.002   0.002   0.002   0.001
    0.001   0.001   0.001   0.001   0.000   0.000   0.000   0.000   0.000   0.000   0.000   0.000   0.000   0.000   0.000
    0.000   0.000   0.000   0.000   0.000   0.000   0.000   0.000   0.000   0.000   0.000   0.000   0.000   0.000   0.000
    0.000   0.000   0.000   0.000   0.000   0.000   0.000   0.000   0.000   0.000   0.000   0.000   0.000   0.000   0.000
    0.000   0.000   0.000   0.000   0.000   0.000   0.000   0.000   0.000   0.000   0.000   0.000   0.000   0.000   0.000
    0.000   0.000   0.000   0.000   0.000   0.000   0.000   0.000   0.000   0.000   0.000   0.000   0.000   0.000   0.000
    0.000   0.000   0.000   0.000   0.000   0.000   0.000   0.000   0.000   0.000   0.000   0.000   0.000   0.000   0.000
    0.000   0.000   0.000   0.000   0.000   0.000   0.000   0.000   0.000   0.000   0.000   0.000   0.000   0.000   0.000
    0.000   0.000   0.000   0.000   0.000   0.000   0.000   0.000   0.000   0.000   0.000   0.000   0.000   0.000   0.000
    0.000   0.000   0.000   0.000   0.000   0.000   0.000   0.000   0.000   0.000   0.000   0.000   0.000   0.000   0.000
    0.000   0.000   0.000   0.000   0.000   0.000   0.000   0.000   0.000   0.000   0.000   0.000   0.000   0.000   0.000
    0.000   0.000   0.000   0.000   0.000   0.000   0.000   0.000   0.000   0.000   0.000   0.000   0.000   0.000   0.000
    0.000   0.000   0.000   0.000   0.000   0.000   0.000   0.000   0.000   0.000   0.000   0.000   0.000   0.000   0.000
    0.000   0.000   0.000   0.000   0.000   0.000   0.000   0.000   0.000   0.000   0.000   0.000   0.000   0.000   0.000
    0.000   0.000   0.000   0.000   0.000   0.000   0.000   0.000   0.000   0.000   0.000   0.000   0.000   0.000   0.000
    0.000   0.000   0.000   0.000   0.000   0.000   0.000   0.000   0.000   0.000   0.000   0.000   0.000   0.000   0.000
    0.000   0.000   0.000   0.000   0.000   0.000   0.000   0.000   0.000   0.000   0.000   0.000   0.000   0.000   0.000
    0.000   0.000   0.000   0.000   0.000   0.000   0.000   0.000   0.000   0.000   0.000   0.000   0.000   0.000   0.000
    0.000   0.000   0.000   0.000   0.000   0.000   0.000   0.000   0.000   0.000   0.000   0.000   0.000   0.000   0.000
    0.000   0.000   0.000   0.000   0.000   0.000   0.000   0.000   0.000   0.000   0.000   0.000   0.000   0.000   0.000
    0.000   0.000   0.000   0.000   0.000   0.000   0.000   0.000   0.000   0.000   0.000   0.000   0.000   0.000   0.000
    0.000   0.000   0.000   0.000   0.000   0.000   0.000   0.000   0.000   0.000   0.000   0.000   0.000   0.000   0.000
    0.000   0.000   0.000   0.000   0.000   0.000   0.000   0.000   0.000   0.000   0.000   0.000   0.000   0.000   0.000
    0.000   0.000   0.000   0.000   0.000   0.000   0.000   0.000   0.000   0.000   0.000   0.000   0.000   0.000   0.000
    0.000   0.000   0.000   0.000   0.000   0.000   0.000   0.000   0.000   0.000   0.000   0.000   0.000   0.000   0.000
    0.000   0.000   0.000   0.000   0.000   0.000   0.000   0.000   0.000   0.000   0.000   0.000   0.000   0.000   0.000
    0.000   0.000   0.000   0.000   0.000   0.000   0.000   0.000   0.000   0.000   0.000   0.000   0.000   0.000   0.000
    0.000   0.000   0.000   0.000   0.000   0.000   0.000   0.000   0.000   0.000   0.000   0.000   0.000   0.000   0.000
    0.000   0.000   0.000   0.000   0.000   0.000   0.000   0.000   0.000   0.000   0.000

 Incoming partition  1 in excitation state # 1,   Laboratory Energy given for partition  1 Nucleus 1 in Excitation pair 1

0Lab. ENERGY ranges :

   from    355.000     to   0.00000     in     0 intervals
   from    0.00000     to   0.00000     in     0 intervals
   from    0.00000     to   0.00000     in     0 intervals

 Largest real,imaginary parts of any form factor at R=   29.50 are   4.88E-02  2.46E-19 MeV
 Finished all Couplings @   0.546875000              10

 Symmetric Hamiltonian
1***********************************************************************************************************************************
************************************************************************************************************************************

        INCOMING p        ;    LABORATORY p        ENERGY =   355.00     MeV.

 ***********************************************************************************************************************************
 ***********************************************************************************************************************************


 Accuracy analysis at   355.000 MeV in ch.  2:  Elastic h*k = 0.280 so NOT OK   compared with 0.200

 Step size HCM 0.05000 is too large: REDUCE TO < 0.03570, so STOP!

  NOTE: Coulomb excitation cut off below   0.034 deg by JTMAX, and below   0.024 deg by Rmax

 Allocate arrays for            2  channels, of which            2  need wfs.

 ######################################################################################################################
 #                                                                                                                    #
 # Total SPIN and PARITY =     0.0 +,      2 channels,    0 in 1st block.  Rmin & Coul turning =    0.0    0.0 fm.  #
 #                                                                                                                    #
 ######################################################################################################################



    C Projectl Target   #   EX.   (L  Proj) J  + Targ = Jtotal     E-cm      Re K     Re Eta     RM*K            CH
    1 p        7Li      #    1: I   1 0.5    1.5  1.5     0.0   341.35774   3.78031   0.02392  113.4093   0.48999   0.09991 1 1 1   1
    2 4He      4He      #    1:     0 0.0    0.0  0.0     0.0   327.97100   5.60210   0.04919  168.0631   0.47364  -0.16043 2 1 2   1
   S-matrix    1 =   -0.34799   0.76563 for L=    1, J=    1.5 channel on core I =   1.5 from L=    1,  Acc. loss =  0.0 D.
 Elastic phase shift   1 =   57.221   4.961 deg. for the L =    1, J =    1.5 channel.
       0.0 -0.34799043  0.76563235i: elastic S-matrix  @@      0.02  0   0 F  0
 Reaction Xsec     0.0+/ 1 @ 1 =   0.080 , Out:   0.000#   0.000#   0.080f


 Total SPIN, PARITY =     0.0 -,      1 chs,      0 cc.  Rmin & Coul turning =    0.0    0.0
   S-matrix    1 =   -0.16111   0.82303 for L=    2, J=    1.5 channel on core I =   1.5 from L=    2,  Acc. loss =  0.0 D.
 Elastic phase shift   1 =   50.538   5.041 deg. for the L =    2, J =    1.5 channel.
       0.0 -0.16111359  0.82303230i: elastic S-matrix  @@      0.00  0   0 F  0
 Reaction Xsec     0.0-/ 2 @ 1 =   0.082 , Out:   0.000#   0.000#   0.082f

 Allocate arrays for            3  channels, of which            3  need wfs.

 Total SPIN, PARITY =     1.0 +,      3 chs,      0 cc.  Rmin & Coul turning =    0.1    0.4
   S-matrix    1 =   -0.23910   0.80578 for L=    1, J=    0.5 channel on core I =   1.5 from L=    1,  Acc. loss =  0.0 D.
 Elastic phase shift   1 =   53.264   4.978 deg. for the L =    1, J =    0.5 channel.
       1.0 -0.23910133  0.80577890i: elastic S-matrix  @@      0.00  0   0 F  0
 Reaction Xsec     1.0+/ 1 @ 1 =   0.242 , Out:   0.000#   0.000#   0.242f

   S-matrix    2 =   -0.34799   0.76563 for L=    1, J=    1.5 channel on core I =   1.5 from L=    1,  Acc. loss =  0.0 D.
 Elastic phase shift   2 =   57.221   4.961 deg. for the L =    1, J =    1.5 channel.
       1.0 -0.34799043  0.76563235i: elastic S-matrix  @@      0.00  0   0 F  0
 Reaction Xsec     1.0+/ 1 @ 2 =   0.241 , Out:   0.000#   0.000#   0.241f

   S-matrix    3 =   -0.07678   0.83221 for L=    3, J=    2.5 channel on core I =   1.5 from L=    3,  Acc. loss =  0.0 D.
 Elastic phase shift   3 =   47.636   5.140 deg. for the L =    3, J =    2.5 channel.
       1.0 -0.07677707  0.83220993i: elastic S-matrix  @@      0.00  0   0 F  0
 Reaction Xsec     1.0+/ 3 @ 3 =   0.249 , Out:   0.000#   0.000#   0.249f

 Allocate arrays for            4  channels, of which            4  need wfs.

 Total SPIN, PARITY =     1.0 -,      4 chs,      0 cc.  Rmin & Coul turning =    0.1    0.4
   S-matrix    1 =   -0.35785   0.76185 for L=    0, J=    0.5 channel on core I =   1.5 from L=    0,  Acc. loss =  0.0 D.
 Elastic phase shift   1 =   57.580   4.937 deg. for the L =    0, J =    0.5 channel.
       1.0 -0.35784698  0.76184987i: elastic S-matrix  @@      0.02  0   0 F  0
 Reaction Xsec     1.0-/ 0 @ 1 =   0.240 , Out:   0.000#   0.000#   0.240f

   S-matrix    2 =   -0.16111   0.82303 for L=    2, J=    1.5 channel on core I =   1.5 from L=    2,  Acc. loss =  0.0 D.
 Elastic phase shift   2 =   50.538   5.041 deg. for the L =    2, J =    1.5 channel.
       1.0 -0.16111359  0.82303230i: elastic S-matrix  @@      0.00  0   0 F  0
 Reaction Xsec     1.0-/ 2 @ 2 =   0.245 , Out:   0.000#   0.000#   0.245f

   S-matrix    3 =   -0.34772   0.76413 for L=    2, J=    2.5 channel on core I =   1.5 from L=    2,  Acc. loss =  0.0 D.
 Elastic phase shift   3 =   57.234   5.011 deg. for the L =    2, J =    2.5 channel.
       1.0 -0.34771607  0.76413331i: elastic S-matrix  @@      0.02  0   0 F  0
 Reaction Xsec     1.0-/ 2 @ 3 =   0.243 , Out:   0.000#   0.000#   0.243f

 Allocate arrays for            5  channels, of which            5  need wfs.

 Total SPIN, PARITY =     2.0 +,      5 chs,      0 cc.  Rmin & Coul turning =    0.2    0.7
   S-matrix    1 =   -0.23910   0.80578 for L=    1, J=    0.5 channel on core I =   1.5 from L=    1,  Acc. loss =  0.0 D.
 Elastic phase shift   1 =   53.264   4.978 deg. for the L =    1, J =    0.5 channel.
       2.0 -0.23910133  0.80577890i: elastic S-matrix  @@      0.02  0   0 F  0
 Reaction Xsec     2.0+/ 1 @ 1 =   0.403 , Out:   0.000#   0.000#   0.403f

   S-matrix    2 =   -0.34799   0.76563 for L=    1, J=    1.5 channel on core I =   1.5 from L=    1,  Acc. loss =  0.0 D.
 Elastic phase shift   2 =   57.221   4.961 deg. for the L =    1, J =    1.5 channel.
       2.0 -0.34799043  0.76563235i: elastic S-matrix  @@      0.00  0   0 F  0
 Reaction Xsec     2.0+/ 1 @ 2 =   0.402 , Out:   0.000#   0.000#   0.402f

   S-matrix    3 =   -0.07678   0.83221 for L=    3, J=    2.5 channel on core I =   1.5 from L=    3,  Acc. loss =  0.0 D.
 Elastic phase shift   3 =   47.636   5.140 deg. for the L =    3, J =    2.5 channel.
       2.0 -0.07677707  0.83220993i: elastic S-matrix  @@      0.02  0   0 F  0
 Reaction Xsec     2.0+/ 3 @ 3 =   0.414 , Out:   0.000#   0.000#   0.414f

   S-matrix    4 =   -0.34755   0.76148 for L=    3, J=    3.5 channel on core I =   1.5 from L=    3,  Acc. loss =  0.0 D.
 Elastic phase shift   4 =   57.266   5.096 deg. for the L =    3, J =    3.5 channel.
       2.0 -0.34754930  0.76148162i: elastic S-matrix  @@      0.00  0   0 F  0
 Reaction Xsec     2.0+/ 3 @ 4 =   0.411 , Out:   0.000#   0.000#   0.411f


 Total SPIN, PARITY =     2.0 -,      4 chs,      0 cc.  Rmin & Coul turning =    0.2    0.7
   S-matrix    1 =   -0.35785   0.76185 for L=    0, J=    0.5 channel on core I =   1.5 from L=    0,  Acc. loss =  0.0 D.
 Elastic phase shift   1 =   57.580   4.937 deg. for the L =    0, J =    0.5 channel.
       2.0 -0.35784698  0.76184987i: elastic S-matrix  @@      0.00  0   0 F  0
 Reaction Xsec     2.0-/ 0 @ 1 =   0.401 , Out:   0.000#   0.000#   0.401f

   S-matrix    2 =   -0.16111   0.82303 for L=    2, J=    1.5 channel on core I =   1.5 from L=    2,  Acc. loss =  0.0 D.
 Elastic phase shift   2 =   50.538   5.041 deg. for the L =    2, J =    1.5 channel.
       2.0 -0.16111359  0.82303230i: elastic S-matrix  @@      0.00  0   0 F  0
 Reaction Xsec     2.0-/ 2 @ 2 =   0.408 , Out:   0.000#   0.000#   0.408f

   S-matrix    3 =   -0.34772   0.76413 for L=    2, J=    2.5 channel on core I =   1.5 from L=    2,  Acc. loss =  0.0 D.
 Elastic phase shift   3 =   57.234   5.011 deg. for the L =    2, J =    2.5 channel.
       2.0 -0.34771607  0.76413331i: elastic S-matrix  @@      0.00  0   0 F  0
 Reaction Xsec     2.0-/ 2 @ 3 =   0.406 , Out:   0.000#   0.000#   0.406f

   S-matrix    4 =    0.01940   0.83157 for L=    4, J=    3.5 channel on core I =   1.5 from L=    4,  Acc. loss =  0.0 D.
 Elastic phase shift   4 =   44.332   5.276 deg. for the L =    4, J =    3.5 channel.
       2.0  0.01939770  0.83156989i: elastic S-matrix  @@      0.00  0   0 F  0
 Reaction Xsec     2.0-/ 4 @ 4 =   0.423 , Out:   0.000#   0.000#   0.423f


 Total SPIN, PARITY =     3.0 +,      4 chs,      0 cc.  Rmin & Coul turning =    0.2    0.9
   S-matrix    1 =   -0.34799   0.76563 for L=    1, J=    1.5 channel on core I =   1.5 from L=    1,  Acc. loss =  0.0 D.
 Elastic phase shift   1 =   57.221   4.961 deg. for the L =    1, J =    1.5 channel.
       3.0 -0.34799043  0.76563235i: elastic S-matrix  @@      0.00  0   0 F  0
 Reaction Xsec     3.0+/ 1 @ 1 =   0.563 , Out:   0.000#   0.000#   0.563f

   S-matrix    2 =   -0.07678   0.83221 for L=    3, J=    2.5 channel on core I =   1.5 from L=    3,  Acc. loss =  0.0 D.
 Elastic phase shift   2 =   47.636   5.140 deg. for the L =    3, J =    2.5 channel.
       3.0 -0.07677707  0.83220993i: elastic S-matrix  @@      0.00  0   0 F  0
 Reaction Xsec     3.0+/ 3 @ 2 =   0.580 , Out:   0.000#   0.000#   0.580f

   S-matrix    3 =   -0.34755   0.76148 for L=    3, J=    3.5 channel on core I =   1.5 from L=    3,  Acc. loss =  0.0 D.
 Elastic phase shift   3 =   57.266   5.096 deg. for the L =    3, J =    3.5 channel.
       3.0 -0.34754930  0.76148162i: elastic S-matrix  @@      0.00  0   0 F  0
 Reaction Xsec     3.0+/ 3 @ 3 =   0.576 , Out:   0.000#   0.000#   0.576f

   S-matrix    4 =    0.12858   0.81628 for L=    5, J=    4.5 channel on core I =   1.5 from L=    5,  Acc. loss =  0.0 D.
 Elastic phase shift   4 =   40.524   5.464 deg. for the L =    5, J =    4.5 channel.
       3.0  0.12858056  0.81627972i: elastic S-matrix  @@      0.00  0   0 F  0
 Reaction Xsec     3.0+/ 5 @ 4 =   0.610 , Out:   0.000#   0.000#   0.610f


 Total SPIN, PARITY =     3.0 -,      5 chs,      0 cc.  Rmin & Coul turning =    0.2    0.9
   S-matrix    1 =   -0.16111   0.82303 for L=    2, J=    1.5 channel on core I =   1.5 from L=    2,  Acc. loss =  0.0 D.
 Elastic phase shift   1 =   50.538   5.041 deg. for the L =    2, J =    1.5 channel.
       3.0 -0.16111359  0.82303230i: elastic S-matrix  @@      0.03  0   0 F  0
 Reaction Xsec     3.0-/ 2 @ 1 =   0.571 , Out:   0.000#   0.000#   0.571f

   S-matrix    2 =   -0.34772   0.76413 for L=    2, J=    2.5 channel on core I =   1.5 from L=    2,  Acc. loss =  0.0 D.
 Elastic phase shift   2 =   57.234   5.011 deg. for the L =    2, J =    2.5 channel.
       3.0 -0.34771607  0.76413331i: elastic S-matrix  @@      0.00  0   0 F  0
 Reaction Xsec     3.0-/ 2 @ 2 =   0.568 , Out:   0.000#   0.000#   0.568f

   S-matrix    3 =    0.01940   0.83157 for L=    4, J=    3.5 channel on core I =   1.5 from L=    4,  Acc. loss =  0.0 D.
 Elastic phase shift   3 =   44.332   5.276 deg. for the L =    4, J =    3.5 channel.
       3.0  0.01939770  0.83156989i: elastic S-matrix  @@      0.00  0   0 F  0
 Reaction Xsec     3.0-/ 4 @ 3 =   0.593 , Out:   0.000#   0.000#   0.593f

   S-matrix    4 =   -0.34373   0.75946 for L=    4, J=    4.5 channel on core I =   1.5 from L=    4,  Acc. loss =  0.0 D.
 Elastic phase shift   4 =   57.176   5.213 deg. for the L =    4, J =    4.5 channel.
       3.0 -0.34373090  0.75946215i: elastic S-matrix  @@      0.02  0   0 F  0
 Reaction Xsec     3.0-/ 4 @ 4 =   0.587 , Out:   0.000#   0.000#   0.587f


 Total SPIN, PARITY =     4.0 +,      5 chs,      0 cc.  Rmin & Coul turning =    0.3    1.2
   S-matrix    1 =   -0.07678   0.83221 for L=    3, J=    2.5 channel on core I =   1.5 from L=    3,  Acc. loss =  0.0 D.
 Elastic phase shift   1 =   47.636   5.140 deg. for the L =    3, J =    2.5 channel.
       4.0 -0.07677707  0.83220993i: elastic S-matrix  @@      0.02  0   0 F  0
 Reaction Xsec     4.0+/ 3 @ 1 =   0.746 , Out:   0.000#   0.000#   0.746f

   S-matrix    2 =   -0.34755   0.76148 for L=    3, J=    3.5 channel on core I =   1.5 from L=    3,  Acc. loss =  0.0 D.
 Elastic phase shift   2 =   57.266   5.096 deg. for the L =    3, J =    3.5 channel.
       4.0 -0.34754930  0.76148162i: elastic S-matrix  @@      0.00  0   0 F  0
 Reaction Xsec     4.0+/ 3 @ 2 =   0.740 , Out:   0.000#   0.000#   0.740f

   S-matrix    3 =    0.12858   0.81628 for L=    5, J=    4.5 channel on core I =   1.5 from L=    5,  Acc. loss =  0.0 D.
 Elastic phase shift   3 =   40.524   5.464 deg. for the L =    5, J =    4.5 channel.
       4.0  0.12858056  0.81627972i: elastic S-matrix  @@      0.02  0   0 F  0
 Reaction Xsec     4.0+/ 5 @ 3 =   0.784 , Out:   0.000#   0.000#   0.784f

   S-matrix    4 =   -0.33547   0.75799 for L=    5, J=    5.5 channel on core I =   1.5 from L=    5,  Acc. loss =  0.0 D.
 Elastic phase shift   4 =   56.937   5.376 deg. for the L =    5, J =    5.5 channel.
       4.0 -0.33546895  0.75799406i: elastic S-matrix  @@      0.00  0   0 F  0
 Reaction Xsec     4.0+/ 5 @ 4 =   0.774 , Out:   0.000#   0.000#   0.774f


 Total SPIN, PARITY =     4.0 -,      4 chs,      0 cc.  Rmin & Coul turning =    0.3    1.2
   S-matrix    1 =   -0.34772   0.76413 for L=    2, J=    2.5 channel on core I =   1.5 from L=    2,  Acc. loss =  0.0 D.
 Elastic phase shift   1 =   57.234   5.011 deg. for the L =    2, J =    2.5 channel.
       4.0 -0.34771607  0.76413331i: elastic S-matrix  @@      0.00  0   0 F  0
 Reaction Xsec     4.0-/ 2 @ 1 =   0.730 , Out:   0.000#   0.000#   0.730f

   S-matrix    2 =    0.01940   0.83157 for L=    4, J=    3.5 channel on core I =   1.5 from L=    4,  Acc. loss =  0.0 D.
 Elastic phase shift   2 =   44.332   5.276 deg. for the L =    4, J =    3.5 channel.
       4.0  0.01939770  0.83156989i: elastic S-matrix  @@      0.00  0   0 F  0
 Reaction Xsec     4.0-/ 4 @ 2 =   0.762 , Out:   0.000#   0.000#   0.762f

   S-matrix    3 =   -0.34373   0.75946 for L=    4, J=    4.5 channel on core I =   1.5 from L=    4,  Acc. loss =  0.0 D.
 Elastic phase shift   3 =   57.176   5.213 deg. for the L =    4, J =    4.5 channel.
       4.0 -0.34373090  0.75946215i: elastic S-matrix  @@      0.00  0   0 F  0
 Reaction Xsec     4.0-/ 4 @ 3 =   0.754 , Out:   0.000#   0.000#   0.754f

   S-matrix    4 =    0.24906   0.78055 for L=    6, J=    5.5 channel on core I =   1.5 from L=    6,  Acc. loss =  0.0 D.
 Elastic phase shift   4 =   36.152   5.709 deg. for the L =    6, J =    5.5 channel.
       4.0  0.24905504  0.78054697i: elastic S-matrix  @@      0.00  0   0 F  0
 Reaction Xsec     4.0-/ 6 @ 4 =   0.813 , Out:   0.000#   0.000#   0.813f


 Total SPIN, PARITY =     5.0 +,      4 chs,      0 cc.  Rmin & Coul turning =    0.4    1.5
   S-matrix    1 =   -0.34755   0.76148 for L=    3, J=    3.5 channel on core I =   1.5 from L=    3,  Acc. loss =  0.0 D.
 Elastic phase shift   1 =   57.266   5.096 deg. for the L =    3, J =    3.5 channel.
       5.0 -0.34754930  0.76148162i: elastic S-matrix  @@      0.00  0   0 F  0
 Reaction Xsec     5.0+/ 3 @ 1 =   0.905 , Out:   0.000#   0.000#   0.905f

   S-matrix    2 =    0.12858   0.81628 for L=    5, J=    4.5 channel on core I =   1.5 from L=    5,  Acc. loss =  0.0 D.
 Elastic phase shift   2 =   40.524   5.464 deg. for the L =    5, J =    4.5 channel.
       5.0  0.12858056  0.81627972i: elastic S-matrix  @@      0.00  0   0 F  0
 Reaction Xsec     5.0+/ 5 @ 2 =   0.959 , Out:   0.000#   0.000#   0.959f

   S-matrix    3 =   -0.33547   0.75799 for L=    5, J=    5.5 channel on core I =   1.5 from L=    5,  Acc. loss =  0.0 D.
 Elastic phase shift   3 =   56.937   5.376 deg. for the L =    5, J =    5.5 channel.
       5.0 -0.33546895  0.75799406i: elastic S-matrix  @@      0.00  0   0 F  0
 Reaction Xsec     5.0+/ 5 @ 3 =   0.946 , Out:   0.000#   0.000#   0.946f

   S-matrix    4 =    0.37560   0.71778 for L=    7, J=    6.5 channel on core I =   1.5 from L=    7,  Acc. loss =  0.0 D.
 Elastic phase shift   4 =   31.189   6.033 deg. for the L =    7, J =    6.5 channel.
       5.0  0.37559700  0.71777790i: elastic S-matrix  @@      0.00  0   0 F  0
 Reaction Xsec     5.0+/ 7 @ 4 =   1.039 , Out:   0.000#   0.000#   1.039f


 Total SPIN, PARITY =     5.0 -,      5 chs,      0 cc.  Rmin & Coul turning =    0.4    1.5
   S-matrix    1 =    0.01940   0.83157 for L=    4, J=    3.5 channel on core I =   1.5 from L=    4,  Acc. loss =  0.0 D.
 Elastic phase shift   1 =   44.332   5.276 deg. for the L =    4, J =    3.5 channel.
       5.0  0.01939770  0.83156989i: elastic S-matrix  @@      0.02  0   0 F  0
 Reaction Xsec     5.0-/ 4 @ 1 =   0.931 , Out:   0.000#   0.000#   0.931f

   S-matrix    2 =   -0.34373   0.75946 for L=    4, J=    4.5 channel on core I =   1.5 from L=    4,  Acc. loss =  0.0 D.
 Elastic phase shift   2 =   57.176   5.213 deg. for the L =    4, J =    4.5 channel.
       5.0 -0.34373090  0.75946215i: elastic S-matrix  @@      0.00  0   0 F  0
 Reaction Xsec     5.0-/ 4 @ 2 =   0.922 , Out:   0.000#   0.000#   0.922f

   S-matrix    3 =    0.24906   0.78055 for L=    6, J=    5.5 channel on core I =   1.5 from L=    6,  Acc. loss =  0.0 D.
 Elastic phase shift   3 =   36.152   5.709 deg. for the L =    6, J =    5.5 channel.
       5.0  0.24905504  0.78054697i: elastic S-matrix  @@      0.02  0   0 F  0
 Reaction Xsec     5.0-/ 6 @ 3 =   0.994 , Out:   0.000#   0.000#   0.994f

   S-matrix    4 =   -0.32131   0.75750 for L=    6, J=    6.5 channel on core I =   1.5 from L=    6,  Acc. loss =  0.0 D.
 Elastic phase shift   4 =   56.493   5.587 deg. for the L =    6, J =    6.5 channel.
       5.0 -0.32130676  0.75750211i: elastic S-matrix  @@      0.00  0   0 F  0
 Reaction Xsec     5.0-/ 6 @ 4 =   0.976 , Out:   0.000#   0.000#   0.976f


 Total SPIN, PARITY =     6.0 +,      5 chs,      0 cc.  Rmin & Coul turning =    0.5    1.7
   S-matrix    1 =    0.12858   0.81628 for L=    5, J=    4.5 channel on core I =   1.5 from L=    5,  Acc. loss =  0.0 D.
 Elastic phase shift   1 =   40.524   5.464 deg. for the L =    5, J =    4.5 channel.
       6.0  0.12858056  0.81627972i: elastic S-matrix  @@      0.02  0   0 F  0
 Reaction Xsec     6.0+/ 5 @ 1 =   1.133 , Out:   0.000#   0.000#   1.133f

   S-matrix    2 =   -0.33547   0.75799 for L=    5, J=    5.5 channel on core I =   1.5 from L=    5,  Acc. loss =  0.0 D.
 Elastic phase shift   2 =   56.937   5.376 deg. for the L =    5, J =    5.5 channel.
       6.0 -0.33546895  0.75799406i: elastic S-matrix  @@      0.00  0   0 F  0
 Reaction Xsec     6.0+/ 5 @ 2 =   1.118 , Out:   0.000#   0.000#   1.118f

   S-matrix    3 =    0.37560   0.71778 for L=    7, J=    6.5 channel on core I =   1.5 from L=    7,  Acc. loss =  0.0 D.
 Elastic phase shift   3 =   31.189   6.033 deg. for the L =    7, J =    6.5 channel.
       6.0  0.37559700  0.71777790i: elastic S-matrix  @@      0.02  0   0 F  0
 Reaction Xsec     6.0+/ 7 @ 3 =   1.228 , Out:   0.000#   0.006#   1.228f

   S-matrix    4 =   -0.29862   0.75852 for L=    7, J=    7.5 channel on core I =   1.5 from L=    7,  Acc. loss =  0.0 D.
 Elastic phase shift   4 =   55.744   5.854 deg. for the L =    7, J =    7.5 channel.
       6.0 -0.29861842  0.75852234i: elastic S-matrix  @@      0.00  0   0 F  0
 Reaction Xsec     6.0+/ 7 @ 4 =   1.198 , Out:   0.000#   0.027#   1.198f


 Total SPIN, PARITY =     6.0 -,      4 chs,      0 cc.  Rmin & Coul turning =    0.5    1.7
   S-matrix    1 =   -0.34373   0.75946 for L=    4, J=    4.5 channel on core I =   1.5 from L=    4,  Acc. loss =  0.0 D.
 Elastic phase shift   1 =   57.176   5.213 deg. for the L =    4, J =    4.5 channel.
       6.0 -0.34373090  0.75946215i: elastic S-matrix  @@      0.00  0   0 F  0
 Reaction Xsec     6.0-/ 4 @ 1 =   1.090 , Out:   0.000#   0.000#   1.090f

   S-matrix    2 =    0.24906   0.78055 for L=    6, J=    5.5 channel on core I =   1.5 from L=    6,  Acc. loss =  0.0 D.
 Elastic phase shift   2 =   36.152   5.709 deg. for the L =    6, J =    5.5 channel.
       6.0  0.24905504  0.78054697i: elastic S-matrix  @@      0.00  0   0 F  0
 Reaction Xsec     6.0-/ 6 @ 2 =   1.174 , Out:   0.000#   0.000#   1.174f

   S-matrix    3 =   -0.32131   0.75750 for L=    6, J=    6.5 channel on core I =   1.5 from L=    6,  Acc. loss =  0.0 D.
 Elastic phase shift   3 =   56.493   5.587 deg. for the L =    6, J =    6.5 channel.
       6.0 -0.32130676  0.75750211i: elastic S-matrix  @@      0.00  0   0 F  0
 Reaction Xsec     6.0-/ 6 @ 3 =   1.154 , Out:   0.000#   0.000#   1.154f

   S-matrix    4 =    0.49559   0.62566 for L=    8, J=    7.5 channel on core I =   1.5 from L=    8,  Acc. loss =  0.0 D.
 Elastic phase shift   4 =   25.809   6.458 deg. for the L =    8, J =    7.5 channel.
       6.0  0.49559274  0.62566369i: elastic S-matrix  @@      0.00  0   0 F  0
 Reaction Xsec     6.0-/ 8 @ 4 =   1.297 , Out:   0.000#   0.000#   1.297f


 Total SPIN, PARITY =     7.0 +,      4 chs,      0 cc.  Rmin & Coul turning =    0.6    2.0
   S-matrix    1 =   -0.33547   0.75799 for L=    5, J=    5.5 channel on core I =   1.5 from L=    5,  Acc. loss =  0.0 D.
 Elastic phase shift   1 =   56.937   5.376 deg. for the L =    5, J =    5.5 channel.
       7.0 -0.33546895  0.75799406i: elastic S-matrix  @@      0.00  0   0 F  0
 Reaction Xsec     7.0+/ 5 @ 1 =   1.290 , Out:   0.000#   0.000#   1.290f

   S-matrix    2 =    0.37560   0.71778 for L=    7, J=    6.5 channel on core I =   1.5 from L=    7,  Acc. loss =  0.0 D.
 Elastic phase shift   2 =   31.189   6.033 deg. for the L =    7, J =    6.5 channel.
       7.0  0.37559700  0.71777790i: elastic S-matrix  @@      0.00  0   0 F  0
 Reaction Xsec     7.0+/ 7 @ 2 =   1.417 , Out:   0.000#   0.000#   1.417f

   S-matrix    3 =   -0.29862   0.75852 for L=    7, J=    7.5 channel on core I =   1.5 from L=    7,  Acc. loss =  0.0 D.
 Elastic phase shift   3 =   55.744   5.854 deg. for the L =    7, J =    7.5 channel.
       7.0 -0.29861842  0.75852234i: elastic S-matrix  @@      0.00  0   0 F  0
 Reaction Xsec     7.0+/ 7 @ 3 =   1.383 , Out:   0.000#   0.000#   1.383f

   S-matrix    4 =    0.58946   0.51715 for L=    9, J=    8.5 channel on core I =   1.5 from L=    9,  Acc. loss =  0.0 D.
 Elastic phase shift   4 =   20.631   6.966 deg. for the L =    9, J =    8.5 channel.
       7.0  0.58945786  0.51714961i: elastic S-matrix  @@      0.00  0   0 F  0
 Reaction Xsec     7.0+/ 9 @ 4 =   1.587 , Out:   0.000#   0.000#   1.587f


 Total SPIN, PARITY =     7.0 -,      5 chs,      0 cc.  Rmin & Coul turning =    0.6    2.0
   S-matrix    1 =    0.24906   0.78055 for L=    6, J=    5.5 channel on core I =   1.5 from L=    6,  Acc. loss =  0.0 D.
 Elastic phase shift   1 =   36.152   5.709 deg. for the L =    6, J =    5.5 channel.
       7.0  0.24905504  0.78054697i: elastic S-matrix  @@      0.02  0   0 F  0
 Reaction Xsec     7.0-/ 6 @ 1 =   1.355 , Out:   0.000#   0.002#   1.355f

   S-matrix    2 =   -0.32131   0.75750 for L=    6, J=    6.5 channel on core I =   1.5 from L=    6,  Acc. loss =  0.0 D.
 Elastic phase shift   2 =   56.493   5.587 deg. for the L =    6, J =    6.5 channel.
       7.0 -0.32130676  0.75750211i: elastic S-matrix  @@      0.00  0   0 F  0
 Reaction Xsec     7.0-/ 6 @ 2 =   1.331 , Out:   0.000#   0.001#   1.331f

   S-matrix    3 =    0.49559   0.62566 for L=    8, J=    7.5 channel on core I =   1.5 from L=    8,  Acc. loss =  0.0 D.
 Elastic phase shift   3 =   25.809   6.458 deg. for the L =    8, J =    7.5 channel.
       7.0  0.49559274  0.62566369i: elastic S-matrix  @@      0.02  0   0 F  0
 Reaction Xsec     7.0-/ 8 @ 3 =   1.496 , Out:   0.000#   0.141#   1.496f

   S-matrix    4 =   -0.26218   0.76148 for L=    8, J=    8.5 channel on core I =   1.5 from L=    8,  Acc. loss =  0.0 D.
 Elastic phase shift   4 =   54.499   6.202 deg. for the L =    8, J =    8.5 channel.
       7.0 -0.26217560  0.76147753i: elastic S-matrix  @@      0.00  0   0 F  0
 Reaction Xsec     7.0-/ 8 @ 4 =   1.448 , Out:   0.000#   0.557#   1.448f


 Total SPIN, PARITY =     8.0 +,      5 chs,      0 cc.  Rmin & Coul turning =    0.6    2.3
   S-matrix    1 =    0.37560   0.71778 for L=    7, J=    6.5 channel on core I =   1.5 from L=    7,  Acc. loss =  0.0 D.
 Elastic phase shift   1 =   31.189   6.033 deg. for the L =    7, J =    6.5 channel.
       8.0  0.37559700  0.71777790i: elastic S-matrix  @@      0.02  0   0 F  0
 Reaction Xsec     8.0+/ 7 @ 1 =   1.606 , Out:   0.000#   0.142#   1.606f

   S-matrix    2 =   -0.29862   0.75852 for L=    7, J=    7.5 channel on core I =   1.5 from L=    7,  Acc. loss =  0.0 D.
 Elastic phase shift   2 =   55.744   5.854 deg. for the L =    7, J =    7.5 channel.
       8.0 -0.29861842  0.75852234i: elastic S-matrix  @@      0.00  0   0 F  0
 Reaction Xsec     8.0+/ 7 @ 2 =   1.567 , Out:   0.000#   0.061#   1.567f

   S-matrix    3 =    0.58946   0.51715 for L=    9, J=    8.5 channel on core I =   1.5 from L=    9,  Acc. loss =  0.0 D.
 Elastic phase shift   3 =   20.631   6.966 deg. for the L =    9, J =    8.5 channel.
       8.0  0.58945786  0.51714961i: elastic S-matrix  @@      0.02  0   0 F  0
 Reaction Xsec     8.0+/ 9 @ 3 =   1.799 , Out:   0.000#   0.665#   1.799f

   S-matrix    4 =   -0.20197   0.76744 for L=    9, J=    9.5 channel on core I =   1.5 from L=    9,  Acc. loss =  0.0 D.
 Elastic phase shift   4 =   52.372   6.624 deg. for the L =    9, J =    9.5 channel.
       8.0 -0.20197252  0.76743826i: elastic S-matrix  @@      0.00  0   0 F  0
 Reaction Xsec     8.0+/ 9 @ 4 =   1.730 , Out:   0.000#   2.612#   1.730f


 Total SPIN, PARITY =     8.0 -,      4 chs,      0 cc.  Rmin & Coul turning =    0.6    2.3
   S-matrix    1 =   -0.32131   0.75750 for L=    6, J=    6.5 channel on core I =   1.5 from L=    6,  Acc. loss =  0.0 D.
 Elastic phase shift   1 =   56.493   5.587 deg. for the L =    6, J =    6.5 channel.
       8.0 -0.32130676  0.75750211i: elastic S-matrix  @@      0.00  0   0 F  0
 Reaction Xsec     8.0-/ 6 @ 1 =   1.509 , Out:   0.000#   0.000#   1.509f

   S-matrix    2 =    0.49559   0.62566 for L=    8, J=    7.5 channel on core I =   1.5 from L=    8,  Acc. loss =  0.0 D.
 Elastic phase shift   2 =   25.809   6.458 deg. for the L =    8, J =    7.5 channel.
       8.0  0.49559274  0.62566369i: elastic S-matrix  @@      0.00  0   0 F  0
 Reaction Xsec     8.0-/ 8 @ 2 =   1.695 , Out:   0.000#   0.000#   1.695f

   S-matrix    3 =   -0.26218   0.76148 for L=    8, J=    8.5 channel on core I =   1.5 from L=    8,  Acc. loss =  0.0 D.
 Elastic phase shift   3 =   54.499   6.202 deg. for the L =    8, J =    8.5 channel.
       8.0 -0.26217560  0.76147753i: elastic S-matrix  @@      0.00  0   0 F  0
 Reaction Xsec     8.0-/ 8 @ 3 =   1.642 , Out:   0.000#   0.000#   1.642f

   S-matrix    4 =    0.64640   0.41599 for L=   10, J=    9.5 channel on core I =   1.5 from L=   10,  Acc. loss =  0.0 D.
 Elastic phase shift   4 =   16.382   7.537 deg. for the L =   10, J =    9.5 channel.
       8.0  0.64639510  0.41598610i: elastic S-matrix  @@      0.00  0   0 F  0
 Reaction Xsec     8.0-/10 @ 4 =   1.911 , Out:   0.000#   0.000#   1.911f


 Total SPIN, PARITY =     9.0 +,      4 chs,      0 cc.  Rmin & Coul turning =    0.7    2.5
   S-matrix    1 =   -0.29862   0.75852 for L=    7, J=    7.5 channel on core I =   1.5 from L=    7,  Acc. loss =  0.0 D.
 Elastic phase shift   1 =   55.744   5.854 deg. for the L =    7, J =    7.5 channel.
       9.0 -0.29861842  0.75852234i: elastic S-matrix  @@      0.00  0   0 F  0
 Reaction Xsec     9.0+/ 7 @ 1 =   1.752 , Out:   0.000#   0.000#   1.752f

   S-matrix    2 =    0.58946   0.51715 for L=    9, J=    8.5 channel on core I =   1.5 from L=    9,  Acc. loss =  0.0 D.
 Elastic phase shift   2 =   20.631   6.966 deg. for the L =    9, J =    8.5 channel.
       9.0  0.58945786  0.51714961i: elastic S-matrix  @@      0.00  0   0 F  0
 Reaction Xsec     9.0+/ 9 @ 2 =   2.011 , Out:   0.000#   0.000#   2.011f

   S-matrix    3 =   -0.20197   0.76744 for L=    9, J=    9.5 channel on core I =   1.5 from L=    9,  Acc. loss =  0.0 D.
 Elastic phase shift   3 =   52.372   6.624 deg. for the L =    9, J =    9.5 channel.
       9.0 -0.20197252  0.76743826i: elastic S-matrix  @@      0.00  0   0 F  0
 Reaction Xsec     9.0+/ 9 @ 3 =   1.933 , Out:   0.000#   0.000#   1.933f

   S-matrix    4 =    0.67532   0.33658 for L=   11, J=   10.5 channel on core I =   1.5 from L=   11,  Acc. loss =  0.0 D.
 Elastic phase shift   4 =   13.246   8.068 deg. for the L =   11, J =   10.5 channel.
       9.0  0.67532466  0.33657759i: elastic S-matrix  @@      0.00  0   0 F  0
 Reaction Xsec     9.0+/11 @ 4 =   2.248 , Out:   0.000#   0.000#   2.248f


 Total SPIN, PARITY =     9.0 -,      5 chs,      0 cc.  Rmin & Coul turning =    0.7    2.5
   S-matrix    1 =    0.49559   0.62566 for L=    8, J=    7.5 channel on core I =   1.5 from L=    8,  Acc. loss =  0.0 D.
 Elastic phase shift   1 =   25.809   6.458 deg. for the L =    8, J =    7.5 channel.
       9.0  0.49559274  0.62566369i: elastic S-matrix  @@      0.02  0   0 F  0
 Reaction Xsec     9.0-/ 8 @ 1 =   1.895 , Out:   0.000#   1.275#   1.895f

   S-matrix    2 =   -0.26218   0.76148 for L=    8, J=    8.5 channel on core I =   1.5 from L=    8,  Acc. loss =  0.0 D.
 Elastic phase shift   2 =   54.499   6.202 deg. for the L =    8, J =    8.5 channel.
       9.0 -0.26217560  0.76147753i: elastic S-matrix  @@      0.00  0   0 F  0
 Reaction Xsec     9.0-/ 8 @ 2 =   1.835 , Out:   0.000#   0.526#   1.835f

   S-matrix    3 =    0.64640   0.41599 for L=   10, J=    9.5 channel on core I =   1.5 from L=   10,  Acc. loss =  0.0 D.
 Elastic phase shift   3 =   16.382   7.537 deg. for the L =   10, J =    9.5 channel.
       9.0  0.64639510  0.41598610i: elastic S-matrix  @@      0.02  0   0 F  0
 Reaction Xsec     9.0-/10 @ 3 =   2.136 , Out:   0.000#   0.618#   2.136f

   S-matrix    4 =   -0.10454   0.77234 for L=   10, J=   10.5 channel on core I =   1.5 from L=   10,  Acc. loss =  0.0 D.
 Elastic phase shift   4 =   48.854   7.140 deg. for the L =   10, J =   10.5 channel.
       9.0 -0.10454402  0.77234490i: elastic S-matrix  @@      0.00  0   0 F  0
 Reaction Xsec     9.0-/10 @ 4 =   2.050 , Out:   0.000#   2.276#   2.050f


 Total SPIN, PARITY =    10.0 +,      5 chs,      0 cc.  Rmin & Coul turning =    0.8    2.8
   S-matrix    1 =    0.58946   0.51715 for L=    9, J=    8.5 channel on core I =   1.5 from L=    9,  Acc. loss =  0.0 D.
 Elastic phase shift   1 =   20.631   6.966 deg. for the L =    9, J =    8.5 channel.
      10.0  0.58945786  0.51714961i: elastic S-matrix  @@      0.02  0   0 F  0
 Reaction Xsec    10.0+/ 9 @ 1 =   2.222 , Out:   0.000#   3.022#   2.222f

   S-matrix    2 =   -0.20197   0.76744 for L=    9, J=    9.5 channel on core I =   1.5 from L=    9,  Acc. loss =  0.0 D.
 Elastic phase shift   2 =   52.372   6.624 deg. for the L =    9, J =    9.5 channel.
      10.0 -0.20197252  0.76743826i: elastic S-matrix  @@      0.02  0   0 F  0
 Reaction Xsec    10.0+/ 9 @ 2 =   2.137 , Out:   0.000#   1.227#   2.137f

   S-matrix    3 =    0.67532   0.33658 for L=   11, J=   10.5 channel on core I =   1.5 from L=   11,  Acc. loss =  0.0 D.
 Elastic phase shift   3 =   13.246   8.068 deg. for the L =   11, J =   10.5 channel.
      10.0  0.67532466  0.33657759i: elastic S-matrix  @@      0.00  0   0 F  0
 Reaction Xsec    10.0+/11 @ 3 =   2.485 , Out:   0.000#   0.027#   2.485f

   S-matrix    4 =    0.03796   0.76009 for L=   11, J=   11.5 channel on core I =   1.5 from L=   11,  Acc. loss =  0.0 D.
 Elastic phase shift   4 =   43.571   7.823 deg. for the L =   11, J =   11.5 channel.
      10.0  0.03795663  0.76009439i: elastic S-matrix  @@      0.00  0   0 F  0
 Reaction Xsec    10.0+/11 @ 4 =   2.428 , Out:   0.000#   0.414#   2.428f


 Total SPIN, PARITY =    10.0 -,      4 chs,      0 cc.  Rmin & Coul turning =    0.8    2.8
   S-matrix    1 =   -0.26218   0.76148 for L=    8, J=    8.5 channel on core I =   1.5 from L=    8,  Acc. loss =  0.0 D.
 Elastic phase shift   1 =   54.499   6.202 deg. for the L =    8, J =    8.5 channel.
      10.0 -0.26217560  0.76147753i: elastic S-matrix  @@      0.00  0   0 F  0
 Reaction Xsec    10.0-/ 8 @ 1 =   2.028 , Out:   0.000#   0.000#   2.028f

   S-matrix    2 =    0.64640   0.41599 for L=   10, J=    9.5 channel on core I =   1.5 from L=   10,  Acc. loss =  0.0 D.
 Elastic phase shift   2 =   16.382   7.537 deg. for the L =   10, J =    9.5 channel.
      10.0  0.64639510  0.41598610i: elastic S-matrix  @@      0.00  0   0 F  0
 Reaction Xsec    10.0-/10 @ 2 =   2.361 , Out:   0.000#   0.000#   2.361f

   S-matrix    3 =   -0.10454   0.77234 for L=   10, J=   10.5 channel on core I =   1.5 from L=   10,  Acc. loss =  0.0 D.
 Elastic phase shift   3 =   48.854   7.140 deg. for the L =   10, J =   10.5 channel.
      10.0 -0.10454402  0.77234490i: elastic S-matrix  @@      0.00  0   0 F  0
 Reaction Xsec    10.0-/10 @ 3 =   2.265 , Out:   0.000#   0.000#   2.265f

   S-matrix    4 =    0.69525   0.27742 for L=   12, J=   11.5 channel on core I =   1.5 from L=   12,  Acc. loss =  0.0 D.
 Elastic phase shift   4 =   10.877   8.297 deg. for the L =   12, J =   11.5 channel.
      10.0  0.69525283  0.27742230i: elastic S-matrix  @@      0.00  0   0 F  0
 Reaction Xsec    10.0-/12 @ 4 =   2.537 , Out:   0.000#   0.000#   2.537f


 Total SPIN, PARITY =    11.0 +,      4 chs,      0 cc.  Rmin & Coul turning =    0.9    3.0
   S-matrix    1 =   -0.20197   0.76744 for L=    9, J=    9.5 channel on core I =   1.5 from L=    9,  Acc. loss =  0.0 D.
 Elastic phase shift   1 =   52.372   6.624 deg. for the L =    9, J =    9.5 channel.
      11.0 -0.20197252  0.76743826i: elastic S-matrix  @@      0.00  0   0 F  0
 Reaction Xsec    11.0+/ 9 @ 1 =   2.340 , Out:   0.000#   0.000#   2.340f

   S-matrix    2 =    0.67532   0.33658 for L=   11, J=   10.5 channel on core I =   1.5 from L=   11,  Acc. loss =  0.0 D.
 Elastic phase shift   2 =   13.246   8.068 deg. for the L =   11, J =   10.5 channel.
      11.0  0.67532466  0.33657759i: elastic S-matrix  @@      0.00  0   0 F  0
 Reaction Xsec    11.0+/11 @ 2 =   2.722 , Out:   0.000#   0.000#   2.722f

   S-matrix    3 =    0.03796   0.76009 for L=   11, J=   11.5 channel on core I =   1.5 from L=   11,  Acc. loss =  0.0 D.
 Elastic phase shift   3 =   43.571   7.823 deg. for the L =   11, J =   11.5 channel.
      11.0  0.03795663  0.76009439i: elastic S-matrix  @@      0.00  0   0 F  0
 Reaction Xsec    11.0+/11 @ 3 =   2.660 , Out:   0.000#   0.000#   2.660f

   S-matrix    4 =    0.72136   0.23102 for L=   13, J=   12.5 channel on core I =   1.5 from L=   13,  Acc. loss =  0.0 D.
 Elastic phase shift   4 =    8.879   7.958 deg. for the L =   13, J =   12.5 channel.
      11.0  0.72136431  0.23102183i: elastic S-matrix  @@      0.00  0   0 F  0
 Reaction Xsec    11.0+/13 @ 4 =   2.694 , Out:   0.000#   0.000#   2.694f


 Total SPIN, PARITY =    11.0 -,      5 chs,      0 cc.  Rmin & Coul turning =    0.9    3.0
   S-matrix    1 =    0.64640   0.41599 for L=   10, J=    9.5 channel on core I =   1.5 from L=   10,  Acc. loss =  0.0 D.
 Elastic phase shift   1 =   16.382   7.537 deg. for the L =   10, J =    9.5 channel.
      11.0  0.64639510  0.41598610i: elastic S-matrix  @@      0.02  0   0 F  0
 Reaction Xsec    11.0-/10 @ 1 =   2.586 , Out:   0.000#   1.624#   2.586f

   S-matrix    2 =   -0.10454   0.77234 for L=   10, J=   10.5 channel on core I =   1.5 from L=   10,  Acc. loss =  0.0 D.
 Elastic phase shift   2 =   48.854   7.140 deg. for the L =   10, J =   10.5 channel.
      11.0 -0.10454402  0.77234490i: elastic S-matrix  @@      0.02  0   0 F  0
 Reaction Xsec    11.0-/10 @ 2 =   2.481 , Out:   0.000#   0.574#   2.481f

   S-matrix    3 =    0.69525   0.27742 for L=   12, J=   11.5 channel on core I =   1.5 from L=   12,  Acc. loss =  0.0 D.
 Elastic phase shift   3 =   10.877   8.297 deg. for the L =   12, J =   11.5 channel.
      11.0  0.69525283  0.27742230i: elastic S-matrix  @@      0.00  0   0 F  0
 Reaction Xsec    11.0-/12 @ 3 =   2.779 , Out:   0.000#   1.168#   2.779f

   S-matrix    4 =    0.21485   0.71068 for L=   12, J=   12.5 channel on core I =   1.5 from L=   12,  Acc. loss =  0.0 D.
 Elastic phase shift   4 =   36.589   8.531 deg. for the L =   12, J =   12.5 channel.
      11.0  0.21485358  0.71068298i: elastic S-matrix  @@      0.00  0   0 F  0
 Reaction Xsec    11.0-/12 @ 4 =   2.836 , Out:   0.000#   7.394#   2.836f


 Total SPIN, PARITY =    12.0 +,      5 chs,      0 cc.  Rmin & Coul turning =    1.0    3.3
   S-matrix    1 =    0.67532   0.33658 for L=   11, J=   10.5 channel on core I =   1.5 from L=   11,  Acc. loss =  0.0 D.
 Elastic phase shift   1 =   13.246   8.068 deg. for the L =   11, J =   10.5 channel.
      12.0  0.67532466  0.33657759i: elastic S-matrix  @@      0.02  0   0 F  0
 Reaction Xsec    12.0+/11 @ 1 =   2.959 , Out:   0.000#   0.073#   2.959f

   S-matrix    2 =    0.03796   0.76009 for L=   11, J=   11.5 channel on core I =   1.5 from L=   11,  Acc. loss =  0.0 D.
 Elastic phase shift   2 =   43.571   7.823 deg. for the L =   11, J =   11.5 channel.
      12.0  0.03795663  0.76009439i: elastic S-matrix  @@      0.00  0   0 F  0
 Reaction Xsec    12.0+/11 @ 2 =   2.891 , Out:   0.000#   0.073#   2.891f

   S-matrix    3 =    0.72136   0.23102 for L=   13, J=   12.5 channel on core I =   1.5 from L=   13,  Acc. loss =  0.0 D.
 Elastic phase shift   3 =    8.879   7.958 deg. for the L =   13, J =   12.5 channel.
      12.0  0.72136431  0.23102183i: elastic S-matrix  @@      0.02  0   0 F  0
 Reaction Xsec    12.0+/13 @ 3 =   2.928 , Out:   0.000#   0.647#   2.928f

   S-matrix    4 =    0.39843   0.62051 for L=   13, J=   13.5 channel on core I =   1.5 from L=   13,  Acc. loss =  0.0 D.
 Elastic phase shift   4 =   28.648   8.726 deg. for the L =   13, J =   13.5 channel.
      12.0  0.39843399  0.62051215i: elastic S-matrix  @@      0.00  0   0 F  0
 Reaction Xsec    12.0+/13 @ 4 =   3.134 , Out:   0.000#   3.584#   3.134f


 Total SPIN, PARITY =    12.0 -,      4 chs,      0 cc.  Rmin & Coul turning =    1.0    3.3
   S-matrix    1 =   -0.10454   0.77234 for L=   10, J=   10.5 channel on core I =   1.5 from L=   10,  Acc. loss =  0.0 D.
 Elastic phase shift   1 =   48.854   7.140 deg. for the L =   10, J =   10.5 channel.
      12.0 -0.10454402  0.77234490i: elastic S-matrix  @@      0.00  0   0 F  0
 Reaction Xsec    12.0-/10 @ 1 =   2.697 , Out:   0.000#   0.000#   2.697f

   S-matrix    2 =    0.69525   0.27742 for L=   12, J=   11.5 channel on core I =   1.5 from L=   12,  Acc. loss =  0.0 D.
 Elastic phase shift   2 =   10.877   8.297 deg. for the L =   12, J =   11.5 channel.
      12.0  0.69525283  0.27742230i: elastic S-matrix  @@      0.00  0   0 F  0
 Reaction Xsec    12.0-/12 @ 2 =   3.020 , Out:   0.000#   0.000#   3.020f

   S-matrix    3 =    0.21485   0.71068 for L=   12, J=   12.5 channel on core I =   1.5 from L=   12,  Acc. loss =  0.0 D.
 Elastic phase shift   3 =   36.589   8.531 deg. for the L =   12, J =   12.5 channel.
      12.0  0.21485358  0.71068298i: elastic S-matrix  @@      0.00  0   0 F  0
 Reaction Xsec    12.0-/12 @ 3 =   3.083 , Out:   0.000#   0.000#   3.083f

   S-matrix    4 =    0.75913   0.19170 for L=   14, J=   13.5 channel on core I =   1.5 from L=   14,  Acc. loss =  0.0 D.
 Elastic phase shift   4 =    7.086   7.009 deg. for the L =   14, J =   13.5 channel.
      12.0  0.75913239  0.19170184i: elastic S-matrix  @@      0.00  0   0 F  0
 Reaction Xsec    12.0-/14 @ 4 =   2.658 , Out:   0.000#   0.000#   2.658f


 Total SPIN, PARITY =    13.0 +,      4 chs,      0 cc.  Rmin & Coul turning =    1.0    3.6
   S-matrix    1 =    0.03796   0.76009 for L=   11, J=   11.5 channel on core I =   1.5 from L=   11,  Acc. loss =  0.0 D.
 Elastic phase shift   1 =   43.571   7.823 deg. for the L =   11, J =   11.5 channel.
      13.0  0.03795663  0.76009439i: elastic S-matrix  @@      0.00  0   0 F  0
 Reaction Xsec    13.0+/11 @ 1 =   3.122 , Out:   0.000#   0.000#   3.122f

   S-matrix    2 =    0.72136   0.23102 for L=   13, J=   12.5 channel on core I =   1.5 from L=   13,  Acc. loss =  0.0 D.
 Elastic phase shift   2 =    8.879   7.958 deg. for the L =   13, J =   12.5 channel.
      13.0  0.72136431  0.23102183i: elastic S-matrix  @@      0.00  0   0 F  0
 Reaction Xsec    13.0+/13 @ 2 =   3.163 , Out:   0.000#   0.000#   3.163f

   S-matrix    3 =    0.39843   0.62051 for L=   13, J=   13.5 channel on core I =   1.5 from L=   13,  Acc. loss =  0.0 D.
 Elastic phase shift   3 =   28.648   8.726 deg. for the L =   13, J =   13.5 channel.
      13.0  0.39843399  0.62051215i: elastic S-matrix  @@      0.00  0   0 F  0
 Reaction Xsec    13.0+/13 @ 3 =   3.385 , Out:   0.000#   0.000#   3.385f

   S-matrix    4 =    0.80547   0.15664 for L=   15, J=   14.5 channel on core I =   1.5 from L=   15,  Acc. loss =  0.0 D.
 Elastic phase shift   4 =    5.502   5.666 deg. for the L =   15, J =   14.5 channel.
      13.0  0.80546595  0.15663856i: elastic S-matrix  @@      0.00  0   0 F  0
 Reaction Xsec    13.0+/15 @ 4 =   2.424 , Out:   0.000#   0.000#   2.424f


 Total SPIN, PARITY =    13.0 -,      5 chs,      0 cc.  Rmin & Coul turning =    1.0    3.6
   S-matrix    1 =    0.69525   0.27742 for L=   12, J=   11.5 channel on core I =   1.5 from L=   12,  Acc. loss =  0.0 D.
 Elastic phase shift   1 =   10.877   8.297 deg. for the L =   12, J =   11.5 channel.
      13.0  0.69525283  0.27742230i: elastic S-matrix  @@      0.02  0   0 F  0
 Reaction Xsec    13.0-/12 @ 1 =   3.262 , Out:   0.000#   0.584#   3.262f

   S-matrix    2 =    0.21485   0.71068 for L=   12, J=   12.5 channel on core I =   1.5 from L=   12,  Acc. loss =  0.0 D.
 Elastic phase shift   2 =   36.589   8.531 deg. for the L =   12, J =   12.5 channel.
      13.0  0.21485358  0.71068298i: elastic S-matrix  @@      0.02  0   0 F  0
 Reaction Xsec    13.0-/12 @ 2 =   3.330 , Out:   0.000#   0.456#   3.330f

   S-matrix    3 =    0.75913   0.19170 for L=   14, J=   13.5 channel on core I =   1.5 from L=   14,  Acc. loss =  0.0 D.
 Elastic phase shift   3 =    7.086   7.009 deg. for the L =   14, J =   13.5 channel.
      13.0  0.75913239  0.19170184i: elastic S-matrix  @@      0.00  0   0 F  0
 Reaction Xsec    13.0-/14 @ 3 =   2.871 , Out:   0.000#   0.347#   2.871f

   S-matrix    4 =    0.56303   0.50669 for L=   14, J=   14.5 channel on core I =   1.5 from L=   14,  Acc. loss =  0.0 D.
 Elastic phase shift   4 =   20.993   7.958 deg. for the L =   14, J =   14.5 channel.
      13.0  0.56303112  0.50669038i: elastic S-matrix  @@      0.00  0   0 F  0
 Reaction Xsec    13.0-/14 @ 4 =   3.163 , Out:   0.000#   1.431#   3.163f


 Total SPIN, PARITY =    14.0 +,      5 chs,      0 cc.  Rmin & Coul turning =    1.1    3.8
   S-matrix    1 =    0.72136   0.23102 for L=   13, J=   12.5 channel on core I =   1.5 from L=   13,  Acc. loss =  0.0 D.
 Elastic phase shift   1 =    8.879   7.958 deg. for the L =   13, J =   12.5 channel.
      14.0  0.72136431  0.23102183i: elastic S-matrix  @@      0.02  0   0 F  0
 Reaction Xsec    14.0+/13 @ 1 =   3.397 , Out:   0.000#   1.573#   3.397f

   S-matrix    2 =    0.39843   0.62051 for L=   13, J=   13.5 channel on core I =   1.5 from L=   13,  Acc. loss =  0.0 D.
 Elastic phase shift   2 =   28.648   8.726 deg. for the L =   13, J =   13.5 channel.
      14.0  0.39843399  0.62051215i: elastic S-matrix  @@      0.00  0   0 F  0
 Reaction Xsec    14.0+/13 @ 2 =   3.636 , Out:   0.000#   0.844#   3.636f

   S-matrix    3 =    0.80547   0.15664 for L=   15, J=   14.5 channel on core I =   1.5 from L=   15,  Acc. loss =  0.0 D.
 Elastic phase shift   3 =    5.502   5.666 deg. for the L =   15, J =   14.5 channel.
      14.0  0.80546595  0.15663856i: elastic S-matrix  @@      0.02  0   0 F  0
 Reaction Xsec    14.0+/15 @ 3 =   2.603 , Out:   0.000#   0.742#   2.603f

   S-matrix    4 =    0.69653   0.39115 for L=   15, J=   15.5 channel on core I =   1.5 from L=   15,  Acc. loss =  0.0 D.
 Elastic phase shift   4 =   14.659   6.434 deg. for the L =   15, J =   15.5 channel.
      14.0  0.69653393  0.39115370i: elastic S-matrix  @@      0.00  0   0 F  0
 Reaction Xsec    14.0+/15 @ 4 =   2.883 , Out:   0.000#   2.936#   2.883f


 Total SPIN, PARITY =    14.0 -,      4 chs,      0 cc.  Rmin & Coul turning =    1.1    3.8
   S-matrix    1 =    0.21485   0.71068 for L=   12, J=   12.5 channel on core I =   1.5 from L=   12,  Acc. loss =  0.0 D.
 Elastic phase shift   1 =   36.589   8.531 deg. for the L =   12, J =   12.5 channel.
      14.0  0.21485358  0.71068298i: elastic S-matrix  @@      0.00  0   0 F  0
 Reaction Xsec    14.0-/12 @ 1 =   3.576 , Out:   0.000#   0.000#   3.576f

   S-matrix    2 =    0.75913   0.19170 for L=   14, J=   13.5 channel on core I =   1.5 from L=   14,  Acc. loss =  0.0 D.
 Elastic phase shift   2 =    7.086   7.009 deg. for the L =   14, J =   13.5 channel.
      14.0  0.75913239  0.19170184i: elastic S-matrix  @@      0.00  0   0 F  0
 Reaction Xsec    14.0-/14 @ 2 =   3.084 , Out:   0.000#   0.000#   3.084f

   S-matrix    3 =    0.56303   0.50669 for L=   14, J=   14.5 channel on core I =   1.5 from L=   14,  Acc. loss =  0.0 D.
 Elastic phase shift   3 =   20.993   7.958 deg. for the L =   14, J =   14.5 channel.
      14.0  0.56303112  0.50669038i: elastic S-matrix  @@      0.00  0   0 F  0
 Reaction Xsec    14.0-/14 @ 3 =   3.397 , Out:   0.000#   0.000#   3.397f

   S-matrix    4 =    0.85322   0.12484 for L=   16, J=   15.5 channel on core I =   1.5 from L=   16,  Acc. loss =  0.0 D.
 Elastic phase shift   4 =    4.162   4.244 deg. for the L =   16, J =   15.5 channel.
      14.0  0.85321771  0.12484387i: elastic S-matrix  @@      0.00  0   0 F  0
 Reaction Xsec    14.0-/16 @ 4 =   2.044 , Out:   0.000#   0.000#   2.044f


 Total SPIN, PARITY =    15.0 +,      4 chs,      0 cc.  Rmin & Coul turning =    1.2    4.1
   S-matrix    1 =    0.39843   0.62051 for L=   13, J=   13.5 channel on core I =   1.5 from L=   13,  Acc. loss =  0.0 D.
 Elastic phase shift   1 =   28.648   8.726 deg. for the L =   13, J =   13.5 channel.
      15.0  0.39843399  0.62051215i: elastic S-matrix  @@      0.00  0   0 F  0
 Reaction Xsec    15.0+/13 @ 1 =   3.886 , Out:   0.000#   0.000#   3.886f

   S-matrix    2 =    0.80547   0.15664 for L=   15, J=   14.5 channel on core I =   1.5 from L=   15,  Acc. loss =  0.0 D.
 Elastic phase shift   2 =    5.502   5.666 deg. for the L =   15, J =   14.5 channel.
      15.0  0.80546595  0.15663856i: elastic S-matrix  @@      0.00  0   0 F  0
 Reaction Xsec    15.0+/15 @ 2 =   2.783 , Out:   0.000#   0.000#   2.783f

   S-matrix    3 =    0.69653   0.39115 for L=   15, J=   15.5 channel on core I =   1.5 from L=   15,  Acc. loss =  0.0 D.
 Elastic phase shift   3 =   14.659   6.434 deg. for the L =   15, J =   15.5 channel.
      15.0  0.69653393  0.39115370i: elastic S-matrix  @@      0.00  0   0 F  0
 Reaction Xsec    15.0+/15 @ 3 =   3.082 , Out:   0.000#   0.000#   3.082f

   S-matrix    4 =    0.89578   0.09648 for L=   17, J=   16.5 channel on core I =   1.5 from L=   17,  Acc. loss =  0.0 D.
 Elastic phase shift   4 =    3.074   2.988 deg. for the L =   17, J =   16.5 channel.
      15.0  0.89578167  0.09647646i: elastic S-matrix  @@      0.00  0   0 F  0
 Reaction Xsec    15.0+/17 @ 4 =   1.604 , Out:   0.000#   0.000#   1.604f


 Total SPIN, PARITY =    15.0 -,      5 chs,      0 cc.  Rmin & Coul turning =    1.2    4.1
   S-matrix    1 =    0.75913   0.19170 for L=   14, J=   13.5 channel on core I =   1.5 from L=   14,  Acc. loss =  0.0 D.
 Elastic phase shift   1 =    7.086   7.009 deg. for the L =   14, J =   13.5 channel.
      15.0  0.75913239  0.19170184i: elastic S-matrix  @@      0.02  0   0 F  0
 Reaction Xsec    15.0-/14 @ 1 =   3.296 , Out:   0.000#   9.124#   3.296f

   S-matrix    2 =    0.56303   0.50669 for L=   14, J=   14.5 channel on core I =   1.5 from L=   14,  Acc. loss =  0.0 D.
 Elastic phase shift   2 =   20.993   7.958 deg. for the L =   14, J =   14.5 channel.
      15.0  0.56303112  0.50669038i: elastic S-matrix  @@      0.00  0   0 F  0
 Reaction Xsec    15.0-/14 @ 2 =   3.631 , Out:   0.000#   4.512#   3.631f

   S-matrix    3 =    0.85322   0.12484 for L=   16, J=   15.5 channel on core I =   1.5 from L=   16,  Acc. loss =  0.0 D.
 Elastic phase shift   3 =    4.162   4.244 deg. for the L =   16, J =   15.5 channel.
      15.0  0.85321771  0.12484387i: elastic S-matrix  @@      0.02  0   0 F  0
 Reaction Xsec    15.0-/16 @ 3 =   2.184 , Out:   0.000#   0.070#   2.184f

   S-matrix    4 =    0.79734   0.28862 for L=   16, J=   16.5 channel on core I =   1.5 from L=   16,  Acc. loss =  0.0 D.
 Elastic phase shift   4 =    9.949   4.725 deg. for the L =   16, J =   16.5 channel.
      15.0  0.79733591  0.28861526i: elastic S-matrix  @@      0.00  0   0 F  0
 Reaction Xsec    15.0-/16 @ 4 =   2.393 , Out:   0.000#   0.285#   2.393f


 Total SPIN, PARITY =    16.0 +,      5 chs,      0 cc.  Rmin & Coul turning =    1.2    4.4
   S-matrix    1 =    0.80547   0.15664 for L=   15, J=   14.5 channel on core I =   1.5 from L=   15,  Acc. loss =  0.0 D.
 Elastic phase shift   1 =    5.502   5.666 deg. for the L =   15, J =   14.5 channel.
      16.0  0.80546595  0.15663856i: elastic S-matrix  @@      0.02  0   0 F  0
 Reaction Xsec    16.0+/15 @ 1 =   2.962 , Out:   0.000#   4.353#   2.962f

   S-matrix    2 =    0.69653   0.39115 for L=   15, J=   15.5 channel on core I =   1.5 from L=   15,  Acc. loss =  0.0 D.
 Elastic phase shift   2 =   14.659   6.434 deg. for the L =   15, J =   15.5 channel.
      16.0  0.69653393  0.39115370i: elastic S-matrix  @@      0.02  0   0 F  0
 Reaction Xsec    16.0+/15 @ 2 =   3.281 , Out:   0.000#   2.116#   3.281f

   S-matrix    3 =    0.89578   0.09648 for L=   17, J=   16.5 channel on core I =   1.5 from L=   17,  Acc. loss =  0.0 D.
 Elastic phase shift   3 =    3.074   2.988 deg. for the L =   17, J =   16.5 channel.
      16.0  0.89578167  0.09647646i: elastic S-matrix  @@      0.00  0   0 F  0
 Reaction Xsec    16.0+/17 @ 3 =   1.707 , Out:   0.000#   0.306#   1.707f

   S-matrix    4 =    0.86905   0.20540 for L=   17, J=   17.5 channel on core I =   1.5 from L=   17,  Acc. loss =  0.0 D.
 Elastic phase shift   4 =    6.649   3.242 deg. for the L =   17, J =   17.5 channel.
      16.0  0.86905067  0.20539675i: elastic S-matrix  @@      0.00  0   0 F  0
 Reaction Xsec    16.0+/17 @ 4 =   1.837 , Out:   0.000#   1.148#   1.837f


 Total SPIN, PARITY =    16.0 -,      4 chs,      0 cc.  Rmin & Coul turning =    1.2    4.4
   S-matrix    1 =    0.56303   0.50669 for L=   14, J=   14.5 channel on core I =   1.5 from L=   14,  Acc. loss =  0.0 D.
 Elastic phase shift   1 =   20.993   7.958 deg. for the L =   14, J =   14.5 channel.
      16.0  0.56303112  0.50669038i: elastic S-matrix  @@      0.00  0   0 F  0
 Reaction Xsec    16.0-/14 @ 1 =   3.865 , Out:   0.000#   0.000#   3.865f

   S-matrix    2 =    0.85322   0.12484 for L=   16, J=   15.5 channel on core I =   1.5 from L=   16,  Acc. loss =  0.0 D.
 Elastic phase shift   2 =    4.162   4.244 deg. for the L =   16, J =   15.5 channel.
      16.0  0.85321771  0.12484387i: elastic S-matrix  @@      0.00  0   0 F  0
 Reaction Xsec    16.0-/16 @ 2 =   2.325 , Out:   0.000#   0.000#   2.325f

   S-matrix    3 =    0.79734   0.28862 for L=   16, J=   16.5 channel on core I =   1.5 from L=   16,  Acc. loss =  0.0 D.
 Elastic phase shift   3 =    9.949   4.725 deg. for the L =   16, J =   16.5 channel.
      16.0  0.79733591  0.28861526i: elastic S-matrix  @@      0.00  0   0 F  0
 Reaction Xsec    16.0-/16 @ 3 =   2.548 , Out:   0.000#   0.000#   2.548f

   S-matrix    4 =    0.92960   0.07220 for L=   18, J=   17.5 channel on core I =   1.5 from L=   18,  Acc. loss =  0.0 D.
 Elastic phase shift   4 =    2.221   2.005 deg. for the L =   18, J =   17.5 channel.
      16.0  0.92959599  0.07219839i: elastic S-matrix  @@      0.00  0   0 F  0
 Reaction Xsec    16.0-/18 @ 4 =   1.185 , Out:   0.000#   0.000#   1.185f


 Total SPIN, PARITY =    17.0 +,      4 chs,      0 cc.  Rmin & Coul turning =    1.4    4.6
   S-matrix    1 =    0.69653   0.39115 for L=   15, J=   15.5 channel on core I =   1.5 from L=   15,  Acc. loss =  0.0 D.
 Elastic phase shift   1 =   14.659   6.434 deg. for the L =   15, J =   15.5 channel.
      17.0  0.69653393  0.39115370i: elastic S-matrix  @@      0.00  0   0 F  0
 Reaction Xsec    17.0+/15 @ 1 =   3.480 , Out:   0.000#   0.000#   3.480f

   S-matrix    2 =    0.89578   0.09648 for L=   17, J=   16.5 channel on core I =   1.5 from L=   17,  Acc. loss =  0.0 D.
 Elastic phase shift   2 =    3.074   2.988 deg. for the L =   17, J =   16.5 channel.
      17.0  0.89578167  0.09647646i: elastic S-matrix  @@      0.00  0   0 F  0
 Reaction Xsec    17.0+/17 @ 2 =   1.811 , Out:   0.000#   0.000#   1.811f

   S-matrix    3 =    0.86905   0.20540 for L=   17, J=   17.5 channel on core I =   1.5 from L=   17,  Acc. loss =  0.0 D.
 Elastic phase shift   3 =    6.649   3.242 deg. for the L =   17, J =   17.5 channel.
      17.0  0.86905067  0.20539675i: elastic S-matrix  @@      0.00  0   0 F  0
 Reaction Xsec    17.0+/17 @ 3 =   1.948 , Out:   0.000#   0.000#   1.948f

   S-matrix    4 =    0.95420   0.05248 for L=   19, J=   18.5 channel on core I =   1.5 from L=   19,  Acc. loss =  0.0 D.
 Elastic phase shift   4 =    1.574   1.300 deg. for the L =   19, J =   18.5 channel.
      17.0  0.95420301  0.05248134i: elastic S-matrix  @@      0.00  0   0 F  0
 Reaction Xsec    17.0+/19 @ 4 =   0.834 , Out:   0.000#   0.000#   0.834f


 Total SPIN, PARITY =    17.0 -,      5 chs,      0 cc.  Rmin & Coul turning =    1.4    4.6
   S-matrix    1 =    0.85322   0.12484 for L=   16, J=   15.5 channel on core I =   1.5 from L=   16,  Acc. loss =  0.0 D.
 Elastic phase shift   1 =    4.162   4.244 deg. for the L =   16, J =   15.5 channel.
      17.0  0.85321771  0.12484387i: elastic S-matrix  @@      0.02  0   0 F  0
 Reaction Xsec    17.0-/16 @ 1 =   2.466 , Out:   0.000#   4.138#   2.466f

   S-matrix    2 =    0.79734   0.28862 for L=   16, J=   16.5 channel on core I =   1.5 from L=   16,  Acc. loss =  0.0 D.
 Elastic phase shift   2 =    9.949   4.725 deg. for the L =   16, J =   16.5 channel.
      17.0  0.79733591  0.28861526i: elastic S-matrix  @@      0.02  0   0 F  0
 Reaction Xsec    17.0-/16 @ 2 =   2.702 , Out:   0.000#   1.831#   2.702f

   S-matrix    3 =    0.92960   0.07220 for L=   18, J=   17.5 channel on core I =   1.5 from L=   18,  Acc. loss =  0.0 D.
 Elastic phase shift   3 =    2.221   2.005 deg. for the L =   18, J =   17.5 channel.
      17.0  0.92959599  0.07219839i: elastic S-matrix  @@      0.00  0   0 F  0
 Reaction Xsec    17.0-/18 @ 3 =   1.256 , Out:   0.000#   0.106#   1.256f

   S-matrix    4 =    0.91753   0.14212 for L=   18, J=   18.5 channel on core I =   1.5 from L=   18,  Acc. loss =  0.0 D.
 Elastic phase shift   4 =    4.402   2.126 deg. for the L =   18, J =   18.5 channel.
      17.0  0.91753128  0.14211594i: elastic S-matrix  @@      0.00  0   0 F  0
 Reaction Xsec    17.0-/18 @ 4 =   1.327 , Out:   0.000#   0.385#   1.327f


 Total SPIN, PARITY =    18.0 +,      5 chs,      0 cc.  Rmin & Coul turning =    1.4    4.9
   S-matrix    1 =    0.89578   0.09648 for L=   17, J=   16.5 channel on core I =   1.5 from L=   17,  Acc. loss =  0.0 D.
 Elastic phase shift   1 =    3.074   2.988 deg. for the L =   17, J =   16.5 channel.
      18.0  0.89578167  0.09647646i: elastic S-matrix  @@      0.02  0   0 F  0
 Reaction Xsec    18.0+/17 @ 1 =   1.914 , Out:   0.000#   1.920#   1.914f

   S-matrix    2 =    0.86905   0.20540 for L=   17, J=   17.5 channel on core I =   1.5 from L=   17,  Acc. loss =  0.0 D.
 Elastic phase shift   2 =    6.649   3.242 deg. for the L =   17, J =   17.5 channel.
      18.0  0.86905067  0.20539675i: elastic S-matrix  @@      0.02  0   0 F  0
 Reaction Xsec    18.0+/17 @ 2 =   2.060 , Out:   0.000#   0.847#   2.060f

   S-matrix    3 =    0.95420   0.05248 for L=   19, J=   18.5 channel on core I =   1.5 from L=   19,  Acc. loss =  0.0 D.
 Elastic phase shift   3 =    1.574   1.300 deg. for the L =   19, J =   18.5 channel.
      18.0  0.95420301  0.05248134i: elastic S-matrix  @@      0.00  0   0 F  0
 Reaction Xsec    18.0+/19 @ 3 =   0.882 , Out:   0.000#   0.013#   0.882f

   S-matrix    4 =    0.94900   0.09630 for L=   19, J=   19.5 channel on core I =   1.5 from L=   19,  Acc. loss =  0.0 D.
 Elastic phase shift   4 =    2.897   1.353 deg. for the L =   19, J =   19.5 channel.
      18.0  0.94899811  0.09629695i: elastic S-matrix  @@      0.02  0   0 F  0
 Reaction Xsec    18.0+/19 @ 4 =   0.916 , Out:   0.000#   0.047#   0.916f


 Total SPIN, PARITY =    18.0 -,      4 chs,      0 cc.  Rmin & Coul turning =    1.4    4.9
   S-matrix    1 =    0.79734   0.28862 for L=   16, J=   16.5 channel on core I =   1.5 from L=   16,  Acc. loss =  0.0 D.
 Elastic phase shift   1 =    9.949   4.725 deg. for the L =   16, J =   16.5 channel.
      18.0  0.79733591  0.28861526i: elastic S-matrix  @@      0.00  0   0 F  0
 Reaction Xsec    18.0-/16 @ 1 =   2.857 , Out:   0.000#   0.000#   2.857f

   S-matrix    2 =    0.92960   0.07220 for L=   18, J=   17.5 channel on core I =   1.5 from L=   18,  Acc. loss =  0.0 D.
 Elastic phase shift   2 =    2.221   2.005 deg. for the L =   18, J =   17.5 channel.
      18.0  0.92959599  0.07219839i: elastic S-matrix  @@      0.00  0   0 F  0
 Reaction Xsec    18.0-/18 @ 2 =   1.328 , Out:   0.000#   0.000#   1.328f

   S-matrix    3 =    0.91753   0.14212 for L=   18, J=   18.5 channel on core I =   1.5 from L=   18,  Acc. loss =  0.0 D.
 Elastic phase shift   3 =    4.402   2.126 deg. for the L =   18, J =   18.5 channel.
      18.0  0.91753128  0.14211594i: elastic S-matrix  @@      0.00  0   0 F  0
 Reaction Xsec    18.0-/18 @ 3 =   1.402 , Out:   0.000#   0.000#   1.402f

   S-matrix    4 =    0.97100   0.03725 for L=   20, J=   19.5 channel on core I =   1.5 from L=   20,  Acc. loss =  0.0 D.
 Elastic phase shift   4 =    1.099   0.822 deg. for the L =   20, J =   19.5 channel.
      18.0  0.97100165  0.03725228i: elastic S-matrix  @@      0.00  0   0 F  0
 Reaction Xsec    18.0-/20 @ 4 =   0.567 , Out:   0.000#   0.000#   0.567f


 Total SPIN, PARITY =    19.0 +,      4 chs,      0 cc.  Rmin & Coul turning =    1.5    5.2
   S-matrix    1 =    0.86905   0.20540 for L=   17, J=   17.5 channel on core I =   1.5 from L=   17,  Acc. loss =  0.0 D.
 Elastic phase shift   1 =    6.649   3.242 deg. for the L =   17, J =   17.5 channel.
      19.0  0.86905067  0.20539675i: elastic S-matrix  @@      0.00  0   0 F  0
 Reaction Xsec    19.0+/17 @ 1 =   2.171 , Out:   0.000#   0.000#   2.171f

   S-matrix    2 =    0.95420   0.05248 for L=   19, J=   18.5 channel on core I =   1.5 from L=   19,  Acc. loss =  0.0 D.
 Elastic phase shift   2 =    1.574   1.300 deg. for the L =   19, J =   18.5 channel.
      19.0  0.95420301  0.05248134i: elastic S-matrix  @@      0.00  0   0 F  0
 Reaction Xsec    19.0+/19 @ 2 =   0.930 , Out:   0.000#   0.000#   0.930f

   S-matrix    3 =    0.94900   0.09630 for L=   19, J=   19.5 channel on core I =   1.5 from L=   19,  Acc. loss =  0.0 D.
 Elastic phase shift   3 =    2.897   1.353 deg. for the L =   19, J =   19.5 channel.
      19.0  0.94899811  0.09629695i: elastic S-matrix  @@      0.00  0   0 F  0
 Reaction Xsec    19.0+/19 @ 3 =   0.966 , Out:   0.000#   0.000#   0.966f

   S-matrix    4 =    0.98197   0.02597 for L=   21, J=   20.5 channel on core I =   1.5 from L=   21,  Acc. loss =  0.0 D.
 Elastic phase shift   4 =    0.757   0.511 deg. for the L =   21, J =   20.5 channel.
      19.0  0.98197088  0.02596597i: elastic S-matrix  @@      0.00  0   0 F  0
 Reaction Xsec    19.0+/21 @ 4 =   0.376 , Out:   0.000#   0.000#   0.376f


 Total SPIN, PARITY =    19.0 -,      5 chs,      0 cc.  Rmin & Coul turning =    1.5    5.2
   S-matrix    1 =    0.92960   0.07220 for L=   18, J=   17.5 channel on core I =   1.5 from L=   18,  Acc. loss =  0.0 D.
 Elastic phase shift   1 =    2.221   2.005 deg. for the L =   18, J =   17.5 channel.
      19.0  0.92959599  0.07219839i: elastic S-matrix  @@      0.02  0   0 F  0
 Reaction Xsec    19.0-/18 @ 1 =   1.400 , Out:   0.000#   2.389#   1.400f

   S-matrix    2 =    0.91753   0.14212 for L=   18, J=   18.5 channel on core I =   1.5 from L=   18,  Acc. loss =  0.0 D.
 Elastic phase shift   2 =    4.402   2.126 deg. for the L =   18, J =   18.5 channel.
      19.0  0.91753128  0.14211594i: elastic S-matrix  @@      0.00  0   0 F  0
 Reaction Xsec    19.0-/18 @ 2 =   1.478 , Out:   0.000#   0.974#   1.478f

   S-matrix    3 =    0.97100   0.03725 for L=   20, J=   19.5 channel on core I =   1.5 from L=   20,  Acc. loss =  0.0 D.
 Elastic phase shift   3 =    1.099   0.822 deg. for the L =   20, J =   19.5 channel.
      19.0  0.97100165  0.03725228i: elastic S-matrix  @@      0.00  0   0 F  0
 Reaction Xsec    19.0-/20 @ 3 =   0.598 , Out:   0.000#   0.049#   0.598f

   S-matrix    4 =    0.96883   0.06430 for L=   20, J=   20.5 channel on core I =   1.5 from L=   20,  Acc. loss =  0.0 D.
 Elastic phase shift   4 =    1.898   0.844 deg. for the L =   20, J =   20.5 channel.
      19.0  0.96882907  0.06429573i: elastic S-matrix  @@      0.02  0   0 F  0
 Reaction Xsec    19.0-/20 @ 4 =   0.613 , Out:   0.000#   0.171#   0.613f


 Total SPIN, PARITY =    20.0 +,      5 chs,      0 cc.  Rmin & Coul turning =    1.6    5.4
   S-matrix    1 =    0.95420   0.05248 for L=   19, J=   18.5 channel on core I =   1.5 from L=   19,  Acc. loss =  0.0 D.
 Elastic phase shift   1 =    1.574   1.300 deg. for the L =   19, J =   18.5 channel.
      20.0  0.95420301  0.05248134i: elastic S-matrix  @@      0.02  0   0 F  0
 Reaction Xsec    20.0+/19 @ 1 =   0.977 , Out:   0.000#   0.211#   0.977f

   S-matrix    2 =    0.94900   0.09630 for L=   19, J=   19.5 channel on core I =   1.5 from L=   19,  Acc. loss =  0.0 D.
 Elastic phase shift   2 =    2.897   1.353 deg. for the L =   19, J =   19.5 channel.
      20.0  0.94899811  0.09629695i: elastic S-matrix  @@      0.00  0   0 F  0
 Reaction Xsec    20.0+/19 @ 2 =   1.015 , Out:   0.000#   0.088#   1.015f

   S-matrix    3 =    0.98197   0.02597 for L=   21, J=   20.5 channel on core I =   1.5 from L=   21,  Acc. loss =  0.0 D.
 Elastic phase shift   3 =    0.757   0.511 deg. for the L =   21, J =   20.5 channel.
      20.0  0.98197088  0.02596597i: elastic S-matrix  @@      0.00  0   0 F  0
 Reaction Xsec    20.0+/21 @ 3 =   0.395 , Out:   0.000#   0.002#   0.395f

   S-matrix    4 =    0.98108   0.04251 for L=   21, J=   21.5 channel on core I =   1.5 from L=   21,  Acc. loss =  0.0 D.
 Elastic phase shift   4 =    1.240   0.520 deg. for the L =   21, J =   21.5 channel.
      20.0  0.98108468  0.04250549i: elastic S-matrix  @@      0.02  0   0 F  0
 Reaction Xsec    20.0+/21 @ 4 =   0.402 , Out:   0.000#   0.007#   0.402f


 Total SPIN, PARITY =    20.0 -,      4 chs,      0 cc.  Rmin & Coul turning =    1.6    5.4
   S-matrix    1 =    0.91753   0.14212 for L=   18, J=   18.5 channel on core I =   1.5 from L=   18,  Acc. loss =  0.0 D.
 Elastic phase shift   1 =    4.402   2.126 deg. for the L =   18, J =   18.5 channel.
      20.0  0.91753128  0.14211594i: elastic S-matrix  @@      0.00  0   0 F  0
 Reaction Xsec    20.0-/18 @ 1 =   1.554 , Out:   0.000#   0.000#   1.554f

   S-matrix    2 =    0.97100   0.03725 for L=   20, J=   19.5 channel on core I =   1.5 from L=   20,  Acc. loss =  0.0 D.
 Elastic phase shift   2 =    1.099   0.822 deg. for the L =   20, J =   19.5 channel.
      20.0  0.97100165  0.03725228i: elastic S-matrix  @@      0.00  0   0 F  0
 Reaction Xsec    20.0-/20 @ 2 =   0.628 , Out:   0.000#   0.000#   0.628f

   S-matrix    3 =    0.96883   0.06430 for L=   20, J=   20.5 channel on core I =   1.5 from L=   20,  Acc. loss =  0.0 D.
 Elastic phase shift   3 =    1.898   0.844 deg. for the L =   20, J =   20.5 channel.
      20.0  0.96882907  0.06429573i: elastic S-matrix  @@      0.00  0   0 F  0
 Reaction Xsec    20.0-/20 @ 3 =   0.645 , Out:   0.000#   0.000#   0.645f

   S-matrix    4 =    0.98892   0.01786 for L=   22, J=   21.5 channel on core I =   1.5 from L=   22,  Acc. loss =  0.0 D.
 Elastic phase shift   4 =    0.517   0.314 deg. for the L =   22, J =   21.5 channel.
      20.0  0.98892365  0.01785850i: elastic S-matrix  @@      0.00  0   0 F  0
 Reaction Xsec    20.0-/22 @ 4 =   0.245 , Out:   0.000#   0.000#   0.245f


 Total SPIN, PARITY =    21.0 +,      4 chs,      0 cc.  Rmin & Coul turning =    1.7    5.7
   S-matrix    1 =    0.94900   0.09630 for L=   19, J=   19.5 channel on core I =   1.5 from L=   19,  Acc. loss =  0.0 D.
 Elastic phase shift   1 =    2.897   1.353 deg. for the L =   19, J =   19.5 channel.
      21.0  0.94899811  0.09629695i: elastic S-matrix  @@      0.00  0   0 F  0
 Reaction Xsec    21.0+/19 @ 1 =   1.065 , Out:   0.000#   0.000#   1.065f

   S-matrix    2 =    0.98197   0.02597 for L=   21, J=   20.5 channel on core I =   1.5 from L=   21,  Acc. loss =  0.0 D.
 Elastic phase shift   2 =    0.757   0.511 deg. for the L =   21, J =   20.5 channel.
      21.0  0.98197088  0.02596597i: elastic S-matrix  @@      0.00  0   0 F  0
 Reaction Xsec    21.0+/21 @ 2 =   0.414 , Out:   0.000#   0.000#   0.414f

   S-matrix    3 =    0.98108   0.04251 for L=   21, J=   21.5 channel on core I =   1.5 from L=   21,  Acc. loss =  0.0 D.
 Elastic phase shift   3 =    1.240   0.520 deg. for the L =   21, J =   21.5 channel.
      21.0  0.98108468  0.04250549i: elastic S-matrix  @@      0.00  0   0 F  0
 Reaction Xsec    21.0+/21 @ 3 =   0.421 , Out:   0.000#   0.000#   0.421f

   S-matrix    4 =    0.99325   0.01216 for L=   23, J=   22.5 channel on core I =   1.5 from L=   23,  Acc. loss =  0.0 D.
 Elastic phase shift   4 =    0.351   0.192 deg. for the L =   23, J =   22.5 channel.
      21.0  0.99324651  0.01216381i: elastic S-matrix  @@      0.00  0   0 F  0
 Reaction Xsec    21.0+/23 @ 4 =   0.157 , Out:   0.000#   0.000#   0.157f


 Total SPIN, PARITY =    21.0 -,      5 chs,      0 cc.  Rmin & Coul turning =    1.7    5.7
   S-matrix    1 =    0.97100   0.03725 for L=   20, J=   19.5 channel on core I =   1.5 from L=   20,  Acc. loss =  0.0 D.
 Elastic phase shift   1 =    1.099   0.822 deg. for the L =   20, J =   19.5 channel.
      21.0  0.97100165  0.03725228i: elastic S-matrix  @@      0.02  0   0 F  0
 Reaction Xsec    21.0-/20 @ 1 =   0.659 , Out:   0.000#   0.373#   0.659f

   S-matrix    2 =    0.96883   0.06430 for L=   20, J=   20.5 channel on core I =   1.5 from L=   20,  Acc. loss =  0.0 D.
 Elastic phase shift   2 =    1.898   0.844 deg. for the L =   20, J =   20.5 channel.
      21.0  0.96882907  0.06429573i: elastic S-matrix  @@      0.00  0   0 F  0
 Reaction Xsec    21.0-/20 @ 2 =   0.676 , Out:   0.000#   0.147#   0.676f

   S-matrix    3 =    0.98892   0.01786 for L=   22, J=   21.5 channel on core I =   1.5 from L=   22,  Acc. loss =  0.0 D.
 Elastic phase shift   3 =    0.517   0.314 deg. for the L =   22, J =   21.5 channel.
      21.0  0.98892365  0.01785850i: elastic S-matrix  @@      0.02  0   0 F  0
 Reaction Xsec    21.0-/22 @ 3 =   0.257 , Out:   0.000#   0.243#   0.257f

   S-matrix    4 =    0.98857   0.02792 for L=   22, J=   22.5 channel on core I =   1.5 from L=   22,  Acc. loss =  0.0 D.
 Elastic phase shift   4 =    0.809   0.318 deg. for the L =   22, J =   22.5 channel.
      21.0  0.98856775  0.02792012i: elastic S-matrix  @@      0.00  0   0 F  0
 Reaction Xsec    21.0-/22 @ 4 =   0.259 , Out:   0.000#   0.811#   0.259f


 Total SPIN, PARITY =    22.0 +,      5 chs,      0 cc.  Rmin & Coul turning =    1.8    6.0
   S-matrix    1 =    0.98197   0.02597 for L=   21, J=   20.5 channel on core I =   1.5 from L=   21,  Acc. loss =  0.0 D.
 Elastic phase shift   1 =    0.757   0.511 deg. for the L =   21, J =   20.5 channel.
      22.0  0.98197088  0.02596597i: elastic S-matrix  @@      0.02  0   0 F  0
 Reaction Xsec    22.0+/21 @ 1 =   0.434 , Out:   0.000#   0.082#   0.434f

   S-matrix    2 =    0.98108   0.04251 for L=   21, J=   21.5 channel on core I =   1.5 from L=   21,  Acc. loss =  0.0 D.
 Elastic phase shift   2 =    1.240   0.520 deg. for the L =   21, J =   21.5 channel.
      22.0  0.98108468  0.04250549i: elastic S-matrix  @@      0.00  0   0 F  0
 Reaction Xsec    22.0+/21 @ 2 =   0.441 , Out:   0.000#   0.031#   0.441f

   S-matrix    3 =    0.99325   0.01216 for L=   23, J=   22.5 channel on core I =   1.5 from L=   23,  Acc. loss =  0.0 D.
 Elastic phase shift   3 =    0.351   0.192 deg. for the L =   23, J =   22.5 channel.
      22.0  0.99324651  0.01216381i: elastic S-matrix  @@      0.02  0   0 F  0
 Reaction Xsec    22.0+/23 @ 3 =   0.165 , Out:   0.000#   0.017#   0.165f

   S-matrix    4 =    0.99311   0.01827 for L=   23, J=   23.5 channel on core I =   1.5 from L=   23,  Acc. loss =  0.0 D.
 Elastic phase shift   4 =    0.527   0.193 deg. for the L =   23, J =   23.5 channel.
      22.0  0.99310505  0.01826570i: elastic S-matrix  @@      0.00  0   0 F  0
 Reaction Xsec    22.0+/23 @ 4 =   0.166 , Out:   0.000#   0.057#   0.166f


 Total SPIN, PARITY =    22.0 -,      4 chs,      0 cc.  Rmin & Coul turning =    1.8    6.0
   S-matrix    1 =    0.96883   0.06430 for L=   20, J=   20.5 channel on core I =   1.5 from L=   20,  Acc. loss =  0.0 D.
 Elastic phase shift   1 =    1.898   0.844 deg. for the L =   20, J =   20.5 channel.
      22.0  0.96882907  0.06429573i: elastic S-matrix  @@      0.00  0   0 F  0
 Reaction Xsec    22.0-/20 @ 1 =   0.708 , Out:   0.000#   0.000#   0.708f

   S-matrix    2 =    0.98892   0.01786 for L=   22, J=   21.5 channel on core I =   1.5 from L=   22,  Acc. loss =  0.0 D.
 Elastic phase shift   2 =    0.517   0.314 deg. for the L =   22, J =   21.5 channel.
      22.0  0.98892365  0.01785850i: elastic S-matrix  @@      0.00  0   0 F  0
 Reaction Xsec    22.0-/22 @ 2 =   0.268 , Out:   0.000#   0.000#   0.268f

   S-matrix    3 =    0.98857   0.02792 for L=   22, J=   22.5 channel on core I =   1.5 from L=   22,  Acc. loss =  0.0 D.
 Elastic phase shift   3 =    0.809   0.318 deg. for the L =   22, J =   22.5 channel.
      22.0  0.98856775  0.02792012i: elastic S-matrix  @@      0.00  0   0 F  0
 Reaction Xsec    22.0-/22 @ 3 =   0.271 , Out:   0.000#   0.000#   0.271f

   S-matrix    4 =    0.99590   0.00823 for L=   24, J=   23.5 channel on core I =   1.5 from L=   24,  Acc. loss =  0.0 D.
 Elastic phase shift   4 =    0.237   0.117 deg. for the L =   24, J =   23.5 channel.
      22.0  0.99590172  0.00822659i: elastic S-matrix  @@      0.00  0   0 F  0
 Reaction Xsec    22.0-/24 @ 4 =   0.100 , Out:   0.000#   0.000#   0.100f


 Total SPIN, PARITY =    23.0 +,      4 chs,      0 cc.  Rmin & Coul turning =    1.8    6.2
   S-matrix    1 =    0.98108   0.04251 for L=   21, J=   21.5 channel on core I =   1.5 from L=   21,  Acc. loss =  0.0 D.
 Elastic phase shift   1 =    1.240   0.520 deg. for the L =   21, J =   21.5 channel.
      23.0  0.98108468  0.04250549i: elastic S-matrix  @@      0.00  0   0 F  0
 Reaction Xsec    23.0+/21 @ 1 =   0.461 , Out:   0.000#   0.000#   0.461f

   S-matrix    2 =    0.99325   0.01216 for L=   23, J=   22.5 channel on core I =   1.5 from L=   23,  Acc. loss =  0.0 D.
 Elastic phase shift   2 =    0.351   0.192 deg. for the L =   23, J =   22.5 channel.
      23.0  0.99324651  0.01216381i: elastic S-matrix  @@      0.00  0   0 F  0
 Reaction Xsec    23.0+/23 @ 2 =   0.172 , Out:   0.000#   0.000#   0.172f

   S-matrix    3 =    0.99311   0.01827 for L=   23, J=   23.5 channel on core I =   1.5 from L=   23,  Acc. loss =  0.0 D.
 Elastic phase shift   3 =    0.527   0.193 deg. for the L =   23, J =   23.5 channel.
      23.0  0.99310505  0.01826570i: elastic S-matrix  @@      0.00  0   0 F  0
 Reaction Xsec    23.0+/23 @ 3 =   0.173 , Out:   0.000#   0.000#   0.173f

   S-matrix    4 =    0.99752   0.00553 for L=   25, J=   24.5 channel on core I =   1.5 from L=   25,  Acc. loss =  0.0 D.
 Elastic phase shift   4 =    0.159   0.071 deg. for the L =   25, J =   24.5 channel.
      23.0  0.99752035  0.00553458i: elastic S-matrix  @@      0.00  0   0 F  0
 Reaction Xsec    23.0+/25 @ 4 =   0.064 , Out:   0.000#   0.000#   0.064f


 Total SPIN, PARITY =    23.0 -,      5 chs,      0 cc.  Rmin & Coul turning =    1.8    6.2
   S-matrix    1 =    0.98892   0.01786 for L=   22, J=   21.5 channel on core I =   1.5 from L=   22,  Acc. loss =  0.0 D.
 Elastic phase shift   1 =    0.517   0.314 deg. for the L =   22, J =   21.5 channel.
      23.0  0.98892365  0.01785850i: elastic S-matrix  @@      0.03  0   0 F  0
 Reaction Xsec    23.0-/22 @ 1 =   0.280 , Out:   0.000#   0.381#   0.280f

   S-matrix    2 =    0.98857   0.02792 for L=   22, J=   22.5 channel on core I =   1.5 from L=   22,  Acc. loss =  0.0 D.
 Elastic phase shift   2 =    0.809   0.318 deg. for the L =   22, J =   22.5 channel.
      23.0  0.98856775  0.02792012i: elastic S-matrix  @@      0.00  0   0 F  0
 Reaction Xsec    23.0-/22 @ 2 =   0.284 , Out:   0.000#   0.141#   0.284f

   S-matrix    3 =    0.99590   0.00823 for L=   24, J=   23.5 channel on core I =   1.5 from L=   24,  Acc. loss =  0.0 D.
 Elastic phase shift   3 =    0.237   0.117 deg. for the L =   24, J =   23.5 channel.
      23.0  0.99590172  0.00822659i: elastic S-matrix  @@      0.00  0   0 F  0
 Reaction Xsec    23.0-/24 @ 3 =   0.105 , Out:   0.000#   0.464#   0.105f

   S-matrix    4 =    0.99585   0.01192 for L=   24, J=   24.5 channel on core I =   1.5 from L=   24,  Acc. loss =  0.0 D.
 Elastic phase shift   4 =    0.343   0.117 deg. for the L =   24, J =   24.5 channel.
      23.0  0.99584587  0.01192018i: elastic S-matrix  @@      0.02  0   0 F  0
 Reaction Xsec    23.0-/24 @ 4 =   0.105 , Out:   0.000#   1.529#   0.105f


 Total SPIN, PARITY =    24.0 +,      5 chs,      0 cc.  Rmin & Coul turning =    1.9    6.5
   S-matrix    1 =    0.99325   0.01216 for L=   23, J=   22.5 channel on core I =   1.5 from L=   23,  Acc. loss =  0.0 D.
 Elastic phase shift   1 =    0.351   0.192 deg. for the L =   23, J =   22.5 channel.
      24.0  0.99324651  0.01216381i: elastic S-matrix  @@      0.02  0   0 F  0
 Reaction Xsec    24.0+/23 @ 1 =   0.179 , Out:   0.000#   0.000#   0.179f

   S-matrix    2 =    0.99311   0.01827 for L=   23, J=   23.5 channel on core I =   1.5 from L=   23,  Acc. loss =  0.0 D.
 Elastic phase shift   2 =    0.527   0.193 deg. for the L =   23, J =   23.5 channel.
      24.0  0.99310505  0.01826570i: elastic S-matrix  @@      0.00  0   0 F  0
 Reaction Xsec    24.0+/23 @ 2 =   0.181 , Out:   0.000#   0.000#   0.181f

   S-matrix    3 =    0.99752   0.00553 for L=   25, J=   24.5 channel on core I =   1.5 from L=   25,  Acc. loss =  0.0 D.
 Elastic phase shift   3 =    0.159   0.071 deg. for the L =   25, J =   24.5 channel.
      24.0  0.99752035  0.00553458i: elastic S-matrix  @@      0.00  0   0 F  0
 Reaction Xsec    24.0+/25 @ 3 =   0.066 , Out:   0.000#   0.324#   0.066f

   S-matrix    4 =    0.99750   0.00777 for L=   25, J=   25.5 channel on core I =   1.5 from L=   25,  Acc. loss =  0.0 D.
 Elastic phase shift   4 =    0.223   0.071 deg. for the L =   25, J =   25.5 channel.
      24.0  0.99749840  0.00776770i: elastic S-matrix  @@      0.02  0   0 F  0
 Reaction Xsec    24.0+/25 @ 4 =   0.066 , Out:   0.000#   1.060#   0.066f


 Total SPIN, PARITY =    24.0 -,      4 chs,      0 cc.  Rmin & Coul turning =    1.9    6.5
   S-matrix    1 =    0.98857   0.02792 for L=   22, J=   22.5 channel on core I =   1.5 from L=   22,  Acc. loss =  0.0 D.
 Elastic phase shift   1 =    0.809   0.318 deg. for the L =   22, J =   22.5 channel.
      24.0  0.98856775  0.02792012i: elastic S-matrix  @@      0.00  0   0 F  0
 Reaction Xsec    24.0-/22 @ 1 =   0.296 , Out:   0.000#   0.000#   0.296f

   S-matrix    2 =    0.99590   0.00823 for L=   24, J=   23.5 channel on core I =   1.5 from L=   24,  Acc. loss =  0.0 D.
 Elastic phase shift   2 =    0.237   0.117 deg. for the L =   24, J =   23.5 channel.
      24.0  0.99590172  0.00822659i: elastic S-matrix  @@      0.00  0   0 F  0
 Reaction Xsec    24.0-/24 @ 2 =   0.109 , Out:   0.000#   0.000#   0.109f

   S-matrix    3 =    0.99585   0.01192 for L=   24, J=   24.5 channel on core I =   1.5 from L=   24,  Acc. loss =  0.0 D.
 Elastic phase shift   3 =    0.343   0.117 deg. for the L =   24, J =   24.5 channel.
      24.0  0.99584587  0.01192018i: elastic S-matrix  @@      0.00  0   0 F  0
 Reaction Xsec    24.0-/24 @ 3 =   0.110 , Out:   0.000#   0.000#   0.110f

   S-matrix    4 =    0.99850   0.00371 for L=   26, J=   25.5 channel on core I =   1.5 from L=   26,  Acc. loss =  0.0 D.
 Elastic phase shift   4 =    0.106   0.043 deg. for the L =   26, J =   25.5 channel.
      24.0  0.99850251  0.00370857i: elastic S-matrix  @@      0.00  0   0 F  0
 Reaction Xsec    24.0-/26 @ 4 =   0.040 , Out:   0.000#   0.000#   0.040f


 Total SPIN, PARITY =    25.0 +,      4 chs,      0 cc.  Rmin & Coul turning =    2.0    6.8
   S-matrix    1 =    0.99311   0.01827 for L=   23, J=   23.5 channel on core I =   1.5 from L=   23,  Acc. loss =  0.0 D.
 Elastic phase shift   1 =    0.527   0.193 deg. for the L =   23, J =   23.5 channel.
      25.0  0.99310505  0.01826570i: elastic S-matrix  @@      0.00  0   0 F  0
 Reaction Xsec    25.0+/23 @ 1 =   0.188 , Out:   0.000#   0.000#   0.188f

   S-matrix    2 =    0.99752   0.00553 for L=   25, J=   24.5 channel on core I =   1.5 from L=   25,  Acc. loss =  0.0 D.
 Elastic phase shift   2 =    0.159   0.071 deg. for the L =   25, J =   24.5 channel.
      25.0  0.99752035  0.00553458i: elastic S-matrix  @@      0.00  0   0 F  0
 Reaction Xsec    25.0+/25 @ 2 =   0.069 , Out:   0.000#   0.000#   0.069f

   S-matrix    3 =    0.99750   0.00777 for L=   25, J=   25.5 channel on core I =   1.5 from L=   25,  Acc. loss =  0.0 D.
 Elastic phase shift   3 =    0.223   0.071 deg. for the L =   25, J =   25.5 channel.
      25.0  0.99749840  0.00776770i: elastic S-matrix  @@      0.00  0   0 F  0
 Reaction Xsec    25.0+/25 @ 3 =   0.069 , Out:   0.000#   0.000#   0.069f

   S-matrix    4 =    0.99910   0.00248 for L=   27, J=   26.5 channel on core I =   1.5 from L=   27,  Acc. loss =  0.0 D.
 Elastic phase shift   4 =    0.071   0.026 deg. for the L =   27, J =   26.5 channel.
      25.0  0.99909676  0.00247715i: elastic S-matrix  @@      0.00  0   0 F  0
 Reaction Xsec    25.0+/27 @ 4 =   0.025 , Out:   0.000#   0.000#   0.025f


 Total SPIN, PARITY =    25.0 -,      5 chs,      0 cc.  Rmin & Coul turning =    2.0    6.8
   S-matrix    1 =    0.99590   0.00823 for L=   24, J=   23.5 channel on core I =   1.5 from L=   24,  Acc. loss =  0.0 D.
 Elastic phase shift   1 =    0.237   0.117 deg. for the L =   24, J =   23.5 channel.
      25.0  0.99590172  0.00822659i: elastic S-matrix  @@      0.02  0   0 F  0
 Reaction Xsec    25.0-/24 @ 1 =   0.114 , Out:   0.000#   2.081#   0.114f

   S-matrix    2 =    0.99585   0.01192 for L=   24, J=   24.5 channel on core I =   1.5 from L=   24,  Acc. loss =  0.0 D.
 Elastic phase shift   2 =    0.343   0.117 deg. for the L =   24, J =   24.5 channel.
      25.0  0.99584587  0.01192018i: elastic S-matrix  @@      0.00  0   0 F  0
 Reaction Xsec    25.0-/24 @ 2 =   0.114 , Out:   0.000#   0.760#   0.114f

   S-matrix    3 =    0.99850   0.00371 for L=   26, J=   25.5 channel on core I =   1.5 from L=   26,  Acc. loss =  0.0 D.
 Elastic phase shift   3 =    0.106   0.043 deg. for the L =   26, J =   25.5 channel.
      25.0  0.99850251  0.00370857i: elastic S-matrix  @@      0.00  0   0 F  0
 Reaction Xsec    25.0-/26 @ 3 =   0.042 , Out:   0.000#   0.046#   0.042f

   S-matrix    4 =    0.99849   0.00506 for L=   26, J=   26.5 channel on core I =   1.5 from L=   26,  Acc. loss =  0.0 D.
 Elastic phase shift   4 =    0.145   0.043 deg. for the L =   26, J =   26.5 channel.
      25.0  0.99849391  0.00505753i: elastic S-matrix  @@      0.02  0   0 F  0
 Reaction Xsec    25.0-/26 @ 4 =   0.042 , Out:   0.000#   0.151#   0.042f


 Total SPIN, PARITY =    26.0 +,      5 chs,      0 cc.  Rmin & Coul turning =    2.1    7.0
   S-matrix    1 =    0.99752   0.00553 for L=   25, J=   24.5 channel on core I =   1.5 from L=   25,  Acc. loss =  0.0 D.
 Elastic phase shift   1 =    0.159   0.071 deg. for the L =   25, J =   24.5 channel.
      26.0  0.99752035  0.00553458i: elastic S-matrix  @@      0.02  0   0 F  0
 Reaction Xsec    26.0+/25 @ 1 =   0.072 , Out:   0.000#   2.627#   0.072f

   S-matrix    2 =    0.99750   0.00777 for L=   25, J=   25.5 channel on core I =   1.5 from L=   25,  Acc. loss =  0.0 D.
 Elastic phase shift   2 =    0.223   0.071 deg. for the L =   25, J =   25.5 channel.
      26.0  0.99749840  0.00776770i: elastic S-matrix  @@      0.00  0   0 F  0
 Reaction Xsec    26.0+/25 @ 2 =   0.072 , Out:   0.000#   0.952#   0.072f

   S-matrix    3 =    0.99910   0.00248 for L=   27, J=   26.5 channel on core I =   1.5 from L=   27,  Acc. loss =  0.0 D.
 Elastic phase shift   3 =    0.071   0.026 deg. for the L =   27, J =   26.5 channel.
      26.0  0.99909676  0.00247715i: elastic S-matrix  @@      0.02  0   0 F  0
 Reaction Xsec    26.0+/27 @ 3 =   0.026 , Out:   0.000#   0.378#   0.026f

   S-matrix    4 =    0.99909   0.00329 for L=   27, J=   27.5 channel on core I =   1.5 from L=   27,  Acc. loss =  0.0 D.
 Elastic phase shift   4 =    0.094   0.026 deg. for the L =   27, J =   27.5 channel.
      26.0  0.99909339  0.00329146i: elastic S-matrix  @@      0.00  0   0 F  0
 Reaction Xsec    26.0+/27 @ 4 =   0.026 , Out:   0.000#   1.224#   0.026f


 Total SPIN, PARITY =    26.0 -,      4 chs,      0 cc.  Rmin & Coul turning =    2.1    7.0
   S-matrix    1 =    0.99585   0.01192 for L=   24, J=   24.5 channel on core I =   1.5 from L=   24,  Acc. loss =  0.0 D.
 Elastic phase shift   1 =    0.343   0.117 deg. for the L =   24, J =   24.5 channel.
      26.0  0.99584587  0.01192018i: elastic S-matrix  @@      0.00  0   0 F  0
 Reaction Xsec    26.0-/24 @ 1 =   0.119 , Out:   0.000#   0.000#   0.119f

   S-matrix    2 =    0.99850   0.00371 for L=   26, J=   25.5 channel on core I =   1.5 from L=   26,  Acc. loss =  0.0 D.
 Elastic phase shift   2 =    0.106   0.043 deg. for the L =   26, J =   25.5 channel.
      26.0  0.99850251  0.00370857i: elastic S-matrix  @@      0.00  0   0 F  0
 Reaction Xsec    26.0-/26 @ 2 =   0.043 , Out:   0.000#   0.000#   0.043f

   S-matrix    3 =    0.99849   0.00506 for L=   26, J=   26.5 channel on core I =   1.5 from L=   26,  Acc. loss =  0.0 D.
 Elastic phase shift   3 =    0.145   0.043 deg. for the L =   26, J =   26.5 channel.
      26.0  0.99849391  0.00505753i: elastic S-matrix  @@      0.00  0   0 F  0
 Reaction Xsec    26.0-/26 @ 3 =   0.043 , Out:   0.000#   0.000#   0.043f

   S-matrix    4 =    0.99946   0.00165 for L=   28, J=   27.5 channel on core I =   1.5 from L=   28,  Acc. loss =  0.0 D.
 Elastic phase shift   4 =    0.047   0.016 deg. for the L =   28, J =   27.5 channel.
      26.0  0.99945566  0.00165039i: elastic S-matrix  @@      0.00  0   0 F  0
 Reaction Xsec    26.0-/28 @ 4 =   0.016 , Out:   0.000#   0.000#   0.016f


 Total SPIN, PARITY =    27.0 +,      4 chs,      0 cc.  Rmin & Coul turning =    2.1    7.3
   S-matrix    1 =    0.99750   0.00777 for L=   25, J=   25.5 channel on core I =   1.5 from L=   25,  Acc. loss =  0.0 D.
 Elastic phase shift   1 =    0.223   0.071 deg. for the L =   25, J =   25.5 channel.
      27.0  0.99749840  0.00776770i: elastic S-matrix  @@      0.00  0   0 F  0
 Reaction Xsec    27.0+/25 @ 1 =   0.075 , Out:   0.000#   0.000#   0.075f

   S-matrix    2 =    0.99910   0.00248 for L=   27, J=   26.5 channel on core I =   1.5 from L=   27,  Acc. loss =  0.0 D.
 Elastic phase shift   2 =    0.071   0.026 deg. for the L =   27, J =   26.5 channel.
      27.0  0.99909676  0.00247715i: elastic S-matrix  @@      0.00  0   0 F  0
 Reaction Xsec    27.0+/27 @ 2 =   0.027 , Out:   0.000#   0.000#   0.027f

   S-matrix    3 =    0.99909   0.00329 for L=   27, J=   27.5 channel on core I =   1.5 from L=   27,  Acc. loss =  0.0 D.
 Elastic phase shift   3 =    0.094   0.026 deg. for the L =   27, J =   27.5 channel.
      27.0  0.99909339  0.00329146i: elastic S-matrix  @@      0.00  0   0 F  0
 Reaction Xsec    27.0+/27 @ 3 =   0.027 , Out:   0.000#   0.000#   0.027f

   S-matrix    4 =    0.99967   0.00110 for L=   29, J=   28.5 channel on core I =   1.5 from L=   29,  Acc. loss =  0.0 D.
 Elastic phase shift   4 =    0.031   0.009 deg. for the L =   29, J =   28.5 channel.
      27.0  0.99967216  0.00109720i: elastic S-matrix  @@      0.00  0   0 F  0
 Reaction Xsec    27.0+/29 @ 4 =   9.890/, Out:   0.000#   0.000#   0.010f


 Total SPIN, PARITY =    27.0 -,      5 chs,      0 cc.  Rmin & Coul turning =    2.1    7.3
   S-matrix    1 =    0.99850   0.00371 for L=   26, J=   25.5 channel on core I =   1.5 from L=   26,  Acc. loss =  0.0 D.
 Elastic phase shift   1 =    0.106   0.043 deg. for the L =   26, J =   25.5 channel.
      27.0  0.99850251  0.00370857i: elastic S-matrix  @@      0.02  0   0 F  0
 Reaction Xsec    27.0-/26 @ 1 =   0.045 , Out:   0.000#   0.241#   0.045f

   S-matrix    2 =    0.99849   0.00506 for L=   26, J=   26.5 channel on core I =   1.5 from L=   26,  Acc. loss =  0.0 D.
 Elastic phase shift   2 =    0.145   0.043 deg. for the L =   26, J =   26.5 channel.
      27.0  0.99849391  0.00505753i: elastic S-matrix  @@      0.00  0   0 F  0
 Reaction Xsec    27.0-/26 @ 2 =   0.045 , Out:   0.000#   0.087#   0.045f

   S-matrix    3 =    0.99946   0.00165 for L=   28, J=   27.5 channel on core I =   1.5 from L=   28,  Acc. loss =  0.0 D.
 Elastic phase shift   3 =    0.047   0.016 deg. for the L =   28, J =   27.5 channel.
      27.0  0.99945566  0.00165039i: elastic S-matrix  @@      0.02  0   0 F  0
 Reaction Xsec    27.0-/28 @ 3 =   0.016 , Out:   0.000#   0.194#   0.016f

   S-matrix    4 =    0.99945   0.00214 for L=   28, J=   28.5 channel on core I =   1.5 from L=   28,  Acc. loss =  0.0 D.
 Elastic phase shift   4 =    0.061   0.016 deg. for the L =   28, J =   28.5 channel.
      27.0  0.99945434  0.00214166i: elastic S-matrix  @@      0.00  0   0 F  0
 Reaction Xsec    27.0-/28 @ 4 =   0.016 , Out:   0.000#   0.626#   0.016f


 Total SPIN, PARITY =    28.0 +,      5 chs,      0 cc.  Rmin & Coul turning =    2.2    7.5
   S-matrix    1 =    0.99910   0.00248 for L=   27, J=   26.5 channel on core I =   1.5 from L=   27,  Acc. loss =  0.0 D.
 Elastic phase shift   1 =    0.071   0.026 deg. for the L =   27, J =   26.5 channel.
      28.0  0.99909676  0.00247715i: elastic S-matrix  @@      0.02  0   0 F  0
 Reaction Xsec    28.0+/27 @ 1 =   0.028 , Out:   0.000#   0.177#   0.028f

   S-matrix    2 =    0.99909   0.00329 for L=   27, J=   27.5 channel on core I =   1.5 from L=   27,  Acc. loss =  0.0 D.
 Elastic phase shift   2 =    0.094   0.026 deg. for the L =   27, J =   27.5 channel.
      28.0  0.99909339  0.00329146i: elastic S-matrix  @@      0.00  0   0 F  0
 Reaction Xsec    28.0+/27 @ 2 =   0.028 , Out:   0.000#   0.064#   0.028f

   S-matrix    3 =    0.99967   0.00110 for L=   29, J=   28.5 channel on core I =   1.5 from L=   29,  Acc. loss =  0.0 D.
 Elastic phase shift   3 =    0.031   0.009 deg. for the L =   29, J =   28.5 channel.
      28.0  0.99967216  0.00109720i: elastic S-matrix  @@      0.00  0   0 F  0
 Reaction Xsec    28.0+/29 @ 3 =   0.010 , Out:   0.000#   0.016#   0.010f

   S-matrix    4 =    0.99967   0.00139 for L=   29, J=   29.5 channel on core I =   1.5 from L=   29,  Acc. loss =  0.0 D.
 Elastic phase shift   4 =    0.040   0.009 deg. for the L =   29, J =   29.5 channel.
      28.0  0.99967165  0.00139343i: elastic S-matrix  @@      0.02  0   0 F  0
 Reaction Xsec    28.0+/29 @ 4 =   0.010 , Out:   0.000#   0.052#   0.010f


 Total SPIN, PARITY =    28.0 -,      4 chs,      0 cc.  Rmin & Coul turning =    2.2    7.5
   S-matrix    1 =    0.99849   0.00506 for L=   26, J=   26.5 channel on core I =   1.5 from L=   26,  Acc. loss =  0.0 D.
 Elastic phase shift   1 =    0.145   0.043 deg. for the L =   26, J =   26.5 channel.
      28.0  0.99849391  0.00505753i: elastic S-matrix  @@      0.00  0   0 F  0
 Reaction Xsec    28.0-/26 @ 1 =   0.047 , Out:   0.000#   0.000#   0.047f

   S-matrix    2 =    0.99946   0.00165 for L=   28, J=   27.5 channel on core I =   1.5 from L=   28,  Acc. loss =  0.0 D.
 Elastic phase shift   2 =    0.047   0.016 deg. for the L =   28, J =   27.5 channel.
      28.0  0.99945566  0.00165039i: elastic S-matrix  @@      0.00  0   0 F  0
 Reaction Xsec    28.0-/28 @ 2 =   0.017 , Out:   0.000#   0.000#   0.017f

   S-matrix    3 =    0.99945   0.00214 for L=   28, J=   28.5 channel on core I =   1.5 from L=   28,  Acc. loss =  0.0 D.
 Elastic phase shift   3 =    0.061   0.016 deg. for the L =   28, J =   28.5 channel.
      28.0  0.99945434  0.00214166i: elastic S-matrix  @@      0.00  0   0 F  0
 Reaction Xsec    28.0-/28 @ 3 =   0.017 , Out:   0.000#   0.000#   0.017f

   S-matrix    4 =    0.99980   0.00073 for L=   30, J=   29.5 channel on core I =   1.5 from L=   30,  Acc. loss =  0.0 D.
 Elastic phase shift   4 =    0.021   0.006 deg. for the L =   30, J =   29.5 channel.
      28.0  0.99980265  0.00072812i: elastic S-matrix  @@      0.00  0   0 F  0
 Reaction Xsec    28.0-/30 @ 4 =   6.173/, Out:   0.000#   0.000#   0.006f


 Total SPIN, PARITY =    29.0 +,      4 chs,      0 cc.  Rmin & Coul turning =    2.3    7.8
   S-matrix    1 =    0.99909   0.00329 for L=   27, J=   27.5 channel on core I =   1.5 from L=   27,  Acc. loss =  0.0 D.
 Elastic phase shift   1 =    0.094   0.026 deg. for the L =   27, J =   27.5 channel.
      29.0  0.99909339  0.00329146i: elastic S-matrix  @@      0.00  0   0 F  0
 Reaction Xsec    29.0+/27 @ 1 =   0.029 , Out:   0.000#   0.000#   0.029f

   S-matrix    2 =    0.99967   0.00110 for L=   29, J=   28.5 channel on core I =   1.5 from L=   29,  Acc. loss =  0.0 D.
 Elastic phase shift   2 =    0.031   0.009 deg. for the L =   29, J =   28.5 channel.
      29.0  0.99967216  0.00109720i: elastic S-matrix  @@      0.00  0   0 F  0
 Reaction Xsec    29.0+/29 @ 2 =   0.011 , Out:   0.000#   0.000#   0.011f

   S-matrix    3 =    0.99967   0.00139 for L=   29, J=   29.5 channel on core I =   1.5 from L=   29,  Acc. loss =  0.0 D.
 Elastic phase shift   3 =    0.040   0.009 deg. for the L =   29, J =   29.5 channel.
      29.0  0.99967165  0.00139343i: elastic S-matrix  @@      0.00  0   0 F  0
 Reaction Xsec    29.0+/29 @ 3 =   0.011 , Out:   0.000#   0.000#   0.011f

   S-matrix    4 =    0.99988   0.00048 for L=   31, J=   30.5 channel on core I =   1.5 from L=   31,  Acc. loss =  0.0 D.
 Elastic phase shift   4 =    0.014   0.003 deg. for the L =   31, J =   30.5 channel.
      29.0  0.99988126  0.00048244i: elastic S-matrix  @@      0.00  0   0 F  0
 Reaction Xsec    29.0+/31 @ 4 =   3.846/, Out:   0.000#   0.000#   0.004f


 Total SPIN, PARITY =    29.0 -,      5 chs,      0 cc.  Rmin & Coul turning =    2.3    7.8
   S-matrix    1 =    0.99946   0.00165 for L=   28, J=   27.5 channel on core I =   1.5 from L=   28,  Acc. loss =  0.0 D.
 Elastic phase shift   1 =    0.047   0.016 deg. for the L =   28, J =   27.5 channel.
      29.0  0.99945566  0.00165039i: elastic S-matrix  @@      0.02  0   0 F  0
 Reaction Xsec    29.0-/28 @ 1 =   0.018 , Out:   0.000#   0.265#   0.018f

   S-matrix    2 =    0.99945   0.00214 for L=   28, J=   28.5 channel on core I =   1.5 from L=   28,  Acc. loss =  0.0 D.
 Elastic phase shift   2 =    0.061   0.016 deg. for the L =   28, J =   28.5 channel.
      29.0  0.99945434  0.00214166i: elastic S-matrix  @@      0.00  0   0 F  0
 Reaction Xsec    29.0-/28 @ 2 =   0.018 , Out:   0.000#   0.095#   0.018f

   S-matrix    3 =    0.99980   0.00073 for L=   30, J=   29.5 channel on core I =   1.5 from L=   30,  Acc. loss =  0.0 D.
 Elastic phase shift   3 =    0.021   0.006 deg. for the L =   30, J =   29.5 channel.
      29.0  0.99980265  0.00072812i: elastic S-matrix  @@      0.00  0   0 F  0
 Reaction Xsec    29.0-/30 @ 3 =   6.390/, Out:   0.000#   0.003#   0.006f

   S-matrix    4 =    0.99980   0.00091 for L=   30, J=   30.5 channel on core I =   1.5 from L=   30,  Acc. loss =  0.0 D.
 Elastic phase shift   4 =    0.026   0.006 deg. for the L =   30, J =   30.5 channel.
      29.0  0.99980246  0.00090665i: elastic S-matrix  @@      0.02  0   0 F  0
 Reaction Xsec    29.0-/30 @ 4 =   6.392/, Out:   0.000#   0.008#   0.006f


 Total SPIN, PARITY =    30.0 +,      5 chs,      0 cc.  Rmin & Coul turning =    2.4    8.1
   S-matrix    1 =    0.99967   0.00110 for L=   29, J=   28.5 channel on core I =   1.5 from L=   29,  Acc. loss =  0.0 D.
 Elastic phase shift   1 =    0.031   0.009 deg. for the L =   29, J =   28.5 channel.
      30.0  0.99967216  0.00109720i: elastic S-matrix  @@      0.02  0   0 F  0
 Reaction Xsec    30.0+/29 @ 1 =   0.011 , Out:   0.000#   0.081#   0.011f

   S-matrix    2 =    0.99967   0.00139 for L=   29, J=   29.5 channel on core I =   1.5 from L=   29,  Acc. loss =  0.0 D.
 Elastic phase shift   2 =    0.040   0.009 deg. for the L =   29, J =   29.5 channel.
      30.0  0.99967165  0.00139343i: elastic S-matrix  @@      0.00  0   0 F  0
 Reaction Xsec    30.0+/29 @ 2 =   0.011 , Out:   0.000#   0.029#   0.011f

   S-matrix    3 =    0.99988   0.00048 for L=   31, J=   30.5 channel on core I =   1.5 from L=   31,  Acc. loss =  0.0 D.
 Elastic phase shift   3 =    0.014   0.003 deg. for the L =   31, J =   30.5 channel.
      30.0  0.99988126  0.00048244i: elastic S-matrix  @@      0.00  0   0 F  0
 Reaction Xsec    30.0+/31 @ 3 =   3.977/, Out:   0.000#   0.003#   0.004f

   S-matrix    4 =    0.99988   0.00059 for L=   31, J=   31.5 channel on core I =   1.5 from L=   31,  Acc. loss =  0.0 D.
 Elastic phase shift   4 =    0.017   0.003 deg. for the L =   31, J =   31.5 channel.
      30.0  0.99988118  0.00058998i: elastic S-matrix  @@      0.02  0   0 F  0
 Reaction Xsec    30.0+/31 @ 4 =   3.977/, Out:   0.000#   0.009#   0.004f


 Total SPIN, PARITY =    30.0 -,      4 chs,      0 cc.  Rmin & Coul turning =    2.4    8.1
   S-matrix    1 =    0.99945   0.00214 for L=   28, J=   28.5 channel on core I =   1.5 from L=   28,  Acc. loss =  0.0 D.
 Elastic phase shift   1 =    0.061   0.016 deg. for the L =   28, J =   28.5 channel.
      30.0  0.99945434  0.00214166i: elastic S-matrix  @@      0.00  0   0 F  0
 Reaction Xsec    30.0-/28 @ 1 =   0.018 , Out:   0.000#   0.000#   0.018f

   S-matrix    2 =    0.99980   0.00073 for L=   30, J=   29.5 channel on core I =   1.5 from L=   30,  Acc. loss =  0.0 D.
 Elastic phase shift   2 =    0.021   0.006 deg. for the L =   30, J =   29.5 channel.
      30.0  0.99980265  0.00072812i: elastic S-matrix  @@      0.00  0   0 F  0
 Reaction Xsec    30.0-/30 @ 2 =   6.606/, Out:   0.000#   0.000#   0.007f

   S-matrix    3 =    0.99980   0.00091 for L=   30, J=   30.5 channel on core I =   1.5 from L=   30,  Acc. loss =  0.0 D.
 Elastic phase shift   3 =    0.026   0.006 deg. for the L =   30, J =   30.5 channel.
      30.0  0.99980246  0.00090665i: elastic S-matrix  @@      0.00  0   0 F  0
 Reaction Xsec    30.0-/30 @ 3 =   6.608/, Out:   0.000#   0.000#   0.007f

   S-matrix    4 =    0.99993   0.00032 for L=   32, J=   31.5 channel on core I =   1.5 from L=   32,  Acc. loss =  0.0 D.
 Elastic phase shift   4 =    0.009   0.002 deg. for the L =   32, J =   31.5 channel.
      30.0  0.99992859  0.00031922i: elastic S-matrix  @@      0.00  0   0 F  0
 Reaction Xsec    30.0-/32 @ 4 =   2.392/, Out:   0.000#   0.000#   0.002f


 Total SPIN, PARITY =    31.0 +,      4 chs,      0 cc.  Rmin & Coul turning =    2.5    8.3
   S-matrix    1 =    0.99967   0.00139 for L=   29, J=   29.5 channel on core I =   1.5 from L=   29,  Acc. loss =  0.0 D.
 Elastic phase shift   1 =    0.040   0.009 deg. for the L =   29, J =   29.5 channel.
      31.0  0.99967165  0.00139343i: elastic S-matrix  @@      0.00  0   0 F  0
 Reaction Xsec    31.0+/29 @ 1 =   0.011 , Out:   0.000#   0.000#   0.011f

   S-matrix    2 =    0.99988   0.00048 for L=   31, J=   30.5 channel on core I =   1.5 from L=   31,  Acc. loss =  0.0 D.
 Elastic phase shift   2 =    0.014   0.003 deg. for the L =   31, J =   30.5 channel.
      31.0  0.99988126  0.00048244i: elastic S-matrix  @@      0.00  0   0 F  0
 Reaction Xsec    31.0+/31 @ 2 =   4.107/, Out:   0.000#   0.000#   0.004f

   S-matrix    3 =    0.99988   0.00059 for L=   31, J=   31.5 channel on core I =   1.5 from L=   31,  Acc. loss =  0.0 D.
 Elastic phase shift   3 =    0.017   0.003 deg. for the L =   31, J =   31.5 channel.
      31.0  0.99988118  0.00058998i: elastic S-matrix  @@      0.00  0   0 F  0
 Reaction Xsec    31.0+/31 @ 3 =   4.108/, Out:   0.000#   0.000#   0.004f

   S-matrix    4 =    0.99996   0.00021 for L=   33, J=   32.5 channel on core I =   1.5 from L=   33,  Acc. loss =  0.0 D.
 Elastic phase shift   4 =    0.006   0.001 deg. for the L =   33, J =   32.5 channel.
      31.0  0.99995706  0.00021099i: elastic S-matrix  @@      0.00  0   0 F  0
 Reaction Xsec    31.0+/33 @ 4 =   1.486/, Out:   0.000#   0.000#   0.001f


 Total SPIN, PARITY =    31.0 -,      5 chs,      0 cc.  Rmin & Coul turning =    2.5    8.3
   S-matrix    1 =    0.99980   0.00073 for L=   30, J=   29.5 channel on core I =   1.5 from L=   30,  Acc. loss =  0.0 D.
 Elastic phase shift   1 =    0.021   0.006 deg. for the L =   30, J =   29.5 channel.
      31.0  0.99980265  0.00072812i: elastic S-matrix  @@      0.02  0   0 F  0
 Reaction Xsec    31.0-/30 @ 1 =   6.823/, Out:   0.000#   0.016#   0.007f

   S-matrix    2 =    0.99980   0.00091 for L=   30, J=   30.5 channel on core I =   1.5 from L=   30,  Acc. loss =  0.0 D.
 Elastic phase shift   2 =    0.026   0.006 deg. for the L =   30, J =   30.5 channel.
      31.0  0.99980246  0.00090665i: elastic S-matrix  @@      0.00  0   0 F  0
 Reaction Xsec    31.0-/30 @ 2 =   6.825/, Out:   0.000#   0.006#   0.007f

   S-matrix    3 =    0.99993   0.00032 for L=   32, J=   31.5 channel on core I =   1.5 from L=   32,  Acc. loss =  0.0 D.
 Elastic phase shift   3 =    0.009   0.002 deg. for the L =   32, J =   31.5 channel.
      31.0  0.99992859  0.00031922i: elastic S-matrix  @@      0.00  0   0 F  0
 Reaction Xsec    31.0-/32 @ 3 =   2.471/, Out:   0.000#   0.002#   0.002f

   S-matrix    4 =    0.99993   0.00038 for L=   32, J=   32.5 channel on core I =   1.5 from L=   32,  Acc. loss =  0.0 D.
 Elastic phase shift   4 =    0.011   0.002 deg. for the L =   32, J =   32.5 channel.
      31.0  0.99992856  0.00038396i: elastic S-matrix  @@      0.02  0   0 F  0
 Reaction Xsec    31.0-/32 @ 4 =   2.471/, Out:   0.000#   0.006#   0.002f


 Total SPIN, PARITY =    32.0 +,      5 chs,      0 cc.  Rmin & Coul turning =    2.6    8.6
   S-matrix    1 =    0.99988   0.00048 for L=   31, J=   30.5 channel on core I =   1.5 from L=   31,  Acc. loss =  0.0 D.
 Elastic phase shift   1 =    0.014   0.003 deg. for the L =   31, J =   30.5 channel.
      32.0  0.99988126  0.00048244i: elastic S-matrix  @@      0.02  0   0 F  0
 Reaction Xsec    32.0+/31 @ 1 =   4.237/, Out:   0.000#   0.008#   0.004f

   S-matrix    2 =    0.99988   0.00059 for L=   31, J=   31.5 channel on core I =   1.5 from L=   31,  Acc. loss =  0.0 D.
 Elastic phase shift   2 =    0.017   0.003 deg. for the L =   31, J =   31.5 channel.
      32.0  0.99988118  0.00058998i: elastic S-matrix  @@      0.00  0   0 F  0
 Reaction Xsec    32.0+/31 @ 2 =   4.238/, Out:   0.000#   0.003#   0.004f

   S-matrix    3 =    0.99996   0.00021 for L=   33, J=   32.5 channel on core I =   1.5 from L=   33,  Acc. loss =  0.0 D.
 Elastic phase shift   3 =    0.006   0.001 deg. for the L =   33, J =   32.5 channel.
      32.0  0.99995706  0.00021099i: elastic S-matrix  @@      0.00  0   0 F  0
 Reaction Xsec    32.0+/33 @ 3 =   1.533/, Out:   0.000#   0.000#   0.002f

   S-matrix    4 =    0.99996   0.00025 for L=   33, J=   33.5 channel on core I =   1.5 from L=   33,  Acc. loss =  0.0 D.
 Elastic phase shift   4 =    0.007   0.001 deg. for the L =   33, J =   33.5 channel.
      32.0  0.99995705  0.00024996i: elastic S-matrix  @@      0.02  0   0 F  0
 Reaction Xsec    32.0+/33 @ 4 =   1.533/, Out:   0.000#   0.001#   0.002f


 Total SPIN, PARITY =    32.0 -,      4 chs,      0 cc.  Rmin & Coul turning =    2.6    8.6
   S-matrix    1 =    0.99980   0.00091 for L=   30, J=   30.5 channel on core I =   1.5 from L=   30,  Acc. loss =  0.0 D.
 Elastic phase shift   1 =    0.026   0.006 deg. for the L =   30, J =   30.5 channel.
      32.0  0.99980246  0.00090665i: elastic S-matrix  @@      0.00  0   0 F  0
 Reaction Xsec    32.0-/30 @ 1 =   7.042/, Out:   0.000#   0.000#   0.007f

   S-matrix    2 =    0.99993   0.00032 for L=   32, J=   31.5 channel on core I =   1.5 from L=   32,  Acc. loss =  0.0 D.
 Elastic phase shift   2 =    0.009   0.002 deg. for the L =   32, J =   31.5 channel.
      32.0  0.99992859  0.00031922i: elastic S-matrix  @@      0.00  0   0 F  0
 Reaction Xsec    32.0-/32 @ 2 =   2.549/, Out:   0.000#   0.000#   0.003f

   S-matrix    3 =    0.99993   0.00038 for L=   32, J=   32.5 channel on core I =   1.5 from L=   32,  Acc. loss =  0.0 D.
 Elastic phase shift   3 =    0.011   0.002 deg. for the L =   32, J =   32.5 channel.
      32.0  0.99992856  0.00038396i: elastic S-matrix  @@      0.00  0   0 F  0
 Reaction Xsec    32.0-/32 @ 3 =   2.550/, Out:   0.000#   0.000#   0.003f

   S-matrix    4 =    0.99997   0.00014 for L=   34, J=   33.5 channel on core I =   1.5 from L=   34,  Acc. loss =  0.0 D.
 Elastic phase shift   4 =    0.004   0.001 deg. for the L =   34, J =   33.5 channel.
      32.0  0.99997420  0.00013930i: elastic S-matrix  @@      0.00  0   0 F  0
 Reaction Xsec    32.0-/34 @ 4 =   0.921/, Out:   0.000#   0.000#   0.001f


 Total SPIN, PARITY =    33.0 +,      4 chs,      0 cc.  Rmin & Coul turning =    2.6    8.9
   S-matrix    1 =    0.99988   0.00059 for L=   31, J=   31.5 channel on core I =   1.5 from L=   31,  Acc. loss =  0.0 D.
 Elastic phase shift   1 =    0.017   0.003 deg. for the L =   31, J =   31.5 channel.
      33.0  0.99988118  0.00058998i: elastic S-matrix  @@      0.00  0   0 F  0
 Reaction Xsec    33.0+/31 @ 1 =   4.368/, Out:   0.000#   0.000#   0.004f

   S-matrix    2 =    0.99996   0.00021 for L=   33, J=   32.5 channel on core I =   1.5 from L=   33,  Acc. loss =  0.0 D.
 Elastic phase shift   2 =    0.006   0.001 deg. for the L =   33, J =   32.5 channel.
      33.0  0.99995706  0.00021099i: elastic S-matrix  @@      0.00  0   0 F  0
 Reaction Xsec    33.0+/33 @ 2 =   1.580/, Out:   0.000#   0.000#   0.002f

   S-matrix    3 =    0.99996   0.00025 for L=   33, J=   33.5 channel on core I =   1.5 from L=   33,  Acc. loss =  0.0 D.
 Elastic phase shift   3 =    0.007   0.001 deg. for the L =   33, J =   33.5 channel.
      33.0  0.99995705  0.00024996i: elastic S-matrix  @@      0.00  0   0 F  0
 Reaction Xsec    33.0+/33 @ 3 =   1.580/, Out:   0.000#   0.000#   0.002f

   S-matrix    4 =    0.99998   0.00009 for L=   35, J=   34.5 channel on core I =   1.5 from L=   35,  Acc. loss =  0.0 D.
 Elastic phase shift   4 =    0.003   0.000 deg. for the L =   35, J =   34.5 channel.
      33.0  0.99998450  0.00009192i: elastic S-matrix  @@      0.00  0   0 F  0
 Reaction Xsec    33.0+/35 @ 4 =   0.571/, Out:   0.000#   0.000#   0.001f


 Total SPIN, PARITY =    33.0 -,      5 chs,      0 cc.  Rmin & Coul turning =    2.6    8.9
   S-matrix    1 =    0.99993   0.00032 for L=   32, J=   31.5 channel on core I =   1.5 from L=   32,  Acc. loss =  0.0 D.
 Elastic phase shift   1 =    0.009   0.002 deg. for the L =   32, J =   31.5 channel.
      33.0  0.99992859  0.00031922i: elastic S-matrix  @@      0.02  0   0 F  0
 Reaction Xsec    33.0-/32 @ 1 =   2.628/, Out:   0.000#   0.004#   0.003f

   S-matrix    2 =    0.99993   0.00038 for L=   32, J=   32.5 channel on core I =   1.5 from L=   32,  Acc. loss =  0.0 D.
 Elastic phase shift   2 =    0.011   0.002 deg. for the L =   32, J =   32.5 channel.
      33.0  0.99992856  0.00038396i: elastic S-matrix  @@      0.00  0   0 F  0
 Reaction Xsec    33.0-/32 @ 2 =   2.628/, Out:   0.000#   0.002#   0.003f

   S-matrix    3 =    0.99997   0.00014 for L=   34, J=   33.5 channel on core I =   1.5 from L=   34,  Acc. loss =  0.0 D.
 Elastic phase shift   3 =    0.004   0.001 deg. for the L =   34, J =   33.5 channel.
      33.0  0.99997420  0.00013930i: elastic S-matrix  @@      0.00  0   0 F  0
 Reaction Xsec    33.0-/34 @ 3 =   0.950/, Out:   0.000#   0.000#   0.001f

   S-matrix    4 =    0.99997   0.00016 for L=   34, J=   34.5 channel on core I =   1.5 from L=   34,  Acc. loss =  0.0 D.
 Elastic phase shift   4 =    0.005   0.001 deg. for the L =   34, J =   34.5 channel.
      33.0  0.99997419  0.00016274i: elastic S-matrix  @@      0.02  0   0 F  0
 Reaction Xsec    33.0-/34 @ 4 =   0.950/, Out:   0.000#   0.000#   0.001f


 Total SPIN, PARITY =    34.0 +,      5 chs,      0 cc.  Rmin & Coul turning =    2.7    9.1
   S-matrix    1 =    0.99996   0.00021 for L=   33, J=   32.5 channel on core I =   1.5 from L=   33,  Acc. loss =  0.0 D.
 Elastic phase shift   1 =    0.006   0.001 deg. for the L =   33, J =   32.5 channel.
      34.0  0.99995706  0.00021099i: elastic S-matrix  @@      0.02  0   0 F  0
 Reaction Xsec    34.0+/33 @ 1 =   1.627/, Out:   0.000#   0.001#   0.002f

   S-matrix    2 =    0.99996   0.00025 for L=   33, J=   33.5 channel on core I =   1.5 from L=   33,  Acc. loss =  0.0 D.
 Elastic phase shift   2 =    0.007   0.001 deg. for the L =   33, J =   33.5 channel.
      34.0  0.99995705  0.00024996i: elastic S-matrix  @@      0.00  0   0 F  0
 Reaction Xsec    34.0+/33 @ 2 =   1.627/, Out:   0.000#   0.000#   0.002f

   S-matrix    3 =    0.99998   0.00009 for L=   35, J=   34.5 channel on core I =   1.5 from L=   35,  Acc. loss =  0.0 D.
 Elastic phase shift   3 =    0.003   0.000 deg. for the L =   35, J =   34.5 channel.
      34.0  0.99998450  0.00009192i: elastic S-matrix  @@      0.00  0   0 F  0
 Reaction Xsec    34.0+/35 @ 3 =   0.588/, Out:   0.000#   0.000#   0.001f

   S-matrix    4 =    0.99998   0.00011 for L=   35, J=   35.5 channel on core I =   1.5 from L=   35,  Acc. loss =  0.0 D.
 Elastic phase shift   4 =    0.003   0.000 deg. for the L =   35, J =   35.5 channel.
      34.0  0.99998450  0.00010602i: elastic S-matrix  @@      0.02  0   0 F  0
 Reaction Xsec    34.0+/35 @ 4 =   0.588/, Out:   0.000#   0.001#   0.001f


 Total SPIN, PARITY =    34.0 -,      4 chs,      0 cc.  Rmin & Coul turning =    2.7    9.1
   S-matrix    1 =    0.99993   0.00038 for L=   32, J=   32.5 channel on core I =   1.5 from L=   32,  Acc. loss =  0.0 D.
 Elastic phase shift   1 =    0.011   0.002 deg. for the L =   32, J =   32.5 channel.
      34.0  0.99992856  0.00038396i: elastic S-matrix  @@      0.00  0   0 F  0
 Reaction Xsec    34.0-/32 @ 1 =   2.706/, Out:   0.000#   0.000#   0.003f

   S-matrix    2 =    0.99997   0.00014 for L=   34, J=   33.5 channel on core I =   1.5 from L=   34,  Acc. loss =  0.0 D.
 Elastic phase shift   2 =    0.004   0.001 deg. for the L =   34, J =   33.5 channel.
      34.0  0.99997420  0.00013930i: elastic S-matrix  @@      0.00  0   0 F  0
 Reaction Xsec    34.0-/34 @ 2 =   0.978/, Out:   0.000#   0.000#   0.001f

   S-matrix    3 =    0.99997   0.00016 for L=   34, J=   34.5 channel on core I =   1.5 from L=   34,  Acc. loss =  0.0 D.
 Elastic phase shift   3 =    0.005   0.001 deg. for the L =   34, J =   34.5 channel.
      34.0  0.99997419  0.00016274i: elastic S-matrix  @@      0.00  0   0 F  0
 Reaction Xsec    34.0-/34 @ 3 =   0.978/, Out:   0.000#   0.000#   0.001f

   S-matrix    4 =    0.99999   0.00006 for L=   36, J=   35.5 channel on core I =   1.5 from L=   36,  Acc. loss =  0.0 D.
 Elastic phase shift   4 =    0.002   0.000 deg. for the L =   36, J =   35.5 channel.
      34.0  0.99999069  0.00006062i: elastic S-matrix  @@      0.00  0   0 F  0
 Reaction Xsec    34.0-/36 @ 4 =   0.353/, Out:   0.000#   0.000#   0.000f


 Total SPIN, PARITY =    35.0 +,      4 chs,      0 cc.  Rmin & Coul turning =    2.8    9.4
   S-matrix    1 =    0.99996   0.00025 for L=   33, J=   33.5 channel on core I =   1.5 from L=   33,  Acc. loss =  0.0 D.
 Elastic phase shift   1 =    0.007   0.001 deg. for the L =   33, J =   33.5 channel.
      35.0  0.99995705  0.00024996i: elastic S-matrix  @@      0.00  0   0 F  0
 Reaction Xsec    35.0+/33 @ 1 =   1.675/, Out:   0.000#   0.000#   0.002f

   S-matrix    2 =    0.99998   0.00009 for L=   35, J=   34.5 channel on core I =   1.5 from L=   35,  Acc. loss =  0.0 D.
 Elastic phase shift   2 =    0.003   0.000 deg. for the L =   35, J =   34.5 channel.
      35.0  0.99998450  0.00009192i: elastic S-matrix  @@      0.00  0   0 F  0
 Reaction Xsec    35.0+/35 @ 2 =   0.605/, Out:   0.000#   0.000#   0.001f

   S-matrix    3 =    0.99998   0.00011 for L=   35, J=   35.5 channel on core I =   1.5 from L=   35,  Acc. loss =  0.0 D.
 Elastic phase shift   3 =    0.003   0.000 deg. for the L =   35, J =   35.5 channel.
      35.0  0.99998450  0.00010602i: elastic S-matrix  @@      0.00  0   0 F  0
 Reaction Xsec    35.0+/35 @ 3 =   0.605/, Out:   0.000#   0.000#   0.001f

   S-matrix    4 =    0.99999   0.00004 for L=   37, J=   36.5 channel on core I =   1.5 from L=   37,  Acc. loss =  0.0 D.
 Elastic phase shift   4 =    0.001   0.000 deg. for the L =   37, J =   36.5 channel.
      35.0  0.99999441  0.00003995i: elastic S-matrix  @@      0.00  0   0 F  0
 Reaction Xsec    35.0+/37 @ 4 =   0.218/, Out:   0.000#   0.000#   0.000f


 Total SPIN, PARITY =    35.0 -,      5 chs,      0 cc.  Rmin & Coul turning =    2.8    9.4
   S-matrix    1 =    0.99997   0.00014 for L=   34, J=   33.5 channel on core I =   1.5 from L=   34,  Acc. loss =  0.0 D.
 Elastic phase shift   1 =    0.004   0.001 deg. for the L =   34, J =   33.5 channel.
      35.0  0.99997420  0.00013930i: elastic S-matrix  @@      0.02  0   0 F  0
 Reaction Xsec    35.0-/34 @ 1 =   1.006/, Out:   0.000#   0.000#   0.001f

   S-matrix    2 =    0.99997   0.00016 for L=   34, J=   34.5 channel on core I =   1.5 from L=   34,  Acc. loss =  0.0 D.
 Elastic phase shift   2 =    0.005   0.001 deg. for the L =   34, J =   34.5 channel.
      35.0  0.99997419  0.00016274i: elastic S-matrix  @@      0.00  0   0 F  0
 Reaction Xsec    35.0-/34 @ 2 =   1.007/, Out:   0.000#   0.000#   0.001f

   S-matrix    3 =    0.99999   0.00006 for L=   36, J=   35.5 channel on core I =   1.5 from L=   36,  Acc. loss =  0.0 D.
 Elastic phase shift   3 =    0.002   0.000 deg. for the L =   36, J =   35.5 channel.
      35.0  0.99999069  0.00006062i: elastic S-matrix  @@      0.00  0   0 F  0
 Reaction Xsec    35.0-/36 @ 3 =   0.363/, Out:   0.000#   0.000#   0.000f

   S-matrix    4 =    0.99999   0.00007 for L=   36, J=   36.5 channel on core I =   1.5 from L=   36,  Acc. loss =  0.0 D.
 Elastic phase shift   4 =    0.002   0.000 deg. for the L =   36, J =   36.5 channel.
      35.0  0.99999069  0.00006909i: elastic S-matrix  @@      0.02  0   0 F  0
 Reaction Xsec    35.0-/36 @ 4 =   0.363/, Out:   0.000#   0.001#   0.000f


 Total SPIN, PARITY =    36.0 +,      5 chs,      0 cc.  Rmin & Coul turning =    2.9    9.7
   S-matrix    1 =    0.99998   0.00009 for L=   35, J=   34.5 channel on core I =   1.5 from L=   35,  Acc. loss =  0.0 D.
 Elastic phase shift   1 =    0.003   0.000 deg. for the L =   35, J =   34.5 channel.
      36.0  0.99998450  0.00009192i: elastic S-matrix  @@      0.02  0   0 F  0
 Reaction Xsec    36.0+/35 @ 1 =   0.622/, Out:   0.000#   0.000#   0.001f

   S-matrix    2 =    0.99998   0.00011 for L=   35, J=   35.5 channel on core I =   1.5 from L=   35,  Acc. loss =  0.0 D.
 Elastic phase shift   2 =    0.003   0.000 deg. for the L =   35, J =   35.5 channel.
      36.0  0.99998450  0.00010602i: elastic S-matrix  @@      0.00  0   0 F  0
 Reaction Xsec    36.0+/35 @ 2 =   0.622/, Out:   0.000#   0.000#   0.001f

   S-matrix    3 =    0.99999   0.00004 for L=   37, J=   36.5 channel on core I =   1.5 from L=   37,  Acc. loss =  0.0 D.
 Elastic phase shift   3 =    0.001   0.000 deg. for the L =   37, J =   36.5 channel.
      36.0  0.99999441  0.00003995i: elastic S-matrix  @@      0.00  0   0 F  0
 Reaction Xsec    36.0+/37 @ 3 =   0.224/, Out:   0.000#   0.000#   0.000f

   S-matrix    4 =    0.99999   0.00005 for L=   37, J=   37.5 channel on core I =   1.5 from L=   37,  Acc. loss =  0.0 D.
 Elastic phase shift   4 =    0.001   0.000 deg. for the L =   37, J =   37.5 channel.
      36.0  0.99999441  0.00004504i: elastic S-matrix  @@      0.02  0   0 F  0
 Reaction Xsec    36.0+/37 @ 4 =   0.224/, Out:   0.000#   0.000#   0.000f


 Total SPIN, PARITY =    36.0 -,      4 chs,      0 cc.  Rmin & Coul turning =    2.9    9.7
   S-matrix    1 =    0.99997   0.00016 for L=   34, J=   34.5 channel on core I =   1.5 from L=   34,  Acc. loss =  0.0 D.
 Elastic phase shift   1 =    0.005   0.001 deg. for the L =   34, J =   34.5 channel.
      36.0  0.99997419  0.00016274i: elastic S-matrix  @@      0.00  0   0 F  0
 Reaction Xsec    36.0-/34 @ 1 =   1.035/, Out:   0.000#   0.000#   0.001f

   S-matrix    2 =    0.99999   0.00006 for L=   36, J=   35.5 channel on core I =   1.5 from L=   36,  Acc. loss =  0.0 D.
 Elastic phase shift   2 =    0.002   0.000 deg. for the L =   36, J =   35.5 channel.
      36.0  0.99999069  0.00006062i: elastic S-matrix  @@      0.00  0   0 F  0
 Reaction Xsec    36.0-/36 @ 2 =   0.373/, Out:   0.000#   0.000#   0.000f

   S-matrix    3 =    0.99999   0.00007 for L=   36, J=   36.5 channel on core I =   1.5 from L=   36,  Acc. loss =  0.0 D.
 Elastic phase shift   3 =    0.002   0.000 deg. for the L =   36, J =   36.5 channel.
      36.0  0.99999069  0.00006909i: elastic S-matrix  @@      0.00  0   0 F  0
 Reaction Xsec    36.0-/36 @ 3 =   0.373/, Out:   0.000#   0.000#   0.000f

   S-matrix    4 =    1.00000   0.00003 for L=   38, J=   37.5 channel on core I =   1.5 from L=   38,  Acc. loss =  0.0 D.
 Elastic phase shift   4 =    0.001   0.000 deg. for the L =   38, J =   37.5 channel.
      36.0  0.99999664  0.00002637i: elastic S-matrix  @@      0.00  0   0 F  0
 Reaction Xsec    36.0-/38 @ 4 =   0.135/, Out:   0.000#   0.000#   0.000f


 Total SPIN, PARITY =    37.0 +,      4 chs,      0 cc.  Rmin & Coul turning =    3.0    9.9
   S-matrix    1 =    0.99998   0.00011 for L=   35, J=   35.5 channel on core I =   1.5 from L=   35,  Acc. loss =  0.0 D.
 Elastic phase shift   1 =    0.003   0.000 deg. for the L =   35, J =   35.5 channel.
      37.0  0.99998450  0.00010602i: elastic S-matrix  @@      0.00  0   0 F  0
 Reaction Xsec    37.0+/35 @ 1 =   0.639/, Out:   0.000#   0.000#   0.001f

   S-matrix    2 =    0.99999   0.00004 for L=   37, J=   36.5 channel on core I =   1.5 from L=   37,  Acc. loss =  0.0 D.
 Elastic phase shift   2 =    0.001   0.000 deg. for the L =   37, J =   36.5 channel.
      37.0  0.99999441  0.00003995i: elastic S-matrix  @@      0.00  0   0 F  0
 Reaction Xsec    37.0+/37 @ 2 =   0.230/, Out:   0.000#   0.000#   0.000f

   S-matrix    3 =    0.99999   0.00005 for L=   37, J=   37.5 channel on core I =   1.5 from L=   37,  Acc. loss =  0.0 D.
 Elastic phase shift   3 =    0.001   0.000 deg. for the L =   37, J =   37.5 channel.
      37.0  0.99999441  0.00004504i: elastic S-matrix  @@      0.00  0   0 F  0
 Reaction Xsec    37.0+/37 @ 3 =   0.230/, Out:   0.000#   0.000#   0.000f

   S-matrix    4 =    1.00000   0.00002 for L=   39, J=   38.5 channel on core I =   1.5 from L=   39,  Acc. loss =  0.0 D.
 Elastic phase shift   4 =    0.000   0.000 deg. for the L =   39, J =   38.5 channel.
      37.0  0.99999799  0.00001738i: elastic S-matrix  @@      0.00  0   0 F  0
 Reaction Xsec    37.0+/39 @ 4 =   0.083/, Out:   0.000#   0.000#   0.000f


 Total SPIN, PARITY =    37.0 -,      5 chs,      0 cc.  Rmin & Coul turning =    3.0    9.9
   S-matrix    1 =    0.99999   0.00006 for L=   36, J=   35.5 channel on core I =   1.5 from L=   36,  Acc. loss =  0.0 D.
 Elastic phase shift   1 =    0.002   0.000 deg. for the L =   36, J =   35.5 channel.
      37.0  0.99999069  0.00006062i: elastic S-matrix  @@      0.02  0   0 F  0
 Reaction Xsec    37.0-/36 @ 1 =   0.384/, Out:   0.000#   0.000#   0.000f

   S-matrix    2 =    0.99999   0.00007 for L=   36, J=   36.5 channel on core I =   1.5 from L=   36,  Acc. loss =  0.0 D.
 Elastic phase shift   2 =    0.002   0.000 deg. for the L =   36, J =   36.5 channel.
      37.0  0.99999069  0.00006909i: elastic S-matrix  @@      0.00  0   0 F  0
 Reaction Xsec    37.0-/36 @ 2 =   0.384/, Out:   0.000#   0.000#   0.000f

   S-matrix    3 =    1.00000   0.00003 for L=   38, J=   37.5 channel on core I =   1.5 from L=   38,  Acc. loss =  0.0 D.
 Elastic phase shift   3 =    0.001   0.000 deg. for the L =   38, J =   37.5 channel.
      37.0  0.99999664  0.00002637i: elastic S-matrix  @@      0.00  0   0 F  0
 Reaction Xsec    37.0-/38 @ 3 =   0.138/, Out:   0.000#   0.000#   0.000f

   S-matrix    4 =    1.00000   0.00003 for L=   38, J=   38.5 channel on core I =   1.5 from L=   38,  Acc. loss =  0.0 D.
 Elastic phase shift   4 =    0.001   0.000 deg. for the L =   38, J =   38.5 channel.
      37.0  0.99999664  0.00002942i: elastic S-matrix  @@      0.00  0   0 F  0
 Reaction Xsec    37.0-/38 @ 4 =   0.138/, Out:   0.000#   0.000#   0.000f


 Total SPIN, PARITY =    38.0 +,      5 chs,      0 cc.  Rmin & Coul turning =    3.0   10.2
   S-matrix    1 =    0.99999   0.00004 for L=   37, J=   36.5 channel on core I =   1.5 from L=   37,  Acc. loss =  0.0 D.
 Elastic phase shift   1 =    0.001   0.000 deg. for the L =   37, J =   36.5 channel.
      38.0  0.99999441  0.00003995i: elastic S-matrix  @@      0.02  0   0 F  0
 Reaction Xsec    38.0+/37 @ 1 =   0.237/, Out:   0.000#   0.000#   0.000f

   S-matrix    2 =    0.99999   0.00005 for L=   37, J=   37.5 channel on core I =   1.5 from L=   37,  Acc. loss =  0.0 D.
 Elastic phase shift   2 =    0.001   0.000 deg. for the L =   37, J =   37.5 channel.
      38.0  0.99999441  0.00004504i: elastic S-matrix  @@      0.02  0   0 F  0
 Reaction Xsec    38.0+/37 @ 2 =   0.237/, Out:   0.000#   0.000#   0.000f

   S-matrix    3 =    1.00000   0.00002 for L=   39, J=   38.5 channel on core I =   1.5 from L=   39,  Acc. loss =  0.0 D.
 Elastic phase shift   3 =    0.000   0.000 deg. for the L =   39, J =   38.5 channel.
      38.0  0.99999799  0.00001738i: elastic S-matrix  @@      0.00  0   0 F  0
 Reaction Xsec    38.0+/39 @ 3 =   0.085/, Out:   0.000#   0.000#   0.000f

   S-matrix    4 =    1.00000   0.00002 for L=   39, J=   39.5 channel on core I =   1.5 from L=   39,  Acc. loss =  0.0 D.
 Elastic phase shift   4 =    0.001   0.000 deg. for the L =   39, J =   39.5 channel.
      38.0  0.99999799  0.00001922i: elastic S-matrix  @@      0.00  0   0 F  0
 Reaction Xsec    38.0+/39 @ 4 =   0.085/, Out:   0.000#   0.000#   0.000f


 Total SPIN, PARITY =    38.0 -,      4 chs,      0 cc.  Rmin & Coul turning =    3.0   10.2
   S-matrix    1 =    0.99999   0.00007 for L=   36, J=   36.5 channel on core I =   1.5 from L=   36,  Acc. loss =  0.0 D.
 Elastic phase shift   1 =    0.002   0.000 deg. for the L =   36, J =   36.5 channel.
      38.0  0.99999069  0.00006909i: elastic S-matrix  @@      0.00  0   0 F  0
 Reaction Xsec    38.0-/36 @ 1 =   0.394/, Out:   0.000#   0.000#   0.000f

   S-matrix    2 =    1.00000   0.00003 for L=   38, J=   37.5 channel on core I =   1.5 from L=   38,  Acc. loss =  0.0 D.
 Elastic phase shift   2 =    0.001   0.000 deg. for the L =   38, J =   37.5 channel.
      38.0  0.99999664  0.00002637i: elastic S-matrix  @@      0.00  0   0 F  0
 Reaction Xsec    38.0-/38 @ 2 =   0.142/, Out:   0.000#   0.000#   0.000f

   S-matrix    3 =    1.00000   0.00003 for L=   38, J=   38.5 channel on core I =   1.5 from L=   38,  Acc. loss =  0.0 D.
 Elastic phase shift   3 =    0.001   0.000 deg. for the L =   38, J =   38.5 channel.
      38.0  0.99999664  0.00002942i: elastic S-matrix  @@      0.00  0   0 F  0
 Reaction Xsec    38.0-/38 @ 3 =   0.142/, Out:   0.000#   0.000#   0.000f

   S-matrix    4 =    1.00000   0.00001 for L=   40, J=   39.5 channel on core I =   1.5 from L=   40,  Acc. loss =  0.0 D.
 Elastic phase shift   4 =    0.000   0.000 deg. for the L =   40, J =   39.5 channel.
      38.0  0.99999879  0.00001149i: elastic S-matrix  @@      0.00  0   0 F  0
 Reaction Xsec    38.0-/40 @ 4 =   0.051/, Out:   0.000#   0.000#   0.000f


 Total SPIN, PARITY =    39.0 +,      4 chs,      0 cc.  Rmin & Coul turning =    3.1   10.5
   S-matrix    1 =    0.99999   0.00005 for L=   37, J=   37.5 channel on core I =   1.5 from L=   37,  Acc. loss =  0.0 D.
 Elastic phase shift   1 =    0.001   0.000 deg. for the L =   37, J =   37.5 channel.
      39.0  0.99999441  0.00004504i: elastic S-matrix  @@      0.00  0   0 F  0
 Reaction Xsec    39.0+/37 @ 1 =   0.243/, Out:   0.000#   0.000#   0.000f

   S-matrix    2 =    1.00000   0.00002 for L=   39, J=   38.5 channel on core I =   1.5 from L=   39,  Acc. loss =  0.0 D.
 Elastic phase shift   2 =    0.000   0.000 deg. for the L =   39, J =   38.5 channel.
      39.0  0.99999799  0.00001738i: elastic S-matrix  @@      0.00  0   0 F  0
 Reaction Xsec    39.0+/39 @ 2 =   0.087/, Out:   0.000#   0.000#   0.000f

   S-matrix    3 =    1.00000   0.00002 for L=   39, J=   39.5 channel on core I =   1.5 from L=   39,  Acc. loss =  0.0 D.
 Elastic phase shift   3 =    0.001   0.000 deg. for the L =   39, J =   39.5 channel.
      39.0  0.99999799  0.00001922i: elastic S-matrix  @@      0.00  0   0 F  0
 Reaction Xsec    39.0+/39 @ 3 =   0.087/, Out:   0.000#   0.000#   0.000f

   S-matrix    4 =    1.00000   0.00001 for L=   41, J=   40.5 channel on core I =   1.5 from L=   41,  Acc. loss =  0.0 D.
 Elastic phase shift   4 =    0.000   0.000 deg. for the L =   41, J =   40.5 channel.
      39.0  0.99999928  0.00000762i: elastic S-matrix  @@      0.00  0   0 F  0
 Reaction Xsec    39.0+/41 @ 4 =   0.031/, Out:   0.000#   0.000#   0.000f


 Total SPIN, PARITY =    39.0 -,      5 chs,      0 cc.  Rmin & Coul turning =    3.1   10.5
   S-matrix    1 =    1.00000   0.00003 for L=   38, J=   37.5 channel on core I =   1.5 from L=   38,  Acc. loss =  0.0 D.
 Elastic phase shift   1 =    0.001   0.000 deg. for the L =   38, J =   37.5 channel.
      39.0  0.99999664  0.00002637i: elastic S-matrix  @@      0.02  0   0 F  0
 Reaction Xsec    39.0-/38 @ 1 =   0.146/, Out:   0.000#   0.000#   0.000f

   S-matrix    2 =    1.00000   0.00003 for L=   38, J=   38.5 channel on core I =   1.5 from L=   38,  Acc. loss =  0.0 D.
 Elastic phase shift   2 =    0.001   0.000 deg. for the L =   38, J =   38.5 channel.
      39.0  0.99999664  0.00002942i: elastic S-matrix  @@      0.02  0   0 F  0
 Reaction Xsec    39.0-/38 @ 2 =   0.146/, Out:   0.000#   0.000#   0.000f

   S-matrix    3 =    1.00000   0.00001 for L=   40, J=   39.5 channel on core I =   1.5 from L=   40,  Acc. loss =  0.0 D.
 Elastic phase shift   3 =    0.000   0.000 deg. for the L =   40, J =   39.5 channel.
      39.0  0.99999879  0.00001149i: elastic S-matrix  @@      0.00  0   0 F  0
 Reaction Xsec    39.0-/40 @ 3 =   0.052/, Out:   0.000#   0.000#   0.000f

   S-matrix    4 =    1.00000   0.00001 for L=   40, J=   40.5 channel on core I =   1.5 from L=   40,  Acc. loss =  0.0 D.
 Elastic phase shift   4 =    0.000   0.000 deg. for the L =   40, J =   40.5 channel.
      39.0  0.99999879  0.00001259i: elastic S-matrix  @@      0.00  0   0 F  0
 Reaction Xsec    39.0-/40 @ 4 =   0.052/, Out:   0.000#   0.000#   0.000f


 Total SPIN, PARITY =    40.0 +,      5 chs,      0 cc.  Rmin & Coul turning =    3.2   10.7
   S-matrix    1 =    1.00000   0.00002 for L=   39, J=   38.5 channel on core I =   1.5 from L=   39,  Acc. loss =  0.0 D.
 Elastic phase shift   1 =    0.000   0.000 deg. for the L =   39, J =   38.5 channel.
      40.0  0.99999799  0.00001738i: elastic S-matrix  @@      0.02  0   0 F  0
 Reaction Xsec    40.0+/39 @ 1 =   0.090/, Out:   0.000#   0.000#   0.000f

   S-matrix    2 =    1.00000   0.00002 for L=   39, J=   39.5 channel on core I =   1.5 from L=   39,  Acc. loss =  0.0 D.
 Elastic phase shift   2 =    0.001   0.000 deg. for the L =   39, J =   39.5 channel.
      40.0  0.99999799  0.00001922i: elastic S-matrix  @@      0.02  0   0 F  0
 Reaction Xsec    40.0+/39 @ 2 =   0.090/, Out:   0.000#   0.000#   0.000f

   S-matrix    3 =    1.00000   0.00001 for L=   41, J=   40.5 channel on core I =   1.5 from L=   41,  Acc. loss =  0.0 D.
 Elastic phase shift   3 =    0.000   0.000 deg. for the L =   41, J =   40.5 channel.
      40.0  0.99999928  0.00000762i: elastic S-matrix  @@      0.00  0   0 F  0
 Reaction Xsec    40.0+/41 @ 3 =   0.032/, Out:   0.000#   0.000#   0.000f

   S-matrix    4 =    1.00000   0.00001 for L=   41, J=   41.5 channel on core I =   1.5 from L=   41,  Acc. loss =  0.0 D.
 Elastic phase shift   4 =    0.000   0.000 deg. for the L =   41, J =   41.5 channel.
      40.0  0.99999928  0.00000828i: elastic S-matrix  @@      0.00  0   0 F  0
 Reaction Xsec    40.0+/41 @ 4 =   0.032/, Out:   0.000#   0.000#   0.000f


 Total SPIN, PARITY =    40.0 -,      4 chs,      0 cc.  Rmin & Coul turning =    3.2   10.7
   S-matrix    1 =    1.00000   0.00003 for L=   38, J=   38.5 channel on core I =   1.5 from L=   38,  Acc. loss =  0.0 D.
 Elastic phase shift   1 =    0.001   0.000 deg. for the L =   38, J =   38.5 channel.
      40.0  0.99999664  0.00002942i: elastic S-matrix  @@      0.00  0   0 F  0
 Reaction Xsec    40.0-/38 @ 1 =   0.149/, Out:   0.000#   0.000#   0.000f

   S-matrix    2 =    1.00000   0.00001 for L=   40, J=   39.5 channel on core I =   1.5 from L=   40,  Acc. loss =  0.0 D.
 Elastic phase shift   2 =    0.000   0.000 deg. for the L =   40, J =   39.5 channel.
      40.0  0.99999879  0.00001149i: elastic S-matrix  @@      0.00  0   0 F  0
 Reaction Xsec    40.0-/40 @ 2 =   0.054/, Out:   0.000#   0.000#   0.000f

   S-matrix    3 =    1.00000   0.00001 for L=   40, J=   40.5 channel on core I =   1.5 from L=   40,  Acc. loss =  0.0 D.
 Elastic phase shift   3 =    0.000   0.000 deg. for the L =   40, J =   40.5 channel.
      40.0  0.99999879  0.00001259i: elastic S-matrix  @@      0.00  0   0 F  0
 Reaction Xsec    40.0-/40 @ 3 =   0.054/, Out:   0.000#   0.000#   0.000f

   S-matrix    4 =    1.00000   0.00001 for L=   42, J=   41.5 channel on core I =   1.5 from L=   42,  Acc. loss =  0.0 D.
 Elastic phase shift   4 =    0.000   0.000 deg. for the L =   42, J =   41.5 channel.
      40.0  0.99999957  0.00000505i: elastic S-matrix  @@      0.00  0   0 F  0
 Reaction Xsec    40.0-/42 @ 4 =   0.019/, Out:   0.000#   0.000#   0.000f


 Total SPIN, PARITY =    41.0 +,      4 chs,      0 cc.  Rmin & Coul turning =    3.2   11.0
   S-matrix    1 =    1.00000   0.00002 for L=   39, J=   39.5 channel on core I =   1.5 from L=   39,  Acc. loss =  0.0 D.
 Elastic phase shift   1 =    0.001   0.000 deg. for the L =   39, J =   39.5 channel.
      41.0  0.99999799  0.00001922i: elastic S-matrix  @@      0.00  0   0 F  0
 Reaction Xsec    41.0+/39 @ 1 =   0.092/, Out:   0.000#   0.000#   0.000f

   S-matrix    2 =    1.00000   0.00001 for L=   41, J=   40.5 channel on core I =   1.5 from L=   41,  Acc. loss =  0.0 D.
 Elastic phase shift   2 =    0.000   0.000 deg. for the L =   41, J =   40.5 channel.
      41.0  0.99999928  0.00000762i: elastic S-matrix  @@      0.00  0   0 F  0
 Reaction Xsec    41.0+/41 @ 2 =   0.033/, Out:   0.000#   0.000#   0.000f

   S-matrix    3 =    1.00000   0.00001 for L=   41, J=   41.5 channel on core I =   1.5 from L=   41,  Acc. loss =  0.0 D.
 Elastic phase shift   3 =    0.000   0.000 deg. for the L =   41, J =   41.5 channel.
      41.0  0.99999928  0.00000828i: elastic S-matrix  @@      0.00  0   0 F  0
 Reaction Xsec    41.0+/41 @ 3 =   0.033/, Out:   0.000#   0.000#   0.000f

   S-matrix    4 =    1.00000   0.00000 for L=   43, J=   42.5 channel on core I =   1.5 from L=   43,  Acc. loss =  0.0 D.
 Elastic phase shift   4 =    0.000   0.000 deg. for the L =   43, J =   42.5 channel.
      41.0  0.99999974  0.00000340i: elastic S-matrix  @@      0.00  0   0 F  0
 Reaction Xsec    41.0+/43 @ 4 =   0.012/, Out:   0.000#   0.000#   0.000f


 Total SPIN, PARITY =    41.0 -,      5 chs,      0 cc.  Rmin & Coul turning =    3.2   11.0
   S-matrix    1 =    1.00000   0.00001 for L=   40, J=   39.5 channel on core I =   1.5 from L=   40,  Acc. loss =  0.0 D.
 Elastic phase shift   1 =    0.000   0.000 deg. for the L =   40, J =   39.5 channel.
      41.0  0.99999879  0.00001149i: elastic S-matrix  @@      0.02  0   0 F  0
 Reaction Xsec    41.0-/40 @ 1 =   0.055/, Out:   0.000#   0.000#   0.000f

   S-matrix    2 =    1.00000   0.00001 for L=   40, J=   40.5 channel on core I =   1.5 from L=   40,  Acc. loss =  0.0 D.
 Elastic phase shift   2 =    0.000   0.000 deg. for the L =   40, J =   40.5 channel.
      41.0  0.99999879  0.00001259i: elastic S-matrix  @@      0.02  0   0 F  0
 Reaction Xsec    41.0-/40 @ 2 =   0.055/, Out:   0.000#   0.000#   0.000f

   S-matrix    3 =    1.00000   0.00001 for L=   42, J=   41.5 channel on core I =   1.5 from L=   42,  Acc. loss =  0.0 D.
 Elastic phase shift   3 =    0.000   0.000 deg. for the L =   42, J =   41.5 channel.
      41.0  0.99999957  0.00000505i: elastic S-matrix  @@      0.00  0   0 F  0
 Reaction Xsec    41.0-/42 @ 3 =   0.020/, Out:   0.000#   0.000#   0.000f

   S-matrix    4 =    1.00000   0.00001 for L=   42, J=   42.5 channel on core I =   1.5 from L=   42,  Acc. loss =  0.0 D.
 Elastic phase shift   4 =    0.000   0.000 deg. for the L =   42, J =   42.5 channel.
      41.0  0.99999957  0.00000544i: elastic S-matrix  @@      0.00  0   0 F  0
 Reaction Xsec    41.0-/42 @ 4 =   0.020/, Out:   0.000#   0.000#   0.000f


 Total SPIN, PARITY =    42.0 +,      5 chs,      0 cc.  Rmin & Coul turning =    3.4   11.2
   S-matrix    1 =    1.00000   0.00001 for L=   41, J=   40.5 channel on core I =   1.5 from L=   41,  Acc. loss =  0.0 D.
 Elastic phase shift   1 =    0.000   0.000 deg. for the L =   41, J =   40.5 channel.
      42.0  0.99999928  0.00000762i: elastic S-matrix  @@      0.02  0   0 F  0
 Reaction Xsec    42.0+/41 @ 1 =   0.034/, Out:   0.000#   0.000#   0.000f

   S-matrix    2 =    1.00000   0.00001 for L=   41, J=   41.5 channel on core I =   1.5 from L=   41,  Acc. loss =  0.0 D.
 Elastic phase shift   2 =    0.000   0.000 deg. for the L =   41, J =   41.5 channel.
      42.0  0.99999928  0.00000828i: elastic S-matrix  @@      0.00  0   0 F  0
 Reaction Xsec    42.0+/41 @ 2 =   0.034/, Out:   0.000#   0.000#   0.000f

   S-matrix    3 =    1.00000   0.00000 for L=   43, J=   42.5 channel on core I =   1.5 from L=   43,  Acc. loss =  0.0 D.
 Elastic phase shift   3 =    0.000   0.000 deg. for the L =   43, J =   42.5 channel.
      42.0  0.99999974  0.00000340i: elastic S-matrix  @@      0.02  0   0 F  0
 Reaction Xsec    42.0+/43 @ 3 =   0.012/, Out:   0.000#   0.000#   0.000f

   S-matrix    4 =    1.00000   0.00000 for L=   43, J=   43.5 channel on core I =   1.5 from L=   43,  Acc. loss =  0.0 D.
 Elastic phase shift   4 =    0.000   0.000 deg. for the L =   43, J =   43.5 channel.
      42.0  0.99999974  0.00000363i: elastic S-matrix  @@      0.00  0   0 F  0
 Reaction Xsec    42.0+/43 @ 4 =   0.012/, Out:   0.000#   0.000#   0.000f


 Total SPIN, PARITY =    42.0 -,      4 chs,      0 cc.  Rmin & Coul turning =    3.4   11.2
   S-matrix    1 =    1.00000   0.00001 for L=   40, J=   40.5 channel on core I =   1.5 from L=   40,  Acc. loss =  0.0 D.
 Elastic phase shift   1 =    0.000   0.000 deg. for the L =   40, J =   40.5 channel.
      42.0  0.99999879  0.00001259i: elastic S-matrix  @@      0.00  0   0 F  0
 Reaction Xsec    42.0-/40 @ 1 =   0.056/, Out:   0.000#   0.000#   0.000f

   S-matrix    2 =    1.00000   0.00001 for L=   42, J=   41.5 channel on core I =   1.5 from L=   42,  Acc. loss =  0.0 D.
 Elastic phase shift   2 =    0.000   0.000 deg. for the L =   42, J =   41.5 channel.
      42.0  0.99999957  0.00000505i: elastic S-matrix  @@      0.00  0   0 F  0
 Reaction Xsec    42.0-/42 @ 2 =   0.020/, Out:   0.000#   0.000#   0.000f

   S-matrix    3 =    1.00000   0.00001 for L=   42, J=   42.5 channel on core I =   1.5 from L=   42,  Acc. loss =  0.0 D.
 Elastic phase shift   3 =    0.000   0.000 deg. for the L =   42, J =   42.5 channel.
      42.0  0.99999957  0.00000544i: elastic S-matrix  @@      0.00  0   0 F  0
 Reaction Xsec    42.0-/42 @ 3 =   0.020/, Out:   0.000#   0.000#   0.000f

   S-matrix    4 =    1.00000   0.00000 for L=   44, J=   43.5 channel on core I =   1.5 from L=   44,  Acc. loss =  0.0 D.
 Elastic phase shift   4 =    0.000   0.000 deg. for the L =   44, J =   43.5 channel.
      42.0  0.99999984  0.00000228i: elastic S-matrix  @@      0.00  0   0 F  0
 Reaction Xsec    42.0-/44 @ 4 =   7.284#, Out:   0.000#   0.000#   0.000f


 Total SPIN, PARITY =    43.0 +,      4 chs,      0 cc.  Rmin & Coul turning =    3.4   11.5
   S-matrix    1 =    1.00000   0.00001 for L=   41, J=   41.5 channel on core I =   1.5 from L=   41,  Acc. loss =  0.0 D.
 Elastic phase shift   1 =    0.000   0.000 deg. for the L =   41, J =   41.5 channel.
      43.0  0.99999928  0.00000828i: elastic S-matrix  @@      0.00  0   0 F  0
 Reaction Xsec    43.0+/41 @ 1 =   0.035/, Out:   0.000#   0.000#   0.000f

   S-matrix    2 =    1.00000   0.00000 for L=   43, J=   42.5 channel on core I =   1.5 from L=   43,  Acc. loss =  0.0 D.
 Elastic phase shift   2 =    0.000   0.000 deg. for the L =   43, J =   42.5 channel.
      43.0  0.99999974  0.00000340i: elastic S-matrix  @@      0.00  0   0 F  0
 Reaction Xsec    43.0+/43 @ 2 =   0.012/, Out:   0.000#   0.000#   0.000f

   S-matrix    3 =    1.00000   0.00000 for L=   43, J=   43.5 channel on core I =   1.5 from L=   43,  Acc. loss =  0.0 D.
 Elastic phase shift   3 =    0.000   0.000 deg. for the L =   43, J =   43.5 channel.
      43.0  0.99999974  0.00000363i: elastic S-matrix  @@      0.00  0   0 F  0
 Reaction Xsec    43.0+/43 @ 3 =   0.012/, Out:   0.000#   0.000#   0.000f

   S-matrix    4 =    1.00000   0.00000 for L=   45, J=   44.5 channel on core I =   1.5 from L=   45,  Acc. loss =  0.0 D.
 Elastic phase shift   4 =    0.000   0.000 deg. for the L =   45, J =   44.5 channel.
      43.0  0.99999991  0.00000154i: elastic S-matrix  @@      0.00  0   0 F  0
 Reaction Xsec    43.0+/45 @ 4 =   4.466#, Out:   0.000#   0.000#   0.000f


 Total SPIN, PARITY =    43.0 -,      5 chs,      0 cc.  Rmin & Coul turning =    3.4   11.5
   S-matrix    1 =    1.00000   0.00001 for L=   42, J=   41.5 channel on core I =   1.5 from L=   42,  Acc. loss =  0.0 D.
 Elastic phase shift   1 =    0.000   0.000 deg. for the L =   42, J =   41.5 channel.
      43.0  0.99999957  0.00000505i: elastic S-matrix  @@      0.02  0   0 F  0
 Reaction Xsec    43.0-/42 @ 1 =   0.021/, Out:   0.000#   0.000#   0.000f

   S-matrix    2 =    1.00000   0.00001 for L=   42, J=   42.5 channel on core I =   1.5 from L=   42,  Acc. loss =  0.0 D.
 Elastic phase shift   2 =    0.000   0.000 deg. for the L =   42, J =   42.5 channel.
      43.0  0.99999957  0.00000544i: elastic S-matrix  @@      0.00  0   0 F  0
 Reaction Xsec    43.0-/42 @ 2 =   0.021/, Out:   0.000#   0.000#   0.000f

   S-matrix    3 =    1.00000   0.00000 for L=   44, J=   43.5 channel on core I =   1.5 from L=   44,  Acc. loss =  0.0 D.
 Elastic phase shift   3 =    0.000   0.000 deg. for the L =   44, J =   43.5 channel.
      43.0  0.99999984  0.00000228i: elastic S-matrix  @@      0.02  0   0 F  0
 Reaction Xsec    43.0-/44 @ 3 =   7.455#, Out:   0.000#   0.000#   0.000f

   S-matrix    4 =    1.00000   0.00000 for L=   44, J=   44.5 channel on core I =   1.5 from L=   44,  Acc. loss =  0.0 D.
 Elastic phase shift   4 =    0.000   0.000 deg. for the L =   44, J =   44.5 channel.
      43.0  0.99999984  0.00000242i: elastic S-matrix  @@      0.00  0   0 F  0
 Reaction Xsec    43.0-/44 @ 4 =   7.455#, Out:   0.000#   0.000#   0.000f


 Total SPIN, PARITY =    44.0 +,      5 chs,      0 cc.  Rmin & Coul turning =    3.5   11.8
   S-matrix    1 =    1.00000   0.00000 for L=   43, J=   42.5 channel on core I =   1.5 from L=   43,  Acc. loss =  0.0 D.
 Elastic phase shift   1 =    0.000   0.000 deg. for the L =   43, J =   42.5 channel.
      44.0  0.99999974  0.00000340i: elastic S-matrix  @@      0.02  0   0 F  0
 Reaction Xsec    44.0+/43 @ 1 =   0.013/, Out:   0.000#   0.000#   0.000f

   S-matrix    2 =    1.00000   0.00000 for L=   43, J=   43.5 channel on core I =   1.5 from L=   43,  Acc. loss =  0.0 D.
 Elastic phase shift   2 =    0.000   0.000 deg. for the L =   43, J =   43.5 channel.
      44.0  0.99999974  0.00000363i: elastic S-matrix  @@      0.00  0   0 F  0
 Reaction Xsec    44.0+/43 @ 2 =   0.013/, Out:   0.000#   0.000#   0.000f

   S-matrix    3 =    1.00000   0.00000 for L=   45, J=   44.5 channel on core I =   1.5 from L=   45,  Acc. loss =  0.0 D.
 Elastic phase shift   3 =    0.000   0.000 deg. for the L =   45, J =   44.5 channel.
      44.0  0.99999991  0.00000154i: elastic S-matrix  @@      0.02  0   0 F  0
 Reaction Xsec    44.0+/45 @ 3 =   4.569#, Out:   0.000#   0.000#   0.000f

   S-matrix    4 =    1.00000   0.00000 for L=   45, J=   45.5 channel on core I =   1.5 from L=   45,  Acc. loss =  0.0 D.
 Elastic phase shift   4 =    0.000   0.000 deg. for the L =   45, J =   45.5 channel.
      44.0  0.99999991  0.00000163i: elastic S-matrix  @@      0.00  0   0 F  0
 Reaction Xsec    44.0+/45 @ 4 =   4.569#, Out:   0.000#   0.000#   0.000f


 Total SPIN, PARITY =    44.0 -,      4 chs,      0 cc.  Rmin & Coul turning =    3.5   11.8
   S-matrix    1 =    1.00000   0.00001 for L=   42, J=   42.5 channel on core I =   1.5 from L=   42,  Acc. loss =  0.0 D.
 Elastic phase shift   1 =    0.000   0.000 deg. for the L =   42, J =   42.5 channel.
      44.0  0.99999957  0.00000544i: elastic S-matrix  @@      0.00  0   0 F  0
 Reaction Xsec    44.0-/42 @ 1 =   0.021/, Out:   0.000#   0.000#   0.000f

   S-matrix    2 =    1.00000   0.00000 for L=   44, J=   43.5 channel on core I =   1.5 from L=   44,  Acc. loss =  0.0 D.
 Elastic phase shift   2 =    0.000   0.000 deg. for the L =   44, J =   43.5 channel.
      44.0  0.99999984  0.00000228i: elastic S-matrix  @@      0.00  0   0 F  0
 Reaction Xsec    44.0-/44 @ 2 =   7.627#, Out:   0.000#   0.000#   0.000f

   S-matrix    3 =    1.00000   0.00000 for L=   44, J=   44.5 channel on core I =   1.5 from L=   44,  Acc. loss =  0.0 D.
 Elastic phase shift   3 =    0.000   0.000 deg. for the L =   44, J =   44.5 channel.
      44.0  0.99999984  0.00000242i: elastic S-matrix  @@      0.00  0   0 F  0
 Reaction Xsec    44.0-/44 @ 3 =   7.627#, Out:   0.000#   0.000#   0.000f

   S-matrix    4 =    1.00000   0.00000 for L=   46, J=   45.5 channel on core I =   1.5 from L=   46,  Acc. loss =  0.0 D.
 Elastic phase shift   4 =    0.000   0.000 deg. for the L =   46, J =   45.5 channel.
      44.0  0.99999994  0.00000110i: elastic S-matrix  @@      0.00  0   0 F  0
 Reaction Xsec    44.0-/46 @ 4 =   2.737#, Out:   0.000#   0.000#   0.000f


 Total SPIN, PARITY =    45.0 +,      4 chs,      0 cc.  Rmin & Coul turning =    3.6   12.0
   S-matrix    1 =    1.00000   0.00000 for L=   43, J=   43.5 channel on core I =   1.5 from L=   43,  Acc. loss =  0.0 D.
 Elastic phase shift   1 =    0.000   0.000 deg. for the L =   43, J =   43.5 channel.
      45.0  0.99999974  0.00000363i: elastic S-matrix  @@      0.00  0   0 F  0
 Reaction Xsec    45.0+/43 @ 1 =   0.013/, Out:   0.000#   0.000#   0.000f

   S-matrix    2 =    1.00000   0.00000 for L=   45, J=   44.5 channel on core I =   1.5 from L=   45,  Acc. loss =  0.0 D.
 Elastic phase shift   2 =    0.000   0.000 deg. for the L =   45, J =   44.5 channel.
      45.0  0.99999991  0.00000154i: elastic S-matrix  @@      0.00  0   0 F  0
 Reaction Xsec    45.0+/45 @ 2 =   4.672#, Out:   0.000#   0.000#   0.000f

   S-matrix    3 =    1.00000   0.00000 for L=   45, J=   45.5 channel on core I =   1.5 from L=   45,  Acc. loss =  0.0 D.
 Elastic phase shift   3 =    0.000   0.000 deg. for the L =   45, J =   45.5 channel.
      45.0  0.99999991  0.00000163i: elastic S-matrix  @@      0.00  0   0 F  0
 Reaction Xsec    45.0+/45 @ 3 =   4.672#, Out:   0.000#   0.000#   0.000f

   S-matrix    4 =    1.00000   0.00000 for L=   47, J=   46.5 channel on core I =   1.5 from L=   47,  Acc. loss =  0.0 D.
 Elastic phase shift   4 =    0.000   0.000 deg. for the L =   47, J =   46.5 channel.
      45.0  0.99999997  0.00000075i: elastic S-matrix  @@      0.00  0   0 F  0
 Reaction Xsec    45.0+/47 @ 4 =   1.676#, Out:   0.000#   0.000#   0.000f


 Total SPIN, PARITY =    45.0 -,      5 chs,      0 cc.  Rmin & Coul turning =    3.6   12.0
   S-matrix    1 =    1.00000   0.00000 for L=   44, J=   43.5 channel on core I =   1.5 from L=   44,  Acc. loss =  0.0 D.
 Elastic phase shift   1 =    0.000   0.000 deg. for the L =   44, J =   43.5 channel.
      45.0  0.99999984  0.00000228i: elastic S-matrix  @@      0.02  0   0 F  0
 Reaction Xsec    45.0-/44 @ 1 =   7.798#, Out:   0.000#   0.000#   0.000f

   S-matrix    2 =    1.00000   0.00000 for L=   44, J=   44.5 channel on core I =   1.5 from L=   44,  Acc. loss =  0.0 D.
 Elastic phase shift   2 =    0.000   0.000 deg. for the L =   44, J =   44.5 channel.
      45.0  0.99999984  0.00000242i: elastic S-matrix  @@      0.00  0   0 F  0
 Reaction Xsec    45.0-/44 @ 2 =   7.798#, Out:   0.000#   0.000#   0.000f

   S-matrix    3 =    1.00000   0.00000 for L=   46, J=   45.5 channel on core I =   1.5 from L=   46,  Acc. loss =  0.0 D.
 Elastic phase shift   3 =    0.000   0.000 deg. for the L =   46, J =   45.5 channel.
      45.0  0.99999994  0.00000110i: elastic S-matrix  @@      0.02  0   0 F  0
 Reaction Xsec    45.0-/46 @ 3 =   2.798#, Out:   0.000#   0.000#   0.000f

   S-matrix    4 =    1.00000   0.00000 for L=   46, J=   46.5 channel on core I =   1.5 from L=   46,  Acc. loss =  0.0 D.
 Elastic phase shift   4 =    0.000   0.000 deg. for the L =   46, J =   46.5 channel.
      45.0  0.99999994  0.00000115i: elastic S-matrix  @@      0.00  0   0 F  0
 Reaction Xsec    45.0-/46 @ 4 =   2.798#, Out:   0.000#   0.000#   0.000f


 Total SPIN, PARITY =    46.0 +,      5 chs,      0 cc.  Rmin & Coul turning =    3.7   12.3
   S-matrix    1 =    1.00000   0.00000 for L=   45, J=   44.5 channel on core I =   1.5 from L=   45,  Acc. loss =  0.0 D.
 Elastic phase shift   1 =    0.000   0.000 deg. for the L =   45, J =   44.5 channel.
      46.0  0.99999991  0.00000154i: elastic S-matrix  @@      0.02  0   0 F  0
 Reaction Xsec    46.0+/45 @ 1 =   4.774#, Out:   0.000#   0.000#   0.000f

   S-matrix    2 =    1.00000   0.00000 for L=   45, J=   45.5 channel on core I =   1.5 from L=   45,  Acc. loss =  0.0 D.
 Elastic phase shift   2 =    0.000   0.000 deg. for the L =   45, J =   45.5 channel.
      46.0  0.99999991  0.00000163i: elastic S-matrix  @@      0.00  0   0 F  0
 Reaction Xsec    46.0+/45 @ 2 =   4.774#, Out:   0.000#   0.000#   0.000f

   S-matrix    3 =    1.00000   0.00000 for L=   47, J=   46.5 channel on core I =   1.5 from L=   47,  Acc. loss =  0.0 D.
 Elastic phase shift   3 =    0.000   0.000 deg. for the L =   47, J =   46.5 channel.
      46.0  0.99999997  0.00000075i: elastic S-matrix  @@      0.02  0   0 F  0
 Reaction Xsec    46.0+/47 @ 3 =   1.712#, Out:   0.000#   0.000#   0.000f

   S-matrix    4 =    1.00000   0.00000 for L=   47, J=   47.5 channel on core I =   1.5 from L=   47,  Acc. loss =  0.0 D.
 Elastic phase shift   4 =    0.000   0.000 deg. for the L =   47, J =   47.5 channel.
      46.0  0.99999997  0.00000078i: elastic S-matrix  @@      0.00  0   0 F  0
 Reaction Xsec    46.0+/47 @ 4 =   1.712#, Out:   0.000#   0.000#   0.000f


 Total SPIN, PARITY =    46.0 -,      4 chs,      0 cc.  Rmin & Coul turning =    3.7   12.3
   S-matrix    1 =    1.00000   0.00000 for L=   44, J=   44.5 channel on core I =   1.5 from L=   44,  Acc. loss =  0.0 D.
 Elastic phase shift   1 =    0.000   0.000 deg. for the L =   44, J =   44.5 channel.
      46.0  0.99999984  0.00000242i: elastic S-matrix  @@      0.00  0   0 F  0
 Reaction Xsec    46.0-/44 @ 1 =   7.970#, Out:   0.000#   0.000#   0.000f

   S-matrix    2 =    1.00000   0.00000 for L=   46, J=   45.5 channel on core I =   1.5 from L=   46,  Acc. loss =  0.0 D.
 Elastic phase shift   2 =    0.000   0.000 deg. for the L =   46, J =   45.5 channel.
      46.0  0.99999994  0.00000110i: elastic S-matrix  @@      0.00  0   0 F  0
 Reaction Xsec    46.0-/46 @ 2 =   2.860#, Out:   0.000#   0.000#   0.000f

   S-matrix    3 =    1.00000   0.00000 for L=   46, J=   46.5 channel on core I =   1.5 from L=   46,  Acc. loss =  0.0 D.
 Elastic phase shift   3 =    0.000   0.000 deg. for the L =   46, J =   46.5 channel.
      46.0  0.99999994  0.00000115i: elastic S-matrix  @@      0.00  0   0 F  0
 Reaction Xsec    46.0-/46 @ 3 =   2.860#, Out:   0.000#   0.000#   0.000f

   S-matrix    4 =    1.00000   0.00000 for L=   48, J=   47.5 channel on core I =   1.5 from L=   48,  Acc. loss =  0.0 D.
 Elastic phase shift   4 =    0.000   0.000 deg. for the L =   48, J =   47.5 channel.
      46.0  0.99999998  0.00000055i: elastic S-matrix  @@      0.00  0   0 F  0
 Reaction Xsec    46.0-/48 @ 4 =   1.025#, Out:   0.000#   0.000#   0.000f


 Total SPIN, PARITY =    47.0 +,      4 chs,      0 cc.  Rmin & Coul turning =    3.8   12.6
   S-matrix    1 =    1.00000   0.00000 for L=   45, J=   45.5 channel on core I =   1.5 from L=   45,  Acc. loss =  0.0 D.
 Elastic phase shift   1 =    0.000   0.000 deg. for the L =   45, J =   45.5 channel.
      47.0  0.99999991  0.00000163i: elastic S-matrix  @@      0.00  0   0 F  0
 Reaction Xsec    47.0+/45 @ 1 =   4.877#, Out:   0.000#   0.000#   0.000f

   S-matrix    2 =    1.00000   0.00000 for L=   47, J=   46.5 channel on core I =   1.5 from L=   47,  Acc. loss =  0.0 D.
 Elastic phase shift   2 =    0.000   0.000 deg. for the L =   47, J =   46.5 channel.
      47.0  0.99999997  0.00000075i: elastic S-matrix  @@      0.00  0   0 F  0
 Reaction Xsec    47.0+/47 @ 2 =   1.749#, Out:   0.000#   0.000#   0.000f

   S-matrix    3 =    1.00000   0.00000 for L=   47, J=   47.5 channel on core I =   1.5 from L=   47,  Acc. loss =  0.0 D.
 Elastic phase shift   3 =    0.000   0.000 deg. for the L =   47, J =   47.5 channel.
      47.0  0.99999997  0.00000078i: elastic S-matrix  @@      0.00  0   0 F  0
 Reaction Xsec    47.0+/47 @ 3 =   1.749#, Out:   0.000#   0.000#   0.000f

   S-matrix    4 =    1.00000   0.00000 for L=   49, J=   48.5 channel on core I =   1.5 from L=   49,  Acc. loss =  0.0 D.
 Elastic phase shift   4 =    0.000   0.000 deg. for the L =   49, J =   48.5 channel.
      47.0  0.99999999  0.00000043i: elastic S-matrix  @@      0.00  0   0 F  0
 Reaction Xsec    47.0+/49 @ 4 =   0.627#, Out:   0.000#   0.000#   0.000f


 Total SPIN, PARITY =    47.0 -,      5 chs,      0 cc.  Rmin & Coul turning =    3.8   12.6
   S-matrix    1 =    1.00000   0.00000 for L=   46, J=   45.5 channel on core I =   1.5 from L=   46,  Acc. loss =  0.0 D.
 Elastic phase shift   1 =    0.000   0.000 deg. for the L =   46, J =   45.5 channel.
      47.0  0.99999994  0.00000110i: elastic S-matrix  @@      0.02  0   0 F  0
 Reaction Xsec    47.0-/46 @ 1 =   2.921#, Out:   0.000#   0.000#   0.000f

   S-matrix    2 =    1.00000   0.00000 for L=   46, J=   46.5 channel on core I =   1.5 from L=   46,  Acc. loss =  0.0 D.
 Elastic phase shift   2 =    0.000   0.000 deg. for the L =   46, J =   46.5 channel.
      47.0  0.99999994  0.00000115i: elastic S-matrix  @@      0.00  0   0 F  0
 Reaction Xsec    47.0-/46 @ 2 =   2.921#, Out:   0.000#   0.000#   0.000f

   S-matrix    3 =    1.00000   0.00000 for L=   48, J=   47.5 channel on core I =   1.5 from L=   48,  Acc. loss =  0.0 D.
 Elastic phase shift   3 =    0.000   0.000 deg. for the L =   48, J =   47.5 channel.
      47.0  0.99999998  0.00000055i: elastic S-matrix  @@      0.02  0   0 F  0
 Reaction Xsec    47.0-/48 @ 3 =   1.047#, Out:   0.000#   0.000#   0.000f

   S-matrix    4 =    1.00000   0.00000 for L=   48, J=   48.5 channel on core I =   1.5 from L=   48,  Acc. loss =  0.0 D.
 Elastic phase shift   4 =    0.000   0.000 deg. for the L =   48, J =   48.5 channel.
      47.0  0.99999998  0.00000057i: elastic S-matrix  @@      0.00  0   0 F  0
 Reaction Xsec    47.0-/48 @ 4 =   1.047#, Out:   0.000#   0.000#   0.000f


 Total SPIN, PARITY =    48.0 +,      5 chs,      0 cc.  Rmin & Coul turning =    3.8   12.8
   S-matrix    1 =    1.00000   0.00000 for L=   47, J=   46.5 channel on core I =   1.5 from L=   47,  Acc. loss =  0.0 D.
 Elastic phase shift   1 =    0.000   0.000 deg. for the L =   47, J =   46.5 channel.
      48.0  0.99999997  0.00000075i: elastic S-matrix  @@      0.02  0   0 F  0
 Reaction Xsec    48.0+/47 @ 1 =   1.786#, Out:   0.000#   0.000#   0.000f

   S-matrix    2 =    1.00000   0.00000 for L=   47, J=   47.5 channel on core I =   1.5 from L=   47,  Acc. loss =  0.0 D.
 Elastic phase shift   2 =    0.000   0.000 deg. for the L =   47, J =   47.5 channel.
      48.0  0.99999997  0.00000078i: elastic S-matrix  @@      0.00  0   0 F  0
 Reaction Xsec    48.0+/47 @ 2 =   1.786#, Out:   0.000#   0.000#   0.000f

   S-matrix    3 =    1.00000   0.00000 for L=   49, J=   48.5 channel on core I =   1.5 from L=   49,  Acc. loss =  0.0 D.
 Elastic phase shift   3 =    0.000   0.000 deg. for the L =   49, J =   48.5 channel.
      48.0  0.99999999  0.00000043i: elastic S-matrix  @@      0.02  0   0 F  0
 Reaction Xsec    48.0+/49 @ 3 =   0.640#, Out:   0.000#   0.000#   0.000f

   S-matrix    4 =    1.00000   0.00000 for L=   49, J=   49.5 channel on core I =   1.5 from L=   49,  Acc. loss =  0.0 D.
 Elastic phase shift   4 =    0.000   0.000 deg. for the L =   49, J =   49.5 channel.
      48.0  0.99999999  0.00000044i: elastic S-matrix  @@      0.00  0   0 F  0
 Reaction Xsec    48.0+/49 @ 4 =   0.640#, Out:   0.000#   0.000#   0.000f


 Total SPIN, PARITY =    48.0 -,      4 chs,      0 cc.  Rmin & Coul turning =    3.8   12.8
   S-matrix    1 =    1.00000   0.00000 for L=   46, J=   46.5 channel on core I =   1.5 from L=   46,  Acc. loss =  0.0 D.
 Elastic phase shift   1 =    0.000   0.000 deg. for the L =   46, J =   46.5 channel.
      48.0  0.99999994  0.00000115i: elastic S-matrix  @@      0.00  0   0 F  0
 Reaction Xsec    48.0-/46 @ 1 =   2.983#, Out:   0.000#   0.000#   0.000f

   S-matrix    2 =    1.00000   0.00000 for L=   48, J=   47.5 channel on core I =   1.5 from L=   48,  Acc. loss =  0.0 D.
 Elastic phase shift   2 =    0.000   0.000 deg. for the L =   48, J =   47.5 channel.
      48.0  0.99999998  0.00000055i: elastic S-matrix  @@      0.00  0   0 F  0
 Reaction Xsec    48.0-/48 @ 2 =   1.069#, Out:   0.000#   0.000#   0.000f

   S-matrix    3 =    1.00000   0.00000 for L=   48, J=   48.5 channel on core I =   1.5 from L=   48,  Acc. loss =  0.0 D.
 Elastic phase shift   3 =    0.000   0.000 deg. for the L =   48, J =   48.5 channel.
      48.0  0.99999998  0.00000057i: elastic S-matrix  @@      0.00  0   0 F  0
 Reaction Xsec    48.0-/48 @ 3 =   1.069#, Out:   0.000#   0.000#   0.000f

   S-matrix    4 =    1.00000   0.00000 for L=   50, J=   49.5 channel on core I =   1.5 from L=   50,  Acc. loss =  0.0 D.
 Elastic phase shift   4 =    0.000   0.000 deg. for the L =   50, J =   49.5 channel.
      48.0  0.99999999  0.00000030i: elastic S-matrix  @@      0.00  0   0 F  0
 Reaction Xsec    48.0-/50 @ 4 =   0.383#, Out:   0.000#   0.000#   0.000f


 Total SPIN, PARITY =    49.0 +,      4 chs,      0 cc.  Rmin & Coul turning =    3.9   13.1
   S-matrix    1 =    1.00000   0.00000 for L=   47, J=   47.5 channel on core I =   1.5 from L=   47,  Acc. loss =  0.0 D.
 Elastic phase shift   1 =    0.000   0.000 deg. for the L =   47, J =   47.5 channel.
      49.0  0.99999997  0.00000078i: elastic S-matrix  @@      0.00  0   0 F  0
 Reaction Xsec    49.0+/47 @ 1 =   1.823#, Out:   0.000#   0.000#   0.000f

   S-matrix    2 =    1.00000   0.00000 for L=   49, J=   48.5 channel on core I =   1.5 from L=   49,  Acc. loss =  0.0 D.
 Elastic phase shift   2 =    0.000   0.000 deg. for the L =   49, J =   48.5 channel.
      49.0  0.99999999  0.00000043i: elastic S-matrix  @@      0.00  0   0 F  0
 Reaction Xsec    49.0+/49 @ 2 =   0.653#, Out:   0.000#   0.000#   0.000f

   S-matrix    3 =    1.00000   0.00000 for L=   49, J=   49.5 channel on core I =   1.5 from L=   49,  Acc. loss =  0.0 D.
 Elastic phase shift   3 =    0.000   0.000 deg. for the L =   49, J =   49.5 channel.
      49.0  0.99999999  0.00000044i: elastic S-matrix  @@      0.00  0   0 F  0
 Reaction Xsec    49.0+/49 @ 3 =   0.653#, Out:   0.000#   0.000#   0.000f

   S-matrix    4 =    1.00000   0.00000 for L=   51, J=   50.5 channel on core I =   1.5 from L=   51,  Acc. loss =  0.0 D.
 Elastic phase shift   4 =    0.000   0.000 deg. for the L =   51, J =   50.5 channel.
      49.0  1.00000000  0.00000026i: elastic S-matrix  @@      0.00  0   0 F  0
 Reaction Xsec    49.0+/51 @ 4 =   0.234#, Out:   0.000#   0.000#   0.000f


 Total SPIN, PARITY =    49.0 -,      5 chs,      0 cc.  Rmin & Coul turning =    3.9   13.1
   S-matrix    1 =    1.00000   0.00000 for L=   48, J=   47.5 channel on core I =   1.5 from L=   48,  Acc. loss =  0.0 D.
 Elastic phase shift   1 =    0.000   0.000 deg. for the L =   48, J =   47.5 channel.
      49.0  0.99999998  0.00000055i: elastic S-matrix  @@      0.02  0   0 F  0
 Reaction Xsec    49.0-/48 @ 1 =   1.091#, Out:   0.000#   0.000#   0.000f

   S-matrix    2 =    1.00000   0.00000 for L=   48, J=   48.5 channel on core I =   1.5 from L=   48,  Acc. loss =  0.0 D.
 Elastic phase shift   2 =    0.000   0.000 deg. for the L =   48, J =   48.5 channel.
      49.0  0.99999998  0.00000057i: elastic S-matrix  @@      0.00  0   0 F  0
 Reaction Xsec    49.0-/48 @ 2 =   1.091#, Out:   0.000#   0.000#   0.000f

   S-matrix    3 =    1.00000   0.00000 for L=   50, J=   49.5 channel on core I =   1.5 from L=   50,  Acc. loss =  0.0 D.
 Elastic phase shift   3 =    0.000   0.000 deg. for the L =   50, J =   49.5 channel.
      49.0  0.99999999  0.00000030i: elastic S-matrix  @@      0.02  0   0 F  0
 Reaction Xsec    49.0-/50 @ 3 =   0.391#, Out:   0.000#   0.000#   0.000f

   S-matrix    4 =    1.00000   0.00000 for L=   50, J=   50.5 channel on core I =   1.5 from L=   50,  Acc. loss =  0.0 D.
 Elastic phase shift   4 =    0.000   0.000 deg. for the L =   50, J =   50.5 channel.
      49.0  0.99999999  0.00000031i: elastic S-matrix  @@      0.00  0   0 F  0
 Reaction Xsec    49.0-/50 @ 4 =   0.391#, Out:   0.000#   0.000#   0.000f


 Total SPIN, PARITY =    50.0 +,      5 chs,      0 cc.  Rmin & Coul turning =    4.0   13.4
   S-matrix    1 =    1.00000   0.00000 for L=   49, J=   48.5 channel on core I =   1.5 from L=   49,  Acc. loss =  0.0 D.
 Elastic phase shift   1 =    0.000   0.000 deg. for the L =   49, J =   48.5 channel.
      50.0  0.99999999  0.00000043i: elastic S-matrix  @@      0.02  0   0 F  0
 Reaction Xsec    50.0+/49 @ 1 =   0.666#, Out:   0.000#   0.000#   0.000f

   S-matrix    2 =    1.00000   0.00000 for L=   49, J=   49.5 channel on core I =   1.5 from L=   49,  Acc. loss =  0.0 D.
 Elastic phase shift   2 =    0.000   0.000 deg. for the L =   49, J =   49.5 channel.
      50.0  0.99999999  0.00000044i: elastic S-matrix  @@      0.00  0   0 F  0
 Reaction Xsec    50.0+/49 @ 2 =   0.666#, Out:   0.000#   0.000#   0.000f

   S-matrix    3 =    1.00000   0.00000 for L=   51, J=   50.5 channel on core I =   1.5 from L=   51,  Acc. loss =  0.0 D.
 Elastic phase shift   3 =    0.000   0.000 deg. for the L =   51, J =   50.5 channel.
      50.0  1.00000000  0.00000026i: elastic S-matrix  @@      0.02  0   0 F  0
 Reaction Xsec    50.0+/51 @ 3 =   0.239#, Out:   0.000#   0.000#   0.000f

   S-matrix    4 =    1.00000   0.00000 for L=   51, J=   51.5 channel on core I =   1.5 from L=   51,  Acc. loss =  0.0 D.
 Elastic phase shift   4 =    0.000   0.000 deg. for the L =   51, J =   51.5 channel.
      50.0  1.00000000  0.00000027i: elastic S-matrix  @@      0.00  0   0 F  0
 Reaction Xsec    50.0+/51 @ 4 =   0.239#, Out:   0.000#   0.000#   0.000f


 Total SPIN, PARITY =    50.0 -,      4 chs,      0 cc.  Rmin & Coul turning =    4.0   13.4
   S-matrix    1 =    1.00000   0.00000 for L=   48, J=   48.5 channel on core I =   1.5 from L=   48,  Acc. loss =  0.0 D.
 Elastic phase shift   1 =    0.000   0.000 deg. for the L =   48, J =   48.5 channel.
      50.0  0.99999998  0.00000057i: elastic S-matrix  @@      0.00  0   0 F  0
 Reaction Xsec    50.0-/48 @ 1 =   1.113#, Out:   0.000#   0.000#   0.000f

   S-matrix    2 =    1.00000   0.00000 for L=   50, J=   49.5 channel on core I =   1.5 from L=   50,  Acc. loss =  0.0 D.
 Elastic phase shift   2 =    0.000   0.000 deg. for the L =   50, J =   49.5 channel.
      50.0  0.99999999  0.00000030i: elastic S-matrix  @@      0.00  0   0 F  0
 Reaction Xsec    50.0-/50 @ 2 =   0.399#, Out:   0.000#   0.000#   0.000f

   S-matrix    3 =    1.00000   0.00000 for L=   50, J=   50.5 channel on core I =   1.5 from L=   50,  Acc. loss =  0.0 D.
 Elastic phase shift   3 =    0.000   0.000 deg. for the L =   50, J =   50.5 channel.
      50.0  0.99999999  0.00000031i: elastic S-matrix  @@      0.00  0   0 F  0
 Reaction Xsec    50.0-/50 @ 3 =   0.399#, Out:   0.000#   0.000#   0.000f

   S-matrix    4 =    1.00000   0.00000 for L=   52, J=   51.5 channel on core I =   1.5 from L=   52,  Acc. loss =  0.0 D.
 Elastic phase shift   4 =    0.000   0.000 deg. for the L =   52, J =   51.5 channel.
      50.0  1.00000000  0.00000023i: elastic S-matrix  @@      0.00  0   0 F  0
 Reaction Xsec    50.0-/52 @ 4 =   0.143#, Out:   0.000#   0.000#   0.000f


 Total SPIN, PARITY =    51.0 +,      4 chs,      0 cc.  Rmin & Coul turning =    4.0   13.6
   S-matrix    1 =    1.00000   0.00000 for L=   49, J=   49.5 channel on core I =   1.5 from L=   49,  Acc. loss =  0.0 D.
 Elastic phase shift   1 =    0.000   0.000 deg. for the L =   49, J =   49.5 channel.
      51.0  0.99999999  0.00000044i: elastic S-matrix  @@      0.00  0   0 F  0
 Reaction Xsec    51.0+/49 @ 1 =   0.680#, Out:   0.000#   0.000#   0.000f

   S-matrix    2 =    1.00000   0.00000 for L=   51, J=   50.5 channel on core I =   1.5 from L=   51,  Acc. loss =  0.0 D.
 Elastic phase shift   2 =    0.000   0.000 deg. for the L =   51, J =   50.5 channel.
      51.0  1.00000000  0.00000026i: elastic S-matrix  @@      0.00  0   0 F  0
 Reaction Xsec    51.0+/51 @ 2 =   0.243#, Out:   0.000#   0.000#   0.000f

   S-matrix    3 =    1.00000   0.00000 for L=   51, J=   51.5 channel on core I =   1.5 from L=   51,  Acc. loss =  0.0 D.
 Elastic phase shift   3 =    0.000   0.000 deg. for the L =   51, J =   51.5 channel.
      51.0  1.00000000  0.00000027i: elastic S-matrix  @@      0.00  0   0 F  0
 Reaction Xsec    51.0+/51 @ 3 =   0.243#, Out:   0.000#   0.000#   0.000f

   S-matrix    4 =    1.00000   0.00000 for L=   53, J=   52.5 channel on core I =   1.5 from L=   53,  Acc. loss =  0.0 D.
 Elastic phase shift   4 =    0.000   0.000 deg. for the L =   53, J =   52.5 channel.
      51.0  1.00000000  0.00000016i: elastic S-matrix  @@      0.00  0   0 F  0
 Reaction Xsec    51.0+/53 @ 4 =   0.087#, Out:   0.000#   0.000#   0.000f


 Total SPIN, PARITY =    51.0 -,      5 chs,      0 cc.  Rmin & Coul turning =    4.0   13.6
   S-matrix    1 =    1.00000   0.00000 for L=   50, J=   49.5 channel on core I =   1.5 from L=   50,  Acc. loss =  0.0 D.
 Elastic phase shift   1 =    0.000   0.000 deg. for the L =   50, J =   49.5 channel.
      51.0  0.99999999  0.00000030i: elastic S-matrix  @@      0.02  0   0 F  0
 Reaction Xsec    51.0-/50 @ 1 =   0.407#, Out:   0.000#   0.000#   0.000f

   S-matrix    2 =    1.00000   0.00000 for L=   50, J=   50.5 channel on core I =   1.5 from L=   50,  Acc. loss =  0.0 D.
 Elastic phase shift   2 =    0.000   0.000 deg. for the L =   50, J =   50.5 channel.
      51.0  0.99999999  0.00000031i: elastic S-matrix  @@      0.02  0   0 F  0
 Reaction Xsec    51.0-/50 @ 2 =   0.407#, Out:   0.000#   0.000#   0.000f

   S-matrix    3 =    1.00000   0.00000 for L=   52, J=   51.5 channel on core I =   1.5 from L=   52,  Acc. loss =  0.0 D.
 Elastic phase shift   3 =    0.000   0.000 deg. for the L =   52, J =   51.5 channel.
      51.0  1.00000000  0.00000023i: elastic S-matrix  @@      0.00  0   0 F  0
 Reaction Xsec    51.0-/52 @ 3 =   0.146#, Out:   0.000#   0.000#   0.000f

   S-matrix    4 =    1.00000   0.00000 for L=   52, J=   52.5 channel on core I =   1.5 from L=   52,  Acc. loss =  0.0 D.
 Elastic phase shift   4 =    0.000   0.000 deg. for the L =   52, J =   52.5 channel.
      51.0  1.00000000  0.00000023i: elastic S-matrix  @@      0.00  0   0 F  0
 Reaction Xsec    51.0-/52 @ 4 =   0.146#, Out:   0.000#   0.000#   0.000f


 Total SPIN, PARITY =    52.0 +,      5 chs,      0 cc.  Rmin & Coul turning =    4.2   13.9
   S-matrix    1 =    1.00000   0.00000 for L=   51, J=   50.5 channel on core I =   1.5 from L=   51,  Acc. loss =  0.0 D.
 Elastic phase shift   1 =    0.000   0.000 deg. for the L =   51, J =   50.5 channel.
      52.0  1.00000000  0.00000026i: elastic S-matrix  @@      0.02  0   0 F  0
 Reaction Xsec    52.0+/51 @ 1 =   0.248#, Out:   0.000#   0.000#   0.000f

   S-matrix    2 =    1.00000   0.00000 for L=   51, J=   51.5 channel on core I =   1.5 from L=   51,  Acc. loss =  0.0 D.
 Elastic phase shift   2 =    0.000   0.000 deg. for the L =   51, J =   51.5 channel.
      52.0  1.00000000  0.00000027i: elastic S-matrix  @@      0.00  0   0 F  0
 Reaction Xsec    52.0+/51 @ 2 =   0.248#, Out:   0.000#   0.000#   0.000f

   S-matrix    3 =    1.00000   0.00000 for L=   53, J=   52.5 channel on core I =   1.5 from L=   53,  Acc. loss =  0.0 D.
 Elastic phase shift   3 =    0.000   0.000 deg. for the L =   53, J =   52.5 channel.
      52.0  1.00000000  0.00000016i: elastic S-matrix  @@      0.02  0   0 F  0
 Reaction Xsec    52.0+/53 @ 3 =   0.089#, Out:   0.000#   0.000#   0.000f

   S-matrix    4 =    1.00000   0.00000 for L=   53, J=   53.5 channel on core I =   1.5 from L=   53,  Acc. loss =  0.0 D.
 Elastic phase shift   4 =    0.000   0.000 deg. for the L =   53, J =   53.5 channel.
      52.0  1.00000000  0.00000016i: elastic S-matrix  @@      0.00  0   0 F  0
 Reaction Xsec    52.0+/53 @ 4 =   0.089#, Out:   0.000#   0.000#   0.000f


 Total SPIN, PARITY =    52.0 -,      4 chs,      0 cc.  Rmin & Coul turning =    4.2   13.9
   S-matrix    1 =    1.00000   0.00000 for L=   50, J=   50.5 channel on core I =   1.5 from L=   50,  Acc. loss =  0.0 D.
 Elastic phase shift   1 =    0.000   0.000 deg. for the L =   50, J =   50.5 channel.
      52.0  0.99999999  0.00000031i: elastic S-matrix  @@      0.00  0   0 F  0
 Reaction Xsec    52.0-/50 @ 1 =   0.415#, Out:   0.000#   0.000#   0.000f

   S-matrix    2 =    1.00000   0.00000 for L=   52, J=   51.5 channel on core I =   1.5 from L=   52,  Acc. loss =  0.0 D.
 Elastic phase shift   2 =    0.000   0.000 deg. for the L =   52, J =   51.5 channel.
      52.0  1.00000000  0.00000023i: elastic S-matrix  @@      0.00  0   0 F  0
 Reaction Xsec    52.0-/52 @ 2 =   0.148#, Out:   0.000#   0.000#   0.000f

   S-matrix    3 =    1.00000   0.00000 for L=   52, J=   52.5 channel on core I =   1.5 from L=   52,  Acc. loss =  0.0 D.
 Elastic phase shift   3 =    0.000   0.000 deg. for the L =   52, J =   52.5 channel.
      52.0  1.00000000  0.00000023i: elastic S-matrix  @@      0.00  0   0 F  0
 Reaction Xsec    52.0-/52 @ 3 =   0.148#, Out:   0.000#   0.000#   0.000f

   S-matrix    4 =    1.00000   0.00000 for L=   54, J=   53.5 channel on core I =   1.5 from L=   54,  Acc. loss =  0.0 D.
 Elastic phase shift   4 =    0.000   0.000 deg. for the L =   54, J =   53.5 channel.
      52.0  1.00000000  0.00000017i: elastic S-matrix  @@      0.00  0   0 F  0
 Reaction Xsec    52.0-/54 @ 4 =   0.053#, Out:   0.000#   0.000#   0.000f


 Total SPIN, PARITY =    53.0 +,      4 chs,      0 cc.  Rmin & Coul turning =    4.2   14.2
   S-matrix    1 =    1.00000   0.00000 for L=   51, J=   51.5 channel on core I =   1.5 from L=   51,  Acc. loss =  0.0 D.
 Elastic phase shift   1 =    0.000   0.000 deg. for the L =   51, J =   51.5 channel.
      53.0  1.00000000  0.00000027i: elastic S-matrix  @@      0.00  0   0 F  0
 Reaction Xsec    53.0+/51 @ 1 =   0.253#, Out:   0.000#   0.000#   0.000f

   S-matrix    2 =    1.00000   0.00000 for L=   53, J=   52.5 channel on core I =   1.5 from L=   53,  Acc. loss =  0.0 D.
 Elastic phase shift   2 =    0.000   0.000 deg. for the L =   53, J =   52.5 channel.
      53.0  1.00000000  0.00000016i: elastic S-matrix  @@      0.00  0   0 F  0
 Reaction Xsec    53.0+/53 @ 2 =   0.090#, Out:   0.000#   0.000#   0.000f

   S-matrix    3 =    1.00000   0.00000 for L=   53, J=   53.5 channel on core I =   1.5 from L=   53,  Acc. loss =  0.0 D.
 Elastic phase shift   3 =    0.000   0.000 deg. for the L =   53, J =   53.5 channel.
      53.0  1.00000000  0.00000016i: elastic S-matrix  @@      0.00  0   0 F  0
 Reaction Xsec    53.0+/53 @ 3 =   0.090#, Out:   0.000#   0.000#   0.000f

   S-matrix    4 =    1.00000   0.00000 for L=   55, J=   54.5 channel on core I =   1.5 from L=   55,  Acc. loss =  0.0 D.
 Elastic phase shift   4 =    0.000   0.000 deg. for the L =   55, J =   54.5 channel.
      53.0  1.00000000  0.00000016i: elastic S-matrix  @@      0.00  0   0 F  0
 Reaction Xsec    53.0+/55 @ 4 =   0.032#, Out:   0.000#   0.000#   0.000f


 Total SPIN, PARITY =    53.0 -,      5 chs,      0 cc.  Rmin & Coul turning =    4.2   14.2
   S-matrix    1 =    1.00000   0.00000 for L=   52, J=   51.5 channel on core I =   1.5 from L=   52,  Acc. loss =  0.0 D.
 Elastic phase shift   1 =    0.000   0.000 deg. for the L =   52, J =   51.5 channel.
      53.0  1.00000000  0.00000023i: elastic S-matrix  @@      0.02  0   0 F  0
 Reaction Xsec    53.0-/52 @ 1 =   0.151#, Out:   0.000#   0.000#   0.000f

   S-matrix    2 =    1.00000   0.00000 for L=   52, J=   52.5 channel on core I =   1.5 from L=   52,  Acc. loss =  0.0 D.
 Elastic phase shift   2 =    0.000   0.000 deg. for the L =   52, J =   52.5 channel.
      53.0  1.00000000  0.00000023i: elastic S-matrix  @@      0.02  0   0 F  0
 Reaction Xsec    53.0-/52 @ 2 =   0.151#, Out:   0.000#   0.000#   0.000f

   S-matrix    3 =    1.00000   0.00000 for L=   54, J=   53.5 channel on core I =   1.5 from L=   54,  Acc. loss =  0.0 D.
 Elastic phase shift   3 =    0.000   0.000 deg. for the L =   54, J =   53.5 channel.
      53.0  1.00000000  0.00000017i: elastic S-matrix  @@      0.00  0   0 F  0
 Reaction Xsec    53.0-/54 @ 3 =   0.054#, Out:   0.000#   0.000#   0.000f

   S-matrix    4 =    1.00000   0.00000 for L=   54, J=   54.5 channel on core I =   1.5 from L=   54,  Acc. loss =  0.0 D.
 Elastic phase shift   4 =    0.000   0.000 deg. for the L =   54, J =   54.5 channel.
      53.0  1.00000000  0.00000017i: elastic S-matrix  @@      0.00  0   0 F  0
 Reaction Xsec    53.0-/54 @ 4 =   0.054#, Out:   0.000#   0.000#   0.000f


 Total SPIN, PARITY =    54.0 +,      5 chs,      0 cc.  Rmin & Coul turning =    4.3   14.4
   S-matrix    1 =    1.00000   0.00000 for L=   53, J=   52.5 channel on core I =   1.5 from L=   53,  Acc. loss =  0.0 D.
 Elastic phase shift   1 =    0.000   0.000 deg. for the L =   53, J =   52.5 channel.
      54.0  1.00000000  0.00000016i: elastic S-matrix  @@      0.02  0   0 F  0
 Reaction Xsec    54.0+/53 @ 1 =   0.092#, Out:   0.000#   0.000#   0.000f

   S-matrix    2 =    1.00000   0.00000 for L=   53, J=   53.5 channel on core I =   1.5 from L=   53,  Acc. loss =  0.0 D.
 Elastic phase shift   2 =    0.000   0.000 deg. for the L =   53, J =   53.5 channel.
      54.0  1.00000000  0.00000016i: elastic S-matrix  @@      0.02  0   0 F  0
 Reaction Xsec    54.0+/53 @ 2 =   0.092#, Out:   0.000#   0.000#   0.000f

   S-matrix    3 =    1.00000   0.00000 for L=   55, J=   54.5 channel on core I =   1.5 from L=   55,  Acc. loss =  0.0 D.
 Elastic phase shift   3 =    0.000   0.000 deg. for the L =   55, J =   54.5 channel.
      54.0  1.00000000  0.00000016i: elastic S-matrix  @@      0.00  0   0 F  0
 Reaction Xsec    54.0+/55 @ 3 =   0.033#, Out:   0.000#   0.000#   0.000f

   S-matrix    4 =    1.00000   0.00000 for L=   55, J=   55.5 channel on core I =   1.5 from L=   55,  Acc. loss =  0.0 D.
 Elastic phase shift   4 =    0.000   0.000 deg. for the L =   55, J =   55.5 channel.
      54.0  1.00000000  0.00000016i: elastic S-matrix  @@      0.00  0   0 F  0
 Reaction Xsec    54.0+/55 @ 4 =   0.033#, Out:   0.000#   0.000#   0.000f


 Total SPIN, PARITY =    54.0 -,      4 chs,      0 cc.  Rmin & Coul turning =    4.3   14.4
   S-matrix    1 =    1.00000   0.00000 for L=   52, J=   52.5 channel on core I =   1.5 from L=   52,  Acc. loss =  0.0 D.
 Elastic phase shift   1 =    0.000   0.000 deg. for the L =   52, J =   52.5 channel.
      54.0  1.00000000  0.00000023i: elastic S-matrix  @@      0.00  0   0 F  0
 Reaction Xsec    54.0-/52 @ 1 =   0.154#, Out:   0.000#   0.000#   0.000f

   S-matrix    2 =    1.00000   0.00000 for L=   54, J=   53.5 channel on core I =   1.5 from L=   54,  Acc. loss =  0.0 D.
 Elastic phase shift   2 =    0.000   0.000 deg. for the L =   54, J =   53.5 channel.
      54.0  1.00000000  0.00000017i: elastic S-matrix  @@      0.00  0   0 F  0
 Reaction Xsec    54.0-/54 @ 2 =   0.055#, Out:   0.000#   0.000#   0.000f

   S-matrix    3 =    1.00000   0.00000 for L=   54, J=   54.5 channel on core I =   1.5 from L=   54,  Acc. loss =  0.0 D.
 Elastic phase shift   3 =    0.000   0.000 deg. for the L =   54, J =   54.5 channel.
      54.0  1.00000000  0.00000017i: elastic S-matrix  @@      0.00  0   0 F  0
 Reaction Xsec    54.0-/54 @ 3 =   0.055#, Out:   0.000#   0.000#   0.000f

   S-matrix    4 =    1.00000   0.00000 for L=   56, J=   55.5 channel on core I =   1.5 from L=   56,  Acc. loss =  0.0 D.
 Elastic phase shift   4 =    0.000   0.000 deg. for the L =   56, J =   55.5 channel.
      54.0  1.00000000  0.00000011i: elastic S-matrix  @@      0.02  0   0 F  0
 Reaction Xsec    54.0-/56 @ 4 =   0.020#, Out:   0.000#   0.000#   0.000f


 Total SPIN, PARITY =    55.0 +,      4 chs,      0 cc.  Rmin & Coul turning =    4.4   14.7
   S-matrix    1 =    1.00000   0.00000 for L=   53, J=   53.5 channel on core I =   1.5 from L=   53,  Acc. loss =  0.0 D.
 Elastic phase shift   1 =    0.000   0.000 deg. for the L =   53, J =   53.5 channel.
      55.0  1.00000000  0.00000016i: elastic S-matrix  @@      0.00  0   0 F  0
 Reaction Xsec    55.0+/53 @ 1 =   0.094#, Out:   0.000#   0.000#   0.000f

   S-matrix    2 =    1.00000   0.00000 for L=   55, J=   54.5 channel on core I =   1.5 from L=   55,  Acc. loss =  0.0 D.
 Elastic phase shift   2 =    0.000   0.000 deg. for the L =   55, J =   54.5 channel.
      55.0  1.00000000  0.00000016i: elastic S-matrix  @@      0.00  0   0 F  0
 Reaction Xsec    55.0+/55 @ 2 =   0.034#, Out:   0.000#   0.000#   0.000f

   S-matrix    3 =    1.00000   0.00000 for L=   55, J=   55.5 channel on core I =   1.5 from L=   55,  Acc. loss =  0.0 D.
 Elastic phase shift   3 =    0.000   0.000 deg. for the L =   55, J =   55.5 channel.
      55.0  1.00000000  0.00000016i: elastic S-matrix  @@      0.00  0   0 F  0
 Reaction Xsec    55.0+/55 @ 3 =   0.034#, Out:   0.000#   0.000#   0.000f

   S-matrix    4 =    1.00000   0.00000 for L=   57, J=   56.5 channel on core I =   1.5 from L=   57,  Acc. loss =  0.0 D.
 Elastic phase shift   4 =    0.000   0.000 deg. for the L =   57, J =   56.5 channel.
      55.0  1.00000000  0.00000013i: elastic S-matrix  @@      0.00  0   0 F  0
 Reaction Xsec    55.0+/57 @ 4 =   0.012#, Out:   0.000#   0.000#   0.000f


 Total SPIN, PARITY =    55.0 -,      5 chs,      0 cc.  Rmin & Coul turning =    4.4   14.7
   S-matrix    1 =    1.00000   0.00000 for L=   54, J=   53.5 channel on core I =   1.5 from L=   54,  Acc. loss =  0.0 D.
 Elastic phase shift   1 =    0.000   0.000 deg. for the L =   54, J =   53.5 channel.
      55.0  1.00000000  0.00000017i: elastic S-matrix  @@      0.02  0   0 F  0
 Reaction Xsec    55.0-/54 @ 1 =   0.056#, Out:   0.000#   0.000#   0.000f

   S-matrix    2 =    1.00000   0.00000 for L=   54, J=   54.5 channel on core I =   1.5 from L=   54,  Acc. loss =  0.0 D.
 Elastic phase shift   2 =    0.000   0.000 deg. for the L =   54, J =   54.5 channel.
      55.0  1.00000000  0.00000017i: elastic S-matrix  @@      0.00  0   0 F  0
 Reaction Xsec    55.0-/54 @ 2 =   0.056#, Out:   0.000#   0.000#   0.000f

   S-matrix    3 =    1.00000   0.00000 for L=   56, J=   55.5 channel on core I =   1.5 from L=   56,  Acc. loss =  0.0 D.
 Elastic phase shift   3 =    0.000   0.000 deg. for the L =   56, J =   55.5 channel.
      55.0  1.00000000  0.00000011i: elastic S-matrix  @@      0.00  0   0 F  0
 Reaction Xsec    55.0-/56 @ 3 =   0.020#, Out:   0.000#   0.000#   0.000f

   S-matrix    4 =    1.00000   0.00000 for L=   56, J=   56.5 channel on core I =   1.5 from L=   56,  Acc. loss =  0.0 D.
 Elastic phase shift   4 =    0.000   0.000 deg. for the L =   56, J =   56.5 channel.
      55.0  1.00000000  0.00000011i: elastic S-matrix  @@      0.02  0   0 F  0
 Reaction Xsec    55.0-/56 @ 4 =   0.020#, Out:   0.000#   0.000#   0.000f


 Total SPIN, PARITY =    56.0 +,      5 chs,      0 cc.  Rmin & Coul turning =    4.5   15.0
   S-matrix    1 =    1.00000   0.00000 for L=   55, J=   54.5 channel on core I =   1.5 from L=   55,  Acc. loss =  0.0 D.
 Elastic phase shift   1 =    0.000   0.000 deg. for the L =   55, J =   54.5 channel.
      56.0  1.00000000  0.00000016i: elastic S-matrix  @@      0.02  0   0 F  0
 Reaction Xsec    56.0+/55 @ 1 =   0.034#, Out:   0.000#   0.000#   0.000f

   S-matrix    2 =    1.00000   0.00000 for L=   55, J=   55.5 channel on core I =   1.5 from L=   55,  Acc. loss =  0.0 D.
 Elastic phase shift   2 =    0.000   0.000 deg. for the L =   55, J =   55.5 channel.
      56.0  1.00000000  0.00000016i: elastic S-matrix  @@      0.00  0   0 F  0
 Reaction Xsec    56.0+/55 @ 2 =   0.034#, Out:   0.000#   0.000#   0.000f

   S-matrix    3 =    1.00000   0.00000 for L=   57, J=   56.5 channel on core I =   1.5 from L=   57,  Acc. loss =  0.0 D.
 Elastic phase shift   3 =    0.000   0.000 deg. for the L =   57, J =   56.5 channel.
      56.0  1.00000000  0.00000013i: elastic S-matrix  @@      0.00  0   0 F  0
 Reaction Xsec    56.0+/57 @ 3 =   0.012#, Out:   0.000#   0.000#   0.000f

   S-matrix    4 =    1.00000   0.00000 for L=   57, J=   57.5 channel on core I =   1.5 from L=   57,  Acc. loss =  0.0 D.
 Elastic phase shift   4 =    0.000   0.000 deg. for the L =   57, J =   57.5 channel.
      56.0  1.00000000  0.00000013i: elastic S-matrix  @@      0.02  0   0 F  0
 Reaction Xsec    56.0+/57 @ 4 =   0.012#, Out:   0.000#   0.000#   0.000f


 Total SPIN, PARITY =    56.0 -,      4 chs,      0 cc.  Rmin & Coul turning =    4.5   15.0
   S-matrix    1 =    1.00000   0.00000 for L=   54, J=   54.5 channel on core I =   1.5 from L=   54,  Acc. loss =  0.0 D.
 Elastic phase shift   1 =    0.000   0.000 deg. for the L =   54, J =   54.5 channel.
      56.0  1.00000000  0.00000017i: elastic S-matrix  @@      0.00  0   0 F  0
 Reaction Xsec    56.0-/54 @ 1 =   0.057#, Out:   0.000#   0.000#   0.000f

   S-matrix    2 =    1.00000   0.00000 for L=   56, J=   55.5 channel on core I =   1.5 from L=   56,  Acc. loss =  0.0 D.
 Elastic phase shift   2 =    0.000   0.000 deg. for the L =   56, J =   55.5 channel.
      56.0  1.00000000  0.00000011i: elastic S-matrix  @@      0.00  0   0 F  0
 Reaction Xsec    56.0-/56 @ 2 =   0.020#, Out:   0.000#   0.000#   0.000f

   S-matrix    3 =    1.00000   0.00000 for L=   56, J=   56.5 channel on core I =   1.5 from L=   56,  Acc. loss =  0.0 D.
 Elastic phase shift   3 =    0.000   0.000 deg. for the L =   56, J =   56.5 channel.
      56.0  1.00000000  0.00000011i: elastic S-matrix  @@      0.00  0   0 F  0
 Reaction Xsec    56.0-/56 @ 3 =   0.020#, Out:   0.000#   0.000#   0.000f

   S-matrix    4 =    1.00000   0.00000 for L=   58, J=   57.5 channel on core I =   1.5 from L=   58,  Acc. loss =  0.0 D.
 Elastic phase shift   4 =    0.000   0.000 deg. for the L =   58, J =   57.5 channel.
      56.0  1.00000000  0.00000013i: elastic S-matrix  @@      0.00  0   0 F  0
 Reaction Xsec    56.0-/58 @ 4 =   0.007#, Out:   0.000#   0.000#   0.000f


 Total SPIN, PARITY =    57.0 +,      4 chs,      0 cc.  Rmin & Coul turning =    4.5   15.2
   S-matrix    1 =    1.00000   0.00000 for L=   55, J=   55.5 channel on core I =   1.5 from L=   55,  Acc. loss =  0.0 D.
 Elastic phase shift   1 =    0.000   0.000 deg. for the L =   55, J =   55.5 channel.
      57.0  1.00000000  0.00000016i: elastic S-matrix  @@      0.00  0   0 F  0
 Reaction Xsec    57.0+/55 @ 1 =   0.035#, Out:   0.000#   0.000#   0.000f

   S-matrix    2 =    1.00000   0.00000 for L=   57, J=   56.5 channel on core I =   1.5 from L=   57,  Acc. loss =  0.0 D.
 Elastic phase shift   2 =    0.000   0.000 deg. for the L =   57, J =   56.5 channel.
      57.0  1.00000000  0.00000013i: elastic S-matrix  @@      0.00  0   0 F  0
 Reaction Xsec    57.0+/57 @ 2 =   0.012#, Out:   0.000#   0.000#   0.000f

   S-matrix    3 =    1.00000   0.00000 for L=   57, J=   57.5 channel on core I =   1.5 from L=   57,  Acc. loss =  0.0 D.
 Elastic phase shift   3 =    0.000   0.000 deg. for the L =   57, J =   57.5 channel.
      57.0  1.00000000  0.00000013i: elastic S-matrix  @@      0.00  0   0 F  0
 Reaction Xsec    57.0+/57 @ 3 =   0.012#, Out:   0.000#   0.000#   0.000f

   S-matrix    4 =    1.00000   0.00000 for L=   59, J=   58.5 channel on core I =   1.5 from L=   59,  Acc. loss =  0.0 D.
 Elastic phase shift   4 =    0.000   0.000 deg. for the L =   59, J =   58.5 channel.
      57.0  1.00000000  0.00000008i: elastic S-matrix  @@      0.00  0   0 F  0
 Reaction Xsec    57.0+/59 @ 4 =   0.004#, Out:   0.000#   0.000#   0.000f


 Total SPIN, PARITY =    57.0 -,      5 chs,      0 cc.  Rmin & Coul turning =    4.5   15.2
   S-matrix    1 =    1.00000   0.00000 for L=   56, J=   55.5 channel on core I =   1.5 from L=   56,  Acc. loss =  0.0 D.
 Elastic phase shift   1 =    0.000   0.000 deg. for the L =   56, J =   55.5 channel.
      57.0  1.00000000  0.00000011i: elastic S-matrix  @@      0.02  0   0 F  0
 Reaction Xsec    57.0-/56 @ 1 =   0.021#, Out:   0.000#   0.000#   0.000f

   S-matrix    2 =    1.00000   0.00000 for L=   56, J=   56.5 channel on core I =   1.5 from L=   56,  Acc. loss =  0.0 D.
 Elastic phase shift   2 =    0.000   0.000 deg. for the L =   56, J =   56.5 channel.
      57.0  1.00000000  0.00000011i: elastic S-matrix  @@      0.00  0   0 F  0
 Reaction Xsec    57.0-/56 @ 2 =   0.021#, Out:   0.000#   0.000#   0.000f

   S-matrix    3 =    1.00000   0.00000 for L=   58, J=   57.5 channel on core I =   1.5 from L=   58,  Acc. loss =  0.0 D.
 Elastic phase shift   3 =    0.000   0.000 deg. for the L =   58, J =   57.5 channel.
      57.0  1.00000000  0.00000013i: elastic S-matrix  @@      0.00  0   0 F  0
 Reaction Xsec    57.0-/58 @ 3 =   0.007#, Out:   0.000#   0.000#   0.000f

   S-matrix    4 =    1.00000   0.00000 for L=   58, J=   58.5 channel on core I =   1.5 from L=   58,  Acc. loss =  0.0 D.
 Elastic phase shift   4 =    0.000   0.000 deg. for the L =   58, J =   58.5 channel.
      57.0  1.00000000  0.00000013i: elastic S-matrix  @@      0.00  0   0 F  0
 Reaction Xsec    57.0-/58 @ 4 =   0.007#, Out:   0.000#   0.000#   0.000f


 Total SPIN, PARITY =    58.0 +,      5 chs,      0 cc.  Rmin & Coul turning =    4.6   15.5
   S-matrix    1 =    1.00000   0.00000 for L=   57, J=   56.5 channel on core I =   1.5 from L=   57,  Acc. loss =  0.0 D.
 Elastic phase shift   1 =    0.000   0.000 deg. for the L =   57, J =   56.5 channel.
      58.0  1.00000000  0.00000013i: elastic S-matrix  @@      0.02  0   0 F  0
 Reaction Xsec    58.0+/57 @ 1 =   0.013#, Out:   0.000#   0.000#   0.000f

   S-matrix    2 =    1.00000   0.00000 for L=   57, J=   57.5 channel on core I =   1.5 from L=   57,  Acc. loss =  0.0 D.
 Elastic phase shift   2 =    0.000   0.000 deg. for the L =   57, J =   57.5 channel.
      58.0  1.00000000  0.00000013i: elastic S-matrix  @@      0.02  0   0 F  0
 Reaction Xsec    58.0+/57 @ 2 =   0.013#, Out:   0.000#   0.000#   0.000f

   S-matrix    3 =    1.00000   0.00000 for L=   59, J=   58.5 channel on core I =   1.5 from L=   59,  Acc. loss =  0.0 D.
 Elastic phase shift   3 =    0.000   0.000 deg. for the L =   59, J =   58.5 channel.
      58.0  1.00000000  0.00000008i: elastic S-matrix  @@      0.00  0   0 F  0
 Reaction Xsec    58.0+/59 @ 3 =   0.005#, Out:   0.000#   0.000#   0.000f

   S-matrix    4 =    1.00000   0.00000 for L=   59, J=   59.5 channel on core I =   1.5 from L=   59,  Acc. loss =  0.0 D.
 Elastic phase shift   4 =    0.000   0.000 deg. for the L =   59, J =   59.5 channel.
      58.0  1.00000000  0.00000008i: elastic S-matrix  @@      0.00  0   0 F  0
 Reaction Xsec    58.0+/59 @ 4 =   0.005#, Out:   0.000#   0.000#   0.000f


 Total SPIN, PARITY =    58.0 -,      4 chs,      0 cc.  Rmin & Coul turning =    4.6   15.5
   S-matrix    1 =    1.00000   0.00000 for L=   56, J=   56.5 channel on core I =   1.5 from L=   56,  Acc. loss =  0.0 D.
 Elastic phase shift   1 =    0.000   0.000 deg. for the L =   56, J =   56.5 channel.
      58.0  1.00000000  0.00000011i: elastic S-matrix  @@      0.00  0   0 F  0
 Reaction Xsec    58.0-/56 @ 1 =   0.021#, Out:   0.000#   0.000#   0.000f

   S-matrix    2 =    1.00000   0.00000 for L=   58, J=   57.5 channel on core I =   1.5 from L=   58,  Acc. loss =  0.0 D.
 Elastic phase shift   2 =    0.000   0.000 deg. for the L =   58, J =   57.5 channel.
      58.0  1.00000000  0.00000013i: elastic S-matrix  @@      0.00  0   0 F  0
 Reaction Xsec    58.0-/58 @ 2 =   0.008#, Out:   0.000#   0.000#   0.000f

   S-matrix    3 =    1.00000   0.00000 for L=   58, J=   58.5 channel on core I =   1.5 from L=   58,  Acc. loss =  0.0 D.
 Elastic phase shift   3 =    0.000   0.000 deg. for the L =   58, J =   58.5 channel.
      58.0  1.00000000  0.00000013i: elastic S-matrix  @@      0.00  0   0 F  0
 Reaction Xsec    58.0-/58 @ 3 =   0.008#, Out:   0.000#   0.000#   0.000f

   S-matrix    4 =    1.00000   0.00000 for L=   60, J=   59.5 channel on core I =   1.5 from L=   60,  Acc. loss =  0.0 D.
 Elastic phase shift   4 =    0.000   0.000 deg. for the L =   60, J =   59.5 channel.
      58.0  1.00000000  0.00000010i: elastic S-matrix  @@      0.00  0   0 F  0
 Reaction Xsec    58.0-/60 @ 4 =   0.003#, Out:   0.000#   0.000#   0.000f


 Total SPIN, PARITY =    59.0 +,      4 chs,      0 cc.  Rmin & Coul turning =    4.7   15.7
   S-matrix    1 =    1.00000   0.00000 for L=   57, J=   57.5 channel on core I =   1.5 from L=   57,  Acc. loss =  0.0 D.
 Elastic phase shift   1 =    0.000   0.000 deg. for the L =   57, J =   57.5 channel.
      59.0  1.00000000  0.00000013i: elastic S-matrix  @@      0.00  0   0 F  0
 Reaction Xsec    59.0+/57 @ 1 =   0.013#, Out:   0.000#   0.000#   0.000f

   S-matrix    2 =    1.00000   0.00000 for L=   59, J=   58.5 channel on core I =   1.5 from L=   59,  Acc. loss =  0.0 D.
 Elastic phase shift   2 =    0.000   0.000 deg. for the L =   59, J =   58.5 channel.
      59.0  1.00000000  0.00000008i: elastic S-matrix  @@      0.00  0   0 F  0
 Reaction Xsec    59.0+/59 @ 2 =   0.005#, Out:   0.000#   0.000#   0.000f

   S-matrix    3 =    1.00000   0.00000 for L=   59, J=   59.5 channel on core I =   1.5 from L=   59,  Acc. loss =  0.0 D.
 Elastic phase shift   3 =    0.000   0.000 deg. for the L =   59, J =   59.5 channel.
      59.0  1.00000000  0.00000008i: elastic S-matrix  @@      0.00  0   0 F  0
 Reaction Xsec    59.0+/59 @ 3 =   0.005#, Out:   0.000#   0.000#   0.000f

   S-matrix    4 =    1.00000   0.00000 for L=   61, J=   60.5 channel on core I =   1.5 from L=   61,  Acc. loss =  0.0 D.
 Elastic phase shift   4 =    0.000   0.000 deg. for the L =   61, J =   60.5 channel.
      59.0  1.00000000  0.00000011i: elastic S-matrix  @@      0.00  0   0 F  0
 Reaction Xsec    59.0+/61 @ 4 =   0.002#, Out:   0.000#   0.000#   0.000f


 Total SPIN, PARITY =    59.0 -,      5 chs,      0 cc.  Rmin & Coul turning =    4.7   15.7
   S-matrix    1 =    1.00000   0.00000 for L=   58, J=   57.5 channel on core I =   1.5 from L=   58,  Acc. loss =  0.0 D.
 Elastic phase shift   1 =    0.000   0.000 deg. for the L =   58, J =   57.5 channel.
      59.0  1.00000000  0.00000013i: elastic S-matrix  @@      0.02  0   0 F  0
 Reaction Xsec    59.0-/58 @ 1 =   0.008#, Out:   0.000#   0.000#   0.000f

   S-matrix    2 =    1.00000   0.00000 for L=   58, J=   58.5 channel on core I =   1.5 from L=   58,  Acc. loss =  0.0 D.
 Elastic phase shift   2 =    0.000   0.000 deg. for the L =   58, J =   58.5 channel.
      59.0  1.00000000  0.00000013i: elastic S-matrix  @@      0.00  0   0 F  0
 Reaction Xsec    59.0-/58 @ 2 =   0.008#, Out:   0.000#   0.000#   0.000f

   S-matrix    3 =    1.00000   0.00000 for L=   60, J=   59.5 channel on core I =   1.5 from L=   60,  Acc. loss =  0.0 D.
 Elastic phase shift   3 =    0.000   0.000 deg. for the L =   60, J =   59.5 channel.
      59.0  1.00000000  0.00000010i: elastic S-matrix  @@      0.02  0   0 F  0
 Reaction Xsec    59.0-/60 @ 3 =   0.003#, Out:   0.000#   0.000#   0.000f

   S-matrix    4 =    1.00000   0.00000 for L=   60, J=   60.5 channel on core I =   1.5 from L=   60,  Acc. loss =  0.0 D.
 Elastic phase shift   4 =    0.000   0.000 deg. for the L =   60, J =   60.5 channel.
      59.0  1.00000000  0.00000010i: elastic S-matrix  @@      0.00  0   0 F  0
 Reaction Xsec    59.0-/60 @ 4 =   0.003#, Out:   0.000#   0.000#   0.000f


 Total SPIN, PARITY =    60.0 +,      5 chs,      0 cc.  Rmin & Coul turning =    4.8   16.0
   S-matrix    1 =    1.00000   0.00000 for L=   59, J=   58.5 channel on core I =   1.5 from L=   59,  Acc. loss =  0.0 D.
 Elastic phase shift   1 =    0.000   0.000 deg. for the L =   59, J =   58.5 channel.
      60.0  1.00000000  0.00000008i: elastic S-matrix  @@      0.02  0   0 F  0
 Reaction Xsec    60.0+/59 @ 1 =   0.005#, Out:   0.000#   0.000#   0.000f

   S-matrix    2 =    1.00000   0.00000 for L=   59, J=   59.5 channel on core I =   1.5 from L=   59,  Acc. loss =  0.0 D.
 Elastic phase shift   2 =    0.000   0.000 deg. for the L =   59, J =   59.5 channel.
      60.0  1.00000000  0.00000008i: elastic S-matrix  @@      0.00  0   0 F  0
 Reaction Xsec    60.0+/59 @ 2 =   0.005#, Out:   0.000#   0.000#   0.000f

   S-matrix    3 =    1.00000   0.00000 for L=   61, J=   60.5 channel on core I =   1.5 from L=   61,  Acc. loss =  0.0 D.
 Elastic phase shift   3 =    0.000   0.000 deg. for the L =   61, J =   60.5 channel.
      60.0  1.00000000  0.00000011i: elastic S-matrix  @@      0.02  0   0 F  0
 Reaction Xsec    60.0+/61 @ 3 =   0.002#, Out:   0.000#   0.000#   0.000f

   S-matrix    4 =    1.00000   0.00000 for L=   61, J=   61.5 channel on core I =   1.5 from L=   61,  Acc. loss =  0.0 D.
 Elastic phase shift   4 =    0.000   0.000 deg. for the L =   61, J =   61.5 channel.
      60.0  1.00000000  0.00000011i: elastic S-matrix  @@      0.00  0   0 F  0
 Reaction Xsec    60.0+/61 @ 4 =   0.002#, Out:   0.000#   0.000#   0.000f


 Total SPIN, PARITY =    60.0 -,      4 chs,      0 cc.  Rmin & Coul turning =    4.8   16.0
   S-matrix    1 =    1.00000   0.00000 for L=   58, J=   58.5 channel on core I =   1.5 from L=   58,  Acc. loss =  0.0 D.
 Elastic phase shift   1 =    0.000   0.000 deg. for the L =   58, J =   58.5 channel.
      60.0  1.00000000  0.00000013i: elastic S-matrix  @@      0.00  0   0 F  0
 Reaction Xsec    60.0-/58 @ 1 =   0.008#, Out:   0.000#   0.000#   0.000f

   S-matrix    2 =    1.00000   0.00000 for L=   60, J=   59.5 channel on core I =   1.5 from L=   60,  Acc. loss =  0.0 D.
 Elastic phase shift   2 =    0.000   0.000 deg. for the L =   60, J =   59.5 channel.
      60.0  1.00000000  0.00000010i: elastic S-matrix  @@      0.00  0   0 F  0
 Reaction Xsec    60.0-/60 @ 2 =   0.003#, Out:   0.000#   0.000#   0.000f

   S-matrix    3 =    1.00000   0.00000 for L=   60, J=   60.5 channel on core I =   1.5 from L=   60,  Acc. loss =  0.0 D.
 Elastic phase shift   3 =    0.000   0.000 deg. for the L =   60, J =   60.5 channel.
      60.0  1.00000000  0.00000010i: elastic S-matrix  @@      0.00  0   0 F  0
 Reaction Xsec    60.0-/60 @ 3 =   0.003#, Out:   0.000#   0.000#   0.000f

   S-matrix    4 =    1.00000   0.00000 for L=   62, J=   61.5 channel on core I =   1.5 from L=   62,  Acc. loss =  0.0 D.
 Elastic phase shift   4 =    0.000   0.000 deg. for the L =   62, J =   61.5 channel.
      60.0  1.00000000  0.00000006i: elastic S-matrix  @@      0.00  0   0 F  0
 Reaction Xsec    60.0-/62 @ 4 =   0.001#, Out:   0.000#   0.000#   0.000f


 Total SPIN, PARITY =    61.0 +,      4 chs,      0 cc.  Rmin & Coul turning =    4.9   16.3
   S-matrix    1 =    1.00000   0.00000 for L=   59, J=   59.5 channel on core I =   1.5 from L=   59,  Acc. loss =  0.0 D.
 Elastic phase shift   1 =    0.000   0.000 deg. for the L =   59, J =   59.5 channel.
      61.0  1.00000000  0.00000008i: elastic S-matrix  @@      0.00  0   0 F  0
 Reaction Xsec    61.0+/59 @ 1 =   0.005#, Out:   0.000#   0.000#   0.000f

   S-matrix    2 =    1.00000   0.00000 for L=   61, J=   60.5 channel on core I =   1.5 from L=   61,  Acc. loss =  0.0 D.
 Elastic phase shift   2 =    0.000   0.000 deg. for the L =   61, J =   60.5 channel.
      61.0  1.00000000  0.00000011i: elastic S-matrix  @@      0.00  0   0 F  0
 Reaction Xsec    61.0+/61 @ 2 =   0.002#, Out:   0.000#   0.000#   0.000f

   S-matrix    3 =    1.00000   0.00000 for L=   61, J=   61.5 channel on core I =   1.5 from L=   61,  Acc. loss =  0.0 D.
 Elastic phase shift   3 =    0.000   0.000 deg. for the L =   61, J =   61.5 channel.
      61.0  1.00000000  0.00000011i: elastic S-matrix  @@      0.00  0   0 F  0
 Reaction Xsec    61.0+/61 @ 3 =   0.002#, Out:   0.000#   0.000#   0.000f

   S-matrix    4 =    1.00000   0.00000 for L=   63, J=   62.5 channel on core I =   1.5 from L=   63,  Acc. loss =  0.0 D.
 Elastic phase shift   4 =    0.000   0.000 deg. for the L =   63, J =   62.5 channel.
      61.0  1.00000000  0.00000007i: elastic S-matrix  @@      0.00  0   0 F  0
 Reaction Xsec    61.0+/63 @ 4 =   0.001#, Out:   0.000#   0.000#   0.000f


 Total SPIN, PARITY =    61.0 -,      5 chs,      0 cc.  Rmin & Coul turning =    4.9   16.3
   S-matrix    1 =    1.00000   0.00000 for L=   60, J=   59.5 channel on core I =   1.5 from L=   60,  Acc. loss =  0.0 D.
 Elastic phase shift   1 =    0.000   0.000 deg. for the L =   60, J =   59.5 channel.
      61.0  1.00000000  0.00000010i: elastic S-matrix  @@      0.02  0   0 F  0
 Reaction Xsec    61.0-/60 @ 1 =   0.003#, Out:   0.000#   0.000#   0.000f

   S-matrix    2 =    1.00000   0.00000 for L=   60, J=   60.5 channel on core I =   1.5 from L=   60,  Acc. loss =  0.0 D.
 Elastic phase shift   2 =    0.000   0.000 deg. for the L =   60, J =   60.5 channel.
      61.0  1.00000000  0.00000010i: elastic S-matrix  @@      0.00  0   0 F  0
 Reaction Xsec    61.0-/60 @ 2 =   0.003#, Out:   0.000#   0.000#   0.000f

   S-matrix    3 =    1.00000   0.00000 for L=   62, J=   61.5 channel on core I =   1.5 from L=   62,  Acc. loss =  0.0 D.
 Elastic phase shift   3 =    0.000   0.000 deg. for the L =   62, J =   61.5 channel.
      61.0  1.00000000  0.00000006i: elastic S-matrix  @@      0.00  0   0 F  0
 Reaction Xsec    61.0-/62 @ 3 =   0.001#, Out:   0.000#   0.000#   0.000f

   S-matrix    4 =    1.00000   0.00000 for L=   62, J=   62.5 channel on core I =   1.5 from L=   62,  Acc. loss =  0.0 D.
 Elastic phase shift   4 =    0.000   0.000 deg. for the L =   62, J =   62.5 channel.
      61.0  1.00000000  0.00000006i: elastic S-matrix  @@      0.02  0   0 F  0
 Reaction Xsec    61.0-/62 @ 4 =   0.001#, Out:   0.000#   0.000#   0.000f


 Total SPIN, PARITY =    62.0 +,      5 chs,      0 cc.  Rmin & Coul turning =    5.0   16.5
   S-matrix    1 =    1.00000   0.00000 for L=   61, J=   60.5 channel on core I =   1.5 from L=   61,  Acc. loss =  0.0 D.
 Elastic phase shift   1 =    0.000   0.000 deg. for the L =   61, J =   60.5 channel.
0****** WARNING : ACCURACY LOSS IN ERWIN = 14.5 DIGITS, SO EXPECT ERRORS OF   0.0000 % OF UNITARITY

      62.0  1.00000000  0.00000011i: elastic S-matrix  @@      0.00  0   0 F  0
 Reaction Xsec    62.0+/61 @ 1 =   0.002#, Out:   0.000#   0.000#   0.000f

   S-matrix    2 =    1.00000   0.00000 for L=   61, J=   61.5 channel on core I =   1.5 from L=   61,  Acc. loss =  0.0 D.
 Elastic phase shift   2 =    0.000   0.000 deg. for the L =   61, J =   61.5 channel.
      62.0  1.00000000  0.00000011i: elastic S-matrix  @@      0.02  0   0 F  0
 Reaction Xsec    62.0+/61 @ 2 =   0.002#, Out:   0.000#   0.000#   0.000f

   S-matrix    3 =    1.00000   0.00000 for L=   63, J=   62.5 channel on core I =   1.5 from L=   63,  Acc. loss =  0.0 D.
 Elastic phase shift   3 =    0.000   0.000 deg. for the L =   63, J =   62.5 channel.
      62.0  1.00000000  0.00000007i: elastic S-matrix  @@      0.00  0   0 F  0
 Reaction Xsec    62.0+/63 @ 3 =   0.001#, Out:   0.000#   0.000#   0.000f

   S-matrix    4 =    1.00000   0.00000 for L=   63, J=   63.5 channel on core I =   1.5 from L=   63,  Acc. loss =  0.0 D.
 Elastic phase shift   4 =    0.000   0.000 deg. for the L =   63, J =   63.5 channel.
      62.0  1.00000000  0.00000007i: elastic S-matrix  @@      0.02  0   0 F  0
 Reaction Xsec    62.0+/63 @ 4 =   0.001#, Out:   0.000#   0.000#   0.000f


 Total SPIN, PARITY =    62.0 -,      4 chs,      0 cc.  Rmin & Coul turning =    5.0   16.5
   S-matrix    1 =    1.00000   0.00000 for L=   60, J=   60.5 channel on core I =   1.5 from L=   60,  Acc. loss =  0.0 D.
 Elastic phase shift   1 =    0.000   0.000 deg. for the L =   60, J =   60.5 channel.
      62.0  1.00000000  0.00000010i: elastic S-matrix  @@      0.00  0   0 F  0
 Reaction Xsec    62.0-/60 @ 1 =   0.003#, Out:   0.000#   0.000#   0.000f

   S-matrix    2 =    1.00000   0.00000 for L=   62, J=   61.5 channel on core I =   1.5 from L=   62,  Acc. loss =  0.0 D.
 Elastic phase shift   2 =    0.000   0.000 deg. for the L =   62, J =   61.5 channel.
      62.0  1.00000000  0.00000006i: elastic S-matrix  @@      0.00  0   0 F  0
 Reaction Xsec    62.0-/62 @ 2 =   0.001#, Out:   0.000#   0.000#   0.000f

   S-matrix    3 =    1.00000   0.00000 for L=   62, J=   62.5 channel on core I =   1.5 from L=   62,  Acc. loss =  0.0 D.
 Elastic phase shift   3 =    0.000   0.000 deg. for the L =   62, J =   62.5 channel.
      62.0  1.00000000  0.00000006i: elastic S-matrix  @@      0.00  0   0 F  0
 Reaction Xsec    62.0-/62 @ 3 =   0.001#, Out:   0.000#   0.000#   0.000f

   S-matrix    4 =    1.00000   0.00000 for L=   64, J=   63.5 channel on core I =   1.5 from L=   64,  Acc. loss =  0.0 D.
 Elastic phase shift   4 =    0.000   0.000 deg. for the L =   64, J =   63.5 channel.
      62.0  1.00000000  0.00000010i: elastic S-matrix  @@      0.00  0   0 F  0
 Reaction Xsec    62.0-/64 @ 4 =   0.000#, Out:   0.000#   0.000#   0.000f


 Total SPIN, PARITY =    63.0 +,      4 chs,      0 cc.  Rmin & Coul turning =    5.0   16.8
   S-matrix    1 =    1.00000   0.00000 for L=   61, J=   61.5 channel on core I =   1.5 from L=   61,  Acc. loss =  0.0 D.
 Elastic phase shift   1 =    0.000   0.000 deg. for the L =   61, J =   61.5 channel.
      63.0  1.00000000  0.00000011i: elastic S-matrix  @@      0.00  0   0 F  0
 Reaction Xsec    63.0+/61 @ 1 =   0.002#, Out:   0.000#   0.000#   0.000f

   S-matrix    2 =    1.00000   0.00000 for L=   63, J=   62.5 channel on core I =   1.5 from L=   63,  Acc. loss =  0.0 D.
 Elastic phase shift   2 =    0.000   0.000 deg. for the L =   63, J =   62.5 channel.
      63.0  1.00000000  0.00000007i: elastic S-matrix  @@      0.00  0   0 F  0
 Reaction Xsec    63.0+/63 @ 2 =   0.001#, Out:   0.000#   0.000#   0.000f

   S-matrix    3 =    1.00000   0.00000 for L=   63, J=   63.5 channel on core I =   1.5 from L=   63,  Acc. loss =  0.0 D.
 Elastic phase shift   3 =    0.000   0.000 deg. for the L =   63, J =   63.5 channel.
      63.0  1.00000000  0.00000007i: elastic S-matrix  @@      0.00  0   0 F  0
 Reaction Xsec    63.0+/63 @ 3 =   0.001#, Out:   0.000#   0.000#   0.000f

   S-matrix    4 =    1.00000   0.00000 for L=   65, J=   64.5 channel on core I =   1.5 from L=   65,  Acc. loss =  0.0 D.
 Elastic phase shift   4 =    0.000   0.000 deg. for the L =   65, J =   64.5 channel.
      63.0  1.00000000  0.00000005i: elastic S-matrix  @@      0.00  0   0 F  0
 Reaction Xsec    63.0+/65 @ 4 =   0.000#, Out:   0.000#   0.000#   0.000f


 Total SPIN, PARITY =    63.0 -,      5 chs,      0 cc.  Rmin & Coul turning =    5.0   16.8
   S-matrix    1 =    1.00000   0.00000 for L=   62, J=   61.5 channel on core I =   1.5 from L=   62,  Acc. loss =  0.0 D.
 Elastic phase shift   1 =    0.000   0.000 deg. for the L =   62, J =   61.5 channel.
      63.0  1.00000000  0.00000006i: elastic S-matrix  @@      0.00  0   0 F  0
 Reaction Xsec    63.0-/62 @ 1 =   0.001#, Out:   0.000#   0.000#   0.000f

   S-matrix    2 =    1.00000   0.00000 for L=   62, J=   62.5 channel on core I =   1.5 from L=   62,  Acc. loss =  0.0 D.
 Elastic phase shift   2 =    0.000   0.000 deg. for the L =   62, J =   62.5 channel.
      63.0  1.00000000  0.00000006i: elastic S-matrix  @@      0.02  0   0 F  0
 Reaction Xsec    63.0-/62 @ 2 =   0.001#, Out:   0.000#   0.000#   0.000f

   S-matrix    3 =    1.00000   0.00000 for L=   64, J=   63.5 channel on core I =   1.5 from L=   64,  Acc. loss =  0.0 D.
 Elastic phase shift   3 =    0.000   0.000 deg. for the L =   64, J =   63.5 channel.
      63.0  1.00000000  0.00000010i: elastic S-matrix  @@      0.00  0   0 F  0
 Reaction Xsec    63.0-/64 @ 3 =   0.000#, Out:   0.000#   0.000#   0.000f

   S-matrix    4 =    1.00000   0.00000 for L=   64, J=   64.5 channel on core I =   1.5 from L=   64,  Acc. loss =  0.0 D.
 Elastic phase shift   4 =    0.000   0.000 deg. for the L =   64, J =   64.5 channel.
      63.0  1.00000000  0.00000010i: elastic S-matrix  @@      0.00  0   0 F  0
 Reaction Xsec    63.0-/64 @ 4 =   0.000#, Out:   0.000#   0.000#   0.000f


 Total SPIN, PARITY =    64.0 +,      5 chs,      0 cc.  Rmin & Coul turning =    5.1   17.1
   S-matrix    1 =    1.00000   0.00000 for L=   63, J=   62.5 channel on core I =   1.5 from L=   63,  Acc. loss =  0.0 D.
 Elastic phase shift   1 =    0.000   0.000 deg. for the L =   63, J =   62.5 channel.
      64.0  1.00000000  0.00000007i: elastic S-matrix  @@      0.02  0   0 F  0
 Reaction Xsec    64.0+/63 @ 1 =   0.001#, Out:   0.000#   0.000#   0.000f

   S-matrix    2 =    1.00000   0.00000 for L=   63, J=   63.5 channel on core I =   1.5 from L=   63,  Acc. loss =  0.0 D.
 Elastic phase shift   2 =    0.000   0.000 deg. for the L =   63, J =   63.5 channel.
      64.0  1.00000000  0.00000007i: elastic S-matrix  @@      0.02  0   0 F  0
 Reaction Xsec    64.0+/63 @ 2 =   0.001#, Out:   0.000#   0.000#   0.000f

   S-matrix    3 =    1.00000   0.00000 for L=   65, J=   64.5 channel on core I =   1.5 from L=   65,  Acc. loss =  0.0 D.
 Elastic phase shift   3 =    0.000   0.000 deg. for the L =   65, J =   64.5 channel.
      64.0  1.00000000  0.00000005i: elastic S-matrix  @@      0.00  0   0 F  0
 Reaction Xsec    64.0+/65 @ 3 =   0.000#, Out:   0.000#   0.000#   0.000f

   S-matrix    4 =    1.00000   0.00000 for L=   65, J=   65.5 channel on core I =   1.5 from L=   65,  Acc. loss =  0.0 D.
 Elastic phase shift   4 =    0.000   0.000 deg. for the L =   65, J =   65.5 channel.
      64.0  1.00000000  0.00000005i: elastic S-matrix  @@      0.00  0   0 F  0
 Reaction Xsec    64.0+/65 @ 4 =   0.000#, Out:   0.000#   0.000#   0.000f


 Total SPIN, PARITY =    64.0 -,      4 chs,      0 cc.  Rmin & Coul turning =    5.1   17.1
   S-matrix    1 =    1.00000   0.00000 for L=   62, J=   62.5 channel on core I =   1.5 from L=   62,  Acc. loss =  0.0 D.
 Elastic phase shift   1 =    0.000   0.000 deg. for the L =   62, J =   62.5 channel.
      64.0  1.00000000  0.00000006i: elastic S-matrix  @@      0.00  0   0 F  0
 Reaction Xsec    64.0-/62 @ 1 =   0.001#, Out:   0.000#   0.000#   0.000f

   S-matrix    2 =    1.00000   0.00000 for L=   64, J=   63.5 channel on core I =   1.5 from L=   64,  Acc. loss =  0.0 D.
 Elastic phase shift   2 =    0.000   0.000 deg. for the L =   64, J =   63.5 channel.
      64.0  1.00000000  0.00000010i: elastic S-matrix  @@      0.00  0   0 F  0
 Reaction Xsec    64.0-/64 @ 2 =   0.000#, Out:   0.000#   0.000#   0.000f

   S-matrix    3 =    1.00000   0.00000 for L=   64, J=   64.5 channel on core I =   1.5 from L=   64,  Acc. loss =  0.0 D.
 Elastic phase shift   3 =    0.000   0.000 deg. for the L =   64, J =   64.5 channel.
      64.0  1.00000000  0.00000010i: elastic S-matrix  @@      0.00  0   0 F  0
 Reaction Xsec    64.0-/64 @ 3 =   0.000#, Out:   0.000#   0.000#   0.000f

   S-matrix    4 =    1.00000   0.00000 for L=   66, J=   65.5 channel on core I =   1.5 from L=   66,  Acc. loss =  0.0 D.
 Elastic phase shift   4 =    0.000   0.000 deg. for the L =   66, J =   65.5 channel.
      64.0  1.00000000  0.00000004i: elastic S-matrix  @@      0.00  0   0 F  0
 Reaction Xsec    64.0-/66 @ 4 =   0.000#, Out:   0.000#   0.000#   0.000f


 Total SPIN, PARITY =    65.0 +,      4 chs,      0 cc.  Rmin & Coul turning =    5.2   17.3
   S-matrix    1 =    1.00000   0.00000 for L=   63, J=   63.5 channel on core I =   1.5 from L=   63,  Acc. loss =  0.0 D.
 Elastic phase shift   1 =    0.000   0.000 deg. for the L =   63, J =   63.5 channel.
      65.0  1.00000000  0.00000007i: elastic S-matrix  @@      0.00  0   0 F  0
 Reaction Xsec    65.0+/63 @ 1 =   0.001#, Out:   0.000#   0.000#   0.000f

   S-matrix    2 =    1.00000   0.00000 for L=   65, J=   64.5 channel on core I =   1.5 from L=   65,  Acc. loss =  0.0 D.
 Elastic phase shift   2 =    0.000   0.000 deg. for the L =   65, J =   64.5 channel.
      65.0  1.00000000  0.00000005i: elastic S-matrix  @@      0.00  0   0 F  0
 Reaction Xsec    65.0+/65 @ 2 =   0.000#, Out:   0.000#   0.000#   0.000f

   S-matrix    3 =    1.00000   0.00000 for L=   65, J=   65.5 channel on core I =   1.5 from L=   65,  Acc. loss =  0.0 D.
 Elastic phase shift   3 =    0.000   0.000 deg. for the L =   65, J =   65.5 channel.
      65.0  1.00000000  0.00000005i: elastic S-matrix  @@      0.00  0   0 F  0
 Reaction Xsec    65.0+/65 @ 3 =   0.000#, Out:   0.000#   0.000#   0.000f

   S-matrix    4 =    1.00000   0.00000 for L=   67, J=   66.5 channel on core I =   1.5 from L=   67,  Acc. loss =  0.0 D.
 Elastic phase shift   4 =    0.000   0.000 deg. for the L =   67, J =   66.5 channel.
      65.0  1.00000000  0.00000008i: elastic S-matrix  @@      0.00  0   0 F  0
 Reaction Xsec    65.0+/67 @ 4 =   0.000#, Out:   0.000#   0.000#   0.000f


 Total SPIN, PARITY =    65.0 -,      5 chs,      0 cc.  Rmin & Coul turning =    5.2   17.3
   S-matrix    1 =    1.00000   0.00000 for L=   64, J=   63.5 channel on core I =   1.5 from L=   64,  Acc. loss =  0.0 D.
 Elastic phase shift   1 =    0.000   0.000 deg. for the L =   64, J =   63.5 channel.
0****** WARNING : ACCURACY LOSS IN ERWIN = 14.5 DIGITS, SO EXPECT ERRORS OF   0.0000 % OF UNITARITY

      65.0  1.00000000  0.00000010i: elastic S-matrix  @@      0.02  0   0 F  0
 Reaction Xsec    65.0-/64 @ 1 =   0.000#, Out:   0.000#   0.000#   0.000f

   S-matrix    2 =    1.00000   0.00000 for L=   64, J=   64.5 channel on core I =   1.5 from L=   64,  Acc. loss =  0.0 D.
 Elastic phase shift   2 =    0.000   0.000 deg. for the L =   64, J =   64.5 channel.
0****** WARNING : ACCURACY LOSS IN ERWIN = 14.3 DIGITS, SO EXPECT ERRORS OF   0.0000 % OF UNITARITY

      65.0  1.00000000  0.00000010i: elastic S-matrix  @@      0.00  0   0 F  0
 Reaction Xsec    65.0-/64 @ 2 =   0.000#, Out:   0.000#   0.000#   0.000f

   S-matrix    3 =    1.00000   0.00000 for L=   66, J=   65.5 channel on core I =   1.5 from L=   66,  Acc. loss =  0.0 D.
 Elastic phase shift   3 =    0.000   0.000 deg. for the L =   66, J =   65.5 channel.
0****** WARNING : ACCURACY LOSS IN ERWIN = 14.3 DIGITS, SO EXPECT ERRORS OF   0.0000 % OF UNITARITY

      65.0  1.00000000  0.00000004i: elastic S-matrix  @@      0.02  0   0 F  0
 Reaction Xsec    65.0-/66 @ 3 =   0.000#, Out:   0.000#   0.000#   0.000f

   S-matrix    4 =    1.00000   0.00000 for L=   66, J=   66.5 channel on core I =   1.5 from L=   66,  Acc. loss =  0.0 D.
 Elastic phase shift   4 =    0.000   0.000 deg. for the L =   66, J =   66.5 channel.
0****** WARNING : ACCURACY LOSS IN ERWIN = 14.3 DIGITS, SO EXPECT ERRORS OF   0.0000 % OF UNITARITY

      65.0  1.00000000  0.00000004i: elastic S-matrix  @@      0.00  0   0 F  0
 Reaction Xsec    65.0-/66 @ 4 =   0.000#, Out:   0.000#   0.000#   0.000f


 Total SPIN, PARITY =    66.0 +,      5 chs,      0 cc.  Rmin & Coul turning =    5.2   17.6
   S-matrix    1 =    1.00000   0.00000 for L=   65, J=   64.5 channel on core I =   1.5 from L=   65,  Acc. loss =  0.0 D.
 Elastic phase shift   1 =    0.000   0.000 deg. for the L =   65, J =   64.5 channel.
      66.0  1.00000000  0.00000005i: elastic S-matrix  @@      0.02  0   0 F  0
 Reaction Xsec    66.0+/65 @ 1 =   0.000#, Out:   0.000#   0.000#   0.000f

   S-matrix    2 =    1.00000   0.00000 for L=   65, J=   65.5 channel on core I =   1.5 from L=   65,  Acc. loss =  0.0 D.
 Elastic phase shift   2 =    0.000   0.000 deg. for the L =   65, J =   65.5 channel.
      66.0  1.00000000  0.00000005i: elastic S-matrix  @@      0.00  0   0 F  0
 Reaction Xsec    66.0+/65 @ 2 =   0.000#, Out:   0.000#   0.000#   0.000f

   S-matrix    3 =    1.00000   0.00000 for L=   67, J=   66.5 channel on core I =   1.5 from L=   67,  Acc. loss =  0.0 D.
 Elastic phase shift   3 =    0.000   0.000 deg. for the L =   67, J =   66.5 channel.
      66.0  1.00000000  0.00000008i: elastic S-matrix  @@      0.02  0   0 F  0
 Reaction Xsec    66.0+/67 @ 3 =   0.000#, Out:   0.000#   0.000#   0.000f

   S-matrix    4 =    1.00000   0.00000 for L=   67, J=   67.5 channel on core I =   1.5 from L=   67,  Acc. loss =  0.0 D.
 Elastic phase shift   4 =    0.000   0.000 deg. for the L =   67, J =   67.5 channel.
      66.0  1.00000000  0.00000008i: elastic S-matrix  @@      0.00  0   0 F  0
 Reaction Xsec    66.0+/67 @ 4 =   0.000#, Out:   0.000#   0.000#   0.000f


 Total SPIN, PARITY =    66.0 -,      4 chs,      0 cc.  Rmin & Coul turning =    5.2   17.6
   S-matrix    1 =    1.00000   0.00000 for L=   64, J=   64.5 channel on core I =   1.5 from L=   64,  Acc. loss =  0.0 D.
 Elastic phase shift   1 =    0.000   0.000 deg. for the L =   64, J =   64.5 channel.
      66.0  1.00000000  0.00000010i: elastic S-matrix  @@      0.00  0   0 F  0
 Reaction Xsec    66.0-/64 @ 1 =   0.000#, Out:   0.000#   0.000#   0.000f

   S-matrix    2 =    1.00000   0.00000 for L=   66, J=   65.5 channel on core I =   1.5 from L=   66,  Acc. loss =  0.0 D.
 Elastic phase shift   2 =    0.000   0.000 deg. for the L =   66, J =   65.5 channel.
      66.0  1.00000000  0.00000004i: elastic S-matrix  @@      0.00  0   0 F  0
 Reaction Xsec    66.0-/66 @ 2 =   0.000#, Out:   0.000#   0.000#   0.000f

   S-matrix    3 =    1.00000   0.00000 for L=   66, J=   66.5 channel on core I =   1.5 from L=   66,  Acc. loss =  0.0 D.
 Elastic phase shift   3 =    0.000   0.000 deg. for the L =   66, J =   66.5 channel.
      66.0  1.00000000  0.00000004i: elastic S-matrix  @@      0.00  0   0 F  0
 Reaction Xsec    66.0-/66 @ 3 =   0.000#, Out:   0.000#   0.000#   0.000f

   S-matrix    4 =    1.00000   0.00000 for L=   68, J=   67.5 channel on core I =   1.5 from L=   68,  Acc. loss =  0.0 D.
 Elastic phase shift   4 =    0.000   0.000 deg. for the L =   68, J =   67.5 channel.
      66.0  1.00000000  0.00000005i: elastic S-matrix  @@      0.00  0   0 F  0
 Reaction Xsec    66.0-/68 @ 4 =   0.000#, Out:   0.000#   0.000#   0.000f


 Total SPIN, PARITY =    67.0 +,      4 chs,      0 cc.  Rmin & Coul turning =    5.4   17.9
   S-matrix    1 =    1.00000   0.00000 for L=   65, J=   65.5 channel on core I =   1.5 from L=   65,  Acc. loss =  0.0 D.
 Elastic phase shift   1 =    0.000   0.000 deg. for the L =   65, J =   65.5 channel.
      67.0  1.00000000  0.00000005i: elastic S-matrix  @@      0.00  0   0 F  0
 Reaction Xsec    67.0+/65 @ 1 =   0.000#, Out:   0.000#   0.000#   0.000f

   S-matrix    2 =    1.00000   0.00000 for L=   67, J=   66.5 channel on core I =   1.5 from L=   67,  Acc. loss =  0.0 D.
 Elastic phase shift   2 =    0.000   0.000 deg. for the L =   67, J =   66.5 channel.
      67.0  1.00000000  0.00000008i: elastic S-matrix  @@      0.00  0   0 F  0
 Reaction Xsec    67.0+/67 @ 2 =   0.000#, Out:   0.000#   0.000#   0.000f

   S-matrix    3 =    1.00000   0.00000 for L=   67, J=   67.5 channel on core I =   1.5 from L=   67,  Acc. loss =  0.0 D.
 Elastic phase shift   3 =    0.000   0.000 deg. for the L =   67, J =   67.5 channel.
      67.0  1.00000000  0.00000008i: elastic S-matrix  @@      0.00  0   0 F  0
 Reaction Xsec    67.0+/67 @ 3 =   0.000#, Out:   0.000#   0.000#   0.000f

   S-matrix    4 =    1.00000   0.00000 for L=   69, J=   68.5 channel on core I =   1.5 from L=   69,  Acc. loss =  0.0 D.
 Elastic phase shift   4 =    0.000   0.000 deg. for the L =   69, J =   68.5 channel.
      67.0  1.00000000  0.00000001i: elastic S-matrix  @@      0.00  0   0 F  0
 Reaction Xsec    67.0+/69 @ 4 =   0.000#, Out:   0.000#   0.000#   0.000f


 Total SPIN, PARITY =    67.0 -,      5 chs,      0 cc.  Rmin & Coul turning =    5.4   17.9
   S-matrix    1 =    1.00000   0.00000 for L=   66, J=   65.5 channel on core I =   1.5 from L=   66,  Acc. loss =  0.0 D.
 Elastic phase shift   1 =    0.000   0.000 deg. for the L =   66, J =   65.5 channel.
0****** WARNING : ACCURACY LOSS IN ERWIN = 14.6 DIGITS, SO EXPECT ERRORS OF   0.0000 % OF UNITARITY

      67.0  1.00000000  0.00000004i: elastic S-matrix  @@      0.02  0   0 F  0
 Reaction Xsec    67.0-/66 @ 1 =   0.000#, Out:   0.000#   0.000#   0.000f

   S-matrix    2 =    1.00000   0.00000 for L=   66, J=   66.5 channel on core I =   1.5 from L=   66,  Acc. loss =  0.0 D.
 Elastic phase shift   2 =    0.000   0.000 deg. for the L =   66, J =   66.5 channel.
      67.0  1.00000000  0.00000004i: elastic S-matrix  @@      0.00  0   0 F  0
 Reaction Xsec    67.0-/66 @ 2 =   0.000#, Out:   0.000#   0.000#   0.000f

   S-matrix    3 =    1.00000   0.00000 for L=   68, J=   67.5 channel on core I =   1.5 from L=   68,  Acc. loss =  0.0 D.
 Elastic phase shift   3 =    0.000   0.000 deg. for the L =   68, J =   67.5 channel.
      67.0  1.00000000  0.00000005i: elastic S-matrix  @@      0.00  0   0 F  0
 Reaction Xsec    67.0-/68 @ 3 =   0.000#, Out:   0.000#   0.000#   0.000f

   S-matrix    4 =    1.00000   0.00000 for L=   68, J=   68.5 channel on core I =   1.5 from L=   68,  Acc. loss =  0.0 D.
 Elastic phase shift   4 =    0.000   0.000 deg. for the L =   68, J =   68.5 channel.
      67.0  1.00000000  0.00000005i: elastic S-matrix  @@      0.02  0   0 F  0
 Reaction Xsec    67.0-/68 @ 4 =   0.000#, Out:   0.000#   0.000#   0.000f


 Total SPIN, PARITY =    68.0 +,      5 chs,      0 cc.  Rmin & Coul turning =    5.4   18.1
   S-matrix    1 =    1.00000   0.00000 for L=   67, J=   66.5 channel on core I =   1.5 from L=   67,  Acc. loss =  0.0 D.
 Elastic phase shift   1 =    0.000   0.000 deg. for the L =   67, J =   66.5 channel.
0****** WARNING : ACCURACY LOSS IN ERWIN = 14.6 DIGITS, SO EXPECT ERRORS OF   0.0000 % OF UNITARITY

      68.0  1.00000000  0.00000008i: elastic S-matrix  @@      0.02  0   0 F  0
 Reaction Xsec    68.0+/67 @ 1 =   0.000#, Out:   0.000#   0.000#   0.000f

   S-matrix    2 =    1.00000   0.00000 for L=   67, J=   67.5 channel on core I =   1.5 from L=   67,  Acc. loss =  0.0 D.
 Elastic phase shift   2 =    0.000   0.000 deg. for the L =   67, J =   67.5 channel.
      68.0  1.00000000  0.00000008i: elastic S-matrix  @@      0.00  0   0 F  0
 Reaction Xsec    68.0+/67 @ 2 =   0.000#, Out:   0.000#   0.000#   0.000f

   S-matrix    3 =    1.00000   0.00000 for L=   69, J=   68.5 channel on core I =   1.5 from L=   69,  Acc. loss =  0.0 D.
 Elastic phase shift   3 =    0.000   0.000 deg. for the L =   69, J =   68.5 channel.
      68.0  1.00000000  0.00000001i: elastic S-matrix  @@      0.00  0   0 F  0
 Reaction Xsec    68.0+/69 @ 3 =   0.000#, Out:   0.000#   0.000#   0.000f

   S-matrix    4 =    1.00000   0.00000 for L=   69, J=   69.5 channel on core I =   1.5 from L=   69,  Acc. loss =  0.0 D.
 Elastic phase shift   4 =    0.000   0.000 deg. for the L =   69, J =   69.5 channel.
0****** WARNING : ACCURACY LOSS IN ERWIN = 14.6 DIGITS, SO EXPECT ERRORS OF   0.0000 % OF UNITARITY

      68.0  1.00000000  0.00000001i: elastic S-matrix  @@      0.02  0   0 F  0
 Reaction Xsec    68.0+/69 @ 4 =   0.000#, Out:   0.000#   0.000#   0.000f


 Total SPIN, PARITY =    68.0 -,      4 chs,      0 cc.  Rmin & Coul turning =    5.4   18.1
   S-matrix    1 =    1.00000   0.00000 for L=   66, J=   66.5 channel on core I =   1.5 from L=   66,  Acc. loss =  0.0 D.
 Elastic phase shift   1 =    0.000   0.000 deg. for the L =   66, J =   66.5 channel.
      68.0  1.00000000  0.00000004i: elastic S-matrix  @@      0.00  0   0 F  0
 Reaction Xsec    68.0-/66 @ 1 =   0.000#, Out:   0.000#   0.000#   0.000f

   S-matrix    2 =    1.00000   0.00000 for L=   68, J=   67.5 channel on core I =   1.5 from L=   68,  Acc. loss =  0.0 D.
 Elastic phase shift   2 =    0.000   0.000 deg. for the L =   68, J =   67.5 channel.
      68.0  1.00000000  0.00000005i: elastic S-matrix  @@      0.00  0   0 F  0
 Reaction Xsec    68.0-/68 @ 2 =   0.000#, Out:   0.000#   0.000#   0.000f

   S-matrix    3 =    1.00000   0.00000 for L=   68, J=   68.5 channel on core I =   1.5 from L=   68,  Acc. loss =  0.0 D.
 Elastic phase shift   3 =    0.000   0.000 deg. for the L =   68, J =   68.5 channel.
      68.0  1.00000000  0.00000005i: elastic S-matrix  @@      0.00  0   0 F  0
 Reaction Xsec    68.0-/68 @ 3 =   0.000#, Out:   0.000#   0.000#   0.000f

   S-matrix    4 =    1.00000   0.00000 for L=   70, J=   69.5 channel on core I =   1.5 from L=   70,  Acc. loss =  0.0 D.
 Elastic phase shift   4 =    0.000   0.000 deg. for the L =   70, J =   69.5 channel.
      68.0  1.00000000  0.00000005i: elastic S-matrix  @@      0.00  0   0 F  0
 Reaction Xsec    68.0-/70 @ 4 =   0.000#, Out:   0.000#   0.000#   0.000f


 Total SPIN, PARITY =    69.0 +,      4 chs,      0 cc.  Rmin & Coul turning =    5.5   18.4
   S-matrix    1 =    1.00000   0.00000 for L=   67, J=   67.5 channel on core I =   1.5 from L=   67,  Acc. loss =  0.0 D.
 Elastic phase shift   1 =    0.000   0.000 deg. for the L =   67, J =   67.5 channel.
      69.0  1.00000000  0.00000008i: elastic S-matrix  @@      0.00  0   0 F  0
 Reaction Xsec    69.0+/67 @ 1 =   0.000#, Out:   0.000#   0.000#   0.000f

   S-matrix    2 =    1.00000   0.00000 for L=   69, J=   68.5 channel on core I =   1.5 from L=   69,  Acc. loss =  0.0 D.
 Elastic phase shift   2 =    0.000   0.000 deg. for the L =   69, J =   68.5 channel.
      69.0  1.00000000  0.00000001i: elastic S-matrix  @@      0.00  0   0 F  0
 Reaction Xsec    69.0+/69 @ 2 =   0.000#, Out:   0.000#   0.000#   0.000f

   S-matrix    3 =    1.00000   0.00000 for L=   69, J=   69.5 channel on core I =   1.5 from L=   69,  Acc. loss =  0.0 D.
 Elastic phase shift   3 =    0.000   0.000 deg. for the L =   69, J =   69.5 channel.
      69.0  1.00000000  0.00000001i: elastic S-matrix  @@      0.00  0   0 F  0
 Reaction Xsec    69.0+/69 @ 3 =   0.000#, Out:   0.000#   0.000#   0.000f

   S-matrix    4 =    1.00000   0.00000 for L=   71, J=   70.5 channel on core I =   1.5 from L=   71,  Acc. loss =  0.0 D.
 Elastic phase shift   4 =    0.000   0.000 deg. for the L =   71, J =   70.5 channel.
      69.0  1.00000000  0.00000006i: elastic S-matrix  @@      0.00  0   0 F  0
 Reaction Xsec    69.0+/71 @ 4 =   0.000#, Out:   0.000#   0.000#   0.000f


 Total SPIN, PARITY =    69.0 -,      5 chs,      0 cc.  Rmin & Coul turning =    5.5   18.4
   S-matrix    1 =    1.00000   0.00000 for L=   68, J=   67.5 channel on core I =   1.5 from L=   68,  Acc. loss =  0.0 D.
 Elastic phase shift   1 =    0.000   0.000 deg. for the L =   68, J =   67.5 channel.
      69.0  1.00000000  0.00000005i: elastic S-matrix  @@      0.02  0   0 F  0
 Reaction Xsec    69.0-/68 @ 1 =   0.000#, Out:   0.000#   0.000#   0.000f

   S-matrix    2 =    1.00000   0.00000 for L=   68, J=   68.5 channel on core I =   1.5 from L=   68,  Acc. loss =  0.0 D.
 Elastic phase shift   2 =    0.000   0.000 deg. for the L =   68, J =   68.5 channel.
0****** WARNING : ACCURACY LOSS IN ERWIN = 14.2 DIGITS, SO EXPECT ERRORS OF   0.0000 % OF UNITARITY

      69.0  1.00000000  0.00000005i: elastic S-matrix  @@      0.00  0   0 F  0
 Reaction Xsec    69.0-/68 @ 2 =   0.000#, Out:   0.000#   0.000#   0.000f

   S-matrix    3 =    1.00000   0.00000 for L=   70, J=   69.5 channel on core I =   1.5 from L=   70,  Acc. loss =  0.0 D.
 Elastic phase shift   3 =    0.000   0.000 deg. for the L =   70, J =   69.5 channel.
      69.0  1.00000000  0.00000005i: elastic S-matrix  @@      0.00  0   0 F  0
 Reaction Xsec    69.0-/70 @ 3 =   0.000#, Out:   0.000#   0.000#   0.000f

   S-matrix    4 =    1.00000   0.00000 for L=   70, J=   70.5 channel on core I =   1.5 from L=   70,  Acc. loss =  0.0 D.
 Elastic phase shift   4 =    0.000   0.000 deg. for the L =   70, J =   70.5 channel.
      69.0  1.00000000  0.00000005i: elastic S-matrix  @@      0.02  0   0 F  0
 Reaction Xsec    69.0-/70 @ 4 =   0.000#, Out:   0.000#   0.000#   0.000f


 Total SPIN, PARITY =    70.0 +,      5 chs,      0 cc.  Rmin & Coul turning =    5.6   18.7
   S-matrix    1 =    1.00000   0.00000 for L=   69, J=   68.5 channel on core I =   1.5 from L=   69,  Acc. loss =  0.0 D.
 Elastic phase shift   1 =    0.000   0.000 deg. for the L =   69, J =   68.5 channel.
0****** WARNING : ACCURACY LOSS IN ERWIN = 15.2 DIGITS, SO EXPECT ERRORS OF   0.0000 % OF UNITARITY

      70.0  1.00000000  0.00000001i: elastic S-matrix  @@      0.00  0   0 F  0
 Reaction Xsec    70.0+/69 @ 1 =   0.000#, Out:   0.000#   0.000#   0.000f

   S-matrix    2 =    1.00000   0.00000 for L=   69, J=   69.5 channel on core I =   1.5 from L=   69,  Acc. loss =  0.0 D.
 Elastic phase shift   2 =    0.000   0.000 deg. for the L =   69, J =   69.5 channel.
0****** WARNING : ACCURACY LOSS IN ERWIN = 14.9 DIGITS, SO EXPECT ERRORS OF   0.0000 % OF UNITARITY

      70.0  1.00000000  0.00000001i: elastic S-matrix  @@      0.02  0   0 F  0
 Reaction Xsec    70.0+/69 @ 2 =   0.000#, Out:   0.000#   0.000#   0.000f

   S-matrix    3 =    1.00000   0.00000 for L=   71, J=   70.5 channel on core I =   1.5 from L=   71,  Acc. loss =  0.0 D.
 Elastic phase shift   3 =    0.000   0.000 deg. for the L =   71, J =   70.5 channel.
0****** WARNING : ACCURACY LOSS IN ERWIN = 14.4 DIGITS, SO EXPECT ERRORS OF   0.0000 % OF UNITARITY

      70.0  1.00000000  0.00000006i: elastic S-matrix  @@      0.00  0   0 F  0
 Reaction Xsec    70.0+/71 @ 3 =   0.000#, Out:   0.000#   0.000#   0.000f

   S-matrix    4 =    1.00000   0.00000 for L=   71, J=   71.5 channel on core I =   1.5 from L=   71,  Acc. loss =  0.0 D.
 Elastic phase shift   4 =    0.000   0.000 deg. for the L =   71, J =   71.5 channel.
0****** WARNING : ACCURACY LOSS IN ERWIN = 14.4 DIGITS, SO EXPECT ERRORS OF   0.0000 % OF UNITARITY

      70.0  1.00000000  0.00000006i: elastic S-matrix  @@      0.00  0   0 F  0
 Reaction Xsec    70.0+/71 @ 4 =   0.000#, Out:   0.000#   0.000#   0.000f


 Total SPIN, PARITY =    70.0 -,      4 chs,      0 cc.  Rmin & Coul turning =    5.6   18.7
   S-matrix    1 =    1.00000   0.00000 for L=   68, J=   68.5 channel on core I =   1.5 from L=   68,  Acc. loss =  0.0 D.
 Elastic phase shift   1 =    0.000   0.000 deg. for the L =   68, J =   68.5 channel.
      70.0  1.00000000  0.00000005i: elastic S-matrix  @@      0.00  0   0 F  0
 Reaction Xsec    70.0-/68 @ 1 =   0.000#, Out:   0.000#   0.000#   0.000f

   S-matrix    2 =    1.00000   0.00000 for L=   70, J=   69.5 channel on core I =   1.5 from L=   70,  Acc. loss =  0.0 D.
 Elastic phase shift   2 =    0.000   0.000 deg. for the L =   70, J =   69.5 channel.
      70.0  1.00000000  0.00000005i: elastic S-matrix  @@      0.00  0   0 F  0
 Reaction Xsec    70.0-/70 @ 2 =   0.000#, Out:   0.000#   0.000#   0.000f

   S-matrix    3 =    1.00000   0.00000 for L=   70, J=   70.5 channel on core I =   1.5 from L=   70,  Acc. loss =  0.0 D.
 Elastic phase shift   3 =    0.000   0.000 deg. for the L =   70, J =   70.5 channel.
      70.0  1.00000000  0.00000005i: elastic S-matrix  @@      0.00  0   0 F  0
 Reaction Xsec    70.0-/70 @ 3 =   0.000#, Out:   0.000#   0.000#   0.000f

   S-matrix    4 =    1.00000  -0.00000 for L=   72, J=   71.5 channel on core I =   1.5 from L=   72,  Acc. loss =  0.0 D.
 Elastic phase shift   4 =   -0.000   0.000 deg. for the L =   72, J =   71.5 channel.
      70.0  1.00000000 -0.00000000i: elastic S-matrix  @@      0.00  0   0 F  0
 Reaction Xsec    70.0-/72 @ 4 =   0.000#, Out:   0.000#   0.000#   0.000f


 Total SPIN, PARITY =    71.0 +,      4 chs,      0 cc.  Rmin & Coul turning =    5.7   18.9
   S-matrix    1 =    1.00000   0.00000 for L=   69, J=   69.5 channel on core I =   1.5 from L=   69,  Acc. loss =  0.0 D.
 Elastic phase shift   1 =    0.000   0.000 deg. for the L =   69, J =   69.5 channel.
      71.0  1.00000000  0.00000001i: elastic S-matrix  @@      0.00  0   0 F  0
 Reaction Xsec    71.0+/69 @ 1 =   0.000#, Out:   0.000#   0.000#   0.000f

   S-matrix    2 =    1.00000   0.00000 for L=   71, J=   70.5 channel on core I =   1.5 from L=   71,  Acc. loss =  0.0 D.
 Elastic phase shift   2 =    0.000   0.000 deg. for the L =   71, J =   70.5 channel.
      71.0  1.00000000  0.00000006i: elastic S-matrix  @@      0.00  0   0 F  0
 Reaction Xsec    71.0+/71 @ 2 =   0.000#, Out:   0.000#   0.000#   0.000f

   S-matrix    3 =    1.00000   0.00000 for L=   71, J=   71.5 channel on core I =   1.5 from L=   71,  Acc. loss =  0.0 D.
 Elastic phase shift   3 =    0.000   0.000 deg. for the L =   71, J =   71.5 channel.
      71.0  1.00000000  0.00000006i: elastic S-matrix  @@      0.00  0   0 F  0
 Reaction Xsec    71.0+/71 @ 3 =   0.000#, Out:   0.000#   0.000#   0.000f

   S-matrix    4 =    1.00000  -0.00000 for L=   73, J=   72.5 channel on core I =   1.5 from L=   73,  Acc. loss =  0.0 D.
 Elastic phase shift   4 =   -0.000   0.000 deg. for the L =   73, J =   72.5 channel.
      71.0  1.00000000 -0.00000000i: elastic S-matrix  @@      0.00  0   0 F  0
 Reaction Xsec    71.0+/73 @ 4 =   0.000#, Out:   0.000#   0.000#   0.000f


 Total SPIN, PARITY =    71.0 -,      5 chs,      0 cc.  Rmin & Coul turning =    5.7   18.9
   S-matrix    1 =    1.00000   0.00000 for L=   70, J=   69.5 channel on core I =   1.5 from L=   70,  Acc. loss =  0.0 D.
 Elastic phase shift   1 =    0.000   0.000 deg. for the L =   70, J =   69.5 channel.
0****** WARNING : ACCURACY LOSS IN ERWIN = 14.7 DIGITS, SO EXPECT ERRORS OF   0.0000 % OF UNITARITY

      71.0  1.00000000  0.00000005i: elastic S-matrix  @@      0.02  0   0 F  0
 Reaction Xsec    71.0-/70 @ 1 =   0.000#, Out:   0.000#   0.000#   0.000f

   S-matrix    2 =    1.00000   0.00000 for L=   70, J=   70.5 channel on core I =   1.5 from L=   70,  Acc. loss =  0.0 D.
 Elastic phase shift   2 =    0.000   0.000 deg. for the L =   70, J =   70.5 channel.
      71.0  1.00000000  0.00000005i: elastic S-matrix  @@      0.02  0   0 F  0
 Reaction Xsec    71.0-/70 @ 2 =   0.000#, Out:   0.000#   0.000#   0.000f

   S-matrix    3 =    1.00000  -0.00000 for L=   72, J=   71.5 channel on core I =   1.5 from L=   72,  Acc. loss =  0.0 D.
 Elastic phase shift   3 =   -0.000   0.000 deg. for the L =   72, J =   71.5 channel.
0****** WARNING : ACCURACY LOSS IN ERWIN = 14.3 DIGITS, SO EXPECT ERRORS OF   0.0000 % OF UNITARITY

      71.0  1.00000000 -0.00000000i: elastic S-matrix  @@      0.00  0   0 F  0
 Reaction Xsec    71.0-/72 @ 3 =   0.000#, Out:   0.000#   0.000#   0.000f

   S-matrix    4 =    1.00000  -0.00000 for L=   72, J=   72.5 channel on core I =   1.5 from L=   72,  Acc. loss =  0.0 D.
 Elastic phase shift   4 =   -0.000   0.000 deg. for the L =   72, J =   72.5 channel.
0****** WARNING : ACCURACY LOSS IN ERWIN = 15.3 DIGITS, SO EXPECT ERRORS OF   0.0000 % OF UNITARITY

      71.0  1.00000000 -0.00000000i: elastic S-matrix  @@      0.00  0   0 F  0
 Reaction Xsec    71.0-/72 @ 4 =   0.000#, Out:   0.000#   0.000#   0.000f


 Total SPIN, PARITY =    72.0 +,      5 chs,      0 cc.  Rmin & Coul turning =    5.8   19.2
   S-matrix    1 =    1.00000   0.00000 for L=   71, J=   70.5 channel on core I =   1.5 from L=   71,  Acc. loss =  0.0 D.
 Elastic phase shift   1 =    0.000   0.000 deg. for the L =   71, J =   70.5 channel.
      72.0  1.00000000  0.00000006i: elastic S-matrix  @@      0.02  0   0 F  0
 Reaction Xsec    72.0+/71 @ 1 =   0.000#, Out:   0.000#   0.000#   0.000f

   S-matrix    2 =    1.00000   0.00000 for L=   71, J=   71.5 channel on core I =   1.5 from L=   71,  Acc. loss =  0.0 D.
 Elastic phase shift   2 =    0.000   0.000 deg. for the L =   71, J =   71.5 channel.
      72.0  1.00000000  0.00000006i: elastic S-matrix  @@      0.02  0   0 F  0
 Reaction Xsec    72.0+/71 @ 2 =   0.000#, Out:   0.000#   0.000#   0.000f

   S-matrix    3 =    1.00000  -0.00000 for L=   73, J=   72.5 channel on core I =   1.5 from L=   73,  Acc. loss =  0.0 D.
 Elastic phase shift   3 =   -0.000   0.000 deg. for the L =   73, J =   72.5 channel.
      72.0  1.00000000 -0.00000000i: elastic S-matrix  @@      0.00  0   0 F  0
 Reaction Xsec    72.0+/73 @ 3 =   0.000#, Out:   0.000#   0.000#   0.000f

   S-matrix    4 =    1.00000  -0.00000 for L=   73, J=   73.5 channel on core I =   1.5 from L=   73,  Acc. loss =  0.0 D.
 Elastic phase shift   4 =   -0.000   0.000 deg. for the L =   73, J =   73.5 channel.
      72.0  1.00000000 -0.00000000i: elastic S-matrix  @@      0.00  0   0 F  0
 Reaction Xsec    72.0+/73 @ 4 =   0.000#, Out:   0.000#   0.000#   0.000f


 Total SPIN, PARITY =    72.0 -,      4 chs,      0 cc.  Rmin & Coul turning =    5.8   19.2
   S-matrix    1 =    1.00000   0.00000 for L=   70, J=   70.5 channel on core I =   1.5 from L=   70,  Acc. loss =  0.0 D.
 Elastic phase shift   1 =    0.000   0.000 deg. for the L =   70, J =   70.5 channel.
      72.0  1.00000000  0.00000005i: elastic S-matrix  @@      0.00  0   0 F  0
 Reaction Xsec    72.0-/70 @ 1 =   0.000#, Out:   0.000#   0.000#   0.000f

   S-matrix    2 =    1.00000  -0.00000 for L=   72, J=   71.5 channel on core I =   1.5 from L=   72,  Acc. loss =  0.0 D.
 Elastic phase shift   2 =   -0.000   0.000 deg. for the L =   72, J =   71.5 channel.
      72.0  1.00000000 -0.00000000i: elastic S-matrix  @@      0.00  0   0 F  0
 Reaction Xsec    72.0-/72 @ 2 =   0.000#, Out:   0.000#   0.000#   0.000f

   S-matrix    3 =    1.00000  -0.00000 for L=   72, J=   72.5 channel on core I =   1.5 from L=   72,  Acc. loss =  0.0 D.
 Elastic phase shift   3 =   -0.000   0.000 deg. for the L =   72, J =   72.5 channel.
      72.0  1.00000000 -0.00000000i: elastic S-matrix  @@      0.00  0   0 F  0
 Reaction Xsec    72.0-/72 @ 3 =   0.000#, Out:   0.000#   0.000#   0.000f

   S-matrix    4 =    1.00000   0.00000 for L=   74, J=   73.5 channel on core I =   1.5 from L=   74,  Acc. loss =  0.0 D.
 Elastic phase shift   4 =    0.000   0.000 deg. for the L =   74, J =   73.5 channel.
      72.0  1.00000000  0.00000004i: elastic S-matrix  @@      0.00  0   0 F  0
 Reaction Xsec    72.0-/74 @ 4 =   0.000#, Out:   0.000#   0.000#   0.000f


 Total SPIN, PARITY =    73.0 +,      4 chs,      0 cc.  Rmin & Coul turning =    5.8   19.4
   S-matrix    1 =    1.00000   0.00000 for L=   71, J=   71.5 channel on core I =   1.5 from L=   71,  Acc. loss =  0.0 D.
 Elastic phase shift   1 =    0.000   0.000 deg. for the L =   71, J =   71.5 channel.
      73.0  1.00000000  0.00000006i: elastic S-matrix  @@      0.00  0   0 F  0
 Reaction Xsec    73.0+/71 @ 1 =   0.000#, Out:   0.000#   0.000#   0.000f

   S-matrix    2 =    1.00000  -0.00000 for L=   73, J=   72.5 channel on core I =   1.5 from L=   73,  Acc. loss =  0.0 D.
 Elastic phase shift   2 =   -0.000   0.000 deg. for the L =   73, J =   72.5 channel.
      73.0  1.00000000 -0.00000000i: elastic S-matrix  @@      0.00  0   0 F  0
 Reaction Xsec    73.0+/73 @ 2 =   0.000#, Out:   0.000#   0.000#   0.000f

   S-matrix    3 =    1.00000  -0.00000 for L=   73, J=   73.5 channel on core I =   1.5 from L=   73,  Acc. loss =  0.0 D.
 Elastic phase shift   3 =   -0.000   0.000 deg. for the L =   73, J =   73.5 channel.
      73.0  1.00000000 -0.00000000i: elastic S-matrix  @@      0.00  0   0 F  0
 Reaction Xsec    73.0+/73 @ 3 =   0.000#, Out:   0.000#   0.000#   0.000f

   S-matrix    4 =    1.00000   0.00000 for L=   75, J=   74.5 channel on core I =   1.5 from L=   75,  Acc. loss =  0.0 D.
 Elastic phase shift   4 =    0.000   0.000 deg. for the L =   75, J =   74.5 channel.
      73.0  1.00000000  0.00000002i: elastic S-matrix  @@      0.00  0   0 F  0
 Reaction Xsec    73.0+/75 @ 4 =   0.000#, Out:   0.000#   0.000#   0.000f


 Total SPIN, PARITY =    73.0 -,      5 chs,      0 cc.  Rmin & Coul turning =    5.8   19.4
   S-matrix    1 =    1.00000  -0.00000 for L=   72, J=   71.5 channel on core I =   1.5 from L=   72,  Acc. loss =  0.0 D.
 Elastic phase shift   1 =   -0.000   0.000 deg. for the L =   72, J =   71.5 channel.
      73.0  1.00000000 -0.00000000i: elastic S-matrix  @@      0.02  0   0 F  0
 Reaction Xsec    73.0-/72 @ 1 =   0.000#, Out:   0.000#   0.000#   0.000f

   S-matrix    2 =    1.00000  -0.00000 for L=   72, J=   72.5 channel on core I =   1.5 from L=   72,  Acc. loss =  0.0 D.
 Elastic phase shift   2 =   -0.000   0.000 deg. for the L =   72, J =   72.5 channel.
0****** WARNING : ACCURACY LOSS IN ERWIN = 14.6 DIGITS, SO EXPECT ERRORS OF   0.0000 % OF UNITARITY

      73.0  1.00000000 -0.00000000i: elastic S-matrix  @@      0.00  0   0 F  0
 Reaction Xsec    73.0-/72 @ 2 =   0.000#, Out:   0.000#   0.000#   0.000f

   S-matrix    3 =    1.00000   0.00000 for L=   74, J=   73.5 channel on core I =   1.5 from L=   74,  Acc. loss =  0.0 D.
 Elastic phase shift   3 =    0.000   0.000 deg. for the L =   74, J =   73.5 channel.
0****** WARNING : ACCURACY LOSS IN ERWIN = 14.3 DIGITS, SO EXPECT ERRORS OF   0.0000 % OF UNITARITY

      73.0  1.00000000  0.00000004i: elastic S-matrix  @@      0.02  0   0 F  0
 Reaction Xsec    73.0-/74 @ 3 =   0.000#, Out:   0.000#   0.000#   0.000f

   S-matrix    4 =    1.00000   0.00000 for L=   74, J=   74.5 channel on core I =   1.5 from L=   74,  Acc. loss =  0.0 D.
 Elastic phase shift   4 =    0.000   0.000 deg. for the L =   74, J =   74.5 channel.
0****** WARNING : ACCURACY LOSS IN ERWIN = 15.1 DIGITS, SO EXPECT ERRORS OF   0.0000 % OF UNITARITY

      73.0  1.00000000  0.00000004i: elastic S-matrix  @@      0.00  0   0 F  0
 Reaction Xsec    73.0-/74 @ 4 =   0.000#, Out:   0.000#   0.000#   0.000f


 Total SPIN, PARITY =    74.0 +,      5 chs,      0 cc.  Rmin & Coul turning =    5.9   19.7
   S-matrix    1 =    1.00000  -0.00000 for L=   73, J=   72.5 channel on core I =   1.5 from L=   73,  Acc. loss =  0.0 D.
 Elastic phase shift   1 =   -0.000   0.000 deg. for the L =   73, J =   72.5 channel.
0****** WARNING : ACCURACY LOSS IN ERWIN = 14.3 DIGITS, SO EXPECT ERRORS OF   0.0000 % OF UNITARITY

      74.0  1.00000000 -0.00000000i: elastic S-matrix  @@      0.02  0   0 F  0
 Reaction Xsec    74.0+/73 @ 1 =   0.000#, Out:   0.000#   0.000#   0.000f

   S-matrix    2 =    1.00000  -0.00000 for L=   73, J=   73.5 channel on core I =   1.5 from L=   73,  Acc. loss =  0.0 D.
 Elastic phase shift   2 =   -0.000   0.000 deg. for the L =   73, J =   73.5 channel.
0****** WARNING : ACCURACY LOSS IN ERWIN = 14.9 DIGITS, SO EXPECT ERRORS OF   0.0000 % OF UNITARITY

      74.0  1.00000000 -0.00000000i: elastic S-matrix  @@      0.00  0   0 F  0
 Reaction Xsec    74.0+/73 @ 2 =   0.000#, Out:   0.000#   0.000#   0.000f

   S-matrix    3 =    1.00000   0.00000 for L=   75, J=   74.5 channel on core I =   1.5 from L=   75,  Acc. loss =  0.0 D.
 Elastic phase shift   3 =    0.000   0.000 deg. for the L =   75, J =   74.5 channel.
0****** WARNING : ACCURACY LOSS IN ERWIN = 15.2 DIGITS, SO EXPECT ERRORS OF   0.0000 % OF UNITARITY

      74.0  1.00000000  0.00000002i: elastic S-matrix  @@      0.02  0   0 F  0
 Reaction Xsec    74.0+/75 @ 3 =   0.000#, Out:   0.000#   0.000#   0.000f

   S-matrix    4 =    1.00000   0.00000 for L=   75, J=   75.5 channel on core I =   1.5 from L=   75,  Acc. loss =  0.0 D.
 Elastic phase shift   4 =    0.000   0.000 deg. for the L =   75, J =   75.5 channel.
0****** WARNING : ACCURACY LOSS IN ERWIN = 14.3 DIGITS, SO EXPECT ERRORS OF   0.0000 % OF UNITARITY

      74.0  1.00000000  0.00000002i: elastic S-matrix  @@      0.00  0   0 F  0
 Reaction Xsec    74.0+/75 @ 4 =   0.000#, Out:   0.000#   0.000#   0.000f


 Total SPIN, PARITY =    74.0 -,      4 chs,      0 cc.  Rmin & Coul turning =    5.9   19.7
   S-matrix    1 =    1.00000  -0.00000 for L=   72, J=   72.5 channel on core I =   1.5 from L=   72,  Acc. loss =  0.0 D.
 Elastic phase shift   1 =   -0.000   0.000 deg. for the L =   72, J =   72.5 channel.
      74.0  1.00000000 -0.00000000i: elastic S-matrix  @@      0.00  0   0 F  0
 Reaction Xsec    74.0-/72 @ 1 =   0.000#, Out:   0.000#   0.000#   0.000f

   S-matrix    2 =    1.00000   0.00000 for L=   74, J=   73.5 channel on core I =   1.5 from L=   74,  Acc. loss =  0.0 D.
 Elastic phase shift   2 =    0.000   0.000 deg. for the L =   74, J =   73.5 channel.
      74.0  1.00000000  0.00000004i: elastic S-matrix  @@      0.00  0   0 F  0
 Reaction Xsec    74.0-/74 @ 2 =   0.000#, Out:   0.000#   0.000#   0.000f

   S-matrix    3 =    1.00000   0.00000 for L=   74, J=   74.5 channel on core I =   1.5 from L=   74,  Acc. loss =  0.0 D.
 Elastic phase shift   3 =    0.000   0.000 deg. for the L =   74, J =   74.5 channel.
      74.0  1.00000000  0.00000004i: elastic S-matrix  @@      0.00  0   0 F  0
 Reaction Xsec    74.0-/74 @ 3 =   0.000#, Out:   0.000#   0.000#   0.000f

   S-matrix    4 =    1.00000  -0.00000 for L=   76, J=   75.5 channel on core I =   1.5 from L=   76,  Acc. loss =  0.0 D.
 Elastic phase shift   4 =   -0.000   0.000 deg. for the L =   76, J =   75.5 channel.
      74.0  1.00000000 -0.00000003i: elastic S-matrix  @@      0.00  0   0 F  0
 Reaction Xsec    74.0-/76 @ 4 =   0.000#, Out:   0.000#   0.000#   0.000f


 Total SPIN, PARITY =    75.0 +,      4 chs,      0 cc.  Rmin & Coul turning =    6.0   20.0
   S-matrix    1 =    1.00000  -0.00000 for L=   73, J=   73.5 channel on core I =   1.5 from L=   73,  Acc. loss =  0.0 D.
 Elastic phase shift   1 =   -0.000   0.000 deg. for the L =   73, J =   73.5 channel.
      75.0  1.00000000 -0.00000000i: elastic S-matrix  @@      0.00  0   0 F  0
 Reaction Xsec    75.0+/73 @ 1 =   0.000#, Out:   0.000#   0.000#   0.000f

   S-matrix    2 =    1.00000   0.00000 for L=   75, J=   74.5 channel on core I =   1.5 from L=   75,  Acc. loss =  0.0 D.
 Elastic phase shift   2 =    0.000   0.000 deg. for the L =   75, J =   74.5 channel.
      75.0  1.00000000  0.00000002i: elastic S-matrix  @@      0.00  0   0 F  0
 Reaction Xsec    75.0+/75 @ 2 =   0.000#, Out:   0.000#   0.000#   0.000f

   S-matrix    3 =    1.00000   0.00000 for L=   75, J=   75.5 channel on core I =   1.5 from L=   75,  Acc. loss =  0.0 D.
 Elastic phase shift   3 =    0.000   0.000 deg. for the L =   75, J =   75.5 channel.
      75.0  1.00000000  0.00000002i: elastic S-matrix  @@      0.00  0   0 F  0
 Reaction Xsec    75.0+/75 @ 3 =   0.000#, Out:   0.000#   0.000#   0.000f

   S-matrix    4 =    1.00000  -0.00000 for L=   77, J=   76.5 channel on core I =   1.5 from L=   77,  Acc. loss =  0.0 D.
 Elastic phase shift   4 =   -0.000   0.000 deg. for the L =   77, J =   76.5 channel.
      75.0  1.00000000 -0.00000001i: elastic S-matrix  @@      0.00  0   0 F  0
 Reaction Xsec    75.0+/77 @ 4 =   0.000#, Out:   0.000#   0.000#   0.000f


 Total SPIN, PARITY =    75.0 -,      5 chs,      0 cc.  Rmin & Coul turning =    6.0   20.0
   S-matrix    1 =    1.00000   0.00000 for L=   74, J=   73.5 channel on core I =   1.5 from L=   74,  Acc. loss =  0.0 D.
 Elastic phase shift   1 =    0.000   0.000 deg. for the L =   74, J =   73.5 channel.
      75.0  1.00000000  0.00000004i: elastic S-matrix  @@      0.02  0   0 F  0
 Reaction Xsec    75.0-/74 @ 1 =   0.000#, Out:   0.000#   0.000#   0.000f

   S-matrix    2 =    1.00000   0.00000 for L=   74, J=   74.5 channel on core I =   1.5 from L=   74,  Acc. loss =  0.0 D.
 Elastic phase shift   2 =    0.000   0.000 deg. for the L =   74, J =   74.5 channel.
      75.0  1.00000000  0.00000004i: elastic S-matrix  @@      0.00  0   0 F  0
 Reaction Xsec    75.0-/74 @ 2 =   0.000#, Out:   0.000#   0.000#   0.000f

   S-matrix    3 =    1.00000  -0.00000 for L=   76, J=   75.5 channel on core I =   1.5 from L=   76,  Acc. loss =  0.0 D.
 Elastic phase shift   3 =   -0.000   0.000 deg. for the L =   76, J =   75.5 channel.
      75.0  1.00000000 -0.00000003i: elastic S-matrix  @@      0.02  0   0 F  0
 Reaction Xsec    75.0-/76 @ 3 =   0.000#, Out:   0.000#   0.000#   0.000f

   S-matrix    4 =    1.00000  -0.00000 for L=   76, J=   76.5 channel on core I =   1.5 from L=   76,  Acc. loss =  0.0 D.
 Elastic phase shift   4 =   -0.000   0.000 deg. for the L =   76, J =   76.5 channel.
      75.0  1.00000000 -0.00000003i: elastic S-matrix  @@      0.00  0   0 F  0
 Reaction Xsec    75.0-/76 @ 4 =   0.000#, Out:   0.000#   0.000#   0.000f


 Total SPIN, PARITY =    76.0 +,      5 chs,      0 cc.  Rmin & Coul turning =    6.1   20.2
   S-matrix    1 =    1.00000   0.00000 for L=   75, J=   74.5 channel on core I =   1.5 from L=   75,  Acc. loss =  0.0 D.
 Elastic phase shift   1 =    0.000   0.000 deg. for the L =   75, J =   74.5 channel.
0****** WARNING : ACCURACY LOSS IN ERWIN = 15.5 DIGITS, SO EXPECT ERRORS OF   0.0000 % OF UNITARITY

      76.0  1.00000000  0.00000002i: elastic S-matrix  @@      0.02  0   0 F  0
 Reaction Xsec    76.0+/75 @ 1 =   0.000#, Out:   0.000#   0.000#   0.000f

   S-matrix    2 =    1.00000   0.00000 for L=   75, J=   75.5 channel on core I =   1.5 from L=   75,  Acc. loss =  0.0 D.
 Elastic phase shift   2 =    0.000   0.000 deg. for the L =   75, J =   75.5 channel.
0****** WARNING : ACCURACY LOSS IN ERWIN = 14.3 DIGITS, SO EXPECT ERRORS OF   0.0000 % OF UNITARITY

      76.0  1.00000000  0.00000002i: elastic S-matrix  @@      0.00  0   0 F  0
 Reaction Xsec    76.0+/75 @ 2 =   0.000#, Out:   0.000#   0.000#   0.000f

   S-matrix    3 =    1.00000  -0.00000 for L=   77, J=   76.5 channel on core I =   1.5 from L=   77,  Acc. loss =  0.0 D.
 Elastic phase shift   3 =   -0.000   0.000 deg. for the L =   77, J =   76.5 channel.
0****** WARNING : ACCURACY LOSS IN ERWIN = 14.4 DIGITS, SO EXPECT ERRORS OF   0.0000 % OF UNITARITY

      76.0  1.00000000 -0.00000001i: elastic S-matrix  @@      0.00  0   0 F  0
 Reaction Xsec    76.0+/77 @ 3 =   0.000#, Out:   0.000#   0.000#   0.000f

   S-matrix    4 =    1.00000  -0.00000 for L=   77, J=   77.5 channel on core I =   1.5 from L=   77,  Acc. loss =  0.0 D.
 Elastic phase shift   4 =   -0.000   0.000 deg. for the L =   77, J =   77.5 channel.
0****** WARNING : ACCURACY LOSS IN ERWIN = 14.2 DIGITS, SO EXPECT ERRORS OF   0.0000 % OF UNITARITY

      76.0  1.00000000 -0.00000001i: elastic S-matrix  @@      0.02  0   0 F  0
 Reaction Xsec    76.0+/77 @ 4 =   0.000#, Out:   0.000#   0.000#   0.000f


 Total SPIN, PARITY =    76.0 -,      4 chs,      0 cc.  Rmin & Coul turning =    6.1   20.2
   S-matrix    1 =    1.00000   0.00000 for L=   74, J=   74.5 channel on core I =   1.5 from L=   74,  Acc. loss =  0.0 D.
 Elastic phase shift   1 =    0.000   0.000 deg. for the L =   74, J =   74.5 channel.
      76.0  1.00000000  0.00000004i: elastic S-matrix  @@      0.00  0   0 F  0
 Reaction Xsec    76.0-/74 @ 1 =   0.000#, Out:   0.000#   0.000#   0.000f

   S-matrix    2 =    1.00000  -0.00000 for L=   76, J=   75.5 channel on core I =   1.5 from L=   76,  Acc. loss =  0.0 D.
 Elastic phase shift   2 =   -0.000   0.000 deg. for the L =   76, J =   75.5 channel.
      76.0  1.00000000 -0.00000003i: elastic S-matrix  @@      0.00  0   0 F  0
 Reaction Xsec    76.0-/76 @ 2 =   0.000#, Out:   0.000#   0.000#   0.000f

   S-matrix    3 =    1.00000  -0.00000 for L=   76, J=   76.5 channel on core I =   1.5 from L=   76,  Acc. loss =  0.0 D.
 Elastic phase shift   3 =   -0.000   0.000 deg. for the L =   76, J =   76.5 channel.
      76.0  1.00000000 -0.00000003i: elastic S-matrix  @@      0.00  0   0 F  0
 Reaction Xsec    76.0-/76 @ 3 =   0.000#, Out:   0.000#   0.000#   0.000f

   S-matrix    4 =    1.00000   0.00000 for L=   78, J=   77.5 channel on core I =   1.5 from L=   78,  Acc. loss =  0.0 D.
 Elastic phase shift   4 =    0.000   0.000 deg. for the L =   78, J =   77.5 channel.
      76.0  1.00000000  0.00000003i: elastic S-matrix  @@      0.00  0   0 F  0
 Reaction Xsec    76.0-/78 @ 4 =   0.000#, Out:   0.000#   0.000#   0.000f


 Total SPIN, PARITY =    77.0 +,      4 chs,      0 cc.  Rmin & Coul turning =    6.2   20.5
   S-matrix    1 =    1.00000   0.00000 for L=   75, J=   75.5 channel on core I =   1.5 from L=   75,  Acc. loss =  0.0 D.
 Elastic phase shift   1 =    0.000   0.000 deg. for the L =   75, J =   75.5 channel.
      77.0  1.00000000  0.00000002i: elastic S-matrix  @@      0.00  0   0 F  0
 Reaction Xsec    77.0+/75 @ 1 =   0.000#, Out:   0.000#   0.000#   0.000f

   S-matrix    2 =    1.00000  -0.00000 for L=   77, J=   76.5 channel on core I =   1.5 from L=   77,  Acc. loss =  0.0 D.
 Elastic phase shift   2 =   -0.000   0.000 deg. for the L =   77, J =   76.5 channel.
      77.0  1.00000000 -0.00000001i: elastic S-matrix  @@      0.00  0   0 F  0
 Reaction Xsec    77.0+/77 @ 2 =   0.000#, Out:   0.000#   0.000#   0.000f

   S-matrix    3 =    1.00000  -0.00000 for L=   77, J=   77.5 channel on core I =   1.5 from L=   77,  Acc. loss =  0.0 D.
 Elastic phase shift   3 =   -0.000   0.000 deg. for the L =   77, J =   77.5 channel.
      77.0  1.00000000 -0.00000001i: elastic S-matrix  @@      0.00  0   0 F  0
 Reaction Xsec    77.0+/77 @ 3 =   0.000#, Out:   0.000#   0.000#   0.000f

   S-matrix    4 =    1.00000  -0.00000 for L=   79, J=   78.5 channel on core I =   1.5 from L=   79,  Acc. loss =  0.0 D.
 Elastic phase shift   4 =   -0.000   0.000 deg. for the L =   79, J =   78.5 channel.
      77.0  1.00000000 -0.00000001i: elastic S-matrix  @@      0.00  0   0 F  0
 Reaction Xsec    77.0+/79 @ 4 =   0.000#, Out:   0.000#   0.000#   0.000f


 Total SPIN, PARITY =    77.0 -,      5 chs,      0 cc.  Rmin & Coul turning =    6.2   20.5
   S-matrix    1 =    1.00000  -0.00000 for L=   76, J=   75.5 channel on core I =   1.5 from L=   76,  Acc. loss =  0.0 D.
 Elastic phase shift   1 =   -0.000   0.000 deg. for the L =   76, J =   75.5 channel.
0****** WARNING : ACCURACY LOSS IN ERWIN = 14.8 DIGITS, SO EXPECT ERRORS OF   0.0000 % OF UNITARITY

      77.0  1.00000000 -0.00000003i: elastic S-matrix  @@      0.02  0   0 F  0
 Reaction Xsec    77.0-/76 @ 1 =   0.000#, Out:   0.000#   0.000#   0.000f

   S-matrix    2 =    1.00000  -0.00000 for L=   76, J=   76.5 channel on core I =   1.5 from L=   76,  Acc. loss =  0.0 D.
 Elastic phase shift   2 =   -0.000   0.000 deg. for the L =   76, J =   76.5 channel.
0****** WARNING : ACCURACY LOSS IN ERWIN = 14.9 DIGITS, SO EXPECT ERRORS OF   0.0000 % OF UNITARITY

      77.0  1.00000000 -0.00000003i: elastic S-matrix  @@      0.00  0   0 F  0
 Reaction Xsec    77.0-/76 @ 2 =   0.000#, Out:   0.000#   0.000#   0.000f

   S-matrix    3 =    1.00000   0.00000 for L=   78, J=   77.5 channel on core I =   1.5 from L=   78,  Acc. loss =  0.0 D.
 Elastic phase shift   3 =    0.000   0.000 deg. for the L =   78, J =   77.5 channel.
      77.0  1.00000000  0.00000003i: elastic S-matrix  @@      0.00  0   0 F  0
 Reaction Xsec    77.0-/78 @ 3 =   0.000#, Out:   0.000#   0.000#   0.000f

   S-matrix    4 =    1.00000   0.00000 for L=   78, J=   78.5 channel on core I =   1.5 from L=   78,  Acc. loss =  0.0 D.
 Elastic phase shift   4 =    0.000   0.000 deg. for the L =   78, J =   78.5 channel.
      77.0  1.00000000  0.00000003i: elastic S-matrix  @@      0.00  0   0 F  0
 Reaction Xsec    77.0-/78 @ 4 =   0.000#, Out:   0.000#   0.000#   0.000f


 Total SPIN, PARITY =    78.0 +,      5 chs,      0 cc.  Rmin & Coul turning =    6.2   20.8
   S-matrix    1 =    1.00000  -0.00000 for L=   77, J=   76.5 channel on core I =   1.5 from L=   77,  Acc. loss =  0.0 D.
 Elastic phase shift   1 =   -0.000   0.000 deg. for the L =   77, J =   76.5 channel.
      78.0  1.00000000 -0.00000001i: elastic S-matrix  @@      0.02  0   0 F  0
 Reaction Xsec    78.0+/77 @ 1 =   0.000#, Out:   0.000#   0.000#   0.000f

   S-matrix    2 =    1.00000  -0.00000 for L=   77, J=   77.5 channel on core I =   1.5 from L=   77,  Acc. loss =  0.0 D.
 Elastic phase shift   2 =   -0.000   0.000 deg. for the L =   77, J =   77.5 channel.
      78.0  1.00000000 -0.00000001i: elastic S-matrix  @@      0.02  0   0 F  0
 Reaction Xsec    78.0+/77 @ 2 =   0.000#, Out:   0.000#   0.000#   0.000f

   S-matrix    3 =    1.00000  -0.00000 for L=   79, J=   78.5 channel on core I =   1.5 from L=   79,  Acc. loss =  0.0 D.
 Elastic phase shift   3 =   -0.000   0.000 deg. for the L =   79, J =   78.5 channel.
      78.0  1.00000000 -0.00000001i: elastic S-matrix  @@      0.00  0   0 F  0
 Reaction Xsec    78.0+/79 @ 3 =   0.000#, Out:   0.000#   0.000#   0.000f

   S-matrix    4 =    1.00000  -0.00000 for L=   79, J=   79.5 channel on core I =   1.5 from L=   79,  Acc. loss =  0.0 D.
 Elastic phase shift   4 =   -0.000   0.000 deg. for the L =   79, J =   79.5 channel.
      78.0  1.00000000 -0.00000001i: elastic S-matrix  @@      0.00  0   0 F  0
 Reaction Xsec    78.0+/79 @ 4 =   0.000#, Out:   0.000#   0.000#   0.000f


 Total SPIN, PARITY =    78.0 -,      4 chs,      0 cc.  Rmin & Coul turning =    6.2   20.8
   S-matrix    1 =    1.00000  -0.00000 for L=   76, J=   76.5 channel on core I =   1.5 from L=   76,  Acc. loss =  0.0 D.
 Elastic phase shift   1 =   -0.000   0.000 deg. for the L =   76, J =   76.5 channel.
      78.0  1.00000000 -0.00000003i: elastic S-matrix  @@      0.00  0   0 F  0
 Reaction Xsec    78.0-/76 @ 1 =   0.000#, Out:   0.000#   0.000#   0.000f

   S-matrix    2 =    1.00000   0.00000 for L=   78, J=   77.5 channel on core I =   1.5 from L=   78,  Acc. loss =  0.0 D.
 Elastic phase shift   2 =    0.000   0.000 deg. for the L =   78, J =   77.5 channel.
      78.0  1.00000000  0.00000003i: elastic S-matrix  @@      0.00  0   0 F  0
 Reaction Xsec    78.0-/78 @ 2 =   0.000#, Out:   0.000#   0.000#   0.000f

   S-matrix    3 =    1.00000   0.00000 for L=   78, J=   78.5 channel on core I =   1.5 from L=   78,  Acc. loss =  0.0 D.
 Elastic phase shift   3 =    0.000   0.000 deg. for the L =   78, J =   78.5 channel.
      78.0  1.00000000  0.00000003i: elastic S-matrix  @@      0.00  0   0 F  0
 Reaction Xsec    78.0-/78 @ 3 =   0.000#, Out:   0.000#   0.000#   0.000f

   S-matrix    4 =    1.00000  -0.00000 for L=   80, J=   79.5 channel on core I =   1.5 from L=   80,  Acc. loss =  0.0 D.
 Elastic phase shift   4 =   -0.000   0.000 deg. for the L =   80, J =   79.5 channel.
      78.0  1.00000000 -0.00000006i: elastic S-matrix  @@      0.00  0   0 F  0
 Reaction Xsec    78.0-/80 @ 4 =   0.000#, Out:   0.000#   0.000#   0.000f


 Total SPIN, PARITY =    79.0 +,      4 chs,      0 cc.  Rmin & Coul turning =    6.3   21.0
   S-matrix    1 =    1.00000  -0.00000 for L=   77, J=   77.5 channel on core I =   1.5 from L=   77,  Acc. loss =  0.0 D.
 Elastic phase shift   1 =   -0.000   0.000 deg. for the L =   77, J =   77.5 channel.
      79.0  1.00000000 -0.00000001i: elastic S-matrix  @@      0.00  0   0 F  0
 Reaction Xsec    79.0+/77 @ 1 =   0.000#, Out:   0.000#   0.000#   0.000f

   S-matrix    2 =    1.00000  -0.00000 for L=   79, J=   78.5 channel on core I =   1.5 from L=   79,  Acc. loss =  0.0 D.
 Elastic phase shift   2 =   -0.000   0.000 deg. for the L =   79, J =   78.5 channel.
      79.0  1.00000000 -0.00000001i: elastic S-matrix  @@      0.00  0   0 F  0
 Reaction Xsec    79.0+/79 @ 2 =   0.000#, Out:   0.000#   0.000#   0.000f

   S-matrix    3 =    1.00000  -0.00000 for L=   79, J=   79.5 channel on core I =   1.5 from L=   79,  Acc. loss =  0.0 D.
 Elastic phase shift   3 =   -0.000   0.000 deg. for the L =   79, J =   79.5 channel.
      79.0  1.00000000 -0.00000001i: elastic S-matrix  @@      0.00  0   0 F  0
 Reaction Xsec    79.0+/79 @ 3 =   0.000#, Out:   0.000#   0.000#   0.000f

   S-matrix    4 =    1.00000  -0.00000 for L=   81, J=   80.5 channel on core I =   1.5 from L=   81,  Acc. loss =  0.0 D.
 Elastic phase shift   4 =   -0.000   0.000 deg. for the L =   81, J =   80.5 channel.
      79.0  1.00000000 -0.00000003i: elastic S-matrix  @@      0.00  0   0 F  0
 Reaction Xsec    79.0+/81 @ 4 =   0.000#, Out:   0.000#   0.000#   0.000f


 Total SPIN, PARITY =    79.0 -,      5 chs,      0 cc.  Rmin & Coul turning =    6.3   21.0
   S-matrix    1 =    1.00000   0.00000 for L=   78, J=   77.5 channel on core I =   1.5 from L=   78,  Acc. loss =  0.0 D.
 Elastic phase shift   1 =    0.000   0.000 deg. for the L =   78, J =   77.5 channel.
0****** WARNING : ACCURACY LOSS IN ERWIN = 15.1 DIGITS, SO EXPECT ERRORS OF   0.0000 % OF UNITARITY

      79.0  1.00000000  0.00000003i: elastic S-matrix  @@      0.02  0   0 F  0
 Reaction Xsec    79.0-/78 @ 1 =   0.000#, Out:   0.000#   0.000#   0.000f

   S-matrix    2 =    1.00000   0.00000 for L=   78, J=   78.5 channel on core I =   1.5 from L=   78,  Acc. loss =  0.0 D.
 Elastic phase shift   2 =    0.000   0.000 deg. for the L =   78, J =   78.5 channel.
0****** WARNING : ACCURACY LOSS IN ERWIN = 15.4 DIGITS, SO EXPECT ERRORS OF   0.0000 % OF UNITARITY

      79.0  1.00000000  0.00000003i: elastic S-matrix  @@      0.02  0   0 F  0
 Reaction Xsec    79.0-/78 @ 2 =   0.000#, Out:   0.000#   0.000#   0.000f

   S-matrix    3 =    1.00000  -0.00000 for L=   80, J=   79.5 channel on core I =   1.5 from L=   80,  Acc. loss =  0.0 D.
 Elastic phase shift   3 =   -0.000   0.000 deg. for the L =   80, J =   79.5 channel.
0****** WARNING : ACCURACY LOSS IN ERWIN = 14.5 DIGITS, SO EXPECT ERRORS OF   0.0000 % OF UNITARITY

      79.0  1.00000000 -0.00000006i: elastic S-matrix  @@      0.00  0   0 F  0
 Reaction Xsec    79.0-/80 @ 3 =   0.000#, Out:   0.000#   0.000#   0.000f

   S-matrix    4 =    1.00000  -0.00000 for L=   80, J=   80.5 channel on core I =   1.5 from L=   80,  Acc. loss =  0.0 D.
 Elastic phase shift   4 =   -0.000   0.000 deg. for the L =   80, J =   80.5 channel.
0****** WARNING : ACCURACY LOSS IN ERWIN = 14.7 DIGITS, SO EXPECT ERRORS OF   0.0000 % OF UNITARITY

      79.0  1.00000000 -0.00000006i: elastic S-matrix  @@      0.00  0   0 F  0
 Reaction Xsec    79.0-/80 @ 4 =   0.000#, Out:   0.000#   0.000#   0.000f


 Total SPIN, PARITY =    80.0 +,      5 chs,      0 cc.  Rmin & Coul turning =    6.4   21.3
   S-matrix    1 =    1.00000  -0.00000 for L=   79, J=   78.5 channel on core I =   1.5 from L=   79,  Acc. loss =  0.0 D.
 Elastic phase shift   1 =   -0.000   0.000 deg. for the L =   79, J =   78.5 channel.
0****** WARNING : ACCURACY LOSS IN ERWIN = 14.7 DIGITS, SO EXPECT ERRORS OF   0.0000 % OF UNITARITY

      80.0  1.00000000 -0.00000001i: elastic S-matrix  @@      0.02  0   0 F  0
 Reaction Xsec    80.0+/79 @ 1 =   0.000#, Out:   0.000#   0.000#   0.000f

   S-matrix    2 =    1.00000  -0.00000 for L=   79, J=   79.5 channel on core I =   1.5 from L=   79,  Acc. loss =  0.0 D.
 Elastic phase shift   2 =   -0.000   0.000 deg. for the L =   79, J =   79.5 channel.
0****** WARNING : ACCURACY LOSS IN ERWIN = 15.1 DIGITS, SO EXPECT ERRORS OF   0.0000 % OF UNITARITY

      80.0  1.00000000 -0.00000001i: elastic S-matrix  @@      0.02  0   0 F  0
 Reaction Xsec    80.0+/79 @ 2 =   0.000#, Out:   0.000#   0.000#   0.000f

   S-matrix    3 =    1.00000  -0.00000 for L=   81, J=   80.5 channel on core I =   1.5 from L=   81,  Acc. loss =  0.0 D.
 Elastic phase shift   3 =   -0.000   0.000 deg. for the L =   81, J =   80.5 channel.
0****** WARNING : ACCURACY LOSS IN ERWIN = 14.9 DIGITS, SO EXPECT ERRORS OF   0.0000 % OF UNITARITY

      80.0  1.00000000 -0.00000003i: elastic S-matrix  @@      0.00  0   0 F  0
 Reaction Xsec    80.0+/81 @ 3 =   0.000#, Out:   0.000#   0.000#   0.000f

   S-matrix    4 =    1.00000  -0.00000 for L=   81, J=   81.5 channel on core I =   1.5 from L=   81,  Acc. loss =  0.0 D.
 Elastic phase shift   4 =   -0.000   0.000 deg. for the L =   81, J =   81.5 channel.
0****** WARNING : ACCURACY LOSS IN ERWIN = 14.3 DIGITS, SO EXPECT ERRORS OF   0.0000 % OF UNITARITY

      80.0  1.00000000 -0.00000003i: elastic S-matrix  @@      0.02  0   0 F  0
 Reaction Xsec    80.0+/81 @ 4 =   0.000#, Out:   0.000#   0.000#   0.000f


 Total SPIN, PARITY =    80.0 -,      4 chs,      0 cc.  Rmin & Coul turning =    6.4   21.3
   S-matrix    1 =    1.00000   0.00000 for L=   78, J=   78.5 channel on core I =   1.5 from L=   78,  Acc. loss =  0.0 D.
 Elastic phase shift   1 =    0.000   0.000 deg. for the L =   78, J =   78.5 channel.
      80.0  1.00000000  0.00000003i: elastic S-matrix  @@      0.00  0   0 F  0
 Reaction Xsec    80.0-/78 @ 1 =   0.000#, Out:   0.000#   0.000#   0.000f

   S-matrix    2 =    1.00000  -0.00000 for L=   80, J=   79.5 channel on core I =   1.5 from L=   80,  Acc. loss =  0.0 D.
 Elastic phase shift   2 =   -0.000   0.000 deg. for the L =   80, J =   79.5 channel.
      80.0  1.00000000 -0.00000006i: elastic S-matrix  @@      0.00  0   0 F  0
 Reaction Xsec    80.0-/80 @ 2 =   0.000#, Out:   0.000#   0.000#   0.000f

   S-matrix    3 =    1.00000  -0.00000 for L=   80, J=   80.5 channel on core I =   1.5 from L=   80,  Acc. loss =  0.0 D.
 Elastic phase shift   3 =   -0.000   0.000 deg. for the L =   80, J =   80.5 channel.
      80.0  1.00000000 -0.00000006i: elastic S-matrix  @@      0.00  0   0 F  0
 Reaction Xsec    80.0-/80 @ 3 =   0.000#, Out:   0.000#   0.000#   0.000f

   S-matrix    4 =    1.00000   0.00000 for L=   82, J=   81.5 channel on core I =   1.5 from L=   82,  Acc. loss =  0.0 D.
 Elastic phase shift   4 =    0.000   0.000 deg. for the L =   82, J =   81.5 channel.
      80.0  1.00000000  0.00000001i: elastic S-matrix  @@      0.00  0   0 F  0
 Reaction Xsec    80.0-/82 @ 4 =   0.000#, Out:   0.000#   0.000#   0.000f

 Finished all CC sets @    3.06250000    
0CUMULATIVE REACTION cross section                 =  281.24284  <L> =    12.46  <L**2> =    177.4
0CUMULATIVE outgoing cross sections in partition 1 :    0.00000
0CUMULATIVE outgoing cross sections in partition 2 :  8.862E-05
0Cumulative ABSORBTION by Imaginary Potentials     =  281.24275  <L> =    12.46  <L**2> =    177.4
   Fusion for specific p        M-states :  282.729556  282.729556
0CUMULATIVE OUTGOING cross section                 =    0.00009
 To convert to S-factors (MeV.mb = keV.b),  multiply by  3.6100E+02


 CROSS SECTIONS FOR OUTGOING p        & 7Li      in state #   1 with spins & parities 0.5  + &  1.5  -;  0

     0.01 deg.: X-S =   1.7257E+12 mb/sr,
+                                         /R =   9.9986E-01
     1.00 deg.: X-S =  8466.871747 mb/sr,
+                                         /R =   4.9055E-01
     2.00 deg.: X-S =  7168.400139 mb/sr,
+                                         /R =   6.6441E+00
     3.00 deg.: X-S =  8106.841863 mb/sr,
+                                         /R =   3.8030E+01
     4.00 deg.: X-S =  7679.696009 mb/sr,
+                                         /R =   1.1382E+02
     5.00 deg.: X-S =  6699.559553 mb/sr,
+                                         /R =   2.4230E+02
     6.00 deg.: X-S =  5519.115758 mb/sr,
+                                         /R =   4.1368E+02
     7.00 deg.: X-S =  4327.552055 mb/sr,
+                                         /R =   6.0053E+02
     8.00 deg.: X-S =  3237.398771 mb/sr,
+                                         /R =   7.6582E+02
     9.00 deg.: X-S =  2311.009498 mb/sr,
+                                         /R =   8.7492E+02
    10.00 deg.: X-S =  1572.960604 mb/sr,
+                                         /R =   9.0677E+02
    11.00 deg.: X-S =  1019.927815 mb/sr,
+                                         /R =   8.5991E+02
    12.00 deg.: X-S =   630.231321 mb/sr,
+                                         /R =   7.5168E+02
    13.00 deg.: X-S =   372.651403 mb/sr,
+                                         /R =   6.1141E+02
    14.00 deg.: X-S =   213.668155 mb/sr,
+                                         /R =   4.7088E+02
    15.00 deg.: X-S =   122.566524 mb/sr,
+                                         /R =   3.5543E+02
    16.00 deg.: X-S =    74.316929 mb/sr,
+                                         /R =   2.7855E+02
    17.00 deg.: X-S =    50.540168 mb/sr,
+                                         /R =   2.4101E+02
    18.00 deg.: X-S =    39.095164 mb/sr,
+                                         /R =   2.3391E+02
    19.00 deg.: X-S =    32.882077 mb/sr,
+                                         /R =   2.4378E+02
    20.00 deg.: X-S =    28.374920 mb/sr,
+                                         /R =   2.5776E+02
    21.00 deg.: X-S =    24.248575 mb/sr,
+                                         /R =   2.6718E+02
    22.00 deg.: X-S =    20.301477 mb/sr,
+                                         /R =   2.6885E+02
    23.00 deg.: X-S =    16.736142 mb/sr,
+                                         /R =   2.6416E+02
    24.00 deg.: X-S =    13.764319 mb/sr,
+                                         /R =   2.5696E+02
    25.00 deg.: X-S =    11.454219 mb/sr,
+                                         /R =   2.5113E+02
    26.00 deg.: X-S =     9.725784 mb/sr,
+                                         /R =   2.4881E+02
    27.00 deg.: X-S =     8.413024 mb/sr,
+                                         /R =   2.4962E+02
    28.00 deg.: X-S =     7.336988 mb/sr,
+                                         /R =   2.5108E+02
    29.00 deg.: X-S =     6.358733 mb/sr,
+                                         /R =   2.4967E+02
    30.00 deg.: X-S =     5.402607 mb/sr,
+                                         /R =   2.4220E+02
    31.00 deg.: X-S =     4.453630 mb/sr,
+                                         /R =   2.2694E+02
    32.00 deg.: X-S =     3.538934 mb/sr,
+                                         /R =   2.0409E+02
    33.00 deg.: X-S =     2.703952 mb/sr,
+                                         /R =   1.7578E+02
    34.00 deg.: X-S =     1.991525 mb/sr,
+                                         /R =   1.4539E+02
    35.00 deg.: X-S =     1.428362 mb/sr,
+                                         /R =   1.1668E+02
    36.00 deg.: X-S =     1.019852 mb/sr,
+                                         /R =   9.2909E+01
    37.00 deg.: X-S =     0.751772 mb/sr,
+                                         /R =   7.6135E+01
    38.00 deg.: X-S =     0.596284 mb/sr,
+                                         /R =   6.6929E+01
    39.00 deg.: X-S =     0.519474 mb/sr,
+                                         /R =   6.4437E+01
    40.00 deg.: X-S =     0.488244 mb/sr,
+                                         /R =   6.6748E+01
    41.00 deg.: X-S =     0.475259 mb/sr,
+                                         /R =   7.1421E+01
    42.00 deg.: X-S =     0.461474 mb/sr,
+                                         /R =   7.6043E+01
    43.00 deg.: X-S =     0.436476 mb/sr,
+                                         /R =   7.8678E+01
    44.00 deg.: X-S =     0.397222 mb/sr,
+                                         /R =   7.8150E+01
    45.00 deg.: X-S =     0.345911 mb/sr,
+                                         /R =   7.4117E+01
    46.00 deg.: X-S =     0.287647 mb/sr,
+                                         /R =   6.6983E+01
    47.00 deg.: X-S =     0.228384 mb/sr,
+                                         /R =   5.7684E+01
    48.00 deg.: X-S =     0.173416 mb/sr,
+                                         /R =   4.7417E+01
    49.00 deg.: X-S =     0.126511 mb/sr,
+                                         /R =   3.7379E+01
    50.00 deg.: X-S =     0.089613 mb/sr,
+                                         /R =   2.8560E+01
    51.00 deg.: X-S =     0.062971 mb/sr,
+                                         /R =   2.1611E+01
    52.00 deg.: X-S =     0.045539 mb/sr,
+                                         /R =   1.6801E+01
    53.00 deg.: X-S =     0.035473 mb/sr,
+                                         /R =   1.4048E+01
    54.00 deg.: X-S =     0.030621 mb/sr,
+                                         /R =   1.2996E+01
    55.00 deg.: X-S =     0.028909 mb/sr,
+                                         /R =   1.3130E+01
    56.00 deg.: X-S =     0.028608 mb/sr,
+                                         /R =   1.3884E+01
    57.00 deg.: X-S =     0.028465 mb/sr,
+                                         /R =   1.4742E+01
    58.00 deg.: X-S =     0.027722 mb/sr,
+                                         /R =   1.5300E+01
    59.00 deg.: X-S =     0.026064 mb/sr,
+                                         /R =   1.5310E+01
    60.00 deg.: X-S =     0.023509 mb/sr,
+                                         /R =   1.4680E+01
    61.00 deg.: X-S =     0.020293 mb/sr,
+                                         /R =   1.3453E+01
    62.00 deg.: X-S =     0.016750 mb/sr,
+                                         /R =   1.1775E+01
    63.00 deg.: X-S =     0.013226 mb/sr,
+                                         /R =   9.8485E+00
    64.00 deg.: X-S =     0.010011 mb/sr,
+                                         /R =   7.8868E+00
    65.00 deg.: X-S =     0.007303 mb/sr,
+                                         /R =   6.0806E+00
    66.00 deg.: X-S =     0.005201 mb/sr,
+                                         /R =   4.5719E+00
    67.00 deg.: X-S =     0.003711 mb/sr,
+                                         /R =   3.4408E+00
    68.00 deg.: X-S =     0.002769 mb/sr,
+                                         /R =   2.7052E+00
    69.00 deg.: X-S =     0.002265 mb/sr,
+                                         /R =   2.3292E+00
    70.00 deg.: X-S =     0.002070 mb/sr,
+                                         /R =   2.2382E+00
    71.00 deg.: X-S =     0.002057 mb/sr,
+                                         /R =   2.3365E+00
    72.00 deg.: X-S =     0.002117 mb/sr,
+                                         /R =   2.5250E+00
    73.00 deg.: X-S =     0.002172 mb/sr,
+                                         /R =   2.7159E+00
    74.00 deg.: X-S =     0.002169 mb/sr,
+                                         /R =   2.8422E+00
    75.00 deg.: X-S =     0.002087 mb/sr,
+                                         /R =   2.8633E+00
    76.00 deg.: X-S =     0.001926 mb/sr,
+                                         /R =   2.7649E+00
    77.00 deg.: X-S =     0.001703 mb/sr,
+                                         /R =   2.5556E+00
    78.00 deg.: X-S =     0.001443 mb/sr,
+                                         /R =   2.2611E+00
    79.00 deg.: X-S =     0.001172 mb/sr,
+                                         /R =   1.9163E+00
    80.00 deg.: X-S =     0.000914 mb/sr,
+                                         /R =   1.5585E+00
    81.00 deg.: X-S =     0.000687 mb/sr,
+                                         /R =   1.2213E+00
    82.00 deg.: X-S =     0.000503 mb/sr,
+                                         /R =   9.3089E-01
    83.00 deg.: X-S =     0.000365 mb/sr,
+                                         /R =   7.0307E-01
    84.00 deg.: X-S =     0.000271 mb/sr,
+                                         /R =   5.4340E-01
    85.00 deg.: X-S =     0.000215 mb/sr,
+                                         /R =   4.4829E-01
    86.00 deg.: X-S =     0.000188 mb/sr,
+                                         /R =   4.0732E-01
    87.00 deg.: X-S =     0.000181 mb/sr,
+                                         /R =   4.0590E-01
    88.00 deg.: X-S =     0.000184 mb/sr,
+                                         /R =   4.2798E-01
    89.00 deg.: X-S =     0.000190 mb/sr,
+                                         /R =   4.5856E-01
    90.00 deg.: X-S =     0.000194 mb/sr,
+                                         /R =   4.8542E-01
    91.00 deg.: X-S =     0.000193 mb/sr,
+                                         /R =   4.9998E-01
    92.00 deg.: X-S =     0.000186 mb/sr,
+                                         /R =   4.9744E-01
    93.00 deg.: X-S =     0.000172 mb/sr,
+                                         /R =   4.7679E-01
    94.00 deg.: X-S =     0.000154 mb/sr,
+                                         /R =   4.4016E-01
    95.00 deg.: X-S =     0.000133 mb/sr,
+                                         /R =   3.9167E-01
    96.00 deg.: X-S =     0.000110 mb/sr,
+                                         /R =   3.3627E-01
    97.00 deg.: X-S =   8.8746E-05 mb/sr,
+                                         /R =   2.7898E-01
    98.00 deg.: X-S =   6.9225E-05 mb/sr,
+                                         /R =   2.2438E-01
    99.00 deg.: X-S =   5.2714E-05 mb/sr,
+                                         /R =   1.7608E-01
   100.00 deg.: X-S =   3.9613E-05 mb/sr,
+                                         /R =   1.3629E-01
   101.00 deg.: X-S =   2.9885E-05 mb/sr,
+                                         /R =   1.0585E-01
   102.00 deg.: X-S =   2.3194E-05 mb/sr,
+                                         /R =   8.4524E-02
   103.00 deg.: X-S =   1.9020E-05 mb/sr,
+                                         /R =   7.1282E-02
   104.00 deg.: X-S =   1.6733E-05 mb/sr,
+                                         /R =   6.4460E-02
   105.00 deg.: X-S =   1.5695E-05 mb/sr,
+                                         /R =   6.2118E-02
   106.00 deg.: X-S =   1.5355E-05 mb/sr,
+                                         /R =   6.2409E-02
   107.00 deg.: X-S =   1.5286E-05 mb/sr,
+                                         /R =   6.3768E-02
   108.00 deg.: X-S =   1.5169E-05 mb/sr,
+                                         /R =   6.4922E-02
   109.00 deg.: X-S =   1.4794E-05 mb/sr,
+                                         /R =   6.4929E-02
   110.00 deg.: X-S =   1.4069E-05 mb/sr,
+                                         /R =   6.3288E-02
   111.00 deg.: X-S =   1.3008E-05 mb/sr,
+                                         /R =   5.9947E-02
   112.00 deg.: X-S =   1.1685E-05 mb/sr,
+                                         /R =   5.5148E-02
   113.00 deg.: X-S =   1.0195E-05 mb/sr,
+                                         /R =   4.9251E-02
   114.00 deg.: X-S =   8.6325E-06 mb/sr,
+                                         /R =   4.2667E-02
   115.00 deg.: X-S =   7.0914E-06 mb/sr,
+                                         /R =   3.5846E-02
   116.00 deg.: X-S =   5.6566E-06 mb/sr,
+                                         /R =   2.9230E-02
   117.00 deg.: X-S =   4.3900E-06 mb/sr,
+                                         /R =   2.3180E-02
   118.00 deg.: X-S =   3.3260E-06 mb/sr,
+                                         /R =   1.7938E-02
   119.00 deg.: X-S =   2.4736E-06 mb/sr,
+                                         /R =   1.3621E-02
   120.00 deg.: X-S =   1.8234E-06 mb/sr,
+                                         /R =   1.0247E-02
   121.00 deg.: X-S =   1.3533E-06 mb/sr,
+                                         /R =   7.7584E-03
   122.00 deg.: X-S =   1.0344E-06 mb/sr,
+                                         /R =   6.0474E-03
   123.00 deg.: X-S =   8.3430E-07 mb/sr,
+                                         /R =   4.9718E-03
   124.00 deg.: X-S =   7.2000E-07 mb/sr,
+                                         /R =   4.3718E-03
   125.00 deg.: X-S =   6.6169E-07 mb/sr,
+                                         /R =   4.0922E-03
   126.00 deg.: X-S =   6.3550E-07 mb/sr,
+                                         /R =   4.0016E-03
   127.00 deg.: X-S =   6.2431E-07 mb/sr,
+                                         /R =   4.0009E-03
   128.00 deg.: X-S =   6.1667E-07 mb/sr,
+                                         /R =   4.0206E-03
   129.00 deg.: X-S =   6.0564E-07 mb/sr,
+                                         /R =   4.0157E-03
   130.00 deg.: X-S =   5.8814E-07 mb/sr,
+                                         /R =   3.9644E-03
   131.00 deg.: X-S =   5.6437E-07 mb/sr,
+                                         /R =   3.8659E-03
   132.00 deg.: X-S =   5.3670E-07 mb/sr,
+                                         /R =   3.7346E-03
   133.00 deg.: X-S =   5.0861E-07 mb/sr,
+                                         /R =   3.5940E-03
   134.00 deg.: X-S =   4.8374E-07 mb/sr,
+                                         /R =   3.4698E-03
   135.00 deg.: X-S =   4.6527E-07 mb/sr,
+                                         /R =   3.3866E-03
   136.00 deg.: X-S =   4.5553E-07 mb/sr,
+                                         /R =   3.3634E-03
   137.00 deg.: X-S =   4.5562E-07 mb/sr,
+                                         /R =   3.4112E-03
   138.00 deg.: X-S =   4.6545E-07 mb/sr,
+                                         /R =   3.5325E-03
   139.00 deg.: X-S =   4.8412E-07 mb/sr,
+                                         /R =   3.7230E-03
   140.00 deg.: X-S =   5.1015E-07 mb/sr,
+                                         /R =   3.9741E-03
   141.00 deg.: X-S =   5.4167E-07 mb/sr,
+                                         /R =   4.2728E-03
   142.00 deg.: X-S =   5.7648E-07 mb/sr,
+                                         /R =   4.6032E-03
   143.00 deg.: X-S =   6.1241E-07 mb/sr,
+                                         /R =   4.9484E-03
   144.00 deg.: X-S =   6.4765E-07 mb/sr,
+                                         /R =   5.2937E-03
   145.00 deg.: X-S =   6.8077E-07 mb/sr,
+                                         /R =   5.6270E-03
   146.00 deg.: X-S =   7.1058E-07 mb/sr,
+                                         /R =   5.9373E-03
   147.00 deg.: X-S =   7.3620E-07 mb/sr,
+                                         /R =   6.2163E-03
   148.00 deg.: X-S =   7.5726E-07 mb/sr,
+                                         /R =   6.4596E-03
   149.00 deg.: X-S =   7.7396E-07 mb/sr,
+                                         /R =   6.6673E-03
   150.00 deg.: X-S =   7.8676E-07 mb/sr,
+                                         /R =   6.8424E-03
   151.00 deg.: X-S =   7.9633E-07 mb/sr,
+                                         /R =   6.9896E-03
   152.00 deg.: X-S =   8.0351E-07 mb/sr,
+                                         /R =   7.1155E-03
   153.00 deg.: X-S =   8.0937E-07 mb/sr,
+                                         /R =   7.2288E-03
   154.00 deg.: X-S =   8.1498E-07 mb/sr,
+                                         /R =   7.3390E-03
   155.00 deg.: X-S =   8.2128E-07 mb/sr,
+                                         /R =   7.4543E-03
   156.00 deg.: X-S =   8.2900E-07 mb/sr,
+                                         /R =   7.5817E-03
   157.00 deg.: X-S =   8.3877E-07 mb/sr,
+                                         /R =   7.7269E-03
   158.00 deg.: X-S =   8.5105E-07 mb/sr,
+                                         /R =   7.8947E-03
   159.00 deg.: X-S =   8.6611E-07 mb/sr,
+                                         /R =   8.0878E-03
   160.00 deg.: X-S =   8.8395E-07 mb/sr,
+                                         /R =   8.3066E-03
   161.00 deg.: X-S =   9.0440E-07 mb/sr,
+                                         /R =   8.5500E-03
   162.00 deg.: X-S =   9.2720E-07 mb/sr,
+                                         /R =   8.8155E-03
   163.00 deg.: X-S =   9.5198E-07 mb/sr,
+                                         /R =   9.0998E-03
   164.00 deg.: X-S =   9.7825E-07 mb/sr,
+                                         /R =   9.3984E-03
   165.00 deg.: X-S =   1.0055E-06 mb/sr,
+                                         /R =   9.7059E-03
   166.00 deg.: X-S =   1.0331E-06 mb/sr,
+                                         /R =   1.0017E-02
   167.00 deg.: X-S =   1.0605E-06 mb/sr,
+                                         /R =   1.0325E-02
   168.00 deg.: X-S =   1.0873E-06 mb/sr,
+                                         /R =   1.0627E-02
   169.00 deg.: X-S =   1.1130E-06 mb/sr,
+                                         /R =   1.0916E-02
   170.00 deg.: X-S =   1.1372E-06 mb/sr,
+                                         /R =   1.1190E-02
   171.00 deg.: X-S =   1.1596E-06 mb/sr,
+                                         /R =   1.1443E-02
   172.00 deg.: X-S =   1.1799E-06 mb/sr,
+                                         /R =   1.1674E-02
   173.00 deg.: X-S =   1.1980E-06 mb/sr,
+                                         /R =   1.1880E-02
   174.00 deg.: X-S =   1.2138E-06 mb/sr,
+                                         /R =   1.2060E-02
   175.00 deg.: X-S =   1.2271E-06 mb/sr,
+                                         /R =   1.2213E-02
   176.00 deg.: X-S =   1.2380E-06 mb/sr,
+                                         /R =   1.2338E-02
   177.00 deg.: X-S =   1.2464E-06 mb/sr,
+                                         /R =   1.2436E-02
   178.00 deg.: X-S =   1.2525E-06 mb/sr,
+                                         /R =   1.2505E-02
   179.00 deg.: X-S =   1.2561E-06 mb/sr,
+                                         /R =   1.2547E-02
   179.99 deg.: X-S =   1.2573E-06 mb/sr,
+                                         /R =   1.2561E-02
                                           Integrated********** mb, over [   0.000, 180.000] at   355.0000 MeV 

 CROSS SECTIONS FOR OUTGOING 4He      & 4He      in state #   1 with spins & parities 0.0  + &  0.0  +;  0

     0.00 deg.: X-S =   1.5108E-05 mb/sr,
+                                         REAC   8.8622E-05 mb
     1.00 deg.: X-S =   1.3945E-05 mb/sr,
     2.00 deg.: X-S =   1.0912E-05 mb/sr,
     3.00 deg.: X-S =   7.1586E-06 mb/sr,
     4.00 deg.: X-S =   4.0001E-06 mb/sr,
     5.00 deg.: X-S =   2.3208E-06 mb/sr,
     6.00 deg.: X-S =   2.1943E-06 mb/sr,
     7.00 deg.: X-S =   2.9238E-06 mb/sr,
     8.00 deg.: X-S =   3.5104E-06 mb/sr,
     9.00 deg.: X-S =   3.2915E-06 mb/sr,
    10.00 deg.: X-S =   2.3410E-06 mb/sr,
    11.00 deg.: X-S =   1.3469E-06 mb/sr,
    12.00 deg.: X-S =   1.0438E-06 mb/sr,
    13.00 deg.: X-S =   1.6106E-06 mb/sr,
    14.00 deg.: X-S =   2.5049E-06 mb/sr,
    15.00 deg.: X-S =   2.8946E-06 mb/sr,
    16.00 deg.: X-S =   2.3588E-06 mb/sr,
    17.00 deg.: X-S =   1.2686E-06 mb/sr,
    18.00 deg.: X-S =   4.9930E-07 mb/sr,
    19.00 deg.: X-S =   6.8480E-07 mb/sr,
    20.00 deg.: X-S =   1.6457E-06 mb/sr,
    21.00 deg.: X-S =   2.5099E-06 mb/sr,
    22.00 deg.: X-S =   2.4648E-06 mb/sr,
    23.00 deg.: X-S =   1.5034E-06 mb/sr,
    24.00 deg.: X-S =   4.8824E-07 mb/sr,
    25.00 deg.: X-S =   4.2510E-07 mb/sr,
    26.00 deg.: X-S =   1.5465E-06 mb/sr,
    27.00 deg.: X-S =   3.0198E-06 mb/sr,
    28.00 deg.: X-S =   3.5974E-06 mb/sr,
    29.00 deg.: X-S =   2.7121E-06 mb/sr,
    30.00 deg.: X-S =   1.0837E-06 mb/sr,
    31.00 deg.: X-S =   2.5471E-07 mb/sr,
    32.00 deg.: X-S =   1.3503E-06 mb/sr,
    33.00 deg.: X-S =   4.0489E-06 mb/sr,
    34.00 deg.: X-S =   6.6517E-06 mb/sr,
    35.00 deg.: X-S =   7.3027E-06 mb/sr,
    36.00 deg.: X-S =   5.4676E-06 mb/sr,
    37.00 deg.: X-S =   2.4964E-06 mb/sr,
    38.00 deg.: X-S =   7.5159E-07 mb/sr,
    39.00 deg.: X-S =   1.8836E-06 mb/sr,
    40.00 deg.: X-S =   5.5361E-06 mb/sr,
    41.00 deg.: X-S =   9.4926E-06 mb/sr,
    42.00 deg.: X-S =   1.1216E-05 mb/sr,
    43.00 deg.: X-S =   9.6704E-06 mb/sr,
    44.00 deg.: X-S =   6.0728E-06 mb/sr,
    45.00 deg.: X-S =   3.0058E-06 mb/sr,
    46.00 deg.: X-S =   2.5542E-06 mb/sr,
    47.00 deg.: X-S =   4.8441E-06 mb/sr,
    48.00 deg.: X-S =   8.0438E-06 mb/sr,
    49.00 deg.: X-S =   9.7765E-06 mb/sr,
    50.00 deg.: X-S =   8.8563E-06 mb/sr,
    51.00 deg.: X-S =   6.0630E-06 mb/sr,
    52.00 deg.: X-S =   3.4365E-06 mb/sr,
    53.00 deg.: X-S =   2.7004E-06 mb/sr,
    54.00 deg.: X-S =   4.0348E-06 mb/sr,
    55.00 deg.: X-S =   6.0700E-06 mb/sr,
    56.00 deg.: X-S =   7.0100E-06 mb/sr,
    57.00 deg.: X-S =   5.9723E-06 mb/sr,
    58.00 deg.: X-S =   3.5541E-06 mb/sr,
    59.00 deg.: X-S =   1.2872E-06 mb/sr,
    60.00 deg.: X-S =   4.9023E-07 mb/sr,
    61.00 deg.: X-S =   1.4133E-06 mb/sr,
    62.00 deg.: X-S =   3.2472E-06 mb/sr,
    63.00 deg.: X-S =   4.8578E-06 mb/sr,
    64.00 deg.: X-S =   5.5945E-06 mb/sr,
    65.00 deg.: X-S =   5.5751E-06 mb/sr,
    66.00 deg.: X-S =   5.3374E-06 mb/sr,
    67.00 deg.: X-S =   5.2577E-06 mb/sr,
    68.00 deg.: X-S =   5.2549E-06 mb/sr,
    69.00 deg.: X-S =   4.9961E-06 mb/sr,
    70.00 deg.: X-S =   4.3593E-06 mb/sr,
    71.00 deg.: X-S =   3.7017E-06 mb/sr,
    72.00 deg.: X-S =   3.6711E-06 mb/sr,
    73.00 deg.: X-S =   4.6978E-06 mb/sr,
    74.00 deg.: X-S =   6.5767E-06 mb/sr,
    75.00 deg.: X-S =   8.4888E-06 mb/sr,
    76.00 deg.: X-S =   9.4723E-06 mb/sr,
    77.00 deg.: X-S =   9.0171E-06 mb/sr,
    78.00 deg.: X-S =   7.3646E-06 mb/sr,
    79.00 deg.: X-S =   5.3222E-06 mb/sr,
    80.00 deg.: X-S =   3.7450E-06 mb/sr,
    81.00 deg.: X-S =   3.0516E-06 mb/sr,
    82.00 deg.: X-S =   3.0824E-06 mb/sr,
    83.00 deg.: X-S =   3.3479E-06 mb/sr,
    84.00 deg.: X-S =   3.4430E-06 mb/sr,
    85.00 deg.: X-S =   3.3176E-06 mb/sr,
    86.00 deg.: X-S =   3.2310E-06 mb/sr,
    87.00 deg.: X-S =   3.4588E-06 mb/sr,
    88.00 deg.: X-S =   3.9974E-06 mb/sr,
    89.00 deg.: X-S =   4.4963E-06 mb/sr,
    90.00 deg.: X-S =   4.4796E-06 mb/sr,
    91.00 deg.: X-S =   3.7072E-06 mb/sr,
    92.00 deg.: X-S =   2.4239E-06 mb/sr,
    93.00 deg.: X-S =   1.3099E-06 mb/sr,
    94.00 deg.: X-S =   1.1360E-06 mb/sr,
    95.00 deg.: X-S =   2.3130E-06 mb/sr,
    96.00 deg.: X-S =   4.5985E-06 mb/sr,
    97.00 deg.: X-S =   7.1432E-06 mb/sr,
    98.00 deg.: X-S =   8.8692E-06 mb/sr,
    99.00 deg.: X-S =   8.9915E-06 mb/sr,
   100.00 deg.: X-S =   7.4183E-06 mb/sr,
   101.00 deg.: X-S =   4.8270E-06 mb/sr,
   102.00 deg.: X-S =   2.3775E-06 mb/sr,
   103.00 deg.: X-S =   1.2016E-06 mb/sr,
   104.00 deg.: X-S =   1.9094E-06 mb/sr,
   105.00 deg.: X-S =   4.3329E-06 mb/sr,
   106.00 deg.: X-S =   7.6079E-06 mb/sr,
   107.00 deg.: X-S =   1.0539E-05 mb/sr,
   108.00 deg.: X-S =   1.2086E-05 mb/sr,
   109.00 deg.: X-S =   1.1753E-05 mb/sr,
   110.00 deg.: X-S =   9.7523E-06 mb/sr,
   111.00 deg.: X-S =   6.8813E-06 mb/sr,
   112.00 deg.: X-S =   4.1999E-06 mb/sr,
   113.00 deg.: X-S =   2.6368E-06 mb/sr,
   114.00 deg.: X-S =   2.6744E-06 mb/sr,
   115.00 deg.: X-S =   4.2137E-06 mb/sr,
   116.00 deg.: X-S =   6.6499E-06 mb/sr,
   117.00 deg.: X-S =   9.1112E-06 mb/sr,
   118.00 deg.: X-S =   1.0766E-05 mb/sr,
   119.00 deg.: X-S =   1.1099E-05 mb/sr,
   120.00 deg.: X-S =   1.0063E-05 mb/sr,
   121.00 deg.: X-S =   8.0829E-06 mb/sr,
   122.00 deg.: X-S =   5.8995E-06 mb/sr,
   123.00 deg.: X-S =   4.3356E-06 mb/sr,
   124.00 deg.: X-S =   4.0446E-06 mb/sr,
   125.00 deg.: X-S =   5.3201E-06 mb/sr,
   126.00 deg.: X-S =   8.0152E-06 mb/sr,
   127.00 deg.: X-S =   1.1588E-05 mb/sr,
   128.00 deg.: X-S =   1.5253E-05 mb/sr,
   129.00 deg.: X-S =   1.8182E-05 mb/sr,
   130.00 deg.: X-S =   1.9710E-05 mb/sr,
   131.00 deg.: X-S =   1.9488E-05 mb/sr,
   132.00 deg.: X-S =   1.7550E-05 mb/sr,
   133.00 deg.: X-S =   1.4298E-05 mb/sr,
   134.00 deg.: X-S =   1.0407E-05 mb/sr,
   135.00 deg.: X-S =   6.6834E-06 mb/sr,
   136.00 deg.: X-S =   3.9111E-06 mb/sr,
   137.00 deg.: X-S =   2.7067E-06 mb/sr,
   138.00 deg.: X-S =   3.4087E-06 mb/sr,
   139.00 deg.: X-S =   6.0168E-06 mb/sr,
   140.00 deg.: X-S =   1.0187E-05 mb/sr,
   141.00 deg.: X-S =   1.5280E-05 mb/sr,
   142.00 deg.: X-S =   2.0466E-05 mb/sr,
   143.00 deg.: X-S =   2.4859E-05 mb/sr,
   144.00 deg.: X-S =   2.7674E-05 mb/sr,
   145.00 deg.: X-S =   2.8372E-05 mb/sr,
   146.00 deg.: X-S =   2.6774E-05 mb/sr,
   147.00 deg.: X-S =   2.3114E-05 mb/sr,
   148.00 deg.: X-S =   1.8014E-05 mb/sr,
   149.00 deg.: X-S =   1.2382E-05 mb/sr,
   150.00 deg.: X-S =   7.2525E-06 mb/sr,
   151.00 deg.: X-S =   3.5871E-06 mb/sr,
   152.00 deg.: X-S =   2.0883E-06 mb/sr,
   153.00 deg.: X-S =   3.0562E-06 mb/sr,
   154.00 deg.: X-S =   6.3246E-06 mb/sr,
   155.00 deg.: X-S =   1.1290E-05 mb/sr,
   156.00 deg.: X-S =   1.7026E-05 mb/sr,
   157.00 deg.: X-S =   2.2464E-05 mb/sr,
   158.00 deg.: X-S =   2.6602E-05 mb/sr,
   159.00 deg.: X-S =   2.8697E-05 mb/sr,
   160.00 deg.: X-S =   2.8405E-05 mb/sr,
   161.00 deg.: X-S =   2.5837E-05 mb/sr,
   162.00 deg.: X-S =   2.1538E-05 mb/sr,
   163.00 deg.: X-S =   1.6374E-05 mb/sr,
   164.00 deg.: X-S =   1.1367E-05 mb/sr,
   165.00 deg.: X-S =   7.4931E-06 mb/sr,
   166.00 deg.: X-S =   5.5025E-06 mb/sr,
   167.00 deg.: X-S =   5.7758E-06 mb/sr,
   168.00 deg.: X-S =   8.2517E-06 mb/sr,
   169.00 deg.: X-S =   1.2439E-05 mb/sr,
   170.00 deg.: X-S =   1.7518E-05 mb/sr,
   171.00 deg.: X-S =   2.2502E-05 mb/sr,
   172.00 deg.: X-S =   2.6438E-05 mb/sr,
   173.00 deg.: X-S =   2.8589E-05 mb/sr,
   174.00 deg.: X-S =   2.8592E-05 mb/sr,
   175.00 deg.: X-S =   2.6533E-05 mb/sr,
   176.00 deg.: X-S =   2.2937E-05 mb/sr,
   177.00 deg.: X-S =   1.8644E-05 mb/sr,
   178.00 deg.: X-S =   1.4626E-05 mb/sr,
   179.00 deg.: X-S =   1.1786E-05 mb/sr,
   180.00 deg.: X-S =   1.0763E-05 mb/sr,
                                           Integrated    0.0001 mb, over [   0.000, 180.000] at   355.0000 MeV 
 Finished all xsecs @    3.07812500    

  The following files have been created:
   3:local copy of User input.            6:standard output.                   
   7:elastic  S-matrix elements.         12:transfer kernels.                  
  13:total cross sections/state.         16:tables of cross sections.          
  35:Astrophysics S-factors  / Ecm.      38:cross sections for each J/pi.      
  39:cross sections for each Ecm.        40:all cross sectns. for each Elab.   
  45:scat phase shift as E functions.    46:bs wave functions & ANC ratios.    
  56:Fusion for each Jtotal.             75:S-factors for lab energies.        
 201:Separate cross sections.           202:Separate cross sections.           

 PARAMETERS : MAXQRN   MFNL   MLOC  LMAX1 MCLIST
    ALLOWED :      4     25     10    100      6
    REQUIRED:      1      4     10     83      4


 ACCURACY ANALYSIS at   355.000 MeV :

  Elastic h*k = 0.189 so OK       compared with 0.200

   Real(S-el) > 0.01 first at J =       2.0
   Real(S-el) > 0.10 first at J =       3.0
   Real(S-el) > 0.50 first at J =       7.0
   Real(S-el) > 0.90 first at J =      16.0
   Real(S-el) > 0.99 first at J =      21.0
   R-turn =    21.30 fm    at J =      80.0

 Forward-angle excitation cut off below   0.034 deg by max JT =      80.0
                              and below   0.024 deg by max R.


 1: Recommended RNL: non-local width >  10.30 cf: 100.00 fm: OK      
    Recommended CENTRE: centration   ~   0.25 cf:   0.00 fm

 Total CPU  0 time =       3.09 seconds
