 FRESCO - FRES 3.4: Coupled Reaction Channels
 Assuming NAMELIST input.

 7Li(p,4He)4He  E=60 MeV  Q=+17.346  [li7_p_he4_he4]                             

   0.050  30.000   0.250   0.100 100.000   0.000   0.000   0.000   0.000   0.000

 Centre-of-mass Range is    602 * 0.0500 fm., Maximum at  30.00 fm., Interpolating NL forms every  0.25 fm.
 Non - locality width is   1001 * 0.1000 fm., Maximum of 100.00 fm., Centred at  0.00 fm.
 2-Nucleon Separation of      0 * 0.2500 fm., Maximum of   0.00 fm., Minimum at  0.00 fm.
 Maximum single particle bins of 30.0000 fm.
               M,Mint =          601         601


 Range of total J is     0.0 <= J <=    80.0 (at least     0.0) and Absorbtion =>    -1.0000 mb.
 Dry Run = F, CC set limits =  0  0, Relativistic kinematics = a, Both/Far/Near Analyses =  1                     

 Cross Sections (and up to T0 for 0=projectile) for Theta from   0.0 to 180.0 in steps of  1.0 degrees, DGAM=0,  Coordinates = 0 (Mads)

 Lower Radial Cutoff = maximum of -1.60*L*h &       0.0 fm.,  Lower Cutoff for Couplings =   0.0  fm.


 Iterate Couplings between   1 and   1 times, to  0.000 % if sooner.                                          
  Block solved exactly =   0 chs., with Pade = 0 & Isocen =  =0, NOSOL = F, initwf =  0
  NL quadrature with   18 Gaussian points, Calculate multipoles up to    86 from   0
  M-transfers for lp+lt greater than or equal to  6, Angular Integration Cutoff below  2.7778 %


 Trace switches are :  CHANS =  1, LISTCC =  0, TRENEG =  0, CDETR =  0, SMATS =  2, XSTABL =  1, NLPL =  0

                       WAVES =  0, LAMPL =  0, VEFF =  0, KFUS =  0, WDISK =  0, BPM =  0, MELFIL =  0

                       CDCC =  0, NFUS =  0

 Using unit mass = 1.000000 amu and 1/fine-structure constant = 137.03599 ( 1.000000 * true ) with hc = 197.32705 MeV.fm,
  thus 2*amu/hbar^2 = 0.0478450 = 1/20.9008 and Coulomb constant = 0.1574855 so e^2 = 1.43997, and nuclear magneton= 0.1261183

 Now pre-scan input and save to file 3



 *********** PARTITION NUMBER  1 ******************************************************************************************

   PROJ=p          MASS=  1.0000 Z=   1.0,        # STATES=    1T, TARG=7Li      MASS=  7.0000 Z=   3.0,     Q-VALUE =   0.0000 MEV.

     1:  J= 0.5+ (B# 1), E=  0.0000, K= 0.5              Potl#  1       J= 1.5- (B#-1), E=  0.0000, K= 0.5    


 *********** PARTITION NUMBER  2 ******************************************************************************************

   PROJ=4He        MASS=  4.0000 Z=   2.0,        # STATES=    1T, TARG=4He      MASS=  4.0000 Z=   2.0,     Q-VALUE =  17.3460 MEV.

     1:  J= 0.0+ (B# 1), E=  0.0000, K= 0.0              Potl#  2       J= 0.0+ (B# 1), E=  0.0000, K= 0.0    
0****** WARNING : COMPARED WITH PARTITION  1, THIS PARTITION HAS TOTAL MASS & CHARGE EXCESSES   0.01862 &   0.0000


 ************************************************************************************************************************************

 The following POTENTIALS are defined :

  KP#       TYPE      IT    SHAPE      at     V1        r1        a1        V2        r2        a2        A-in     A-used


                                            A#1       A#2        r0c       ac                                                h @ 1
    1    0=Coulomb       0=CHARGE (WS)  1     1.000     7.000    1.3000    0.0000    0.0000    0.0000     0.000    24.717   0.05000

    1    1=Volume        0=Woods-Saxon  2   50.0000    1.2000    0.6000    0.0000    1.2000    0.6000     0.000    24.717

    1    2=Surface       0=Woods-Saxon  3    0.0000    0.0000    0.0000    8.0000    1.3000    0.5000     0.000    24.717

    1    3=Projtl S.O.   0=Woods-Saxon  4    5.5000    1.0000    0.5000    0.0000    0.0000    0.0000     0.000    24.717
   --------------------------------------------------------------------------------------------------------------------

                                            A#1       A#2        r0c       ac                                                h @ 2
    2    0=Coulomb       0=CHARGE (WS)  5     4.000     4.000    1.4000    0.0000    0.0000    0.0000     0.000    32.000   0.05000

    2    1=Volume        0=Woods-Saxon  6  120.0000    1.4000    0.5500   15.0000    1.4000    0.5500     0.000    32.000
   --------------------------------------------------------------------------------------------------------------------

    3    1=Volume        0=Woods-Saxon  7   50.0000    1.2500    0.6500    0.0000    0.0000    0.0000     0.000    32.000

    3    3=Projtl S.O.   0=Woods-Saxon  8    6.0000    1.2500    0.6500    0.0000    0.0000    0.0000     0.000    32.000
   --------------------------------------------------------------------------------------------------------------------

    4    1=Volume        0=Woods-Saxon  9   50.0000    1.2500    0.6500    0.0000    0.0000    0.0000     0.000    32.000

    4    3=Projtl S.O.   0=Woods-Saxon 10    6.0000    1.2500    0.6500    0.0000    0.0000    0.0000     0.000    32.000


 ************************************************************************************************************************************

 The following SINGLE-PARTICLE FORM FACTORS are constructed :


 No.   P1 P2 IN KIND T N  L  S1 IA J/S  IB BIND XFER  BE    SC PC FIL AFRAC Adjust  to  Z  Mass   K     Norm    rms      D0     D   ANC/Gsp

    1:  2  1  2  0     1  0 0.5  1 0.5   0   3   0  19.8140  1  0  0 0.0000 VR  0.5564; 1. 3.000 1.2748 1.0000  2.368 -351.8-2337.1 80.8297

    2:  1  2  1  0     2  1 0.5  1 1.5   0   4   0   2.4670  1  0  0 0.0000 VR  1.3692; 1. 3.000 0.2975 1.0000  5.165  199.6  292.8 -1.9650

 ************************************************************************************************************************************

 TWO-way COUPLING # 1 for partitions  2 <-  1 of KIND  7,   0 -1  5 -1 -1 & P1,P2 =    0.0000   0.0000 : for J <=    80.5 & R <  29.8 fm.


 data =  2  1  1  2  1.0000,  so  < [7Li      #  1] / [4He      #  1]  * Eigen-form #  2>  =   1.0000            BE =  2.467     2



 **** WARNING *** -- FORM FACTOR  2 WAS ORIGINALLY DEFINED FOR A  4He      / p        OVERLAP ****   2   1   2   1



 data =  1  1  1  1  1.0000,  so  < [4He      #  1] / [p        #  1]  * Eigen-form #  1>  =   1.0000            BE = 19.814     1



 **** WARNING *** -- FORM FACTOR  1 WAS ORIGINALLY DEFINED FOR A  7Li      / 4He      OVERLAP ****   1   2   1   2


 KNT =   2, KNP =   1: NK,NG,loc=   1   1   1  11  T  T  F

     So FINITE-RANGE TRANSFER : IP1 = 0 (POST    ), IP2=-1 =COMPLEX     ,  for   1 pairs of bound states summed into   1 pairs
      The main coupling potential is that binding the transferred particle to the 4He      core.

          Using between p        & 4He      the potential No.   5, and subtracting optical potential No.  2

   A real*8 is            8  bytes
   NLL,NLN,NLO =         120         121        1001
0File   9 needs RL =  240240    REAL*8 numbers, and NR =    88. i.e.   169.13 Megabytes
   File            9  RECL =     1921920
0RECOMMENDED NON-LOCAL WIDTH IS GREATER THAN   10.30 FM.,  RECOMMENDED CENTRATION   0.25, after    0.50 secs.
0Relative non-local usages (rms) are
    0.000   0.000   0.000   0.000   0.000   0.000   0.000   0.000   0.000   0.000   0.000   0.000   0.000   0.000   0.000
    0.000   0.000   0.000   0.000   0.000   0.000   0.000   0.000   0.000   0.000   0.000   0.000   0.000   0.000   0.000
    0.000   0.000   0.000   0.000   0.000   0.000   0.000   0.000   0.000   0.000   0.000   0.000   0.000   0.000   0.000
    0.000   0.000   0.000   0.000   0.000   0.000   0.000   0.000   0.000   0.000   0.000   0.000   0.000   0.000   0.000
    0.000   0.000   0.000   0.000   0.000   0.000   0.000   0.000   0.000   0.000   0.000   0.000   0.000   0.000   0.000
    0.000   0.000   0.000   0.000   0.000   0.000   0.000   0.000   0.000   0.000   0.000   0.000   0.000   0.000   0.000
    0.000   0.000   0.000   0.000   0.000   0.000   0.000   0.000   0.000   0.000   0.000   0.000   0.000   0.000   0.000
    0.000   0.000   0.000   0.000   0.000   0.000   0.000   0.000   0.000   0.000   0.000   0.000   0.000   0.000   0.000
    0.000   0.000   0.000   0.000   0.000   0.000   0.000   0.000   0.000   0.000   0.000   0.000   0.000   0.000   0.000
    0.000   0.000   0.000   0.000   0.000   0.000   0.000   0.000   0.000   0.000   0.000   0.000   0.000   0.000   0.000
    0.000   0.000   0.000   0.000   0.000   0.000   0.000   0.000   0.000   0.000   0.000   0.000   0.000   0.000   0.000
    0.000   0.000   0.000   0.000   0.000   0.000   0.000   0.000   0.000   0.000   0.000   0.000   0.000   0.000   0.000
    0.000   0.000   0.000   0.000   0.000   0.000   0.000   0.000   0.000   0.000   0.000   0.000   0.000   0.000   0.000
    0.000   0.000   0.000   0.000   0.000   0.000   0.000   0.000   0.000   0.000   0.000   0.000   0.000   0.000   0.000
    0.000   0.000   0.000   0.000   0.000   0.000   0.000   0.000   0.000   0.000   0.000   0.000   0.000   0.000   0.000
    0.000   0.000   0.000   0.000   0.000   0.000   0.000   0.000   0.000   0.000   0.000   0.000   0.000   0.000   0.000
    0.000   0.000   0.000   0.000   0.000   0.000   0.000   0.000   0.000   0.000   0.000   0.000   0.000   0.000   0.000
    0.000   0.000   0.000   0.000   0.000   0.000   0.000   0.000   0.000   0.000   0.000   0.000   0.000   0.000   0.000
    0.000   0.000   0.000   0.000   0.000   0.000   0.000   0.000   0.000   0.000   0.000   0.000   0.000   0.000   0.000
    0.000   0.000   0.000   0.000   0.000   0.000   0.000   0.000   0.000   0.000   0.000   0.000   0.000   0.000   0.000
    0.000   0.000   0.000   0.000   0.000   0.000   0.000   0.000   0.000   0.000   0.000   0.000   0.000   0.000   0.000
    0.000   0.000   0.000   0.000   0.000   0.000   0.000   0.000   0.000   0.000   0.000   0.000   0.000   0.000   0.000
    0.000   0.000   0.000   0.000   0.000   0.000   0.000   0.000   0.000   0.000   0.000   0.000   0.000   0.000   0.000
    0.000   0.000   0.000   0.000   0.000   0.000   0.000   0.000   0.000   0.000   0.000   0.000   0.000   0.000   0.000
    0.000   0.000   0.000   0.000   0.000   0.000   0.000   0.000   0.000   0.000   0.000   0.000   0.000   0.000   0.000
    0.000   0.000   0.000   0.000   0.000   0.000   0.000   0.000   0.000   0.000   0.000   0.000   0.000   0.000   0.000
    0.000   0.000   0.000   0.000   0.000   0.000   0.000   0.000   0.000   0.000   0.000   0.000   0.000   0.000   0.000
    0.000   0.000   0.000   0.000   0.000   0.000   0.000   0.000   0.000   0.000   0.000   0.000   0.000   0.000   0.000
    0.000   0.000   0.001   0.001   0.001   0.001   0.001   0.001   0.001   0.001   0.001   0.002   0.002   0.002   0.002
    0.003   0.003   0.004   0.006   0.008   0.010   0.017   0.022   0.033   0.046   0.057   0.091   0.116   0.165   0.223
    0.271   0.404   0.505   0.681   0.887   1.057   1.458   1.772   2.236   2.774   3.223   4.063   4.751   5.607   6.557
    7.370   8.538   9.534  10.583  11.660  12.589  13.593  14.454  15.212  15.872  16.409  16.833  17.144  17.448  17.746
   17.946  18.867  19.665  21.249  23.448  25.381  29.503  33.003  37.433  42.449  46.723  52.895  58.122  63.651  69.334
   74.144  79.626  84.227  88.392  92.126  95.091  97.328  98.871  99.751 100.000  99.649  98.729  97.276  95.325  92.920
   90.102  86.918  83.415  79.643  75.648  71.481  67.191  62.828  58.439  54.068  49.758  45.547  41.470  37.557  33.834
   30.321  27.033  23.982  21.173  18.606  16.277  14.179  12.303  10.636   9.163   7.870   6.740   5.757   4.906   4.173
    3.542   3.002   2.540   2.147   1.813   1.529   1.288   1.085   0.912   0.767   0.645   0.541   0.454   0.381   0.320
    0.268   0.224   0.188   0.157   0.131   0.110   0.092   0.077   0.064   0.054   0.045   0.037   0.031   0.026   0.022
    0.018   0.015   0.012   0.010   0.009   0.007   0.006   0.005   0.004   0.003   0.003   0.002   0.002   0.002   0.001
    0.001   0.001   0.001   0.001   0.000   0.000   0.000   0.000   0.000   0.000   0.000   0.000   0.000   0.000   0.000
    0.000   0.000   0.000   0.000   0.000   0.000   0.000   0.000   0.000   0.000   0.000   0.000   0.000   0.000   0.000
    0.000   0.000   0.000   0.000   0.000   0.000   0.000   0.000   0.000   0.000   0.000   0.000   0.000   0.000   0.000
    0.000   0.000   0.000   0.000   0.000   0.000   0.000   0.000   0.000   0.000   0.000   0.000   0.000   0.000   0.000
    0.000   0.000   0.000   0.000   0.000   0.000   0.000   0.000   0.000   0.000   0.000   0.000   0.000   0.000   0.000
    0.000   0.000   0.000   0.000   0.000   0.000   0.000   0.000   0.000   0.000   0.000   0.000   0.000   0.000   0.000
    0.000   0.000   0.000   0.000   0.000   0.000   0.000   0.000   0.000   0.000   0.000   0.000   0.000   0.000   0.000
    0.000   0.000   0.000   0.000   0.000   0.000   0.000   0.000   0.000   0.000   0.000   0.000   0.000   0.000   0.000
    0.000   0.000   0.000   0.000   0.000   0.000   0.000   0.000   0.000   0.000   0.000   0.000   0.000   0.000   0.000
    0.000   0.000   0.000   0.000   0.000   0.000   0.000   0.000   0.000   0.000   0.000   0.000   0.000   0.000   0.000
    0.000   0.000   0.000   0.000   0.000   0.000   0.000   0.000   0.000   0.000   0.000   0.000   0.000   0.000   0.000
    0.000   0.000   0.000   0.000   0.000   0.000   0.000   0.000   0.000   0.000   0.000   0.000   0.000   0.000   0.000
    0.000   0.000   0.000   0.000   0.000   0.000   0.000   0.000   0.000   0.000   0.000   0.000   0.000   0.000   0.000
    0.000   0.000   0.000   0.000   0.000   0.000   0.000   0.000   0.000   0.000   0.000   0.000   0.000   0.000   0.000
    0.000   0.000   0.000   0.000   0.000   0.000   0.000   0.000   0.000   0.000   0.000   0.000   0.000   0.000   0.000
    0.000   0.000   0.000   0.000   0.000   0.000   0.000   0.000   0.000   0.000   0.000   0.000   0.000   0.000   0.000
    0.000   0.000   0.000   0.000   0.000   0.000   0.000   0.000   0.000   0.000   0.000   0.000   0.000   0.000   0.000
    0.000   0.000   0.000   0.000   0.000   0.000   0.000   0.000   0.000   0.000   0.000   0.000   0.000   0.000   0.000
    0.000   0.000   0.000   0.000   0.000   0.000   0.000   0.000   0.000   0.000   0.000   0.000   0.000   0.000   0.000
    0.000   0.000   0.000   0.000   0.000   0.000   0.000   0.000   0.000   0.000   0.000   0.000   0.000   0.000   0.000
    0.000   0.000   0.000   0.000   0.000   0.000   0.000   0.000   0.000   0.000   0.000   0.000   0.000   0.000   0.000
    0.000   0.000   0.000   0.000   0.000   0.000   0.000   0.000   0.000   0.000   0.000   0.000   0.000   0.000   0.000
    0.000   0.000   0.000   0.000   0.000   0.000   0.000   0.000   0.000   0.000   0.000   0.000   0.000   0.000   0.000
    0.000   0.000   0.000   0.000   0.000   0.000   0.000   0.000   0.000   0.000   0.000   0.000   0.000   0.000   0.000
    0.000   0.000   0.000   0.000   0.000   0.000   0.000   0.000   0.000   0.000   0.000   0.000   0.000   0.000   0.000
    0.000   0.000   0.000   0.000   0.000   0.000   0.000   0.000   0.000   0.000   0.000   0.000   0.000   0.000   0.000
    0.000   0.000   0.000   0.000   0.000   0.000   0.000   0.000   0.000   0.000   0.000   0.000   0.000   0.000   0.000
    0.000   0.000   0.000   0.000   0.000   0.000   0.000   0.000   0.000   0.000   0.000

 Incoming partition  1 in excitation state # 1,   Laboratory Energy given for partition  1 Nucleus 1 in Excitation pair 1

0Lab. ENERGY ranges :

   from    60.0000     to   0.00000     in     0 intervals
   from    0.00000     to   0.00000     in     0 intervals
   from    0.00000     to   0.00000     in     0 intervals

 Largest real,imaginary parts of any form factor at R=   29.50 are   4.88E-02  2.46E-19 MeV
 Finished all Couplings @   0.515625000              10

 Symmetric Hamiltonian
1***********************************************************************************************************************************
************************************************************************************************************************************

        INCOMING p        ;    LABORATORY p        ENERGY =   60.000     MeV.

 ***********************************************************************************************************************************
 ***********************************************************************************************************************************


  NOTE: Coulomb excitation cut off below   0.086 deg by JTMAX, and below   0.154 deg by Rmax

 Allocate arrays for            2  channels, of which            2  need wfs.

 ######################################################################################################################
 #                                                                                                                    #
 # Total SPIN and PARITY =     0.0 +,      2 channels,    0 in 1st block.  Rmin & Coul turning =    0.0    0.1 fm.  #
 #                                                                                                                    #
 ######################################################################################################################



    C Projectl Target   #   EX.   (L  Proj) J  + Targ = Jtotal     E-cm      Re K     Re Eta     RM*K            CH
    1 p        7Li      #    1: I   1 0.5    1.5  1.5     0.0    53.43788   1.49571   0.06046   44.8713   0.39382   0.30882 1 1 1   1
    2 4He      4He      #    1:     0 0.0    0.0  0.0     0.0    69.84600   2.58526   0.10660   77.5578  -0.50032   0.00495 2 1 2   1
   S-matrix    1 =   -0.26714  -0.63614 for L=    1, J=    1.5 channel on core I =   1.5 from L=    1,  Acc. loss =  0.0 D.
 Elastic phase shift   1 =  -56.390  10.632 deg. for the L =    1, J =    1.5 channel.
       0.0 -0.26714128 -0.63613583i: elastic S-matrix  @@      0.02  0   0 F  0
 Reaction Xsec     0.0+/ 1 @ 1 =   0.920 , Out:   0.000#   3.139#   0.920f


 Total SPIN, PARITY =     0.0 -,      1 chs,      0 cc.  Rmin & Coul turning =    0.0    0.1
   S-matrix    1 =   -0.55446  -0.30033 for L=    2, J=    1.5 channel on core I =   1.5 from L=    2,  Acc. loss =  0.0 D.
 Elastic phase shift   1 =  -75.779  13.210 deg. for the L =    2, J =    1.5 channel.
       0.0 -0.55446238 -0.30033201i: elastic S-matrix  @@      0.00  0   0 F  0
 Reaction Xsec     0.0-/ 2 @ 1 =   1.057 , Out:   0.000#   0.000#   1.057f

 Allocate arrays for            3  channels, of which            3  need wfs.

 Total SPIN, PARITY =     1.0 +,      3 chs,      0 cc.  Rmin & Coul turning =    0.1    1.0
   S-matrix    1 =   -0.43781  -0.52932 for L=    1, J=    0.5 channel on core I =   1.5 from L=    1,  Acc. loss =  0.0 D.
 Elastic phase shift   1 =  -64.797  10.758 deg. for the L =    1, J =    0.5 channel.
       1.0 -0.43781219 -0.52932034i: elastic S-matrix  @@      0.00  0   0 F  0
 Reaction Xsec     1.0+/ 1 @ 1 =   2.781 , Out:   0.000#   0.000#   2.781f

   S-matrix    2 =   -0.26714  -0.63614 for L=    1, J=    1.5 channel on core I =   1.5 from L=    1,  Acc. loss =  0.0 D.
 Elastic phase shift   2 =  -56.390  10.632 deg. for the L =    1, J =    1.5 channel.
       1.0 -0.26714128 -0.63613583i: elastic S-matrix  @@      0.00  0   0 F  0
 Reaction Xsec     1.0+/ 1 @ 2 =   2.759 , Out:   0.000#   0.000#   2.759f

   S-matrix    3 =   -0.63744   0.09465 for L=    3, J=    2.5 channel on core I =   1.5 from L=    3,  Acc. loss =  0.0 D.
 Elastic phase shift   3 =   85.777  12.588 deg. for the L =    3, J =    2.5 channel.
       1.0 -0.63744005  0.09465082i: elastic S-matrix  @@      0.00  0   0 F  0
 Reaction Xsec     1.0+/ 3 @ 3 =   3.079 , Out:   0.000#   0.000#   3.079f

 Allocate arrays for            4  channels, of which            4  need wfs.

 Total SPIN, PARITY =     1.0 -,      4 chs,      0 cc.  Rmin & Coul turning =    0.1    1.0
   S-matrix    1 =   -0.16411  -0.64197 for L=    0, J=    0.5 channel on core I =   1.5 from L=    0,  Acc. loss =  0.0 D.
 Elastic phase shift   1 =  -52.170  11.791 deg. for the L =    0, J =    0.5 channel.
       1.0 -0.16410522 -0.64196550i: elastic S-matrix  @@      0.02  0   0 F  0
 Reaction Xsec     1.0-/ 0 @ 1 =   2.954 , Out:   0.000#   7.549#   2.954f

   S-matrix    2 =   -0.55446  -0.30033 for L=    2, J=    1.5 channel on core I =   1.5 from L=    2,  Acc. loss =  0.0 D.
 Elastic phase shift   2 =  -75.779  13.210 deg. for the L =    2, J =    1.5 channel.
       1.0 -0.55446238 -0.30033201i: elastic S-matrix  @@      0.00  0   0 F  0
 Reaction Xsec     1.0-/ 2 @ 2 =   3.172 , Out:   0.000#   0.859#   3.172f

   S-matrix    3 =   -0.34094  -0.54872 for L=    2, J=    2.5 channel on core I =   1.5 from L=    2,  Acc. loss =  0.0 D.
 Elastic phase shift   3 =  -60.927  12.517 deg. for the L =    2, J =    2.5 channel.
       1.0 -0.34094186 -0.54872345i: elastic S-matrix  @@      0.00  0   0 F  0
 Reaction Xsec     1.0-/ 2 @ 3 =   3.068 , Out:   0.000#   8.314#   3.068f

 Allocate arrays for            5  channels, of which            5  need wfs.

 Total SPIN, PARITY =     2.0 +,      5 chs,      0 cc.  Rmin & Coul turning =    0.2    1.7
   S-matrix    1 =   -0.43781  -0.52932 for L=    1, J=    0.5 channel on core I =   1.5 from L=    1,  Acc. loss =  0.0 D.
 Elastic phase shift   1 =  -64.797  10.758 deg. for the L =    1, J =    0.5 channel.
       2.0 -0.43781219 -0.52932034i: elastic S-matrix  @@      0.02  0   0 F  0
 Reaction Xsec     2.0+/ 1 @ 1 =   4.635 , Out:   0.000#   3.467#   4.635f

   S-matrix    2 =   -0.26714  -0.63614 for L=    1, J=    1.5 channel on core I =   1.5 from L=    1,  Acc. loss =  0.0 D.
 Elastic phase shift   2 =  -56.390  10.632 deg. for the L =    1, J =    1.5 channel.
       2.0 -0.26714128 -0.63613583i: elastic S-matrix  @@      0.02  0   0 F  0
 Reaction Xsec     2.0+/ 1 @ 2 =   4.599 , Out:   0.000#   2.530#   4.599f

   S-matrix    3 =   -0.63744   0.09465 for L=    3, J=    2.5 channel on core I =   1.5 from L=    3,  Acc. loss =  0.0 D.
 Elastic phase shift   3 =   85.777  12.588 deg. for the L =    3, J =    2.5 channel.
       2.0 -0.63744005  0.09465082i: elastic S-matrix  @@      0.00  0   0 F  0
 Reaction Xsec     2.0+/ 3 @ 3 =   5.132 , Out:   0.000#   1.111#   5.132f

   S-matrix    4 =   -0.48333  -0.40834 for L=    3, J=    3.5 channel on core I =   1.5 from L=    3,  Acc. loss =  0.0 D.
 Elastic phase shift   4 =  -69.904  13.112 deg. for the L =    3, J =    3.5 channel.
       2.0 -0.48333323 -0.40833593i: elastic S-matrix  @@      0.02  0   0 F  0
 Reaction Xsec     2.0+/ 3 @ 4 =   5.263 , Out:   0.000#   1.069#   5.263f


 Total SPIN, PARITY =     2.0 -,      4 chs,      0 cc.  Rmin & Coul turning =    0.2    1.7
   S-matrix    1 =   -0.16411  -0.64197 for L=    0, J=    0.5 channel on core I =   1.5 from L=    0,  Acc. loss =  0.0 D.
 Elastic phase shift   1 =  -52.170  11.791 deg. for the L =    0, J =    0.5 channel.
       2.0 -0.16410522 -0.64196550i: elastic S-matrix  @@      0.00  0   0 F  0
 Reaction Xsec     2.0-/ 0 @ 1 =   4.923 , Out:   0.000#   0.000#   4.923f

   S-matrix    2 =   -0.55446  -0.30033 for L=    2, J=    1.5 channel on core I =   1.5 from L=    2,  Acc. loss =  0.0 D.
 Elastic phase shift   2 =  -75.779  13.210 deg. for the L =    2, J =    1.5 channel.
       2.0 -0.55446238 -0.30033201i: elastic S-matrix  @@      0.00  0   0 F  0
 Reaction Xsec     2.0-/ 2 @ 2 =   5.287 , Out:   0.000#   0.000#   5.287f

   S-matrix    3 =   -0.34094  -0.54872 for L=    2, J=    2.5 channel on core I =   1.5 from L=    2,  Acc. loss =  0.0 D.
 Elastic phase shift   3 =  -60.927  12.517 deg. for the L =    2, J =    2.5 channel.
       2.0 -0.34094186 -0.54872345i: elastic S-matrix  @@      0.00  0   0 F  0
 Reaction Xsec     2.0-/ 2 @ 3 =   5.114 , Out:   0.000#   0.000#   5.114f

   S-matrix    4 =   -0.37425   0.40071 for L=    4, J=    3.5 channel on core I =   1.5 from L=    4,  Acc. loss =  0.0 D.
 Elastic phase shift   4 =   66.523  17.216 deg. for the L =    4, J =    3.5 channel.
       2.0 -0.37425472  0.40070520i: elastic S-matrix  @@      0.00  0   0 F  0
 Reaction Xsec     2.0-/ 4 @ 4 =   6.138 , Out:   0.000#   0.000#   6.138f


 Total SPIN, PARITY =     3.0 +,      4 chs,      0 cc.  Rmin & Coul turning =    0.2    2.4
   S-matrix    1 =   -0.26714  -0.63614 for L=    1, J=    1.5 channel on core I =   1.5 from L=    1,  Acc. loss =  0.0 D.
 Elastic phase shift   1 =  -56.390  10.632 deg. for the L =    1, J =    1.5 channel.
       3.0 -0.26714128 -0.63613583i: elastic S-matrix  @@      0.00  0   0 F  0
 Reaction Xsec     3.0+/ 1 @ 1 =   6.438 , Out:   0.000#   0.000#   6.438f

   S-matrix    2 =   -0.63744   0.09465 for L=    3, J=    2.5 channel on core I =   1.5 from L=    3,  Acc. loss =  0.0 D.
 Elastic phase shift   2 =   85.777  12.588 deg. for the L =    3, J =    2.5 channel.
       3.0 -0.63744005  0.09465082i: elastic S-matrix  @@      0.00  0   0 F  0
 Reaction Xsec     3.0+/ 3 @ 2 =   7.185 , Out:   0.000#   0.000#   7.185f

   S-matrix    3 =   -0.48333  -0.40834 for L=    3, J=    3.5 channel on core I =   1.5 from L=    3,  Acc. loss =  0.0 D.
 Elastic phase shift   3 =  -69.904  13.112 deg. for the L =    3, J =    3.5 channel.
       3.0 -0.48333323 -0.40833593i: elastic S-matrix  @@      0.00  0   0 F  0
 Reaction Xsec     3.0+/ 3 @ 3 =   7.368 , Out:   0.000#   0.000#   7.368f

   S-matrix    4 =    0.08637   0.40946 for L=    5, J=    4.5 channel on core I =   1.5 from L=    5,  Acc. loss =  0.0 D.
 Elastic phase shift   4 =   39.044  24.956 deg. for the L =    5, J =    4.5 channel.
       3.0  0.08637363  0.40946224i: elastic S-matrix  @@      0.00  0   0 F  0
 Reaction Xsec     3.0+/ 5 @ 4 =  10.136 , Out:   0.000#   0.000#  10.136f


 Total SPIN, PARITY =     3.0 -,      5 chs,      0 cc.  Rmin & Coul turning =    0.2    2.4
   S-matrix    1 =   -0.55446  -0.30033 for L=    2, J=    1.5 channel on core I =   1.5 from L=    2,  Acc. loss =  0.0 D.
 Elastic phase shift   1 =  -75.779  13.210 deg. for the L =    2, J =    1.5 channel.
       3.0 -0.55446238 -0.30033201i: elastic S-matrix  @@      0.02  0   0 F  0
 Reaction Xsec     3.0-/ 2 @ 1 =   7.402 , Out:   0.000#   0.011/   7.402f

   S-matrix    2 =   -0.34094  -0.54872 for L=    2, J=    2.5 channel on core I =   1.5 from L=    2,  Acc. loss =  0.0 D.
 Elastic phase shift   2 =  -60.927  12.517 deg. for the L =    2, J =    2.5 channel.
       3.0 -0.34094186 -0.54872345i: elastic S-matrix  @@      0.00  0   0 F  0
 Reaction Xsec     3.0-/ 2 @ 2 =   7.159 , Out:   0.000#   7.391#   7.159f

   S-matrix    3 =   -0.37425   0.40071 for L=    4, J=    3.5 channel on core I =   1.5 from L=    4,  Acc. loss =  0.0 D.
 Elastic phase shift   3 =   66.523  17.216 deg. for the L =    4, J =    3.5 channel.
       3.0 -0.37425472  0.40070520i: elastic S-matrix  @@      0.00  0   0 F  0
 Reaction Xsec     3.0-/ 4 @ 3 =   8.593 , Out:   0.000#   2.551#   8.593f

   S-matrix    4 =   -0.60403  -0.22010 for L=    4, J=    4.5 channel on core I =   1.5 from L=    4,  Acc. loss =  0.0 D.
 Elastic phase shift   4 =  -79.990  12.657 deg. for the L =    4, J =    4.5 channel.
       3.0 -0.60402517 -0.22009557i: elastic S-matrix  @@      0.02  0   0 F  0
 Reaction Xsec     3.0-/ 4 @ 4 =   7.209 , Out:   0.000#   0.014/   7.209f


 Total SPIN, PARITY =     4.0 +,      5 chs,      0 cc.  Rmin & Coul turning =    0.3    3.0
   S-matrix    1 =   -0.63744   0.09465 for L=    3, J=    2.5 channel on core I =   1.5 from L=    3,  Acc. loss =  0.0 D.
 Elastic phase shift   1 =   85.777  12.588 deg. for the L =    3, J =    2.5 channel.
       4.0 -0.63744005  0.09465082i: elastic S-matrix  @@      0.02  0   0 F  0
 Reaction Xsec     4.0+/ 3 @ 1 =   9.237 , Out:   0.000#   7.034#   9.237f

   S-matrix    2 =   -0.48333  -0.40834 for L=    3, J=    3.5 channel on core I =   1.5 from L=    3,  Acc. loss =  0.0 D.
 Elastic phase shift   2 =  -69.904  13.112 deg. for the L =    3, J =    3.5 channel.
       4.0 -0.48333323 -0.40833593i: elastic S-matrix  @@      0.00  0   0 F  0
 Reaction Xsec     4.0+/ 3 @ 2 =   9.473 , Out:   0.000#   0.651#   9.473f

   S-matrix    3 =    0.08637   0.40946 for L=    5, J=    4.5 channel on core I =   1.5 from L=    5,  Acc. loss =  0.0 D.
 Elastic phase shift   3 =   39.044  24.956 deg. for the L =    5, J =    4.5 channel.
       4.0  0.08637363  0.40946224i: elastic S-matrix  @@      0.02  0   0 F  0
 Reaction Xsec     4.0+/ 5 @ 3 =  13.032 , Out:   0.000#   0.197#  13.032f

   S-matrix    4 =   -0.39914   0.15905 for L=    5, J=    5.5 channel on core I =   1.5 from L=    5,  Acc. loss =  0.0 D.
 Elastic phase shift   4 =   79.137  24.200 deg. for the L =    5, J =    5.5 channel.
       4.0 -0.39914309  0.15904556i: elastic S-matrix  @@      0.00  0   0 F  0
 Reaction Xsec     4.0+/ 5 @ 4 =  12.882 , Out:   0.000#   2.907#  12.882f


 Total SPIN, PARITY =     4.0 -,      4 chs,      0 cc.  Rmin & Coul turning =    0.3    3.0
   S-matrix    1 =   -0.34094  -0.54872 for L=    2, J=    2.5 channel on core I =   1.5 from L=    2,  Acc. loss =  0.0 D.
 Elastic phase shift   1 =  -60.927  12.517 deg. for the L =    2, J =    2.5 channel.
       4.0 -0.34094186 -0.54872345i: elastic S-matrix  @@      0.00  0   0 F  0
 Reaction Xsec     4.0-/ 2 @ 1 =   9.205 , Out:   0.000#   0.000#   9.205f

   S-matrix    2 =   -0.37425   0.40071 for L=    4, J=    3.5 channel on core I =   1.5 from L=    4,  Acc. loss =  0.0 D.
 Elastic phase shift   2 =   66.523  17.216 deg. for the L =    4, J =    3.5 channel.
       4.0 -0.37425472  0.40070520i: elastic S-matrix  @@      0.00  0   0 F  0
 Reaction Xsec     4.0-/ 4 @ 2 =  11.049 , Out:   0.000#   0.000#  11.049f

   S-matrix    3 =   -0.60403  -0.22010 for L=    4, J=    4.5 channel on core I =   1.5 from L=    4,  Acc. loss =  0.0 D.
 Elastic phase shift   3 =  -79.990  12.657 deg. for the L =    4, J =    4.5 channel.
       4.0 -0.60402517 -0.22009557i: elastic S-matrix  @@      0.00  0   0 F  0
 Reaction Xsec     4.0-/ 4 @ 3 =   9.269 , Out:   0.000#   0.000#   9.269f

   S-matrix    4 =    0.52289   0.31476 for L=    6, J=    5.5 channel on core I =   1.5 from L=    6,  Acc. loss =  0.0 D.
 Elastic phase shift   4 =   15.523  14.146 deg. for the L =    6, J =    5.5 channel.
       4.0  0.52288682  0.31476348i: elastic S-matrix  @@      0.00  0   0 F  0
 Reaction Xsec     4.0-/ 6 @ 4 =   9.914 , Out:   0.000#   0.000#   9.914f


 Total SPIN, PARITY =     5.0 +,      4 chs,      0 cc.  Rmin & Coul turning =    0.4    3.7
   S-matrix    1 =   -0.48333  -0.40834 for L=    3, J=    3.5 channel on core I =   1.5 from L=    3,  Acc. loss =  0.0 D.
 Elastic phase shift   1 =  -69.904  13.112 deg. for the L =    3, J =    3.5 channel.
       5.0 -0.48333323 -0.40833593i: elastic S-matrix  @@      0.00  0   0 F  0
 Reaction Xsec     5.0+/ 3 @ 1 =  11.579 , Out:   0.000#   0.000#  11.579f

   S-matrix    2 =    0.08637   0.40946 for L=    5, J=    4.5 channel on core I =   1.5 from L=    5,  Acc. loss =  0.0 D.
 Elastic phase shift   2 =   39.044  24.956 deg. for the L =    5, J =    4.5 channel.
       5.0  0.08637363  0.40946224i: elastic S-matrix  @@      0.00  0   0 F  0
 Reaction Xsec     5.0+/ 5 @ 2 =  15.928 , Out:   0.000#   0.000#  15.928f

   S-matrix    3 =   -0.39914   0.15905 for L=    5, J=    5.5 channel on core I =   1.5 from L=    5,  Acc. loss =  0.0 D.
 Elastic phase shift   3 =   79.137  24.200 deg. for the L =    5, J =    5.5 channel.
       5.0 -0.39914309  0.15904556i: elastic S-matrix  @@      0.00  0   0 F  0
 Reaction Xsec     5.0+/ 5 @ 3 =  15.744 , Out:   0.000#   0.000#  15.744f

   S-matrix    4 =    0.81099   0.18231 for L=    7, J=    6.5 channel on core I =   1.5 from L=    7,  Acc. loss =  0.0 D.
 Elastic phase shift   4 =    6.335   5.295 deg. for the L =    7, J =    6.5 channel.
       5.0  0.81099316  0.18230585i: elastic S-matrix  @@      0.00  0   0 F  0
 Reaction Xsec     5.0+/ 7 @ 4 =   5.968 , Out:   0.000#   0.000#   5.968f


 Total SPIN, PARITY =     5.0 -,      5 chs,      0 cc.  Rmin & Coul turning =    0.4    3.7
   S-matrix    1 =   -0.37425   0.40071 for L=    4, J=    3.5 channel on core I =   1.5 from L=    4,  Acc. loss =  0.0 D.
 Elastic phase shift   1 =   66.523  17.216 deg. for the L =    4, J =    3.5 channel.
       5.0 -0.37425472  0.40070520i: elastic S-matrix  @@      0.02  0   0 F  0
 Reaction Xsec     5.0-/ 4 @ 1 =  13.504 , Out:   0.000#   0.020/  13.504f

   S-matrix    2 =   -0.60403  -0.22010 for L=    4, J=    4.5 channel on core I =   1.5 from L=    4,  Acc. loss =  0.0 D.
 Elastic phase shift   2 =  -79.990  12.657 deg. for the L =    4, J =    4.5 channel.
       5.0 -0.60402517 -0.22009557i: elastic S-matrix  @@      0.02  0   0 F  0
 Reaction Xsec     5.0-/ 4 @ 2 =  11.329 , Out:   0.000#   0.015/  11.329f

   S-matrix    3 =    0.52289   0.31476 for L=    6, J=    5.5 channel on core I =   1.5 from L=    6,  Acc. loss =  0.0 D.
 Elastic phase shift   3 =   15.523  14.146 deg. for the L =    6, J =    5.5 channel.
       5.0  0.52288682  0.31476348i: elastic S-matrix  @@      0.00  0   0 F  0
 Reaction Xsec     5.0-/ 6 @ 3 =  12.117 , Out:   0.000#   1.848#  12.117f

   S-matrix    4 =    0.24669   0.40251 for L=    6, J=    6.5 channel on core I =   1.5 from L=    6,  Acc. loss =  0.0 D.
 Elastic phase shift   4 =   29.248  21.503 deg. for the L =    6, J =    6.5 channel.
       5.0  0.24668816  0.40250521i: elastic S-matrix  @@      0.00  0   0 F  0
 Reaction Xsec     5.0-/ 6 @ 4 =  15.006 , Out:   0.000#   3.639#  15.006f


 Total SPIN, PARITY =     6.0 +,      5 chs,      0 cc.  Rmin & Coul turning =    0.5    4.4
   S-matrix    1 =    0.08637   0.40946 for L=    5, J=    4.5 channel on core I =   1.5 from L=    5,  Acc. loss =  0.0 D.
 Elastic phase shift   1 =   39.044  24.956 deg. for the L =    5, J =    4.5 channel.
       6.0  0.08637363  0.40946224i: elastic S-matrix  @@      0.02  0   0 F  0
 Reaction Xsec     6.0+/ 5 @ 1 =  18.823 , Out:   0.000#   0.362#  18.823f

   S-matrix    2 =   -0.39914   0.15905 for L=    5, J=    5.5 channel on core I =   1.5 from L=    5,  Acc. loss =  0.0 D.
 Elastic phase shift   2 =   79.137  24.200 deg. for the L =    5, J =    5.5 channel.
       6.0 -0.39914309  0.15904556i: elastic S-matrix  @@      0.02  0   0 F  0
 Reaction Xsec     6.0+/ 5 @ 2 =  18.607 , Out:   0.000#   2.034#  18.607f

   S-matrix    3 =    0.81099   0.18231 for L=    7, J=    6.5 channel on core I =   1.5 from L=    7,  Acc. loss =  0.0 D.
 Elastic phase shift   3 =    6.335   5.295 deg. for the L =    7, J =    6.5 channel.
       6.0  0.81099316  0.18230585i: elastic S-matrix  @@      0.00  0   0 F  0
 Reaction Xsec     6.0+/ 7 @ 3 =   7.053 , Out:   0.000#   1.638#   7.053f

   S-matrix    4 =    0.74964   0.26355 for L=    7, J=    7.5 channel on core I =   1.5 from L=    7,  Acc. loss =  0.0 D.
 Elastic phase shift   4 =    9.685   6.586 deg. for the L =    7, J =    7.5 channel.
       6.0  0.74963613  0.26355222i: elastic S-matrix  @@      0.00  0   0 F  0
 Reaction Xsec     6.0+/ 7 @ 4 =   8.411 , Out:   0.000#   6.243#   8.411f


 Total SPIN, PARITY =     6.0 -,      4 chs,      0 cc.  Rmin & Coul turning =    0.5    4.4
   S-matrix    1 =   -0.60403  -0.22010 for L=    4, J=    4.5 channel on core I =   1.5 from L=    4,  Acc. loss =  0.0 D.
 Elastic phase shift   1 =  -79.990  12.657 deg. for the L =    4, J =    4.5 channel.
       6.0 -0.60402517 -0.22009557i: elastic S-matrix  @@      0.00  0   0 F  0
 Reaction Xsec     6.0-/ 4 @ 1 =  13.389 , Out:   0.000#   0.000#  13.389f

   S-matrix    2 =    0.52289   0.31476 for L=    6, J=    5.5 channel on core I =   1.5 from L=    6,  Acc. loss =  0.0 D.
 Elastic phase shift   2 =   15.523  14.146 deg. for the L =    6, J =    5.5 channel.
       6.0  0.52288682  0.31476348i: elastic S-matrix  @@      0.00  0   0 F  0
 Reaction Xsec     6.0-/ 6 @ 2 =  14.320 , Out:   0.000#   0.000#  14.320f

   S-matrix    3 =    0.24669   0.40251 for L=    6, J=    6.5 channel on core I =   1.5 from L=    6,  Acc. loss =  0.0 D.
 Elastic phase shift   3 =   29.248  21.503 deg. for the L =    6, J =    6.5 channel.
       6.0  0.24668816  0.40250521i: elastic S-matrix  @@      0.00  0   0 F  0
 Reaction Xsec     6.0-/ 6 @ 3 =  17.734 , Out:   0.000#   0.000#  17.734f

   S-matrix    4 =    0.93731   0.08278 for L=    8, J=    7.5 channel on core I =   1.5 from L=    8,  Acc. loss =  0.0 D.
 Elastic phase shift   4 =    2.524   1.743 deg. for the L =    8, J =    7.5 channel.
       6.0  0.93730711  0.08278326i: elastic S-matrix  @@      0.00  0   0 F  0
 Reaction Xsec     6.0-/ 8 @ 4 =   2.615 , Out:   0.000#   0.000#   2.615f


 Total SPIN, PARITY =     7.0 +,      4 chs,      0 cc.  Rmin & Coul turning =    0.6    5.0
   S-matrix    1 =   -0.39914   0.15905 for L=    5, J=    5.5 channel on core I =   1.5 from L=    5,  Acc. loss =  0.0 D.
 Elastic phase shift   1 =   79.137  24.200 deg. for the L =    5, J =    5.5 channel.
       7.0 -0.39914309  0.15904556i: elastic S-matrix  @@      0.00  0   0 F  0
 Reaction Xsec     7.0+/ 5 @ 1 =  21.470 , Out:   0.000#   0.000#  21.470f

   S-matrix    2 =    0.81099   0.18231 for L=    7, J=    6.5 channel on core I =   1.5 from L=    7,  Acc. loss =  0.0 D.
 Elastic phase shift   2 =    6.335   5.295 deg. for the L =    7, J =    6.5 channel.
       7.0  0.81099316  0.18230585i: elastic S-matrix  @@      0.00  0   0 F  0
 Reaction Xsec     7.0+/ 7 @ 2 =   8.138 , Out:   0.000#   0.000#   8.138f

   S-matrix    3 =    0.74964   0.26355 for L=    7, J=    7.5 channel on core I =   1.5 from L=    7,  Acc. loss =  0.0 D.
 Elastic phase shift   3 =    9.685   6.586 deg. for the L =    7, J =    7.5 channel.
       7.0  0.74963613  0.26355222i: elastic S-matrix  @@      0.00  0   0 F  0
 Reaction Xsec     7.0+/ 7 @ 3 =   9.705 , Out:   0.000#   0.000#   9.705f

   S-matrix    4 =    0.98065   0.03308 for L=    9, J=    8.5 channel on core I =   1.5 from L=    9,  Acc. loss =  0.0 D.
 Elastic phase shift   4 =    0.966   0.543 deg. for the L =    9, J =    8.5 channel.
       7.0  0.98065051  0.03307501i: elastic S-matrix  @@      0.00  0   0 F  0
 Reaction Xsec     7.0+/ 9 @ 4 =   0.980 , Out:   0.000#   0.000#   0.980f


 Total SPIN, PARITY =     7.0 -,      5 chs,      0 cc.  Rmin & Coul turning =    0.6    5.0
   S-matrix    1 =    0.52289   0.31476 for L=    6, J=    5.5 channel on core I =   1.5 from L=    6,  Acc. loss =  0.0 D.
 Elastic phase shift   1 =   15.523  14.146 deg. for the L =    6, J =    5.5 channel.
       7.0  0.52288682  0.31476348i: elastic S-matrix  @@      0.02  0   0 F  0
 Reaction Xsec     7.0-/ 6 @ 1 =  16.523 , Out:   0.000#   0.033/  16.523f

   S-matrix    2 =    0.24669   0.40251 for L=    6, J=    6.5 channel on core I =   1.5 from L=    6,  Acc. loss =  0.0 D.
 Elastic phase shift   2 =   29.248  21.503 deg. for the L =    6, J =    6.5 channel.
       7.0  0.24668816  0.40250521i: elastic S-matrix  @@      0.02  0   0 F  0
 Reaction Xsec     7.0-/ 6 @ 2 =  20.462 , Out:   0.000#   9.156#  20.462f

   S-matrix    3 =    0.93731   0.08278 for L=    8, J=    7.5 channel on core I =   1.5 from L=    8,  Acc. loss =  0.0 D.
 Elastic phase shift   3 =    2.524   1.743 deg. for the L =    8, J =    7.5 channel.
       7.0  0.93730711  0.08278326i: elastic S-matrix  @@      0.00  0   0 F  0
 Reaction Xsec     7.0-/ 8 @ 3 =   3.018 , Out:   0.000#   0.799#   3.018f

   S-matrix    4 =    0.92856   0.11141 for L=    8, J=    8.5 channel on core I =   1.5 from L=    8,  Acc. loss =  0.0 D.
 Elastic phase shift   4 =    3.421   1.919 deg. for the L =    8, J =    8.5 channel.
       7.0  0.92856127  0.11140681i: elastic S-matrix  @@      0.00  0   0 F  0
 Reaction Xsec     7.0-/ 8 @ 4 =   3.301 , Out:   0.000#   3.204#   3.301f


 Total SPIN, PARITY =     8.0 +,      5 chs,      0 cc.  Rmin & Coul turning =    0.6    5.7
   S-matrix    1 =    0.81099   0.18231 for L=    7, J=    6.5 channel on core I =   1.5 from L=    7,  Acc. loss =  0.0 D.
 Elastic phase shift   1 =    6.335   5.295 deg. for the L =    7, J =    6.5 channel.
       8.0  0.81099316  0.18230585i: elastic S-matrix  @@      0.03  0   0 F  0
 Reaction Xsec     8.0+/ 7 @ 1 =   9.223 , Out:   0.000#   0.029/   9.222f

   S-matrix    2 =    0.74964   0.26355 for L=    7, J=    7.5 channel on core I =   1.5 from L=    7,  Acc. loss =  0.0 D.
 Elastic phase shift   2 =    9.685   6.586 deg. for the L =    7, J =    7.5 channel.
       8.0  0.74963613  0.26355222i: elastic S-matrix  @@      0.00  0   0 F  0
 Reaction Xsec     8.0+/ 7 @ 2 =  10.999 , Out:   0.000#   0.012/  10.999f

   S-matrix    3 =    0.98065   0.03308 for L=    9, J=    8.5 channel on core I =   1.5 from L=    9,  Acc. loss =  0.0 D.
 Elastic phase shift   3 =    0.966   0.543 deg. for the L =    9, J =    8.5 channel.
       8.0  0.98065051  0.03307501i: elastic S-matrix  @@      0.02  0   0 F  0
 Reaction Xsec     8.0+/ 9 @ 3 =   1.111 , Out:   0.000#   0.264#   1.111f

   S-matrix    4 =    0.97956   0.04156 for L=    9, J=    9.5 channel on core I =   1.5 from L=    9,  Acc. loss =  0.0 D.
 Elastic phase shift   4 =    1.215   0.566 deg. for the L =    9, J =    9.5 channel.
       8.0  0.97956023  0.04155678i: elastic S-matrix  @@      0.00  0   0 F  0
 Reaction Xsec     8.0+/ 9 @ 4 =   1.156 , Out:   0.000#   0.987#   1.156f


 Total SPIN, PARITY =     8.0 -,      4 chs,      0 cc.  Rmin & Coul turning =    0.6    5.7
   S-matrix    1 =    0.24669   0.40251 for L=    6, J=    6.5 channel on core I =   1.5 from L=    6,  Acc. loss =  0.0 D.
 Elastic phase shift   1 =   29.248  21.503 deg. for the L =    6, J =    6.5 channel.
       8.0  0.24668816  0.40250521i: elastic S-matrix  @@      0.00  0   0 F  0
 Reaction Xsec     8.0-/ 6 @ 1 =  23.191 , Out:   0.000#   0.000#  23.191f

   S-matrix    2 =    0.93731   0.08278 for L=    8, J=    7.5 channel on core I =   1.5 from L=    8,  Acc. loss =  0.0 D.
 Elastic phase shift   2 =    2.524   1.743 deg. for the L =    8, J =    7.5 channel.
       8.0  0.93730711  0.08278326i: elastic S-matrix  @@      0.00  0   0 F  0
 Reaction Xsec     8.0-/ 8 @ 2 =   3.420 , Out:   0.000#   0.000#   3.420f

   S-matrix    3 =    0.92856   0.11141 for L=    8, J=    8.5 channel on core I =   1.5 from L=    8,  Acc. loss =  0.0 D.
 Elastic phase shift   3 =    3.421   1.919 deg. for the L =    8, J =    8.5 channel.
       8.0  0.92856127  0.11140681i: elastic S-matrix  @@      0.00  0   0 F  0
 Reaction Xsec     8.0-/ 8 @ 3 =   3.741 , Out:   0.000#   0.000#   3.741f

   S-matrix    4 =    0.99418   0.01250 for L=   10, J=    9.5 channel on core I =   1.5 from L=   10,  Acc. loss =  0.0 D.
 Elastic phase shift   4 =    0.360   0.165 deg. for the L =   10, J =    9.5 channel.
       8.0  0.99417678  0.01250339i: elastic S-matrix  @@      0.00  0   0 F  0
 Reaction Xsec     8.0-/10 @ 4 =   0.342 , Out:   0.000#   0.000#   0.342f


 Total SPIN, PARITY =     9.0 +,      4 chs,      0 cc.  Rmin & Coul turning =    0.7    6.4
   S-matrix    1 =    0.74964   0.26355 for L=    7, J=    7.5 channel on core I =   1.5 from L=    7,  Acc. loss =  0.0 D.
 Elastic phase shift   1 =    9.685   6.586 deg. for the L =    7, J =    7.5 channel.
       9.0  0.74963613  0.26355222i: elastic S-matrix  @@      0.00  0   0 F  0
 Reaction Xsec     9.0+/ 7 @ 1 =  12.293 , Out:   0.000#   0.000#  12.293f

   S-matrix    2 =    0.98065   0.03308 for L=    9, J=    8.5 channel on core I =   1.5 from L=    9,  Acc. loss =  0.0 D.
 Elastic phase shift   2 =    0.966   0.543 deg. for the L =    9, J =    8.5 channel.
       9.0  0.98065051  0.03307501i: elastic S-matrix  @@      0.00  0   0 F  0
 Reaction Xsec     9.0+/ 9 @ 2 =   1.242 , Out:   0.000#   0.000#   1.242f

   S-matrix    3 =    0.97956   0.04156 for L=    9, J=    9.5 channel on core I =   1.5 from L=    9,  Acc. loss =  0.0 D.
 Elastic phase shift   3 =    1.215   0.566 deg. for the L =    9, J =    9.5 channel.
       9.0  0.97956023  0.04155678i: elastic S-matrix  @@      0.00  0   0 F  0
 Reaction Xsec     9.0+/ 9 @ 3 =   1.292 , Out:   0.000#   0.000#   1.292f

   S-matrix    4 =    0.99826   0.00461 for L=   11, J=   10.5 channel on core I =   1.5 from L=   11,  Acc. loss =  0.0 D.
 Elastic phase shift   4 =    0.132   0.049 deg. for the L =   11, J =   10.5 channel.
       9.0  0.99826487  0.00461420i: elastic S-matrix  @@      0.00  0   0 F  0
 Reaction Xsec     9.0+/11 @ 4 =   0.115 , Out:   0.000#   0.000#   0.115f


 Total SPIN, PARITY =     9.0 -,      5 chs,      0 cc.  Rmin & Coul turning =    0.7    6.4
   S-matrix    1 =    0.93731   0.08278 for L=    8, J=    7.5 channel on core I =   1.5 from L=    8,  Acc. loss =  0.0 D.
 Elastic phase shift   1 =    2.524   1.743 deg. for the L =    8, J =    7.5 channel.
       9.0  0.93730711  0.08278326i: elastic S-matrix  @@      0.02  0   0 F  0
 Reaction Xsec     9.0-/ 8 @ 1 =   3.822 , Out:   0.000#   0.011/   3.822f

   S-matrix    2 =    0.92856   0.11141 for L=    8, J=    8.5 channel on core I =   1.5 from L=    8,  Acc. loss =  0.0 D.
 Elastic phase shift   2 =    3.421   1.919 deg. for the L =    8, J =    8.5 channel.
       9.0  0.92856127  0.11140681i: elastic S-matrix  @@      0.00  0   0 F  0
 Reaction Xsec     9.0-/ 8 @ 2 =   4.181 , Out:   0.000#   4.885#   4.181f

   S-matrix    3 =    0.99418   0.01250 for L=   10, J=    9.5 channel on core I =   1.5 from L=   10,  Acc. loss =  0.0 D.
 Elastic phase shift   3 =    0.360   0.165 deg. for the L =   10, J =    9.5 channel.
       9.0  0.99417678  0.01250339i: elastic S-matrix  @@      0.02  0   0 F  0
 Reaction Xsec     9.0-/10 @ 3 =   0.382 , Out:   0.000#   0.118#   0.382f

   S-matrix    4 =    0.99405   0.01497 for L=   10, J=   10.5 channel on core I =   1.5 from L=   10,  Acc. loss =  0.0 D.
 Elastic phase shift   4 =    0.431   0.168 deg. for the L =   10, J =   10.5 channel.
       9.0  0.99404625  0.01496986i: elastic S-matrix  @@      0.00  0   0 F  0
 Reaction Xsec     9.0-/10 @ 4 =   0.388 , Out:   0.000#   0.434#   0.388f


 Total SPIN, PARITY =    10.0 +,      5 chs,      0 cc.  Rmin & Coul turning =    0.8    7.1
   S-matrix    1 =    0.98065   0.03308 for L=    9, J=    8.5 channel on core I =   1.5 from L=    9,  Acc. loss =  0.0 D.
 Elastic phase shift   1 =    0.966   0.543 deg. for the L =    9, J =    8.5 channel.
      10.0  0.98065051  0.03307501i: elastic S-matrix  @@      0.02  0   0 F  0
 Reaction Xsec    10.0+/ 9 @ 1 =   1.372 , Out:   0.000#   7.940#   1.372f

   S-matrix    2 =    0.97956   0.04156 for L=    9, J=    9.5 channel on core I =   1.5 from L=    9,  Acc. loss =  0.0 D.
 Elastic phase shift   2 =    1.215   0.566 deg. for the L =    9, J =    9.5 channel.
      10.0  0.97956023  0.04155678i: elastic S-matrix  @@      0.00  0   0 F  0
 Reaction Xsec    10.0+/ 9 @ 2 =   1.428 , Out:   0.000#   3.323#   1.428f

   S-matrix    3 =    0.99826   0.00461 for L=   11, J=   10.5 channel on core I =   1.5 from L=   11,  Acc. loss =  0.0 D.
 Elastic phase shift   3 =    0.132   0.049 deg. for the L =   11, J =   10.5 channel.
      10.0  0.99826487  0.00461420i: elastic S-matrix  @@      0.02  0   0 F  0
 Reaction Xsec    10.0+/11 @ 3 =   0.127 , Out:   0.000#   0.016#   0.127f

   S-matrix    4 =    0.99825   0.00534 for L=   11, J=   11.5 channel on core I =   1.5 from L=   11,  Acc. loss =  0.0 D.
 Elastic phase shift   4 =    0.153   0.050 deg. for the L =   11, J =   11.5 channel.
      10.0  0.99824956  0.00533629i: elastic S-matrix  @@      0.00  0   0 F  0
 Reaction Xsec    10.0+/11 @ 4 =   0.128 , Out:   0.000#   0.059#   0.128f


 Total SPIN, PARITY =    10.0 -,      4 chs,      0 cc.  Rmin & Coul turning =    0.8    7.1
   S-matrix    1 =    0.92856   0.11141 for L=    8, J=    8.5 channel on core I =   1.5 from L=    8,  Acc. loss =  0.0 D.
 Elastic phase shift   1 =    3.421   1.919 deg. for the L =    8, J =    8.5 channel.
      10.0  0.92856127  0.11140681i: elastic S-matrix  @@      0.00  0   0 F  0
 Reaction Xsec    10.0-/ 8 @ 1 =   4.621 , Out:   0.000#   0.000#   4.621f

   S-matrix    2 =    0.99418   0.01250 for L=   10, J=    9.5 channel on core I =   1.5 from L=   10,  Acc. loss =  0.0 D.
 Elastic phase shift   2 =    0.360   0.165 deg. for the L =   10, J =    9.5 channel.
      10.0  0.99417678  0.01250339i: elastic S-matrix  @@      0.00  0   0 F  0
 Reaction Xsec    10.0-/10 @ 2 =   0.422 , Out:   0.000#   0.000#   0.422f

   S-matrix    3 =    0.99405   0.01497 for L=   10, J=   10.5 channel on core I =   1.5 from L=   10,  Acc. loss =  0.0 D.
 Elastic phase shift   3 =    0.431   0.168 deg. for the L =   10, J =   10.5 channel.
      10.0  0.99404625  0.01496986i: elastic S-matrix  @@      0.00  0   0 F  0
 Reaction Xsec    10.0-/10 @ 3 =   0.429 , Out:   0.000#   0.000#   0.429f

   S-matrix    4 =    0.99949   0.00168 for L=   12, J=   11.5 channel on core I =   1.5 from L=   12,  Acc. loss =  0.0 D.
 Elastic phase shift   4 =    0.048   0.015 deg. for the L =   12, J =   11.5 channel.
      10.0  0.99948550  0.00168266i: elastic S-matrix  @@      0.00  0   0 F  0
 Reaction Xsec    10.0-/12 @ 4 =   0.038 , Out:   0.000#   0.000#   0.038f


 Total SPIN, PARITY =    11.0 +,      4 chs,      0 cc.  Rmin & Coul turning =    0.9    7.7
   S-matrix    1 =    0.97956   0.04156 for L=    9, J=    9.5 channel on core I =   1.5 from L=    9,  Acc. loss =  0.0 D.
 Elastic phase shift   1 =    1.215   0.566 deg. for the L =    9, J =    9.5 channel.
      11.0  0.97956023  0.04155678i: elastic S-matrix  @@      0.00  0   0 F  0
 Reaction Xsec    11.0+/ 9 @ 1 =   1.564 , Out:   0.000#   0.000#   1.564f

   S-matrix    2 =    0.99826   0.00461 for L=   11, J=   10.5 channel on core I =   1.5 from L=   11,  Acc. loss =  0.0 D.
 Elastic phase shift   2 =    0.132   0.049 deg. for the L =   11, J =   10.5 channel.
      11.0  0.99826487  0.00461420i: elastic S-matrix  @@      0.00  0   0 F  0
 Reaction Xsec    11.0+/11 @ 2 =   0.139 , Out:   0.000#   0.000#   0.139f

   S-matrix    3 =    0.99825   0.00534 for L=   11, J=   11.5 channel on core I =   1.5 from L=   11,  Acc. loss =  0.0 D.
 Elastic phase shift   3 =    0.153   0.050 deg. for the L =   11, J =   11.5 channel.
      11.0  0.99824956  0.00533629i: elastic S-matrix  @@      0.00  0   0 F  0
 Reaction Xsec    11.0+/11 @ 3 =   0.140 , Out:   0.000#   0.000#   0.140f

   S-matrix    4 =    0.99985   0.00061 for L=   13, J=   12.5 channel on core I =   1.5 from L=   13,  Acc. loss =  0.0 D.
 Elastic phase shift   4 =    0.017   0.004 deg. for the L =   13, J =   12.5 channel.
      11.0  0.99984789  0.00060929i: elastic S-matrix  @@      0.00  0   0 F  0
 Reaction Xsec    11.0+/13 @ 4 =   0.012 , Out:   0.000#   0.000#   0.012f


 Total SPIN, PARITY =    11.0 -,      5 chs,      0 cc.  Rmin & Coul turning =    0.9    7.7
   S-matrix    1 =    0.99418   0.01250 for L=   10, J=    9.5 channel on core I =   1.5 from L=   10,  Acc. loss =  0.0 D.
 Elastic phase shift   1 =    0.360   0.165 deg. for the L =   10, J =    9.5 channel.
      11.0  0.99417678  0.01250339i: elastic S-matrix  @@      0.02  0   0 F  0
 Reaction Xsec    11.0-/10 @ 1 =   0.463 , Out:   0.000#   1.828#   0.463f

   S-matrix    2 =    0.99405   0.01497 for L=   10, J=   10.5 channel on core I =   1.5 from L=   10,  Acc. loss =  0.0 D.
 Elastic phase shift   2 =    0.431   0.168 deg. for the L =   10, J =   10.5 channel.
      11.0  0.99404625  0.01496986i: elastic S-matrix  @@      0.00  0   0 F  0
 Reaction Xsec    11.0-/10 @ 2 =   0.470 , Out:   0.000#   0.734#   0.470f

   S-matrix    3 =    0.99949   0.00168 for L=   12, J=   11.5 channel on core I =   1.5 from L=   12,  Acc. loss =  0.0 D.
 Elastic phase shift   3 =    0.048   0.015 deg. for the L =   12, J =   11.5 channel.
      11.0  0.99948550  0.00168266i: elastic S-matrix  @@      0.02  0   0 F  0
 Reaction Xsec    11.0-/12 @ 3 =   0.041 , Out:   0.000#   0.010#   0.041f

   S-matrix    4 =    0.99948   0.00190 for L=   12, J=   12.5 channel on core I =   1.5 from L=   12,  Acc. loss =  0.0 D.
 Elastic phase shift   4 =    0.054   0.015 deg. for the L =   12, J =   12.5 channel.
      11.0  0.99948373  0.00189535i: elastic S-matrix  @@      0.00  0   0 F  0
 Reaction Xsec    11.0-/12 @ 4 =   0.042 , Out:   0.000#   0.037#   0.042f


 Total SPIN, PARITY =    12.0 +,      5 chs,      0 cc.  Rmin & Coul turning =    1.0    8.4
   S-matrix    1 =    0.99826   0.00461 for L=   11, J=   10.5 channel on core I =   1.5 from L=   11,  Acc. loss =  0.0 D.
 Elastic phase shift   1 =    0.132   0.049 deg. for the L =   11, J =   10.5 channel.
      12.0  0.99826487  0.00461420i: elastic S-matrix  @@      0.02  0   0 F  0
 Reaction Xsec    12.0+/11 @ 1 =   0.151 , Out:   0.000#   0.068#   0.151f

   S-matrix    2 =    0.99825   0.00534 for L=   11, J=   11.5 channel on core I =   1.5 from L=   11,  Acc. loss =  0.0 D.
 Elastic phase shift   2 =    0.153   0.050 deg. for the L =   11, J =   11.5 channel.
      12.0  0.99824956  0.00533629i: elastic S-matrix  @@      0.00  0   0 F  0
 Reaction Xsec    12.0+/11 @ 2 =   0.152 , Out:   0.000#   0.026#   0.152f

   S-matrix    3 =    0.99985   0.00061 for L=   13, J=   12.5 channel on core I =   1.5 from L=   13,  Acc. loss =  0.0 D.
 Elastic phase shift   3 =    0.017   0.004 deg. for the L =   13, J =   12.5 channel.
      12.0  0.99984789  0.00060929i: elastic S-matrix  @@      0.02  0   0 F  0
 Reaction Xsec    12.0+/13 @ 3 =   0.013 , Out:   0.000#   0.001#   0.013f

   S-matrix    4 =    0.99985   0.00067 for L=   13, J=   13.5 channel on core I =   1.5 from L=   13,  Acc. loss =  0.0 D.
 Elastic phase shift   4 =    0.019   0.004 deg. for the L =   13, J =   13.5 channel.
      12.0  0.99984769  0.00067209i: elastic S-matrix  @@      0.00  0   0 F  0
 Reaction Xsec    12.0+/13 @ 4 =   0.013 , Out:   0.000#   0.004#   0.013f


 Total SPIN, PARITY =    12.0 -,      4 chs,      0 cc.  Rmin & Coul turning =    1.0    8.4
   S-matrix    1 =    0.99405   0.01497 for L=   10, J=   10.5 channel on core I =   1.5 from L=   10,  Acc. loss =  0.0 D.
 Elastic phase shift   1 =    0.431   0.168 deg. for the L =   10, J =   10.5 channel.
      12.0  0.99404625  0.01496986i: elastic S-matrix  @@      0.00  0   0 F  0
 Reaction Xsec    12.0-/10 @ 1 =   0.511 , Out:   0.000#   0.000#   0.511f

   S-matrix    2 =    0.99949   0.00168 for L=   12, J=   11.5 channel on core I =   1.5 from L=   12,  Acc. loss =  0.0 D.
 Elastic phase shift   2 =    0.048   0.015 deg. for the L =   12, J =   11.5 channel.
      12.0  0.99948550  0.00168266i: elastic S-matrix  @@      0.00  0   0 F  0
 Reaction Xsec    12.0-/12 @ 2 =   0.045 , Out:   0.000#   0.000#   0.045f

   S-matrix    3 =    0.99948   0.00190 for L=   12, J=   12.5 channel on core I =   1.5 from L=   12,  Acc. loss =  0.0 D.
 Elastic phase shift   3 =    0.054   0.015 deg. for the L =   12, J =   12.5 channel.
      12.0  0.99948373  0.00189535i: elastic S-matrix  @@      0.00  0   0 F  0
 Reaction Xsec    12.0-/12 @ 3 =   0.045 , Out:   0.000#   0.000#   0.045f

   S-matrix    4 =    0.99996   0.00022 for L=   14, J=   13.5 channel on core I =   1.5 from L=   14,  Acc. loss =  0.0 D.
 Elastic phase shift   4 =    0.006   0.001 deg. for the L =   14, J =   13.5 channel.
      12.0  0.99995513  0.00021953i: elastic S-matrix  @@      0.00  0   0 F  0
 Reaction Xsec    12.0-/14 @ 4 =   3.936/, Out:   0.000#   0.000#   0.004f


 Total SPIN, PARITY =    13.0 +,      4 chs,      0 cc.  Rmin & Coul turning =    1.0    9.1
   S-matrix    1 =    0.99825   0.00534 for L=   11, J=   11.5 channel on core I =   1.5 from L=   11,  Acc. loss =  0.0 D.
 Elastic phase shift   1 =    0.153   0.050 deg. for the L =   11, J =   11.5 channel.
      13.0  0.99824956  0.00533629i: elastic S-matrix  @@      0.00  0   0 F  0
 Reaction Xsec    13.0+/11 @ 1 =   0.164 , Out:   0.000#   0.000#   0.164f

   S-matrix    2 =    0.99985   0.00061 for L=   13, J=   12.5 channel on core I =   1.5 from L=   13,  Acc. loss =  0.0 D.
 Elastic phase shift   2 =    0.017   0.004 deg. for the L =   13, J =   12.5 channel.
      13.0  0.99984789  0.00060929i: elastic S-matrix  @@      0.00  0   0 F  0
 Reaction Xsec    13.0+/13 @ 2 =   0.014 , Out:   0.000#   0.000#   0.014f

   S-matrix    3 =    0.99985   0.00067 for L=   13, J=   13.5 channel on core I =   1.5 from L=   13,  Acc. loss =  0.0 D.
 Elastic phase shift   3 =    0.019   0.004 deg. for the L =   13, J =   13.5 channel.
      13.0  0.99984769  0.00067209i: elastic S-matrix  @@      0.00  0   0 F  0
 Reaction Xsec    13.0+/13 @ 3 =   0.014 , Out:   0.000#   0.000#   0.014f

   S-matrix    4 =    0.99999   0.00008 for L=   15, J=   14.5 channel on core I =   1.5 from L=   15,  Acc. loss =  0.0 D.
 Elastic phase shift   4 =    0.002   0.000 deg. for the L =   15, J =   14.5 channel.
      13.0  0.99998679  0.00007880i: elastic S-matrix  @@      0.00  0   0 F  0
 Reaction Xsec    13.0+/15 @ 4 =   1.252/, Out:   0.000#   0.000#   0.001f


 Total SPIN, PARITY =    13.0 -,      5 chs,      0 cc.  Rmin & Coul turning =    1.0    9.1
   S-matrix    1 =    0.99949   0.00168 for L=   12, J=   11.5 channel on core I =   1.5 from L=   12,  Acc. loss =  0.0 D.
 Elastic phase shift   1 =    0.048   0.015 deg. for the L =   12, J =   11.5 channel.
      13.0  0.99948550  0.00168266i: elastic S-matrix  @@      0.02  0   0 F  0
 Reaction Xsec    13.0-/12 @ 1 =   0.049 , Out:   0.000#   0.025#   0.049f

   S-matrix    2 =    0.99948   0.00190 for L=   12, J=   12.5 channel on core I =   1.5 from L=   12,  Acc. loss =  0.0 D.
 Elastic phase shift   2 =    0.054   0.015 deg. for the L =   12, J =   12.5 channel.
      13.0  0.99948373  0.00189535i: elastic S-matrix  @@      0.00  0   0 F  0
 Reaction Xsec    13.0-/12 @ 2 =   0.049 , Out:   0.000#   0.010#   0.049f

   S-matrix    3 =    0.99996   0.00022 for L=   14, J=   13.5 channel on core I =   1.5 from L=   14,  Acc. loss =  0.0 D.
 Elastic phase shift   3 =    0.006   0.001 deg. for the L =   14, J =   13.5 channel.
      13.0  0.99995513  0.00021953i: elastic S-matrix  @@      0.02  0   0 F  0
 Reaction Xsec    13.0-/14 @ 3 =   4.251/, Out:   0.000#   0.000#   0.004f

   S-matrix    4 =    0.99996   0.00024 for L=   14, J=   14.5 channel on core I =   1.5 from L=   14,  Acc. loss =  0.0 D.
 Elastic phase shift   4 =    0.007   0.001 deg. for the L =   14, J =   14.5 channel.
      13.0  0.99995510  0.00023808i: elastic S-matrix  @@      0.00  0   0 F  0
 Reaction Xsec    13.0-/14 @ 4 =   4.253/, Out:   0.000#   0.000#   0.004f


 Total SPIN, PARITY =    14.0 +,      5 chs,      0 cc.  Rmin & Coul turning =    1.1    9.7
   S-matrix    1 =    0.99985   0.00061 for L=   13, J=   12.5 channel on core I =   1.5 from L=   13,  Acc. loss =  0.0 D.
 Elastic phase shift   1 =    0.017   0.004 deg. for the L =   13, J =   12.5 channel.
      14.0  0.99984789  0.00060929i: elastic S-matrix  @@      0.02  0   0 F  0
 Reaction Xsec    14.0+/13 @ 1 =   0.015 , Out:   0.000#   0.012#   0.015f

   S-matrix    2 =    0.99985   0.00067 for L=   13, J=   13.5 channel on core I =   1.5 from L=   13,  Acc. loss =  0.0 D.
 Elastic phase shift   2 =    0.019   0.004 deg. for the L =   13, J =   13.5 channel.
      14.0  0.99984769  0.00067209i: elastic S-matrix  @@      0.00  0   0 F  0
 Reaction Xsec    14.0+/13 @ 2 =   0.015 , Out:   0.000#   0.005#   0.015f

   S-matrix    3 =    0.99999   0.00008 for L=   15, J=   14.5 channel on core I =   1.5 from L=   15,  Acc. loss =  0.0 D.
 Elastic phase shift   3 =    0.002   0.000 deg. for the L =   15, J =   14.5 channel.
      14.0  0.99998679  0.00007880i: elastic S-matrix  @@      0.02  0   0 F  0
 Reaction Xsec    14.0+/15 @ 3 =   1.345/, Out:   0.000#   0.000#   0.001f

   S-matrix    4 =    0.99999   0.00008 for L=   15, J=   15.5 channel on core I =   1.5 from L=   15,  Acc. loss =  0.0 D.
 Elastic phase shift   4 =    0.002   0.000 deg. for the L =   15, J =   15.5 channel.
      14.0  0.99998678  0.00008427i: elastic S-matrix  @@      0.00  0   0 F  0
 Reaction Xsec    14.0+/15 @ 4 =   1.345/, Out:   0.000#   0.001#   0.001f


 Total SPIN, PARITY =    14.0 -,      4 chs,      0 cc.  Rmin & Coul turning =    1.1    9.7
   S-matrix    1 =    0.99948   0.00190 for L=   12, J=   12.5 channel on core I =   1.5 from L=   12,  Acc. loss =  0.0 D.
 Elastic phase shift   1 =    0.054   0.015 deg. for the L =   12, J =   12.5 channel.
      14.0  0.99948373  0.00189535i: elastic S-matrix  @@      0.00  0   0 F  0
 Reaction Xsec    14.0-/12 @ 1 =   0.052 , Out:   0.000#   0.000#   0.052f

   S-matrix    2 =    0.99996   0.00022 for L=   14, J=   13.5 channel on core I =   1.5 from L=   14,  Acc. loss =  0.0 D.
 Elastic phase shift   2 =    0.006   0.001 deg. for the L =   14, J =   13.5 channel.
      14.0  0.99995513  0.00021953i: elastic S-matrix  @@      0.00  0   0 F  0
 Reaction Xsec    14.0-/14 @ 2 =   4.566/, Out:   0.000#   0.000#   0.005f

   S-matrix    3 =    0.99996   0.00024 for L=   14, J=   14.5 channel on core I =   1.5 from L=   14,  Acc. loss =  0.0 D.
 Elastic phase shift   3 =    0.007   0.001 deg. for the L =   14, J =   14.5 channel.
      14.0  0.99995510  0.00023808i: elastic S-matrix  @@      0.00  0   0 F  0
 Reaction Xsec    14.0-/14 @ 3 =   4.568/, Out:   0.000#   0.000#   0.005f

   S-matrix    4 =    1.00000   0.00003 for L=   16, J=   15.5 channel on core I =   1.5 from L=   16,  Acc. loss =  0.0 D.
 Elastic phase shift   4 =    0.001   0.000 deg. for the L =   16, J =   15.5 channel.
      14.0  0.99999612  0.00002820i: elastic S-matrix  @@      0.00  0   0 F  0
 Reaction Xsec    14.0-/16 @ 4 =   0.395/, Out:   0.000#   0.000#   0.000f


 Total SPIN, PARITY =    15.0 +,      4 chs,      0 cc.  Rmin & Coul turning =    1.2   10.4
   S-matrix    1 =    0.99985   0.00067 for L=   13, J=   13.5 channel on core I =   1.5 from L=   13,  Acc. loss =  0.0 D.
 Elastic phase shift   1 =    0.019   0.004 deg. for the L =   13, J =   13.5 channel.
      15.0  0.99984769  0.00067209i: elastic S-matrix  @@      0.00  0   0 F  0
 Reaction Xsec    15.0+/13 @ 1 =   0.017 , Out:   0.000#   0.000#   0.017f

   S-matrix    2 =    0.99999   0.00008 for L=   15, J=   14.5 channel on core I =   1.5 from L=   15,  Acc. loss =  0.0 D.
 Elastic phase shift   2 =    0.002   0.000 deg. for the L =   15, J =   14.5 channel.
      15.0  0.99998679  0.00007880i: elastic S-matrix  @@      0.00  0   0 F  0
 Reaction Xsec    15.0+/15 @ 2 =   1.438/, Out:   0.000#   0.000#   0.001f

   S-matrix    3 =    0.99999   0.00008 for L=   15, J=   15.5 channel on core I =   1.5 from L=   15,  Acc. loss =  0.0 D.
 Elastic phase shift   3 =    0.002   0.000 deg. for the L =   15, J =   15.5 channel.
      15.0  0.99998678  0.00008427i: elastic S-matrix  @@      0.00  0   0 F  0
 Reaction Xsec    15.0+/15 @ 3 =   1.438/, Out:   0.000#   0.000#   0.001f

   S-matrix    4 =    1.00000   0.00001 for L=   17, J=   16.5 channel on core I =   1.5 from L=   17,  Acc. loss =  0.0 D.
 Elastic phase shift   4 =    0.000   0.000 deg. for the L =   17, J =   16.5 channel.
      15.0  0.99999886  0.00001007i: elastic S-matrix  @@      0.00  0   0 F  0
 Reaction Xsec    15.0+/17 @ 4 =   0.124/, Out:   0.000#   0.000#   0.000f


 Total SPIN, PARITY =    15.0 -,      5 chs,      0 cc.  Rmin & Coul turning =    1.2   10.4
   S-matrix    1 =    0.99996   0.00022 for L=   14, J=   13.5 channel on core I =   1.5 from L=   14,  Acc. loss =  0.0 D.
 Elastic phase shift   1 =    0.006   0.001 deg. for the L =   14, J =   13.5 channel.
      15.0  0.99995513  0.00021953i: elastic S-matrix  @@      0.02  0   0 F  0
 Reaction Xsec    15.0-/14 @ 1 =   4.881/, Out:   0.000#   0.001#   0.005f

   S-matrix    2 =    0.99996   0.00024 for L=   14, J=   14.5 channel on core I =   1.5 from L=   14,  Acc. loss =  0.0 D.
 Elastic phase shift   2 =    0.007   0.001 deg. for the L =   14, J =   14.5 channel.
      15.0  0.99995510  0.00023808i: elastic S-matrix  @@      0.00  0   0 F  0
 Reaction Xsec    15.0-/14 @ 2 =   4.883/, Out:   0.000#   0.000#   0.005f

   S-matrix    3 =    1.00000   0.00003 for L=   16, J=   15.5 channel on core I =   1.5 from L=   16,  Acc. loss =  0.0 D.
 Elastic phase shift   3 =    0.001   0.000 deg. for the L =   16, J =   15.5 channel.
      15.0  0.99999612  0.00002820i: elastic S-matrix  @@      0.02  0   0 F  0
 Reaction Xsec    15.0-/16 @ 3 =   0.423/, Out:   0.000#   0.000#   0.000f

   S-matrix    4 =    1.00000   0.00003 for L=   16, J=   16.5 channel on core I =   1.5 from L=   16,  Acc. loss =  0.0 D.
 Elastic phase shift   4 =    0.001   0.000 deg. for the L =   16, J =   16.5 channel.
      15.0  0.99999612  0.00002981i: elastic S-matrix  @@      0.00  0   0 F  0
 Reaction Xsec    15.0-/16 @ 4 =   0.423/, Out:   0.000#   0.001#   0.000f


 Total SPIN, PARITY =    16.0 +,      5 chs,      0 cc.  Rmin & Coul turning =    1.2   11.1
   S-matrix    1 =    0.99999   0.00008 for L=   15, J=   14.5 channel on core I =   1.5 from L=   15,  Acc. loss =  0.0 D.
 Elastic phase shift   1 =    0.002   0.000 deg. for the L =   15, J =   14.5 channel.
      16.0  0.99998679  0.00007880i: elastic S-matrix  @@      0.02  0   0 F  0
 Reaction Xsec    16.0+/15 @ 1 =   1.531/, Out:   0.000#   0.000#   0.002f

   S-matrix    2 =    0.99999   0.00008 for L=   15, J=   15.5 channel on core I =   1.5 from L=   15,  Acc. loss =  0.0 D.
 Elastic phase shift   2 =    0.002   0.000 deg. for the L =   15, J =   15.5 channel.
      16.0  0.99998678  0.00008427i: elastic S-matrix  @@      0.00  0   0 F  0
 Reaction Xsec    16.0+/15 @ 2 =   1.531/, Out:   0.000#   0.000#   0.002f

   S-matrix    3 =    1.00000   0.00001 for L=   17, J=   16.5 channel on core I =   1.5 from L=   17,  Acc. loss =  0.0 D.
 Elastic phase shift   3 =    0.000   0.000 deg. for the L =   17, J =   16.5 channel.
      16.0  0.99999886  0.00001007i: elastic S-matrix  @@      0.02  0   0 F  0
 Reaction Xsec    16.0+/17 @ 3 =   0.132/, Out:   0.000#   0.000#   0.000f

   S-matrix    4 =    1.00000   0.00001 for L=   17, J=   17.5 channel on core I =   1.5 from L=   17,  Acc. loss =  0.0 D.
 Elastic phase shift   4 =    0.000   0.000 deg. for the L =   17, J =   17.5 channel.
      16.0  0.99999886  0.00001054i: elastic S-matrix  @@      0.00  0   0 F  0
 Reaction Xsec    16.0+/17 @ 4 =   0.132/, Out:   0.000#   0.000#   0.000f


 Total SPIN, PARITY =    16.0 -,      4 chs,      0 cc.  Rmin & Coul turning =    1.2   11.1
   S-matrix    1 =    0.99996   0.00024 for L=   14, J=   14.5 channel on core I =   1.5 from L=   14,  Acc. loss =  0.0 D.
 Elastic phase shift   1 =    0.007   0.001 deg. for the L =   14, J =   14.5 channel.
      16.0  0.99995510  0.00023808i: elastic S-matrix  @@      0.00  0   0 F  0
 Reaction Xsec    16.0-/14 @ 1 =   5.198/, Out:   0.000#   0.000#   0.005f

   S-matrix    2 =    1.00000   0.00003 for L=   16, J=   15.5 channel on core I =   1.5 from L=   16,  Acc. loss =  0.0 D.
 Elastic phase shift   2 =    0.001   0.000 deg. for the L =   16, J =   15.5 channel.
      16.0  0.99999612  0.00002820i: elastic S-matrix  @@      0.00  0   0 F  0
 Reaction Xsec    16.0-/16 @ 2 =   0.450/, Out:   0.000#   0.000#   0.000f

   S-matrix    3 =    1.00000   0.00003 for L=   16, J=   16.5 channel on core I =   1.5 from L=   16,  Acc. loss =  0.0 D.
 Elastic phase shift   3 =    0.001   0.000 deg. for the L =   16, J =   16.5 channel.
      16.0  0.99999612  0.00002981i: elastic S-matrix  @@      0.00  0   0 F  0
 Reaction Xsec    16.0-/16 @ 3 =   0.450/, Out:   0.000#   0.000#   0.000f

   S-matrix    4 =    1.00000   0.00000 for L=   18, J=   17.5 channel on core I =   1.5 from L=   18,  Acc. loss =  0.0 D.
 Elastic phase shift   4 =    0.000   0.000 deg. for the L =   18, J =   17.5 channel.
      16.0  0.99999967  0.00000359i: elastic S-matrix  @@      0.00  0   0 F  0
 Reaction Xsec    16.0-/18 @ 4 =   0.039/, Out:   0.000#   0.000#   0.000f


 Total SPIN, PARITY =    17.0 +,      4 chs,      0 cc.  Rmin & Coul turning =    1.4   11.7
   S-matrix    1 =    0.99999   0.00008 for L=   15, J=   15.5 channel on core I =   1.5 from L=   15,  Acc. loss =  0.0 D.
 Elastic phase shift   1 =    0.002   0.000 deg. for the L =   15, J =   15.5 channel.
      17.0  0.99998678  0.00008427i: elastic S-matrix  @@      0.00  0   0 F  0
 Reaction Xsec    17.0+/15 @ 1 =   1.624/, Out:   0.000#   0.000#   0.002f

   S-matrix    2 =    1.00000   0.00001 for L=   17, J=   16.5 channel on core I =   1.5 from L=   17,  Acc. loss =  0.0 D.
 Elastic phase shift   2 =    0.000   0.000 deg. for the L =   17, J =   16.5 channel.
      17.0  0.99999886  0.00001007i: elastic S-matrix  @@      0.00  0   0 F  0
 Reaction Xsec    17.0+/17 @ 2 =   0.140/, Out:   0.000#   0.000#   0.000f

   S-matrix    3 =    1.00000   0.00001 for L=   17, J=   17.5 channel on core I =   1.5 from L=   17,  Acc. loss =  0.0 D.
 Elastic phase shift   3 =    0.000   0.000 deg. for the L =   17, J =   17.5 channel.
      17.0  0.99999886  0.00001054i: elastic S-matrix  @@      0.00  0   0 F  0
 Reaction Xsec    17.0+/17 @ 3 =   0.140/, Out:   0.000#   0.000#   0.000f

   S-matrix    4 =    1.00000   0.00000 for L=   19, J=   18.5 channel on core I =   1.5 from L=   19,  Acc. loss =  0.0 D.
 Elastic phase shift   4 =    0.000   0.000 deg. for the L =   19, J =   18.5 channel.
      17.0  0.99999990  0.00000128i: elastic S-matrix  @@      0.00  0   0 F  0
 Reaction Xsec    17.0+/19 @ 4 =   0.012/, Out:   0.000#   0.000#   0.000f


 Total SPIN, PARITY =    17.0 -,      5 chs,      0 cc.  Rmin & Coul turning =    1.4   11.7
   S-matrix    1 =    1.00000   0.00003 for L=   16, J=   15.5 channel on core I =   1.5 from L=   16,  Acc. loss =  0.0 D.
 Elastic phase shift   1 =    0.001   0.000 deg. for the L =   16, J =   15.5 channel.
      17.0  0.99999612  0.00002820i: elastic S-matrix  @@      0.02  0   0 F  0
 Reaction Xsec    17.0-/16 @ 1 =   0.477/, Out:   0.000#   0.000#   0.000f

   S-matrix    2 =    1.00000   0.00003 for L=   16, J=   16.5 channel on core I =   1.5 from L=   16,  Acc. loss =  0.0 D.
 Elastic phase shift   2 =    0.001   0.000 deg. for the L =   16, J =   16.5 channel.
      17.0  0.99999612  0.00002981i: elastic S-matrix  @@      0.00  0   0 F  0
 Reaction Xsec    17.0-/16 @ 2 =   0.477/, Out:   0.000#   0.000#   0.000f

   S-matrix    3 =    1.00000   0.00000 for L=   18, J=   17.5 channel on core I =   1.5 from L=   18,  Acc. loss =  0.0 D.
 Elastic phase shift   3 =    0.000   0.000 deg. for the L =   18, J =   17.5 channel.
      17.0  0.99999967  0.00000359i: elastic S-matrix  @@      0.02  0   0 F  0
 Reaction Xsec    17.0-/18 @ 3 =   0.041/, Out:   0.000#   0.000#   0.000f

   S-matrix    4 =    1.00000   0.00000 for L=   18, J=   18.5 channel on core I =   1.5 from L=   18,  Acc. loss =  0.0 D.
 Elastic phase shift   4 =    0.000   0.000 deg. for the L =   18, J =   18.5 channel.
      17.0  0.99999967  0.00000373i: elastic S-matrix  @@      0.00  0   0 F  0
 Reaction Xsec    17.0-/18 @ 4 =   0.041/, Out:   0.000#   0.000#   0.000f


 Total SPIN, PARITY =    18.0 +,      5 chs,      0 cc.  Rmin & Coul turning =    1.4   12.4
   S-matrix    1 =    1.00000   0.00001 for L=   17, J=   16.5 channel on core I =   1.5 from L=   17,  Acc. loss =  0.0 D.
 Elastic phase shift   1 =    0.000   0.000 deg. for the L =   17, J =   16.5 channel.
      18.0  0.99999886  0.00001007i: elastic S-matrix  @@      0.02  0   0 F  0
 Reaction Xsec    18.0+/17 @ 1 =   0.148/, Out:   0.000#   0.000#   0.000f

   S-matrix    2 =    1.00000   0.00001 for L=   17, J=   17.5 channel on core I =   1.5 from L=   17,  Acc. loss =  0.0 D.
 Elastic phase shift   2 =    0.000   0.000 deg. for the L =   17, J =   17.5 channel.
      18.0  0.99999886  0.00001054i: elastic S-matrix  @@      0.00  0   0 F  0
 Reaction Xsec    18.0+/17 @ 2 =   0.148/, Out:   0.000#   0.000#   0.000f

   S-matrix    3 =    1.00000   0.00000 for L=   19, J=   18.5 channel on core I =   1.5 from L=   19,  Acc. loss =  0.0 D.
 Elastic phase shift   3 =    0.000   0.000 deg. for the L =   19, J =   18.5 channel.
      18.0  0.99999990  0.00000128i: elastic S-matrix  @@      0.02  0   0 F  0
 Reaction Xsec    18.0+/19 @ 3 =   0.013/, Out:   0.000#   0.000#   0.000f

   S-matrix    4 =    1.00000   0.00000 for L=   19, J=   19.5 channel on core I =   1.5 from L=   19,  Acc. loss =  0.0 D.
 Elastic phase shift   4 =    0.000   0.000 deg. for the L =   19, J =   19.5 channel.
      18.0  0.99999990  0.00000132i: elastic S-matrix  @@      0.00  0   0 F  0
 Reaction Xsec    18.0+/19 @ 4 =   0.013/, Out:   0.000#   0.000#   0.000f


 Total SPIN, PARITY =    18.0 -,      4 chs,      0 cc.  Rmin & Coul turning =    1.4   12.4
   S-matrix    1 =    1.00000   0.00003 for L=   16, J=   16.5 channel on core I =   1.5 from L=   16,  Acc. loss =  0.0 D.
 Elastic phase shift   1 =    0.001   0.000 deg. for the L =   16, J =   16.5 channel.
      18.0  0.99999612  0.00002981i: elastic S-matrix  @@      0.00  0   0 F  0
 Reaction Xsec    18.0-/16 @ 1 =   0.505/, Out:   0.000#   0.000#   0.001f

   S-matrix    2 =    1.00000   0.00000 for L=   18, J=   17.5 channel on core I =   1.5 from L=   18,  Acc. loss =  0.0 D.
 Elastic phase shift   2 =    0.000   0.000 deg. for the L =   18, J =   17.5 channel.
      18.0  0.99999967  0.00000359i: elastic S-matrix  @@      0.00  0   0 F  0
 Reaction Xsec    18.0-/18 @ 2 =   0.043/, Out:   0.000#   0.000#   0.000f

   S-matrix    3 =    1.00000   0.00000 for L=   18, J=   18.5 channel on core I =   1.5 from L=   18,  Acc. loss =  0.0 D.
 Elastic phase shift   3 =    0.000   0.000 deg. for the L =   18, J =   18.5 channel.
      18.0  0.99999967  0.00000373i: elastic S-matrix  @@      0.00  0   0 F  0
 Reaction Xsec    18.0-/18 @ 3 =   0.043/, Out:   0.000#   0.000#   0.000f

   S-matrix    4 =    1.00000   0.00000 for L=   20, J=   19.5 channel on core I =   1.5 from L=   20,  Acc. loss =  0.0 D.
 Elastic phase shift   4 =    0.000   0.000 deg. for the L =   20, J =   19.5 channel.
      18.0  0.99999997  0.00000046i: elastic S-matrix  @@      0.00  0   0 F  0
 Reaction Xsec    18.0-/20 @ 4 =   3.716#, Out:   0.000#   0.000#   0.000f


 Total SPIN, PARITY =    19.0 +,      4 chs,      0 cc.  Rmin & Coul turning =    1.5   13.1
   S-matrix    1 =    1.00000   0.00001 for L=   17, J=   17.5 channel on core I =   1.5 from L=   17,  Acc. loss =  0.0 D.
 Elastic phase shift   1 =    0.000   0.000 deg. for the L =   17, J =   17.5 channel.
      19.0  0.99999886  0.00001054i: elastic S-matrix  @@      0.00  0   0 F  0
 Reaction Xsec    19.0+/17 @ 1 =   0.156/, Out:   0.000#   0.000#   0.000f

   S-matrix    2 =    1.00000   0.00000 for L=   19, J=   18.5 channel on core I =   1.5 from L=   19,  Acc. loss =  0.0 D.
 Elastic phase shift   2 =    0.000   0.000 deg. for the L =   19, J =   18.5 channel.
      19.0  0.99999990  0.00000128i: elastic S-matrix  @@      0.00  0   0 F  0
 Reaction Xsec    19.0+/19 @ 2 =   0.013/, Out:   0.000#   0.000#   0.000f

   S-matrix    3 =    1.00000   0.00000 for L=   19, J=   19.5 channel on core I =   1.5 from L=   19,  Acc. loss =  0.0 D.
 Elastic phase shift   3 =    0.000   0.000 deg. for the L =   19, J =   19.5 channel.
      19.0  0.99999990  0.00000132i: elastic S-matrix  @@      0.00  0   0 F  0
 Reaction Xsec    19.0+/19 @ 3 =   0.013/, Out:   0.000#   0.000#   0.000f

   S-matrix    4 =    1.00000   0.00000 for L=   21, J=   20.5 channel on core I =   1.5 from L=   21,  Acc. loss =  0.0 D.
 Elastic phase shift   4 =    0.000   0.000 deg. for the L =   21, J =   20.5 channel.
      19.0  0.99999999  0.00000017i: elastic S-matrix  @@      0.00  0   0 F  0
 Reaction Xsec    19.0+/21 @ 4 =   1.144#, Out:   0.000#   0.000#   0.000f


 Total SPIN, PARITY =    19.0 -,      5 chs,      0 cc.  Rmin & Coul turning =    1.5   13.1
   S-matrix    1 =    1.00000   0.00000 for L=   18, J=   17.5 channel on core I =   1.5 from L=   18,  Acc. loss =  0.0 D.
 Elastic phase shift   1 =    0.000   0.000 deg. for the L =   18, J =   17.5 channel.
      19.0  0.99999967  0.00000359i: elastic S-matrix  @@      0.02  0   0 F  0
 Reaction Xsec    19.0-/18 @ 1 =   0.046/, Out:   0.000#   0.000#   0.000f

   S-matrix    2 =    1.00000   0.00000 for L=   18, J=   18.5 channel on core I =   1.5 from L=   18,  Acc. loss =  0.0 D.
 Elastic phase shift   2 =    0.000   0.000 deg. for the L =   18, J =   18.5 channel.
      19.0  0.99999967  0.00000373i: elastic S-matrix  @@      0.02  0   0 F  0
 Reaction Xsec    19.0-/18 @ 2 =   0.046/, Out:   0.000#   0.000#   0.000f

   S-matrix    3 =    1.00000   0.00000 for L=   20, J=   19.5 channel on core I =   1.5 from L=   20,  Acc. loss =  0.0 D.
 Elastic phase shift   3 =    0.000   0.000 deg. for the L =   20, J =   19.5 channel.
      19.0  0.99999997  0.00000046i: elastic S-matrix  @@      0.00  0   0 F  0
 Reaction Xsec    19.0-/20 @ 3 =   3.917#, Out:   0.000#   0.000#   0.000f

   S-matrix    4 =    1.00000   0.00000 for L=   20, J=   20.5 channel on core I =   1.5 from L=   20,  Acc. loss =  0.0 D.
 Elastic phase shift   4 =    0.000   0.000 deg. for the L =   20, J =   20.5 channel.
      19.0  0.99999997  0.00000047i: elastic S-matrix  @@      0.00  0   0 F  0
 Reaction Xsec    19.0-/20 @ 4 =   3.917#, Out:   0.000#   0.000#   0.000f


 Total SPIN, PARITY =    20.0 +,      5 chs,      0 cc.  Rmin & Coul turning =    1.6   13.7
   S-matrix    1 =    1.00000   0.00000 for L=   19, J=   18.5 channel on core I =   1.5 from L=   19,  Acc. loss =  0.0 D.
 Elastic phase shift   1 =    0.000   0.000 deg. for the L =   19, J =   18.5 channel.
      20.0  0.99999990  0.00000128i: elastic S-matrix  @@      0.02  0   0 F  0
 Reaction Xsec    20.0+/19 @ 1 =   0.014/, Out:   0.000#   0.000#   0.000f

   S-matrix    2 =    1.00000   0.00000 for L=   19, J=   19.5 channel on core I =   1.5 from L=   19,  Acc. loss =  0.0 D.
 Elastic phase shift   2 =    0.000   0.000 deg. for the L =   19, J =   19.5 channel.
      20.0  0.99999990  0.00000132i: elastic S-matrix  @@      0.00  0   0 F  0
 Reaction Xsec    20.0+/19 @ 2 =   0.014/, Out:   0.000#   0.000#   0.000f

   S-matrix    3 =    1.00000   0.00000 for L=   21, J=   20.5 channel on core I =   1.5 from L=   21,  Acc. loss =  0.0 D.
 Elastic phase shift   3 =    0.000   0.000 deg. for the L =   21, J =   20.5 channel.
      20.0  0.99999999  0.00000017i: elastic S-matrix  @@      0.02  0   0 F  0
 Reaction Xsec    20.0+/21 @ 3 =   1.203#, Out:   0.000#   0.000#   0.000f

   S-matrix    4 =    1.00000   0.00000 for L=   21, J=   21.5 channel on core I =   1.5 from L=   21,  Acc. loss =  0.0 D.
 Elastic phase shift   4 =    0.000   0.000 deg. for the L =   21, J =   21.5 channel.
      20.0  0.99999999  0.00000017i: elastic S-matrix  @@      0.00  0   0 F  0
 Reaction Xsec    20.0+/21 @ 4 =   1.203#, Out:   0.000#   0.000#   0.000f


 Total SPIN, PARITY =    20.0 -,      4 chs,      0 cc.  Rmin & Coul turning =    1.6   13.7
   S-matrix    1 =    1.00000   0.00000 for L=   18, J=   18.5 channel on core I =   1.5 from L=   18,  Acc. loss =  0.0 D.
 Elastic phase shift   1 =    0.000   0.000 deg. for the L =   18, J =   18.5 channel.
      20.0  0.99999967  0.00000373i: elastic S-matrix  @@      0.00  0   0 F  0
 Reaction Xsec    20.0-/18 @ 1 =   0.048/, Out:   0.000#   0.000#   0.000f

   S-matrix    2 =    1.00000   0.00000 for L=   20, J=   19.5 channel on core I =   1.5 from L=   20,  Acc. loss =  0.0 D.
 Elastic phase shift   2 =    0.000   0.000 deg. for the L =   20, J =   19.5 channel.
      20.0  0.99999997  0.00000046i: elastic S-matrix  @@      0.00  0   0 F  0
 Reaction Xsec    20.0-/20 @ 2 =   4.118#, Out:   0.000#   0.000#   0.000f

   S-matrix    3 =    1.00000   0.00000 for L=   20, J=   20.5 channel on core I =   1.5 from L=   20,  Acc. loss =  0.0 D.
 Elastic phase shift   3 =    0.000   0.000 deg. for the L =   20, J =   20.5 channel.
      20.0  0.99999997  0.00000047i: elastic S-matrix  @@      0.00  0   0 F  0
 Reaction Xsec    20.0-/20 @ 3 =   4.118#, Out:   0.000#   0.000#   0.000f

   S-matrix    4 =    1.00000   0.00000 for L=   22, J=   21.5 channel on core I =   1.5 from L=   22,  Acc. loss =  0.0 D.
 Elastic phase shift   4 =    0.000   0.000 deg. for the L =   22, J =   21.5 channel.
      20.0  1.00000000  0.00000006i: elastic S-matrix  @@      0.00  0   0 F  0
 Reaction Xsec    20.0-/22 @ 4 =   0.351#, Out:   0.000#   0.000#   0.000f


 Total SPIN, PARITY =    21.0 +,      4 chs,      0 cc.  Rmin & Coul turning =    1.7   14.4
   S-matrix    1 =    1.00000   0.00000 for L=   19, J=   19.5 channel on core I =   1.5 from L=   19,  Acc. loss =  0.0 D.
 Elastic phase shift   1 =    0.000   0.000 deg. for the L =   19, J =   19.5 channel.
      21.0  0.99999990  0.00000132i: elastic S-matrix  @@      0.00  0   0 F  0
 Reaction Xsec    21.0+/19 @ 1 =   0.015/, Out:   0.000#   0.000#   0.000f

   S-matrix    2 =    1.00000   0.00000 for L=   21, J=   20.5 channel on core I =   1.5 from L=   21,  Acc. loss =  0.0 D.
 Elastic phase shift   2 =    0.000   0.000 deg. for the L =   21, J =   20.5 channel.
      21.0  0.99999999  0.00000017i: elastic S-matrix  @@      0.00  0   0 F  0
 Reaction Xsec    21.0+/21 @ 2 =   1.261#, Out:   0.000#   0.000#   0.000f

   S-matrix    3 =    1.00000   0.00000 for L=   21, J=   21.5 channel on core I =   1.5 from L=   21,  Acc. loss =  0.0 D.
 Elastic phase shift   3 =    0.000   0.000 deg. for the L =   21, J =   21.5 channel.
      21.0  0.99999999  0.00000017i: elastic S-matrix  @@      0.00  0   0 F  0
 Reaction Xsec    21.0+/21 @ 3 =   1.261#, Out:   0.000#   0.000#   0.000f

   S-matrix    4 =    1.00000   0.00000 for L=   23, J=   22.5 channel on core I =   1.5 from L=   23,  Acc. loss =  0.0 D.
 Elastic phase shift   4 =    0.000   0.000 deg. for the L =   23, J =   22.5 channel.
      21.0  1.00000000  0.00000003i: elastic S-matrix  @@      0.00  0   0 F  0
 Reaction Xsec    21.0+/23 @ 4 =   0.107#, Out:   0.000#   0.000#   0.000f


 Total SPIN, PARITY =    21.0 -,      5 chs,      0 cc.  Rmin & Coul turning =    1.7   14.4
   S-matrix    1 =    1.00000   0.00000 for L=   20, J=   19.5 channel on core I =   1.5 from L=   20,  Acc. loss =  0.0 D.
 Elastic phase shift   1 =    0.000   0.000 deg. for the L =   20, J =   19.5 channel.
      21.0  0.99999997  0.00000046i: elastic S-matrix  @@      0.02  0   0 F  0
 Reaction Xsec    21.0-/20 @ 1 =   4.319#, Out:   0.000#   0.000#   0.000f

   S-matrix    2 =    1.00000   0.00000 for L=   20, J=   20.5 channel on core I =   1.5 from L=   20,  Acc. loss =  0.0 D.
 Elastic phase shift   2 =    0.000   0.000 deg. for the L =   20, J =   20.5 channel.
      21.0  0.99999997  0.00000047i: elastic S-matrix  @@      0.00  0   0 F  0
 Reaction Xsec    21.0-/20 @ 2 =   4.319#, Out:   0.000#   0.000#   0.000f

   S-matrix    3 =    1.00000   0.00000 for L=   22, J=   21.5 channel on core I =   1.5 from L=   22,  Acc. loss =  0.0 D.
 Elastic phase shift   3 =    0.000   0.000 deg. for the L =   22, J =   21.5 channel.
      21.0  1.00000000  0.00000006i: elastic S-matrix  @@      0.02  0   0 F  0
 Reaction Xsec    21.0-/22 @ 3 =   0.368#, Out:   0.000#   0.000#   0.000f

   S-matrix    4 =    1.00000   0.00000 for L=   22, J=   22.5 channel on core I =   1.5 from L=   22,  Acc. loss =  0.0 D.
 Elastic phase shift   4 =    0.000   0.000 deg. for the L =   22, J =   22.5 channel.
      21.0  1.00000000  0.00000007i: elastic S-matrix  @@      0.00  0   0 F  0
 Reaction Xsec    21.0-/22 @ 4 =   0.368#, Out:   0.000#   0.000#   0.000f


 Total SPIN, PARITY =    22.0 +,      5 chs,      0 cc.  Rmin & Coul turning =    1.8   15.1
   S-matrix    1 =    1.00000   0.00000 for L=   21, J=   20.5 channel on core I =   1.5 from L=   21,  Acc. loss =  0.0 D.
 Elastic phase shift   1 =    0.000   0.000 deg. for the L =   21, J =   20.5 channel.
      22.0  0.99999999  0.00000017i: elastic S-matrix  @@      0.02  0   0 F  0
 Reaction Xsec    22.0+/21 @ 1 =   1.320#, Out:   0.000#   0.000#   0.000f

   S-matrix    2 =    1.00000   0.00000 for L=   21, J=   21.5 channel on core I =   1.5 from L=   21,  Acc. loss =  0.0 D.
 Elastic phase shift   2 =    0.000   0.000 deg. for the L =   21, J =   21.5 channel.
      22.0  0.99999999  0.00000017i: elastic S-matrix  @@      0.00  0   0 F  0
 Reaction Xsec    22.0+/21 @ 2 =   1.320#, Out:   0.000#   0.000#   0.000f

   S-matrix    3 =    1.00000   0.00000 for L=   23, J=   22.5 channel on core I =   1.5 from L=   23,  Acc. loss =  0.0 D.
 Elastic phase shift   3 =    0.000   0.000 deg. for the L =   23, J =   22.5 channel.
      22.0  1.00000000  0.00000003i: elastic S-matrix  @@      0.02  0   0 F  0
 Reaction Xsec    22.0+/23 @ 3 =   0.112#, Out:   0.000#   0.000#   0.000f

   S-matrix    4 =    1.00000   0.00000 for L=   23, J=   23.5 channel on core I =   1.5 from L=   23,  Acc. loss =  0.0 D.
 Elastic phase shift   4 =    0.000   0.000 deg. for the L =   23, J =   23.5 channel.
      22.0  1.00000000  0.00000003i: elastic S-matrix  @@      0.00  0   0 F  0
 Reaction Xsec    22.0+/23 @ 4 =   0.112#, Out:   0.000#   0.000#   0.000f


 Total SPIN, PARITY =    22.0 -,      4 chs,      0 cc.  Rmin & Coul turning =    1.8   15.1
   S-matrix    1 =    1.00000   0.00000 for L=   20, J=   20.5 channel on core I =   1.5 from L=   20,  Acc. loss =  0.0 D.
 Elastic phase shift   1 =    0.000   0.000 deg. for the L =   20, J =   20.5 channel.
      22.0  0.99999997  0.00000047i: elastic S-matrix  @@      0.00  0   0 F  0
 Reaction Xsec    22.0-/20 @ 1 =   4.519#, Out:   0.000#   0.000#   0.000f

   S-matrix    2 =    1.00000   0.00000 for L=   22, J=   21.5 channel on core I =   1.5 from L=   22,  Acc. loss =  0.0 D.
 Elastic phase shift   2 =    0.000   0.000 deg. for the L =   22, J =   21.5 channel.
      22.0  1.00000000  0.00000006i: elastic S-matrix  @@      0.00  0   0 F  0
 Reaction Xsec    22.0-/22 @ 2 =   0.385#, Out:   0.000#   0.000#   0.000f

   S-matrix    3 =    1.00000   0.00000 for L=   22, J=   22.5 channel on core I =   1.5 from L=   22,  Acc. loss =  0.0 D.
 Elastic phase shift   3 =    0.000   0.000 deg. for the L =   22, J =   22.5 channel.
      22.0  1.00000000  0.00000007i: elastic S-matrix  @@      0.00  0   0 F  0
 Reaction Xsec    22.0-/22 @ 3 =   0.385#, Out:   0.000#   0.000#   0.000f

   S-matrix    4 =    1.00000   0.00000 for L=   24, J=   23.5 channel on core I =   1.5 from L=   24,  Acc. loss =  0.0 D.
 Elastic phase shift   4 =    0.000   0.000 deg. for the L =   24, J =   23.5 channel.
      22.0  1.00000000  0.00000001i: elastic S-matrix  @@      0.00  0   0 F  0
 Reaction Xsec    22.0-/24 @ 4 =   0.033#, Out:   0.000#   0.000#   0.000f


 Total SPIN, PARITY =    23.0 +,      4 chs,      0 cc.  Rmin & Coul turning =    1.8   15.7
   S-matrix    1 =    1.00000   0.00000 for L=   21, J=   21.5 channel on core I =   1.5 from L=   21,  Acc. loss =  0.0 D.
 Elastic phase shift   1 =    0.000   0.000 deg. for the L =   21, J =   21.5 channel.
      23.0  0.99999999  0.00000017i: elastic S-matrix  @@      0.00  0   0 F  0
 Reaction Xsec    23.0+/21 @ 1 =   1.379#, Out:   0.000#   0.000#   0.000f

   S-matrix    2 =    1.00000   0.00000 for L=   23, J=   22.5 channel on core I =   1.5 from L=   23,  Acc. loss =  0.0 D.
 Elastic phase shift   2 =    0.000   0.000 deg. for the L =   23, J =   22.5 channel.
      23.0  1.00000000  0.00000003i: elastic S-matrix  @@      0.00  0   0 F  0
 Reaction Xsec    23.0+/23 @ 2 =   0.117#, Out:   0.000#   0.000#   0.000f

   S-matrix    3 =    1.00000   0.00000 for L=   23, J=   23.5 channel on core I =   1.5 from L=   23,  Acc. loss =  0.0 D.
 Elastic phase shift   3 =    0.000   0.000 deg. for the L =   23, J =   23.5 channel.
      23.0  1.00000000  0.00000003i: elastic S-matrix  @@      0.00  0   0 F  0
 Reaction Xsec    23.0+/23 @ 3 =   0.117#, Out:   0.000#   0.000#   0.000f

   S-matrix    4 =    1.00000   0.00000 for L=   25, J=   24.5 channel on core I =   1.5 from L=   25,  Acc. loss =  0.0 D.
 Elastic phase shift   4 =    0.000   0.000 deg. for the L =   25, J =   24.5 channel.
      23.0  1.00000000  0.00000001i: elastic S-matrix  @@      0.00  0   0 F  0
 Reaction Xsec    23.0+/25 @ 4 =   0.010#, Out:   0.000#   0.000#   0.000f


 Total SPIN, PARITY =    23.0 -,      5 chs,      0 cc.  Rmin & Coul turning =    1.8   15.7
   S-matrix    1 =    1.00000   0.00000 for L=   22, J=   21.5 channel on core I =   1.5 from L=   22,  Acc. loss =  0.0 D.
 Elastic phase shift   1 =    0.000   0.000 deg. for the L =   22, J =   21.5 channel.
      23.0  1.00000000  0.00000006i: elastic S-matrix  @@      0.02  0   0 F  0
 Reaction Xsec    23.0-/22 @ 1 =   0.402#, Out:   0.000#   0.000#   0.000f

   S-matrix    2 =    1.00000   0.00000 for L=   22, J=   22.5 channel on core I =   1.5 from L=   22,  Acc. loss =  0.0 D.
 Elastic phase shift   2 =    0.000   0.000 deg. for the L =   22, J =   22.5 channel.
      23.0  1.00000000  0.00000007i: elastic S-matrix  @@      0.00  0   0 F  0
 Reaction Xsec    23.0-/22 @ 2 =   0.402#, Out:   0.000#   0.000#   0.000f

   S-matrix    3 =    1.00000   0.00000 for L=   24, J=   23.5 channel on core I =   1.5 from L=   24,  Acc. loss =  0.0 D.
 Elastic phase shift   3 =    0.000   0.000 deg. for the L =   24, J =   23.5 channel.
      23.0  1.00000000  0.00000001i: elastic S-matrix  @@      0.02  0   0 F  0
 Reaction Xsec    23.0-/24 @ 3 =   0.034#, Out:   0.000#   0.000#   0.000f

   S-matrix    4 =    1.00000   0.00000 for L=   24, J=   24.5 channel on core I =   1.5 from L=   24,  Acc. loss =  0.0 D.
 Elastic phase shift   4 =    0.000   0.000 deg. for the L =   24, J =   24.5 channel.
      23.0  1.00000000  0.00000001i: elastic S-matrix  @@      0.00  0   0 F  0
 Reaction Xsec    23.0-/24 @ 4 =   0.034#, Out:   0.000#   0.000#   0.000f


 Total SPIN, PARITY =    24.0 +,      5 chs,      0 cc.  Rmin & Coul turning =    1.9   16.4
   S-matrix    1 =    1.00000   0.00000 for L=   23, J=   22.5 channel on core I =   1.5 from L=   23,  Acc. loss =  0.0 D.
 Elastic phase shift   1 =    0.000   0.000 deg. for the L =   23, J =   22.5 channel.
      24.0  1.00000000  0.00000003i: elastic S-matrix  @@      0.02  0   0 F  0
 Reaction Xsec    24.0+/23 @ 1 =   0.122#, Out:   0.000#   0.000#   0.000f

   S-matrix    2 =    1.00000   0.00000 for L=   23, J=   23.5 channel on core I =   1.5 from L=   23,  Acc. loss =  0.0 D.
 Elastic phase shift   2 =    0.000   0.000 deg. for the L =   23, J =   23.5 channel.
      24.0  1.00000000  0.00000003i: elastic S-matrix  @@      0.00  0   0 F  0
 Reaction Xsec    24.0+/23 @ 2 =   0.122#, Out:   0.000#   0.000#   0.000f

   S-matrix    3 =    1.00000   0.00000 for L=   25, J=   24.5 channel on core I =   1.5 from L=   25,  Acc. loss =  0.0 D.
 Elastic phase shift   3 =    0.000   0.000 deg. for the L =   25, J =   24.5 channel.
      24.0  1.00000000  0.00000001i: elastic S-matrix  @@      0.02  0   0 F  0
 Reaction Xsec    24.0+/25 @ 3 =   0.010#, Out:   0.000#   0.000#   0.000f

   S-matrix    4 =    1.00000   0.00000 for L=   25, J=   25.5 channel on core I =   1.5 from L=   25,  Acc. loss =  0.0 D.
 Elastic phase shift   4 =    0.000   0.000 deg. for the L =   25, J =   25.5 channel.
      24.0  1.00000000  0.00000001i: elastic S-matrix  @@      0.00  0   0 F  0
 Reaction Xsec    24.0+/25 @ 4 =   0.010#, Out:   0.000#   0.000#   0.000f


 Total SPIN, PARITY =    24.0 -,      4 chs,      0 cc.  Rmin & Coul turning =    1.9   16.4
   S-matrix    1 =    1.00000   0.00000 for L=   22, J=   22.5 channel on core I =   1.5 from L=   22,  Acc. loss =  0.0 D.
 Elastic phase shift   1 =    0.000   0.000 deg. for the L =   22, J =   22.5 channel.
      24.0  1.00000000  0.00000007i: elastic S-matrix  @@      0.00  0   0 F  0
 Reaction Xsec    24.0-/22 @ 1 =   0.419#, Out:   0.000#   0.000#   0.000f

   S-matrix    2 =    1.00000   0.00000 for L=   24, J=   23.5 channel on core I =   1.5 from L=   24,  Acc. loss =  0.0 D.
 Elastic phase shift   2 =    0.000   0.000 deg. for the L =   24, J =   23.5 channel.
      24.0  1.00000000  0.00000001i: elastic S-matrix  @@      0.00  0   0 F  0
 Reaction Xsec    24.0-/24 @ 2 =   0.036#, Out:   0.000#   0.000#   0.000f

   S-matrix    3 =    1.00000   0.00000 for L=   24, J=   24.5 channel on core I =   1.5 from L=   24,  Acc. loss =  0.0 D.
 Elastic phase shift   3 =    0.000   0.000 deg. for the L =   24, J =   24.5 channel.
      24.0  1.00000000  0.00000001i: elastic S-matrix  @@      0.00  0   0 F  0
 Reaction Xsec    24.0-/24 @ 3 =   0.036#, Out:   0.000#   0.000#   0.000f

   S-matrix    4 =    1.00000   0.00000 for L=   26, J=   25.5 channel on core I =   1.5 from L=   26,  Acc. loss =  0.0 D.
 Elastic phase shift   4 =    0.000   0.000 deg. for the L =   26, J =   25.5 channel.
      24.0  1.00000000  0.00000000i: elastic S-matrix  @@      0.00  0   0 F  0
 Reaction Xsec    24.0-/26 @ 4 =   0.003#, Out:   0.000#   0.000#   0.000f


 Total SPIN, PARITY =    25.0 +,      4 chs,      0 cc.  Rmin & Coul turning =    2.0   17.1
   S-matrix    1 =    1.00000   0.00000 for L=   23, J=   23.5 channel on core I =   1.5 from L=   23,  Acc. loss =  0.0 D.
 Elastic phase shift   1 =    0.000   0.000 deg. for the L =   23, J =   23.5 channel.
      25.0  1.00000000  0.00000003i: elastic S-matrix  @@      0.00  0   0 F  0
 Reaction Xsec    25.0+/23 @ 1 =   0.127#, Out:   0.000#   0.000#   0.000f

   S-matrix    2 =    1.00000   0.00000 for L=   25, J=   24.5 channel on core I =   1.5 from L=   25,  Acc. loss =  0.0 D.
 Elastic phase shift   2 =    0.000   0.000 deg. for the L =   25, J =   24.5 channel.
      25.0  1.00000000  0.00000001i: elastic S-matrix  @@      0.00  0   0 F  0
 Reaction Xsec    25.0+/25 @ 2 =   0.011#, Out:   0.000#   0.000#   0.000f

   S-matrix    3 =    1.00000   0.00000 for L=   25, J=   25.5 channel on core I =   1.5 from L=   25,  Acc. loss =  0.0 D.
 Elastic phase shift   3 =    0.000   0.000 deg. for the L =   25, J =   25.5 channel.
      25.0  1.00000000  0.00000001i: elastic S-matrix  @@      0.00  0   0 F  0
 Reaction Xsec    25.0+/25 @ 3 =   0.011#, Out:   0.000#   0.000#   0.000f

   S-matrix    4 =    1.00000   0.00000 for L=   27, J=   26.5 channel on core I =   1.5 from L=   27,  Acc. loss =  0.0 D.
 Elastic phase shift   4 =    0.000   0.000 deg. for the L =   27, J =   26.5 channel.
      25.0  1.00000000  0.00000000i: elastic S-matrix  @@      0.00  0   0 F  0
 Reaction Xsec    25.0+/27 @ 4 =   0.001#, Out:   0.000#   0.000#   0.000f


 Total SPIN, PARITY =    25.0 -,      5 chs,      0 cc.  Rmin & Coul turning =    2.0   17.1
   S-matrix    1 =    1.00000   0.00000 for L=   24, J=   23.5 channel on core I =   1.5 from L=   24,  Acc. loss =  0.0 D.
 Elastic phase shift   1 =    0.000   0.000 deg. for the L =   24, J =   23.5 channel.
      25.0  1.00000000  0.00000001i: elastic S-matrix  @@      0.02  0   0 F  0
 Reaction Xsec    25.0-/24 @ 1 =   0.037#, Out:   0.000#   0.000#   0.000f

   S-matrix    2 =    1.00000   0.00000 for L=   24, J=   24.5 channel on core I =   1.5 from L=   24,  Acc. loss =  0.0 D.
 Elastic phase shift   2 =    0.000   0.000 deg. for the L =   24, J =   24.5 channel.
      25.0  1.00000000  0.00000001i: elastic S-matrix  @@      0.00  0   0 F  0
 Reaction Xsec    25.0-/24 @ 2 =   0.037#, Out:   0.000#   0.000#   0.000f

   S-matrix    3 =    1.00000   0.00000 for L=   26, J=   25.5 channel on core I =   1.5 from L=   26,  Acc. loss =  0.0 D.
 Elastic phase shift   3 =    0.000   0.000 deg. for the L =   26, J =   25.5 channel.
      25.0  1.00000000  0.00000000i: elastic S-matrix  @@      0.02  0   0 F  0
 Reaction Xsec    25.0-/26 @ 3 =   0.003#, Out:   0.000#   0.000#   0.000f

   S-matrix    4 =    1.00000   0.00000 for L=   26, J=   26.5 channel on core I =   1.5 from L=   26,  Acc. loss =  0.0 D.
 Elastic phase shift   4 =    0.000   0.000 deg. for the L =   26, J =   26.5 channel.
      25.0  1.00000000  0.00000000i: elastic S-matrix  @@      0.00  0   0 F  0
 Reaction Xsec    25.0-/26 @ 4 =   0.003#, Out:   0.000#   0.000#   0.000f


 Total SPIN, PARITY =    26.0 +,      5 chs,      0 cc.  Rmin & Coul turning =    2.1   17.8
   S-matrix    1 =    1.00000   0.00000 for L=   25, J=   24.5 channel on core I =   1.5 from L=   25,  Acc. loss =  0.0 D.
 Elastic phase shift   1 =    0.000   0.000 deg. for the L =   25, J =   24.5 channel.
      26.0  1.00000000  0.00000001i: elastic S-matrix  @@      0.02  0   0 F  0
 Reaction Xsec    26.0+/25 @ 1 =   0.011#, Out:   0.000#   0.000#   0.000f

   S-matrix    2 =    1.00000   0.00000 for L=   25, J=   25.5 channel on core I =   1.5 from L=   25,  Acc. loss =  0.0 D.
 Elastic phase shift   2 =    0.000   0.000 deg. for the L =   25, J =   25.5 channel.
      26.0  1.00000000  0.00000001i: elastic S-matrix  @@      0.00  0   0 F  0
 Reaction Xsec    26.0+/25 @ 2 =   0.011#, Out:   0.000#   0.000#   0.000f

   S-matrix    3 =    1.00000   0.00000 for L=   27, J=   26.5 channel on core I =   1.5 from L=   27,  Acc. loss =  0.0 D.
 Elastic phase shift   3 =    0.000   0.000 deg. for the L =   27, J =   26.5 channel.
      26.0  1.00000000  0.00000000i: elastic S-matrix  @@      0.00  0   0 F  0
 Reaction Xsec    26.0+/27 @ 3 =   0.001#, Out:   0.000#   0.000#   0.000f

   S-matrix    4 =    1.00000   0.00000 for L=   27, J=   27.5 channel on core I =   1.5 from L=   27,  Acc. loss =  0.0 D.
 Elastic phase shift   4 =    0.000   0.000 deg. for the L =   27, J =   27.5 channel.
      26.0  1.00000000  0.00000000i: elastic S-matrix  @@      0.02  0   0 F  0
 Reaction Xsec    26.0+/27 @ 4 =   0.001#, Out:   0.000#   0.000#   0.000f


 Total SPIN, PARITY =    26.0 -,      4 chs,      0 cc.  Rmin & Coul turning =    2.1   17.8
   S-matrix    1 =    1.00000   0.00000 for L=   24, J=   24.5 channel on core I =   1.5 from L=   24,  Acc. loss =  0.0 D.
 Elastic phase shift   1 =    0.000   0.000 deg. for the L =   24, J =   24.5 channel.
      26.0  1.00000000  0.00000001i: elastic S-matrix  @@      0.00  0   0 F  0
 Reaction Xsec    26.0-/24 @ 1 =   0.039#, Out:   0.000#   0.000#   0.000f

   S-matrix    2 =    1.00000   0.00000 for L=   26, J=   25.5 channel on core I =   1.5 from L=   26,  Acc. loss =  0.0 D.
 Elastic phase shift   2 =    0.000   0.000 deg. for the L =   26, J =   25.5 channel.
      26.0  1.00000000  0.00000000i: elastic S-matrix  @@      0.00  0   0 F  0
 Reaction Xsec    26.0-/26 @ 2 =   0.003#, Out:   0.000#   0.000#   0.000f

   S-matrix    3 =    1.00000   0.00000 for L=   26, J=   26.5 channel on core I =   1.5 from L=   26,  Acc. loss =  0.0 D.
 Elastic phase shift   3 =    0.000   0.000 deg. for the L =   26, J =   26.5 channel.
      26.0  1.00000000  0.00000000i: elastic S-matrix  @@      0.00  0   0 F  0
 Reaction Xsec    26.0-/26 @ 3 =   0.003#, Out:   0.000#   0.000#   0.000f

   S-matrix    4 =    1.00000   0.00000 for L=   28, J=   27.5 channel on core I =   1.5 from L=   28,  Acc. loss =  0.0 D.
 Elastic phase shift   4 =    0.000   0.000 deg. for the L =   28, J =   27.5 channel.
      26.0  1.00000000  0.00000000i: elastic S-matrix  @@      0.00  0   0 F  0
 Reaction Xsec    26.0-/28 @ 4 =   0.000#, Out:   0.000#   0.000#   0.000f


 Total SPIN, PARITY =    27.0 +,      4 chs,      0 cc.  Rmin & Coul turning =    2.1   18.4
   S-matrix    1 =    1.00000   0.00000 for L=   25, J=   25.5 channel on core I =   1.5 from L=   25,  Acc. loss =  0.0 D.
 Elastic phase shift   1 =    0.000   0.000 deg. for the L =   25, J =   25.5 channel.
      27.0  1.00000000  0.00000001i: elastic S-matrix  @@      0.00  0   0 F  0
 Reaction Xsec    27.0+/25 @ 1 =   0.012#, Out:   0.000#   0.000#   0.000f

   S-matrix    2 =    1.00000   0.00000 for L=   27, J=   26.5 channel on core I =   1.5 from L=   27,  Acc. loss =  0.0 D.
 Elastic phase shift   2 =    0.000   0.000 deg. for the L =   27, J =   26.5 channel.
      27.0  1.00000000  0.00000000i: elastic S-matrix  @@      0.00  0   0 F  0
 Reaction Xsec    27.0+/27 @ 2 =   0.001#, Out:   0.000#   0.000#   0.000f

   S-matrix    3 =    1.00000   0.00000 for L=   27, J=   27.5 channel on core I =   1.5 from L=   27,  Acc. loss =  0.0 D.
 Elastic phase shift   3 =    0.000   0.000 deg. for the L =   27, J =   27.5 channel.
      27.0  1.00000000  0.00000000i: elastic S-matrix  @@      0.00  0   0 F  0
 Reaction Xsec    27.0+/27 @ 3 =   0.001#, Out:   0.000#   0.000#   0.000f

   S-matrix    4 =    1.00000   0.00000 for L=   29, J=   28.5 channel on core I =   1.5 from L=   29,  Acc. loss =  0.0 D.
 Elastic phase shift   4 =    0.000   0.000 deg. for the L =   29, J =   28.5 channel.
      27.0  1.00000000  0.00000000i: elastic S-matrix  @@      0.00  0   0 F  0
 Reaction Xsec    27.0+/29 @ 4 =   0.000#, Out:   0.000#   0.000#   0.000f


 Total SPIN, PARITY =    27.0 -,      5 chs,      0 cc.  Rmin & Coul turning =    2.1   18.4
   S-matrix    1 =    1.00000   0.00000 for L=   26, J=   25.5 channel on core I =   1.5 from L=   26,  Acc. loss =  0.0 D.
 Elastic phase shift   1 =    0.000   0.000 deg. for the L =   26, J =   25.5 channel.
      27.0  1.00000000  0.00000000i: elastic S-matrix  @@      0.02  0   0 F  0
 Reaction Xsec    27.0-/26 @ 1 =   0.003#, Out:   0.000#   0.000#   0.000f

   S-matrix    2 =    1.00000   0.00000 for L=   26, J=   26.5 channel on core I =   1.5 from L=   26,  Acc. loss =  0.0 D.
 Elastic phase shift   2 =    0.000   0.000 deg. for the L =   26, J =   26.5 channel.
      27.0  1.00000000  0.00000000i: elastic S-matrix  @@      0.00  0   0 F  0
 Reaction Xsec    27.0-/26 @ 2 =   0.003#, Out:   0.000#   0.000#   0.000f

   S-matrix    3 =    1.00000   0.00000 for L=   28, J=   27.5 channel on core I =   1.5 from L=   28,  Acc. loss =  0.0 D.
 Elastic phase shift   3 =    0.000   0.000 deg. for the L =   28, J =   27.5 channel.
      27.0  1.00000000  0.00000000i: elastic S-matrix  @@      0.00  0   0 F  0
 Reaction Xsec    27.0-/28 @ 3 =   0.000#, Out:   0.000#   0.000#   0.000f

   S-matrix    4 =    1.00000   0.00000 for L=   28, J=   28.5 channel on core I =   1.5 from L=   28,  Acc. loss =  0.0 D.
 Elastic phase shift   4 =    0.000   0.000 deg. for the L =   28, J =   28.5 channel.
      27.0  1.00000000  0.00000000i: elastic S-matrix  @@      0.02  0   0 F  0
 Reaction Xsec    27.0-/28 @ 4 =   0.000#, Out:   0.000#   0.000#   0.000f


 Total SPIN, PARITY =    28.0 +,      5 chs,      0 cc.  Rmin & Coul turning =    2.2   19.1
   S-matrix    1 =    1.00000   0.00000 for L=   27, J=   26.5 channel on core I =   1.5 from L=   27,  Acc. loss =  0.0 D.
 Elastic phase shift   1 =    0.000   0.000 deg. for the L =   27, J =   26.5 channel.
      28.0  1.00000000  0.00000000i: elastic S-matrix  @@      0.02  0   0 F  0
 Reaction Xsec    28.0+/27 @ 1 =   0.001#, Out:   0.000#   0.000#   0.000f

   S-matrix    2 =    1.00000   0.00000 for L=   27, J=   27.5 channel on core I =   1.5 from L=   27,  Acc. loss =  0.0 D.
 Elastic phase shift   2 =    0.000   0.000 deg. for the L =   27, J =   27.5 channel.
      28.0  1.00000000  0.00000000i: elastic S-matrix  @@      0.00  0   0 F  0
 Reaction Xsec    28.0+/27 @ 2 =   0.001#, Out:   0.000#   0.000#   0.000f

   S-matrix    3 =    1.00000   0.00000 for L=   29, J=   28.5 channel on core I =   1.5 from L=   29,  Acc. loss =  0.0 D.
 Elastic phase shift   3 =    0.000   0.000 deg. for the L =   29, J =   28.5 channel.
      28.0  1.00000000  0.00000000i: elastic S-matrix  @@      0.00  0   0 F  0
 Reaction Xsec    28.0+/29 @ 3 =   0.000#, Out:   0.000#   0.000#   0.000f

   S-matrix    4 =    1.00000   0.00000 for L=   29, J=   29.5 channel on core I =   1.5 from L=   29,  Acc. loss =  0.0 D.
 Elastic phase shift   4 =    0.000   0.000 deg. for the L =   29, J =   29.5 channel.
      28.0  1.00000000  0.00000000i: elastic S-matrix  @@      0.02  0   0 F  0
 Reaction Xsec    28.0+/29 @ 4 =   0.000#, Out:   0.000#   0.000#   0.000f


 Total SPIN, PARITY =    28.0 -,      4 chs,      0 cc.  Rmin & Coul turning =    2.2   19.1
   S-matrix    1 =    1.00000   0.00000 for L=   26, J=   26.5 channel on core I =   1.5 from L=   26,  Acc. loss =  0.0 D.
 Elastic phase shift   1 =    0.000   0.000 deg. for the L =   26, J =   26.5 channel.
      28.0  1.00000000  0.00000000i: elastic S-matrix  @@      0.00  0   0 F  0
 Reaction Xsec    28.0-/26 @ 1 =   0.004#, Out:   0.000#   0.000#   0.000f

   S-matrix    2 =    1.00000   0.00000 for L=   28, J=   27.5 channel on core I =   1.5 from L=   28,  Acc. loss =  0.0 D.
 Elastic phase shift   2 =    0.000   0.000 deg. for the L =   28, J =   27.5 channel.
      28.0  1.00000000  0.00000000i: elastic S-matrix  @@      0.00  0   0 F  0
 Reaction Xsec    28.0-/28 @ 2 =   0.000#, Out:   0.000#   0.000#   0.000f

   S-matrix    3 =    1.00000   0.00000 for L=   28, J=   28.5 channel on core I =   1.5 from L=   28,  Acc. loss =  0.0 D.
 Elastic phase shift   3 =    0.000   0.000 deg. for the L =   28, J =   28.5 channel.
      28.0  1.00000000  0.00000000i: elastic S-matrix  @@      0.00  0   0 F  0
 Reaction Xsec    28.0-/28 @ 3 =   0.000#, Out:   0.000#   0.000#   0.000f

   S-matrix    4 =    1.00000  -0.00000 for L=   30, J=   29.5 channel on core I =   1.5 from L=   30,  Acc. loss =  0.0 D.
 Elastic phase shift   4 =   -0.000   0.000 deg. for the L =   30, J =   29.5 channel.
      28.0  1.00000000 -0.00000000i: elastic S-matrix  @@      0.00  0   0 F  0
 Reaction Xsec    28.0-/30 @ 4 =   0.000#, Out:   0.000#   0.000#   0.000f


 Total SPIN, PARITY =    29.0 +,      4 chs,      0 cc.  Rmin & Coul turning =    2.3   19.8
   S-matrix    1 =    1.00000   0.00000 for L=   27, J=   27.5 channel on core I =   1.5 from L=   27,  Acc. loss =  0.0 D.
 Elastic phase shift   1 =    0.000   0.000 deg. for the L =   27, J =   27.5 channel.
      29.0  1.00000000  0.00000000i: elastic S-matrix  @@      0.00  0   0 F  0
 Reaction Xsec    29.0+/27 @ 1 =   0.001#, Out:   0.000#   0.000#   0.000f

   S-matrix    2 =    1.00000   0.00000 for L=   29, J=   28.5 channel on core I =   1.5 from L=   29,  Acc. loss =  0.0 D.
 Elastic phase shift   2 =    0.000   0.000 deg. for the L =   29, J =   28.5 channel.
      29.0  1.00000000  0.00000000i: elastic S-matrix  @@      0.00  0   0 F  0
 Reaction Xsec    29.0+/29 @ 2 =   0.000#, Out:   0.000#   0.000#   0.000f

   S-matrix    3 =    1.00000   0.00000 for L=   29, J=   29.5 channel on core I =   1.5 from L=   29,  Acc. loss =  0.0 D.
 Elastic phase shift   3 =    0.000   0.000 deg. for the L =   29, J =   29.5 channel.
      29.0  1.00000000  0.00000000i: elastic S-matrix  @@      0.00  0   0 F  0
 Reaction Xsec    29.0+/29 @ 3 =   0.000#, Out:   0.000#   0.000#   0.000f

   S-matrix    4 =    1.00000  -0.00000 for L=   31, J=   30.5 channel on core I =   1.5 from L=   31,  Acc. loss =  0.0 D.
 Elastic phase shift   4 =   -0.000   0.000 deg. for the L =   31, J =   30.5 channel.
      29.0  1.00000000 -0.00000000i: elastic S-matrix  @@      0.00  0   0 F  0
 Reaction Xsec    29.0+/31 @ 4 =   0.000#, Out:   0.000#   0.000#   0.000f


 Total SPIN, PARITY =    29.0 -,      5 chs,      0 cc.  Rmin & Coul turning =    2.3   19.8
   S-matrix    1 =    1.00000   0.00000 for L=   28, J=   27.5 channel on core I =   1.5 from L=   28,  Acc. loss =  0.0 D.
 Elastic phase shift   1 =    0.000   0.000 deg. for the L =   28, J =   27.5 channel.
      29.0  1.00000000  0.00000000i: elastic S-matrix  @@      0.02  0   0 F  0
 Reaction Xsec    29.0-/28 @ 1 =   0.000#, Out:   0.000#   0.000#   0.000f

   S-matrix    2 =    1.00000   0.00000 for L=   28, J=   28.5 channel on core I =   1.5 from L=   28,  Acc. loss =  0.0 D.
 Elastic phase shift   2 =    0.000   0.000 deg. for the L =   28, J =   28.5 channel.
      29.0  1.00000000  0.00000000i: elastic S-matrix  @@      0.00  0   0 F  0
 Reaction Xsec    29.0-/28 @ 2 =   0.000#, Out:   0.000#   0.000#   0.000f

   S-matrix    3 =    1.00000  -0.00000 for L=   30, J=   29.5 channel on core I =   1.5 from L=   30,  Acc. loss =  0.0 D.
 Elastic phase shift   3 =   -0.000   0.000 deg. for the L =   30, J =   29.5 channel.
      29.0  1.00000000 -0.00000000i: elastic S-matrix  @@      0.00  0   0 F  0
 Reaction Xsec    29.0-/30 @ 3 =   0.000#, Out:   0.000#   0.000#   0.000f

   S-matrix    4 =    1.00000  -0.00000 for L=   30, J=   30.5 channel on core I =   1.5 from L=   30,  Acc. loss =  0.0 D.
 Elastic phase shift   4 =   -0.000   0.000 deg. for the L =   30, J =   30.5 channel.
      29.0  1.00000000 -0.00000000i: elastic S-matrix  @@      0.02  0   0 F  0
 Reaction Xsec    29.0-/30 @ 4 =   0.000#, Out:   0.000#   0.000#   0.000f


 Total SPIN, PARITY =    30.0 +,      5 chs,      0 cc.  Rmin & Coul turning =    2.4   20.4
   S-matrix    1 =    1.00000   0.00000 for L=   29, J=   28.5 channel on core I =   1.5 from L=   29,  Acc. loss =  0.0 D.
 Elastic phase shift   1 =    0.000   0.000 deg. for the L =   29, J =   28.5 channel.
      30.0  1.00000000  0.00000000i: elastic S-matrix  @@      0.02  0   0 F  0
 Reaction Xsec    30.0+/29 @ 1 =   0.000#, Out:   0.000#   0.000#   0.000f

   S-matrix    2 =    1.00000   0.00000 for L=   29, J=   29.5 channel on core I =   1.5 from L=   29,  Acc. loss =  0.0 D.
 Elastic phase shift   2 =    0.000   0.000 deg. for the L =   29, J =   29.5 channel.
      30.0  1.00000000  0.00000000i: elastic S-matrix  @@      0.00  0   0 F  0
 Reaction Xsec    30.0+/29 @ 2 =   0.000#, Out:   0.000#   0.000#   0.000f

   S-matrix    3 =    1.00000  -0.00000 for L=   31, J=   30.5 channel on core I =   1.5 from L=   31,  Acc. loss =  0.0 D.
 Elastic phase shift   3 =   -0.000   0.000 deg. for the L =   31, J =   30.5 channel.
      30.0  1.00000000 -0.00000000i: elastic S-matrix  @@      0.00  0   0 F  0
 Reaction Xsec    30.0+/31 @ 3 =   0.000#, Out:   0.000#   0.000#   0.000f

   S-matrix    4 =    1.00000  -0.00000 for L=   31, J=   31.5 channel on core I =   1.5 from L=   31,  Acc. loss =  0.0 D.
 Elastic phase shift   4 =   -0.000   0.000 deg. for the L =   31, J =   31.5 channel.
      30.0  1.00000000 -0.00000000i: elastic S-matrix  @@      0.02  0   0 F  0
 Reaction Xsec    30.0+/31 @ 4 =   0.000#, Out:   0.000#   0.000#   0.000f


 Total SPIN, PARITY =    30.0 -,      4 chs,      0 cc.  Rmin & Coul turning =    2.4   20.4
   S-matrix    1 =    1.00000   0.00000 for L=   28, J=   28.5 channel on core I =   1.5 from L=   28,  Acc. loss =  0.0 D.
 Elastic phase shift   1 =    0.000   0.000 deg. for the L =   28, J =   28.5 channel.
      30.0  1.00000000  0.00000000i: elastic S-matrix  @@      0.00  0   0 F  0
 Reaction Xsec    30.0-/28 @ 1 =   0.000#, Out:   0.000#   0.000#   0.000f

   S-matrix    2 =    1.00000  -0.00000 for L=   30, J=   29.5 channel on core I =   1.5 from L=   30,  Acc. loss =  0.0 D.
 Elastic phase shift   2 =   -0.000   0.000 deg. for the L =   30, J =   29.5 channel.
      30.0  1.00000000 -0.00000000i: elastic S-matrix  @@      0.00  0   0 F  0
 Reaction Xsec    30.0-/30 @ 2 =   0.000#, Out:   0.000#   0.000#   0.000f

   S-matrix    3 =    1.00000  -0.00000 for L=   30, J=   30.5 channel on core I =   1.5 from L=   30,  Acc. loss =  0.0 D.
 Elastic phase shift   3 =   -0.000   0.000 deg. for the L =   30, J =   30.5 channel.
      30.0  1.00000000 -0.00000000i: elastic S-matrix  @@      0.00  0   0 F  0
 Reaction Xsec    30.0-/30 @ 3 =   0.000#, Out:   0.000#   0.000#   0.000f

   S-matrix    4 =    1.00000  -0.00000 for L=   32, J=   31.5 channel on core I =   1.5 from L=   32,  Acc. loss =  0.0 D.
 Elastic phase shift   4 =   -0.000   0.000 deg. for the L =   32, J =   31.5 channel.
      30.0  1.00000000 -0.00000000i: elastic S-matrix  @@      0.00  0   0 F  0
 Reaction Xsec    30.0-/32 @ 4 =   0.000#, Out:   0.000#   0.000#   0.000f


 Total SPIN, PARITY =    31.0 +,      4 chs,      0 cc.  Rmin & Coul turning =    2.5   21.1
   S-matrix    1 =    1.00000   0.00000 for L=   29, J=   29.5 channel on core I =   1.5 from L=   29,  Acc. loss =  0.0 D.
 Elastic phase shift   1 =    0.000   0.000 deg. for the L =   29, J =   29.5 channel.
      31.0  1.00000000  0.00000000i: elastic S-matrix  @@      0.00  0   0 F  0
 Reaction Xsec    31.0+/29 @ 1 =   0.000#, Out:   0.000#   0.000#   0.000f

   S-matrix    2 =    1.00000  -0.00000 for L=   31, J=   30.5 channel on core I =   1.5 from L=   31,  Acc. loss =  0.0 D.
 Elastic phase shift   2 =   -0.000   0.000 deg. for the L =   31, J =   30.5 channel.
      31.0  1.00000000 -0.00000000i: elastic S-matrix  @@      0.00  0   0 F  0
 Reaction Xsec    31.0+/31 @ 2 =   0.000#, Out:   0.000#   0.000#   0.000f

   S-matrix    3 =    1.00000  -0.00000 for L=   31, J=   31.5 channel on core I =   1.5 from L=   31,  Acc. loss =  0.0 D.
 Elastic phase shift   3 =   -0.000   0.000 deg. for the L =   31, J =   31.5 channel.
      31.0  1.00000000 -0.00000000i: elastic S-matrix  @@      0.00  0   0 F  0
 Reaction Xsec    31.0+/31 @ 3 =   0.000#, Out:   0.000#   0.000#   0.000f

   S-matrix    4 =    1.00000  -0.00000 for L=   33, J=   32.5 channel on core I =   1.5 from L=   33,  Acc. loss =  0.0 D.
 Elastic phase shift   4 =   -0.000   0.000 deg. for the L =   33, J =   32.5 channel.
      31.0  1.00000000 -0.00000000i: elastic S-matrix  @@      0.00  0   0 F  0
 Reaction Xsec    31.0+/33 @ 4 =   0.000#, Out:   0.000#   0.000#   0.000f


 Total SPIN, PARITY =    31.0 -,      5 chs,      0 cc.  Rmin & Coul turning =    2.5   21.1
   S-matrix    1 =    1.00000  -0.00000 for L=   30, J=   29.5 channel on core I =   1.5 from L=   30,  Acc. loss =  0.0 D.
 Elastic phase shift   1 =   -0.000   0.000 deg. for the L =   30, J =   29.5 channel.
      31.0  1.00000000 -0.00000000i: elastic S-matrix  @@      0.02  0   0 F  0
 Reaction Xsec    31.0-/30 @ 1 =   0.000#, Out:   0.000#   0.000#   0.000f

   S-matrix    2 =    1.00000  -0.00000 for L=   30, J=   30.5 channel on core I =   1.5 from L=   30,  Acc. loss =  0.0 D.
 Elastic phase shift   2 =   -0.000   0.000 deg. for the L =   30, J =   30.5 channel.
      31.0  1.00000000 -0.00000000i: elastic S-matrix  @@      0.00  0   0 F  0
 Reaction Xsec    31.0-/30 @ 2 =   0.000#, Out:   0.000#   0.000#   0.000f

   S-matrix    3 =    1.00000  -0.00000 for L=   32, J=   31.5 channel on core I =   1.5 from L=   32,  Acc. loss =  0.0 D.
 Elastic phase shift   3 =   -0.000   0.000 deg. for the L =   32, J =   31.5 channel.
      31.0  1.00000000 -0.00000000i: elastic S-matrix  @@      0.00  0   0 F  0
 Reaction Xsec    31.0-/32 @ 3 =   0.000#, Out:   0.000#   0.000#   0.000f

   S-matrix    4 =    1.00000  -0.00000 for L=   32, J=   32.5 channel on core I =   1.5 from L=   32,  Acc. loss =  0.0 D.
 Elastic phase shift   4 =   -0.000   0.000 deg. for the L =   32, J =   32.5 channel.
      31.0  1.00000000 -0.00000000i: elastic S-matrix  @@      0.00  0   0 F  0
 Reaction Xsec    31.0-/32 @ 4 =   0.000#, Out:   0.000#   0.000#   0.000f


 Total SPIN, PARITY =    32.0 +,      5 chs,      0 cc.  Rmin & Coul turning =    2.6   21.8
   S-matrix    1 =    1.00000  -0.00000 for L=   31, J=   30.5 channel on core I =   1.5 from L=   31,  Acc. loss =  0.0 D.
 Elastic phase shift   1 =   -0.000   0.000 deg. for the L =   31, J =   30.5 channel.
      32.0  1.00000000 -0.00000000i: elastic S-matrix  @@      0.02  0   0 F  0
 Reaction Xsec    32.0+/31 @ 1 =   0.000#, Out:   0.000#   0.000#   0.000f

   S-matrix    2 =    1.00000  -0.00000 for L=   31, J=   31.5 channel on core I =   1.5 from L=   31,  Acc. loss =  0.0 D.
 Elastic phase shift   2 =   -0.000   0.000 deg. for the L =   31, J =   31.5 channel.
      32.0  1.00000000 -0.00000000i: elastic S-matrix  @@      0.02  0   0 F  0
 Reaction Xsec    32.0+/31 @ 2 =   0.000#, Out:   0.000#   0.000#   0.000f

   S-matrix    3 =    1.00000  -0.00000 for L=   33, J=   32.5 channel on core I =   1.5 from L=   33,  Acc. loss =  0.0 D.
 Elastic phase shift   3 =   -0.000   0.000 deg. for the L =   33, J =   32.5 channel.
      32.0  1.00000000 -0.00000000i: elastic S-matrix  @@      0.00  0   0 F  0
 Reaction Xsec    32.0+/33 @ 3 =   0.000#, Out:   0.000#   0.000#   0.000f

   S-matrix    4 =    1.00000  -0.00000 for L=   33, J=   33.5 channel on core I =   1.5 from L=   33,  Acc. loss =  0.0 D.
 Elastic phase shift   4 =   -0.000   0.000 deg. for the L =   33, J =   33.5 channel.
      32.0  1.00000000 -0.00000000i: elastic S-matrix  @@      0.00  0   0 F  0
 Reaction Xsec    32.0+/33 @ 4 =   0.000#, Out:   0.000#   0.000#   0.000f


 Total SPIN, PARITY =    32.0 -,      4 chs,      0 cc.  Rmin & Coul turning =    2.6   21.8
   S-matrix    1 =    1.00000  -0.00000 for L=   30, J=   30.5 channel on core I =   1.5 from L=   30,  Acc. loss =  0.0 D.
 Elastic phase shift   1 =   -0.000   0.000 deg. for the L =   30, J =   30.5 channel.
      32.0  1.00000000 -0.00000000i: elastic S-matrix  @@      0.00  0   0 F  0
 Reaction Xsec    32.0-/30 @ 1 =   0.000#, Out:   0.000#   0.000#   0.000f

   S-matrix    2 =    1.00000  -0.00000 for L=   32, J=   31.5 channel on core I =   1.5 from L=   32,  Acc. loss =  0.0 D.
 Elastic phase shift   2 =   -0.000   0.000 deg. for the L =   32, J =   31.5 channel.
      32.0  1.00000000 -0.00000000i: elastic S-matrix  @@      0.00  0   0 F  0
 Reaction Xsec    32.0-/32 @ 2 =   0.000#, Out:   0.000#   0.000#   0.000f

   S-matrix    3 =    1.00000  -0.00000 for L=   32, J=   32.5 channel on core I =   1.5 from L=   32,  Acc. loss =  0.0 D.
 Elastic phase shift   3 =   -0.000   0.000 deg. for the L =   32, J =   32.5 channel.
      32.0  1.00000000 -0.00000000i: elastic S-matrix  @@      0.00  0   0 F  0
 Reaction Xsec    32.0-/32 @ 3 =   0.000#, Out:   0.000#   0.000#   0.000f

   S-matrix    4 =    1.00000  -0.00000 for L=   34, J=   33.5 channel on core I =   1.5 from L=   34,  Acc. loss =  0.0 D.
 Elastic phase shift   4 =   -0.000   0.000 deg. for the L =   34, J =   33.5 channel.
      32.0  1.00000000 -0.00000000i: elastic S-matrix  @@      0.00  0   0 F  0
 Reaction Xsec    32.0-/34 @ 4 =   0.000#, Out:   0.000#   0.000#   0.000f


 Total SPIN, PARITY =    33.0 +,      4 chs,      0 cc.  Rmin & Coul turning =    2.6   22.4
   S-matrix    1 =    1.00000  -0.00000 for L=   31, J=   31.5 channel on core I =   1.5 from L=   31,  Acc. loss =  0.0 D.
 Elastic phase shift   1 =   -0.000   0.000 deg. for the L =   31, J =   31.5 channel.
      33.0  1.00000000 -0.00000000i: elastic S-matrix  @@      0.00  0   0 F  0
 Reaction Xsec    33.0+/31 @ 1 =   0.000#, Out:   0.000#   0.000#   0.000f

   S-matrix    2 =    1.00000  -0.00000 for L=   33, J=   32.5 channel on core I =   1.5 from L=   33,  Acc. loss =  0.0 D.
 Elastic phase shift   2 =   -0.000   0.000 deg. for the L =   33, J =   32.5 channel.
      33.0  1.00000000 -0.00000000i: elastic S-matrix  @@      0.00  0   0 F  0
 Reaction Xsec    33.0+/33 @ 2 =   0.000#, Out:   0.000#   0.000#   0.000f

   S-matrix    3 =    1.00000  -0.00000 for L=   33, J=   33.5 channel on core I =   1.5 from L=   33,  Acc. loss =  0.0 D.
 Elastic phase shift   3 =   -0.000   0.000 deg. for the L =   33, J =   33.5 channel.
      33.0  1.00000000 -0.00000000i: elastic S-matrix  @@      0.00  0   0 F  0
 Reaction Xsec    33.0+/33 @ 3 =   0.000#, Out:   0.000#   0.000#   0.000f

   S-matrix    4 =    1.00000  -0.00000 for L=   35, J=   34.5 channel on core I =   1.5 from L=   35,  Acc. loss =  0.0 D.
 Elastic phase shift   4 =   -0.000   0.000 deg. for the L =   35, J =   34.5 channel.
      33.0  1.00000000 -0.00000001i: elastic S-matrix  @@      0.00  0   0 F  0
 Reaction Xsec    33.0+/35 @ 4 =   0.000#, Out:   0.000#   0.000#   0.000f


 Total SPIN, PARITY =    33.0 -,      5 chs,      0 cc.  Rmin & Coul turning =    2.6   22.4
   S-matrix    1 =    1.00000  -0.00000 for L=   32, J=   31.5 channel on core I =   1.5 from L=   32,  Acc. loss =  0.0 D.
 Elastic phase shift   1 =   -0.000   0.000 deg. for the L =   32, J =   31.5 channel.
      33.0  1.00000000 -0.00000000i: elastic S-matrix  @@      0.02  0   0 F  0
 Reaction Xsec    33.0-/32 @ 1 =   0.000#, Out:   0.000#   0.000#   0.000f

   S-matrix    2 =    1.00000  -0.00000 for L=   32, J=   32.5 channel on core I =   1.5 from L=   32,  Acc. loss =  0.0 D.
 Elastic phase shift   2 =   -0.000   0.000 deg. for the L =   32, J =   32.5 channel.
0****** WARNING : ACCURACY LOSS IN ERWIN = 14.2 DIGITS, SO EXPECT ERRORS OF   0.0000 % OF UNITARITY

      33.0  1.00000000 -0.00000000i: elastic S-matrix  @@      0.02  0   0 F  0
 Reaction Xsec    33.0-/32 @ 2 =   0.000#, Out:   0.000#   0.000#   0.000f

   S-matrix    3 =    1.00000  -0.00000 for L=   34, J=   33.5 channel on core I =   1.5 from L=   34,  Acc. loss =  0.0 D.
 Elastic phase shift   3 =   -0.000   0.000 deg. for the L =   34, J =   33.5 channel.
      33.0  1.00000000 -0.00000000i: elastic S-matrix  @@      0.00  0   0 F  0
 Reaction Xsec    33.0-/34 @ 3 =   0.000#, Out:   0.000#   0.000#   0.000f

   S-matrix    4 =    1.00000  -0.00000 for L=   34, J=   34.5 channel on core I =   1.5 from L=   34,  Acc. loss =  0.0 D.
 Elastic phase shift   4 =   -0.000   0.000 deg. for the L =   34, J =   34.5 channel.
      33.0  1.00000000 -0.00000000i: elastic S-matrix  @@      0.00  0   0 F  0
 Reaction Xsec    33.0-/34 @ 4 =   0.000#, Out:   0.000#   0.000#   0.000f


 Total SPIN, PARITY =    34.0 +,      5 chs,      0 cc.  Rmin & Coul turning =    2.7   23.1
   S-matrix    1 =    1.00000  -0.00000 for L=   33, J=   32.5 channel on core I =   1.5 from L=   33,  Acc. loss =  0.0 D.
 Elastic phase shift   1 =   -0.000   0.000 deg. for the L =   33, J =   32.5 channel.
      34.0  1.00000000 -0.00000000i: elastic S-matrix  @@      0.02  0   0 F  0
 Reaction Xsec    34.0+/33 @ 1 =   0.000#, Out:   0.000#   0.000#   0.000f

   S-matrix    2 =    1.00000  -0.00000 for L=   33, J=   33.5 channel on core I =   1.5 from L=   33,  Acc. loss =  0.0 D.
 Elastic phase shift   2 =   -0.000   0.000 deg. for the L =   33, J =   33.5 channel.
0****** WARNING : ACCURACY LOSS IN ERWIN = 14.3 DIGITS, SO EXPECT ERRORS OF   0.0000 % OF UNITARITY

      34.0  1.00000000 -0.00000000i: elastic S-matrix  @@      0.02  0   0 F  0
 Reaction Xsec    34.0+/33 @ 2 =   0.000#, Out:   0.000#   0.000#   0.000f

   S-matrix    3 =    1.00000  -0.00000 for L=   35, J=   34.5 channel on core I =   1.5 from L=   35,  Acc. loss =  0.0 D.
 Elastic phase shift   3 =   -0.000   0.000 deg. for the L =   35, J =   34.5 channel.
      34.0  1.00000000 -0.00000001i: elastic S-matrix  @@      0.00  0   0 F  0
 Reaction Xsec    34.0+/35 @ 3 =   0.000#, Out:   0.000#   0.000#   0.000f

   S-matrix    4 =    1.00000  -0.00000 for L=   35, J=   35.5 channel on core I =   1.5 from L=   35,  Acc. loss =  0.0 D.
 Elastic phase shift   4 =   -0.000   0.000 deg. for the L =   35, J =   35.5 channel.
      34.0  1.00000000 -0.00000001i: elastic S-matrix  @@      0.00  0   0 F  0
 Reaction Xsec    34.0+/35 @ 4 =   0.000#, Out:   0.000#   0.000#   0.000f


 Total SPIN, PARITY =    34.0 -,      4 chs,      0 cc.  Rmin & Coul turning =    2.7   23.1
   S-matrix    1 =    1.00000  -0.00000 for L=   32, J=   32.5 channel on core I =   1.5 from L=   32,  Acc. loss =  0.0 D.
 Elastic phase shift   1 =   -0.000   0.000 deg. for the L =   32, J =   32.5 channel.
      34.0  1.00000000 -0.00000000i: elastic S-matrix  @@      0.00  0   0 F  0
 Reaction Xsec    34.0-/32 @ 1 =   0.000#, Out:   0.000#   0.000#   0.000f

   S-matrix    2 =    1.00000  -0.00000 for L=   34, J=   33.5 channel on core I =   1.5 from L=   34,  Acc. loss =  0.0 D.
 Elastic phase shift   2 =   -0.000   0.000 deg. for the L =   34, J =   33.5 channel.
      34.0  1.00000000 -0.00000000i: elastic S-matrix  @@      0.00  0   0 F  0
 Reaction Xsec    34.0-/34 @ 2 =   0.000#, Out:   0.000#   0.000#   0.000f

   S-matrix    3 =    1.00000  -0.00000 for L=   34, J=   34.5 channel on core I =   1.5 from L=   34,  Acc. loss =  0.0 D.
 Elastic phase shift   3 =   -0.000   0.000 deg. for the L =   34, J =   34.5 channel.
      34.0  1.00000000 -0.00000000i: elastic S-matrix  @@      0.00  0   0 F  0
 Reaction Xsec    34.0-/34 @ 3 =   0.000#, Out:   0.000#   0.000#   0.000f

   S-matrix    4 =    1.00000  -0.00000 for L=   36, J=   35.5 channel on core I =   1.5 from L=   36,  Acc. loss =  0.0 D.
 Elastic phase shift   4 =   -0.000  -0.000 deg. for the L =   36, J =   35.5 channel.
      34.0  1.00000000 -0.00000001i: elastic S-matrix  @@      0.00  0   0 F  0
 Reaction Xsec    34.0-/36 @ 4 =  -0.000#, Out:   0.000#   0.000#  -0.000f


 Total SPIN, PARITY =    35.0 +,      4 chs,      0 cc.  Rmin & Coul turning =    2.8   23.8
   S-matrix    1 =    1.00000  -0.00000 for L=   33, J=   33.5 channel on core I =   1.5 from L=   33,  Acc. loss =  0.0 D.
 Elastic phase shift   1 =   -0.000   0.000 deg. for the L =   33, J =   33.5 channel.
      35.0  1.00000000 -0.00000000i: elastic S-matrix  @@      0.00  0   0 F  0
 Reaction Xsec    35.0+/33 @ 1 =   0.000#, Out:   0.000#   0.000#   0.000f

   S-matrix    2 =    1.00000  -0.00000 for L=   35, J=   34.5 channel on core I =   1.5 from L=   35,  Acc. loss =  0.0 D.
 Elastic phase shift   2 =   -0.000   0.000 deg. for the L =   35, J =   34.5 channel.
      35.0  1.00000000 -0.00000001i: elastic S-matrix  @@      0.00  0   0 F  0
 Reaction Xsec    35.0+/35 @ 2 =   0.000#, Out:   0.000#   0.000#   0.000f

   S-matrix    3 =    1.00000  -0.00000 for L=   35, J=   35.5 channel on core I =   1.5 from L=   35,  Acc. loss =  0.0 D.
 Elastic phase shift   3 =   -0.000   0.000 deg. for the L =   35, J =   35.5 channel.
      35.0  1.00000000 -0.00000001i: elastic S-matrix  @@      0.00  0   0 F  0
 Reaction Xsec    35.0+/35 @ 3 =   0.000#, Out:   0.000#   0.000#   0.000f

   S-matrix    4 =    1.00000  -0.00000 for L=   37, J=   36.5 channel on core I =   1.5 from L=   37,  Acc. loss =  0.0 D.
 Elastic phase shift   4 =   -0.000  -0.000 deg. for the L =   37, J =   36.5 channel.
      35.0  1.00000000 -0.00000000i: elastic S-matrix  @@      0.00  0   0 F  0
 Reaction Xsec    35.0+/37 @ 4 =  -0.000#, Out:   0.000#   0.000#  -0.000f


 Total SPIN, PARITY =    35.0 -,      5 chs,      0 cc.  Rmin & Coul turning =    2.8   23.8
   S-matrix    1 =    1.00000  -0.00000 for L=   34, J=   33.5 channel on core I =   1.5 from L=   34,  Acc. loss =  0.0 D.
 Elastic phase shift   1 =   -0.000   0.000 deg. for the L =   34, J =   33.5 channel.
      35.0  1.00000000 -0.00000000i: elastic S-matrix  @@      0.02  0   0 F  0
 Reaction Xsec    35.0-/34 @ 1 =   0.000#, Out:   0.000#   0.000#   0.000f

   S-matrix    2 =    1.00000  -0.00000 for L=   34, J=   34.5 channel on core I =   1.5 from L=   34,  Acc. loss =  0.0 D.
 Elastic phase shift   2 =   -0.000   0.000 deg. for the L =   34, J =   34.5 channel.
0****** WARNING : ACCURACY LOSS IN ERWIN = 14.2 DIGITS, SO EXPECT ERRORS OF   0.0000 % OF UNITARITY

      35.0  1.00000000 -0.00000000i: elastic S-matrix  @@      0.00  0   0 F  0
 Reaction Xsec    35.0-/34 @ 2 =   0.000#, Out:   0.000#   0.000#   0.000f

   S-matrix    3 =    1.00000  -0.00000 for L=   36, J=   35.5 channel on core I =   1.5 from L=   36,  Acc. loss =  0.0 D.
 Elastic phase shift   3 =   -0.000  -0.000 deg. for the L =   36, J =   35.5 channel.
      35.0  1.00000000 -0.00000001i: elastic S-matrix  @@      0.02  0   0 F  0
 Reaction Xsec    35.0-/36 @ 3 =  -0.000#, Out:   0.000#   0.000#  -0.000f

   S-matrix    4 =    1.00000  -0.00000 for L=   36, J=   36.5 channel on core I =   1.5 from L=   36,  Acc. loss =  0.0 D.
 Elastic phase shift   4 =   -0.000   0.000 deg. for the L =   36, J =   36.5 channel.
      35.0  1.00000000 -0.00000001i: elastic S-matrix  @@      0.00  0   0 F  0
 Reaction Xsec    35.0-/36 @ 4 =   0.000#, Out:   0.000#   0.000#   0.000f


 Total SPIN, PARITY =    36.0 +,      5 chs,      0 cc.  Rmin & Coul turning =    2.9   24.4
   S-matrix    1 =    1.00000  -0.00000 for L=   35, J=   34.5 channel on core I =   1.5 from L=   35,  Acc. loss =  0.0 D.
 Elastic phase shift   1 =   -0.000   0.000 deg. for the L =   35, J =   34.5 channel.
      36.0  1.00000000 -0.00000001i: elastic S-matrix  @@      0.02  0   0 F  0
 Reaction Xsec    36.0+/35 @ 1 =   0.000#, Out:   0.000#   0.000#   0.000f

   S-matrix    2 =    1.00000  -0.00000 for L=   35, J=   35.5 channel on core I =   1.5 from L=   35,  Acc. loss =  0.0 D.
 Elastic phase shift   2 =   -0.000   0.000 deg. for the L =   35, J =   35.5 channel.
      36.0  1.00000000 -0.00000001i: elastic S-matrix  @@      0.00  0   0 F  0
 Reaction Xsec    36.0+/35 @ 2 =   0.000#, Out:   0.000#   0.000#   0.000f

   S-matrix    3 =    1.00000  -0.00000 for L=   37, J=   36.5 channel on core I =   1.5 from L=   37,  Acc. loss =  0.0 D.
 Elastic phase shift   3 =   -0.000  -0.000 deg. for the L =   37, J =   36.5 channel.
      36.0  1.00000000 -0.00000000i: elastic S-matrix  @@      0.02  0   0 F  0
 Reaction Xsec    36.0+/37 @ 3 =  -0.000#, Out:   0.000#   0.000#  -0.000f

   S-matrix    4 =    1.00000  -0.00000 for L=   37, J=   37.5 channel on core I =   1.5 from L=   37,  Acc. loss =  0.0 D.
 Elastic phase shift   4 =   -0.000   0.000 deg. for the L =   37, J =   37.5 channel.
      36.0  1.00000000 -0.00000000i: elastic S-matrix  @@      0.00  0   0 F  0
 Reaction Xsec    36.0+/37 @ 4 =   0.000#, Out:   0.000#   0.000#   0.000f


 Total SPIN, PARITY =    36.0 -,      4 chs,      0 cc.  Rmin & Coul turning =    2.9   24.4
   S-matrix    1 =    1.00000  -0.00000 for L=   34, J=   34.5 channel on core I =   1.5 from L=   34,  Acc. loss =  0.0 D.
 Elastic phase shift   1 =   -0.000   0.000 deg. for the L =   34, J =   34.5 channel.
      36.0  1.00000000 -0.00000000i: elastic S-matrix  @@      0.00  0   0 F  0
 Reaction Xsec    36.0-/34 @ 1 =   0.000#, Out:   0.000#   0.000#   0.000f

   S-matrix    2 =    1.00000  -0.00000 for L=   36, J=   35.5 channel on core I =   1.5 from L=   36,  Acc. loss =  0.0 D.
 Elastic phase shift   2 =   -0.000  -0.000 deg. for the L =   36, J =   35.5 channel.
      36.0  1.00000000 -0.00000001i: elastic S-matrix  @@      0.00  0   0 F  0
 Reaction Xsec    36.0-/36 @ 2 =  -0.000#, Out:   0.000#   0.000#  -0.000f

   S-matrix    3 =    1.00000  -0.00000 for L=   36, J=   36.5 channel on core I =   1.5 from L=   36,  Acc. loss =  0.0 D.
 Elastic phase shift   3 =   -0.000   0.000 deg. for the L =   36, J =   36.5 channel.
      36.0  1.00000000 -0.00000001i: elastic S-matrix  @@      0.00  0   0 F  0
 Reaction Xsec    36.0-/36 @ 3 =   0.000#, Out:   0.000#   0.000#   0.000f

   S-matrix    4 =    1.00000  -0.00000 for L=   38, J=   37.5 channel on core I =   1.5 from L=   38,  Acc. loss =  0.0 D.
 Elastic phase shift   4 =   -0.000  -0.000 deg. for the L =   38, J =   37.5 channel.
      36.0  1.00000000 -0.00000000i: elastic S-matrix  @@      0.00  0   0 F  0
 Reaction Xsec    36.0-/38 @ 4 =  -0.000#, Out:   0.000#   0.000#  -0.000f


 Total SPIN, PARITY =    37.0 +,      4 chs,      0 cc.  Rmin & Coul turning =    3.0   25.1
   S-matrix    1 =    1.00000  -0.00000 for L=   35, J=   35.5 channel on core I =   1.5 from L=   35,  Acc. loss =  0.0 D.
 Elastic phase shift   1 =   -0.000   0.000 deg. for the L =   35, J =   35.5 channel.
      37.0  1.00000000 -0.00000001i: elastic S-matrix  @@      0.00  0   0 F  0
 Reaction Xsec    37.0+/35 @ 1 =   0.000#, Out:   0.000#   0.000#   0.000f

   S-matrix    2 =    1.00000  -0.00000 for L=   37, J=   36.5 channel on core I =   1.5 from L=   37,  Acc. loss =  0.0 D.
 Elastic phase shift   2 =   -0.000  -0.000 deg. for the L =   37, J =   36.5 channel.
      37.0  1.00000000 -0.00000000i: elastic S-matrix  @@      0.00  0   0 F  0
 Reaction Xsec    37.0+/37 @ 2 =  -0.000#, Out:   0.000#   0.000#  -0.000f

   S-matrix    3 =    1.00000  -0.00000 for L=   37, J=   37.5 channel on core I =   1.5 from L=   37,  Acc. loss =  0.0 D.
 Elastic phase shift   3 =   -0.000   0.000 deg. for the L =   37, J =   37.5 channel.
      37.0  1.00000000 -0.00000000i: elastic S-matrix  @@      0.00  0   0 F  0
 Reaction Xsec    37.0+/37 @ 3 =   0.000#, Out:   0.000#   0.000#   0.000f

   S-matrix    4 =    1.00000  -0.00000 for L=   39, J=   38.5 channel on core I =   1.5 from L=   39,  Acc. loss =  0.0 D.
 Elastic phase shift   4 =   -0.000   0.000 deg. for the L =   39, J =   38.5 channel.
      37.0  1.00000000 -0.00000000i: elastic S-matrix  @@      0.00  0   0 F  0
 Reaction Xsec    37.0+/39 @ 4 =   0.000#, Out:   0.000#   0.000#   0.000f


 Total SPIN, PARITY =    37.0 -,      5 chs,      0 cc.  Rmin & Coul turning =    3.0   25.1
   S-matrix    1 =    1.00000  -0.00000 for L=   36, J=   35.5 channel on core I =   1.5 from L=   36,  Acc. loss =  0.0 D.
 Elastic phase shift   1 =   -0.000  -0.000 deg. for the L =   36, J =   35.5 channel.
      37.0  1.00000000 -0.00000001i: elastic S-matrix  @@      0.02  0   0 F  0
 Reaction Xsec    37.0-/36 @ 1 =  -0.000#, Out:   0.000#   0.000#  -0.000f

   S-matrix    2 =    1.00000  -0.00000 for L=   36, J=   36.5 channel on core I =   1.5 from L=   36,  Acc. loss =  0.0 D.
 Elastic phase shift   2 =   -0.000   0.000 deg. for the L =   36, J =   36.5 channel.
0****** WARNING : ACCURACY LOSS IN ERWIN = 14.6 DIGITS, SO EXPECT ERRORS OF   0.0000 % OF UNITARITY

      37.0  1.00000000 -0.00000001i: elastic S-matrix  @@      0.02  0   0 F  0
 Reaction Xsec    37.0-/36 @ 2 =   0.000#, Out:   0.000#   0.000#   0.000f

   S-matrix    3 =    1.00000  -0.00000 for L=   38, J=   37.5 channel on core I =   1.5 from L=   38,  Acc. loss =  0.0 D.
 Elastic phase shift   3 =   -0.000  -0.000 deg. for the L =   38, J =   37.5 channel.
      37.0  1.00000000 -0.00000000i: elastic S-matrix  @@      0.00  0   0 F  0
 Reaction Xsec    37.0-/38 @ 3 =  -0.000#, Out:   0.000#   0.000#  -0.000f

   S-matrix    4 =    1.00000  -0.00000 for L=   38, J=   38.5 channel on core I =   1.5 from L=   38,  Acc. loss =  0.0 D.
 Elastic phase shift   4 =   -0.000  -0.000 deg. for the L =   38, J =   38.5 channel.
      37.0  1.00000000 -0.00000000i: elastic S-matrix  @@      0.00  0   0 F  0
 Reaction Xsec    37.0-/38 @ 4 =  -0.000#, Out:   0.000#   0.000#  -0.000f


 Total SPIN, PARITY =    38.0 +,      5 chs,      0 cc.  Rmin & Coul turning =    3.0   25.8
   S-matrix    1 =    1.00000  -0.00000 for L=   37, J=   36.5 channel on core I =   1.5 from L=   37,  Acc. loss =  0.0 D.
 Elastic phase shift   1 =   -0.000  -0.000 deg. for the L =   37, J =   36.5 channel.
0****** WARNING : ACCURACY LOSS IN ERWIN = 14.3 DIGITS, SO EXPECT ERRORS OF   0.0000 % OF UNITARITY

      38.0  1.00000000 -0.00000000i: elastic S-matrix  @@      0.02  0   0 F  0
 Reaction Xsec    38.0+/37 @ 1 =  -0.000#, Out:   0.000#   0.000#  -0.000f

   S-matrix    2 =    1.00000  -0.00000 for L=   37, J=   37.5 channel on core I =   1.5 from L=   37,  Acc. loss =  0.0 D.
 Elastic phase shift   2 =   -0.000   0.000 deg. for the L =   37, J =   37.5 channel.
0****** WARNING : ACCURACY LOSS IN ERWIN = 14.7 DIGITS, SO EXPECT ERRORS OF   0.0000 % OF UNITARITY

      38.0  1.00000000 -0.00000000i: elastic S-matrix  @@      0.02  0   0 F  0
 Reaction Xsec    38.0+/37 @ 2 =   0.000#, Out:   0.000#   0.000#   0.000f

   S-matrix    3 =    1.00000  -0.00000 for L=   39, J=   38.5 channel on core I =   1.5 from L=   39,  Acc. loss =  0.0 D.
 Elastic phase shift   3 =   -0.000   0.000 deg. for the L =   39, J =   38.5 channel.
      38.0  1.00000000 -0.00000000i: elastic S-matrix  @@      0.00  0   0 F  0
 Reaction Xsec    38.0+/39 @ 3 =   0.000#, Out:   0.000#   0.000#  -0.000f

   S-matrix    4 =    1.00000  -0.00000 for L=   39, J=   39.5 channel on core I =   1.5 from L=   39,  Acc. loss =  0.0 D.
 Elastic phase shift   4 =   -0.000  -0.000 deg. for the L =   39, J =   39.5 channel.
0****** WARNING : ACCURACY LOSS IN ERWIN = 14.4 DIGITS, SO EXPECT ERRORS OF   0.0000 % OF UNITARITY

      38.0  1.00000000 -0.00000000i: elastic S-matrix  @@      0.00  0   0 F  0
 Reaction Xsec    38.0+/39 @ 4 =  -0.000#, Out:   0.000#   0.000#  -0.000f


 Total SPIN, PARITY =    38.0 -,      4 chs,      0 cc.  Rmin & Coul turning =    3.0   25.8
   S-matrix    1 =    1.00000  -0.00000 for L=   36, J=   36.5 channel on core I =   1.5 from L=   36,  Acc. loss =  0.0 D.
 Elastic phase shift   1 =   -0.000   0.000 deg. for the L =   36, J =   36.5 channel.
      38.0  1.00000000 -0.00000001i: elastic S-matrix  @@      0.00  0   0 F  0
 Reaction Xsec    38.0-/36 @ 1 =   0.000#, Out:   0.000#   0.000#   0.000f

   S-matrix    2 =    1.00000  -0.00000 for L=   38, J=   37.5 channel on core I =   1.5 from L=   38,  Acc. loss =  0.0 D.
 Elastic phase shift   2 =   -0.000  -0.000 deg. for the L =   38, J =   37.5 channel.
      38.0  1.00000000 -0.00000000i: elastic S-matrix  @@      0.00  0   0 F  0
 Reaction Xsec    38.0-/38 @ 2 =  -0.000#, Out:   0.000#   0.000#  -0.000f

   S-matrix    3 =    1.00000  -0.00000 for L=   38, J=   38.5 channel on core I =   1.5 from L=   38,  Acc. loss =  0.0 D.
 Elastic phase shift   3 =   -0.000  -0.000 deg. for the L =   38, J =   38.5 channel.
      38.0  1.00000000 -0.00000000i: elastic S-matrix  @@      0.00  0   0 F  0
 Reaction Xsec    38.0-/38 @ 3 =  -0.000#, Out:   0.000#   0.000#  -0.000f

   S-matrix    4 =    1.00000  -0.00000 for L=   40, J=   39.5 channel on core I =   1.5 from L=   40,  Acc. loss =  0.0 D.
 Elastic phase shift   4 =   -0.000  -0.000 deg. for the L =   40, J =   39.5 channel.
      38.0  1.00000000 -0.00000001i: elastic S-matrix  @@      0.00  0   0 F  0
 Reaction Xsec    38.0-/40 @ 4 =  -0.000#, Out:   0.000#   0.000#  -0.000f


 Total SPIN, PARITY =    39.0 +,      4 chs,      0 cc.  Rmin & Coul turning =    3.1   26.4
   S-matrix    1 =    1.00000  -0.00000 for L=   37, J=   37.5 channel on core I =   1.5 from L=   37,  Acc. loss =  0.0 D.
 Elastic phase shift   1 =   -0.000   0.000 deg. for the L =   37, J =   37.5 channel.
      39.0  1.00000000 -0.00000000i: elastic S-matrix  @@      0.02  0   0 F  0
 Reaction Xsec    39.0+/37 @ 1 =   0.000#, Out:   0.000#   0.000#   0.000f

   S-matrix    2 =    1.00000  -0.00000 for L=   39, J=   38.5 channel on core I =   1.5 from L=   39,  Acc. loss =  0.0 D.
 Elastic phase shift   2 =   -0.000   0.000 deg. for the L =   39, J =   38.5 channel.
      39.0  1.00000000 -0.00000000i: elastic S-matrix  @@      0.00  0   0 F  0
 Reaction Xsec    39.0+/39 @ 2 =   0.000#, Out:   0.000#   0.000#   0.000f

   S-matrix    3 =    1.00000  -0.00000 for L=   39, J=   39.5 channel on core I =   1.5 from L=   39,  Acc. loss =  0.0 D.
 Elastic phase shift   3 =   -0.000  -0.000 deg. for the L =   39, J =   39.5 channel.
      39.0  1.00000000 -0.00000000i: elastic S-matrix  @@      0.00  0   0 F  0
 Reaction Xsec    39.0+/39 @ 3 =  -0.000#, Out:   0.000#   0.000#  -0.000f

   S-matrix    4 =    1.00000  -0.00000 for L=   41, J=   40.5 channel on core I =   1.5 from L=   41,  Acc. loss =  0.0 D.
 Elastic phase shift   4 =   -0.000   0.000 deg. for the L =   41, J =   40.5 channel.
      39.0  1.00000000 -0.00000001i: elastic S-matrix  @@      0.00  0   0 F  0
 Reaction Xsec    39.0+/41 @ 4 =   0.000#, Out:   0.000#   0.000#   0.000f


 Total SPIN, PARITY =    39.0 -,      5 chs,      0 cc.  Rmin & Coul turning =    3.1   26.4
   S-matrix    1 =    1.00000  -0.00000 for L=   38, J=   37.5 channel on core I =   1.5 from L=   38,  Acc. loss =  0.0 D.
 Elastic phase shift   1 =   -0.000  -0.000 deg. for the L =   38, J =   37.5 channel.
0****** WARNING : ACCURACY LOSS IN ERWIN = 14.5 DIGITS, SO EXPECT ERRORS OF   0.0000 % OF UNITARITY

      39.0  1.00000000 -0.00000000i: elastic S-matrix  @@      0.00  0   0 F  0
 Reaction Xsec    39.0-/38 @ 1 =  -0.000#, Out:   0.000#   0.000#  -0.000f

   S-matrix    2 =    1.00000  -0.00000 for L=   38, J=   38.5 channel on core I =   1.5 from L=   38,  Acc. loss =  0.0 D.
 Elastic phase shift   2 =   -0.000  -0.000 deg. for the L =   38, J =   38.5 channel.
      39.0  1.00000000 -0.00000000i: elastic S-matrix  @@      0.02  0   0 F  0
 Reaction Xsec    39.0-/38 @ 2 =  -0.000#, Out:   0.000#   0.000#  -0.000f

   S-matrix    3 =    1.00000  -0.00000 for L=   40, J=   39.5 channel on core I =   1.5 from L=   40,  Acc. loss =  0.0 D.
 Elastic phase shift   3 =   -0.000  -0.000 deg. for the L =   40, J =   39.5 channel.
      39.0  1.00000000 -0.00000001i: elastic S-matrix  @@      0.00  0   0 F  0
 Reaction Xsec    39.0-/40 @ 3 =  -0.000#, Out:   0.000#   0.000#  -0.000f

   S-matrix    4 =    1.00000  -0.00000 for L=   40, J=   40.5 channel on core I =   1.5 from L=   40,  Acc. loss =  0.0 D.
 Elastic phase shift   4 =   -0.000  -0.000 deg. for the L =   40, J =   40.5 channel.
      39.0  1.00000000 -0.00000001i: elastic S-matrix  @@      0.02  0   0 F  0
 Reaction Xsec    39.0-/40 @ 4 =  -0.000#, Out:   0.000#   0.000#  -0.000f


 Total SPIN, PARITY =    40.0 +,      5 chs,      0 cc.  Rmin & Coul turning =    3.2   27.1
   S-matrix    1 =    1.00000  -0.00000 for L=   39, J=   38.5 channel on core I =   1.5 from L=   39,  Acc. loss =  0.0 D.
 Elastic phase shift   1 =   -0.000   0.000 deg. for the L =   39, J =   38.5 channel.
0****** WARNING : ACCURACY LOSS IN ERWIN = 14.2 DIGITS, SO EXPECT ERRORS OF   0.0000 % OF UNITARITY

      40.0  1.00000000 -0.00000000i: elastic S-matrix  @@      0.00  0   0 F  0
 Reaction Xsec    40.0+/39 @ 1 =   0.000#, Out:   0.000#   0.000#  -0.000f

   S-matrix    2 =    1.00000  -0.00000 for L=   39, J=   39.5 channel on core I =   1.5 from L=   39,  Acc. loss =  0.0 D.
 Elastic phase shift   2 =   -0.000   0.000 deg. for the L =   39, J =   39.5 channel.
      40.0  1.00000000 -0.00000000i: elastic S-matrix  @@      0.02  0   0 F  0
 Reaction Xsec    40.0+/39 @ 2 =   0.000#, Out:   0.000#   0.000#  -0.000f

   S-matrix    3 =    1.00000  -0.00000 for L=   41, J=   40.5 channel on core I =   1.5 from L=   41,  Acc. loss =  0.0 D.
 Elastic phase shift   3 =   -0.000   0.000 deg. for the L =   41, J =   40.5 channel.
      40.0  1.00000000 -0.00000001i: elastic S-matrix  @@      0.00  0   0 F  0
 Reaction Xsec    40.0+/41 @ 3 =   0.000#, Out:   0.000#   0.000#   0.000f

   S-matrix    4 =    1.00000  -0.00000 for L=   41, J=   41.5 channel on core I =   1.5 from L=   41,  Acc. loss =  0.0 D.
 Elastic phase shift   4 =   -0.000  -0.000 deg. for the L =   41, J =   41.5 channel.
      40.0  1.00000000 -0.00000001i: elastic S-matrix  @@      0.00  0   0 F  0
 Reaction Xsec    40.0+/41 @ 4 =  -0.000#, Out:   0.000#   0.000#  -0.000f


 Total SPIN, PARITY =    40.0 -,      4 chs,      0 cc.  Rmin & Coul turning =    3.2   27.1
   S-matrix    1 =    1.00000  -0.00000 for L=   38, J=   38.5 channel on core I =   1.5 from L=   38,  Acc. loss =  0.0 D.
 Elastic phase shift   1 =   -0.000  -0.000 deg. for the L =   38, J =   38.5 channel.
      40.0  1.00000000 -0.00000000i: elastic S-matrix  @@      0.02  0   0 F  0
 Reaction Xsec    40.0-/38 @ 1 =  -0.000#, Out:   0.000#   0.000#  -0.000f

   S-matrix    2 =    1.00000  -0.00000 for L=   40, J=   39.5 channel on core I =   1.5 from L=   40,  Acc. loss =  0.0 D.
 Elastic phase shift   2 =   -0.000  -0.000 deg. for the L =   40, J =   39.5 channel.
      40.0  1.00000000 -0.00000001i: elastic S-matrix  @@      0.00  0   0 F  0
 Reaction Xsec    40.0-/40 @ 2 =  -0.000#, Out:   0.000#   0.000#  -0.000f

   S-matrix    3 =    1.00000  -0.00000 for L=   40, J=   40.5 channel on core I =   1.5 from L=   40,  Acc. loss =  0.0 D.
 Elastic phase shift   3 =   -0.000  -0.000 deg. for the L =   40, J =   40.5 channel.
      40.0  1.00000000 -0.00000001i: elastic S-matrix  @@      0.00  0   0 F  0
 Reaction Xsec    40.0-/40 @ 3 =  -0.000#, Out:   0.000#   0.000#  -0.000f

   S-matrix    4 =    1.00000  -0.00000 for L=   42, J=   41.5 channel on core I =   1.5 from L=   42,  Acc. loss =  0.0 D.
 Elastic phase shift   4 =   -0.000   0.000 deg. for the L =   42, J =   41.5 channel.
      40.0  1.00000000 -0.00000000i: elastic S-matrix  @@      0.00  0   0 F  0
 Reaction Xsec    40.0-/42 @ 4 =   0.000#, Out:   0.000#   0.000#   0.000f


 Total SPIN, PARITY =    41.0 +,      4 chs,      0 cc.  Rmin & Coul turning =    3.2   27.8
   S-matrix    1 =    1.00000  -0.00000 for L=   39, J=   39.5 channel on core I =   1.5 from L=   39,  Acc. loss =  0.0 D.
 Elastic phase shift   1 =   -0.000  -0.000 deg. for the L =   39, J =   39.5 channel.
      41.0  1.00000000 -0.00000000i: elastic S-matrix  @@      0.00  0   0 F  0
 Reaction Xsec    41.0+/39 @ 1 =  -0.000#, Out:   0.000#   0.000#  -0.000f

   S-matrix    2 =    1.00000  -0.00000 for L=   41, J=   40.5 channel on core I =   1.5 from L=   41,  Acc. loss =  0.0 D.
 Elastic phase shift   2 =   -0.000   0.000 deg. for the L =   41, J =   40.5 channel.
      41.0  1.00000000 -0.00000001i: elastic S-matrix  @@      0.00  0   0 F  0
 Reaction Xsec    41.0+/41 @ 2 =   0.000#, Out:   0.000#   0.000#   0.000f

   S-matrix    3 =    1.00000  -0.00000 for L=   41, J=   41.5 channel on core I =   1.5 from L=   41,  Acc. loss =  0.0 D.
 Elastic phase shift   3 =   -0.000  -0.000 deg. for the L =   41, J =   41.5 channel.
      41.0  1.00000000 -0.00000001i: elastic S-matrix  @@      0.00  0   0 F  0
 Reaction Xsec    41.0+/41 @ 3 =  -0.000#, Out:   0.000#   0.000#  -0.000f

   S-matrix    4 =    1.00000  -0.00000 for L=   43, J=   42.5 channel on core I =   1.5 from L=   43,  Acc. loss =  0.0 D.
 Elastic phase shift   4 =   -0.000   0.000 deg. for the L =   43, J =   42.5 channel.
      41.0  1.00000000 -0.00000000i: elastic S-matrix  @@      0.00  0   0 F  0
 Reaction Xsec    41.0+/43 @ 4 =   0.000#, Out:   0.000#   0.000#   0.000f


 Total SPIN, PARITY =    41.0 -,      5 chs,      0 cc.  Rmin & Coul turning =    3.2   27.8
   S-matrix    1 =    1.00000  -0.00000 for L=   40, J=   39.5 channel on core I =   1.5 from L=   40,  Acc. loss =  0.0 D.
 Elastic phase shift   1 =   -0.000  -0.000 deg. for the L =   40, J =   39.5 channel.
      41.0  1.00000000 -0.00000001i: elastic S-matrix  @@      0.00  0   0 F  0
 Reaction Xsec    41.0-/40 @ 1 =  -0.000#, Out:   0.000#   0.000#  -0.000f

   S-matrix    2 =    1.00000  -0.00000 for L=   40, J=   40.5 channel on core I =   1.5 from L=   40,  Acc. loss =  0.0 D.
 Elastic phase shift   2 =   -0.000  -0.000 deg. for the L =   40, J =   40.5 channel.
0****** WARNING : ACCURACY LOSS IN ERWIN = 14.4 DIGITS, SO EXPECT ERRORS OF   0.0000 % OF UNITARITY

      41.0  1.00000000 -0.00000001i: elastic S-matrix  @@      0.02  0   0 F  0
 Reaction Xsec    41.0-/40 @ 2 =  -0.000#, Out:   0.000#   0.000#  -0.000f

   S-matrix    3 =    1.00000  -0.00000 for L=   42, J=   41.5 channel on core I =   1.5 from L=   42,  Acc. loss =  0.0 D.
 Elastic phase shift   3 =   -0.000   0.000 deg. for the L =   42, J =   41.5 channel.
      41.0  1.00000000 -0.00000000i: elastic S-matrix  @@      0.00  0   0 F  0
 Reaction Xsec    41.0-/42 @ 3 =   0.000#, Out:   0.000#   0.000#  -0.000f

   S-matrix    4 =    1.00000  -0.00000 for L=   42, J=   42.5 channel on core I =   1.5 from L=   42,  Acc. loss =  0.0 D.
 Elastic phase shift   4 =   -0.000   0.000 deg. for the L =   42, J =   42.5 channel.
      41.0  1.00000000 -0.00000000i: elastic S-matrix  @@      0.00  0   0 F  0
 Reaction Xsec    41.0-/42 @ 4 =   0.000#, Out:   0.000#   0.000#  -0.000f


 Total SPIN, PARITY =    42.0 +,      5 chs,      0 cc.  Rmin & Coul turning =    3.4   28.5
   S-matrix    1 =    1.00000  -0.00000 for L=   41, J=   40.5 channel on core I =   1.5 from L=   41,  Acc. loss =  0.0 D.
 Elastic phase shift   1 =   -0.000   0.000 deg. for the L =   41, J =   40.5 channel.
0****** WARNING : ACCURACY LOSS IN ERWIN = 14.5 DIGITS, SO EXPECT ERRORS OF   0.0000 % OF UNITARITY

      42.0  1.00000000 -0.00000001i: elastic S-matrix  @@      0.02  0   0 F  0
 Reaction Xsec    42.0+/41 @ 1 =   0.000#, Out:   0.000#   0.000#   0.000f

   S-matrix    2 =    1.00000  -0.00000 for L=   41, J=   41.5 channel on core I =   1.5 from L=   41,  Acc. loss =  0.0 D.
 Elastic phase shift   2 =   -0.000  -0.000 deg. for the L =   41, J =   41.5 channel.
0****** WARNING : ACCURACY LOSS IN ERWIN = 14.3 DIGITS, SO EXPECT ERRORS OF   0.0000 % OF UNITARITY

      42.0  1.00000000 -0.00000001i: elastic S-matrix  @@      0.02  0   0 F  0
 Reaction Xsec    42.0+/41 @ 2 =  -0.000#, Out:   0.000#   0.000#  -0.000f

   S-matrix    3 =    1.00000  -0.00000 for L=   43, J=   42.5 channel on core I =   1.5 from L=   43,  Acc. loss =  0.0 D.
 Elastic phase shift   3 =   -0.000   0.000 deg. for the L =   43, J =   42.5 channel.
      42.0  1.00000000 -0.00000000i: elastic S-matrix  @@      0.00  0   0 F  0
 Reaction Xsec    42.0+/43 @ 3 =   0.000#, Out:   0.000#   0.000#  -0.000f

   S-matrix    4 =    1.00000  -0.00000 for L=   43, J=   43.5 channel on core I =   1.5 from L=   43,  Acc. loss =  0.0 D.
 Elastic phase shift   4 =   -0.000  -0.000 deg. for the L =   43, J =   43.5 channel.
0****** WARNING : ACCURACY LOSS IN ERWIN = 14.5 DIGITS, SO EXPECT ERRORS OF   0.0000 % OF UNITARITY

      42.0  1.00000000 -0.00000000i: elastic S-matrix  @@      0.00  0   0 F  0
 Reaction Xsec    42.0+/43 @ 4 =  -0.000#, Out:   0.000#   0.000#  -0.000f


 Total SPIN, PARITY =    42.0 -,      4 chs,      0 cc.  Rmin & Coul turning =    3.4   28.5
   S-matrix    1 =    1.00000  -0.00000 for L=   40, J=   40.5 channel on core I =   1.5 from L=   40,  Acc. loss =  0.0 D.
 Elastic phase shift   1 =   -0.000  -0.000 deg. for the L =   40, J =   40.5 channel.
      42.0  1.00000000 -0.00000001i: elastic S-matrix  @@      0.00  0   0 F  0
 Reaction Xsec    42.0-/40 @ 1 =  -0.000#, Out:   0.000#   0.000#  -0.000f

   S-matrix    2 =    1.00000  -0.00000 for L=   42, J=   41.5 channel on core I =   1.5 from L=   42,  Acc. loss =  0.0 D.
 Elastic phase shift   2 =   -0.000   0.000 deg. for the L =   42, J =   41.5 channel.
      42.0  1.00000000 -0.00000000i: elastic S-matrix  @@      0.00  0   0 F  0
 Reaction Xsec    42.0-/42 @ 2 =   0.000#, Out:   0.000#   0.000#   0.000f

   S-matrix    3 =    1.00000  -0.00000 for L=   42, J=   42.5 channel on core I =   1.5 from L=   42,  Acc. loss =  0.0 D.
 Elastic phase shift   3 =   -0.000   0.000 deg. for the L =   42, J =   42.5 channel.
      42.0  1.00000000 -0.00000000i: elastic S-matrix  @@      0.00  0   0 F  0
 Reaction Xsec    42.0-/42 @ 3 =   0.000#, Out:   0.000#   0.000#   0.000f

   S-matrix    4 =    1.00000  -0.00000 for L=   44, J=   43.5 channel on core I =   1.5 from L=   44,  Acc. loss =  0.0 D.
 Elastic phase shift   4 =   -0.000   0.000 deg. for the L =   44, J =   43.5 channel.
      42.0  1.00000000 -0.00000000i: elastic S-matrix  @@      0.00  0   0 F  0
 Reaction Xsec    42.0-/44 @ 4 =   0.000#, Out:   0.000#   0.000#   0.000f


 Total SPIN, PARITY =    43.0 +,      4 chs,      0 cc.  Rmin & Coul turning =    3.4   29.1
   S-matrix    1 =    1.00000  -0.00000 for L=   41, J=   41.5 channel on core I =   1.5 from L=   41,  Acc. loss =  0.0 D.
 Elastic phase shift   1 =   -0.000  -0.000 deg. for the L =   41, J =   41.5 channel.
      43.0  1.00000000 -0.00000001i: elastic S-matrix  @@      0.00  0   0 F  0
 Reaction Xsec    43.0+/41 @ 1 =  -0.000#, Out:   0.000#   0.000#  -0.000f

   S-matrix    2 =    1.00000  -0.00000 for L=   43, J=   42.5 channel on core I =   1.5 from L=   43,  Acc. loss =  0.0 D.
 Elastic phase shift   2 =   -0.000   0.000 deg. for the L =   43, J =   42.5 channel.
      43.0  1.00000000 -0.00000000i: elastic S-matrix  @@      0.00  0   0 F  0
 Reaction Xsec    43.0+/43 @ 2 =   0.000#, Out:   0.000#   0.000#   0.000f

   S-matrix    3 =    1.00000  -0.00000 for L=   43, J=   43.5 channel on core I =   1.5 from L=   43,  Acc. loss =  0.0 D.
 Elastic phase shift   3 =   -0.000  -0.000 deg. for the L =   43, J =   43.5 channel.
      43.0  1.00000000 -0.00000000i: elastic S-matrix  @@      0.00  0   0 F  0
 Reaction Xsec    43.0+/43 @ 3 =  -0.000#, Out:   0.000#   0.000#  -0.000f

   S-matrix    4 =    1.00000  -0.00000 for L=   45, J=   44.5 channel on core I =   1.5 from L=   45,  Acc. loss =  0.0 D.
 Elastic phase shift   4 =   -0.000   0.000 deg. for the L =   45, J =   44.5 channel.
      43.0  1.00000000 -0.00000000i: elastic S-matrix  @@      0.00  0   0 F  0
 Reaction Xsec    43.0+/45 @ 4 =   0.000#, Out:   0.000#   0.000#   0.000f


 Total SPIN, PARITY =    43.0 -,      5 chs,      0 cc.  Rmin & Coul turning =    3.4   29.1
   S-matrix    1 =    1.00000  -0.00000 for L=   42, J=   41.5 channel on core I =   1.5 from L=   42,  Acc. loss =  0.0 D.
 Elastic phase shift   1 =   -0.000   0.000 deg. for the L =   42, J =   41.5 channel.
      43.0  1.00000000 -0.00000000i: elastic S-matrix  @@      0.02  0   0 F  0
 Reaction Xsec    43.0-/42 @ 1 =   0.000#, Out:   0.000#   0.000#  -0.000f

   S-matrix    2 =    1.00000  -0.00000 for L=   42, J=   42.5 channel on core I =   1.5 from L=   42,  Acc. loss =  0.0 D.
 Elastic phase shift   2 =   -0.000   0.000 deg. for the L =   42, J =   42.5 channel.
0****** WARNING : ACCURACY LOSS IN ERWIN = 14.3 DIGITS, SO EXPECT ERRORS OF   0.0000 % OF UNITARITY

      43.0  1.00000000 -0.00000000i: elastic S-matrix  @@      0.02  0   0 F  0
 Reaction Xsec    43.0-/42 @ 2 =   0.000#, Out:   0.000#   0.000#  -0.000f

   S-matrix    3 =    1.00000  -0.00000 for L=   44, J=   43.5 channel on core I =   1.5 from L=   44,  Acc. loss =  0.0 D.
 Elastic phase shift   3 =   -0.000   0.000 deg. for the L =   44, J =   43.5 channel.
      43.0  1.00000000 -0.00000000i: elastic S-matrix  @@      0.00  0   0 F  0
 Reaction Xsec    43.0-/44 @ 3 =   0.000#, Out:   0.000#   0.000#  -0.000f

   S-matrix    4 =    1.00000  -0.00000 for L=   44, J=   44.5 channel on core I =   1.5 from L=   44,  Acc. loss =  0.0 D.
 Elastic phase shift   4 =   -0.000  -0.000 deg. for the L =   44, J =   44.5 channel.
      43.0  1.00000000 -0.00000000i: elastic S-matrix  @@      0.00  0   0 F  0
 Reaction Xsec    43.0-/44 @ 4 =  -0.000#, Out:   0.000#   0.000#  -0.000f


 Total SPIN, PARITY =    44.0 +,      5 chs,      0 cc.  Rmin & Coul turning =    3.5   29.8
   S-matrix    1 =    1.00000  -0.00000 for L=   43, J=   42.5 channel on core I =   1.5 from L=   43,  Acc. loss =  0.0 D.
 Elastic phase shift   1 =   -0.000   0.000 deg. for the L =   43, J =   42.5 channel.
      44.0  1.00000000 -0.00000000i: elastic S-matrix  @@      0.02  0   0 F  0
 Reaction Xsec    44.0+/43 @ 1 =   0.000#, Out:   0.000#   0.000#  -0.000f

   S-matrix    2 =    1.00000  -0.00000 for L=   43, J=   43.5 channel on core I =   1.5 from L=   43,  Acc. loss =  0.0 D.
 Elastic phase shift   2 =   -0.000  -0.000 deg. for the L =   43, J =   43.5 channel.
      44.0  1.00000000 -0.00000000i: elastic S-matrix  @@      0.00  0   0 F  0
 Reaction Xsec    44.0+/43 @ 2 =  -0.000#, Out:   0.000#   0.000#  -0.000f

   S-matrix    3 =    1.00000  -0.00000 for L=   45, J=   44.5 channel on core I =   1.5 from L=   45,  Acc. loss =  0.0 D.
 Elastic phase shift   3 =   -0.000   0.000 deg. for the L =   45, J =   44.5 channel.
      44.0  1.00000000 -0.00000000i: elastic S-matrix  @@      0.02  0   0 F  0
 Reaction Xsec    44.0+/45 @ 3 =   0.000#, Out:   0.000#   0.000#  -0.000f

   S-matrix    4 =    1.00000  -0.00000 for L=   45, J=   45.5 channel on core I =   1.5 from L=   45,  Acc. loss =  0.0 D.
 Elastic phase shift   4 =   -0.000  -0.000 deg. for the L =   45, J =   45.5 channel.
      44.0  1.00000000 -0.00000000i: elastic S-matrix  @@      0.00  0   0 F  0
 Reaction Xsec    44.0+/45 @ 4 =  -0.000#, Out:   0.000#   0.000#  -0.000f


 Total SPIN, PARITY =    44.0 -,      4 chs,      0 cc.  Rmin & Coul turning =    3.5   29.8
   S-matrix    1 =    1.00000  -0.00000 for L=   42, J=   42.5 channel on core I =   1.5 from L=   42,  Acc. loss =  0.0 D.
 Elastic phase shift   1 =   -0.000   0.000 deg. for the L =   42, J =   42.5 channel.
      44.0  1.00000000 -0.00000000i: elastic S-matrix  @@      0.00  0   0 F  0
 Reaction Xsec    44.0-/42 @ 1 =   0.000#, Out:   0.000#   0.000#   0.000f

   S-matrix    2 =    1.00000  -0.00000 for L=   44, J=   43.5 channel on core I =   1.5 from L=   44,  Acc. loss =  0.0 D.
 Elastic phase shift   2 =   -0.000  -0.000 deg. for the L =   44, J =   43.5 channel.
      44.0  1.00000000 -0.00000000i: elastic S-matrix  @@      0.00  0   0 F  0
 Reaction Xsec    44.0-/44 @ 2 =  -0.000#, Out:   0.000#   0.000#  -0.000f

   S-matrix    3 =    1.00000  -0.00000 for L=   44, J=   44.5 channel on core I =   1.5 from L=   44,  Acc. loss =  0.0 D.
 Elastic phase shift   3 =   -0.000   0.000 deg. for the L =   44, J =   44.5 channel.
      44.0  1.00000000 -0.00000000i: elastic S-matrix  @@      0.00  0   0 F  0
 Reaction Xsec    44.0-/44 @ 3 =   0.000#, Out:   0.000#   0.000#   0.000f

   S-matrix    4 =    1.00000  -0.00000 for L=   46, J=   45.5 channel on core I =   1.5 from L=   46,  Acc. loss =  0.0 D.
 Elastic phase shift   4 =   -0.000   0.000 deg. for the L =   46, J =   45.5 channel.
      44.0  1.00000000 -0.00000000i: elastic S-matrix  @@      0.00  0   0 F  0
 Reaction Xsec    44.0-/46 @ 4 =   0.000#, Out:   0.000#   0.000#   0.000f


 Total SPIN, PARITY =    45.0 +,      4 chs,      0 cc.  Rmin & Coul turning =    3.6   30.5
   S-matrix    1 =    1.00000  -0.00000 for L=   43, J=   43.5 channel on core I =   1.5 from L=   43,  Acc. loss =  0.0 D.
 Elastic phase shift   1 =   -0.000  -0.000 deg. for the L =   43, J =   43.5 channel.
      45.0  1.00000000 -0.00000000i: elastic S-matrix  @@      0.00  0   0 F  0
 Reaction Xsec    45.0+/43 @ 1 =  -0.000#, Out:   0.000#   0.000#  -0.000f

   S-matrix    2 =    1.00000  -0.00000 for L=   45, J=   44.5 channel on core I =   1.5 from L=   45,  Acc. loss =  0.0 D.
 Elastic phase shift   2 =   -0.000  -0.000 deg. for the L =   45, J =   44.5 channel.
      45.0  1.00000000 -0.00000000i: elastic S-matrix  @@      0.00  0   0 F  0
 Reaction Xsec    45.0+/45 @ 2 =  -0.000#, Out:   0.000#   0.000#  -0.000f

   S-matrix    3 =    1.00000  -0.00000 for L=   45, J=   45.5 channel on core I =   1.5 from L=   45,  Acc. loss =  0.0 D.
 Elastic phase shift   3 =   -0.000   0.000 deg. for the L =   45, J =   45.5 channel.
      45.0  1.00000000 -0.00000000i: elastic S-matrix  @@      0.00  0   0 F  0
 Reaction Xsec    45.0+/45 @ 3 =   0.000#, Out:   0.000#   0.000#   0.000f

   S-matrix    4 =    1.00000   0.00000 for L=   47, J=   46.5 channel on core I =   1.5 from L=   47,  Acc. loss =  0.0 D.
 Elastic phase shift   4 =    0.000  -0.000 deg. for the L =   47, J =   46.5 channel.
      45.0  1.00000000  0.00000000i: elastic S-matrix  @@      0.00  0   0 F  0
 Reaction Xsec    45.0+/47 @ 4 =  -0.000#, Out:   0.000#   0.000#  -0.000f


 Total SPIN, PARITY =    45.0 -,      5 chs,      0 cc.  Rmin & Coul turning =    3.6   30.5
   S-matrix    1 =    1.00000  -0.00000 for L=   44, J=   43.5 channel on core I =   1.5 from L=   44,  Acc. loss =  0.0 D.
 Elastic phase shift   1 =   -0.000  -0.000 deg. for the L =   44, J =   43.5 channel.
0****** WARNING : ACCURACY LOSS IN ERWIN = 14.3 DIGITS, SO EXPECT ERRORS OF   0.0000 % OF UNITARITY

      45.0  1.00000000 -0.00000000i: elastic S-matrix  @@      0.02  0   0 F  0
 Reaction Xsec    45.0-/44 @ 1 =  -0.000#, Out:   0.000#   0.000#  -0.000f

   S-matrix    2 =    1.00000  -0.00000 for L=   44, J=   44.5 channel on core I =   1.5 from L=   44,  Acc. loss =  0.0 D.
 Elastic phase shift   2 =   -0.000  -0.000 deg. for the L =   44, J =   44.5 channel.
0****** WARNING : ACCURACY LOSS IN ERWIN = 14.2 DIGITS, SO EXPECT ERRORS OF   0.0000 % OF UNITARITY

      45.0  1.00000000 -0.00000000i: elastic S-matrix  @@      0.00  0   0 F  0
 Reaction Xsec    45.0-/44 @ 2 =  -0.000#, Out:   0.000#   0.000#  -0.000f

   S-matrix    3 =    1.00000  -0.00000 for L=   46, J=   45.5 channel on core I =   1.5 from L=   46,  Acc. loss =  0.0 D.
 Elastic phase shift   3 =   -0.000  -0.000 deg. for the L =   46, J =   45.5 channel.
0****** WARNING : ACCURACY LOSS IN ERWIN = 14.6 DIGITS, SO EXPECT ERRORS OF   0.0000 % OF UNITARITY

      45.0  1.00000000 -0.00000000i: elastic S-matrix  @@      0.02  0   0 F  0
 Reaction Xsec    45.0-/46 @ 3 =  -0.000#, Out:   0.000#   0.000#  -0.000f

   S-matrix    4 =    1.00000  -0.00000 for L=   46, J=   46.5 channel on core I =   1.5 from L=   46,  Acc. loss =  0.0 D.
 Elastic phase shift   4 =   -0.000   0.000 deg. for the L =   46, J =   46.5 channel.
      45.0  1.00000000 -0.00000000i: elastic S-matrix  @@      0.00  0   0 F  0
 Reaction Xsec    45.0-/46 @ 4 =   0.000#, Out:   0.000#   0.000#  -0.000f


 Total SPIN, PARITY =    46.0 +,      5 chs,      0 cc.  Rmin & Coul turning =    3.7   31.1
   S-matrix    1 =    1.00000  -0.00000 for L=   45, J=   44.5 channel on core I =   1.5 from L=   45,  Acc. loss =  0.0 D.
 Elastic phase shift   1 =   -0.000   0.000 deg. for the L =   45, J =   44.5 channel.
      46.0  1.00000000 -0.00000000i: elastic S-matrix  @@      0.02  0   0 F  0
 Reaction Xsec    46.0+/45 @ 1 =   0.000#, Out:   0.000#   0.000#  -0.000f

   S-matrix    2 =    1.00000  -0.00000 for L=   45, J=   45.5 channel on core I =   1.5 from L=   45,  Acc. loss =  0.0 D.
 Elastic phase shift   2 =   -0.000   0.000 deg. for the L =   45, J =   45.5 channel.
      46.0  1.00000000 -0.00000000i: elastic S-matrix  @@      0.00  0   0 F  0
 Reaction Xsec    46.0+/45 @ 2 =   0.000#, Out:   0.000#   0.000#  -0.000f

   S-matrix    3 =    1.00000   0.00000 for L=   47, J=   46.5 channel on core I =   1.5 from L=   47,  Acc. loss =  0.0 D.
 Elastic phase shift   3 =    0.000   0.000 deg. for the L =   47, J =   46.5 channel.
      46.0  1.00000000  0.00000000i: elastic S-matrix  @@      0.02  0   0 F  0
 Reaction Xsec    46.0+/47 @ 3 =   0.000#, Out:   0.000#   0.000#  -0.000f

   S-matrix    4 =    1.00000   0.00000 for L=   47, J=   47.5 channel on core I =   1.5 from L=   47,  Acc. loss =  0.0 D.
 Elastic phase shift   4 =    0.000  -0.000 deg. for the L =   47, J =   47.5 channel.
      46.0  1.00000000  0.00000000i: elastic S-matrix  @@      0.00  0   0 F  0
 Reaction Xsec    46.0+/47 @ 4 =  -0.000#, Out:   0.000#   0.000#  -0.000f


 Total SPIN, PARITY =    46.0 -,      4 chs,      0 cc.  Rmin & Coul turning =    3.7   31.1
   S-matrix    1 =    1.00000  -0.00000 for L=   44, J=   44.5 channel on core I =   1.5 from L=   44,  Acc. loss =  0.0 D.
 Elastic phase shift   1 =   -0.000  -0.000 deg. for the L =   44, J =   44.5 channel.
      46.0  1.00000000 -0.00000000i: elastic S-matrix  @@      0.00  0   0 F  0
 Reaction Xsec    46.0-/44 @ 1 =  -0.000#, Out:   0.000#   0.000#  -0.000f

   S-matrix    2 =    1.00000  -0.00000 for L=   46, J=   45.5 channel on core I =   1.5 from L=   46,  Acc. loss =  0.0 D.
 Elastic phase shift   2 =   -0.000   0.000 deg. for the L =   46, J =   45.5 channel.
      46.0  1.00000000 -0.00000000i: elastic S-matrix  @@      0.00  0   0 F  0
 Reaction Xsec    46.0-/46 @ 2 =   0.000#, Out:   0.000#   0.000#   0.000f

   S-matrix    3 =    1.00000  -0.00000 for L=   46, J=   46.5 channel on core I =   1.5 from L=   46,  Acc. loss =  0.0 D.
 Elastic phase shift   3 =   -0.000   0.000 deg. for the L =   46, J =   46.5 channel.
      46.0  1.00000000 -0.00000000i: elastic S-matrix  @@      0.00  0   0 F  0
 Reaction Xsec    46.0-/46 @ 3 =   0.000#, Out:   0.000#   0.000#   0.000f

   S-matrix    4 =    1.00000   0.00000 for L=   48, J=   47.5 channel on core I =   1.5 from L=   48,  Acc. loss =  0.0 D.
 Elastic phase shift   4 =    0.000  -0.000 deg. for the L =   48, J =   47.5 channel.
      46.0  1.00000000  0.00000000i: elastic S-matrix  @@      0.00  0   0 F  0
 Reaction Xsec    46.0-/48 @ 4 =  -0.000#, Out:   0.000#   0.000#  -0.000f


 Total SPIN, PARITY =    47.0 +,      4 chs,      0 cc.  Rmin & Coul turning =    3.8   31.8
   S-matrix    1 =    1.00000  -0.00000 for L=   45, J=   45.5 channel on core I =   1.5 from L=   45,  Acc. loss =  0.0 D.
 Elastic phase shift   1 =   -0.000  -0.000 deg. for the L =   45, J =   45.5 channel.
      47.0  1.00000000 -0.00000000i: elastic S-matrix  @@      0.00  0   0 F  0
 Reaction Xsec    47.0+/45 @ 1 =  -0.000#, Out:   0.000#   0.000#  -0.000f

   S-matrix    2 =    1.00000   0.00000 for L=   47, J=   46.5 channel on core I =   1.5 from L=   47,  Acc. loss =  0.0 D.
 Elastic phase shift   2 =    0.000   0.000 deg. for the L =   47, J =   46.5 channel.
      47.0  1.00000000  0.00000000i: elastic S-matrix  @@      0.00  0   0 F  0
 Reaction Xsec    47.0+/47 @ 2 =   0.000#, Out:   0.000#   0.000#   0.000f

   S-matrix    3 =    1.00000   0.00000 for L=   47, J=   47.5 channel on core I =   1.5 from L=   47,  Acc. loss =  0.0 D.
 Elastic phase shift   3 =    0.000   0.000 deg. for the L =   47, J =   47.5 channel.
      47.0  1.00000000  0.00000000i: elastic S-matrix  @@      0.00  0   0 F  0
 Reaction Xsec    47.0+/47 @ 3 =   0.000#, Out:   0.000#   0.000#   0.000f

   S-matrix    4 =    1.00000   0.00000 for L=   49, J=   48.5 channel on core I =   1.5 from L=   49,  Acc. loss =  0.0 D.
 Elastic phase shift   4 =    0.000   0.000 deg. for the L =   49, J =   48.5 channel.
      47.0  1.00000000  0.00000000i: elastic S-matrix  @@      0.00  0   0 F  0
 Reaction Xsec    47.0+/49 @ 4 =   0.000#, Out:   0.000#   0.000#   0.000f


 Total SPIN, PARITY =    47.0 -,      5 chs,      0 cc.  Rmin & Coul turning =    3.8   31.8
   S-matrix    1 =    1.00000  -0.00000 for L=   46, J=   45.5 channel on core I =   1.5 from L=   46,  Acc. loss =  0.0 D.
 Elastic phase shift   1 =   -0.000   0.000 deg. for the L =   46, J =   45.5 channel.
      47.0  1.00000000 -0.00000000i: elastic S-matrix  @@      0.02  0   0 F  0
 Reaction Xsec    47.0-/46 @ 1 =   0.000#, Out:   0.000#   0.000#  -0.000f

   S-matrix    2 =    1.00000  -0.00000 for L=   46, J=   46.5 channel on core I =   1.5 from L=   46,  Acc. loss =  0.0 D.
 Elastic phase shift   2 =   -0.000   0.000 deg. for the L =   46, J =   46.5 channel.
0****** WARNING : ACCURACY LOSS IN ERWIN = 14.6 DIGITS, SO EXPECT ERRORS OF   0.0000 % OF UNITARITY

      47.0  1.00000000 -0.00000000i: elastic S-matrix  @@      0.00  0   0 F  0
 Reaction Xsec    47.0-/46 @ 2 =   0.000#, Out:   0.000#   0.000#  -0.000f

   S-matrix    3 =    1.00000   0.00000 for L=   48, J=   47.5 channel on core I =   1.5 from L=   48,  Acc. loss =  0.0 D.
 Elastic phase shift   3 =    0.000  -0.000 deg. for the L =   48, J =   47.5 channel.
0****** WARNING : ACCURACY LOSS IN ERWIN = 14.4 DIGITS, SO EXPECT ERRORS OF   0.0000 % OF UNITARITY

      47.0  1.00000000  0.00000000i: elastic S-matrix  @@      0.02  0   0 F  0
 Reaction Xsec    47.0-/48 @ 3 =  -0.000#, Out:   0.000#   0.000#  -0.000f

   S-matrix    4 =    1.00000   0.00000 for L=   48, J=   48.5 channel on core I =   1.5 from L=   48,  Acc. loss =  0.0 D.
 Elastic phase shift   4 =    0.000  -0.000 deg. for the L =   48, J =   48.5 channel.
0****** WARNING : ACCURACY LOSS IN ERWIN = 14.2 DIGITS, SO EXPECT ERRORS OF   0.0000 % OF UNITARITY

      47.0  1.00000000  0.00000000i: elastic S-matrix  @@      0.00  0   0 F  0
 Reaction Xsec    47.0-/48 @ 4 =  -0.000#, Out:   0.000#   0.000#  -0.000f


 Total SPIN, PARITY =    48.0 +,      5 chs,      0 cc.  Rmin & Coul turning =    3.8   32.5
   S-matrix    1 =    1.00000   0.00000 for L=   47, J=   46.5 channel on core I =   1.5 from L=   47,  Acc. loss =  0.0 D.
 Elastic phase shift   1 =    0.000   0.000 deg. for the L =   47, J =   46.5 channel.
0****** WARNING : ACCURACY LOSS IN ERWIN = 15.1 DIGITS, SO EXPECT ERRORS OF   0.0000 % OF UNITARITY

      48.0  1.00000000  0.00000000i: elastic S-matrix  @@      0.02  0   0 F  0
 Reaction Xsec    48.0+/47 @ 1 =   0.000#, Out:   0.000#   0.000#  -0.000f

   S-matrix    2 =    1.00000   0.00000 for L=   47, J=   47.5 channel on core I =   1.5 from L=   47,  Acc. loss =  0.0 D.
 Elastic phase shift   2 =    0.000  -0.000 deg. for the L =   47, J =   47.5 channel.
0****** WARNING : ACCURACY LOSS IN ERWIN = 14.5 DIGITS, SO EXPECT ERRORS OF   0.0000 % OF UNITARITY

      48.0  1.00000000  0.00000000i: elastic S-matrix  @@      0.00  0   0 F  0
 Reaction Xsec    48.0+/47 @ 2 =  -0.000#, Out:   0.000#   0.000#  -0.000f

   S-matrix    3 =    1.00000   0.00000 for L=   49, J=   48.5 channel on core I =   1.5 from L=   49,  Acc. loss =  0.0 D.
 Elastic phase shift   3 =    0.000   0.000 deg. for the L =   49, J =   48.5 channel.
      48.0  1.00000000  0.00000000i: elastic S-matrix  @@      0.00  0   0 F  0
 Reaction Xsec    48.0+/49 @ 3 =   0.000#, Out:   0.000#   0.000#  -0.000f

   S-matrix    4 =    1.00000   0.00000 for L=   49, J=   49.5 channel on core I =   1.5 from L=   49,  Acc. loss =  0.0 D.
 Elastic phase shift   4 =    0.000   0.000 deg. for the L =   49, J =   49.5 channel.
      48.0  1.00000000  0.00000000i: elastic S-matrix  @@      0.02  0   0 F  0
 Reaction Xsec    48.0+/49 @ 4 =   0.000#, Out:   0.000#   0.000#  -0.000f


 Total SPIN, PARITY =    48.0 -,      4 chs,      0 cc.  Rmin & Coul turning =    3.8   32.5
   S-matrix    1 =    1.00000  -0.00000 for L=   46, J=   46.5 channel on core I =   1.5 from L=   46,  Acc. loss =  0.0 D.
 Elastic phase shift   1 =   -0.000   0.000 deg. for the L =   46, J =   46.5 channel.
      48.0  1.00000000 -0.00000000i: elastic S-matrix  @@      0.00  0   0 F  0
 Reaction Xsec    48.0-/46 @ 1 =   0.000#, Out:   0.000#   0.000#   0.000f

   S-matrix    2 =    1.00000   0.00000 for L=   48, J=   47.5 channel on core I =   1.5 from L=   48,  Acc. loss =  0.0 D.
 Elastic phase shift   2 =    0.000   0.000 deg. for the L =   48, J =   47.5 channel.
      48.0  1.00000000  0.00000000i: elastic S-matrix  @@      0.00  0   0 F  0
 Reaction Xsec    48.0-/48 @ 2 =   0.000#, Out:   0.000#   0.000#   0.000f

   S-matrix    3 =    1.00000   0.00000 for L=   48, J=   48.5 channel on core I =   1.5 from L=   48,  Acc. loss =  0.0 D.
 Elastic phase shift   3 =    0.000   0.000 deg. for the L =   48, J =   48.5 channel.
      48.0  1.00000000  0.00000000i: elastic S-matrix  @@      0.00  0   0 F  0
 Reaction Xsec    48.0-/48 @ 3 =   0.000#, Out:   0.000#   0.000#   0.000f

   S-matrix    4 =    1.00000   0.00000 for L=   50, J=   49.5 channel on core I =   1.5 from L=   50,  Acc. loss =  0.0 D.
 Elastic phase shift   4 =    0.000   0.000 deg. for the L =   50, J =   49.5 channel.
      48.0  1.00000000  0.00000000i: elastic S-matrix  @@      0.00  0   0 F  0
 Reaction Xsec    48.0-/50 @ 4 =   0.000#, Out:   0.000#   0.000#   0.000f


 Total SPIN, PARITY =    49.0 +,      4 chs,      0 cc.  Rmin & Coul turning =    3.9   33.1
   S-matrix    1 =    1.00000   0.00000 for L=   47, J=   47.5 channel on core I =   1.5 from L=   47,  Acc. loss =  0.0 D.
 Elastic phase shift   1 =    0.000   0.000 deg. for the L =   47, J =   47.5 channel.
      49.0  1.00000000  0.00000000i: elastic S-matrix  @@      0.00  0   0 F  0
 Reaction Xsec    49.0+/47 @ 1 =   0.000#, Out:   0.000#   0.000#   0.000f

   S-matrix    2 =    1.00000   0.00000 for L=   49, J=   48.5 channel on core I =   1.5 from L=   49,  Acc. loss =  0.0 D.
 Elastic phase shift   2 =    0.000   0.000 deg. for the L =   49, J =   48.5 channel.
      49.0  1.00000000  0.00000000i: elastic S-matrix  @@      0.00  0   0 F  0
 Reaction Xsec    49.0+/49 @ 2 =   0.000#, Out:   0.000#   0.000#   0.000f

   S-matrix    3 =    1.00000   0.00000 for L=   49, J=   49.5 channel on core I =   1.5 from L=   49,  Acc. loss =  0.0 D.
 Elastic phase shift   3 =    0.000  -0.000 deg. for the L =   49, J =   49.5 channel.
      49.0  1.00000000  0.00000000i: elastic S-matrix  @@      0.00  0   0 F  0
 Reaction Xsec    49.0+/49 @ 3 =  -0.000#, Out:   0.000#   0.000#  -0.000f

   S-matrix    4 =    1.00000   0.00000 for L=   51, J=   50.5 channel on core I =   1.5 from L=   51,  Acc. loss =  0.0 D.
 Elastic phase shift   4 =    0.000   0.000 deg. for the L =   51, J =   50.5 channel.
      49.0  1.00000000  0.00000000i: elastic S-matrix  @@      0.00  0   0 F  0
 Reaction Xsec    49.0+/51 @ 4 =   0.000#, Out:   0.000#   0.000#   0.000f


 Total SPIN, PARITY =    49.0 -,      5 chs,      0 cc.  Rmin & Coul turning =    3.9   33.1
   S-matrix    1 =    1.00000   0.00000 for L=   48, J=   47.5 channel on core I =   1.5 from L=   48,  Acc. loss =  0.0 D.
 Elastic phase shift   1 =    0.000   0.000 deg. for the L =   48, J =   47.5 channel.
0****** WARNING : ACCURACY LOSS IN ERWIN = 14.4 DIGITS, SO EXPECT ERRORS OF   0.0000 % OF UNITARITY

      49.0  1.00000000  0.00000000i: elastic S-matrix  @@      0.02  0   0 F  0
 Reaction Xsec    49.0-/48 @ 1 =   0.000#, Out:   0.000#   0.000#  -0.000f

   S-matrix    2 =    1.00000   0.00000 for L=   48, J=   48.5 channel on core I =   1.5 from L=   48,  Acc. loss =  0.0 D.
 Elastic phase shift   2 =    0.000   0.000 deg. for the L =   48, J =   48.5 channel.
0****** WARNING : ACCURACY LOSS IN ERWIN = 15.4 DIGITS, SO EXPECT ERRORS OF   0.0000 % OF UNITARITY

      49.0  1.00000000  0.00000000i: elastic S-matrix  @@      0.00  0   0 F  0
 Reaction Xsec    49.0-/48 @ 2 =   0.000#, Out:   0.000#   0.000#  -0.000f

   S-matrix    3 =    1.00000   0.00000 for L=   50, J=   49.5 channel on core I =   1.5 from L=   50,  Acc. loss =  0.0 D.
 Elastic phase shift   3 =    0.000  -0.000 deg. for the L =   50, J =   49.5 channel.
      49.0  1.00000000  0.00000000i: elastic S-matrix  @@      0.00  0   0 F  0
 Reaction Xsec    49.0-/50 @ 3 =  -0.000#, Out:   0.000#   0.000#  -0.000f

   S-matrix    4 =    1.00000   0.00000 for L=   50, J=   50.5 channel on core I =   1.5 from L=   50,  Acc. loss =  0.0 D.
 Elastic phase shift   4 =    0.000  -0.000 deg. for the L =   50, J =   50.5 channel.
      49.0  1.00000000  0.00000000i: elastic S-matrix  @@      0.02  0   0 F  0
 Reaction Xsec    49.0-/50 @ 4 =  -0.000#, Out:   0.000#   0.000#  -0.000f


 Total SPIN, PARITY =    50.0 +,      5 chs,      0 cc.  Rmin & Coul turning =    4.0   33.8
   S-matrix    1 =    1.00000   0.00000 for L=   49, J=   48.5 channel on core I =   1.5 from L=   49,  Acc. loss =  0.0 D.
 Elastic phase shift   1 =    0.000   0.000 deg. for the L =   49, J =   48.5 channel.
      50.0  1.00000000  0.00000000i: elastic S-matrix  @@      0.02  0   0 F  0
 Reaction Xsec    50.0+/49 @ 1 =   0.000#, Out:   0.000#   0.500#  -0.000f

   S-matrix    2 =    1.00000   0.00000 for L=   49, J=   49.5 channel on core I =   1.5 from L=   49,  Acc. loss =  0.0 D.
 Elastic phase shift   2 =    0.000   0.000 deg. for the L =   49, J =   49.5 channel.
      50.0  1.00000000  0.00000000i: elastic S-matrix  @@      0.00  0   0 F  0
 Reaction Xsec    50.0+/49 @ 2 =   0.000#, Out:   0.000#   0.011#  -0.000f

   S-matrix    3 =    1.00000   0.00000 for L=   51, J=   50.5 channel on core I =   1.5 from L=   51,  Acc. loss =  0.0 D.
 Elastic phase shift   3 =    0.000   0.000 deg. for the L =   51, J =   50.5 channel.
      50.0  1.00000000  0.00000000i: elastic S-matrix  @@      0.00  0   0 F  0
 Reaction Xsec    50.0+/51 @ 3 =   0.000#, Out:   0.000#   0.000#  -0.000f

   S-matrix    4 =    1.00000   0.00000 for L=   51, J=   51.5 channel on core I =   1.5 from L=   51,  Acc. loss =  0.0 D.
 Elastic phase shift   4 =    0.000   0.000 deg. for the L =   51, J =   51.5 channel.
      50.0  1.00000000  0.00000000i: elastic S-matrix  @@      0.02  0   0 F  0
 Reaction Xsec    50.0+/51 @ 4 =   0.000#, Out:   0.000#   0.000#  -0.000f


 Total SPIN, PARITY =    50.0 -,      4 chs,      0 cc.  Rmin & Coul turning =    4.0   33.8
   S-matrix    1 =    1.00000   0.00000 for L=   48, J=   48.5 channel on core I =   1.5 from L=   48,  Acc. loss =  0.0 D.
 Elastic phase shift   1 =    0.000  -0.000 deg. for the L =   48, J =   48.5 channel.
      50.0  1.00000000  0.00000000i: elastic S-matrix  @@      0.00  0   0 F  0
 Reaction Xsec    50.0-/48 @ 1 =  -0.000#, Out:   0.000#   0.000#  -0.000f

   S-matrix    2 =    1.00000   0.00000 for L=   50, J=   49.5 channel on core I =   1.5 from L=   50,  Acc. loss =  0.0 D.
 Elastic phase shift   2 =    0.000   0.000 deg. for the L =   50, J =   49.5 channel.
      50.0  1.00000000  0.00000000i: elastic S-matrix  @@      0.00  0   0 F  0
 Reaction Xsec    50.0-/50 @ 2 =   0.000#, Out:   0.000#   0.000#   0.000f

   S-matrix    3 =    1.00000   0.00000 for L=   50, J=   50.5 channel on core I =   1.5 from L=   50,  Acc. loss =  0.0 D.
 Elastic phase shift   3 =    0.000   0.000 deg. for the L =   50, J =   50.5 channel.
      50.0  1.00000000  0.00000000i: elastic S-matrix  @@      0.00  0   0 F  0
 Reaction Xsec    50.0-/50 @ 3 =   0.000#, Out:   0.000#   0.000#   0.000f

   S-matrix    4 =    1.00000   0.00000 for L=   52, J=   51.5 channel on core I =   1.5 from L=   52,  Acc. loss =  0.0 D.
 Elastic phase shift   4 =    0.000   0.000 deg. for the L =   52, J =   51.5 channel.
      50.0  1.00000000  0.00000000i: elastic S-matrix  @@      0.00  0   0 F  0
 Reaction Xsec    50.0-/52 @ 4 =   0.000#, Out:   0.000#   0.000#   0.000f


 Total SPIN, PARITY =    51.0 +,      4 chs,      0 cc.  Rmin & Coul turning =    4.0   34.5
   S-matrix    1 =    1.00000   0.00000 for L=   49, J=   49.5 channel on core I =   1.5 from L=   49,  Acc. loss =  0.0 D.
 Elastic phase shift   1 =    0.000   0.000 deg. for the L =   49, J =   49.5 channel.
      51.0  1.00000000  0.00000000i: elastic S-matrix  @@      0.00  0   0 F  0
 Reaction Xsec    51.0+/49 @ 1 =   0.000#, Out:   0.000#   0.000#   0.000f

   S-matrix    2 =    1.00000   0.00000 for L=   51, J=   50.5 channel on core I =   1.5 from L=   51,  Acc. loss =  0.0 D.
 Elastic phase shift   2 =    0.000   0.000 deg. for the L =   51, J =   50.5 channel.
      51.0  1.00000000  0.00000000i: elastic S-matrix  @@      0.00  0   0 F  0
 Reaction Xsec    51.0+/51 @ 2 =   0.000#, Out:   0.000#   0.000#   0.000f

   S-matrix    3 =    1.00000   0.00000 for L=   51, J=   51.5 channel on core I =   1.5 from L=   51,  Acc. loss =  0.0 D.
 Elastic phase shift   3 =    0.000   0.000 deg. for the L =   51, J =   51.5 channel.
      51.0  1.00000000  0.00000000i: elastic S-matrix  @@      0.00  0   0 F  0
 Reaction Xsec    51.0+/51 @ 3 =   0.000#, Out:   0.000#   0.000#   0.000f

   S-matrix    4 =    1.00000   0.00000 for L=   53, J=   52.5 channel on core I =   1.5 from L=   53,  Acc. loss =  0.0 D.
 Elastic phase shift   4 =    0.000   0.000 deg. for the L =   53, J =   52.5 channel.
      51.0  1.00000000  0.00000000i: elastic S-matrix  @@      0.00  0   0 F  0
 Reaction Xsec    51.0+/53 @ 4 =   0.000#, Out:   0.000#   0.000#   0.000f


 Total SPIN, PARITY =    51.0 -,      5 chs,      0 cc.  Rmin & Coul turning =    4.0   34.5
   S-matrix    1 =    1.00000   0.00000 for L=   50, J=   49.5 channel on core I =   1.5 from L=   50,  Acc. loss =  0.0 D.
 Elastic phase shift   1 =    0.000   0.000 deg. for the L =   50, J =   49.5 channel.
      51.0  1.00000000  0.00000000i: elastic S-matrix  @@      0.02  0   0 F  0
 Reaction Xsec    51.0-/50 @ 1 =   0.000#, Out:   0.000#   0.033#  -0.000f

   S-matrix    2 =    1.00000   0.00000 for L=   50, J=   50.5 channel on core I =   1.5 from L=   50,  Acc. loss =  0.0 D.
 Elastic phase shift   2 =    0.000   0.000 deg. for the L =   50, J =   50.5 channel.
0****** WARNING : ACCURACY LOSS IN ERWIN = 14.4 DIGITS, SO EXPECT ERRORS OF   0.0000 % OF UNITARITY

      51.0  1.00000000  0.00000000i: elastic S-matrix  @@      0.00  0   0 F  0
 Reaction Xsec    51.0-/50 @ 2 =   0.000#, Out:   0.000#   0.001#  -0.000f

   S-matrix    3 =    1.00000   0.00000 for L=   52, J=   51.5 channel on core I =   1.5 from L=   52,  Acc. loss =  0.0 D.
 Elastic phase shift   3 =    0.000   0.000 deg. for the L =   52, J =   51.5 channel.
0****** WARNING : ACCURACY LOSS IN ERWIN = 14.6 DIGITS, SO EXPECT ERRORS OF   0.0000 % OF UNITARITY

      51.0  1.00000000  0.00000000i: elastic S-matrix  @@      0.00  0   0 F  0
 Reaction Xsec    51.0-/52 @ 3 =   0.000#, Out:   0.000#   0.000#  -0.000f

   S-matrix    4 =    1.00000   0.00000 for L=   52, J=   52.5 channel on core I =   1.5 from L=   52,  Acc. loss =  0.0 D.
 Elastic phase shift   4 =    0.000   0.000 deg. for the L =   52, J =   52.5 channel.
      51.0  1.00000000  0.00000000i: elastic S-matrix  @@      0.02  0   0 F  0
 Reaction Xsec    51.0-/52 @ 4 =   0.000#, Out:   0.000#   0.000#  -0.000f


 Total SPIN, PARITY =    52.0 +,      5 chs,      0 cc.  Rmin & Coul turning =    4.2   35.1
   S-matrix    1 =    1.00000   0.00000 for L=   51, J=   50.5 channel on core I =   1.5 from L=   51,  Acc. loss =  0.0 D.
 Elastic phase shift   1 =    0.000   0.000 deg. for the L =   51, J =   50.5 channel.
0****** WARNING : ACCURACY LOSS IN ERWIN = 14.4 DIGITS, SO EXPECT ERRORS OF   0.0001 % OF UNITARITY

      52.0  1.00000000  0.00000000i: elastic S-matrix  @@      0.00  0   0 F  0
 Reaction Xsec    52.0+/51 @ 1 =   0.000#, Out:   0.000#   0.002#  -0.000f

   S-matrix    2 =    1.00000   0.00000 for L=   51, J=   51.5 channel on core I =   1.5 from L=   51,  Acc. loss =  0.0 D.
 Elastic phase shift   2 =    0.000   0.000 deg. for the L =   51, J =   51.5 channel.
0****** WARNING : ACCURACY LOSS IN ERWIN = 14.2 DIGITS, SO EXPECT ERRORS OF   0.0000 % OF UNITARITY

      52.0  1.00000000  0.00000000i: elastic S-matrix  @@      0.02  0   0 F  0
 Reaction Xsec    52.0+/51 @ 2 =   0.000#, Out:   0.000#   0.001#  -0.000f

   S-matrix    3 =    1.00000   0.00000 for L=   53, J=   52.5 channel on core I =   1.5 from L=   53,  Acc. loss =  0.0 D.
 Elastic phase shift   3 =    0.000   0.000 deg. for the L =   53, J =   52.5 channel.
0****** WARNING : ACCURACY LOSS IN ERWIN = 14.4 DIGITS, SO EXPECT ERRORS OF   0.0000 % OF UNITARITY

      52.0  1.00000000  0.00000000i: elastic S-matrix  @@      0.00  0   0 F  0
 Reaction Xsec    52.0+/53 @ 3 =   0.000#, Out:   0.000#   0.000#  -0.000f

   S-matrix    4 =    1.00000   0.00000 for L=   53, J=   53.5 channel on core I =   1.5 from L=   53,  Acc. loss =  0.0 D.
 Elastic phase shift   4 =    0.000  -0.000 deg. for the L =   53, J =   53.5 channel.
      52.0  1.00000000  0.00000000i: elastic S-matrix  @@      0.00  0   0 F  0
 Reaction Xsec    52.0+/53 @ 4 =  -0.000#, Out:   0.000#   0.017#  -0.000f


 Total SPIN, PARITY =    52.0 -,      4 chs,      0 cc.  Rmin & Coul turning =    4.2   35.1
   S-matrix    1 =    1.00000   0.00000 for L=   50, J=   50.5 channel on core I =   1.5 from L=   50,  Acc. loss =  0.0 D.
 Elastic phase shift   1 =    0.000   0.000 deg. for the L =   50, J =   50.5 channel.
      52.0  1.00000000  0.00000000i: elastic S-matrix  @@      0.00  0   0 F  0
 Reaction Xsec    52.0-/50 @ 1 =   0.000#, Out:   0.000#   0.000#   0.000f

   S-matrix    2 =    1.00000   0.00000 for L=   52, J=   51.5 channel on core I =   1.5 from L=   52,  Acc. loss =  0.0 D.
 Elastic phase shift   2 =    0.000   0.000 deg. for the L =   52, J =   51.5 channel.
      52.0  1.00000000  0.00000000i: elastic S-matrix  @@      0.00  0   0 F  0
 Reaction Xsec    52.0-/52 @ 2 =   0.000#, Out:   0.000#   0.000#   0.000f

   S-matrix    3 =    1.00000   0.00000 for L=   52, J=   52.5 channel on core I =   1.5 from L=   52,  Acc. loss =  0.0 D.
 Elastic phase shift   3 =    0.000   0.000 deg. for the L =   52, J =   52.5 channel.
      52.0  1.00000000  0.00000000i: elastic S-matrix  @@      0.00  0   0 F  0
 Reaction Xsec    52.0-/52 @ 3 =   0.000#, Out:   0.000#   0.000#   0.000f

   S-matrix    4 =    1.00000   0.00000 for L=   54, J=   53.5 channel on core I =   1.5 from L=   54,  Acc. loss =  0.0 D.
 Elastic phase shift   4 =    0.000   0.000 deg. for the L =   54, J =   53.5 channel.
      52.0  1.00000000  0.00000000i: elastic S-matrix  @@      0.00  0   0 F  0
 Reaction Xsec    52.0-/54 @ 4 =   0.000#, Out:   0.000#   0.000#   0.000f


 Total SPIN, PARITY =    53.0 +,      4 chs,      0 cc.  Rmin & Coul turning =    4.2   35.8
   S-matrix    1 =    1.00000   0.00000 for L=   51, J=   51.5 channel on core I =   1.5 from L=   51,  Acc. loss =  0.0 D.
 Elastic phase shift   1 =    0.000   0.000 deg. for the L =   51, J =   51.5 channel.
      53.0  1.00000000  0.00000000i: elastic S-matrix  @@      0.00  0   0 F  0
 Reaction Xsec    53.0+/51 @ 1 =   0.000#, Out:   0.000#   0.000#   0.000f

   S-matrix    2 =    1.00000   0.00000 for L=   53, J=   52.5 channel on core I =   1.5 from L=   53,  Acc. loss =  0.0 D.
 Elastic phase shift   2 =    0.000   0.000 deg. for the L =   53, J =   52.5 channel.
      53.0  1.00000000  0.00000000i: elastic S-matrix  @@      0.00  0   0 F  0
 Reaction Xsec    53.0+/53 @ 2 =   0.000#, Out:   0.000#   0.000#   0.000f

   S-matrix    3 =    1.00000   0.00000 for L=   53, J=   53.5 channel on core I =   1.5 from L=   53,  Acc. loss =  0.0 D.
 Elastic phase shift   3 =    0.000  -0.000 deg. for the L =   53, J =   53.5 channel.
      53.0  1.00000000  0.00000000i: elastic S-matrix  @@      0.00  0   0 F  0
 Reaction Xsec    53.0+/53 @ 3 =  -0.000#, Out:   0.000#   0.000#  -0.000f

   S-matrix    4 =    1.00000   0.00000 for L=   55, J=   54.5 channel on core I =   1.5 from L=   55,  Acc. loss =  0.0 D.
 Elastic phase shift   4 =    0.000  -0.000 deg. for the L =   55, J =   54.5 channel.
      53.0  1.00000000  0.00000000i: elastic S-matrix  @@      0.00  0   0 F  0
 Reaction Xsec    53.0+/55 @ 4 =  -0.000#, Out:   0.000#   0.000#  -0.000f


 Total SPIN, PARITY =    53.0 -,      5 chs,      0 cc.  Rmin & Coul turning =    4.2   35.8
   S-matrix    1 =    1.00000   0.00000 for L=   52, J=   51.5 channel on core I =   1.5 from L=   52,  Acc. loss =  0.0 D.
 Elastic phase shift   1 =    0.000   0.000 deg. for the L =   52, J =   51.5 channel.
0****** WARNING : ACCURACY LOSS IN ERWIN = 14.2 DIGITS, SO EXPECT ERRORS OF   0.0003 % OF UNITARITY

      53.0  1.00000000  0.00000000i: elastic S-matrix  @@      0.02  0   0 F  0
 Reaction Xsec    53.0-/52 @ 1 =   0.000#, Out:   0.000#   0.119#  -0.000f

   S-matrix    2 =    1.00000   0.00000 for L=   52, J=   52.5 channel on core I =   1.5 from L=   52,  Acc. loss =  0.0 D.
 Elastic phase shift   2 =    0.000   0.000 deg. for the L =   52, J =   52.5 channel.
      53.0  1.00000000  0.00000000i: elastic S-matrix  @@      0.02  0   0 F  0
 Reaction Xsec    53.0-/52 @ 2 =   0.000#, Out:   0.000#   0.212#  -0.000f

   S-matrix    3 =    1.00000   0.00000 for L=   54, J=   53.5 channel on core I =   1.5 from L=   54,  Acc. loss =  0.0 D.
 Elastic phase shift   3 =    0.000  -0.000 deg. for the L =   54, J =   53.5 channel.
0****** WARNING : ACCURACY LOSS IN ERWIN = 15.1 DIGITS, SO EXPECT ERRORS OF   0.0000 % OF UNITARITY

      53.0  1.00000000  0.00000000i: elastic S-matrix  @@      0.00  0   0 F  0
 Reaction Xsec    53.0-/54 @ 3 =  -0.000#, Out:   0.000#   0.000#  -0.000f

   S-matrix    4 =    1.00000   0.00000 for L=   54, J=   54.5 channel on core I =   1.5 from L=   54,  Acc. loss =  0.0 D.
 Elastic phase shift   4 =    0.000  -0.000 deg. for the L =   54, J =   54.5 channel.
      53.0  1.00000000  0.00000000i: elastic S-matrix  @@      0.00  0   0 F  0
 Reaction Xsec    53.0-/54 @ 4 =  -0.000#, Out:   0.000#   0.341#  -0.000f


 Total SPIN, PARITY =    54.0 +,      5 chs,      0 cc.  Rmin & Coul turning =    4.3   36.5
   S-matrix    1 =    1.00000   0.00000 for L=   53, J=   52.5 channel on core I =   1.5 from L=   53,  Acc. loss =  0.0 D.
 Elastic phase shift   1 =    0.000   0.000 deg. for the L =   53, J =   52.5 channel.
      54.0  1.00000000  0.00000000i: elastic S-matrix  @@      0.02  0   0 F  0
 Reaction Xsec    54.0+/53 @ 1 =   0.000#, Out:   0.000#   0.245#  -0.000f

   S-matrix    2 =    1.00000   0.00000 for L=   53, J=   53.5 channel on core I =   1.5 from L=   53,  Acc. loss =  0.0 D.
 Elastic phase shift   2 =    0.000   0.000 deg. for the L =   53, J =   53.5 channel.
      54.0  1.00000000  0.00000000i: elastic S-matrix  @@      0.00  0   0 F  0
 Reaction Xsec    54.0+/53 @ 2 =   0.000#, Out:   0.000#   0.013#  -0.000f

   S-matrix    3 =    1.00000   0.00000 for L=   55, J=   54.5 channel on core I =   1.5 from L=   55,  Acc. loss =  0.0 D.
 Elastic phase shift   3 =    0.000  -0.000 deg. for the L =   55, J =   54.5 channel.
      54.0  1.00000000  0.00000000i: elastic S-matrix  @@      0.02  0   0 F  0
 Reaction Xsec    54.0+/55 @ 3 =  -0.000#, Out:   0.000#   0.000#  -0.000f

   S-matrix    4 =    1.00000   0.00000 for L=   55, J=   55.5 channel on core I =   1.5 from L=   55,  Acc. loss =  0.0 D.
 Elastic phase shift   4 =    0.000   0.000 deg. for the L =   55, J =   55.5 channel.
      54.0  1.00000000  0.00000000i: elastic S-matrix  @@      0.00  0   0 F  0
 Reaction Xsec    54.0+/55 @ 4 =   0.000#, Out:   0.000#   0.001#  -0.000f


 Total SPIN, PARITY =    54.0 -,      4 chs,      0 cc.  Rmin & Coul turning =    4.3   36.5
   S-matrix    1 =    1.00000   0.00000 for L=   52, J=   52.5 channel on core I =   1.5 from L=   52,  Acc. loss =  0.0 D.
 Elastic phase shift   1 =    0.000   0.000 deg. for the L =   52, J =   52.5 channel.
      54.0  1.00000000  0.00000000i: elastic S-matrix  @@      0.00  0   0 F  0
 Reaction Xsec    54.0-/52 @ 1 =   0.000#, Out:   0.000#   0.000#   0.000f

   S-matrix    2 =    1.00000   0.00000 for L=   54, J=   53.5 channel on core I =   1.5 from L=   54,  Acc. loss =  0.0 D.
 Elastic phase shift   2 =    0.000  -0.000 deg. for the L =   54, J =   53.5 channel.
      54.0  1.00000000  0.00000000i: elastic S-matrix  @@      0.00  0   0 F  0
 Reaction Xsec    54.0-/54 @ 2 =  -0.000#, Out:   0.000#   0.000#  -0.000f

   S-matrix    3 =    1.00000   0.00000 for L=   54, J=   54.5 channel on core I =   1.5 from L=   54,  Acc. loss =  0.0 D.
 Elastic phase shift   3 =    0.000   0.000 deg. for the L =   54, J =   54.5 channel.
      54.0  1.00000000  0.00000000i: elastic S-matrix  @@      0.00  0   0 F  0
 Reaction Xsec    54.0-/54 @ 3 =   0.000#, Out:   0.000#   0.000#   0.000f

   S-matrix    4 =    1.00000   0.00000 for L=   56, J=   55.5 channel on core I =   1.5 from L=   56,  Acc. loss =  0.0 D.
 Elastic phase shift   4 =    0.000  -0.000 deg. for the L =   56, J =   55.5 channel.
      54.0  1.00000000  0.00000000i: elastic S-matrix  @@      0.00  0   0 F  0
 Reaction Xsec    54.0-/56 @ 4 =  -0.000#, Out:   0.000#   0.000#  -0.000f


 Total SPIN, PARITY =    55.0 +,      4 chs,      0 cc.  Rmin & Coul turning =    4.4   37.1
   S-matrix    1 =    1.00000   0.00000 for L=   53, J=   53.5 channel on core I =   1.5 from L=   53,  Acc. loss =  0.0 D.
 Elastic phase shift   1 =    0.000   0.000 deg. for the L =   53, J =   53.5 channel.
      55.0  1.00000000  0.00000000i: elastic S-matrix  @@      0.00  0   0 F  0
 Reaction Xsec    55.0+/53 @ 1 =   0.000#, Out:   0.000#   0.000#   0.000f

   S-matrix    2 =    1.00000   0.00000 for L=   55, J=   54.5 channel on core I =   1.5 from L=   55,  Acc. loss =  0.0 D.
 Elastic phase shift   2 =    0.000   0.000 deg. for the L =   55, J =   54.5 channel.
      55.0  1.00000000  0.00000000i: elastic S-matrix  @@      0.00  0   0 F  0
 Reaction Xsec    55.0+/55 @ 2 =   0.000#, Out:   0.000#   0.000#   0.000f

   S-matrix    3 =    1.00000   0.00000 for L=   55, J=   55.5 channel on core I =   1.5 from L=   55,  Acc. loss =  0.0 D.
 Elastic phase shift   3 =    0.000   0.000 deg. for the L =   55, J =   55.5 channel.
      55.0  1.00000000  0.00000000i: elastic S-matrix  @@      0.00  0   0 F  0
 Reaction Xsec    55.0+/55 @ 3 =   0.000#, Out:   0.000#   0.000#   0.000f

   S-matrix    4 =    1.00000   0.00000 for L=   57, J=   56.5 channel on core I =   1.5 from L=   57,  Acc. loss =  0.0 D.
 Elastic phase shift   4 =    0.000   0.000 deg. for the L =   57, J =   56.5 channel.
      55.0  1.00000000  0.00000000i: elastic S-matrix  @@      0.00  0   0 F  0
 Reaction Xsec    55.0+/57 @ 4 =   0.000#, Out:   0.000#   0.000#   0.000f


 Total SPIN, PARITY =    55.0 -,      5 chs,      0 cc.  Rmin & Coul turning =    4.4   37.1
   S-matrix    1 =    1.00000   0.00000 for L=   54, J=   53.5 channel on core I =   1.5 from L=   54,  Acc. loss =  0.0 D.
 Elastic phase shift   1 =    0.000   0.000 deg. for the L =   54, J =   53.5 channel.
      55.0  1.00000000  0.00000000i: elastic S-matrix  @@      0.02  0   0 F  0
 Reaction Xsec    55.0-/54 @ 1 =   0.000#, Out:   0.000#   1.986#  -0.000f

   S-matrix    2 =    1.00000   0.00000 for L=   54, J=   54.5 channel on core I =   1.5 from L=   54,  Acc. loss =  0.0 D.
 Elastic phase shift   2 =    0.000  -0.000 deg. for the L =   54, J =   54.5 channel.
0****** WARNING : ACCURACY LOSS IN ERWIN = 14.8 DIGITS, SO EXPECT ERRORS OF   0.0004 % OF UNITARITY

      55.0  1.00000000  0.00000000i: elastic S-matrix  @@      0.00  0   0 F  0
 Reaction Xsec    55.0-/54 @ 2 =  -0.000#, Out:   0.000#   0.013#  -0.000f

   S-matrix    3 =    1.00000   0.00000 for L=   56, J=   55.5 channel on core I =   1.5 from L=   56,  Acc. loss =  0.0 D.
 Elastic phase shift   3 =    0.000   0.000 deg. for the L =   56, J =   55.5 channel.
      55.0  1.00000000  0.00000000i: elastic S-matrix  @@      0.02  0   0 F  0
 Reaction Xsec    55.0-/56 @ 3 =   0.000#, Out:   0.000#   0.004#  -0.000f

   S-matrix    4 =    1.00000   0.00000 for L=   56, J=   56.5 channel on core I =   1.5 from L=   56,  Acc. loss =  0.0 D.
 Elastic phase shift   4 =    0.000   0.000 deg. for the L =   56, J =   56.5 channel.
0****** WARNING : ACCURACY LOSS IN ERWIN = 14.1 DIGITS, SO EXPECT ERRORS OF   0.0001 % OF UNITARITY

      55.0  1.00000000  0.00000000i: elastic S-matrix  @@      0.00  0   0 F  0
 Reaction Xsec    55.0-/56 @ 4 =   0.000#, Out:   0.000#   0.007#  -0.000f


 Total SPIN, PARITY =    56.0 +,      5 chs,      0 cc.  Rmin & Coul turning =    4.5   37.8
   S-matrix    1 =    1.00000   0.00000 for L=   55, J=   54.5 channel on core I =   1.5 from L=   55,  Acc. loss =  0.0 D.
 Elastic phase shift   1 =    0.000  -0.000 deg. for the L =   55, J =   54.5 channel.
      56.0  1.00000000  0.00000000i: elastic S-matrix  @@      0.02  0   0 F  0
 Reaction Xsec    56.0+/55 @ 1 =  -0.000#, Out:   0.000#   1.884#  -0.000f

   S-matrix    2 =    1.00000   0.00000 for L=   55, J=   55.5 channel on core I =   1.5 from L=   55,  Acc. loss =  0.0 D.
 Elastic phase shift   2 =    0.000  -0.000 deg. for the L =   55, J =   55.5 channel.
0****** WARNING : ACCURACY LOSS IN ERWIN = 14.5 DIGITS, SO EXPECT ERRORS OF   0.0005 % OF UNITARITY

      56.0  1.00000000  0.00000000i: elastic S-matrix  @@      0.00  0   0 F  0
 Reaction Xsec    56.0+/55 @ 2 =  -0.000#, Out:   0.000#   0.067#  -0.000f

   S-matrix    3 =    1.00000   0.00000 for L=   57, J=   56.5 channel on core I =   1.5 from L=   57,  Acc. loss =  0.0 D.
 Elastic phase shift   3 =    0.000   0.000 deg. for the L =   57, J =   56.5 channel.
      56.0  1.00000000  0.00000000i: elastic S-matrix  @@      0.00  0   0 F  0
 Reaction Xsec    56.0+/57 @ 3 =   0.000#, Out:   0.000#   0.298#  -0.000f

   S-matrix    4 =    1.00000   0.00000 for L=   57, J=   57.5 channel on core I =   1.5 from L=   57,  Acc. loss =  0.0 D.
 Elastic phase shift   4 =    0.000  -0.000 deg. for the L =   57, J =   57.5 channel.
0****** WARNING : ACCURACY LOSS IN ERWIN = 14.3 DIGITS, SO EXPECT ERRORS OF   0.0005 % OF UNITARITY

      56.0  1.00000000  0.00000000i: elastic S-matrix  @@      0.02  0   0 F  0
 Reaction Xsec    56.0+/57 @ 4 =  -0.000#, Out:   0.000#   0.144#  -0.000f


 Total SPIN, PARITY =    56.0 -,      4 chs,      0 cc.  Rmin & Coul turning =    4.5   37.8
   S-matrix    1 =    1.00000   0.00000 for L=   54, J=   54.5 channel on core I =   1.5 from L=   54,  Acc. loss =  0.0 D.
 Elastic phase shift   1 =    0.000   0.000 deg. for the L =   54, J =   54.5 channel.
      56.0  1.00000000  0.00000000i: elastic S-matrix  @@      0.00  0   0 F  0
 Reaction Xsec    56.0-/54 @ 1 =   0.000#, Out:   0.000#   0.000#   0.000f

   S-matrix    2 =    1.00000   0.00000 for L=   56, J=   55.5 channel on core I =   1.5 from L=   56,  Acc. loss =  0.0 D.
 Elastic phase shift   2 =    0.000   0.000 deg. for the L =   56, J =   55.5 channel.
      56.0  1.00000000  0.00000000i: elastic S-matrix  @@      0.00  0   0 F  0
 Reaction Xsec    56.0-/56 @ 2 =   0.000#, Out:   0.000#   0.000#   0.000f

   S-matrix    3 =    1.00000   0.00000 for L=   56, J=   56.5 channel on core I =   1.5 from L=   56,  Acc. loss =  0.0 D.
 Elastic phase shift   3 =    0.000   0.000 deg. for the L =   56, J =   56.5 channel.
      56.0  1.00000000  0.00000000i: elastic S-matrix  @@      0.00  0   0 F  0
 Reaction Xsec    56.0-/56 @ 3 =   0.000#, Out:   0.000#   0.000#   0.000f

   S-matrix    4 =    1.00000   0.00000 for L=   58, J=   57.5 channel on core I =   1.5 from L=   58,  Acc. loss =  0.0 D.
 Elastic phase shift   4 =    0.000   0.000 deg. for the L =   58, J =   57.5 channel.
      56.0  1.00000000  0.00000000i: elastic S-matrix  @@      0.00  0   0 F  0
 Reaction Xsec    56.0-/58 @ 4 =   0.000#, Out:   0.000#   0.000#   0.000f


 Total SPIN, PARITY =    57.0 +,      4 chs,      0 cc.  Rmin & Coul turning =    4.5   38.5
   S-matrix    1 =    1.00000   0.00000 for L=   55, J=   55.5 channel on core I =   1.5 from L=   55,  Acc. loss =  0.0 D.
 Elastic phase shift   1 =    0.000   0.000 deg. for the L =   55, J =   55.5 channel.
      57.0  1.00000000  0.00000000i: elastic S-matrix  @@      0.00  0   0 F  0
 Reaction Xsec    57.0+/55 @ 1 =   0.000#, Out:   0.000#   0.000#   0.000f

   S-matrix    2 =    1.00000   0.00000 for L=   57, J=   56.5 channel on core I =   1.5 from L=   57,  Acc. loss =  0.0 D.
 Elastic phase shift   2 =    0.000   0.000 deg. for the L =   57, J =   56.5 channel.
      57.0  1.00000000  0.00000000i: elastic S-matrix  @@      0.00  0   0 F  0
 Reaction Xsec    57.0+/57 @ 2 =   0.000#, Out:   0.000#   0.000#   0.000f

   S-matrix    3 =    1.00000   0.00000 for L=   57, J=   57.5 channel on core I =   1.5 from L=   57,  Acc. loss =  0.0 D.
 Elastic phase shift   3 =    0.000   0.000 deg. for the L =   57, J =   57.5 channel.
      57.0  1.00000000  0.00000000i: elastic S-matrix  @@      0.00  0   0 F  0
 Reaction Xsec    57.0+/57 @ 3 =   0.000#, Out:   0.000#   0.000#   0.000f

   S-matrix    4 =    1.00000   0.00000 for L=   59, J=   58.5 channel on core I =   1.5 from L=   59,  Acc. loss =  0.0 D.
 Elastic phase shift   4 =    0.000  -0.000 deg. for the L =   59, J =   58.5 channel.
      57.0  1.00000000  0.00000000i: elastic S-matrix  @@      0.00  0   0 F  0
 Reaction Xsec    57.0+/59 @ 4 =  -0.000#, Out:   0.000#   0.000#  -0.000f


 Total SPIN, PARITY =    57.0 -,      5 chs,      0 cc.  Rmin & Coul turning =    4.5   38.5
   S-matrix    1 =    1.00000   0.00000 for L=   56, J=   55.5 channel on core I =   1.5 from L=   56,  Acc. loss =  0.0 D.
 Elastic phase shift   1 =    0.000   0.000 deg. for the L =   56, J =   55.5 channel.
      57.0  1.00000000  0.00000000i: elastic S-matrix  @@      0.02  0   0 F  0
 Reaction Xsec    57.0-/56 @ 1 =   0.000#, Out:   0.000#   0.679#  -0.000f

   S-matrix    2 =    1.00000   0.00000 for L=   56, J=   56.5 channel on core I =   1.5 from L=   56,  Acc. loss =  0.0 D.
 Elastic phase shift   2 =    0.000   0.000 deg. for the L =   56, J =   56.5 channel.
0****** WARNING : ACCURACY LOSS IN ERWIN = 14.3 DIGITS, SO EXPECT ERRORS OF   0.0001 % OF UNITARITY

      57.0  1.00000000  0.00000000i: elastic S-matrix  @@      0.00  0   0 F  0
 Reaction Xsec    57.0-/56 @ 2 =   0.000#, Out:   0.000#   0.013#  -0.000f

   S-matrix    3 =    1.00000   0.00000 for L=   58, J=   57.5 channel on core I =   1.5 from L=   58,  Acc. loss =  0.0 D.
 Elastic phase shift   3 =    0.000   0.000 deg. for the L =   58, J =   57.5 channel.
      57.0  1.00000000  0.00000000i: elastic S-matrix  @@      0.00  0   0 F  0
 Reaction Xsec    57.0-/58 @ 3 =   0.000#, Out:   0.000#   0.003#  -0.000f

   S-matrix    4 =    1.00000   0.00000 for L=   58, J=   58.5 channel on core I =   1.5 from L=   58,  Acc. loss =  0.0 D.
 Elastic phase shift   4 =    0.000   0.000 deg. for the L =   58, J =   58.5 channel.
0****** WARNING : ACCURACY LOSS IN ERWIN = 14.2 DIGITS, SO EXPECT ERRORS OF   0.0000 % OF UNITARITY

      57.0  1.00000000  0.00000000i: elastic S-matrix  @@      0.00  0   0 F  0
 Reaction Xsec    57.0-/58 @ 4 =   0.000#, Out:   0.000#   0.001#  -0.000f


 Total SPIN, PARITY =    58.0 +,      5 chs,      0 cc.  Rmin & Coul turning =    4.6   39.2
   S-matrix    1 =    1.00000   0.00000 for L=   57, J=   56.5 channel on core I =   1.5 from L=   57,  Acc. loss =  0.0 D.
 Elastic phase shift   1 =    0.000   0.000 deg. for the L =   57, J =   56.5 channel.
      58.0  1.00000000  0.00000000i: elastic S-matrix  @@      0.02  0   0 F  0
 Reaction Xsec    58.0+/57 @ 1 =   0.000#, Out:   0.000#   4.450#  -0.000f

   S-matrix    2 =    1.00000   0.00000 for L=   57, J=   57.5 channel on core I =   1.5 from L=   57,  Acc. loss =  0.0 D.
 Elastic phase shift   2 =    0.000   0.000 deg. for the L =   57, J =   57.5 channel.
      58.0  1.00000000  0.00000000i: elastic S-matrix  @@      0.02  0   0 F  0
 Reaction Xsec    58.0+/57 @ 2 =   0.000#, Out:   0.000#   0.012/  -0.000f

   S-matrix    3 =    1.00000   0.00000 for L=   59, J=   58.5 channel on core I =   1.5 from L=   59,  Acc. loss =  0.0 D.
 Elastic phase shift   3 =    0.000   0.000 deg. for the L =   59, J =   58.5 channel.
      58.0  1.00000000  0.00000000i: elastic S-matrix  @@      0.00  0   0 F  0
 Reaction Xsec    58.0+/59 @ 3 =   0.000#, Out:   0.000#   0.000#  -0.000f

   S-matrix    4 =    1.00000   0.00000 for L=   59, J=   59.5 channel on core I =   1.5 from L=   59,  Acc. loss =  0.0 D.
 Elastic phase shift   4 =    0.000  -0.000 deg. for the L =   59, J =   59.5 channel.
      58.0  1.00000000  0.00000000i: elastic S-matrix  @@      0.00  0   0 F  0
 Reaction Xsec    58.0+/59 @ 4 =  -0.000#, Out:   0.000#   0.004#  -0.000f


 Total SPIN, PARITY =    58.0 -,      4 chs,      0 cc.  Rmin & Coul turning =    4.6   39.2
   S-matrix    1 =    1.00000   0.00000 for L=   56, J=   56.5 channel on core I =   1.5 from L=   56,  Acc. loss =  0.0 D.
 Elastic phase shift   1 =    0.000   0.000 deg. for the L =   56, J =   56.5 channel.
      58.0  1.00000000  0.00000000i: elastic S-matrix  @@      0.00  0   0 F  0
 Reaction Xsec    58.0-/56 @ 1 =   0.000#, Out:   0.000#   0.000#   0.000f

   S-matrix    2 =    1.00000   0.00000 for L=   58, J=   57.5 channel on core I =   1.5 from L=   58,  Acc. loss =  0.0 D.
 Elastic phase shift   2 =    0.000   0.000 deg. for the L =   58, J =   57.5 channel.
      58.0  1.00000000  0.00000000i: elastic S-matrix  @@      0.00  0   0 F  0
 Reaction Xsec    58.0-/58 @ 2 =   0.000#, Out:   0.000#   0.000#   0.000f

   S-matrix    3 =    1.00000   0.00000 for L=   58, J=   58.5 channel on core I =   1.5 from L=   58,  Acc. loss =  0.0 D.
 Elastic phase shift   3 =    0.000   0.000 deg. for the L =   58, J =   58.5 channel.
      58.0  1.00000000  0.00000000i: elastic S-matrix  @@      0.00  0   0 F  0
 Reaction Xsec    58.0-/58 @ 3 =   0.000#, Out:   0.000#   0.000#   0.000f

   S-matrix    4 =    1.00000   0.00000 for L=   60, J=   59.5 channel on core I =   1.5 from L=   60,  Acc. loss =  0.0 D.
 Elastic phase shift   4 =    0.000   0.000 deg. for the L =   60, J =   59.5 channel.
      58.0  1.00000000  0.00000000i: elastic S-matrix  @@      0.00  0   0 F  0
 Reaction Xsec    58.0-/60 @ 4 =   0.000#, Out:   0.000#   0.000#   0.000f


 Total SPIN, PARITY =    59.0 +,      4 chs,      0 cc.  Rmin & Coul turning =    4.7   39.8
   S-matrix    1 =    1.00000   0.00000 for L=   57, J=   57.5 channel on core I =   1.5 from L=   57,  Acc. loss =  0.0 D.
 Elastic phase shift   1 =    0.000   0.000 deg. for the L =   57, J =   57.5 channel.
      59.0  1.00000000  0.00000000i: elastic S-matrix  @@      0.00  0   0 F  0
 Reaction Xsec    59.0+/57 @ 1 =   0.000#, Out:   0.000#   0.000#   0.000f

   S-matrix    2 =    1.00000   0.00000 for L=   59, J=   58.5 channel on core I =   1.5 from L=   59,  Acc. loss =  0.0 D.
 Elastic phase shift   2 =    0.000   0.000 deg. for the L =   59, J =   58.5 channel.
      59.0  1.00000000  0.00000000i: elastic S-matrix  @@      0.00  0   0 F  0
 Reaction Xsec    59.0+/59 @ 2 =   0.000#, Out:   0.000#   0.000#   0.000f

   S-matrix    3 =    1.00000   0.00000 for L=   59, J=   59.5 channel on core I =   1.5 from L=   59,  Acc. loss =  0.0 D.
 Elastic phase shift   3 =    0.000  -0.000 deg. for the L =   59, J =   59.5 channel.
      59.0  1.00000000  0.00000000i: elastic S-matrix  @@      0.00  0   0 F  0
 Reaction Xsec    59.0+/59 @ 3 =  -0.000#, Out:   0.000#   0.000#  -0.000f

   S-matrix    4 =    1.00000   0.00000 for L=   61, J=   60.5 channel on core I =   1.5 from L=   61,  Acc. loss =  0.0 D.
 Elastic phase shift   4 =    0.000   0.000 deg. for the L =   61, J =   60.5 channel.
      59.0  1.00000000  0.00000000i: elastic S-matrix  @@      0.00  0   0 F  0
 Reaction Xsec    59.0+/61 @ 4 =   0.000#, Out:   0.000#   0.000#   0.000f


 Total SPIN, PARITY =    59.0 -,      5 chs,      0 cc.  Rmin & Coul turning =    4.7   39.8
   S-matrix    1 =    1.00000   0.00000 for L=   58, J=   57.5 channel on core I =   1.5 from L=   58,  Acc. loss =  0.0 D.
 Elastic phase shift   1 =    0.000   0.000 deg. for the L =   58, J =   57.5 channel.
      59.0  1.00000000  0.00000000i: elastic S-matrix  @@      0.02  0   0 F  0
 Reaction Xsec    59.0-/58 @ 1 =   0.000#, Out:   0.000#   0.119/  -0.000f

   S-matrix    2 =    1.00000   0.00000 for L=   58, J=   58.5 channel on core I =   1.5 from L=   58,  Acc. loss =  0.0 D.
 Elastic phase shift   2 =    0.000   0.000 deg. for the L =   58, J =   58.5 channel.
      59.0  1.00000000  0.00000000i: elastic S-matrix  @@      0.00  0   0 F  0
 Reaction Xsec    59.0-/58 @ 2 =   0.000#, Out:   0.000#   0.140/  -0.000f

   S-matrix    3 =    1.00000   0.00000 for L=   60, J=   59.5 channel on core I =   1.5 from L=   60,  Acc. loss =  0.0 D.
 Elastic phase shift   3 =    0.000   0.000 deg. for the L =   60, J =   59.5 channel.
0****** WARNING : ACCURACY LOSS IN ERWIN = 14.3 DIGITS, SO EXPECT ERRORS OF   0.0003 % OF UNITARITY

      59.0  1.00000000  0.00000000i: elastic S-matrix  @@      0.02  0   0 F  0
 Reaction Xsec    59.0-/60 @ 3 =   0.000#, Out:   0.000#   0.095#  -0.000f

   S-matrix    4 =    1.00000   0.00000 for L=   60, J=   60.5 channel on core I =   1.5 from L=   60,  Acc. loss =  0.0 D.
 Elastic phase shift   4 =    0.000   0.000 deg. for the L =   60, J =   60.5 channel.
      59.0  1.00000000  0.00000000i: elastic S-matrix  @@      0.00  0   0 F  0
 Reaction Xsec    59.0-/60 @ 4 =   0.000#, Out:   0.000#   1.600#  -0.000f


 Total SPIN, PARITY =    60.0 +,      5 chs,      0 cc.  Rmin & Coul turning =    4.8   40.5
   S-matrix    1 =    1.00000   0.00000 for L=   59, J=   58.5 channel on core I =   1.5 from L=   59,  Acc. loss =  0.0 D.
 Elastic phase shift   1 =    0.000  -0.000 deg. for the L =   59, J =   58.5 channel.
0****** WARNING : ACCURACY LOSS IN ERWIN = 14.4 DIGITS, SO EXPECT ERRORS OF   0.0001 % OF UNITARITY

      60.0  1.00000000  0.00000000i: elastic S-matrix  @@      0.02  0   0 F  0
 Reaction Xsec    60.0+/59 @ 1 =  -0.000#, Out:   0.000#   0.007#  -0.000f

   S-matrix    2 =    1.00000   0.00000 for L=   59, J=   59.5 channel on core I =   1.5 from L=   59,  Acc. loss =  0.0 D.
 Elastic phase shift   2 =    0.000  -0.000 deg. for the L =   59, J =   59.5 channel.
0****** WARNING : ACCURACY LOSS IN ERWIN = 14.6 DIGITS, SO EXPECT ERRORS OF   0.0001 % OF UNITARITY

      60.0  1.00000000  0.00000000i: elastic S-matrix  @@      0.00  0   0 F  0
 Reaction Xsec    60.0+/59 @ 2 =  -0.000#, Out:   0.000#   0.001#  -0.000f

   S-matrix    3 =    1.00000   0.00000 for L=   61, J=   60.5 channel on core I =   1.5 from L=   61,  Acc. loss =  0.0 D.
 Elastic phase shift   3 =    0.000  -0.000 deg. for the L =   61, J =   60.5 channel.
0****** WARNING : ACCURACY LOSS IN ERWIN = 14.3 DIGITS, SO EXPECT ERRORS OF   0.0002 % OF UNITARITY

      60.0  1.00000000  0.00000000i: elastic S-matrix  @@      0.02  0   0 F  0
 Reaction Xsec    60.0+/61 @ 3 =  -0.000#, Out:   0.000#   0.033#  -0.000f

   S-matrix    4 =    1.00000   0.00000 for L=   61, J=   61.5 channel on core I =   1.5 from L=   61,  Acc. loss =  0.0 D.
 Elastic phase shift   4 =    0.000   0.000 deg. for the L =   61, J =   61.5 channel.
0****** WARNING : ACCURACY LOSS IN ERWIN = 14.6 DIGITS, SO EXPECT ERRORS OF   0.0003 % OF UNITARITY

      60.0  1.00000000  0.00000000i: elastic S-matrix  @@      0.00  0   0 F  0
 Reaction Xsec    60.0+/61 @ 4 =   0.000#, Out:   0.000#   0.016#  -0.000f


 Total SPIN, PARITY =    60.0 -,      4 chs,      0 cc.  Rmin & Coul turning =    4.8   40.5
   S-matrix    1 =    1.00000   0.00000 for L=   58, J=   58.5 channel on core I =   1.5 from L=   58,  Acc. loss =  0.0 D.
 Elastic phase shift   1 =    0.000   0.000 deg. for the L =   58, J =   58.5 channel.
      60.0  1.00000000  0.00000000i: elastic S-matrix  @@      0.00  0   0 F  0
 Reaction Xsec    60.0-/58 @ 1 =   0.000#, Out:   0.000#   0.000#   0.000f

   S-matrix    2 =    1.00000   0.00000 for L=   60, J=   59.5 channel on core I =   1.5 from L=   60,  Acc. loss =  0.0 D.
 Elastic phase shift   2 =    0.000  -0.000 deg. for the L =   60, J =   59.5 channel.
      60.0  1.00000000  0.00000000i: elastic S-matrix  @@      0.00  0   0 F  0
 Reaction Xsec    60.0-/60 @ 2 =  -0.000#, Out:   0.000#   0.000#  -0.000f

   S-matrix    3 =    1.00000   0.00000 for L=   60, J=   60.5 channel on core I =   1.5 from L=   60,  Acc. loss =  0.0 D.
 Elastic phase shift   3 =    0.000   0.000 deg. for the L =   60, J =   60.5 channel.
      60.0  1.00000000  0.00000000i: elastic S-matrix  @@      0.00  0   0 F  0
 Reaction Xsec    60.0-/60 @ 3 =   0.000#, Out:   0.000#   0.000#   0.000f

   S-matrix    4 =    1.00000   0.00000 for L=   62, J=   61.5 channel on core I =   1.5 from L=   62,  Acc. loss =  0.0 D.
 Elastic phase shift   4 =    0.000   0.000 deg. for the L =   62, J =   61.5 channel.
      60.0  1.00000000  0.00000000i: elastic S-matrix  @@      0.00  0   0 F  0
 Reaction Xsec    60.0-/62 @ 4 =   0.000#, Out:   0.000#   0.000#   0.000f


 Total SPIN, PARITY =    61.0 +,      4 chs,      0 cc.  Rmin & Coul turning =    4.9   41.2
   S-matrix    1 =    1.00000   0.00000 for L=   59, J=   59.5 channel on core I =   1.5 from L=   59,  Acc. loss =  0.0 D.
 Elastic phase shift   1 =    0.000  -0.000 deg. for the L =   59, J =   59.5 channel.
      61.0  1.00000000  0.00000000i: elastic S-matrix  @@      0.00  0   0 F  0
 Reaction Xsec    61.0+/59 @ 1 =  -0.000#, Out:   0.000#   0.000#  -0.000f

   S-matrix    2 =    1.00000   0.00000 for L=   61, J=   60.5 channel on core I =   1.5 from L=   61,  Acc. loss =  0.0 D.
 Elastic phase shift   2 =    0.000  -0.000 deg. for the L =   61, J =   60.5 channel.
      61.0  1.00000000  0.00000000i: elastic S-matrix  @@      0.00  0   0 F  0
 Reaction Xsec    61.0+/61 @ 2 =  -0.000#, Out:   0.000#   0.000#  -0.000f

   S-matrix    3 =    1.00000   0.00000 for L=   61, J=   61.5 channel on core I =   1.5 from L=   61,  Acc. loss =  0.0 D.
 Elastic phase shift   3 =    0.000   0.000 deg. for the L =   61, J =   61.5 channel.
      61.0  1.00000000  0.00000000i: elastic S-matrix  @@      0.00  0   0 F  0
 Reaction Xsec    61.0+/61 @ 3 =   0.000#, Out:   0.000#   0.000#   0.000f

   S-matrix    4 =    1.00000   0.00000 for L=   63, J=   62.5 channel on core I =   1.5 from L=   63,  Acc. loss =  0.0 D.
 Elastic phase shift   4 =    0.000   0.000 deg. for the L =   63, J =   62.5 channel.
      61.0  1.00000000  0.00000000i: elastic S-matrix  @@      0.00  0   0 F  0
 Reaction Xsec    61.0+/63 @ 4 =   0.000#, Out:   0.000#   0.000#   0.000f


 Total SPIN, PARITY =    61.0 -,      5 chs,      0 cc.  Rmin & Coul turning =    4.9   41.2
   S-matrix    1 =    1.00000   0.00000 for L=   60, J=   59.5 channel on core I =   1.5 from L=   60,  Acc. loss =  0.0 D.
 Elastic phase shift   1 =    0.000   0.000 deg. for the L =   60, J =   59.5 channel.
      61.0  1.00000000  0.00000000i: elastic S-matrix  @@      0.02  0   0 F  0
 Reaction Xsec    61.0-/60 @ 1 =   0.000#, Out:   0.000#   0.041/  -0.000f

   S-matrix    2 =    1.00000   0.00000 for L=   60, J=   60.5 channel on core I =   1.5 from L=   60,  Acc. loss =  0.0 D.
 Elastic phase shift   2 =    0.000   0.000 deg. for the L =   60, J =   60.5 channel.
0****** WARNING : ACCURACY LOSS IN ERWIN = 14.8 DIGITS, SO EXPECT ERRORS OF   0.0016 % OF UNITARITY

      61.0  1.00000000  0.00000000i: elastic S-matrix  @@      0.00  0   0 F  0
 Reaction Xsec    61.0-/60 @ 2 =   0.000#, Out:   0.000#   0.244#  -0.000f

   S-matrix    3 =    1.00000   0.00000 for L=   62, J=   61.5 channel on core I =   1.5 from L=   62,  Acc. loss =  0.0 D.
 Elastic phase shift   3 =    0.000   0.000 deg. for the L =   62, J =   61.5 channel.
0****** WARNING : ACCURACY LOSS IN ERWIN = 14.7 DIGITS, SO EXPECT ERRORS OF   0.0004 % OF UNITARITY

      61.0  1.00000000  0.00000000i: elastic S-matrix  @@      0.00  0   0 F  0
 Reaction Xsec    61.0-/62 @ 3 =   0.000#, Out:   0.000#   0.027#  -0.000f

   S-matrix    4 =    1.00000   0.00000 for L=   62, J=   62.5 channel on core I =   1.5 from L=   62,  Acc. loss =  0.0 D.
 Elastic phase shift   4 =    0.000   0.000 deg. for the L =   62, J =   62.5 channel.
0****** WARNING : ACCURACY LOSS IN ERWIN = 14.8 DIGITS, SO EXPECT ERRORS OF   0.0007 % OF UNITARITY

      61.0  1.00000000  0.00000000i: elastic S-matrix  @@      0.02  0   0 F  0
 Reaction Xsec    61.0-/62 @ 4 =   0.000#, Out:   0.000#   0.042#  -0.000f


 Total SPIN, PARITY =    62.0 +,      5 chs,      0 cc.  Rmin & Coul turning =    5.0   41.8
   S-matrix    1 =    1.00000   0.00000 for L=   61, J=   60.5 channel on core I =   1.5 from L=   61,  Acc. loss =  0.0 D.
 Elastic phase shift   1 =    0.000   0.000 deg. for the L =   61, J =   60.5 channel.
0****** WARNING : ACCURACY LOSS IN ERWIN = 14.4 DIGITS, SO EXPECT ERRORS OF   0.0063 % OF UNITARITY

      62.0  1.00000000  0.00000000i: elastic S-matrix  @@      0.02  0   0 F  0
 Reaction Xsec    62.0+/61 @ 1 =   0.000#, Out:   0.000#   0.020/  -0.000f

   S-matrix    2 =    1.00000   0.00000 for L=   61, J=   61.5 channel on core I =   1.5 from L=   61,  Acc. loss =  0.0 D.
 Elastic phase shift   2 =    0.000  -0.000 deg. for the L =   61, J =   61.5 channel.
      62.0  1.00000000  0.00000000i: elastic S-matrix  @@      0.00  0   0 F  0
 Reaction Xsec    62.0+/61 @ 2 =  -0.000#, Out:   0.000#   0.398/  -0.000f

   S-matrix    3 =    1.00000   0.00000 for L=   63, J=   62.5 channel on core I =   1.5 from L=   63,  Acc. loss =  0.0 D.
 Elastic phase shift   3 =    0.000   0.000 deg. for the L =   63, J =   62.5 channel.
0****** WARNING : ACCURACY LOSS IN ERWIN = 14.2 DIGITS, SO EXPECT ERRORS OF   0.0003 % OF UNITARITY

      62.0  1.00000000  0.00000000i: elastic S-matrix  @@      0.00  0   0 F  0
 Reaction Xsec    62.0+/63 @ 3 =   0.000#, Out:   0.000#   0.139#  -0.000f

   S-matrix    4 =    1.00000   0.00000 for L=   63, J=   63.5 channel on core I =   1.5 from L=   63,  Acc. loss =  0.0 D.
 Elastic phase shift   4 =    0.000   0.000 deg. for the L =   63, J =   63.5 channel.
      62.0  1.00000000  0.00000000i: elastic S-matrix  @@      0.00  0   0 F  0
 Reaction Xsec    62.0+/63 @ 4 =   0.000#, Out:   0.000#   6.802#  -0.000f


 Total SPIN, PARITY =    62.0 -,      4 chs,      0 cc.  Rmin & Coul turning =    5.0   41.8
   S-matrix    1 =    1.00000   0.00000 for L=   60, J=   60.5 channel on core I =   1.5 from L=   60,  Acc. loss =  0.0 D.
 Elastic phase shift   1 =    0.000   0.000 deg. for the L =   60, J =   60.5 channel.
      62.0  1.00000000  0.00000000i: elastic S-matrix  @@      0.00  0   0 F  0
 Reaction Xsec    62.0-/60 @ 1 =   0.000#, Out:   0.000#   0.000#   0.000f

   S-matrix    2 =    1.00000   0.00000 for L=   62, J=   61.5 channel on core I =   1.5 from L=   62,  Acc. loss =  0.0 D.
 Elastic phase shift   2 =    0.000   0.000 deg. for the L =   62, J =   61.5 channel.
      62.0  1.00000000  0.00000000i: elastic S-matrix  @@      0.00  0   0 F  0
 Reaction Xsec    62.0-/62 @ 2 =   0.000#, Out:   0.000#   0.000#   0.000f

   S-matrix    3 =    1.00000   0.00000 for L=   62, J=   62.5 channel on core I =   1.5 from L=   62,  Acc. loss =  0.0 D.
 Elastic phase shift   3 =    0.000   0.000 deg. for the L =   62, J =   62.5 channel.
      62.0  1.00000000  0.00000000i: elastic S-matrix  @@      0.00  0   0 F  0
 Reaction Xsec    62.0-/62 @ 3 =   0.000#, Out:   0.000#   0.000#   0.000f

   S-matrix    4 =    1.00000   0.00000 for L=   64, J=   63.5 channel on core I =   1.5 from L=   64,  Acc. loss =  0.0 D.
 Elastic phase shift   4 =    0.000   0.000 deg. for the L =   64, J =   63.5 channel.
      62.0  1.00000000  0.00000000i: elastic S-matrix  @@      0.00  0   0 F  0
 Reaction Xsec    62.0-/64 @ 4 =   0.000#, Out:   0.000#   0.000#   0.000f


 Total SPIN, PARITY =    63.0 +,      4 chs,      0 cc.  Rmin & Coul turning =    5.0   42.5
   S-matrix    1 =    1.00000   0.00000 for L=   61, J=   61.5 channel on core I =   1.5 from L=   61,  Acc. loss =  0.0 D.
 Elastic phase shift   1 =    0.000   0.000 deg. for the L =   61, J =   61.5 channel.
      63.0  1.00000000  0.00000000i: elastic S-matrix  @@      0.00  0   0 F  0
 Reaction Xsec    63.0+/61 @ 1 =   0.000#, Out:   0.000#   0.000#   0.000f

   S-matrix    2 =    1.00000   0.00000 for L=   63, J=   62.5 channel on core I =   1.5 from L=   63,  Acc. loss =  0.0 D.
 Elastic phase shift   2 =    0.000   0.000 deg. for the L =   63, J =   62.5 channel.
      63.0  1.00000000  0.00000000i: elastic S-matrix  @@      0.00  0   0 F  0
 Reaction Xsec    63.0+/63 @ 2 =   0.000#, Out:   0.000#   0.000#   0.000f

   S-matrix    3 =    1.00000   0.00000 for L=   63, J=   63.5 channel on core I =   1.5 from L=   63,  Acc. loss =  0.0 D.
 Elastic phase shift   3 =    0.000  -0.000 deg. for the L =   63, J =   63.5 channel.
      63.0  1.00000000  0.00000000i: elastic S-matrix  @@      0.00  0   0 F  0
 Reaction Xsec    63.0+/63 @ 3 =  -0.000#, Out:   0.000#   0.000#  -0.000f

   S-matrix    4 =    1.00000   0.00000 for L=   65, J=   64.5 channel on core I =   1.5 from L=   65,  Acc. loss =  0.0 D.
 Elastic phase shift   4 =    0.000   0.000 deg. for the L =   65, J =   64.5 channel.
      63.0  1.00000000  0.00000000i: elastic S-matrix  @@      0.00  0   0 F  0
 Reaction Xsec    63.0+/65 @ 4 =   0.000#, Out:   0.000#   0.000#   0.000f


 Total SPIN, PARITY =    63.0 -,      5 chs,      0 cc.  Rmin & Coul turning =    5.0   42.5
   S-matrix    1 =    1.00000   0.00000 for L=   62, J=   61.5 channel on core I =   1.5 from L=   62,  Acc. loss =  0.0 D.
 Elastic phase shift   1 =    0.000   0.000 deg. for the L =   62, J =   61.5 channel.
      63.0  1.00000000  0.00000000i: elastic S-matrix  @@      0.02  0   0 F  0
 Reaction Xsec    63.0-/62 @ 1 =   0.000#, Out:   0.000#   1.017/  -0.001f

   S-matrix    2 =    1.00000   0.00000 for L=   62, J=   62.5 channel on core I =   1.5 from L=   62,  Acc. loss =  0.0 D.
 Elastic phase shift   2 =    0.000   0.000 deg. for the L =   62, J =   62.5 channel.
      63.0  1.00000000  0.00000000i: elastic S-matrix  @@      0.02  0   0 F  0
 Reaction Xsec    63.0-/62 @ 2 =   0.000#, Out:   0.000#   0.055/  -0.000f

   S-matrix    3 =    1.00000   0.00000 for L=   64, J=   63.5 channel on core I =   1.5 from L=   64,  Acc. loss =  0.0 D.
 Elastic phase shift   3 =    0.000   0.000 deg. for the L =   64, J =   63.5 channel.
      63.0  1.00000000  0.00000000i: elastic S-matrix  @@      0.00  0   0 F  0
 Reaction Xsec    63.0-/64 @ 3 =   0.000#, Out:   0.000#   0.036#  -0.000f

   S-matrix    4 =    1.00000   0.00000 for L=   64, J=   64.5 channel on core I =   1.5 from L=   64,  Acc. loss =  0.0 D.
 Elastic phase shift   4 =    0.000   0.000 deg. for the L =   64, J =   64.5 channel.
      63.0  1.00000000  0.00000000i: elastic S-matrix  @@      0.00  0   0 F  0
 Reaction Xsec    63.0-/64 @ 4 =   0.000#, Out:   0.000#   0.905#  -0.000f


 Total SPIN, PARITY =    64.0 +,      5 chs,      0 cc.  Rmin & Coul turning =    5.1   43.2
   S-matrix    1 =    1.00000   0.00000 for L=   63, J=   62.5 channel on core I =   1.5 from L=   63,  Acc. loss =  0.0 D.
 Elastic phase shift   1 =    0.000   0.000 deg. for the L =   63, J =   62.5 channel.
0****** WARNING : ACCURACY LOSS IN ERWIN = 14.3 DIGITS, SO EXPECT ERRORS OF   0.0228 % OF UNITARITY

      64.0  1.00000000  0.00000000i: elastic S-matrix  @@      0.02  0   0 F  0
 Reaction Xsec    64.0+/63 @ 1 =   0.000#, Out:   0.000#   0.478/  -0.000f

   S-matrix    2 =    1.00000   0.00000 for L=   63, J=   63.5 channel on core I =   1.5 from L=   63,  Acc. loss =  0.0 D.
 Elastic phase shift   2 =    0.000  -0.000 deg. for the L =   63, J =   63.5 channel.
0****** WARNING : ACCURACY LOSS IN ERWIN = 14.2 DIGITS, SO EXPECT ERRORS OF   0.0131 % OF UNITARITY

      64.0  1.00000000  0.00000000i: elastic S-matrix  @@      0.00  0   0 F  0
 Reaction Xsec    64.0+/63 @ 2 =  -0.000#, Out:   0.000#   0.319/  -0.000f

   S-matrix    3 =    1.00000  -0.00000 for L=   65, J=   64.5 channel on core I =   1.5 from L=   65,  Acc. loss =  0.0 D.
 Elastic phase shift   3 =   -0.000  -0.000 deg. for the L =   65, J =   64.5 channel.
      64.0  1.00000000 -0.00000000i: elastic S-matrix  @@      0.02  0   0 F  0
 Reaction Xsec    64.0+/65 @ 3 =  -0.000#, Out:   0.000#   2.945#  -0.000f

   S-matrix    4 =    1.00000   0.00000 for L=   65, J=   65.5 channel on core I =   1.5 from L=   65,  Acc. loss =  0.0 D.
 Elastic phase shift   4 =    0.000   0.000 deg. for the L =   65, J =   65.5 channel.
0****** WARNING : ACCURACY LOSS IN ERWIN = 14.9 DIGITS, SO EXPECT ERRORS OF   0.0006 % OF UNITARITY

      64.0  1.00000000  0.00000000i: elastic S-matrix  @@      0.00  0   0 F  0
 Reaction Xsec    64.0+/65 @ 4 =   0.000#, Out:   0.000#   0.017#  -0.000f


 Total SPIN, PARITY =    64.0 -,      4 chs,      0 cc.  Rmin & Coul turning =    5.1   43.2
   S-matrix    1 =    1.00000   0.00000 for L=   62, J=   62.5 channel on core I =   1.5 from L=   62,  Acc. loss =  0.0 D.
 Elastic phase shift   1 =    0.000   0.000 deg. for the L =   62, J =   62.5 channel.
      64.0  1.00000000  0.00000000i: elastic S-matrix  @@      0.00  0   0 F  0
 Reaction Xsec    64.0-/62 @ 1 =   0.000#, Out:   0.000#   0.000#   0.000f

   S-matrix    2 =    1.00000   0.00000 for L=   64, J=   63.5 channel on core I =   1.5 from L=   64,  Acc. loss =  0.0 D.
 Elastic phase shift   2 =    0.000   0.000 deg. for the L =   64, J =   63.5 channel.
      64.0  1.00000000  0.00000000i: elastic S-matrix  @@      0.00  0   0 F  0
 Reaction Xsec    64.0-/64 @ 2 =   0.000#, Out:   0.000#   0.000#   0.000f

   S-matrix    3 =    1.00000  -0.00000 for L=   64, J=   64.5 channel on core I =   1.5 from L=   64,  Acc. loss =  0.0 D.
 Elastic phase shift   3 =   -0.000   0.000 deg. for the L =   64, J =   64.5 channel.
      64.0  1.00000000 -0.00000000i: elastic S-matrix  @@      0.00  0   0 F  0
 Reaction Xsec    64.0-/64 @ 3 =   0.000#, Out:   0.000#   0.000#   0.000f

   S-matrix    4 =    1.00000   0.00000 for L=   66, J=   65.5 channel on core I =   1.5 from L=   66,  Acc. loss =  0.0 D.
 Elastic phase shift   4 =    0.000  -0.000 deg. for the L =   66, J =   65.5 channel.
      64.0  1.00000000  0.00000000i: elastic S-matrix  @@      0.00  0   0 F  0
 Reaction Xsec    64.0-/66 @ 4 =  -0.000#, Out:   0.000#   0.000#  -0.000f


 Total SPIN, PARITY =    65.0 +,      4 chs,      0 cc.  Rmin & Coul turning =    5.2   43.8
   S-matrix    1 =    1.00000   0.00000 for L=   63, J=   63.5 channel on core I =   1.5 from L=   63,  Acc. loss =  0.0 D.
 Elastic phase shift   1 =    0.000  -0.000 deg. for the L =   63, J =   63.5 channel.
      65.0  1.00000000  0.00000000i: elastic S-matrix  @@      0.00  0   0 F  0
 Reaction Xsec    65.0+/63 @ 1 =  -0.000#, Out:   0.000#   0.000#  -0.000f

   S-matrix    2 =    1.00000  -0.00000 for L=   65, J=   64.5 channel on core I =   1.5 from L=   65,  Acc. loss =  0.0 D.
 Elastic phase shift   2 =   -0.000   0.000 deg. for the L =   65, J =   64.5 channel.
      65.0  1.00000000 -0.00000000i: elastic S-matrix  @@      0.00  0   0 F  0
 Reaction Xsec    65.0+/65 @ 2 =   0.000#, Out:   0.000#   0.000#   0.000f

   S-matrix    3 =    1.00000   0.00000 for L=   65, J=   65.5 channel on core I =   1.5 from L=   65,  Acc. loss =  0.0 D.
 Elastic phase shift   3 =    0.000   0.000 deg. for the L =   65, J =   65.5 channel.
      65.0  1.00000000  0.00000000i: elastic S-matrix  @@      0.00  0   0 F  0
 Reaction Xsec    65.0+/65 @ 3 =   0.000#, Out:   0.000#   0.000#   0.000f

   S-matrix    4 =    1.00000   0.00000 for L=   67, J=   66.5 channel on core I =   1.5 from L=   67,  Acc. loss =  0.0 D.
 Elastic phase shift   4 =    0.000   0.000 deg. for the L =   67, J =   66.5 channel.
      65.0  1.00000000  0.00000000i: elastic S-matrix  @@      0.00  0   0 F  0
 Reaction Xsec    65.0+/67 @ 4 =   0.000#, Out:   0.000#   0.000#   0.000f


 Total SPIN, PARITY =    65.0 -,      5 chs,      0 cc.  Rmin & Coul turning =    5.2   43.8
   S-matrix    1 =    1.00000   0.00000 for L=   64, J=   63.5 channel on core I =   1.5 from L=   64,  Acc. loss =  0.0 D.
 Elastic phase shift   1 =    0.000   0.000 deg. for the L =   64, J =   63.5 channel.
0****** WARNING : ACCURACY LOSS IN ERWIN = 14.4 DIGITS, SO EXPECT ERRORS OF   0.0983 % OF UNITARITY

      65.0  1.00000000  0.00000000i: elastic S-matrix  @@      0.02  0   0 F  0
 Reaction Xsec    65.0-/64 @ 1 =   0.000#, Out:   0.000#   5.087/  -0.005f

   S-matrix    2 =    1.00000   0.00000 for L=   64, J=   64.5 channel on core I =   1.5 from L=   64,  Acc. loss =  0.0 D.
 Elastic phase shift   2 =    0.000  -0.000 deg. for the L =   64, J =   64.5 channel.
0****** WARNING : ACCURACY LOSS IN ERWIN = 14.4 DIGITS, SO EXPECT ERRORS OF   0.0577 % OF UNITARITY

      65.0  1.00000000  0.00000000i: elastic S-matrix  @@      0.00  0   0 F  0
 Reaction Xsec    65.0-/64 @ 2 =  -0.000#, Out:   0.000#   1.720/  -0.002f

   S-matrix    3 =    1.00000  -0.00000 for L=   66, J=   65.5 channel on core I =   1.5 from L=   66,  Acc. loss =  0.0 D.
 Elastic phase shift   3 =   -0.000   0.000 deg. for the L =   66, J =   65.5 channel.
      65.0  1.00000000 -0.00000000i: elastic S-matrix  @@      0.02  0   0 F  0
 Reaction Xsec    65.0-/66 @ 3 =   0.000#, Out:   0.000#   0.411#  -0.000f

   S-matrix    4 =    1.00000  -0.00000 for L=   66, J=   66.5 channel on core I =   1.5 from L=   66,  Acc. loss =  0.0 D.
 Elastic phase shift   4 =   -0.000   0.000 deg. for the L =   66, J =   66.5 channel.
      65.0  1.00000000 -0.00000000i: elastic S-matrix  @@      0.00  0   0 F  0
 Reaction Xsec    65.0-/66 @ 4 =   0.000#, Out:   0.000#   1.386#  -0.000f


 Total SPIN, PARITY =    66.0 +,      5 chs,      0 cc.  Rmin & Coul turning =    5.2   44.5
   S-matrix    1 =    1.00000  -0.00000 for L=   65, J=   64.5 channel on core I =   1.5 from L=   65,  Acc. loss =  0.0 D.
 Elastic phase shift   1 =   -0.000   0.000 deg. for the L =   65, J =   64.5 channel.
0****** WARNING : ACCURACY LOSS IN ERWIN = 14.4 DIGITS, SO EXPECT ERRORS OF   0.0309 % OF UNITARITY

      66.0  1.00000000 -0.00000000i: elastic S-matrix  @@      0.02  0   0 F  0
 Reaction Xsec    66.0+/65 @ 1 =   0.000#, Out:   0.000#   0.580/  -0.001f

   S-matrix    2 =    1.00000  -0.00000 for L=   65, J=   65.5 channel on core I =   1.5 from L=   65,  Acc. loss =  0.0 D.
 Elastic phase shift   2 =   -0.000   0.000 deg. for the L =   65, J =   65.5 channel.
0****** WARNING : ACCURACY LOSS IN ERWIN = 14.6 DIGITS, SO EXPECT ERRORS OF   0.0189 % OF UNITARITY

      66.0  1.00000000 -0.00000000i: elastic S-matrix  @@      0.00  0   0 F  0
 Reaction Xsec    66.0+/65 @ 2 =   0.000#, Out:   0.000#   0.081/  -0.000f

   S-matrix    3 =    1.00000   0.00000 for L=   67, J=   66.5 channel on core I =   1.5 from L=   67,  Acc. loss =  0.0 D.
 Elastic phase shift   3 =    0.000   0.000 deg. for the L =   67, J =   66.5 channel.
      66.0  1.00000000  0.00000000i: elastic S-matrix  @@      0.00  0   0 F  0
 Reaction Xsec    66.0+/67 @ 3 =   0.000#, Out:   0.000#   0.092#  -0.000f

   S-matrix    4 =    1.00000   0.00000 for L=   67, J=   67.5 channel on core I =   1.5 from L=   67,  Acc. loss =  0.0 D.
 Elastic phase shift   4 =    0.000   0.000 deg. for the L =   67, J =   67.5 channel.
      66.0  1.00000000  0.00000000i: elastic S-matrix  @@      0.02  0   0 F  0
 Reaction Xsec    66.0+/67 @ 4 =   0.000#, Out:   0.000#   0.163#  -0.000f


 Total SPIN, PARITY =    66.0 -,      4 chs,      0 cc.  Rmin & Coul turning =    5.2   44.5
   S-matrix    1 =    1.00000   0.00000 for L=   64, J=   64.5 channel on core I =   1.5 from L=   64,  Acc. loss =  0.0 D.
 Elastic phase shift   1 =    0.000   0.000 deg. for the L =   64, J =   64.5 channel.
      66.0  1.00000000  0.00000000i: elastic S-matrix  @@      0.00  0   0 F  0
 Reaction Xsec    66.0-/64 @ 1 =   0.000#, Out:   0.000#   0.000#   0.000f

   S-matrix    2 =    1.00000   0.00000 for L=   66, J=   65.5 channel on core I =   1.5 from L=   66,  Acc. loss =  0.0 D.
 Elastic phase shift   2 =    0.000   0.000 deg. for the L =   66, J =   65.5 channel.
      66.0  1.00000000  0.00000000i: elastic S-matrix  @@      0.00  0   0 F  0
 Reaction Xsec    66.0-/66 @ 2 =   0.000#, Out:   0.000#   0.000#   0.000f

   S-matrix    3 =    1.00000  -0.00000 for L=   66, J=   66.5 channel on core I =   1.5 from L=   66,  Acc. loss =  0.0 D.
 Elastic phase shift   3 =   -0.000   0.000 deg. for the L =   66, J =   66.5 channel.
      66.0  1.00000000 -0.00000000i: elastic S-matrix  @@      0.00  0   0 F  0
 Reaction Xsec    66.0-/66 @ 3 =   0.000#, Out:   0.000#   0.000#   0.000f

   S-matrix    4 =    1.00000  -0.00000 for L=   68, J=   67.5 channel on core I =   1.5 from L=   68,  Acc. loss =  0.0 D.
 Elastic phase shift   4 =   -0.000   0.000 deg. for the L =   68, J =   67.5 channel.
      66.0  1.00000000 -0.00000000i: elastic S-matrix  @@      0.00  0   0 F  0
 Reaction Xsec    66.0-/68 @ 4 =   0.000#, Out:   0.000#   0.000#   0.000f


 Total SPIN, PARITY =    67.0 +,      4 chs,      0 cc.  Rmin & Coul turning =    5.4   45.2
   S-matrix    1 =    1.00000   0.00000 for L=   65, J=   65.5 channel on core I =   1.5 from L=   65,  Acc. loss =  0.0 D.
 Elastic phase shift   1 =    0.000   0.000 deg. for the L =   65, J =   65.5 channel.
      67.0  1.00000000  0.00000000i: elastic S-matrix  @@      0.00  0   0 F  0
 Reaction Xsec    67.0+/65 @ 1 =   0.000#, Out:   0.000#   0.000#   0.000f

   S-matrix    2 =    1.00000   0.00000 for L=   67, J=   66.5 channel on core I =   1.5 from L=   67,  Acc. loss =  0.0 D.
 Elastic phase shift   2 =    0.000   0.000 deg. for the L =   67, J =   66.5 channel.
      67.0  1.00000000  0.00000000i: elastic S-matrix  @@      0.00  0   0 F  0
 Reaction Xsec    67.0+/67 @ 2 =   0.000#, Out:   0.000#   0.000#   0.000f

   S-matrix    3 =    1.00000   0.00000 for L=   67, J=   67.5 channel on core I =   1.5 from L=   67,  Acc. loss =  0.0 D.
 Elastic phase shift   3 =    0.000   0.000 deg. for the L =   67, J =   67.5 channel.
      67.0  1.00000000  0.00000000i: elastic S-matrix  @@      0.00  0   0 F  0
 Reaction Xsec    67.0+/67 @ 3 =   0.000#, Out:   0.000#   0.000#   0.000f

   S-matrix    4 =    1.00000  -0.00000 for L=   69, J=   68.5 channel on core I =   1.5 from L=   69,  Acc. loss =  0.0 D.
 Elastic phase shift   4 =   -0.000   0.000 deg. for the L =   69, J =   68.5 channel.
      67.0  1.00000000 -0.00000000i: elastic S-matrix  @@      0.00  0   0 F  0
 Reaction Xsec    67.0+/69 @ 4 =   0.000#, Out:   0.000#   0.000#   0.000f


 Total SPIN, PARITY =    67.0 -,      5 chs,      0 cc.  Rmin & Coul turning =    5.4   45.2
   S-matrix    1 =    1.00000  -0.00000 for L=   66, J=   65.5 channel on core I =   1.5 from L=   66,  Acc. loss =  0.0 D.
 Elastic phase shift   1 =   -0.000  -0.000 deg. for the L =   66, J =   65.5 channel.
      67.0  1.00000000 -0.00000000i: elastic S-matrix  @@      0.00  0   0 F  0
 Reaction Xsec    67.0-/66 @ 1 =  -0.000#, Out:   0.000#   0.021   -0.021f

   S-matrix    2 =    1.00000  -0.00000 for L=   66, J=   66.5 channel on core I =   1.5 from L=   66,  Acc. loss =  0.0 D.
 Elastic phase shift   2 =   -0.000   0.000 deg. for the L =   66, J =   66.5 channel.
0****** WARNING : ACCURACY LOSS IN ERWIN = 14.7 DIGITS, SO EXPECT ERRORS OF   0.0397 % OF UNITARITY

      67.0  1.00000000 -0.00000000i: elastic S-matrix  @@      0.02  0   0 F  0
 Reaction Xsec    67.0-/66 @ 2 =   0.000#, Out:   0.000#   0.288/  -0.000f

   S-matrix    3 =    1.00000  -0.00000 for L=   68, J=   67.5 channel on core I =   1.5 from L=   68,  Acc. loss =  0.0 D.
 Elastic phase shift   3 =   -0.000   0.000 deg. for the L =   68, J =   67.5 channel.
      67.0  1.00000000 -0.00000000i: elastic S-matrix  @@      0.00  0   0 F  0
 Reaction Xsec    67.0-/68 @ 3 =   0.000#, Out:   0.000#   2.248#  -0.000f

   S-matrix    4 =    1.00000  -0.00000 for L=   68, J=   68.5 channel on core I =   1.5 from L=   68,  Acc. loss =  0.0 D.
 Elastic phase shift   4 =   -0.000   0.000 deg. for the L =   68, J =   68.5 channel.
      67.0  1.00000000 -0.00000000i: elastic S-matrix  @@      0.00  0   0 F  0
 Reaction Xsec    67.0-/68 @ 4 =   0.000#, Out:   0.000#   9.482#  -0.000f


 Total SPIN, PARITY =    68.0 +,      5 chs,      0 cc.  Rmin & Coul turning =    5.4   45.8
   S-matrix    1 =    1.00000  -0.00000 for L=   67, J=   66.5 channel on core I =   1.5 from L=   67,  Acc. loss =  0.0 D.
 Elastic phase shift   1 =   -0.000  -0.000 deg. for the L =   67, J =   66.5 channel.
      68.0  1.00000000 -0.00000000i: elastic S-matrix  @@      0.02  0   0 F  0
 Reaction Xsec    68.0+/67 @ 1 =  -0.000#, Out:   0.000#   0.770   -0.770f

   S-matrix    2 =    1.00000  -0.00000 for L=   67, J=   67.5 channel on core I =   1.5 from L=   67,  Acc. loss =  0.0 D.
 Elastic phase shift   2 =   -0.000   0.000 deg. for the L =   67, J =   67.5 channel.
      68.0  1.00000000 -0.00000000i: elastic S-matrix  @@      0.02  0   0 F  0
 Reaction Xsec    68.0+/67 @ 2 =   0.000#, Out:   0.000#   7.848/  -0.008f

   S-matrix    3 =    1.00000   0.00000 for L=   69, J=   68.5 channel on core I =   1.5 from L=   69,  Acc. loss =  0.0 D.
 Elastic phase shift   3 =    0.000   0.000 deg. for the L =   69, J =   68.5 channel.
0****** WARNING : ACCURACY LOSS IN ERWIN = 14.3 DIGITS, SO EXPECT ERRORS OF   0.0008 % OF UNITARITY

      68.0  1.00000000  0.00000000i: elastic S-matrix  @@      0.00  0   0 F  0
 Reaction Xsec    68.0+/69 @ 3 =   0.000#, Out:   0.000#   0.914#  -0.000f

   S-matrix    4 =    1.00000   0.00000 for L=   69, J=   69.5 channel on core I =   1.5 from L=   69,  Acc. loss =  0.0 D.
 Elastic phase shift   4 =    0.000   0.000 deg. for the L =   69, J =   69.5 channel.
      68.0  1.00000000  0.00000000i: elastic S-matrix  @@      0.00  0   0 F  0
 Reaction Xsec    68.0+/69 @ 4 =   0.000#, Out:   0.000#   0.011/  -0.000f


 Total SPIN, PARITY =    68.0 -,      4 chs,      0 cc.  Rmin & Coul turning =    5.4   45.8
   S-matrix    1 =    1.00000  -0.00000 for L=   66, J=   66.5 channel on core I =   1.5 from L=   66,  Acc. loss =  0.0 D.
 Elastic phase shift   1 =   -0.000   0.000 deg. for the L =   66, J =   66.5 channel.
      68.0  1.00000000 -0.00000000i: elastic S-matrix  @@      0.00  0   0 F  0
 Reaction Xsec    68.0-/66 @ 1 =   0.000#, Out:   0.000#   0.000#   0.000f

   S-matrix    2 =    1.00000   0.00000 for L=   68, J=   67.5 channel on core I =   1.5 from L=   68,  Acc. loss =  0.0 D.
 Elastic phase shift   2 =    0.000   0.000 deg. for the L =   68, J =   67.5 channel.
      68.0  1.00000000  0.00000000i: elastic S-matrix  @@      0.00  0   0 F  0
 Reaction Xsec    68.0-/68 @ 2 =   0.000#, Out:   0.000#   0.000#   0.000f

   S-matrix    3 =    1.00000  -0.00000 for L=   68, J=   68.5 channel on core I =   1.5 from L=   68,  Acc. loss =  0.0 D.
 Elastic phase shift   3 =   -0.000   0.000 deg. for the L =   68, J =   68.5 channel.
      68.0  1.00000000 -0.00000000i: elastic S-matrix  @@      0.00  0   0 F  0
 Reaction Xsec    68.0-/68 @ 3 =   0.000#, Out:   0.000#   0.000#   0.000f

   S-matrix    4 =    1.00000   0.00000 for L=   70, J=   69.5 channel on core I =   1.5 from L=   70,  Acc. loss =  0.0 D.
 Elastic phase shift   4 =    0.000   0.000 deg. for the L =   70, J =   69.5 channel.
      68.0  1.00000000  0.00000000i: elastic S-matrix  @@      0.00  0   0 F  0
 Reaction Xsec    68.0-/70 @ 4 =   0.000#, Out:   0.000#   0.000#   0.000f


 Total SPIN, PARITY =    69.0 +,      4 chs,      0 cc.  Rmin & Coul turning =    5.5   46.5
   S-matrix    1 =    1.00000  -0.00000 for L=   67, J=   67.5 channel on core I =   1.5 from L=   67,  Acc. loss =  0.0 D.
 Elastic phase shift   1 =   -0.000   0.000 deg. for the L =   67, J =   67.5 channel.
      69.0  1.00000000 -0.00000000i: elastic S-matrix  @@      0.00  0   0 F  0
 Reaction Xsec    69.0+/67 @ 1 =   0.000#, Out:   0.000#   0.000#   0.000f

   S-matrix    2 =    1.00000   0.00000 for L=   69, J=   68.5 channel on core I =   1.5 from L=   69,  Acc. loss =  0.0 D.
 Elastic phase shift   2 =    0.000   0.000 deg. for the L =   69, J =   68.5 channel.
      69.0  1.00000000  0.00000000i: elastic S-matrix  @@      0.00  0   0 F  0
 Reaction Xsec    69.0+/69 @ 2 =   0.000#, Out:   0.000#   0.000#   0.000f

   S-matrix    3 =    1.00000  -0.00000 for L=   69, J=   69.5 channel on core I =   1.5 from L=   69,  Acc. loss =  0.0 D.
 Elastic phase shift   3 =   -0.000   0.000 deg. for the L =   69, J =   69.5 channel.
      69.0  1.00000000 -0.00000000i: elastic S-matrix  @@      0.00  0   0 F  0
 Reaction Xsec    69.0+/69 @ 3 =   0.000#, Out:   0.000#   0.000#   0.000f

   S-matrix    4 =    1.00000   0.00000 for L=   71, J=   70.5 channel on core I =   1.5 from L=   71,  Acc. loss =  0.0 D.
 Elastic phase shift   4 =    0.000   0.000 deg. for the L =   71, J =   70.5 channel.
      69.0  1.00000000  0.00000000i: elastic S-matrix  @@      0.00  0   0 F  0
 Reaction Xsec    69.0+/71 @ 4 =   0.000#, Out:   0.000#   0.000#   0.000f


 Total SPIN, PARITY =    69.0 -,      5 chs,      0 cc.  Rmin & Coul turning =    5.5   46.5
   S-matrix    1 =    1.00000   0.00000 for L=   68, J=   67.5 channel on core I =   1.5 from L=   68,  Acc. loss =  0.0 D.
 Elastic phase shift   1 =    0.000   0.000 deg. for the L =   68, J =   67.5 channel.
      69.0  1.00000000  0.00000000i: elastic S-matrix  @@      0.02  0   0 F  0
 Reaction Xsec    69.0-/68 @ 1 =   0.000#, Out:   0.000#   0.690   -0.690f

   S-matrix    2 =    1.00000  -0.00000 for L=   68, J=   68.5 channel on core I =   1.5 from L=   68,  Acc. loss =  0.0 D.
 Elastic phase shift   2 =   -0.000   0.000 deg. for the L =   68, J =   68.5 channel.
      69.0  1.00000000 -0.00000000i: elastic S-matrix  @@      0.00  0   0 F  0
 Reaction Xsec    69.0-/68 @ 2 =   0.000#, Out:   0.000#   3.151   -3.151f

   S-matrix    3 =    1.00000   0.00000 for L=   70, J=   69.5 channel on core I =   1.5 from L=   70,  Acc. loss =  0.0 D.
 Elastic phase shift   3 =    0.000   0.000 deg. for the L =   70, J =   69.5 channel.
      69.0  1.00000000  0.00000000i: elastic S-matrix  @@      0.02  0   0 F  0
 Reaction Xsec    69.0-/70 @ 3 =   0.000#, Out:   0.000#   7.786/  -0.008f

   S-matrix    4 =    1.00000  -0.00000 for L=   70, J=   70.5 channel on core I =   1.5 from L=   70,  Acc. loss =  0.0 D.
 Elastic phase shift   4 =   -0.000   0.000 deg. for the L =   70, J =   70.5 channel.
      69.0  1.00000000 -0.00000000i: elastic S-matrix  @@      0.00  0   0 F  0
 Reaction Xsec    69.0-/70 @ 4 =   0.000#, Out:   0.000#   1.639/  -0.002f


 Total SPIN, PARITY =    70.0 +,      5 chs,      0 cc.  Rmin & Coul turning =    5.6   47.2
   S-matrix    1 =    1.00000   0.00000 for L=   69, J=   68.5 channel on core I =   1.5 from L=   69,  Acc. loss =  0.0 D.
 Elastic phase shift   1 =    0.000   0.000 deg. for the L =   69, J =   68.5 channel.
0****** WARNING : ACCURACY LOSS IN ERWIN = 14.2 DIGITS, SO EXPECT ERRORS OF   0.1652 % OF UNITARITY

      70.0  1.00000000  0.00000000i: elastic S-matrix  @@      0.02  0   0 F  0
 Reaction Xsec    70.0+/69 @ 1 =   0.000#, Out:   0.000#   0.049   -0.049f

   S-matrix    2 =    1.00000   0.00000 for L=   69, J=   69.5 channel on core I =   1.5 from L=   69,  Acc. loss =  0.0 D.
 Elastic phase shift   2 =    0.000   0.000 deg. for the L =   69, J =   69.5 channel.
0****** WARNING : ACCURACY LOSS IN ERWIN = 14.3 DIGITS, SO EXPECT ERRORS OF   0.0963 % OF UNITARITY

      70.0  1.00000000  0.00000000i: elastic S-matrix  @@      0.00  0   0 F  0
 Reaction Xsec    70.0+/69 @ 2 =   0.000#, Out:   0.000#   0.012   -0.012f

   S-matrix    3 =    1.00000   0.00000 for L=   71, J=   70.5 channel on core I =   1.5 from L=   71,  Acc. loss =  0.0 D.
 Elastic phase shift   3 =    0.000   0.000 deg. for the L =   71, J =   70.5 channel.
0****** WARNING : ACCURACY LOSS IN ERWIN = 14.4 DIGITS, SO EXPECT ERRORS OF   0.0057 % OF UNITARITY

      70.0  1.00000000  0.00000000i: elastic S-matrix  @@      0.00  0   0 F  0
 Reaction Xsec    70.0+/71 @ 3 =   0.000#, Out:   0.000#   0.023/  -0.000f

   S-matrix    4 =    1.00000   0.00000 for L=   71, J=   71.5 channel on core I =   1.5 from L=   71,  Acc. loss =  0.0 D.
 Elastic phase shift   4 =    0.000   0.000 deg. for the L =   71, J =   71.5 channel.
0****** WARNING : ACCURACY LOSS IN ERWIN = 15.2 DIGITS, SO EXPECT ERRORS OF   0.0108 % OF UNITARITY

      70.0  1.00000000  0.00000000i: elastic S-matrix  @@      0.02  0   0 F  0
 Reaction Xsec    70.0+/71 @ 4 =   0.000#, Out:   0.000#   1.925#  -0.000f


 Total SPIN, PARITY =    70.0 -,      4 chs,      0 cc.  Rmin & Coul turning =    5.6   47.2
   S-matrix    1 =    1.00000  -0.00000 for L=   68, J=   68.5 channel on core I =   1.5 from L=   68,  Acc. loss =  0.0 D.
 Elastic phase shift   1 =   -0.000   0.000 deg. for the L =   68, J =   68.5 channel.
      70.0  1.00000000 -0.00000000i: elastic S-matrix  @@      0.00  0   0 F  0
 Reaction Xsec    70.0-/68 @ 1 =   0.000#, Out:   0.000#   0.000#   0.000f

   S-matrix    2 =    1.00000   0.00000 for L=   70, J=   69.5 channel on core I =   1.5 from L=   70,  Acc. loss =  0.0 D.
 Elastic phase shift   2 =    0.000   0.000 deg. for the L =   70, J =   69.5 channel.
      70.0  1.00000000  0.00000000i: elastic S-matrix  @@      0.00  0   0 F  0
 Reaction Xsec    70.0-/70 @ 2 =   0.000#, Out:   0.000#   0.000#   0.000f

   S-matrix    3 =    1.00000   0.00000 for L=   70, J=   70.5 channel on core I =   1.5 from L=   70,  Acc. loss =  0.0 D.
 Elastic phase shift   3 =    0.000   0.000 deg. for the L =   70, J =   70.5 channel.
      70.0  1.00000000  0.00000000i: elastic S-matrix  @@      0.00  0   0 F  0
 Reaction Xsec    70.0-/70 @ 3 =   0.000#, Out:   0.000#   0.000#   0.000f

   S-matrix    4 =    1.00000   0.00000 for L=   72, J=   71.5 channel on core I =   1.5 from L=   72,  Acc. loss =  0.0 D.
 Elastic phase shift   4 =    0.000   0.000 deg. for the L =   72, J =   71.5 channel.
      70.0  1.00000000  0.00000000i: elastic S-matrix  @@      0.00  0   0 F  0
 Reaction Xsec    70.0-/72 @ 4 =   0.000#, Out:   0.000#   0.000#   0.000f


 Total SPIN, PARITY =    71.0 +,      4 chs,      0 cc.  Rmin & Coul turning =    5.7   47.8
   S-matrix    1 =    1.00000  -0.00000 for L=   69, J=   69.5 channel on core I =   1.5 from L=   69,  Acc. loss =  0.0 D.
 Elastic phase shift   1 =   -0.000   0.000 deg. for the L =   69, J =   69.5 channel.
      71.0  1.00000000 -0.00000000i: elastic S-matrix  @@      0.00  0   0 F  0
 Reaction Xsec    71.0+/69 @ 1 =   0.000#, Out:   0.000#   0.000#   0.000f

   S-matrix    2 =    1.00000   0.00000 for L=   71, J=   70.5 channel on core I =   1.5 from L=   71,  Acc. loss =  0.0 D.
 Elastic phase shift   2 =    0.000   0.000 deg. for the L =   71, J =   70.5 channel.
      71.0  1.00000000  0.00000000i: elastic S-matrix  @@      0.00  0   0 F  0
 Reaction Xsec    71.0+/71 @ 2 =   0.000#, Out:   0.000#   0.000#   0.000f

   S-matrix    3 =    1.00000   0.00000 for L=   71, J=   71.5 channel on core I =   1.5 from L=   71,  Acc. loss =  0.0 D.
 Elastic phase shift   3 =    0.000   0.000 deg. for the L =   71, J =   71.5 channel.
      71.0  1.00000000  0.00000000i: elastic S-matrix  @@      0.00  0   0 F  0
 Reaction Xsec    71.0+/71 @ 3 =   0.000#, Out:   0.000#   0.000#   0.000f

   S-matrix    4 =    1.00000   0.00000 for L=   73, J=   72.5 channel on core I =   1.5 from L=   73,  Acc. loss =  0.0 D.
 Elastic phase shift   4 =    0.000   0.000 deg. for the L =   73, J =   72.5 channel.
      71.0  1.00000000  0.00000000i: elastic S-matrix  @@      0.00  0   0 F  0
 Reaction Xsec    71.0+/73 @ 4 =   0.000#, Out:   0.000#   0.000#   0.000f


 Total SPIN, PARITY =    71.0 -,      5 chs,      0 cc.  Rmin & Coul turning =    5.7   47.8
   S-matrix    1 =    1.00000   0.00000 for L=   70, J=   69.5 channel on core I =   1.5 from L=   70,  Acc. loss =  0.0 D.
 Elastic phase shift   1 =    0.000   0.000 deg. for the L =   70, J =   69.5 channel.
0****** WARNING : ACCURACY LOSS IN ERWIN = 15.4 DIGITS, SO EXPECT ERRORS OF   0.4886 % OF UNITARITY

      71.0  1.00000000  0.00000000i: elastic S-matrix  @@      0.02  0   0 F  0
 Reaction Xsec    71.0-/70 @ 1 =   0.000#, Out:   0.000#   1.747/  -0.002f

   S-matrix    2 =    1.00000  -0.00000 for L=   70, J=   70.5 channel on core I =   1.5 from L=   70,  Acc. loss =  0.0 D.
 Elastic phase shift   2 =   -0.000   0.000 deg. for the L =   70, J =   70.5 channel.
      71.0  1.00000000 -0.00000000i: elastic S-matrix  @@      0.00  0   0 F  0
 Reaction Xsec    71.0-/70 @ 2 =   0.000#, Out:   0.000#   1.620   -1.620f

   S-matrix    3 =    1.00000   0.00000 for L=   72, J=   71.5 channel on core I =   1.5 from L=   72,  Acc. loss =  0.0 D.
 Elastic phase shift   3 =    0.000   0.000 deg. for the L =   72, J =   71.5 channel.
0****** WARNING : ACCURACY LOSS IN ERWIN = 14.2 DIGITS, SO EXPECT ERRORS OF   1.1818 % OF UNITARITY

      71.0  1.00000000  0.00000000i: elastic S-matrix  @@      0.00  0   0 F  0
 Reaction Xsec    71.0-/72 @ 3 =   0.000#, Out:   0.000#   2.532   -2.532f

   S-matrix    4 =    1.00000   0.00000 for L=   72, J=   72.5 channel on core I =   1.5 from L=   72,  Acc. loss =  0.0 D.
 Elastic phase shift   4 =    0.000   0.000 deg. for the L =   72, J =   72.5 channel.
0****** WARNING : ACCURACY LOSS IN ERWIN = 14.6 DIGITS, SO EXPECT ERRORS OF   0.0506 % OF UNITARITY

      71.0  1.00000000  0.00000000i: elastic S-matrix  @@      0.00  0   0 F  0
 Reaction Xsec    71.0-/72 @ 4 =   0.000#, Out:   0.000#   0.681/  -0.001f


 Total SPIN, PARITY =    72.0 +,      5 chs,      0 cc.  Rmin & Coul turning =    5.8   48.5
   S-matrix    1 =    1.00000   0.00000 for L=   71, J=   70.5 channel on core I =   1.5 from L=   71,  Acc. loss =  0.0 D.
 Elastic phase shift   1 =    0.000   0.000 deg. for the L =   71, J =   70.5 channel.
      72.0  1.00000000  0.00000000i: elastic S-matrix  @@      0.02  0   0 F  0
 Reaction Xsec    72.0+/71 @ 1 =   0.000#, Out:   0.000#  30.469  -30.469f

   S-matrix    2 =    1.00000   0.00000 for L=   71, J=   71.5 channel on core I =   1.5 from L=   71,  Acc. loss =  0.0 D.
 Elastic phase shift   2 =    0.000   0.000 deg. for the L =   71, J =   71.5 channel.
      72.0  1.00000000  0.00000000i: elastic S-matrix  @@      0.02  0   0 F  0
 Reaction Xsec    72.0+/71 @ 2 =   0.000#, Out:   0.000#   5.372   -5.372f

   S-matrix    3 =    1.00000  -0.00000 for L=   73, J=   72.5 channel on core I =   1.5 from L=   73,  Acc. loss =  0.0 D.
 Elastic phase shift   3 =   -0.000   0.000 deg. for the L =   73, J =   72.5 channel.
   105539835297437.23        430253838437699.12        2.2204460492503131E-016
 Increase lower cutoff: eg CUTL. Continuing.
      72.0  1.00000000 -0.00000000i: elastic S-matrix  @@      0.00  0   0 F  0
 Reaction Xsec    72.0+/73 @ 3 =   0.000#, Out:   0.000#3198.789 ********f

   S-matrix    4 =    1.00000   0.00000 for L=   73, J=   73.5 channel on core I =   1.5 from L=   73,  Acc. loss =  0.0 D.
 Elastic phase shift   4 =    0.000   0.000 deg. for the L =   73, J =   73.5 channel.
      72.0  1.00000000  0.00000000i: elastic S-matrix  @@      0.00  0   0 F  0
 Reaction Xsec    72.0+/73 @ 4 =   0.000#, Out:   0.000#   0.110   -0.110f


 Total SPIN, PARITY =    72.0 -,      4 chs,      0 cc.  Rmin & Coul turning =    5.8   48.5
   S-matrix    1 =    1.00000   0.00000 for L=   70, J=   70.5 channel on core I =   1.5 from L=   70,  Acc. loss =  0.0 D.
 Elastic phase shift   1 =    0.000   0.000 deg. for the L =   70, J =   70.5 channel.
      72.0  1.00000000  0.00000000i: elastic S-matrix  @@      0.00  0   0 F  0
 Reaction Xsec    72.0-/70 @ 1 =   0.000#, Out:   0.000#   0.000#   0.000f

   S-matrix    2 =    1.00000   0.00000 for L=   72, J=   71.5 channel on core I =   1.5 from L=   72,  Acc. loss =  0.0 D.
 Elastic phase shift   2 =    0.000   0.000 deg. for the L =   72, J =   71.5 channel.
      72.0  1.00000000  0.00000000i: elastic S-matrix  @@      0.00  0   0 F  0
 Reaction Xsec    72.0-/72 @ 2 =   0.000#, Out:   0.000#   0.000#   0.000f

   S-matrix    3 =    1.00000   0.00000 for L=   72, J=   72.5 channel on core I =   1.5 from L=   72,  Acc. loss =  0.0 D.
 Elastic phase shift   3 =    0.000   0.000 deg. for the L =   72, J =   72.5 channel.
      72.0  1.00000000  0.00000000i: elastic S-matrix  @@      0.00  0   0 F  0
 Reaction Xsec    72.0-/72 @ 3 =   0.000#, Out:   0.000#   0.000#   0.000f

   S-matrix    4 =    1.00000  -0.00000 for L=   74, J=   73.5 channel on core I =   1.5 from L=   74,  Acc. loss =  0.0 D.
 Elastic phase shift   4 =   -0.000   0.000 deg. for the L =   74, J =   73.5 channel.
      72.0  1.00000000 -0.00000000i: elastic S-matrix  @@      0.00  0   0 F  0
 Reaction Xsec    72.0-/74 @ 4 =   0.000#, Out:   0.000#   0.000#   0.000f


 Total SPIN, PARITY =    73.0 +,      4 chs,      0 cc.  Rmin & Coul turning =    5.8   49.2
   S-matrix    1 =    1.00000   0.00000 for L=   71, J=   71.5 channel on core I =   1.5 from L=   71,  Acc. loss =  0.0 D.
 Elastic phase shift   1 =    0.000   0.000 deg. for the L =   71, J =   71.5 channel.
      73.0  1.00000000  0.00000000i: elastic S-matrix  @@      0.00  0   0 F  0
 Reaction Xsec    73.0+/71 @ 1 =   0.000#, Out:   0.000#   0.000#   0.000f

   S-matrix    2 =    1.00000  -0.00000 for L=   73, J=   72.5 channel on core I =   1.5 from L=   73,  Acc. loss =  0.0 D.
 Elastic phase shift   2 =   -0.000   0.000 deg. for the L =   73, J =   72.5 channel.
      73.0  1.00000000 -0.00000000i: elastic S-matrix  @@      0.00  0   0 F  0
 Reaction Xsec    73.0+/73 @ 2 =   0.000#, Out:   0.000#   0.000#   0.000f

   S-matrix    3 =    1.00000  -0.00000 for L=   73, J=   73.5 channel on core I =   1.5 from L=   73,  Acc. loss =  0.0 D.
 Elastic phase shift   3 =   -0.000   0.000 deg. for the L =   73, J =   73.5 channel.
      73.0  1.00000000 -0.00000000i: elastic S-matrix  @@      0.00  0   0 F  0
 Reaction Xsec    73.0+/73 @ 3 =   0.000#, Out:   0.000#   0.000#   0.000f

   S-matrix    4 =    1.00000  -0.00000 for L=   75, J=   74.5 channel on core I =   1.5 from L=   75,  Acc. loss =  0.0 D.
 Elastic phase shift   4 =   -0.000   0.000 deg. for the L =   75, J =   74.5 channel.
      73.0  1.00000000 -0.00000000i: elastic S-matrix  @@      0.00  0   0 F  0
 Reaction Xsec    73.0+/75 @ 4 =   0.000#, Out:   0.000#   0.000#   0.000f


 Total SPIN, PARITY =    73.0 -,      5 chs,      0 cc.  Rmin & Coul turning =    5.8   49.2
   S-matrix    1 =    1.00000   0.00000 for L=   72, J=   71.5 channel on core I =   1.5 from L=   72,  Acc. loss =  0.0 D.
 Elastic phase shift   1 =    0.000   0.000 deg. for the L =   72, J =   71.5 channel.
0****** WARNING : ACCURACY LOSS IN ERWIN = 14.6 DIGITS, SO EXPECT ERRORS OF  10.0324 % OF UNITARITY

   426189790006073.81        150605778724752.66        2.2204460492503131E-016
 Increase lower cutoff: eg CUTL. Continuing.
      73.0  1.00000000  0.00000000i: elastic S-matrix  @@      0.02  0   0 F  0
 Reaction Xsec    73.0-/72 @ 1 =   0.000#, Out:   0.000#  24.367  -24.367f

   S-matrix    2 =    1.00000   0.00000 for L=   72, J=   72.5 channel on core I =   1.5 from L=   72,  Acc. loss =  0.0 D.
 Elastic phase shift   2 =    0.000   0.000 deg. for the L =   72, J =   72.5 channel.
      73.0  1.00000000  0.00000000i: elastic S-matrix  @@      0.00  0   0 F  0
 Reaction Xsec    73.0-/72 @ 2 =   0.000#, Out:   0.000#   0.137   -0.137f

   S-matrix    3 =    1.00000  -0.00000 for L=   74, J=   73.5 channel on core I =   1.5 from L=   74,  Acc. loss =  0.0 D.
 Elastic phase shift   3 =   -0.000   0.000 deg. for the L =   74, J =   73.5 channel.
      73.0  1.00000000 -0.00000000i: elastic S-matrix  @@      0.02  0   0 F  0
 Reaction Xsec    73.0-/74 @ 3 =   0.000#, Out:   0.000#   0.000#   0.000f

   S-matrix    4 =    1.00000  -0.00000 for L=   74, J=   74.5 channel on core I =   1.5 from L=   74,  Acc. loss =  0.0 D.
 Elastic phase shift   4 =   -0.000   0.000 deg. for the L =   74, J =   74.5 channel.
      73.0  1.00000000 -0.00000000i: elastic S-matrix  @@      0.00  0   0 F  0
 Reaction Xsec    73.0-/74 @ 4 =   0.000#, Out:   0.000#   0.000#   0.000f


 Total SPIN, PARITY =    74.0 +,      5 chs,      0 cc.  Rmin & Coul turning =    5.9   49.8
   S-matrix    1 =    1.00000  -0.00000 for L=   73, J=   72.5 channel on core I =   1.5 from L=   73,  Acc. loss =  0.0 D.
 Elastic phase shift   1 =   -0.000   0.000 deg. for the L =   73, J =   72.5 channel.
0****** WARNING : ACCURACY LOSS IN ERWIN = 14.3 DIGITS, SO EXPECT ERRORS OF 123.4136 % OF UNITARITY

   205316988349012.03        1852685075787829.8        2.2204460492503131E-016
 Increase lower cutoff: eg CUTL. Continuing.
      74.0  1.00000000 -0.00000000i: elastic S-matrix  @@      0.02  0   0 F  0
 Reaction Xsec    74.0+/73 @ 1 =   0.000#, Out:   0.000#******** ********f

   S-matrix    2 =    1.00000  -0.00000 for L=   73, J=   73.5 channel on core I =   1.5 from L=   73,  Acc. loss =  0.0 D.
 Elastic phase shift   2 =   -0.000   0.000 deg. for the L =   73, J =   73.5 channel.
0****** WARNING : ACCURACY LOSS IN ERWIN = 14.8 DIGITS, SO EXPECT ERRORS OF   0.1730 % OF UNITARITY

      74.0  1.00000000 -0.00000000i: elastic S-matrix  @@      0.00  0   0 F  0
 Reaction Xsec    74.0+/73 @ 2 =   0.000#, Out:   0.000#   3.845/  -0.004f

   S-matrix    3 =    1.00000  -0.00000 for L=   75, J=   74.5 channel on core I =   1.5 from L=   75,  Acc. loss =  0.0 D.
 Elastic phase shift   3 =   -0.000   0.000 deg. for the L =   75, J =   74.5 channel.
0****** WARNING : ACCURACY LOSS IN ERWIN = 14.2 DIGITS, SO EXPECT ERRORS OF1394.7809 % OF UNITARITY

   165767759513430.56        20938448447781464.        2.2204460492503131E-016
 Increase lower cutoff: eg CUTL. Continuing.
      74.0  1.00000000 -0.00000000i: elastic S-matrix  @@      0.02  0   0 F  0
 Reaction Xsec    74.0+/75 @ 3 =   0.000#, Out:   0.000#******** ********f

   S-matrix    4 =    1.00000  -0.00000 for L=   75, J=   75.5 channel on core I =   1.5 from L=   75,  Acc. loss =  0.0 D.
 Elastic phase shift   4 =   -0.000   0.000 deg. for the L =   75, J =   75.5 channel.
0****** WARNING : ACCURACY LOSS IN ERWIN = 14.2 DIGITS, SO EXPECT ERRORS OF2451.5025 % OF UNITARITY

   169919653920167.84        36801952406546160.        2.2204460492503131E-016
 Increase lower cutoff: eg CUTL. Continuing.
      74.0  1.00000000 -0.00000000i: elastic S-matrix  @@      0.00  0   0 F  0
 Reaction Xsec    74.0+/75 @ 4 =   0.000#, Out:   0.000#******** ********f


 Total SPIN, PARITY =    74.0 -,      4 chs,      0 cc.  Rmin & Coul turning =    5.9   49.8
   S-matrix    1 =    1.00000   0.00000 for L=   72, J=   72.5 channel on core I =   1.5 from L=   72,  Acc. loss =  0.0 D.
 Elastic phase shift   1 =    0.000   0.000 deg. for the L =   72, J =   72.5 channel.
      74.0  1.00000000  0.00000000i: elastic S-matrix  @@      0.00  0   0 F  0
 Reaction Xsec    74.0-/72 @ 1 =   0.000#, Out:   0.000#   0.000#   0.000f

   S-matrix    2 =    1.00000   0.00000 for L=   74, J=   73.5 channel on core I =   1.5 from L=   74,  Acc. loss =  0.0 D.
 Elastic phase shift   2 =    0.000   0.000 deg. for the L =   74, J =   73.5 channel.
      74.0  1.00000000  0.00000000i: elastic S-matrix  @@      0.00  0   0 F  0
 Reaction Xsec    74.0-/74 @ 2 =   0.000#, Out:   0.000#   0.000#   0.000f

   S-matrix    3 =    1.00000   0.00000 for L=   74, J=   74.5 channel on core I =   1.5 from L=   74,  Acc. loss =  0.0 D.
 Elastic phase shift   3 =    0.000   0.000 deg. for the L =   74, J =   74.5 channel.
      74.0  1.00000000  0.00000000i: elastic S-matrix  @@      0.00  0   0 F  0
 Reaction Xsec    74.0-/74 @ 3 =   0.000#, Out:   0.000#   0.000#   0.000f

   S-matrix    4 =    1.00000  -0.00000 for L=   76, J=   75.5 channel on core I =   1.5 from L=   76,  Acc. loss =  0.0 D.
 Elastic phase shift   4 =   -0.000   0.000 deg. for the L =   76, J =   75.5 channel.
      74.0  1.00000000 -0.00000000i: elastic S-matrix  @@      0.00  0   0 F  0
 Reaction Xsec    74.0-/76 @ 4 =   0.000#, Out:   0.000#   0.000#   0.000f


 Total SPIN, PARITY =    75.0 +,      4 chs,      0 cc.  Rmin & Coul turning =    6.0   50.5
   S-matrix    1 =    1.00000  -0.00000 for L=   73, J=   73.5 channel on core I =   1.5 from L=   73,  Acc. loss =  0.0 D.
 Elastic phase shift   1 =   -0.000   0.000 deg. for the L =   73, J =   73.5 channel.
      75.0  1.00000000 -0.00000000i: elastic S-matrix  @@      0.00  0   0 F  0
 Reaction Xsec    75.0+/73 @ 1 =   0.000#, Out:   0.000#   0.000#   0.000f

   S-matrix    2 =    1.00000  -0.00000 for L=   75, J=   74.5 channel on core I =   1.5 from L=   75,  Acc. loss =  0.0 D.
 Elastic phase shift   2 =   -0.000   0.000 deg. for the L =   75, J =   74.5 channel.
      75.0  1.00000000 -0.00000000i: elastic S-matrix  @@      0.00  0   0 F  0
 Reaction Xsec    75.0+/75 @ 2 =   0.000#, Out:   0.000#   0.000#   0.000f

   S-matrix    3 =    1.00000  -0.00000 for L=   75, J=   75.5 channel on core I =   1.5 from L=   75,  Acc. loss =  0.0 D.
 Elastic phase shift   3 =   -0.000   0.000 deg. for the L =   75, J =   75.5 channel.
      75.0  1.00000000 -0.00000000i: elastic S-matrix  @@      0.00  0   0 F  0
 Reaction Xsec    75.0+/75 @ 3 =   0.000#, Out:   0.000#   0.000#   0.000f

   S-matrix    4 =    1.00000  -0.00000 for L=   77, J=   76.5 channel on core I =   1.5 from L=   77,  Acc. loss =  0.0 D.
 Elastic phase shift   4 =   -0.000   0.000 deg. for the L =   77, J =   76.5 channel.
      75.0  1.00000000 -0.00000000i: elastic S-matrix  @@      0.00  0   0 F  0
 Reaction Xsec    75.0+/77 @ 4 =   0.000#, Out:   0.000#   0.000#   0.000f


 Total SPIN, PARITY =    75.0 -,      5 chs,      0 cc.  Rmin & Coul turning =    6.0   50.5
   S-matrix    1 =    1.00000  -0.00000 for L=   74, J=   73.5 channel on core I =   1.5 from L=   74,  Acc. loss =  0.0 D.
 Elastic phase shift   1 =   -0.000   0.000 deg. for the L =   74, J =   73.5 channel.
      75.0  1.00000000 -0.00000000i: elastic S-matrix  @@      0.02  0   0 F  0
 Reaction Xsec    75.0-/74 @ 1 =   0.000#, Out:   0.000#   0.000#   0.000f

   S-matrix    2 =    1.00000  -0.00000 for L=   74, J=   74.5 channel on core I =   1.5 from L=   74,  Acc. loss =  0.0 D.
 Elastic phase shift   2 =   -0.000   0.000 deg. for the L =   74, J =   74.5 channel.
      75.0  1.00000000 -0.00000000i: elastic S-matrix  @@      0.00  0   0 F  0
 Reaction Xsec    75.0-/74 @ 2 =   0.000#, Out:   0.000#   0.000#   0.000f

   S-matrix    3 =    1.00000  -0.00000 for L=   76, J=   75.5 channel on core I =   1.5 from L=   76,  Acc. loss =  0.0 D.
 Elastic phase shift   3 =   -0.000   0.000 deg. for the L =   76, J =   75.5 channel.
      75.0  1.00000000 -0.00000000i: elastic S-matrix  @@      0.00  0   0 F  0
 Reaction Xsec    75.0-/76 @ 3 =   0.000#, Out:   0.000#   0.000#   0.000f

   S-matrix    4 =    1.00000  -0.00000 for L=   76, J=   76.5 channel on core I =   1.5 from L=   76,  Acc. loss =  0.0 D.
 Elastic phase shift   4 =   -0.000   0.000 deg. for the L =   76, J =   76.5 channel.
      75.0  1.00000000 -0.00000000i: elastic S-matrix  @@      0.02  0   0 F  0
 Reaction Xsec    75.0-/76 @ 4 =   0.000#, Out:   0.000#   0.000#   0.000f


 Total SPIN, PARITY =    76.0 +,      5 chs,      0 cc.  Rmin & Coul turning =    6.1   51.2
   S-matrix    1 =    1.00000  -0.00000 for L=   75, J=   74.5 channel on core I =   1.5 from L=   75,  Acc. loss =  0.0 D.
 Elastic phase shift   1 =   -0.000   0.000 deg. for the L =   75, J =   74.5 channel.
0****** WARNING : ACCURACY LOSS IN ERWIN = 14.4 DIGITS, SO EXPECT ERRORS OF2062.7994 % OF UNITARITY

   269056669462437.19        30966741317385148.        2.2204460492503131E-016
 Increase lower cutoff: eg CUTL. Continuing.
      76.0  1.00000000 -0.00000000i: elastic S-matrix  @@      0.00  0   0 F  0
 Reaction Xsec    76.0+/75 @ 1 =   0.000#, Out:   0.000#******** ********f

   S-matrix    2 =    1.00000  -0.00000 for L=   75, J=   75.5 channel on core I =   1.5 from L=   75,  Acc. loss =  0.0 D.
 Elastic phase shift   2 =   -0.000   0.000 deg. for the L =   75, J =   75.5 channel.
0****** WARNING : ACCURACY LOSS IN ERWIN = 14.3 DIGITS, SO EXPECT ERRORS OF1201.7079 % OF UNITARITY

   208988213767044.22        18040037990953152.        2.2204460492503131E-016
 Increase lower cutoff: eg CUTL. Continuing.
      76.0  1.00000000 -0.00000000i: elastic S-matrix  @@      0.02  0   0 F  0
 Reaction Xsec    76.0+/75 @ 2 =   0.000#, Out:   0.000#******** ********f

   S-matrix    3 =    1.00000  -0.00000 for L=   77, J=   76.5 channel on core I =   1.5 from L=   77,  Acc. loss =  0.0 D.
 Elastic phase shift   3 =   -0.000   0.000 deg. for the L =   77, J =   76.5 channel.
      76.0  1.00000000 -0.00000000i: elastic S-matrix  @@      0.00  0   0 F  0
 Reaction Xsec    76.0+/77 @ 3 =   0.000#, Out:   0.000#   0.000#   0.000f

   S-matrix    4 =    1.00000  -0.00000 for L=   77, J=   77.5 channel on core I =   1.5 from L=   77,  Acc. loss =  0.0 D.
 Elastic phase shift   4 =   -0.000   0.000 deg. for the L =   77, J =   77.5 channel.
0****** WARNING : ACCURACY LOSS IN ERWIN = 14.6 DIGITS, SO EXPECT ERRORS OF********* % OF UNITARITY

   409245250992801.69        1.1306206602407107E+018   2.2204460492503131E-016
 Increase lower cutoff: eg CUTL. Continuing.
      76.0  1.00000000 -0.00000000i: elastic S-matrix  @@      0.00  0   0 F  0
 Reaction Xsec    76.0+/77 @ 4 =   0.000#, Out:   0.000#******** ********f


 Total SPIN, PARITY =    76.0 -,      4 chs,      0 cc.  Rmin & Coul turning =    6.1   51.2
   S-matrix    1 =    1.00000   0.00000 for L=   74, J=   74.5 channel on core I =   1.5 from L=   74,  Acc. loss =  0.0 D.
 Elastic phase shift   1 =    0.000   0.000 deg. for the L =   74, J =   74.5 channel.
      76.0  1.00000000  0.00000000i: elastic S-matrix  @@      0.00  0   0 F  0
 Reaction Xsec    76.0-/74 @ 1 =   0.000#, Out:   0.000#   0.000#   0.000f

   S-matrix    2 =    1.00000  -0.00000 for L=   76, J=   75.5 channel on core I =   1.5 from L=   76,  Acc. loss =  0.0 D.
 Elastic phase shift   2 =   -0.000   0.000 deg. for the L =   76, J =   75.5 channel.
      76.0  1.00000000 -0.00000000i: elastic S-matrix  @@      0.00  0   0 F  0
 Reaction Xsec    76.0-/76 @ 2 =   0.000#, Out:   0.000#   0.000#   0.000f

   S-matrix    3 =    1.00000  -0.00000 for L=   76, J=   76.5 channel on core I =   1.5 from L=   76,  Acc. loss =  0.0 D.
 Elastic phase shift   3 =   -0.000   0.000 deg. for the L =   76, J =   76.5 channel.
      76.0  1.00000000 -0.00000000i: elastic S-matrix  @@      0.00  0   0 F  0
 Reaction Xsec    76.0-/76 @ 3 =   0.000#, Out:   0.000#   0.000#   0.000f

   S-matrix    4 =    1.00000  -0.00000 for L=   78, J=   77.5 channel on core I =   1.5 from L=   78,  Acc. loss =  0.0 D.
 Elastic phase shift   4 =   -0.000   0.000 deg. for the L =   78, J =   77.5 channel.
      76.0  1.00000000 -0.00000000i: elastic S-matrix  @@      0.00  0   0 F  0
 Reaction Xsec    76.0-/78 @ 4 =   0.000#, Out:   0.000#   0.000#   0.000f


 Total SPIN, PARITY =    77.0 +,      4 chs,      0 cc.  Rmin & Coul turning =    6.2   51.9
   S-matrix    1 =    1.00000  -0.00000 for L=   75, J=   75.5 channel on core I =   1.5 from L=   75,  Acc. loss =  0.0 D.
 Elastic phase shift   1 =   -0.000   0.000 deg. for the L =   75, J =   75.5 channel.
      77.0  1.00000000 -0.00000000i: elastic S-matrix  @@      0.00  0   0 F  0
 Reaction Xsec    77.0+/75 @ 1 =   0.000#, Out:   0.000#   0.000#   0.000f

   S-matrix    2 =    1.00000  -0.00000 for L=   77, J=   76.5 channel on core I =   1.5 from L=   77,  Acc. loss =  0.0 D.
 Elastic phase shift   2 =   -0.000   0.000 deg. for the L =   77, J =   76.5 channel.
      77.0  1.00000000 -0.00000000i: elastic S-matrix  @@      0.00  0   0 F  0
 Reaction Xsec    77.0+/77 @ 2 =   0.000#, Out:   0.000#   0.000#   0.000f

   S-matrix    3 =    1.00000  -0.00000 for L=   77, J=   77.5 channel on core I =   1.5 from L=   77,  Acc. loss =  0.0 D.
 Elastic phase shift   3 =   -0.000   0.000 deg. for the L =   77, J =   77.5 channel.
      77.0  1.00000000 -0.00000000i: elastic S-matrix  @@      0.00  0   0 F  0
 Reaction Xsec    77.0+/77 @ 3 =   0.000#, Out:   0.000#   0.000#   0.000f

   S-matrix    4 =    1.00000  -0.00000 for L=   79, J=   78.5 channel on core I =   1.5 from L=   79,  Acc. loss =  0.0 D.
 Elastic phase shift   4 =   -0.000   0.000 deg. for the L =   79, J =   78.5 channel.
      77.0  1.00000000 -0.00000000i: elastic S-matrix  @@      0.00  0   0 F  0
 Reaction Xsec    77.0+/79 @ 4 =   0.000#, Out:   0.000#   0.000#   0.000f


 Total SPIN, PARITY =    77.0 -,      5 chs,      0 cc.  Rmin & Coul turning =    6.2   51.9
   S-matrix    1 =    1.00000  -0.00000 for L=   76, J=   75.5 channel on core I =   1.5 from L=   76,  Acc. loss =  0.0 D.
 Elastic phase shift   1 =   -0.000   0.000 deg. for the L =   76, J =   75.5 channel.
      77.0  1.00000000 -0.00000000i: elastic S-matrix  @@      0.02  0   0 F  0
 Reaction Xsec    77.0-/76 @ 1 =   0.000#, Out:   0.000#   0.000#   0.000f

   S-matrix    2 =    1.00000  -0.00000 for L=   76, J=   76.5 channel on core I =   1.5 from L=   76,  Acc. loss =  0.0 D.
 Elastic phase shift   2 =   -0.000   0.000 deg. for the L =   76, J =   76.5 channel.
      77.0  1.00000000 -0.00000000i: elastic S-matrix  @@      0.00  0   0 F  0
 Reaction Xsec    77.0-/76 @ 2 =   0.000#, Out:   0.000#   0.000#   0.000f

   S-matrix    3 =    1.00000  -0.00000 for L=   78, J=   77.5 channel on core I =   1.5 from L=   78,  Acc. loss =  0.0 D.
 Elastic phase shift   3 =   -0.000   0.000 deg. for the L =   78, J =   77.5 channel.
      77.0  1.00000000 -0.00000000i: elastic S-matrix  @@      0.02  0   0 F  0
 Reaction Xsec    77.0-/78 @ 3 =   0.000#, Out:   0.000#   0.000#   0.000f

   S-matrix    4 =    1.00000  -0.00000 for L=   78, J=   78.5 channel on core I =   1.5 from L=   78,  Acc. loss =  0.0 D.
 Elastic phase shift   4 =   -0.000   0.000 deg. for the L =   78, J =   78.5 channel.
      77.0  1.00000000 -0.00000000i: elastic S-matrix  @@      0.00  0   0 F  0
 Reaction Xsec    77.0-/78 @ 4 =   0.000#, Out:   0.000#   0.000#   0.000f


 Total SPIN, PARITY =    78.0 +,      5 chs,      0 cc.  Rmin & Coul turning =    6.2   52.5
   S-matrix    1 =    1.00000  -0.00000 for L=   77, J=   76.5 channel on core I =   1.5 from L=   77,  Acc. loss =  0.0 D.
 Elastic phase shift   1 =   -0.000   0.000 deg. for the L =   77, J =   76.5 channel.
0****** WARNING : ACCURACY LOSS IN ERWIN = 14.6 DIGITS, SO EXPECT ERRORS OF********* % OF UNITARITY

   362089908811934.75        2.7435123053139653E+019   2.2204460492503131E-016
 Increase lower cutoff: eg CUTL. Continuing.
      78.0  1.00000000 -0.00000000i: elastic S-matrix  @@      0.02  0   0 F  0
 Reaction Xsec    78.0+/77 @ 1 =   0.000#, Out:   0.000#******** ********f

   S-matrix    2 =    1.00000  -0.00000 for L=   77, J=   77.5 channel on core I =   1.5 from L=   77,  Acc. loss =  0.0 D.
 Elastic phase shift   2 =   -0.000   0.000 deg. for the L =   77, J =   77.5 channel.
0****** WARNING : ACCURACY LOSS IN ERWIN = 14.7 DIGITS, SO EXPECT ERRORS OF********* % OF UNITARITY

   550399503830678.94        1.5638873823807009E+019   2.2204460492503131E-016
 Increase lower cutoff: eg CUTL. Continuing.
      78.0  1.00000000 -0.00000000i: elastic S-matrix  @@      0.00  0   0 F  0
 Reaction Xsec    78.0+/77 @ 2 =   0.000#, Out:   0.000#******** ********f

   S-matrix    3 =    1.00000  -0.00000 for L=   79, J=   78.5 channel on core I =   1.5 from L=   79,  Acc. loss =  0.0 D.
 Elastic phase shift   3 =   -0.000   0.000 deg. for the L =   79, J =   78.5 channel.
      78.0  1.00000000 -0.00000000i: elastic S-matrix  @@      0.00  0   0 F  0
 Reaction Xsec    78.0+/79 @ 3 =   0.000#, Out:   0.000#   0.000#   0.000f

   S-matrix    4 =    1.00000  -0.00000 for L=   79, J=   79.5 channel on core I =   1.5 from L=   79,  Acc. loss =  0.0 D.
 Elastic phase shift   4 =   -0.000   0.000 deg. for the L =   79, J =   79.5 channel.
      78.0  1.00000000 -0.00000000i: elastic S-matrix  @@      0.02  0   0 F  0
 Reaction Xsec    78.0+/79 @ 4 =   0.000#, Out:   0.000#   0.000#   0.000f


 Total SPIN, PARITY =    78.0 -,      4 chs,      0 cc.  Rmin & Coul turning =    6.2   52.5
   S-matrix    1 =    1.00000  -0.00000 for L=   76, J=   76.5 channel on core I =   1.5 from L=   76,  Acc. loss =  0.0 D.
 Elastic phase shift   1 =   -0.000   0.000 deg. for the L =   76, J =   76.5 channel.
      78.0  1.00000000 -0.00000000i: elastic S-matrix  @@      0.00  0   0 F  0
 Reaction Xsec    78.0-/76 @ 1 =   0.000#, Out:   0.000#   0.000#   0.000f

   S-matrix    2 =    1.00000  -0.00000 for L=   78, J=   77.5 channel on core I =   1.5 from L=   78,  Acc. loss =  0.0 D.
 Elastic phase shift   2 =   -0.000   0.000 deg. for the L =   78, J =   77.5 channel.
      78.0  1.00000000 -0.00000000i: elastic S-matrix  @@      0.00  0   0 F  0
 Reaction Xsec    78.0-/78 @ 2 =   0.000#, Out:   0.000#   0.000#   0.000f

   S-matrix    3 =    1.00000  -0.00000 for L=   78, J=   78.5 channel on core I =   1.5 from L=   78,  Acc. loss =  0.0 D.
 Elastic phase shift   3 =   -0.000   0.000 deg. for the L =   78, J =   78.5 channel.
      78.0  1.00000000 -0.00000000i: elastic S-matrix  @@      0.00  0   0 F  0
 Reaction Xsec    78.0-/78 @ 3 =   0.000#, Out:   0.000#   0.000#   0.000f

   S-matrix    4 =    1.00000  -0.00000 for L=   80, J=   79.5 channel on core I =   1.5 from L=   80,  Acc. loss =  0.0 D.
 Elastic phase shift   4 =   -0.000   0.000 deg. for the L =   80, J =   79.5 channel.
      78.0  1.00000000 -0.00000000i: elastic S-matrix  @@      0.00  0   0 F  0
 Reaction Xsec    78.0-/80 @ 4 =   0.000#, Out:   0.000#   0.000#   0.000f


 Total SPIN, PARITY =    79.0 +,      4 chs,      0 cc.  Rmin & Coul turning =    6.3   53.2
   S-matrix    1 =    1.00000  -0.00000 for L=   77, J=   77.5 channel on core I =   1.5 from L=   77,  Acc. loss =  0.0 D.
 Elastic phase shift   1 =   -0.000   0.000 deg. for the L =   77, J =   77.5 channel.
      79.0  1.00000000 -0.00000000i: elastic S-matrix  @@      0.00  0   0 F  0
 Reaction Xsec    79.0+/77 @ 1 =   0.000#, Out:   0.000#   0.000#   0.000f

   S-matrix    2 =    1.00000  -0.00000 for L=   79, J=   78.5 channel on core I =   1.5 from L=   79,  Acc. loss =  0.0 D.
 Elastic phase shift   2 =   -0.000   0.000 deg. for the L =   79, J =   78.5 channel.
      79.0  1.00000000 -0.00000000i: elastic S-matrix  @@      0.00  0   0 F  0
 Reaction Xsec    79.0+/79 @ 2 =   0.000#, Out:   0.000#   0.000#   0.000f

   S-matrix    3 =    1.00000  -0.00000 for L=   79, J=   79.5 channel on core I =   1.5 from L=   79,  Acc. loss =  0.0 D.
 Elastic phase shift   3 =   -0.000   0.000 deg. for the L =   79, J =   79.5 channel.
      79.0  1.00000000 -0.00000000i: elastic S-matrix  @@      0.00  0   0 F  0
 Reaction Xsec    79.0+/79 @ 3 =   0.000#, Out:   0.000#   0.000#   0.000f

   S-matrix    4 =    1.00000  -0.00000 for L=   81, J=   80.5 channel on core I =   1.5 from L=   81,  Acc. loss =  0.0 D.
 Elastic phase shift   4 =   -0.000   0.000 deg. for the L =   81, J =   80.5 channel.
      79.0  1.00000000 -0.00000000i: elastic S-matrix  @@      0.00  0   0 F  0
 Reaction Xsec    79.0+/81 @ 4 =   0.000#, Out:   0.000#   0.000#   0.000f


 Total SPIN, PARITY =    79.0 -,      5 chs,      0 cc.  Rmin & Coul turning =    6.3   53.2
   S-matrix    1 =    1.00000  -0.00000 for L=   78, J=   77.5 channel on core I =   1.5 from L=   78,  Acc. loss =  0.0 D.
 Elastic phase shift   1 =   -0.000   0.000 deg. for the L =   78, J =   77.5 channel.
      79.0  1.00000000 -0.00000000i: elastic S-matrix  @@      0.02  0   0 F  0
 Reaction Xsec    79.0-/78 @ 1 =   0.000#, Out:   0.000#   0.000#   0.000f

   S-matrix    2 =    1.00000  -0.00000 for L=   78, J=   78.5 channel on core I =   1.5 from L=   78,  Acc. loss =  0.0 D.
 Elastic phase shift   2 =   -0.000   0.000 deg. for the L =   78, J =   78.5 channel.
      79.0  1.00000000 -0.00000000i: elastic S-matrix  @@      0.00  0   0 F  0
 Reaction Xsec    79.0-/78 @ 2 =   0.000#, Out:   0.000#   0.000#   0.000f

   S-matrix    3 =    1.00000  -0.00000 for L=   80, J=   79.5 channel on core I =   1.5 from L=   80,  Acc. loss =  0.0 D.
 Elastic phase shift   3 =   -0.000   0.000 deg. for the L =   80, J =   79.5 channel.
      79.0  1.00000000 -0.00000000i: elastic S-matrix  @@      0.00  0   0 F  0
 Reaction Xsec    79.0-/80 @ 3 =   0.000#, Out:   0.000#   0.000#   0.000f

   S-matrix    4 =    1.00000  -0.00000 for L=   80, J=   80.5 channel on core I =   1.5 from L=   80,  Acc. loss =  0.0 D.
 Elastic phase shift   4 =   -0.000   0.000 deg. for the L =   80, J =   80.5 channel.
      79.0  1.00000000 -0.00000000i: elastic S-matrix  @@      0.02  0   0 F  0
 Reaction Xsec    79.0-/80 @ 4 =   0.000#, Out:   0.000#   0.000#   0.000f


 Total SPIN, PARITY =    80.0 +,      5 chs,      0 cc.  Rmin & Coul turning =    6.4   53.9
   S-matrix    1 =    1.00000  -0.00000 for L=   79, J=   78.5 channel on core I =   1.5 from L=   79,  Acc. loss =  0.0 D.
 Elastic phase shift   1 =   -0.000   0.000 deg. for the L =   79, J =   78.5 channel.
      80.0  1.00000000 -0.00000000i: elastic S-matrix  @@      0.00  0   0 F  0
 Reaction Xsec    80.0+/79 @ 1 =   0.000#, Out:   0.000#   0.000#   0.000f

   S-matrix    2 =    1.00000  -0.00000 for L=   79, J=   79.5 channel on core I =   1.5 from L=   79,  Acc. loss =  0.0 D.
 Elastic phase shift   2 =   -0.000   0.000 deg. for the L =   79, J =   79.5 channel.
      80.0  1.00000000 -0.00000000i: elastic S-matrix  @@      0.02  0   0 F  0
 Reaction Xsec    80.0+/79 @ 2 =   0.000#, Out:   0.000#   0.000#   0.000f

   S-matrix    3 =    1.00000  -0.00000 for L=   81, J=   80.5 channel on core I =   1.5 from L=   81,  Acc. loss =  0.0 D.
 Elastic phase shift   3 =   -0.000   0.000 deg. for the L =   81, J =   80.5 channel.
      80.0  1.00000000 -0.00000000i: elastic S-matrix  @@      0.00  0   0 F  0
 Reaction Xsec    80.0+/81 @ 3 =   0.000#, Out:   0.000#   0.000#   0.000f

   S-matrix    4 =    1.00000  -0.00000 for L=   81, J=   81.5 channel on core I =   1.5 from L=   81,  Acc. loss =  0.0 D.
 Elastic phase shift   4 =   -0.000   0.000 deg. for the L =   81, J =   81.5 channel.
      80.0  1.00000000 -0.00000000i: elastic S-matrix  @@      0.00  0   0 F  0
 Reaction Xsec    80.0+/81 @ 4 =   0.000#, Out:   0.000#   0.000#   0.000f


 Total SPIN, PARITY =    80.0 -,      4 chs,      0 cc.  Rmin & Coul turning =    6.4   53.9
   S-matrix    1 =    1.00000  -0.00000 for L=   78, J=   78.5 channel on core I =   1.5 from L=   78,  Acc. loss =  0.0 D.
 Elastic phase shift   1 =   -0.000   0.000 deg. for the L =   78, J =   78.5 channel.
      80.0  1.00000000 -0.00000000i: elastic S-matrix  @@      0.00  0   0 F  0
 Reaction Xsec    80.0-/78 @ 1 =   0.000#, Out:   0.000#   0.000#   0.000f

   S-matrix    2 =    1.00000  -0.00000 for L=   80, J=   79.5 channel on core I =   1.5 from L=   80,  Acc. loss =  0.0 D.
 Elastic phase shift   2 =   -0.000   0.000 deg. for the L =   80, J =   79.5 channel.
      80.0  1.00000000 -0.00000000i: elastic S-matrix  @@      0.00  0   0 F  0
 Reaction Xsec    80.0-/80 @ 2 =   0.000#, Out:   0.000#   0.000#   0.000f

   S-matrix    3 =    1.00000  -0.00000 for L=   80, J=   80.5 channel on core I =   1.5 from L=   80,  Acc. loss =  0.0 D.
 Elastic phase shift   3 =   -0.000   0.000 deg. for the L =   80, J =   80.5 channel.
      80.0  1.00000000 -0.00000000i: elastic S-matrix  @@      0.00  0   0 F  0
 Reaction Xsec    80.0-/80 @ 3 =   0.000#, Out:   0.000#   0.000#   0.000f

   S-matrix    4 =    1.00000  -0.00000 for L=   82, J=   81.5 channel on core I =   1.5 from L=   82,  Acc. loss =  0.0 D.
 Elastic phase shift   4 =   -0.000   0.000 deg. for the L =   82, J =   81.5 channel.
      80.0  1.00000000 -0.00000000i: elastic S-matrix  @@      0.00  0   0 F  0
 Reaction Xsec    80.0-/82 @ 4 =   0.000#, Out:   0.000#   0.000#   0.000f

 Finished all CC sets @    2.92187500    
0CUMULATIVE REACTION cross section                 =  581.86274  <L> =     5.31  <L**2> =     32.8
0CUMULATIVE outgoing cross sections in partition 1 :    0.00000
0CUMULATIVE outgoing cross sections in partition 2 :***********
0Cumulative ABSORBTION by Imaginary Potentials     =***********  <L> =    78.00  <L**2> =   6083.6
   Fusion for specific p        M-states :************************
0CUMULATIVE OUTGOING cross section                 =***********
 To convert to S-factors (MeV.mb = keV.b),  multiply by  7.6759E+01


 CROSS SECTIONS FOR OUTGOING p        & 7Li      in state #   1 with spins & parities 0.5  + &  1.5  -;  0

     0.01 deg.: X-S =   7.0426E+13 mb/sr,
+                                         /R =   9.9999E-01
     1.00 deg.: X-S =   6.5800E+05 mb/sr,
+                                         /R =   9.3425E-01
     2.00 deg.: X-S =   3.8170E+04 mb/sr,
+                                         /R =   8.6699E-01
     3.00 deg.: X-S =  9211.757157 mb/sr,
+                                         /R =   1.0590E+00
     4.00 deg.: X-S =  5178.767449 mb/sr,
+                                         /R =   1.8809E+00
     5.00 deg.: X-S =  4266.042865 mb/sr,
+                                         /R =   3.7811E+00
     6.00 deg.: X-S =  3939.224198 mb/sr,
+                                         /R =   7.2357E+00
     7.00 deg.: X-S =  3732.520373 mb/sr,
+                                         /R =   1.2693E+01
     8.00 deg.: X-S =  3539.331301 mb/sr,
+                                         /R =   2.0518E+01
     9.00 deg.: X-S =  3334.642445 mb/sr,
+                                         /R =   3.0938E+01
    10.00 deg.: X-S =  3115.137070 mb/sr,
+                                         /R =   4.4008E+01
    11.00 deg.: X-S =  2883.687198 mb/sr,
+                                         /R =   5.9582E+01
    12.00 deg.: X-S =  2644.808133 mb/sr,
+                                         /R =   7.7304E+01
    13.00 deg.: X-S =  2403.204302 mb/sr,
+                                         /R =   9.6627E+01
    14.00 deg.: X-S =  2163.271479 mb/sr,
+                                         /R =   1.1683E+02
    15.00 deg.: X-S =  1928.916105 mb/sr,
+                                         /R =   1.3708E+02
    16.00 deg.: X-S =  1703.487284 mb/sr,
+                                         /R =   1.5647E+02
    17.00 deg.: X-S =  1489.753781 mb/sr,
+                                         /R =   1.7410E+02
    18.00 deg.: X-S =  1289.903419 mb/sr,
+                                         /R =   1.8913E+02
    19.00 deg.: X-S =  1105.557332 mb/sr,
+                                         /R =   2.0086E+02
    20.00 deg.: X-S =   937.796311 mb/sr,
+                                         /R =   2.0877E+02
    21.00 deg.: X-S =   787.197674 mb/sr,
+                                         /R =   2.1256E+02
    22.00 deg.: X-S =   653.881139 mb/sr,
+                                         /R =   2.1221E+02
    23.00 deg.: X-S =   537.561919 mb/sr,
+                                         /R =   2.0793E+02
    24.00 deg.: X-S =   437.609035 mb/sr,
+                                         /R =   2.0020E+02
    25.00 deg.: X-S =   353.106676 mb/sr,
+                                         /R =   1.8973E+02
    26.00 deg.: X-S =   282.916456 mb/sr,
+                                         /R =   1.7737E+02
    27.00 deg.: X-S =   225.738525 mb/sr,
+                                         /R =   1.6414E+02
    28.00 deg.: X-S =   180.169703 mb/sr,
+                                         /R =   1.5110E+02
    29.00 deg.: X-S =   144.757102 mb/sr,
+                                         /R =   1.3929E+02
    30.00 deg.: X-S =   118.046003 mb/sr,
+                                         /R =   1.2969E+02
    31.00 deg.: X-S =    98.621135 mb/sr,
+                                         /R =   1.2315E+02
    32.00 deg.: X-S =    85.140833 mb/sr,
+                                         /R =   1.2033E+02
    33.00 deg.: X-S =    76.363877 mb/sr,
+                                         /R =   1.2165E+02
    34.00 deg.: X-S =    71.169120 mb/sr,
+                                         /R =   1.2732E+02
    35.00 deg.: X-S =    68.568266 mb/sr,
+                                         /R =   1.3727E+02
    36.00 deg.: X-S =    67.712344 mb/sr,
+                                         /R =   1.5117E+02
    37.00 deg.: X-S =    67.892620 mb/sr,
+                                         /R =   1.6850E+02
    38.00 deg.: X-S =    68.536743 mb/sr,
+                                         /R =   1.8852E+02
    39.00 deg.: X-S =    69.201003 mb/sr,
+                                         /R =   2.1036E+02
    40.00 deg.: X-S =    69.559616 mb/sr,
+                                         /R =   2.3304E+02
    41.00 deg.: X-S =    69.391857 mb/sr,
+                                         /R =   2.5555E+02
    42.00 deg.: X-S =    68.567882 mb/sr,
+                                         /R =   2.7689E+02
    43.00 deg.: X-S =    67.033965 mb/sr,
+                                         /R =   2.9612E+02
    44.00 deg.: X-S =    64.797753 mb/sr,
+                                         /R =   3.1242E+02
    45.00 deg.: X-S =    61.914117 mb/sr,
+                                         /R =   3.2510E+02
    46.00 deg.: X-S =    58.471966 mb/sr,
+                                         /R =   3.3368E+02
    47.00 deg.: X-S =    54.582373 mb/sr,
+                                         /R =   3.3785E+02
    48.00 deg.: X-S =    50.368209 mb/sr,
+                                         /R =   3.3751E+02
    49.00 deg.: X-S =    45.955394 mb/sr,
+                                         /R =   3.3275E+02
    50.00 deg.: X-S =    41.465805 mb/sr,
+                                         /R =   3.2386E+02
    51.00 deg.: X-S =    37.011812 mb/sr,
+                                         /R =   3.1128E+02
    52.00 deg.: X-S =    32.692336 mb/sr,
+                                         /R =   2.9559E+02
    53.00 deg.: X-S =    28.590297 mb/sr,
+                                         /R =   2.7746E+02
    54.00 deg.: X-S =    24.771299 mb/sr,
+                                         /R =   2.5764E+02
    55.00 deg.: X-S =    21.283354 mb/sr,
+                                         /R =   2.3688E+02
    56.00 deg.: X-S =    18.157463 mb/sr,
+                                         /R =   2.1596E+02
    57.00 deg.: X-S =    15.408861 mb/sr,
+                                         /R =   1.9557E+02
    58.00 deg.: X-S =    13.038747 mb/sr,
+                                         /R =   1.7636E+02
    59.00 deg.: X-S =    11.036337 mb/sr,
+                                         /R =   1.5887E+02
    60.00 deg.: X-S =     9.381077 mb/sr,
+                                         /R =   1.4355E+02
    61.00 deg.: X-S =     8.044909 mb/sr,
+                                         /R =   1.3070E+02
    62.00 deg.: X-S =     6.994468 mb/sr,
+                                         /R =   1.2050E+02
    63.00 deg.: X-S =     6.193135 mb/sr,
+                                         /R =   1.1301E+02
    64.00 deg.: X-S =     5.602886 mb/sr,
+                                         /R =   1.0817E+02
    65.00 deg.: X-S =     5.185884 mb/sr,
+                                         /R =   1.0582E+02
    66.00 deg.: X-S =     4.905816 mb/sr,
+                                         /R =   1.0569E+02
    67.00 deg.: X-S =     4.728931 mb/sr,
+                                         /R =   1.0745E+02
    68.00 deg.: X-S =     4.624820 mb/sr,
+                                         /R =   1.1072E+02
    69.00 deg.: X-S =     4.566931 mb/sr,
+                                         /R =   1.1508E+02
    70.00 deg.: X-S =     4.532849 mb/sr,
+                                         /R =   1.2012E+02
    71.00 deg.: X-S =     4.504373 mb/sr,
+                                         /R =   1.2541E+02
    72.00 deg.: X-S =     4.467419 mb/sr,
+                                         /R =   1.3056E+02
    73.00 deg.: X-S =     4.411783 mb/sr,
+                                         /R =   1.3522E+02
    74.00 deg.: X-S =     4.330796 mb/sr,
+                                         /R =   1.3909E+02
    75.00 deg.: X-S =     4.220907 mb/sr,
+                                         /R =   1.4193E+02
    76.00 deg.: X-S =     4.081219 mb/sr,
+                                         /R =   1.4356E+02
    77.00 deg.: X-S =     3.913007 mb/sr,
+                                         /R =   1.4387E+02
    78.00 deg.: X-S =     3.719232 mb/sr,
+                                         /R =   1.4283E+02
    79.00 deg.: X-S =     3.504085 mb/sr,
+                                         /R =   1.4044E+02
    80.00 deg.: X-S =     3.272557 mb/sr,
+                                         /R =   1.3678E+02
    81.00 deg.: X-S =     3.030060 mb/sr,
+                                         /R =   1.3198E+02
    82.00 deg.: X-S =     2.782096 mb/sr,
+                                         /R =   1.2619E+02
    83.00 deg.: X-S =     2.533983 mb/sr,
+                                         /R =   1.1960E+02
    84.00 deg.: X-S =     2.290639 mb/sr,
+                                         /R =   1.1243E+02
    85.00 deg.: X-S =     2.056416 mb/sr,
+                                         /R =   1.0489E+02
    86.00 deg.: X-S =     1.834992 mb/sr,
+                                         /R =   9.7194E+01
    87.00 deg.: X-S =     1.629305 mb/sr,
+                                         /R =   8.9562E+01
    88.00 deg.: X-S =     1.441528 mb/sr,
+                                         /R =   8.2183E+01
    89.00 deg.: X-S =     1.273086 mb/sr,
+                                         /R =   7.5228E+01
    90.00 deg.: X-S =     1.124690 mb/sr,
+                                         /R =   6.8841E+01
    91.00 deg.: X-S =     0.996407 mb/sr,
+                                         /R =   6.3136E+01
    92.00 deg.: X-S =     0.887730 mb/sr,
+                                         /R =   5.8195E+01
    93.00 deg.: X-S =     0.797675 mb/sr,
+                                         /R =   5.4069E+01
    94.00 deg.: X-S =     0.724870 mb/sr,
+                                         /R =   5.0774E+01
    95.00 deg.: X-S =     0.667650 mb/sr,
+                                         /R =   4.8300E+01
    96.00 deg.: X-S =     0.624153 mb/sr,
+                                         /R =   4.6608E+01
    97.00 deg.: X-S =     0.592400 mb/sr,
+                                         /R =   4.5636E+01
    98.00 deg.: X-S =     0.570378 mb/sr,
+                                         /R =   4.5306E+01
    99.00 deg.: X-S =     0.556104 mb/sr,
+                                         /R =   4.5521E+01
   100.00 deg.: X-S =     0.547686 mb/sr,
+                                         /R =   4.6176E+01
   101.00 deg.: X-S =     0.543367 mb/sr,
+                                         /R =   4.7162E+01
   102.00 deg.: X-S =     0.541562 mb/sr,
+                                         /R =   4.8365E+01
   103.00 deg.: X-S =     0.540879 mb/sr,
+                                         /R =   4.9676E+01
   104.00 deg.: X-S =     0.540140 mb/sr,
+                                         /R =   5.0993E+01
   105.00 deg.: X-S =     0.538384 mb/sr,
+                                         /R =   5.2219E+01
   106.00 deg.: X-S =     0.534862 mb/sr,
+                                         /R =   5.3273E+01
   107.00 deg.: X-S =     0.529035 mb/sr,
+                                         /R =   5.4084E+01
   108.00 deg.: X-S =     0.520556 mb/sr,
+                                         /R =   5.4597E+01
   109.00 deg.: X-S =     0.509255 mb/sr,
+                                         /R =   5.4771E+01
   110.00 deg.: X-S =     0.495115 mb/sr,
+                                         /R =   5.4580E+01
   111.00 deg.: X-S =     0.478253 mb/sr,
+                                         /R =   5.4014E+01
   112.00 deg.: X-S =     0.458895 mb/sr,
+                                         /R =   5.3074E+01
   113.00 deg.: X-S =     0.437354 mb/sr,
+                                         /R =   5.1776E+01
   114.00 deg.: X-S =     0.414003 mb/sr,
+                                         /R =   5.0147E+01
   115.00 deg.: X-S =     0.389260 mb/sr,
+                                         /R =   4.8220E+01
   116.00 deg.: X-S =     0.363562 mb/sr,
+                                         /R =   4.6040E+01
   117.00 deg.: X-S =     0.337353 mb/sr,
+                                         /R =   4.3653E+01
   118.00 deg.: X-S =     0.311062 mb/sr,
+                                         /R =   4.1113E+01
   119.00 deg.: X-S =     0.285099 mb/sr,
+                                         /R =   3.8472E+01
   120.00 deg.: X-S =     0.259833 mb/sr,
+                                         /R =   3.5784E+01
   121.00 deg.: X-S =     0.235595 mb/sr,
+                                         /R =   3.3100E+01
   122.00 deg.: X-S =     0.212666 mb/sr,
+                                         /R =   3.0468E+01
   123.00 deg.: X-S =     0.191273 mb/sr,
+                                         /R =   2.7933E+01
   124.00 deg.: X-S =     0.171592 mb/sr,
+                                         /R =   2.5533E+01
   125.00 deg.: X-S =     0.153743 mb/sr,
+                                         /R =   2.3301E+01
   126.00 deg.: X-S =     0.137794 mb/sr,
+                                         /R =   2.1263E+01
   127.00 deg.: X-S =     0.123765 mb/sr,
+                                         /R =   1.9437E+01
   128.00 deg.: X-S =     0.111631 mb/sr,
+                                         /R =   1.7836E+01
   129.00 deg.: X-S =     0.101326 mb/sr,
+                                         /R =   1.6464E+01
   130.00 deg.: X-S =     0.092750 mb/sr,
+                                         /R =   1.5321E+01
   131.00 deg.: X-S =     0.085774 mb/sr,
+                                         /R =   1.4399E+01
   132.00 deg.: X-S =     0.080248 mb/sr,
+                                         /R =   1.3684E+01
   133.00 deg.: X-S =     0.076002 mb/sr,
+                                         /R =   1.3161E+01
   134.00 deg.: X-S =     0.072860 mb/sr,
+                                         /R =   1.2807E+01
   135.00 deg.: X-S =     0.070638 mb/sr,
+                                         /R =   1.2600E+01
   136.00 deg.: X-S =     0.069155 mb/sr,
+                                         /R =   1.2513E+01
   137.00 deg.: X-S =     0.068235 mb/sr,
+                                         /R =   1.2520E+01
   138.00 deg.: X-S =     0.067712 mb/sr,
+                                         /R =   1.2594E+01
   139.00 deg.: X-S =     0.067436 mb/sr,
+                                         /R =   1.2709E+01
   140.00 deg.: X-S =     0.067270 mb/sr,
+                                         /R =   1.2842E+01
   141.00 deg.: X-S =     0.067100 mb/sr,
+                                         /R =   1.2971E+01
   142.00 deg.: X-S =     0.066833 mb/sr,
+                                         /R =   1.3078E+01
   143.00 deg.: X-S =     0.066397 mb/sr,
+                                         /R =   1.3148E+01
   144.00 deg.: X-S =     0.065744 mb/sr,
+                                         /R =   1.3169E+01
   145.00 deg.: X-S =     0.064847 mb/sr,
+                                         /R =   1.3135E+01
   146.00 deg.: X-S =     0.063703 mb/sr,
+                                         /R =   1.3044E+01
   147.00 deg.: X-S =     0.062326 mb/sr,
+                                         /R =   1.2897E+01
   148.00 deg.: X-S =     0.060751 mb/sr,
+                                         /R =   1.2700E+01
   149.00 deg.: X-S =     0.059028 mb/sr,
+                                         /R =   1.2462E+01
   150.00 deg.: X-S =     0.057220 mb/sr,
+                                         /R =   1.2195E+01
   151.00 deg.: X-S =     0.055401 mb/sr,
+                                         /R =   1.1917E+01
   152.00 deg.: X-S =     0.053651 mb/sr,
+                                         /R =   1.1643E+01
   153.00 deg.: X-S =     0.052054 mb/sr,
+                                         /R =   1.1393E+01
   154.00 deg.: X-S =     0.050697 mb/sr,
+                                         /R =   1.1188E+01
   155.00 deg.: X-S =     0.049662 mb/sr,
+                                         /R =   1.1046E+01
   156.00 deg.: X-S =     0.049026 mb/sr,
+                                         /R =   1.0988E+01
   157.00 deg.: X-S =     0.048857 mb/sr,
+                                         /R =   1.1030E+01
   158.00 deg.: X-S =     0.049213 mb/sr,
+                                         /R =   1.1188E+01
   159.00 deg.: X-S =     0.050138 mb/sr,
+                                         /R =   1.1474E+01
   160.00 deg.: X-S =     0.051663 mb/sr,
+                                         /R =   1.1898E+01
   161.00 deg.: X-S =     0.053801 mb/sr,
+                                         /R =   1.2464E+01
   162.00 deg.: X-S =     0.056548 mb/sr,
+                                         /R =   1.3176E+01
   163.00 deg.: X-S =     0.059884 mb/sr,
+                                         /R =   1.4028E+01
   164.00 deg.: X-S =     0.063771 mb/sr,
+                                         /R =   1.5014E+01
   165.00 deg.: X-S =     0.068154 mb/sr,
+                                         /R =   1.6123E+01
   166.00 deg.: X-S =     0.072964 mb/sr,
+                                         /R =   1.7337E+01
   167.00 deg.: X-S =     0.078118 mb/sr,
+                                         /R =   1.8639E+01
   168.00 deg.: X-S =     0.083522 mb/sr,
+                                         /R =   2.0005E+01
   169.00 deg.: X-S =     0.089071 mb/sr,
+                                         /R =   2.1409E+01
   170.00 deg.: X-S =     0.094655 mb/sr,
+                                         /R =   2.2824E+01
   171.00 deg.: X-S =     0.100158 mb/sr,
+                                         /R =   2.4221E+01
   172.00 deg.: X-S =     0.105466 mb/sr,
+                                         /R =   2.5571E+01
   173.00 deg.: X-S =     0.110466 mb/sr,
+                                         /R =   2.6845E+01
   174.00 deg.: X-S =     0.115049 mb/sr,
+                                         /R =   2.8014E+01
   175.00 deg.: X-S =     0.119114 mb/sr,
+                                         /R =   2.9052E+01
   176.00 deg.: X-S =     0.122571 mb/sr,
+                                         /R =   2.9937E+01
   177.00 deg.: X-S =     0.125345 mb/sr,
+                                         /R =   3.0647E+01
   178.00 deg.: X-S =     0.127372 mb/sr,
+                                         /R =   3.1166E+01
   179.00 deg.: X-S =     0.128606 mb/sr,
+                                         /R =   3.1482E+01
   179.99 deg.: X-S =     0.129021 mb/sr,
+                                         /R =   3.1589E+01
                                           Integrated********** mb, over [   0.000, 180.000] at    60.0000 MeV 

 CROSS SECTIONS FOR OUTGOING 4He      & 4He      in state #   1 with spins & parities 0.0  + &  0.0  +;  0

     0.00 deg.: X-S =   7.7666E+12 mb/sr,
+                                         REAC   1.3662E+12 mb
     1.00 deg.: X-S =   5.2414E+12 mb/sr,
     2.00 deg.: X-S =   1.9145E+12 mb/sr,
     3.00 deg.: X-S =   1.2901E+12 mb/sr,
     4.00 deg.: X-S =   1.0650E+12 mb/sr,
     5.00 deg.: X-S =   7.2631E+11 mb/sr,
     6.00 deg.: X-S =   7.1270E+11 mb/sr,
     7.00 deg.: X-S =   5.3582E+11 mb/sr,
     8.00 deg.: X-S =   5.0785E+11 mb/sr,
     9.00 deg.: X-S =   4.4554E+11 mb/sr,
    10.00 deg.: X-S =   3.8266E+11 mb/sr,
    11.00 deg.: X-S =   3.8188E+11 mb/sr,
    12.00 deg.: X-S =   3.1168E+11 mb/sr,
    13.00 deg.: X-S =   3.2334E+11 mb/sr,
    14.00 deg.: X-S =   2.7511E+11 mb/sr,
    15.00 deg.: X-S =   2.6959E+11 mb/sr,
    16.00 deg.: X-S =   2.5431E+11 mb/sr,
    17.00 deg.: X-S =   2.2704E+11 mb/sr,
    18.00 deg.: X-S =   2.3525E+11 mb/sr,
    19.00 deg.: X-S =   1.9992E+11 mb/sr,
    20.00 deg.: X-S =   2.1193E+11 mb/sr,
    21.00 deg.: X-S =   1.8634E+11 mb/sr,
    22.00 deg.: X-S =   1.8608E+11 mb/sr,
    23.00 deg.: X-S =   1.7950E+11 mb/sr,
    24.00 deg.: X-S =   1.6341E+11 mb/sr,
    25.00 deg.: X-S =   1.7196E+11 mb/sr,
    26.00 deg.: X-S =   1.4865E+11 mb/sr,
    27.00 deg.: X-S =   1.5980E+11 mb/sr,
    28.00 deg.: X-S =   1.4218E+11 mb/sr,
    29.00 deg.: X-S =   1.4411E+11 mb/sr,
    30.00 deg.: X-S =   1.4012E+11 mb/sr,
    31.00 deg.: X-S =   1.2934E+11 mb/sr,
    32.00 deg.: X-S =   1.3717E+11 mb/sr,
    33.00 deg.: X-S =   1.1967E+11 mb/sr,
    34.00 deg.: X-S =   1.3004E+11 mb/sr,
    35.00 deg.: X-S =   1.1617E+11 mb/sr,
    36.00 deg.: X-S =   1.1930E+11 mb/sr,
    37.00 deg.: X-S =   1.1621E+11 mb/sr,
    38.00 deg.: X-S =   1.0850E+11 mb/sr,
    39.00 deg.: X-S =   1.1554E+11 mb/sr,
    40.00 deg.: X-S =   1.0140E+11 mb/sr,
    41.00 deg.: X-S =   1.1116E+11 mb/sr,
    42.00 deg.: X-S =   9.9347E+10 mb/sr,
    43.00 deg.: X-S =   1.0325E+11 mb/sr,
    44.00 deg.: X-S =   1.0046E+11 mb/sr,
    45.00 deg.: X-S =   9.4759E+10 mb/sr,
    46.00 deg.: X-S =   1.0109E+11 mb/sr,
    47.00 deg.: X-S =   8.9123E+10 mb/sr,
    48.00 deg.: X-S =   9.8421E+10 mb/sr,
    49.00 deg.: X-S =   8.7862E+10 mb/sr,
    50.00 deg.: X-S =   9.2329E+10 mb/sr,
    51.00 deg.: X-S =   8.9575E+10 mb/sr,
    52.00 deg.: X-S =   8.5308E+10 mb/sr,
    53.00 deg.: X-S =   9.1041E+10 mb/sr,
    54.00 deg.: X-S =   8.0580E+10 mb/sr,
    55.00 deg.: X-S =   8.9534E+10 mb/sr,
    56.00 deg.: X-S =   7.9783E+10 mb/sr,
    57.00 deg.: X-S =   8.4697E+10 mb/sr,
    58.00 deg.: X-S =   8.1868E+10 mb/sr,
    59.00 deg.: X-S =   7.8690E+10 mb/sr,
    60.00 deg.: X-S =   8.3918E+10 mb/sr,
    61.00 deg.: X-S =   7.4562E+10 mb/sr,
    62.00 deg.: X-S =   8.3264E+10 mb/sr,
    63.00 deg.: X-S =   7.4053E+10 mb/sr,
    64.00 deg.: X-S =   7.9355E+10 mb/sr,
    65.00 deg.: X-S =   7.6389E+10 mb/sr,
    66.00 deg.: X-S =   7.4085E+10 mb/sr,
    67.00 deg.: X-S =   7.8885E+10 mb/sr,
    68.00 deg.: X-S =   7.0374E+10 mb/sr,
    69.00 deg.: X-S =   7.8902E+10 mb/sr,
    70.00 deg.: X-S =   7.0055E+10 mb/sr,
    71.00 deg.: X-S =   7.5720E+10 mb/sr,
    72.00 deg.: X-S =   7.2578E+10 mb/sr,
    73.00 deg.: X-S =   7.1015E+10 mb/sr,
    74.00 deg.: X-S =   7.5445E+10 mb/sr,
    75.00 deg.: X-S =   6.7607E+10 mb/sr,
    76.00 deg.: X-S =   7.6025E+10 mb/sr,
    77.00 deg.: X-S =   6.7420E+10 mb/sr,
    78.00 deg.: X-S =   7.3445E+10 mb/sr,
    79.00 deg.: X-S =   7.0101E+10 mb/sr,
    80.00 deg.: X-S =   6.9193E+10 mb/sr,
    81.00 deg.: X-S =   7.3302E+10 mb/sr,
    82.00 deg.: X-S =   6.6017E+10 mb/sr,
    83.00 deg.: X-S =   7.4386E+10 mb/sr,
    84.00 deg.: X-S =   6.5930E+10 mb/sr,
    85.00 deg.: X-S =   7.2333E+10 mb/sr,
    86.00 deg.: X-S =   6.8761E+10 mb/sr,
    87.00 deg.: X-S =   6.8464E+10 mb/sr,
    88.00 deg.: X-S =   7.2288E+10 mb/sr,
    89.00 deg.: X-S =   6.5473E+10 mb/sr,
    90.00 deg.: X-S =   7.3853E+10 mb/sr,
    91.00 deg.: X-S =   6.5473E+10 mb/sr,
    92.00 deg.: X-S =   7.2288E+10 mb/sr,
    93.00 deg.: X-S =   6.8464E+10 mb/sr,
    94.00 deg.: X-S =   6.8762E+10 mb/sr,
    95.00 deg.: X-S =   7.2333E+10 mb/sr,
    96.00 deg.: X-S =   6.5931E+10 mb/sr,
    97.00 deg.: X-S =   7.4386E+10 mb/sr,
    98.00 deg.: X-S =   6.6018E+10 mb/sr,
    99.00 deg.: X-S =   7.3302E+10 mb/sr,
   100.00 deg.: X-S =   6.9194E+10 mb/sr,
   101.00 deg.: X-S =   7.0102E+10 mb/sr,
   102.00 deg.: X-S =   7.3446E+10 mb/sr,
   103.00 deg.: X-S =   6.7421E+10 mb/sr,
   104.00 deg.: X-S =   7.6026E+10 mb/sr,
   105.00 deg.: X-S =   6.7608E+10 mb/sr,
   106.00 deg.: X-S =   7.5446E+10 mb/sr,
   107.00 deg.: X-S =   7.1016E+10 mb/sr,
   108.00 deg.: X-S =   7.2579E+10 mb/sr,
   109.00 deg.: X-S =   7.5721E+10 mb/sr,
   110.00 deg.: X-S =   7.0056E+10 mb/sr,
   111.00 deg.: X-S =   7.8903E+10 mb/sr,
   112.00 deg.: X-S =   7.0376E+10 mb/sr,
   113.00 deg.: X-S =   7.8886E+10 mb/sr,
   114.00 deg.: X-S =   7.4086E+10 mb/sr,
   115.00 deg.: X-S =   7.6390E+10 mb/sr,
   116.00 deg.: X-S =   7.9356E+10 mb/sr,
   117.00 deg.: X-S =   7.4054E+10 mb/sr,
   118.00 deg.: X-S =   8.3265E+10 mb/sr,
   119.00 deg.: X-S =   7.4562E+10 mb/sr,
   120.00 deg.: X-S =   8.3919E+10 mb/sr,
   121.00 deg.: X-S =   7.8690E+10 mb/sr,
   122.00 deg.: X-S =   8.1869E+10 mb/sr,
   123.00 deg.: X-S =   8.4697E+10 mb/sr,
   124.00 deg.: X-S =   7.9784E+10 mb/sr,
   125.00 deg.: X-S =   8.9534E+10 mb/sr,
   126.00 deg.: X-S =   8.0580E+10 mb/sr,
   127.00 deg.: X-S =   9.1041E+10 mb/sr,
   128.00 deg.: X-S =   8.5308E+10 mb/sr,
   129.00 deg.: X-S =   8.9575E+10 mb/sr,
   130.00 deg.: X-S =   9.2328E+10 mb/sr,
   131.00 deg.: X-S =   8.7862E+10 mb/sr,
   132.00 deg.: X-S =   9.8420E+10 mb/sr,
   133.00 deg.: X-S =   8.9122E+10 mb/sr,
   134.00 deg.: X-S =   1.0109E+11 mb/sr,
   135.00 deg.: X-S =   9.4758E+10 mb/sr,
   136.00 deg.: X-S =   1.0046E+11 mb/sr,
   137.00 deg.: X-S =   1.0325E+11 mb/sr,
   138.00 deg.: X-S =   9.9346E+10 mb/sr,
   139.00 deg.: X-S =   1.1116E+11 mb/sr,
   140.00 deg.: X-S =   1.0140E+11 mb/sr,
   141.00 deg.: X-S =   1.1553E+11 mb/sr,
   142.00 deg.: X-S =   1.0850E+11 mb/sr,
   143.00 deg.: X-S =   1.1621E+11 mb/sr,
   144.00 deg.: X-S =   1.1930E+11 mb/sr,
   145.00 deg.: X-S =   1.1616E+11 mb/sr,
   146.00 deg.: X-S =   1.3004E+11 mb/sr,
   147.00 deg.: X-S =   1.1967E+11 mb/sr,
   148.00 deg.: X-S =   1.3717E+11 mb/sr,
   149.00 deg.: X-S =   1.2934E+11 mb/sr,
   150.00 deg.: X-S =   1.4012E+11 mb/sr,
   151.00 deg.: X-S =   1.4411E+11 mb/sr,
   152.00 deg.: X-S =   1.4217E+11 mb/sr,
   153.00 deg.: X-S =   1.5980E+11 mb/sr,
   154.00 deg.: X-S =   1.4865E+11 mb/sr,
   155.00 deg.: X-S =   1.7196E+11 mb/sr,
   156.00 deg.: X-S =   1.6341E+11 mb/sr,
   157.00 deg.: X-S =   1.7950E+11 mb/sr,
   158.00 deg.: X-S =   1.8607E+11 mb/sr,
   159.00 deg.: X-S =   1.8634E+11 mb/sr,
   160.00 deg.: X-S =   2.1193E+11 mb/sr,
   161.00 deg.: X-S =   1.9992E+11 mb/sr,
   162.00 deg.: X-S =   2.3525E+11 mb/sr,
   163.00 deg.: X-S =   2.2704E+11 mb/sr,
   164.00 deg.: X-S =   2.5431E+11 mb/sr,
   165.00 deg.: X-S =   2.6959E+11 mb/sr,
   166.00 deg.: X-S =   2.7511E+11 mb/sr,
   167.00 deg.: X-S =   3.2335E+11 mb/sr,
   168.00 deg.: X-S =   3.1168E+11 mb/sr,
   169.00 deg.: X-S =   3.8188E+11 mb/sr,
   170.00 deg.: X-S =   3.8266E+11 mb/sr,
   171.00 deg.: X-S =   4.4554E+11 mb/sr,
   172.00 deg.: X-S =   5.0786E+11 mb/sr,
   173.00 deg.: X-S =   5.3583E+11 mb/sr,
   174.00 deg.: X-S =   7.1271E+11 mb/sr,
   175.00 deg.: X-S =   7.2632E+11 mb/sr,
   176.00 deg.: X-S =   1.0650E+12 mb/sr,
   177.00 deg.: X-S =   1.2902E+12 mb/sr,
   178.00 deg.: X-S =   1.9145E+12 mb/sr,
   179.00 deg.: X-S =   5.2415E+12 mb/sr,
   180.00 deg.: X-S =   7.7668E+12 mb/sr,
                                           Integrated********** mb, over [   0.000, 180.000] at    60.0000 MeV 
 Finished all xsecs @    2.93750000    

  The following files have been created:
   3:local copy of User input.            6:standard output.                   
   7:elastic  S-matrix elements.         12:transfer kernels.                  
  13:total cross sections/state.         16:tables of cross sections.          
  35:Astrophysics S-factors  / Ecm.      38:cross sections for each J/pi.      
  39:cross sections for each Ecm.        40:all cross sectns. for each Elab.   
  45:scat phase shift as E functions.    46:bs wave functions & ANC ratios.    
  56:Fusion for each Jtotal.             75:S-factors for lab energies.        
 201:Separate cross sections.           202:Separate cross sections.           

 PARAMETERS : MAXQRN   MFNL   MLOC  LMAX1 MCLIST
    ALLOWED :      4     25     10    100      6
    REQUIRED:      1      4     10     83      4


 ACCURACY ANALYSIS at    60.000 MeV :

  Elastic h*k = 0.075 so OK       compared with 0.200

   Real(S-el) > 0.01 first at J =       3.0
   Real(S-el) > 0.10 first at J =       4.0
   Real(S-el) > 0.50 first at J =       4.0
   Real(S-el) > 0.90 first at J =       6.0
   Real(S-el) > 0.99 first at J =       8.0
   R-turn =    53.86 fm    at J =      80.0

 Forward-angle excitation cut off below   0.086 deg by max JT =      80.0
                              and below   0.154 deg by max R.


 1: Recommended RNL: non-local width >  10.30 cf: 100.00 fm: OK      
    Recommended CENTRE: centration   ~   0.25 cf:   0.00 fm

 Total CPU  0 time =       2.95 seconds
