 FRESCO - FRES 3.4: Coupled Reaction Channels
 Assuming NAMELIST input.

 7Li(p,4He)4He  E=185 MeV  Q=+17.346  [li7_p_he4_he4]                            

   0.050  30.000   0.250   0.100 100.000   0.000   0.000   0.000   0.000   0.000

 Centre-of-mass Range is    602 * 0.0500 fm., Maximum at  30.00 fm., Interpolating NL forms every  0.25 fm.
 Non - locality width is   1001 * 0.1000 fm., Maximum of 100.00 fm., Centred at  0.00 fm.
 2-Nucleon Separation of      0 * 0.2500 fm., Maximum of   0.00 fm., Minimum at  0.00 fm.
 Maximum single particle bins of 30.0000 fm.
               M,Mint =          601         601


 Range of total J is     0.0 <= J <=    80.0 (at least     0.0) and Absorbtion =>    -1.0000 mb.
 Dry Run = F, CC set limits =  0  0, Relativistic kinematics = a, Both/Far/Near Analyses =  1                     

 Cross Sections (and up to T0 for 0=projectile) for Theta from   0.0 to 180.0 in steps of  1.0 degrees, DGAM=0,  Coordinates = 0 (Mads)

 Lower Radial Cutoff = maximum of -1.60*L*h &       0.0 fm.,  Lower Cutoff for Couplings =   0.0  fm.


 Iterate Couplings between   1 and   1 times, to  0.000 % if sooner.                                          
  Block solved exactly =   0 chs., with Pade = 0 & Isocen =  =0, NOSOL = F, initwf =  0
  NL quadrature with   18 Gaussian points, Calculate multipoles up to    86 from   0
  M-transfers for lp+lt greater than or equal to  6, Angular Integration Cutoff below  2.7778 %


 Trace switches are :  CHANS =  1, LISTCC =  0, TRENEG =  0, CDETR =  0, SMATS =  2, XSTABL =  1, NLPL =  0

                       WAVES =  0, LAMPL =  0, VEFF =  0, KFUS =  0, WDISK =  0, BPM =  0, MELFIL =  0

                       CDCC =  0, NFUS =  0

 Using unit mass = 1.000000 amu and 1/fine-structure constant = 137.03599 ( 1.000000 * true ) with hc = 197.32705 MeV.fm,
  thus 2*amu/hbar^2 = 0.0478450 = 1/20.9008 and Coulomb constant = 0.1574855 so e^2 = 1.43997, and nuclear magneton= 0.1261183

 Now pre-scan input and save to file 3



 *********** PARTITION NUMBER  1 ******************************************************************************************

   PROJ=p          MASS=  1.0000 Z=   1.0,        # STATES=    1T, TARG=7Li      MASS=  7.0000 Z=   3.0,     Q-VALUE =   0.0000 MEV.

     1:  J= 0.5+ (B# 1), E=  0.0000, K= 0.5              Potl#  1       J= 1.5- (B#-1), E=  0.0000, K= 0.5    


 *********** PARTITION NUMBER  2 ******************************************************************************************

   PROJ=4He        MASS=  4.0000 Z=   2.0,        # STATES=    1T, TARG=4He      MASS=  4.0000 Z=   2.0,     Q-VALUE =  17.3460 MEV.

     1:  J= 0.0+ (B# 1), E=  0.0000, K= 0.0              Potl#  2       J= 0.0+ (B# 1), E=  0.0000, K= 0.0    
0****** WARNING : COMPARED WITH PARTITION  1, THIS PARTITION HAS TOTAL MASS & CHARGE EXCESSES   0.01862 &   0.0000


 ************************************************************************************************************************************

 The following POTENTIALS are defined :

  KP#       TYPE      IT    SHAPE      at     V1        r1        a1        V2        r2        a2        A-in     A-used


                                            A#1       A#2        r0c       ac                                                h @ 1
    1    0=Coulomb       0=CHARGE (WS)  1     1.000     7.000    1.3000    0.0000    0.0000    0.0000     0.000    24.717   0.05000

    1    1=Volume        0=Woods-Saxon  2   50.0000    1.2000    0.6000    0.0000    1.2000    0.6000     0.000    24.717

    1    2=Surface       0=Woods-Saxon  3    0.0000    0.0000    0.0000    8.0000    1.3000    0.5000     0.000    24.717

    1    3=Projtl S.O.   0=Woods-Saxon  4    5.5000    1.0000    0.5000    0.0000    0.0000    0.0000     0.000    24.717
   --------------------------------------------------------------------------------------------------------------------

                                            A#1       A#2        r0c       ac                                                h @ 2
    2    0=Coulomb       0=CHARGE (WS)  5     4.000     4.000    1.4000    0.0000    0.0000    0.0000     0.000    32.000   0.05000

    2    1=Volume        0=Woods-Saxon  6  120.0000    1.4000    0.5500   15.0000    1.4000    0.5500     0.000    32.000
   --------------------------------------------------------------------------------------------------------------------

    3    1=Volume        0=Woods-Saxon  7   50.0000    1.2500    0.6500    0.0000    0.0000    0.0000     0.000    32.000

    3    3=Projtl S.O.   0=Woods-Saxon  8    6.0000    1.2500    0.6500    0.0000    0.0000    0.0000     0.000    32.000
   --------------------------------------------------------------------------------------------------------------------

    4    1=Volume        0=Woods-Saxon  9   50.0000    1.2500    0.6500    0.0000    0.0000    0.0000     0.000    32.000

    4    3=Projtl S.O.   0=Woods-Saxon 10    6.0000    1.2500    0.6500    0.0000    0.0000    0.0000     0.000    32.000


 ************************************************************************************************************************************

 The following SINGLE-PARTICLE FORM FACTORS are constructed :


 No.   P1 P2 IN KIND T N  L  S1 IA J/S  IB BIND XFER  BE    SC PC FIL AFRAC Adjust  to  Z  Mass   K     Norm    rms      D0     D   ANC/Gsp

    1:  2  1  2  0     1  0 0.5  1 0.5   0   3   0  19.8140  1  0  0 0.0000 VR  0.5564; 1. 3.000 1.2748 1.0000  2.368 -351.8-2337.1 80.8297

    2:  1  2  1  0     2  1 0.5  1 1.5   0   4   0   2.4670  1  0  0 0.0000 VR  1.3692; 1. 3.000 0.2975 1.0000  5.165  199.6  292.8 -1.9650

 ************************************************************************************************************************************

 TWO-way COUPLING # 1 for partitions  2 <-  1 of KIND  7,   0 -1  5 -1 -1 & P1,P2 =    0.0000   0.0000 : for J <=    80.5 & R <  29.8 fm.


 data =  2  1  1  2  1.0000,  so  < [7Li      #  1] / [4He      #  1]  * Eigen-form #  2>  =   1.0000            BE =  2.467     2



 **** WARNING *** -- FORM FACTOR  2 WAS ORIGINALLY DEFINED FOR A  4He      / p        OVERLAP ****   2   1   2   1



 data =  1  1  1  1  1.0000,  so  < [4He      #  1] / [p        #  1]  * Eigen-form #  1>  =   1.0000            BE = 19.814     1



 **** WARNING *** -- FORM FACTOR  1 WAS ORIGINALLY DEFINED FOR A  7Li      / 4He      OVERLAP ****   1   2   1   2


 KNT =   2, KNP =   1: NK,NG,loc=   1   1   1  11  T  T  F

     So FINITE-RANGE TRANSFER : IP1 = 0 (POST    ), IP2=-1 =COMPLEX     ,  for   1 pairs of bound states summed into   1 pairs
      The main coupling potential is that binding the transferred particle to the 4He      core.

          Using between p        & 4He      the potential No.   5, and subtracting optical potential No.  2

   A real*8 is            8  bytes
   NLL,NLN,NLO =         120         121        1001
0File   9 needs RL =  240240    REAL*8 numbers, and NR =    88. i.e.   169.13 Megabytes
   File            9  RECL =     1921920
0RECOMMENDED NON-LOCAL WIDTH IS GREATER THAN   10.30 FM.,  RECOMMENDED CENTRATION   0.25, after    0.53 secs.
0Relative non-local usages (rms) are
    0.000   0.000   0.000   0.000   0.000   0.000   0.000   0.000   0.000   0.000   0.000   0.000   0.000   0.000   0.000
    0.000   0.000   0.000   0.000   0.000   0.000   0.000   0.000   0.000   0.000   0.000   0.000   0.000   0.000   0.000
    0.000   0.000   0.000   0.000   0.000   0.000   0.000   0.000   0.000   0.000   0.000   0.000   0.000   0.000   0.000
    0.000   0.000   0.000   0.000   0.000   0.000   0.000   0.000   0.000   0.000   0.000   0.000   0.000   0.000   0.000
    0.000   0.000   0.000   0.000   0.000   0.000   0.000   0.000   0.000   0.000   0.000   0.000   0.000   0.000   0.000
    0.000   0.000   0.000   0.000   0.000   0.000   0.000   0.000   0.000   0.000   0.000   0.000   0.000   0.000   0.000
    0.000   0.000   0.000   0.000   0.000   0.000   0.000   0.000   0.000   0.000   0.000   0.000   0.000   0.000   0.000
    0.000   0.000   0.000   0.000   0.000   0.000   0.000   0.000   0.000   0.000   0.000   0.000   0.000   0.000   0.000
    0.000   0.000   0.000   0.000   0.000   0.000   0.000   0.000   0.000   0.000   0.000   0.000   0.000   0.000   0.000
    0.000   0.000   0.000   0.000   0.000   0.000   0.000   0.000   0.000   0.000   0.000   0.000   0.000   0.000   0.000
    0.000   0.000   0.000   0.000   0.000   0.000   0.000   0.000   0.000   0.000   0.000   0.000   0.000   0.000   0.000
    0.000   0.000   0.000   0.000   0.000   0.000   0.000   0.000   0.000   0.000   0.000   0.000   0.000   0.000   0.000
    0.000   0.000   0.000   0.000   0.000   0.000   0.000   0.000   0.000   0.000   0.000   0.000   0.000   0.000   0.000
    0.000   0.000   0.000   0.000   0.000   0.000   0.000   0.000   0.000   0.000   0.000   0.000   0.000   0.000   0.000
    0.000   0.000   0.000   0.000   0.000   0.000   0.000   0.000   0.000   0.000   0.000   0.000   0.000   0.000   0.000
    0.000   0.000   0.000   0.000   0.000   0.000   0.000   0.000   0.000   0.000   0.000   0.000   0.000   0.000   0.000
    0.000   0.000   0.000   0.000   0.000   0.000   0.000   0.000   0.000   0.000   0.000   0.000   0.000   0.000   0.000
    0.000   0.000   0.000   0.000   0.000   0.000   0.000   0.000   0.000   0.000   0.000   0.000   0.000   0.000   0.000
    0.000   0.000   0.000   0.000   0.000   0.000   0.000   0.000   0.000   0.000   0.000   0.000   0.000   0.000   0.000
    0.000   0.000   0.000   0.000   0.000   0.000   0.000   0.000   0.000   0.000   0.000   0.000   0.000   0.000   0.000
    0.000   0.000   0.000   0.000   0.000   0.000   0.000   0.000   0.000   0.000   0.000   0.000   0.000   0.000   0.000
    0.000   0.000   0.000   0.000   0.000   0.000   0.000   0.000   0.000   0.000   0.000   0.000   0.000   0.000   0.000
    0.000   0.000   0.000   0.000   0.000   0.000   0.000   0.000   0.000   0.000   0.000   0.000   0.000   0.000   0.000
    0.000   0.000   0.000   0.000   0.000   0.000   0.000   0.000   0.000   0.000   0.000   0.000   0.000   0.000   0.000
    0.000   0.000   0.000   0.000   0.000   0.000   0.000   0.000   0.000   0.000   0.000   0.000   0.000   0.000   0.000
    0.000   0.000   0.000   0.000   0.000   0.000   0.000   0.000   0.000   0.000   0.000   0.000   0.000   0.000   0.000
    0.000   0.000   0.000   0.000   0.000   0.000   0.000   0.000   0.000   0.000   0.000   0.000   0.000   0.000   0.000
    0.000   0.000   0.000   0.000   0.000   0.000   0.000   0.000   0.000   0.000   0.000   0.000   0.000   0.000   0.000
    0.000   0.000   0.001   0.001   0.001   0.001   0.001   0.001   0.001   0.001   0.001   0.002   0.002   0.002   0.002
    0.003   0.003   0.004   0.006   0.008   0.010   0.017   0.022   0.033   0.046   0.057   0.091   0.116   0.165   0.223
    0.271   0.404   0.505   0.681   0.887   1.057   1.458   1.772   2.236   2.774   3.223   4.063   4.751   5.607   6.557
    7.370   8.538   9.534  10.583  11.660  12.589  13.593  14.454  15.212  15.872  16.409  16.833  17.144  17.448  17.746
   17.946  18.867  19.665  21.249  23.448  25.381  29.503  33.003  37.433  42.449  46.723  52.895  58.122  63.651  69.334
   74.144  79.626  84.227  88.392  92.126  95.091  97.328  98.871  99.751 100.000  99.649  98.729  97.276  95.325  92.920
   90.102  86.918  83.415  79.643  75.648  71.481  67.191  62.828  58.439  54.068  49.758  45.547  41.470  37.557  33.834
   30.321  27.033  23.982  21.173  18.606  16.277  14.179  12.303  10.636   9.163   7.870   6.740   5.757   4.906   4.173
    3.542   3.002   2.540   2.147   1.813   1.529   1.288   1.085   0.912   0.767   0.645   0.541   0.454   0.381   0.320
    0.268   0.224   0.188   0.157   0.131   0.110   0.092   0.077   0.064   0.054   0.045   0.037   0.031   0.026   0.022
    0.018   0.015   0.012   0.010   0.009   0.007   0.006   0.005   0.004   0.003   0.003   0.002   0.002   0.002   0.001
    0.001   0.001   0.001   0.001   0.000   0.000   0.000   0.000   0.000   0.000   0.000   0.000   0.000   0.000   0.000
    0.000   0.000   0.000   0.000   0.000   0.000   0.000   0.000   0.000   0.000   0.000   0.000   0.000   0.000   0.000
    0.000   0.000   0.000   0.000   0.000   0.000   0.000   0.000   0.000   0.000   0.000   0.000   0.000   0.000   0.000
    0.000   0.000   0.000   0.000   0.000   0.000   0.000   0.000   0.000   0.000   0.000   0.000   0.000   0.000   0.000
    0.000   0.000   0.000   0.000   0.000   0.000   0.000   0.000   0.000   0.000   0.000   0.000   0.000   0.000   0.000
    0.000   0.000   0.000   0.000   0.000   0.000   0.000   0.000   0.000   0.000   0.000   0.000   0.000   0.000   0.000
    0.000   0.000   0.000   0.000   0.000   0.000   0.000   0.000   0.000   0.000   0.000   0.000   0.000   0.000   0.000
    0.000   0.000   0.000   0.000   0.000   0.000   0.000   0.000   0.000   0.000   0.000   0.000   0.000   0.000   0.000
    0.000   0.000   0.000   0.000   0.000   0.000   0.000   0.000   0.000   0.000   0.000   0.000   0.000   0.000   0.000
    0.000   0.000   0.000   0.000   0.000   0.000   0.000   0.000   0.000   0.000   0.000   0.000   0.000   0.000   0.000
    0.000   0.000   0.000   0.000   0.000   0.000   0.000   0.000   0.000   0.000   0.000   0.000   0.000   0.000   0.000
    0.000   0.000   0.000   0.000   0.000   0.000   0.000   0.000   0.000   0.000   0.000   0.000   0.000   0.000   0.000
    0.000   0.000   0.000   0.000   0.000   0.000   0.000   0.000   0.000   0.000   0.000   0.000   0.000   0.000   0.000
    0.000   0.000   0.000   0.000   0.000   0.000   0.000   0.000   0.000   0.000   0.000   0.000   0.000   0.000   0.000
    0.000   0.000   0.000   0.000   0.000   0.000   0.000   0.000   0.000   0.000   0.000   0.000   0.000   0.000   0.000
    0.000   0.000   0.000   0.000   0.000   0.000   0.000   0.000   0.000   0.000   0.000   0.000   0.000   0.000   0.000
    0.000   0.000   0.000   0.000   0.000   0.000   0.000   0.000   0.000   0.000   0.000   0.000   0.000   0.000   0.000
    0.000   0.000   0.000   0.000   0.000   0.000   0.000   0.000   0.000   0.000   0.000   0.000   0.000   0.000   0.000
    0.000   0.000   0.000   0.000   0.000   0.000   0.000   0.000   0.000   0.000   0.000   0.000   0.000   0.000   0.000
    0.000   0.000   0.000   0.000   0.000   0.000   0.000   0.000   0.000   0.000   0.000   0.000   0.000   0.000   0.000
    0.000   0.000   0.000   0.000   0.000   0.000   0.000   0.000   0.000   0.000   0.000   0.000   0.000   0.000   0.000
    0.000   0.000   0.000   0.000   0.000   0.000   0.000   0.000   0.000   0.000   0.000   0.000   0.000   0.000   0.000
    0.000   0.000   0.000   0.000   0.000   0.000   0.000   0.000   0.000   0.000   0.000   0.000   0.000   0.000   0.000
    0.000   0.000   0.000   0.000   0.000   0.000   0.000   0.000   0.000   0.000   0.000   0.000   0.000   0.000   0.000
    0.000   0.000   0.000   0.000   0.000   0.000   0.000   0.000   0.000   0.000   0.000   0.000   0.000   0.000   0.000
    0.000   0.000   0.000   0.000   0.000   0.000   0.000   0.000   0.000   0.000   0.000   0.000   0.000   0.000   0.000
    0.000   0.000   0.000   0.000   0.000   0.000   0.000   0.000   0.000   0.000   0.000   0.000   0.000   0.000   0.000
    0.000   0.000   0.000   0.000   0.000   0.000   0.000   0.000   0.000   0.000   0.000

 Incoming partition  1 in excitation state # 1,   Laboratory Energy given for partition  1 Nucleus 1 in Excitation pair 1

0Lab. ENERGY ranges :

   from    185.000     to   0.00000     in     0 intervals
   from    0.00000     to   0.00000     in     0 intervals
   from    0.00000     to   0.00000     in     0 intervals

 Largest real,imaginary parts of any form factor at R=   29.50 are   4.88E-02  2.46E-19 MeV
 Finished all Couplings @   0.546875000              10

 Symmetric Hamiltonian
1***********************************************************************************************************************************
************************************************************************************************************************************

        INCOMING p        ;    LABORATORY p        ENERGY =   185.00     MeV.

 ***********************************************************************************************************************************
 ***********************************************************************************************************************************


 Accuracy analysis at   185.000 MeV in ch.  2:  Elastic h*k = 0.207 so NOT OK   compared with 0.200


  NOTE: Coulomb excitation cut off below   0.048 deg by JTMAX, and below   0.048 deg by Rmax

 Allocate arrays for            2  channels, of which            2  need wfs.

 ######################################################################################################################
 #                                                                                                                    #
 # Total SPIN and PARITY =     0.0 +,      2 channels,    0 in 1st block.  Rmin & Coul turning =    0.0    0.0 fm.  #
 #                                                                                                                    #
 ######################################################################################################################



    C Projectl Target   #   EX.   (L  Proj) J  + Targ = Jtotal     E-cm      Re K     Re Eta     RM*K            CH
    1 p        7Li      #    1: I   1 0.5    1.5  1.5     0.0   170.54051   2.67200   0.03384   80.1600  -0.04778  -0.49786 1 1 1   1
    2 4He      4He      #    1:     0 0.0    0.0  0.0     0.0   179.22100   4.14122   0.06655  124.2365   0.48310  -0.12940 2 1 2   1
   S-matrix    1 =   -0.71883   0.32029 for L=    1, J=    1.5 channel on core I =   1.5 from L=    1,  Acc. loss =  0.0 D.
 Elastic phase shift   1 =   77.992   6.864 deg. for the L =    1, J =    1.5 channel.
       0.0 -0.71882824  0.32029328i: elastic S-matrix  @@      0.02  0   0 F  0
 Reaction Xsec     0.0+/ 1 @ 1 =   0.209 , Out:   0.000#   0.000#   0.209f


 Total SPIN, PARITY =     0.0 -,      1 chs,      0 cc.  Rmin & Coul turning =    0.0    0.0
   S-matrix    1 =   -0.56246   0.54144 for L=    2, J=    1.5 channel on core I =   1.5 from L=    2,  Acc. loss =  0.0 D.
 Elastic phase shift   1 =   68.045   7.091 deg. for the L =    2, J =    1.5 channel.
       0.0 -0.56246253  0.54144493i: elastic S-matrix  @@      0.00  0   0 F  0
 Reaction Xsec     0.0-/ 2 @ 1 =   0.215 , Out:   0.000#   0.000#   0.215f

 Allocate arrays for            3  channels, of which            3  need wfs.

 Total SPIN, PARITY =     1.0 +,      3 chs,      0 cc.  Rmin & Coul turning =    0.1    0.5
   S-matrix    1 =   -0.64542   0.44832 for L=    1, J=    0.5 channel on core I =   1.5 from L=    1,  Acc. loss =  0.0 D.
 Elastic phase shift   1 =   72.608   6.904 deg. for the L =    1, J =    0.5 channel.
       1.0 -0.64541581  0.44832202i: elastic S-matrix  @@      0.00  0   0 F  0
 Reaction Xsec     1.0+/ 1 @ 1 =   0.631 , Out:   0.000#   0.000#   0.631f

   S-matrix    2 =   -0.71883   0.32029 for L=    1, J=    1.5 channel on core I =   1.5 from L=    1,  Acc. loss =  0.0 D.
 Elastic phase shift   2 =   77.992   6.864 deg. for the L =    1, J =    1.5 channel.
       1.0 -0.71882824  0.32029328i: elastic S-matrix  @@      0.00  0   0 F  0
 Reaction Xsec     1.0+/ 1 @ 2 =   0.628 , Out:   0.000#   0.000#   0.628f

   S-matrix    3 =   -0.44591   0.63205 for L=    3, J=    2.5 channel on core I =   1.5 from L=    3,  Acc. loss =  0.0 D.
 Elastic phase shift   3 =   62.602   7.357 deg. for the L =    3, J =    2.5 channel.
       1.0 -0.44591486  0.63205048i: elastic S-matrix  @@      0.00  0   0 F  0
 Reaction Xsec     1.0+/ 3 @ 3 =   0.663 , Out:   0.000#   0.000#   0.663f

 Allocate arrays for            4  channels, of which            4  need wfs.

 Total SPIN, PARITY =     1.0 -,      4 chs,      0 cc.  Rmin & Coul turning =    0.1    0.5
   S-matrix    1 =   -0.73017   0.29653 for L=    0, J=    0.5 channel on core I =   1.5 from L=    0,  Acc. loss =  0.0 D.
 Elastic phase shift   1 =   78.949   6.822 deg. for the L =    0, J =    0.5 channel.
       1.0 -0.73017459  0.29653390i: elastic S-matrix  @@      0.00  0   0 F  0
 Reaction Xsec     1.0-/ 0 @ 1 =   0.625 , Out:   0.000#   0.001#   0.625f

   S-matrix    2 =   -0.56246   0.54144 for L=    2, J=    1.5 channel on core I =   1.5 from L=    2,  Acc. loss =  0.0 D.
 Elastic phase shift   2 =   68.045   7.091 deg. for the L =    2, J =    1.5 channel.
       1.0 -0.56246253  0.54144493i: elastic S-matrix  @@      0.02  0   0 F  0
 Reaction Xsec     1.0-/ 2 @ 2 =   0.644 , Out:   0.000#   0.000#   0.644f

   S-matrix    3 =   -0.70737   0.33602 for L=    2, J=    2.5 channel on core I =   1.5 from L=    2,  Acc. loss =  0.0 D.
 Elastic phase shift   3 =   77.295   7.003 deg. for the L =    2, J =    2.5 channel.
       1.0 -0.70737139  0.33602344i: elastic S-matrix  @@      0.00  0   0 F  0
 Reaction Xsec     1.0-/ 2 @ 3 =   0.638 , Out:   0.000#   0.002#   0.638f

 Allocate arrays for            5  channels, of which            5  need wfs.

 Total SPIN, PARITY =     2.0 +,      5 chs,      0 cc.  Rmin & Coul turning =    0.2    0.9
   S-matrix    1 =   -0.64542   0.44832 for L=    1, J=    0.5 channel on core I =   1.5 from L=    1,  Acc. loss =  0.0 D.
 Elastic phase shift   1 =   72.608   6.904 deg. for the L =    1, J =    0.5 channel.
       2.0 -0.64541581  0.44832202i: elastic S-matrix  @@      0.02  0   0 F  0
 Reaction Xsec     2.0+/ 1 @ 1 =   1.052 , Out:   0.000#   0.003#   1.052f

   S-matrix    2 =   -0.71883   0.32029 for L=    1, J=    1.5 channel on core I =   1.5 from L=    1,  Acc. loss =  0.0 D.
 Elastic phase shift   2 =   77.992   6.864 deg. for the L =    1, J =    1.5 channel.
       2.0 -0.71882824  0.32029328i: elastic S-matrix  @@      0.02  0   0 F  0
 Reaction Xsec     2.0+/ 1 @ 2 =   1.047 , Out:   0.000#   0.002#   1.047f

   S-matrix    3 =   -0.44591   0.63205 for L=    3, J=    2.5 channel on core I =   1.5 from L=    3,  Acc. loss =  0.0 D.
 Elastic phase shift   3 =   62.602   7.357 deg. for the L =    3, J =    2.5 channel.
       2.0 -0.44591486  0.63205048i: elastic S-matrix  @@      0.00  0   0 F  0
 Reaction Xsec     2.0+/ 3 @ 3 =   1.105 , Out:   0.000#   0.001#   1.105f

   S-matrix    4 =   -0.68902   0.35820 for L=    3, J=    3.5 channel on core I =   1.5 from L=    3,  Acc. loss =  0.0 D.
 Elastic phase shift   4 =   76.266   7.244 deg. for the L =    3, J =    3.5 channel.
       2.0 -0.68902106  0.35819641i: elastic S-matrix  @@      0.02  0   0 F  0
 Reaction Xsec     2.0+/ 3 @ 4 =   1.092 , Out:   0.000#   0.002#   1.092f


 Total SPIN, PARITY =     2.0 -,      4 chs,      0 cc.  Rmin & Coul turning =    0.2    0.9
   S-matrix    1 =   -0.73017   0.29653 for L=    0, J=    0.5 channel on core I =   1.5 from L=    0,  Acc. loss =  0.0 D.
 Elastic phase shift   1 =   78.949   6.822 deg. for the L =    0, J =    0.5 channel.
       2.0 -0.73017459  0.29653390i: elastic S-matrix  @@      0.00  0   0 F  0
 Reaction Xsec     2.0-/ 0 @ 1 =   1.042 , Out:   0.000#   0.000#   1.042f

   S-matrix    2 =   -0.56246   0.54144 for L=    2, J=    1.5 channel on core I =   1.5 from L=    2,  Acc. loss =  0.0 D.
 Elastic phase shift   2 =   68.045   7.091 deg. for the L =    2, J =    1.5 channel.
       2.0 -0.56246253  0.54144493i: elastic S-matrix  @@      0.00  0   0 F  0
 Reaction Xsec     2.0-/ 2 @ 2 =   1.074 , Out:   0.000#   0.000#   1.074f

   S-matrix    3 =   -0.70737   0.33602 for L=    2, J=    2.5 channel on core I =   1.5 from L=    2,  Acc. loss =  0.0 D.
 Elastic phase shift   3 =   77.295   7.003 deg. for the L =    2, J =    2.5 channel.
       2.0 -0.70737139  0.33602344i: elastic S-matrix  @@      0.00  0   0 F  0
 Reaction Xsec     2.0-/ 2 @ 3 =   1.064 , Out:   0.000#   0.000#   1.064f

   S-matrix    4 =   -0.28705   0.70721 for L=    4, J=    3.5 channel on core I =   1.5 from L=    4,  Acc. loss =  0.0 D.
 Elastic phase shift   4 =   56.046   7.740 deg. for the L =    4, J =    3.5 channel.
       2.0 -0.28705482  0.70720798i: elastic S-matrix  @@      0.00  0   0 F  0
 Reaction Xsec     2.0-/ 4 @ 4 =   1.148 , Out:   0.000#   0.000#   1.148f


 Total SPIN, PARITY =     3.0 +,      4 chs,      0 cc.  Rmin & Coul turning =    0.2    1.3
   S-matrix    1 =   -0.71883   0.32029 for L=    1, J=    1.5 channel on core I =   1.5 from L=    1,  Acc. loss =  0.0 D.
 Elastic phase shift   1 =   77.992   6.864 deg. for the L =    1, J =    1.5 channel.
       3.0 -0.71882824  0.32029328i: elastic S-matrix  @@      0.00  0   0 F  0
 Reaction Xsec     3.0+/ 1 @ 1 =   1.466 , Out:   0.000#   0.000#   1.466f

   S-matrix    2 =   -0.44591   0.63205 for L=    3, J=    2.5 channel on core I =   1.5 from L=    3,  Acc. loss =  0.0 D.
 Elastic phase shift   2 =   62.602   7.357 deg. for the L =    3, J =    2.5 channel.
       3.0 -0.44591486  0.63205048i: elastic S-matrix  @@      0.00  0   0 F  0
 Reaction Xsec     3.0+/ 3 @ 2 =   1.547 , Out:   0.000#   0.000#   1.547f

   S-matrix    3 =   -0.68902   0.35820 for L=    3, J=    3.5 channel on core I =   1.5 from L=    3,  Acc. loss =  0.0 D.
 Elastic phase shift   3 =   76.266   7.244 deg. for the L =    3, J =    3.5 channel.
       3.0 -0.68902106  0.35819641i: elastic S-matrix  @@      0.00  0   0 F  0
 Reaction Xsec     3.0+/ 3 @ 3 =   1.528 , Out:   0.000#   0.000#   1.528f

   S-matrix    4 =   -0.07396   0.74190 for L=    5, J=    4.5 channel on core I =   1.5 from L=    5,  Acc. loss =  0.0 D.
 Elastic phase shift   4 =   47.847   8.411 deg. for the L =    5, J =    4.5 channel.
       3.0 -0.07396126  0.74190276i: elastic S-matrix  @@      0.00  0   0 F  0
 Reaction Xsec     3.0+/ 5 @ 4 =   1.710 , Out:   0.000#   0.000#   1.710f


 Total SPIN, PARITY =     3.0 -,      5 chs,      0 cc.  Rmin & Coul turning =    0.2    1.3
   S-matrix    1 =   -0.56246   0.54144 for L=    2, J=    1.5 channel on core I =   1.5 from L=    2,  Acc. loss =  0.0 D.
 Elastic phase shift   1 =   68.045   7.091 deg. for the L =    2, J =    1.5 channel.
       3.0 -0.56246253  0.54144493i: elastic S-matrix  @@      0.02  0   0 F  0
 Reaction Xsec     3.0-/ 2 @ 1 =   1.503 , Out:   0.000#   0.005#   1.503f

   S-matrix    2 =   -0.70737   0.33602 for L=    2, J=    2.5 channel on core I =   1.5 from L=    2,  Acc. loss =  0.0 D.
 Elastic phase shift   2 =   77.295   7.003 deg. for the L =    2, J =    2.5 channel.
       3.0 -0.70737139  0.33602344i: elastic S-matrix  @@      0.00  0   0 F  0
 Reaction Xsec     3.0-/ 2 @ 2 =   1.489 , Out:   0.000#   0.002#   1.489f

   S-matrix    3 =   -0.28705   0.70721 for L=    4, J=    3.5 channel on core I =   1.5 from L=    4,  Acc. loss =  0.0 D.
 Elastic phase shift   3 =   56.046   7.740 deg. for the L =    4, J =    3.5 channel.
       3.0 -0.28705482  0.70720798i: elastic S-matrix  @@      0.02  0   0 F  0
 Reaction Xsec     3.0-/ 4 @ 3 =   1.607 , Out:   0.000#   0.001#   1.607f

   S-matrix    4 =   -0.66173   0.39192 for L=    4, J=    4.5 channel on core I =   1.5 from L=    4,  Acc. loss =  0.0 D.
 Elastic phase shift   4 =   74.682   7.522 deg. for the L =    4, J =    4.5 channel.
       3.0 -0.66172908  0.39191920i: elastic S-matrix  @@      0.00  0   0 F  0
 Reaction Xsec     3.0-/ 4 @ 4 =   1.573 , Out:   0.000#   0.002#   1.573f


 Total SPIN, PARITY =     4.0 +,      5 chs,      0 cc.  Rmin & Coul turning =    0.3    1.7
   S-matrix    1 =   -0.44591   0.63205 for L=    3, J=    2.5 channel on core I =   1.5 from L=    3,  Acc. loss =  0.0 D.
 Elastic phase shift   1 =   62.602   7.357 deg. for the L =    3, J =    2.5 channel.
       4.0 -0.44591486  0.63205048i: elastic S-matrix  @@      0.02  0   0 F  0
 Reaction Xsec     4.0+/ 3 @ 1 =   1.988 , Out:   0.000#   0.005#   1.988f

   S-matrix    2 =   -0.68902   0.35820 for L=    3, J=    3.5 channel on core I =   1.5 from L=    3,  Acc. loss =  0.0 D.
 Elastic phase shift   2 =   76.266   7.244 deg. for the L =    3, J =    3.5 channel.
       4.0 -0.68902106  0.35819641i: elastic S-matrix  @@      0.00  0   0 F  0
 Reaction Xsec     4.0+/ 3 @ 2 =   1.965 , Out:   0.000#   0.002#   1.965f

   S-matrix    3 =   -0.07396   0.74190 for L=    5, J=    4.5 channel on core I =   1.5 from L=    5,  Acc. loss =  0.0 D.
 Elastic phase shift   3 =   47.847   8.411 deg. for the L =    5, J =    4.5 channel.
       4.0 -0.07396126  0.74190276i: elastic S-matrix  @@      0.02  0   0 F  0
 Reaction Xsec     4.0+/ 5 @ 3 =   2.198 , Out:   0.000#   0.002#   2.198f

   S-matrix    4 =   -0.61680   0.43352 for L=    5, J=    5.5 channel on core I =   1.5 from L=    5,  Acc. loss =  0.0 D.
 Elastic phase shift   4 =   72.449   8.093 deg. for the L =    5, J =    5.5 channel.
       4.0 -0.61679727  0.43351674i: elastic S-matrix  @@      0.00  0   0 F  0
 Reaction Xsec     4.0+/ 5 @ 4 =   2.137 , Out:   0.000#   0.006#   2.137f


 Total SPIN, PARITY =     4.0 -,      4 chs,      0 cc.  Rmin & Coul turning =    0.3    1.7
   S-matrix    1 =   -0.70737   0.33602 for L=    2, J=    2.5 channel on core I =   1.5 from L=    2,  Acc. loss =  0.0 D.
 Elastic phase shift   1 =   77.295   7.003 deg. for the L =    2, J =    2.5 channel.
       4.0 -0.70737139  0.33602344i: elastic S-matrix  @@      0.00  0   0 F  0
 Reaction Xsec     4.0-/ 2 @ 1 =   1.914 , Out:   0.000#   0.000#   1.914f

   S-matrix    2 =   -0.28705   0.70721 for L=    4, J=    3.5 channel on core I =   1.5 from L=    4,  Acc. loss =  0.0 D.
 Elastic phase shift   2 =   56.046   7.740 deg. for the L =    4, J =    3.5 channel.
       4.0 -0.28705482  0.70720798i: elastic S-matrix  @@      0.00  0   0 F  0
 Reaction Xsec     4.0-/ 4 @ 2 =   2.067 , Out:   0.000#   0.000#   2.067f

   S-matrix    3 =   -0.66173   0.39192 for L=    4, J=    4.5 channel on core I =   1.5 from L=    4,  Acc. loss =  0.0 D.
 Elastic phase shift   3 =   74.682   7.522 deg. for the L =    4, J =    4.5 channel.
       4.0 -0.66172908  0.39191920i: elastic S-matrix  @@      0.00  0   0 F  0
 Reaction Xsec     4.0-/ 4 @ 3 =   2.022 , Out:   0.000#   0.000#   2.022f

   S-matrix    4 =    0.16485   0.70739 for L=    6, J=    5.5 channel on core I =   1.5 from L=    6,  Acc. loss =  0.0 D.
 Elastic phase shift   4 =   38.441   9.160 deg. for the L =    6, J =    5.5 channel.
       4.0  0.16484537  0.70739175i: elastic S-matrix  @@      0.00  0   0 F  0
 Reaction Xsec     4.0-/ 6 @ 4 =   2.339 , Out:   0.000#   0.000#   2.339f


 Total SPIN, PARITY =     5.0 +,      4 chs,      0 cc.  Rmin & Coul turning =    0.4    2.1
   S-matrix    1 =   -0.68902   0.35820 for L=    3, J=    3.5 channel on core I =   1.5 from L=    3,  Acc. loss =  0.0 D.
 Elastic phase shift   1 =   76.266   7.244 deg. for the L =    3, J =    3.5 channel.
       5.0 -0.68902106  0.35819641i: elastic S-matrix  @@      0.00  0   0 F  0
 Reaction Xsec     5.0+/ 3 @ 1 =   2.402 , Out:   0.000#   0.000#   2.402f

   S-matrix    2 =   -0.07396   0.74190 for L=    5, J=    4.5 channel on core I =   1.5 from L=    5,  Acc. loss =  0.0 D.
 Elastic phase shift   2 =   47.847   8.411 deg. for the L =    5, J =    4.5 channel.
       5.0 -0.07396126  0.74190276i: elastic S-matrix  @@      0.00  0   0 F  0
 Reaction Xsec     5.0+/ 5 @ 2 =   2.687 , Out:   0.000#   0.000#   2.687f

   S-matrix    3 =   -0.61680   0.43352 for L=    5, J=    5.5 channel on core I =   1.5 from L=    5,  Acc. loss =  0.0 D.
 Elastic phase shift   3 =   72.449   8.093 deg. for the L =    5, J =    5.5 channel.
       5.0 -0.61679727  0.43351674i: elastic S-matrix  @@      0.00  0   0 F  0
 Reaction Xsec     5.0+/ 5 @ 3 =   2.611 , Out:   0.000#   0.000#   2.611f

   S-matrix    4 =    0.34801   0.60029 for L=    7, J=    6.5 channel on core I =   1.5 from L=    7,  Acc. loss =  0.0 D.
 Elastic phase shift   4 =   29.949  10.470 deg. for the L =    7, J =    6.5 channel.
       5.0  0.34800968  0.60029357i: elastic S-matrix  @@      0.00  0   0 F  0
 Reaction Xsec     5.0+/ 7 @ 4 =   3.137 , Out:   0.000#   0.000#   3.137f


 Total SPIN, PARITY =     5.0 -,      5 chs,      0 cc.  Rmin & Coul turning =    0.4    2.1
   S-matrix    1 =   -0.28705   0.70721 for L=    4, J=    3.5 channel on core I =   1.5 from L=    4,  Acc. loss =  0.0 D.
 Elastic phase shift   1 =   56.046   7.740 deg. for the L =    4, J =    3.5 channel.
       5.0 -0.28705482  0.70720798i: elastic S-matrix  @@      0.02  0   0 F  0
 Reaction Xsec     5.0-/ 4 @ 1 =   2.526 , Out:   0.000#   0.010#   2.526f

   S-matrix    2 =   -0.66173   0.39192 for L=    4, J=    4.5 channel on core I =   1.5 from L=    4,  Acc. loss =  0.0 D.
 Elastic phase shift   2 =   74.682   7.522 deg. for the L =    4, J =    4.5 channel.
       5.0 -0.66172908  0.39191920i: elastic S-matrix  @@      0.02  0   0 F  0
 Reaction Xsec     5.0-/ 4 @ 2 =   2.472 , Out:   0.000#   0.003#   2.472f

   S-matrix    3 =    0.16485   0.70739 for L=    6, J=    5.5 channel on core I =   1.5 from L=    6,  Acc. loss =  0.0 D.
 Elastic phase shift   3 =   38.441   9.160 deg. for the L =    6, J =    5.5 channel.
       5.0  0.16484537  0.70739175i: elastic S-matrix  @@      0.00  0   0 F  0
 Reaction Xsec     5.0-/ 6 @ 3 =   2.858 , Out:   0.000#   0.000#   2.858f

   S-matrix    4 =   -0.54965   0.49323 for L=    6, J=    6.5 channel on core I =   1.5 from L=    6,  Acc. loss =  0.0 D.
 Elastic phase shift   4 =   69.048   8.684 deg. for the L =    6, J =    6.5 channel.
       5.0 -0.54964874  0.49322990i: elastic S-matrix  @@      0.00  0   0 F  0
 Reaction Xsec     5.0-/ 6 @ 4 =   2.751 , Out:   0.000#   0.002#   2.751f


 Total SPIN, PARITY =     6.0 +,      5 chs,      0 cc.  Rmin & Coul turning =    0.5    2.4
   S-matrix    1 =   -0.07396   0.74190 for L=    5, J=    4.5 channel on core I =   1.5 from L=    5,  Acc. loss =  0.0 D.
 Elastic phase shift   1 =   47.847   8.411 deg. for the L =    5, J =    4.5 channel.
       6.0 -0.07396126  0.74190276i: elastic S-matrix  @@      0.02  0   0 F  0
 Reaction Xsec     6.0+/ 5 @ 1 =   3.176 , Out:   0.000#   0.001#   3.176f

   S-matrix    2 =   -0.61680   0.43352 for L=    5, J=    5.5 channel on core I =   1.5 from L=    5,  Acc. loss =  0.0 D.
 Elastic phase shift   2 =   72.449   8.093 deg. for the L =    5, J =    5.5 channel.
       6.0 -0.61679727  0.43351674i: elastic S-matrix  @@      0.02  0   0 F  0
 Reaction Xsec     6.0+/ 5 @ 2 =   3.086 , Out:   0.000#   0.000#   3.086f

   S-matrix    3 =    0.34801   0.60029 for L=    7, J=    6.5 channel on core I =   1.5 from L=    7,  Acc. loss =  0.0 D.
 Elastic phase shift   3 =   29.949  10.470 deg. for the L =    7, J =    6.5 channel.
       6.0  0.34800968  0.60029357i: elastic S-matrix  @@      0.00  0   0 F  0
 Reaction Xsec     6.0+/ 7 @ 3 =   3.708 , Out:   0.000#   0.005#   3.708f

   S-matrix    4 =   -0.43049   0.57529 for L=    7, J=    7.5 channel on core I =   1.5 from L=    7,  Acc. loss =  0.0 D.
 Elastic phase shift   4 =   63.404   9.470 deg. for the L =    7, J =    7.5 channel.
       6.0 -0.43048519  0.57529038i: elastic S-matrix  @@      0.00  0   0 F  0
 Reaction Xsec     6.0+/ 7 @ 4 =   3.459 , Out:   0.000#   0.008#   3.459f


 Total SPIN, PARITY =     6.0 -,      4 chs,      0 cc.  Rmin & Coul turning =    0.5    2.4
   S-matrix    1 =   -0.66173   0.39192 for L=    4, J=    4.5 channel on core I =   1.5 from L=    4,  Acc. loss =  0.0 D.
 Elastic phase shift   1 =   74.682   7.522 deg. for the L =    4, J =    4.5 channel.
       6.0 -0.66172908  0.39191920i: elastic S-matrix  @@      0.00  0   0 F  0
 Reaction Xsec     6.0-/ 4 @ 1 =   2.921 , Out:   0.000#   0.000#   2.921f

   S-matrix    2 =    0.16485   0.70739 for L=    6, J=    5.5 channel on core I =   1.5 from L=    6,  Acc. loss =  0.0 D.
 Elastic phase shift   2 =   38.441   9.160 deg. for the L =    6, J =    5.5 channel.
       6.0  0.16484537  0.70739175i: elastic S-matrix  @@      0.00  0   0 F  0
 Reaction Xsec     6.0-/ 6 @ 2 =   3.378 , Out:   0.000#   0.000#   3.378f

   S-matrix    3 =   -0.54965   0.49323 for L=    6, J=    6.5 channel on core I =   1.5 from L=    6,  Acc. loss =  0.0 D.
 Elastic phase shift   3 =   69.048   8.684 deg. for the L =    6, J =    6.5 channel.
       6.0 -0.54964874  0.49322990i: elastic S-matrix  @@      0.00  0   0 F  0
 Reaction Xsec     6.0-/ 6 @ 3 =   3.251 , Out:   0.000#   0.000#   3.251f

   S-matrix    4 =    0.45956   0.47409 for L=    8, J=    7.5 channel on core I =   1.5 from L=    8,  Acc. loss =  0.0 D.
 Elastic phase shift   4 =   22.946  11.892 deg. for the L =    8, J =    7.5 channel.
       6.0  0.45956438  0.47408553i: elastic S-matrix  @@      0.00  0   0 F  0
 Reaction Xsec     6.0-/ 8 @ 4 =   4.033 , Out:   0.000#   0.000#   4.033f


 Total SPIN, PARITY =     7.0 +,      4 chs,      0 cc.  Rmin & Coul turning =    0.6    2.8
   S-matrix    1 =   -0.61680   0.43352 for L=    5, J=    5.5 channel on core I =   1.5 from L=    5,  Acc. loss =  0.0 D.
 Elastic phase shift   1 =   72.449   8.093 deg. for the L =    5, J =    5.5 channel.
       7.0 -0.61679727  0.43351674i: elastic S-matrix  @@      0.00  0   0 F  0
 Reaction Xsec     7.0+/ 5 @ 1 =   3.561 , Out:   0.000#   0.000#   3.561f

   S-matrix    2 =    0.34801   0.60029 for L=    7, J=    6.5 channel on core I =   1.5 from L=    7,  Acc. loss =  0.0 D.
 Elastic phase shift   2 =   29.949  10.470 deg. for the L =    7, J =    6.5 channel.
       7.0  0.34800968  0.60029357i: elastic S-matrix  @@      0.00  0   0 F  0
 Reaction Xsec     7.0+/ 7 @ 2 =   4.278 , Out:   0.000#   0.000#   4.278f

   S-matrix    3 =   -0.43049   0.57529 for L=    7, J=    7.5 channel on core I =   1.5 from L=    7,  Acc. loss =  0.0 D.
 Elastic phase shift   3 =   63.404   9.470 deg. for the L =    7, J =    7.5 channel.
       7.0 -0.43048519  0.57529038i: elastic S-matrix  @@      0.00  0   0 F  0
 Reaction Xsec     7.0+/ 7 @ 3 =   3.991 , Out:   0.000#   0.000#   3.991f

   S-matrix    4 =    0.55298   0.36481 for L=    9, J=    8.5 channel on core I =   1.5 from L=    9,  Acc. loss =  0.0 D.
 Elastic phase shift   4 =   16.707  11.796 deg. for the L =    9, J =    8.5 channel.
       7.0  0.55297686  0.36481272i: elastic S-matrix  @@      0.00  0   0 F  0
 Reaction Xsec     7.0+/ 9 @ 4 =   4.630 , Out:   0.000#   0.000#   4.630f


 Total SPIN, PARITY =     7.0 -,      5 chs,      0 cc.  Rmin & Coul turning =    0.6    2.8
   S-matrix    1 =    0.16485   0.70739 for L=    6, J=    5.5 channel on core I =   1.5 from L=    6,  Acc. loss =  0.0 D.
 Elastic phase shift   1 =   38.441   9.160 deg. for the L =    6, J =    5.5 channel.
       7.0  0.16484537  0.70739175i: elastic S-matrix  @@      0.02  0   0 F  0
 Reaction Xsec     7.0-/ 6 @ 1 =   3.898 , Out:   0.000#   0.060#   3.898f

   S-matrix    2 =   -0.54965   0.49323 for L=    6, J=    6.5 channel on core I =   1.5 from L=    6,  Acc. loss =  0.0 D.
 Elastic phase shift   2 =   69.048   8.684 deg. for the L =    6, J =    6.5 channel.
       7.0 -0.54964874  0.49322990i: elastic S-matrix  @@      0.02  0   0 F  0
 Reaction Xsec     7.0-/ 6 @ 2 =   3.751 , Out:   0.000#   0.021#   3.751f

   S-matrix    3 =    0.45956   0.47409 for L=    8, J=    7.5 channel on core I =   1.5 from L=    8,  Acc. loss =  0.0 D.
 Elastic phase shift   3 =   22.946  11.892 deg. for the L =    8, J =    7.5 channel.
       7.0  0.45956438  0.47408553i: elastic S-matrix  @@      0.00  0   0 F  0
 Reaction Xsec     7.0-/ 8 @ 3 =   4.654 , Out:   0.000#   0.006#   4.654f

   S-matrix    4 =   -0.21024   0.64001 for L=    8, J=    8.5 channel on core I =   1.5 from L=    8,  Acc. loss =  0.0 D.
 Elastic phase shift   4 =   54.092  11.317 deg. for the L =    8, J =    8.5 channel.
       7.0 -0.21023624  0.64001233i: elastic S-matrix  @@      0.00  0   0 F  0
 Reaction Xsec     7.0-/ 8 @ 4 =   4.506 , Out:   0.000#   0.075#   4.506f


 Total SPIN, PARITY =     8.0 +,      5 chs,      0 cc.  Rmin & Coul turning =    0.6    3.2
   S-matrix    1 =    0.34801   0.60029 for L=    7, J=    6.5 channel on core I =   1.5 from L=    7,  Acc. loss =  0.0 D.
 Elastic phase shift   1 =   29.949  10.470 deg. for the L =    7, J =    6.5 channel.
       8.0  0.34800968  0.60029357i: elastic S-matrix  @@      0.02  0   0 F  0
 Reaction Xsec     8.0+/ 7 @ 1 =   4.849 , Out:   0.000#   0.024#   4.849f

   S-matrix    2 =   -0.43049   0.57529 for L=    7, J=    7.5 channel on core I =   1.5 from L=    7,  Acc. loss =  0.0 D.
 Elastic phase shift   2 =   63.404   9.470 deg. for the L =    7, J =    7.5 channel.
       8.0 -0.43048519  0.57529038i: elastic S-matrix  @@      0.02  0   0 F  0
 Reaction Xsec     8.0+/ 7 @ 2 =   4.523 , Out:   0.000#   0.006#   4.523f

   S-matrix    3 =    0.55298   0.36481 for L=    9, J=    8.5 channel on core I =   1.5 from L=    9,  Acc. loss =  0.0 D.
 Elastic phase shift   3 =   16.707  11.796 deg. for the L =    9, J =    8.5 channel.
       8.0  0.55297686  0.36481272i: elastic S-matrix  @@      0.00  0   0 F  0
 Reaction Xsec     8.0+/ 9 @ 3 =   5.247 , Out:   0.000#   0.082#   5.247f

   S-matrix    4 =    0.09904   0.62480 for L=    9, J=    9.5 channel on core I =   1.5 from L=    9,  Acc. loss =  0.0 D.
 Elastic phase shift   4 =   40.496  13.118 deg. for the L =    9, J =    9.5 channel.
       8.0  0.09903960  0.62479803i: elastic S-matrix  @@      0.02  0   0 F  0
 Reaction Xsec     8.0+/ 9 @ 4 =   5.609 , Out:   0.000#   0.748#   5.609f


 Total SPIN, PARITY =     8.0 -,      4 chs,      0 cc.  Rmin & Coul turning =    0.6    3.2
   S-matrix    1 =   -0.54965   0.49323 for L=    6, J=    6.5 channel on core I =   1.5 from L=    6,  Acc. loss =  0.0 D.
 Elastic phase shift   1 =   69.048   8.684 deg. for the L =    6, J =    6.5 channel.
       8.0 -0.54964874  0.49322990i: elastic S-matrix  @@      0.00  0   0 F  0
 Reaction Xsec     8.0-/ 6 @ 1 =   4.251 , Out:   0.000#   0.000#   4.251f

   S-matrix    2 =    0.45956   0.47409 for L=    8, J=    7.5 channel on core I =   1.5 from L=    8,  Acc. loss =  0.0 D.
 Elastic phase shift   2 =   22.946  11.892 deg. for the L =    8, J =    7.5 channel.
       8.0  0.45956438  0.47408553i: elastic S-matrix  @@      0.00  0   0 F  0
 Reaction Xsec     8.0-/ 8 @ 2 =   5.274 , Out:   0.000#   0.000#   5.274f

   S-matrix    3 =   -0.21024   0.64001 for L=    8, J=    8.5 channel on core I =   1.5 from L=    8,  Acc. loss =  0.0 D.
 Elastic phase shift   3 =   54.092  11.317 deg. for the L =    8, J =    8.5 channel.
       8.0 -0.21023624  0.64001233i: elastic S-matrix  @@      0.00  0   0 F  0
 Reaction Xsec     8.0-/ 8 @ 3 =   5.107 , Out:   0.000#   0.000#   5.107f

   S-matrix    4 =    0.65779   0.27632 for L=   10, J=    9.5 channel on core I =   1.5 from L=   10,  Acc. loss =  0.0 D.
 Elastic phase shift   4 =   11.393   9.672 deg. for the L =   10, J =    9.5 channel.
       8.0  0.65779299  0.27632413i: elastic S-matrix  @@      0.00  0   0 F  0
 Reaction Xsec     8.0-/10 @ 4 =   4.591 , Out:   0.000#   0.000#   4.591f


 Total SPIN, PARITY =     9.0 +,      4 chs,      0 cc.  Rmin & Coul turning =    0.7    3.6
   S-matrix    1 =   -0.43049   0.57529 for L=    7, J=    7.5 channel on core I =   1.5 from L=    7,  Acc. loss =  0.0 D.
 Elastic phase shift   1 =   63.404   9.470 deg. for the L =    7, J =    7.5 channel.
       9.0 -0.43048519  0.57529038i: elastic S-matrix  @@      0.00  0   0 F  0
 Reaction Xsec     9.0+/ 7 @ 1 =   5.055 , Out:   0.000#   0.000#   5.055f

   S-matrix    2 =    0.55298   0.36481 for L=    9, J=    8.5 channel on core I =   1.5 from L=    9,  Acc. loss =  0.0 D.
 Elastic phase shift   2 =   16.707  11.796 deg. for the L =    9, J =    8.5 channel.
       9.0  0.55297686  0.36481272i: elastic S-matrix  @@      0.00  0   0 F  0
 Reaction Xsec     9.0+/ 9 @ 2 =   5.864 , Out:   0.000#   0.000#   5.864f

   S-matrix    3 =    0.09904   0.62480 for L=    9, J=    9.5 channel on core I =   1.5 from L=    9,  Acc. loss =  0.0 D.
 Elastic phase shift   3 =   40.496  13.118 deg. for the L =    9, J =    9.5 channel.
       9.0  0.09903960  0.62479803i: elastic S-matrix  @@      0.00  0   0 F  0
 Reaction Xsec     9.0+/ 9 @ 3 =   6.268 , Out:   0.000#   0.000#   6.268f

   S-matrix    4 =    0.76527   0.20292 for L=   11, J=   10.5 channel on core I =   1.5 from L=   11,  Acc. loss =  0.0 D.
 Elastic phase shift   4 =    7.426   6.691 deg. for the L =   11, J =   10.5 channel.
       9.0  0.76527051  0.20292234i: elastic S-matrix  @@      0.00  0   0 F  0
 Reaction Xsec     9.0+/11 @ 4 =   3.900 , Out:   0.000#   0.000#   3.900f


 Total SPIN, PARITY =     9.0 -,      5 chs,      0 cc.  Rmin & Coul turning =    0.7    3.6
   S-matrix    1 =    0.45956   0.47409 for L=    8, J=    7.5 channel on core I =   1.5 from L=    8,  Acc. loss =  0.0 D.
 Elastic phase shift   1 =   22.946  11.892 deg. for the L =    8, J =    7.5 channel.
       9.0  0.45956438  0.47408553i: elastic S-matrix  @@      0.02  0   0 F  0
 Reaction Xsec     9.0-/ 8 @ 1 =   5.895 , Out:   0.000#   0.037#   5.895f

   S-matrix    2 =   -0.21024   0.64001 for L=    8, J=    8.5 channel on core I =   1.5 from L=    8,  Acc. loss =  0.0 D.
 Elastic phase shift   2 =   54.092  11.317 deg. for the L =    8, J =    8.5 channel.
       9.0 -0.21023624  0.64001233i: elastic S-matrix  @@      0.00  0   0 F  0
 Reaction Xsec     9.0-/ 8 @ 2 =   5.708 , Out:   0.000#   0.008#   5.708f

   S-matrix    3 =    0.65779   0.27632 for L=   10, J=    9.5 channel on core I =   1.5 from L=   10,  Acc. loss =  0.0 D.
 Elastic phase shift   3 =   11.393   9.672 deg. for the L =   10, J =    9.5 channel.
       9.0  0.65779299  0.27632413i: elastic S-matrix  @@      0.02  0   0 F  0
 Reaction Xsec     9.0-/10 @ 3 =   5.131 , Out:   0.000#   0.383#   5.131f

   S-matrix    4 =    0.41165   0.52134 for L=   10, J=   10.5 channel on core I =   1.5 from L=   10,  Acc. loss =  0.0 D.
 Elastic phase shift   4 =   25.853  11.719 deg. for the L =   10, J =   10.5 channel.
       9.0  0.41165157  0.52133896i: elastic S-matrix  @@      0.00  0   0 F  0
 Reaction Xsec     9.0-/10 @ 4 =   5.839 , Out:   0.000#   2.318#   5.839f


 Total SPIN, PARITY =    10.0 +,      5 chs,      0 cc.  Rmin & Coul turning =    0.8    3.9
   S-matrix    1 =    0.55298   0.36481 for L=    9, J=    8.5 channel on core I =   1.5 from L=    9,  Acc. loss =  0.0 D.
 Elastic phase shift   1 =   16.707  11.796 deg. for the L =    9, J =    8.5 channel.
      10.0  0.55297686  0.36481272i: elastic S-matrix  @@      0.02  0   0 F  0
 Reaction Xsec    10.0+/ 9 @ 1 =   6.481 , Out:   0.000#   0.269#   6.481f

   S-matrix    2 =    0.09904   0.62480 for L=    9, J=    9.5 channel on core I =   1.5 from L=    9,  Acc. loss =  0.0 D.
 Elastic phase shift   2 =   40.496  13.118 deg. for the L =    9, J =    9.5 channel.
      10.0  0.09903960  0.62479803i: elastic S-matrix  @@      0.00  0   0 F  0
 Reaction Xsec    10.0+/ 9 @ 2 =   6.928 , Out:   0.000#   0.227#   6.928f

   S-matrix    3 =    0.76527   0.20292 for L=   11, J=   10.5 channel on core I =   1.5 from L=   11,  Acc. loss =  0.0 D.
 Elastic phase shift   3 =    7.426   6.691 deg. for the L =   11, J =   10.5 channel.
      10.0  0.76527051  0.20292234i: elastic S-matrix  @@      0.02  0   0 F  0
 Reaction Xsec    10.0+/11 @ 3 =   4.311 , Out:   0.000#   0.711#   4.311f

   S-matrix    4 =    0.65594   0.37906 for L=   11, J=   11.5 channel on core I =   1.5 from L=   11,  Acc. loss =  0.0 D.
 Elastic phase shift   4 =   15.012   7.953 deg. for the L =   11, J =   11.5 channel.
      10.0  0.65593585  0.37905637i: elastic S-matrix  @@      0.00  0   0 F  0
 Reaction Xsec    10.0+/11 @ 4 =   4.921 , Out:   0.000#   3.402#   4.921f


 Total SPIN, PARITY =    10.0 -,      4 chs,      0 cc.  Rmin & Coul turning =    0.8    3.9
   S-matrix    1 =   -0.21024   0.64001 for L=    8, J=    8.5 channel on core I =   1.5 from L=    8,  Acc. loss =  0.0 D.
 Elastic phase shift   1 =   54.092  11.317 deg. for the L =    8, J =    8.5 channel.
      10.0 -0.21023624  0.64001233i: elastic S-matrix  @@      0.00  0   0 F  0
 Reaction Xsec    10.0-/ 8 @ 1 =   6.309 , Out:   0.000#   0.000#   6.309f

   S-matrix    2 =    0.65779   0.27632 for L=   10, J=    9.5 channel on core I =   1.5 from L=   10,  Acc. loss =  0.0 D.
 Elastic phase shift   2 =   11.393   9.672 deg. for the L =   10, J =    9.5 channel.
      10.0  0.65779299  0.27632413i: elastic S-matrix  @@      0.00  0   0 F  0
 Reaction Xsec    10.0-/10 @ 2 =   5.671 , Out:   0.000#   0.000#   5.671f

   S-matrix    3 =    0.41165   0.52134 for L=   10, J=   10.5 channel on core I =   1.5 from L=   10,  Acc. loss =  0.0 D.
 Elastic phase shift   3 =   25.853  11.719 deg. for the L =   10, J =   10.5 channel.
      10.0  0.41165157  0.52133896i: elastic S-matrix  @@      0.00  0   0 F  0
 Reaction Xsec    10.0-/10 @ 3 =   6.454 , Out:   0.000#   0.000#   6.454f

   S-matrix    4 =    0.85550   0.14132 for L=   12, J=   11.5 channel on core I =   1.5 from L=   12,  Acc. loss =  0.0 D.
 Elastic phase shift   4 =    4.690   4.085 deg. for the L =   12, J =   11.5 channel.
      10.0  0.85549929  0.14132282i: elastic S-matrix  @@      0.00  0   0 F  0
 Reaction Xsec    10.0-/12 @ 4 =   2.866 , Out:   0.000#   0.000#   2.866f


 Total SPIN, PARITY =    11.0 +,      4 chs,      0 cc.  Rmin & Coul turning =    0.9    4.3
   S-matrix    1 =    0.09904   0.62480 for L=    9, J=    9.5 channel on core I =   1.5 from L=    9,  Acc. loss =  0.0 D.
 Elastic phase shift   1 =   40.496  13.118 deg. for the L =    9, J =    9.5 channel.
      11.0  0.09903960  0.62479803i: elastic S-matrix  @@      0.00  0   0 F  0
 Reaction Xsec    11.0+/ 9 @ 1 =   7.588 , Out:   0.000#   0.000#   7.588f

   S-matrix    2 =    0.76527   0.20292 for L=   11, J=   10.5 channel on core I =   1.5 from L=   11,  Acc. loss =  0.0 D.
 Elastic phase shift   2 =    7.426   6.691 deg. for the L =   11, J =   10.5 channel.
      11.0  0.76527051  0.20292234i: elastic S-matrix  @@      0.00  0   0 F  0
 Reaction Xsec    11.0+/11 @ 2 =   4.721 , Out:   0.000#   0.000#   4.721f

   S-matrix    3 =    0.65594   0.37906 for L=   11, J=   11.5 channel on core I =   1.5 from L=   11,  Acc. loss =  0.0 D.
 Elastic phase shift   3 =   15.012   7.953 deg. for the L =   11, J =   11.5 channel.
      11.0  0.65593585  0.37905637i: elastic S-matrix  @@      0.00  0   0 F  0
 Reaction Xsec    11.0+/11 @ 3 =   5.390 , Out:   0.000#   0.000#   5.390f

   S-matrix    4 =    0.91844   0.09255 for L=   13, J=   12.5 channel on core I =   1.5 from L=   13,  Acc. loss =  0.0 D.
 Elastic phase shift   4 =    2.877   2.292 deg. for the L =   13, J =   12.5 channel.
      11.0  0.91844400  0.09255156i: elastic S-matrix  @@      0.00  0   0 F  0
 Reaction Xsec    11.0+/13 @ 4 =   1.871 , Out:   0.000#   0.000#   1.871f


 Total SPIN, PARITY =    11.0 -,      5 chs,      0 cc.  Rmin & Coul turning =    0.9    4.3
   S-matrix    1 =    0.65779   0.27632 for L=   10, J=    9.5 channel on core I =   1.5 from L=   10,  Acc. loss =  0.0 D.
 Elastic phase shift   1 =   11.393   9.672 deg. for the L =   10, J =    9.5 channel.
      11.0  0.65779299  0.27632413i: elastic S-matrix  @@      0.02  0   0 F  0
 Reaction Xsec    11.0-/10 @ 1 =   6.211 , Out:   0.000#   2.653#   6.211f

   S-matrix    2 =    0.41165   0.52134 for L=   10, J=   10.5 channel on core I =   1.5 from L=   10,  Acc. loss =  0.0 D.
 Elastic phase shift   2 =   25.853  11.719 deg. for the L =   10, J =   10.5 channel.
      11.0  0.41165157  0.52133896i: elastic S-matrix  @@      0.00  0   0 F  0
 Reaction Xsec    11.0-/10 @ 2 =   7.069 , Out:   0.000#   1.650#   7.069f

   S-matrix    3 =    0.85550   0.14132 for L=   12, J=   11.5 channel on core I =   1.5 from L=   12,  Acc. loss =  0.0 D.
 Elastic phase shift   3 =    4.690   4.085 deg. for the L =   12, J =   11.5 channel.
      11.0  0.85549929  0.14132282i: elastic S-matrix  @@      0.02  0   0 F  0
 Reaction Xsec    11.0-/12 @ 3 =   3.139 , Out:   0.000#   0.607#   3.139f

   S-matrix    4 =    0.81446   0.24785 for L=   12, J=   12.5 channel on core I =   1.5 from L=   12,  Acc. loss =  0.0 D.
 Elastic phase shift   4 =    8.463   4.611 deg. for the L =   12, J =   12.5 channel.
      11.0  0.81446276  0.24785090i: elastic S-matrix  @@      0.00  0   0 F  0
 Reaction Xsec    11.0-/12 @ 4 =   3.482 , Out:   0.000#   2.538#   3.482f


 Total SPIN, PARITY =    12.0 +,      5 chs,      0 cc.  Rmin & Coul turning =    1.0    4.7
   S-matrix    1 =    0.76527   0.20292 for L=   11, J=   10.5 channel on core I =   1.5 from L=   11,  Acc. loss =  0.0 D.
 Elastic phase shift   1 =    7.426   6.691 deg. for the L =   11, J =   10.5 channel.
      12.0  0.76527051  0.20292234i: elastic S-matrix  @@      0.02  0   0 F  0
 Reaction Xsec    12.0+/11 @ 1 =   5.132 , Out:   0.000#   8.159#   5.132f

   S-matrix    2 =    0.65594   0.37906 for L=   11, J=   11.5 channel on core I =   1.5 from L=   11,  Acc. loss =  0.0 D.
 Elastic phase shift   2 =   15.012   7.953 deg. for the L =   11, J =   11.5 channel.
      12.0  0.65593585  0.37905637i: elastic S-matrix  @@      0.00  0   0 F  0
 Reaction Xsec    12.0+/11 @ 2 =   5.859 , Out:   0.000#   4.339#   5.859f

   S-matrix    3 =    0.91844   0.09255 for L=   13, J=   12.5 channel on core I =   1.5 from L=   13,  Acc. loss =  0.0 D.
 Elastic phase shift   3 =    2.877   2.292 deg. for the L =   13, J =   12.5 channel.
      12.0  0.91844400  0.09255156i: elastic S-matrix  @@      0.02  0   0 F  0
 Reaction Xsec    12.0+/13 @ 3 =   2.034 , Out:   0.000#   0.117#   2.034f

   S-matrix    4 =    0.90488   0.15052 for L=   13, J=   13.5 channel on core I =   1.5 from L=   13,  Acc. loss =  0.0 D.
 Elastic phase shift   4 =    4.722   2.472 deg. for the L =   13, J =   13.5 channel.
      12.0  0.90488479  0.15052340i: elastic S-matrix  @@      0.00  0   0 F  0
 Reaction Xsec    12.0+/13 @ 4 =   2.180 , Out:   0.000#   0.447#   2.180f


 Total SPIN, PARITY =    12.0 -,      4 chs,      0 cc.  Rmin & Coul turning =    1.0    4.7
   S-matrix    1 =    0.41165   0.52134 for L=   10, J=   10.5 channel on core I =   1.5 from L=   10,  Acc. loss =  0.0 D.
 Elastic phase shift   1 =   25.853  11.719 deg. for the L =   10, J =   10.5 channel.
      12.0  0.41165157  0.52133896i: elastic S-matrix  @@      0.00  0   0 F  0
 Reaction Xsec    12.0-/10 @ 1 =   7.683 , Out:   0.000#   0.000#   7.683f

   S-matrix    2 =    0.85550   0.14132 for L=   12, J=   11.5 channel on core I =   1.5 from L=   12,  Acc. loss =  0.0 D.
 Elastic phase shift   2 =    4.690   4.085 deg. for the L =   12, J =   11.5 channel.
      12.0  0.85549929  0.14132282i: elastic S-matrix  @@      0.00  0   0 F  0
 Reaction Xsec    12.0-/12 @ 2 =   3.412 , Out:   0.000#   0.000#   3.412f

   S-matrix    3 =    0.81446   0.24785 for L=   12, J=   12.5 channel on core I =   1.5 from L=   12,  Acc. loss =  0.0 D.
 Elastic phase shift   3 =    8.463   4.611 deg. for the L =   12, J =   12.5 channel.
      12.0  0.81446276  0.24785090i: elastic S-matrix  @@      0.00  0   0 F  0
 Reaction Xsec    12.0-/12 @ 3 =   3.784 , Out:   0.000#   0.000#   3.784f

   S-matrix    4 =    0.95663   0.05747 for L=   14, J=   13.5 channel on core I =   1.5 from L=   14,  Acc. loss =  0.0 D.
 Elastic phase shift   4 =    1.719   1.219 deg. for the L =   14, J =   13.5 channel.
      12.0  0.95663175  0.05747206i: elastic S-matrix  @@      0.00  0   0 F  0
 Reaction Xsec    12.0-/14 @ 4 =   1.121 , Out:   0.000#   0.000#   1.121f


 Total SPIN, PARITY =    13.0 +,      4 chs,      0 cc.  Rmin & Coul turning =    1.0    5.1
   S-matrix    1 =    0.65594   0.37906 for L=   11, J=   11.5 channel on core I =   1.5 from L=   11,  Acc. loss =  0.0 D.
 Elastic phase shift   1 =   15.012   7.953 deg. for the L =   11, J =   11.5 channel.
      13.0  0.65593585  0.37905637i: elastic S-matrix  @@      0.00  0   0 F  0
 Reaction Xsec    13.0+/11 @ 1 =   6.327 , Out:   0.000#   0.000#   6.327f

   S-matrix    2 =    0.91844   0.09255 for L=   13, J=   12.5 channel on core I =   1.5 from L=   13,  Acc. loss =  0.0 D.
 Elastic phase shift   2 =    2.877   2.292 deg. for the L =   13, J =   12.5 channel.
      13.0  0.91844400  0.09255156i: elastic S-matrix  @@      0.00  0   0 F  0
 Reaction Xsec    13.0+/13 @ 2 =   2.196 , Out:   0.000#   0.000#   2.196f

   S-matrix    3 =    0.90488   0.15052 for L=   13, J=   13.5 channel on core I =   1.5 from L=   13,  Acc. loss =  0.0 D.
 Elastic phase shift   3 =    4.722   2.472 deg. for the L =   13, J =   13.5 channel.
      13.0  0.90488479  0.15052340i: elastic S-matrix  @@      0.00  0   0 F  0
 Reaction Xsec    13.0+/13 @ 3 =   2.354 , Out:   0.000#   0.000#   2.354f

   S-matrix    4 =    0.97776   0.03435 for L=   15, J=   14.5 channel on core I =   1.5 from L=   15,  Acc. loss =  0.0 D.
 Elastic phase shift   4 =    1.006   0.627 deg. for the L =   15, J =   14.5 channel.
      13.0  0.97776099  0.03435146i: elastic S-matrix  @@      0.00  0   0 F  0
 Reaction Xsec    13.0+/15 @ 4 =   0.636 , Out:   0.000#   0.000#   0.636f


 Total SPIN, PARITY =    13.0 -,      5 chs,      0 cc.  Rmin & Coul turning =    1.0    5.1
   S-matrix    1 =    0.85550   0.14132 for L=   12, J=   11.5 channel on core I =   1.5 from L=   12,  Acc. loss =  0.0 D.
 Elastic phase shift   1 =    4.690   4.085 deg. for the L =   12, J =   11.5 channel.
      13.0  0.85549929  0.14132282i: elastic S-matrix  @@      0.02  0   0 F  0
 Reaction Xsec    13.0-/12 @ 1 =   3.685 , Out:   0.000#   5.154#   3.685f

   S-matrix    2 =    0.81446   0.24785 for L=   12, J=   12.5 channel on core I =   1.5 from L=   12,  Acc. loss =  0.0 D.
 Elastic phase shift   2 =    8.463   4.611 deg. for the L =   12, J =   12.5 channel.
      13.0  0.81446276  0.24785090i: elastic S-matrix  @@      0.00  0   0 F  0
 Reaction Xsec    13.0-/12 @ 2 =   4.087 , Out:   0.000#   2.520#   4.087f

   S-matrix    3 =    0.95663   0.05747 for L=   14, J=   13.5 channel on core I =   1.5 from L=   14,  Acc. loss =  0.0 D.
 Elastic phase shift   3 =    1.719   1.219 deg. for the L =   14, J =   13.5 channel.
      13.0  0.95663175  0.05747206i: elastic S-matrix  @@      0.02  0   0 F  0
 Reaction Xsec    13.0-/14 @ 3 =   1.211 , Out:   0.000#   0.271#   1.211f

   S-matrix    4 =    0.95252   0.08728 for L=   14, J=   14.5 channel on core I =   1.5 from L=   14,  Acc. loss =  0.0 D.
 Elastic phase shift   4 =    2.618   1.274 deg. for the L =   14, J =   14.5 channel.
      13.0  0.95251913  0.08728267i: elastic S-matrix  @@      0.00  0   0 F  0
 Reaction Xsec    13.0-/14 @ 4 =   1.264 , Out:   0.000#   1.051#   1.264f


 Total SPIN, PARITY =    14.0 +,      5 chs,      0 cc.  Rmin & Coul turning =    1.1    5.4
   S-matrix    1 =    0.91844   0.09255 for L=   13, J=   12.5 channel on core I =   1.5 from L=   13,  Acc. loss =  0.0 D.
 Elastic phase shift   1 =    2.877   2.292 deg. for the L =   13, J =   12.5 channel.
      14.0  0.91844400  0.09255156i: elastic S-matrix  @@      0.02  0   0 F  0
 Reaction Xsec    14.0+/13 @ 1 =   2.359 , Out:   0.000#   0.006#   2.359f

   S-matrix    2 =    0.90488   0.15052 for L=   13, J=   13.5 channel on core I =   1.5 from L=   13,  Acc. loss =  0.0 D.
 Elastic phase shift   2 =    4.722   2.472 deg. for the L =   13, J =   13.5 channel.
      14.0  0.90488479  0.15052340i: elastic S-matrix  @@      0.00  0   0 F  0
 Reaction Xsec    14.0+/13 @ 2 =   2.529 , Out:   0.000#   0.003#   2.529f

   S-matrix    3 =    0.97776   0.03435 for L=   15, J=   14.5 channel on core I =   1.5 from L=   15,  Acc. loss =  0.0 D.
 Elastic phase shift   3 =    1.006   0.627 deg. for the L =   15, J =   14.5 channel.
      14.0  0.97776099  0.03435146i: elastic S-matrix  @@      0.02  0   0 F  0
 Reaction Xsec    14.0+/15 @ 3 =   0.683 , Out:   0.000#   0.994#   0.683f

   S-matrix    4 =    0.97658   0.04928 for L=   15, J=   15.5 channel on core I =   1.5 from L=   15,  Acc. loss =  0.0 D.
 Elastic phase shift   4 =    1.445   0.643 deg. for the L =   15, J =   15.5 channel.
      14.0  0.97657785  0.04928359i: elastic S-matrix  @@      0.00  0   0 F  0
 Reaction Xsec    14.0+/15 @ 4 =   0.700 , Out:   0.000#   3.604#   0.700f


 Total SPIN, PARITY =    14.0 -,      4 chs,      0 cc.  Rmin & Coul turning =    1.1    5.4
   S-matrix    1 =    0.81446   0.24785 for L=   12, J=   12.5 channel on core I =   1.5 from L=   12,  Acc. loss =  0.0 D.
 Elastic phase shift   1 =    8.463   4.611 deg. for the L =   12, J =   12.5 channel.
      14.0  0.81446276  0.24785090i: elastic S-matrix  @@      0.00  0   0 F  0
 Reaction Xsec    14.0-/12 @ 1 =   4.390 , Out:   0.000#   0.000#   4.390f

   S-matrix    2 =    0.95663   0.05747 for L=   14, J=   13.5 channel on core I =   1.5 from L=   14,  Acc. loss =  0.0 D.
 Elastic phase shift   2 =    1.719   1.219 deg. for the L =   14, J =   13.5 channel.
      14.0  0.95663175  0.05747206i: elastic S-matrix  @@      0.00  0   0 F  0
 Reaction Xsec    14.0-/14 @ 2 =   1.301 , Out:   0.000#   0.000#   1.301f

   S-matrix    3 =    0.95252   0.08728 for L=   14, J=   14.5 channel on core I =   1.5 from L=   14,  Acc. loss =  0.0 D.
 Elastic phase shift   3 =    2.618   1.274 deg. for the L =   14, J =   14.5 channel.
      14.0  0.95251913  0.08728267i: elastic S-matrix  @@      0.00  0   0 F  0
 Reaction Xsec    14.0-/14 @ 3 =   1.357 , Out:   0.000#   0.000#   1.357f

   S-matrix    4 =    0.98883   0.02003 for L=   16, J=   15.5 channel on core I =   1.5 from L=   16,  Acc. loss =  0.0 D.
 Elastic phase shift   4 =    0.580   0.316 deg. for the L =   16, J =   15.5 channel.
      14.0  0.98882633  0.02002954i: elastic S-matrix  @@      0.00  0   0 F  0
 Reaction Xsec    14.0-/16 @ 4 =   0.348 , Out:   0.000#   0.000#   0.348f


 Total SPIN, PARITY =    15.0 +,      4 chs,      0 cc.  Rmin & Coul turning =    1.2    5.8
   S-matrix    1 =    0.90488   0.15052 for L=   13, J=   13.5 channel on core I =   1.5 from L=   13,  Acc. loss =  0.0 D.
 Elastic phase shift   1 =    4.722   2.472 deg. for the L =   13, J =   13.5 channel.
      15.0  0.90488479  0.15052340i: elastic S-matrix  @@      0.00  0   0 F  0
 Reaction Xsec    15.0+/13 @ 1 =   2.703 , Out:   0.000#   0.000#   2.703f

   S-matrix    2 =    0.97776   0.03435 for L=   15, J=   14.5 channel on core I =   1.5 from L=   15,  Acc. loss =  0.0 D.
 Elastic phase shift   2 =    1.006   0.627 deg. for the L =   15, J =   14.5 channel.
      15.0  0.97776099  0.03435146i: elastic S-matrix  @@      0.00  0   0 F  0
 Reaction Xsec    15.0+/15 @ 2 =   0.730 , Out:   0.000#   0.000#   0.730f

   S-matrix    3 =    0.97658   0.04928 for L=   15, J=   15.5 channel on core I =   1.5 from L=   15,  Acc. loss =  0.0 D.
 Elastic phase shift   3 =    1.445   0.643 deg. for the L =   15, J =   15.5 channel.
      15.0  0.97657785  0.04928359i: elastic S-matrix  @@      0.00  0   0 F  0
 Reaction Xsec    15.0+/15 @ 3 =   0.748 , Out:   0.000#   0.000#   0.748f

   S-matrix    4 =    0.99445   0.01150 for L=   17, J=   16.5 channel on core I =   1.5 from L=   17,  Acc. loss =  0.0 D.
 Elastic phase shift   4 =    0.331   0.158 deg. for the L =   17, J =   16.5 channel.
      15.0  0.99444668  0.01149925i: elastic S-matrix  @@      0.00  0   0 F  0
 Reaction Xsec    15.0+/17 @ 4 =   0.187 , Out:   0.000#   0.000#   0.187f


 Total SPIN, PARITY =    15.0 -,      5 chs,      0 cc.  Rmin & Coul turning =    1.2    5.8
   S-matrix    1 =    0.95663   0.05747 for L=   14, J=   13.5 channel on core I =   1.5 from L=   14,  Acc. loss =  0.0 D.
 Elastic phase shift   1 =    1.719   1.219 deg. for the L =   14, J =   13.5 channel.
      15.0  0.95663175  0.05747206i: elastic S-matrix  @@      0.02  0   0 F  0
 Reaction Xsec    15.0-/14 @ 1 =   1.391 , Out:   0.000#   5.132#   1.391f

   S-matrix    2 =    0.95252   0.08728 for L=   14, J=   14.5 channel on core I =   1.5 from L=   14,  Acc. loss =  0.0 D.
 Elastic phase shift   2 =    2.618   1.274 deg. for the L =   14, J =   14.5 channel.
      15.0  0.95251913  0.08728267i: elastic S-matrix  @@      0.02  0   0 F  0
 Reaction Xsec    15.0-/14 @ 2 =   1.451 , Out:   0.000#   2.160#   1.451f

   S-matrix    3 =    0.98883   0.02003 for L=   16, J=   15.5 channel on core I =   1.5 from L=   16,  Acc. loss =  0.0 D.
 Elastic phase shift   3 =    0.580   0.316 deg. for the L =   16, J =   15.5 channel.
      15.0  0.98882633  0.02002954i: elastic S-matrix  @@      0.00  0   0 F  0
 Reaction Xsec    15.0-/16 @ 3 =   0.372 , Out:   0.000#   0.002#   0.372f

   S-matrix    4 =    0.98850   0.02743 for L=   16, J=   16.5 channel on core I =   1.5 from L=   16,  Acc. loss =  0.0 D.
 Elastic phase shift   4 =    0.795   0.320 deg. for the L =   16, J =   16.5 channel.
      15.0  0.98849648  0.02742977i: elastic S-matrix  @@      0.00  0   0 F  0
 Reaction Xsec    15.0-/16 @ 4 =   0.377 , Out:   0.000#   0.005#   0.377f


 Total SPIN, PARITY =    16.0 +,      5 chs,      0 cc.  Rmin & Coul turning =    1.2    6.2
   S-matrix    1 =    0.97776   0.03435 for L=   15, J=   14.5 channel on core I =   1.5 from L=   15,  Acc. loss =  0.0 D.
 Elastic phase shift   1 =    1.006   0.627 deg. for the L =   15, J =   14.5 channel.
      16.0  0.97776099  0.03435146i: elastic S-matrix  @@      0.02  0   0 F  0
 Reaction Xsec    16.0+/15 @ 1 =   0.777 , Out:   0.000#   3.003#   0.777f

   S-matrix    2 =    0.97658   0.04928 for L=   15, J=   15.5 channel on core I =   1.5 from L=   15,  Acc. loss =  0.0 D.
 Elastic phase shift   2 =    1.445   0.643 deg. for the L =   15, J =   15.5 channel.
      16.0  0.97657785  0.04928359i: elastic S-matrix  @@      0.00  0   0 F  0
 Reaction Xsec    16.0+/15 @ 2 =   0.796 , Out:   0.000#   1.205#   0.796f

   S-matrix    3 =    0.99445   0.01150 for L=   17, J=   16.5 channel on core I =   1.5 from L=   17,  Acc. loss =  0.0 D.
 Elastic phase shift   3 =    0.331   0.158 deg. for the L =   17, J =   16.5 channel.
      16.0  0.99444668  0.01149925i: elastic S-matrix  @@      0.02  0   0 F  0
 Reaction Xsec    16.0+/17 @ 3 =   0.199 , Out:   0.000#   0.303#   0.199f

   S-matrix    4 =    0.99436   0.01515 for L=   17, J=   17.5 channel on core I =   1.5 from L=   17,  Acc. loss =  0.0 D.
 Elastic phase shift   4 =    0.437   0.159 deg. for the L =   17, J =   17.5 channel.
      16.0  0.99435641  0.01515256i: elastic S-matrix  @@      0.00  0   0 F  0
 Reaction Xsec    16.0+/17 @ 4 =   0.200 , Out:   0.000#   1.042#   0.200f


 Total SPIN, PARITY =    16.0 -,      4 chs,      0 cc.  Rmin & Coul turning =    1.2    6.2
   S-matrix    1 =    0.95252   0.08728 for L=   14, J=   14.5 channel on core I =   1.5 from L=   14,  Acc. loss =  0.0 D.
 Elastic phase shift   1 =    2.618   1.274 deg. for the L =   14, J =   14.5 channel.
      16.0  0.95251913  0.08728267i: elastic S-matrix  @@      0.00  0   0 F  0
 Reaction Xsec    16.0-/14 @ 1 =   1.544 , Out:   0.000#   0.000#   1.544f

   S-matrix    2 =    0.98883   0.02003 for L=   16, J=   15.5 channel on core I =   1.5 from L=   16,  Acc. loss =  0.0 D.
 Elastic phase shift   2 =    0.580   0.316 deg. for the L =   16, J =   15.5 channel.
      16.0  0.98882633  0.02002954i: elastic S-matrix  @@      0.00  0   0 F  0
 Reaction Xsec    16.0-/16 @ 2 =   0.396 , Out:   0.000#   0.000#   0.396f

   S-matrix    3 =    0.98850   0.02743 for L=   16, J=   16.5 channel on core I =   1.5 from L=   16,  Acc. loss =  0.0 D.
 Elastic phase shift   3 =    0.795   0.320 deg. for the L =   16, J =   16.5 channel.
      16.0  0.98849648  0.02742977i: elastic S-matrix  @@      0.00  0   0 F  0
 Reaction Xsec    16.0-/16 @ 3 =   0.402 , Out:   0.000#   0.000#   0.402f

   S-matrix    4 =    0.99726   0.00654 for L=   18, J=   17.5 channel on core I =   1.5 from L=   18,  Acc. loss =  0.0 D.
 Elastic phase shift   4 =    0.188   0.078 deg. for the L =   18, J =   17.5 channel.
      16.0  0.99725551  0.00653762i: elastic S-matrix  @@      0.00  0   0 F  0
 Reaction Xsec    16.0-/18 @ 4 =   0.099 , Out:   0.000#   0.000#   0.099f


 Total SPIN, PARITY =    17.0 +,      4 chs,      0 cc.  Rmin & Coul turning =    1.4    6.6
   S-matrix    1 =    0.97658   0.04928 for L=   15, J=   15.5 channel on core I =   1.5 from L=   15,  Acc. loss =  0.0 D.
 Elastic phase shift   1 =    1.445   0.643 deg. for the L =   15, J =   15.5 channel.
      17.0  0.97657785  0.04928359i: elastic S-matrix  @@      0.00  0   0 F  0
 Reaction Xsec    17.0+/15 @ 1 =   0.844 , Out:   0.000#   0.000#   0.844f

   S-matrix    2 =    0.99445   0.01150 for L=   17, J=   16.5 channel on core I =   1.5 from L=   17,  Acc. loss =  0.0 D.
 Elastic phase shift   2 =    0.331   0.158 deg. for the L =   17, J =   16.5 channel.
      17.0  0.99444668  0.01149925i: elastic S-matrix  @@      0.00  0   0 F  0
 Reaction Xsec    17.0+/17 @ 2 =   0.211 , Out:   0.000#   0.000#   0.211f

   S-matrix    3 =    0.99436   0.01515 for L=   17, J=   17.5 channel on core I =   1.5 from L=   17,  Acc. loss =  0.0 D.
 Elastic phase shift   3 =    0.437   0.159 deg. for the L =   17, J =   17.5 channel.
      17.0  0.99435641  0.01515256i: elastic S-matrix  @@      0.00  0   0 F  0
 Reaction Xsec    17.0+/17 @ 3 =   0.212 , Out:   0.000#   0.000#   0.212f

   S-matrix    4 =    0.99865   0.00369 for L=   19, J=   18.5 channel on core I =   1.5 from L=   19,  Acc. loss =  0.0 D.
 Elastic phase shift   4 =    0.106   0.039 deg. for the L =   19, J =   18.5 channel.
      17.0  0.99864765  0.00369286i: elastic S-matrix  @@      0.00  0   0 F  0
 Reaction Xsec    17.0+/19 @ 4 =   0.052 , Out:   0.000#   0.000#   0.052f


 Total SPIN, PARITY =    17.0 -,      5 chs,      0 cc.  Rmin & Coul turning =    1.4    6.6
   S-matrix    1 =    0.98883   0.02003 for L=   16, J=   15.5 channel on core I =   1.5 from L=   16,  Acc. loss =  0.0 D.
 Elastic phase shift   1 =    0.580   0.316 deg. for the L =   16, J =   15.5 channel.
      17.0  0.98882633  0.02002954i: elastic S-matrix  @@      0.02  0   0 F  0
 Reaction Xsec    17.0-/16 @ 1 =   0.420 , Out:   0.000#   0.679#   0.420f

   S-matrix    2 =    0.98850   0.02743 for L=   16, J=   16.5 channel on core I =   1.5 from L=   16,  Acc. loss =  0.0 D.
 Elastic phase shift   2 =    0.795   0.320 deg. for the L =   16, J =   16.5 channel.
      17.0  0.98849648  0.02742977i: elastic S-matrix  @@      0.02  0   0 F  0
 Reaction Xsec    17.0-/16 @ 2 =   0.426 , Out:   0.000#   0.262#   0.426f

   S-matrix    3 =    0.99726   0.00654 for L=   18, J=   17.5 channel on core I =   1.5 from L=   18,  Acc. loss =  0.0 D.
 Elastic phase shift   3 =    0.188   0.078 deg. for the L =   18, J =   17.5 channel.
      17.0  0.99725551  0.00653762i: elastic S-matrix  @@      0.00  0   0 F  0
 Reaction Xsec    17.0-/18 @ 3 =   0.105 , Out:   0.000#   0.005#   0.105f

   S-matrix    4 =    0.99723   0.00834 for L=   18, J=   18.5 channel on core I =   1.5 from L=   18,  Acc. loss =  0.0 D.
 Elastic phase shift   4 =    0.240   0.078 deg. for the L =   18, J =   18.5 channel.
      17.0  0.99723108  0.00833872i: elastic S-matrix  @@      0.00  0   0 F  0
 Reaction Xsec    17.0-/18 @ 4 =   0.105 , Out:   0.000#   0.016#   0.105f


 Total SPIN, PARITY =    18.0 +,      5 chs,      0 cc.  Rmin & Coul turning =    1.4    6.9
   S-matrix    1 =    0.99445   0.01150 for L=   17, J=   16.5 channel on core I =   1.5 from L=   17,  Acc. loss =  0.0 D.
 Elastic phase shift   1 =    0.331   0.158 deg. for the L =   17, J =   16.5 channel.
      18.0  0.99444668  0.01149925i: elastic S-matrix  @@      0.02  0   0 F  0
 Reaction Xsec    18.0+/17 @ 1 =   0.223 , Out:   0.000#   1.239#   0.223f

   S-matrix    2 =    0.99436   0.01515 for L=   17, J=   17.5 channel on core I =   1.5 from L=   17,  Acc. loss =  0.0 D.
 Elastic phase shift   2 =    0.437   0.159 deg. for the L =   17, J =   17.5 channel.
      18.0  0.99435641  0.01515256i: elastic S-matrix  @@      0.02  0   0 F  0
 Reaction Xsec    18.0+/17 @ 2 =   0.224 , Out:   0.000#   0.472#   0.224f

   S-matrix    3 =    0.99865   0.00369 for L=   19, J=   18.5 channel on core I =   1.5 from L=   19,  Acc. loss =  0.0 D.
 Elastic phase shift   3 =    0.106   0.039 deg. for the L =   19, J =   18.5 channel.
      18.0  0.99864765  0.00369286i: elastic S-matrix  @@      0.00  0   0 F  0
 Reaction Xsec    18.0+/19 @ 3 =   0.055 , Out:   0.000#   0.062#   0.055f

   S-matrix    4 =    0.99864   0.00458 for L=   19, J=   19.5 channel on core I =   1.5 from L=   19,  Acc. loss =  0.0 D.
 Elastic phase shift   4 =    0.131   0.039 deg. for the L =   19, J =   19.5 channel.
      18.0  0.99864108  0.00458024i: elastic S-matrix  @@      0.00  0   0 F  0
 Reaction Xsec    18.0+/19 @ 4 =   0.055 , Out:   0.000#   0.209#   0.055f


 Total SPIN, PARITY =    18.0 -,      4 chs,      0 cc.  Rmin & Coul turning =    1.4    6.9
   S-matrix    1 =    0.98850   0.02743 for L=   16, J=   16.5 channel on core I =   1.5 from L=   16,  Acc. loss =  0.0 D.
 Elastic phase shift   1 =    0.795   0.320 deg. for the L =   16, J =   16.5 channel.
      18.0  0.98849648  0.02742977i: elastic S-matrix  @@      0.00  0   0 F  0
 Reaction Xsec    18.0-/16 @ 1 =   0.450 , Out:   0.000#   0.000#   0.450f

   S-matrix    2 =    0.99726   0.00654 for L=   18, J=   17.5 channel on core I =   1.5 from L=   18,  Acc. loss =  0.0 D.
 Elastic phase shift   2 =    0.188   0.078 deg. for the L =   18, J =   17.5 channel.
      18.0  0.99725551  0.00653762i: elastic S-matrix  @@      0.00  0   0 F  0
 Reaction Xsec    18.0-/18 @ 2 =   0.111 , Out:   0.000#   0.000#   0.111f

   S-matrix    3 =    0.99723   0.00834 for L=   18, J=   18.5 channel on core I =   1.5 from L=   18,  Acc. loss =  0.0 D.
 Elastic phase shift   3 =    0.240   0.078 deg. for the L =   18, J =   18.5 channel.
      18.0  0.99723108  0.00833872i: elastic S-matrix  @@      0.00  0   0 F  0
 Reaction Xsec    18.0-/18 @ 3 =   0.111 , Out:   0.000#   0.000#   0.111f

   S-matrix    4 =    0.99933   0.00208 for L=   20, J=   19.5 channel on core I =   1.5 from L=   20,  Acc. loss =  0.0 D.
 Elastic phase shift   4 =    0.060   0.019 deg. for the L =   20, J =   19.5 channel.
      18.0  0.99933472  0.00207649i: elastic S-matrix  @@      0.00  0   0 F  0
 Reaction Xsec    18.0-/20 @ 4 =   0.027 , Out:   0.000#   0.000#   0.027f


 Total SPIN, PARITY =    19.0 +,      4 chs,      0 cc.  Rmin & Coul turning =    1.5    7.3
   S-matrix    1 =    0.99436   0.01515 for L=   17, J=   17.5 channel on core I =   1.5 from L=   17,  Acc. loss =  0.0 D.
 Elastic phase shift   1 =    0.437   0.159 deg. for the L =   17, J =   17.5 channel.
      19.0  0.99435641  0.01515256i: elastic S-matrix  @@      0.00  0   0 F  0
 Reaction Xsec    19.0+/17 @ 1 =   0.237 , Out:   0.000#   0.000#   0.237f

   S-matrix    2 =    0.99865   0.00369 for L=   19, J=   18.5 channel on core I =   1.5 from L=   19,  Acc. loss =  0.0 D.
 Elastic phase shift   2 =    0.106   0.039 deg. for the L =   19, J =   18.5 channel.
      19.0  0.99864765  0.00369286i: elastic S-matrix  @@      0.00  0   0 F  0
 Reaction Xsec    19.0+/19 @ 2 =   0.058 , Out:   0.000#   0.000#   0.058f

   S-matrix    3 =    0.99864   0.00458 for L=   19, J=   19.5 channel on core I =   1.5 from L=   19,  Acc. loss =  0.0 D.
 Elastic phase shift   3 =    0.131   0.039 deg. for the L =   19, J =   19.5 channel.
      19.0  0.99864108  0.00458024i: elastic S-matrix  @@      0.00  0   0 F  0
 Reaction Xsec    19.0+/19 @ 3 =   0.058 , Out:   0.000#   0.000#   0.058f

   S-matrix    4 =    0.99967   0.00116 for L=   21, J=   20.5 channel on core I =   1.5 from L=   21,  Acc. loss =  0.0 D.
 Elastic phase shift   4 =    0.033   0.009 deg. for the L =   21, J =   20.5 channel.
      19.0  0.99967307  0.00116361i: elastic S-matrix  @@      0.00  0   0 F  0
 Reaction Xsec    19.0+/21 @ 4 =   0.014 , Out:   0.000#   0.000#   0.014f


 Total SPIN, PARITY =    19.0 -,      5 chs,      0 cc.  Rmin & Coul turning =    1.5    7.3
   S-matrix    1 =    0.99726   0.00654 for L=   18, J=   17.5 channel on core I =   1.5 from L=   18,  Acc. loss =  0.0 D.
 Elastic phase shift   1 =    0.188   0.078 deg. for the L =   18, J =   17.5 channel.
      19.0  0.99725551  0.00653762i: elastic S-matrix  @@      0.02  0   0 F  0
 Reaction Xsec    19.0-/18 @ 1 =   0.117 , Out:   0.000#   0.385#   0.117f

   S-matrix    2 =    0.99723   0.00834 for L=   18, J=   18.5 channel on core I =   1.5 from L=   18,  Acc. loss =  0.0 D.
 Elastic phase shift   2 =    0.240   0.078 deg. for the L =   18, J =   18.5 channel.
      19.0  0.99723108  0.00833872i: elastic S-matrix  @@      0.02  0   0 F  0
 Reaction Xsec    19.0-/18 @ 2 =   0.117 , Out:   0.000#   0.144#   0.117f

   S-matrix    3 =    0.99933   0.00208 for L=   20, J=   19.5 channel on core I =   1.5 from L=   20,  Acc. loss =  0.0 D.
 Elastic phase shift   3 =    0.060   0.019 deg. for the L =   20, J =   19.5 channel.
      19.0  0.99933472  0.00207649i: elastic S-matrix  @@      0.00  0   0 F  0
 Reaction Xsec    19.0-/20 @ 3 =   0.028 , Out:   0.000#   0.031#   0.028f

   S-matrix    4 =    0.99933   0.00251 for L=   20, J=   20.5 channel on core I =   1.5 from L=   20,  Acc. loss =  0.0 D.
 Elastic phase shift   4 =    0.072   0.019 deg. for the L =   20, J =   20.5 channel.
      19.0  0.99933296  0.00251346i: elastic S-matrix  @@      0.00  0   0 F  0
 Reaction Xsec    19.0-/20 @ 4 =   0.028 , Out:   0.000#   0.103#   0.028f


 Total SPIN, PARITY =    20.0 +,      5 chs,      0 cc.  Rmin & Coul turning =    1.6    7.7
   S-matrix    1 =    0.99865   0.00369 for L=   19, J=   18.5 channel on core I =   1.5 from L=   19,  Acc. loss =  0.0 D.
 Elastic phase shift   1 =    0.106   0.039 deg. for the L =   19, J =   18.5 channel.
      20.0  0.99864765  0.00369286i: elastic S-matrix  @@      0.02  0   0 F  0
 Reaction Xsec    20.0+/19 @ 1 =   0.061 , Out:   0.000#   0.120#   0.061f

   S-matrix    2 =    0.99864   0.00458 for L=   19, J=   19.5 channel on core I =   1.5 from L=   19,  Acc. loss =  0.0 D.
 Elastic phase shift   2 =    0.131   0.039 deg. for the L =   19, J =   19.5 channel.
      20.0  0.99864108  0.00458024i: elastic S-matrix  @@      0.00  0   0 F  0
 Reaction Xsec    20.0+/19 @ 2 =   0.061 , Out:   0.000#   0.045#   0.061f

   S-matrix    3 =    0.99967   0.00116 for L=   21, J=   20.5 channel on core I =   1.5 from L=   21,  Acc. loss =  0.0 D.
 Elastic phase shift   3 =    0.033   0.009 deg. for the L =   21, J =   20.5 channel.
      20.0  0.99967307  0.00116361i: elastic S-matrix  @@      0.02  0   0 F  0
 Reaction Xsec    20.0+/21 @ 3 =   0.015 , Out:   0.000#   0.007#   0.015f

   S-matrix    4 =    0.99967   0.00138 for L=   21, J=   21.5 channel on core I =   1.5 from L=   21,  Acc. loss =  0.0 D.
 Elastic phase shift   4 =    0.040   0.009 deg. for the L =   21, J =   21.5 channel.
      20.0  0.99967260  0.00137866i: elastic S-matrix  @@      0.00  0   0 F  0
 Reaction Xsec    20.0+/21 @ 4 =   0.015 , Out:   0.000#   0.024#   0.015f


 Total SPIN, PARITY =    20.0 -,      4 chs,      0 cc.  Rmin & Coul turning =    1.6    7.7
   S-matrix    1 =    0.99723   0.00834 for L=   18, J=   18.5 channel on core I =   1.5 from L=   18,  Acc. loss =  0.0 D.
 Elastic phase shift   1 =    0.240   0.078 deg. for the L =   18, J =   18.5 channel.
      20.0  0.99723108  0.00833872i: elastic S-matrix  @@      0.00  0   0 F  0
 Reaction Xsec    20.0-/18 @ 1 =   0.123 , Out:   0.000#   0.000#   0.123f

   S-matrix    2 =    0.99933   0.00208 for L=   20, J=   19.5 channel on core I =   1.5 from L=   20,  Acc. loss =  0.0 D.
 Elastic phase shift   2 =    0.060   0.019 deg. for the L =   20, J =   19.5 channel.
      20.0  0.99933472  0.00207649i: elastic S-matrix  @@      0.00  0   0 F  0
 Reaction Xsec    20.0-/20 @ 2 =   0.030 , Out:   0.000#   0.000#   0.030f

   S-matrix    3 =    0.99933   0.00251 for L=   20, J=   20.5 channel on core I =   1.5 from L=   20,  Acc. loss =  0.0 D.
 Elastic phase shift   3 =    0.072   0.019 deg. for the L =   20, J =   20.5 channel.
      20.0  0.99933296  0.00251346i: elastic S-matrix  @@      0.00  0   0 F  0
 Reaction Xsec    20.0-/20 @ 3 =   0.030 , Out:   0.000#   0.000#   0.030f

   S-matrix    4 =    0.99984   0.00065 for L=   22, J=   21.5 channel on core I =   1.5 from L=   22,  Acc. loss =  0.0 D.
 Elastic phase shift   4 =    0.019   0.005 deg. for the L =   22, J =   21.5 channel.
      20.0  0.99983947  0.00065028i: elastic S-matrix  @@      0.00  0   0 F  0
 Reaction Xsec    20.0-/22 @ 4 =   7.230/, Out:   0.000#   0.000#   0.007f


 Total SPIN, PARITY =    21.0 +,      4 chs,      0 cc.  Rmin & Coul turning =    1.7    8.1
   S-matrix    1 =    0.99864   0.00458 for L=   19, J=   19.5 channel on core I =   1.5 from L=   19,  Acc. loss =  0.0 D.
 Elastic phase shift   1 =    0.131   0.039 deg. for the L =   19, J =   19.5 channel.
      21.0  0.99864108  0.00458024i: elastic S-matrix  @@      0.00  0   0 F  0
 Reaction Xsec    21.0+/19 @ 1 =   0.064 , Out:   0.000#   0.000#   0.064f

   S-matrix    2 =    0.99967   0.00116 for L=   21, J=   20.5 channel on core I =   1.5 from L=   21,  Acc. loss =  0.0 D.
 Elastic phase shift   2 =    0.033   0.009 deg. for the L =   21, J =   20.5 channel.
      21.0  0.99967307  0.00116361i: elastic S-matrix  @@      0.00  0   0 F  0
 Reaction Xsec    21.0+/21 @ 2 =   0.015 , Out:   0.000#   0.000#   0.015f

   S-matrix    3 =    0.99967   0.00138 for L=   21, J=   21.5 channel on core I =   1.5 from L=   21,  Acc. loss =  0.0 D.
 Elastic phase shift   3 =    0.040   0.009 deg. for the L =   21, J =   21.5 channel.
      21.0  0.99967260  0.00137866i: elastic S-matrix  @@      0.00  0   0 F  0
 Reaction Xsec    21.0+/21 @ 3 =   0.015 , Out:   0.000#   0.000#   0.015f

   S-matrix    4 =    0.99992   0.00036 for L=   23, J=   22.5 channel on core I =   1.5 from L=   23,  Acc. loss =  0.0 D.
 Elastic phase shift   4 =    0.010   0.002 deg. for the L =   23, J =   22.5 channel.
      21.0  0.99992123  0.00036260i: elastic S-matrix  @@      0.00  0   0 F  0
 Reaction Xsec    21.0+/23 @ 4 =   3.723/, Out:   0.000#   0.000#   0.004f


 Total SPIN, PARITY =    21.0 -,      5 chs,      0 cc.  Rmin & Coul turning =    1.7    8.1
   S-matrix    1 =    0.99933   0.00208 for L=   20, J=   19.5 channel on core I =   1.5 from L=   20,  Acc. loss =  0.0 D.
 Elastic phase shift   1 =    0.060   0.019 deg. for the L =   20, J =   19.5 channel.
      21.0  0.99933472  0.00207649i: elastic S-matrix  @@      0.02  0   0 F  0
 Reaction Xsec    21.0-/20 @ 1 =   0.031 , Out:   0.000#   0.224#   0.031f

   S-matrix    2 =    0.99933   0.00251 for L=   20, J=   20.5 channel on core I =   1.5 from L=   20,  Acc. loss =  0.0 D.
 Elastic phase shift   2 =    0.072   0.019 deg. for the L =   20, J =   20.5 channel.
      21.0  0.99933296  0.00251346i: elastic S-matrix  @@      0.00  0   0 F  0
 Reaction Xsec    21.0-/20 @ 2 =   0.031 , Out:   0.000#   0.082#   0.031f

   S-matrix    3 =    0.99984   0.00065 for L=   22, J=   21.5 channel on core I =   1.5 from L=   22,  Acc. loss =  0.0 D.
 Elastic phase shift   3 =    0.019   0.005 deg. for the L =   22, J =   21.5 channel.
      21.0  0.99983947  0.00065028i: elastic S-matrix  @@      0.02  0   0 F  0
 Reaction Xsec    21.0-/22 @ 3 =   7.583/, Out:   0.000#   0.001#   0.008f

   S-matrix    4 =    0.99984   0.00076 for L=   22, J=   22.5 channel on core I =   1.5 from L=   22,  Acc. loss =  0.0 D.
 Elastic phase shift   4 =    0.022   0.005 deg. for the L =   22, J =   22.5 channel.
      21.0  0.99983934  0.00075605i: elastic S-matrix  @@      0.00  0   0 F  0
 Reaction Xsec    21.0-/22 @ 4 =   7.585/, Out:   0.000#   0.004#   0.008f


 Total SPIN, PARITY =    22.0 +,      5 chs,      0 cc.  Rmin & Coul turning =    1.8    8.4
   S-matrix    1 =    0.99967   0.00116 for L=   21, J=   20.5 channel on core I =   1.5 from L=   21,  Acc. loss =  0.0 D.
 Elastic phase shift   1 =    0.033   0.009 deg. for the L =   21, J =   20.5 channel.
      22.0  0.99967307  0.00116361i: elastic S-matrix  @@      0.02  0   0 F  0
 Reaction Xsec    22.0+/21 @ 1 =   0.016 , Out:   0.000#   0.083#   0.016f

   S-matrix    2 =    0.99967   0.00138 for L=   21, J=   21.5 channel on core I =   1.5 from L=   21,  Acc. loss =  0.0 D.
 Elastic phase shift   2 =    0.040   0.009 deg. for the L =   21, J =   21.5 channel.
      22.0  0.99967260  0.00137866i: elastic S-matrix  @@      0.00  0   0 F  0
 Reaction Xsec    22.0+/21 @ 2 =   0.016 , Out:   0.000#   0.030#   0.016f

   S-matrix    3 =    0.99992   0.00036 for L=   23, J=   22.5 channel on core I =   1.5 from L=   23,  Acc. loss =  0.0 D.
 Elastic phase shift   3 =    0.010   0.002 deg. for the L =   23, J =   22.5 channel.
      22.0  0.99992123  0.00036260i: elastic S-matrix  @@      0.02  0   0 F  0
 Reaction Xsec    22.0+/23 @ 3 =   3.896/, Out:   0.000#   0.004#   0.004f

   S-matrix    4 =    0.99992   0.00041 for L=   23, J=   23.5 channel on core I =   1.5 from L=   23,  Acc. loss =  0.0 D.
 Elastic phase shift   4 =    0.012   0.002 deg. for the L =   23, J =   23.5 channel.
      22.0  0.99992120  0.00041458i: elastic S-matrix  @@      0.00  0   0 F  0
 Reaction Xsec    22.0+/23 @ 4 =   3.897/, Out:   0.000#   0.014#   0.004f


 Total SPIN, PARITY =    22.0 -,      4 chs,      0 cc.  Rmin & Coul turning =    1.8    8.4
   S-matrix    1 =    0.99933   0.00251 for L=   20, J=   20.5 channel on core I =   1.5 from L=   20,  Acc. loss =  0.0 D.
 Elastic phase shift   1 =    0.072   0.019 deg. for the L =   20, J =   20.5 channel.
      22.0  0.99933296  0.00251346i: elastic S-matrix  @@      0.00  0   0 F  0
 Reaction Xsec    22.0-/20 @ 1 =   0.033 , Out:   0.000#   0.000#   0.033f

   S-matrix    2 =    0.99984   0.00065 for L=   22, J=   21.5 channel on core I =   1.5 from L=   22,  Acc. loss =  0.0 D.
 Elastic phase shift   2 =    0.019   0.005 deg. for the L =   22, J =   21.5 channel.
      22.0  0.99983947  0.00065028i: elastic S-matrix  @@      0.00  0   0 F  0
 Reaction Xsec    22.0-/22 @ 2 =   7.936/, Out:   0.000#   0.000#   0.008f

   S-matrix    3 =    0.99984   0.00076 for L=   22, J=   22.5 channel on core I =   1.5 from L=   22,  Acc. loss =  0.0 D.
 Elastic phase shift   3 =    0.022   0.005 deg. for the L =   22, J =   22.5 channel.
      22.0  0.99983934  0.00075605i: elastic S-matrix  @@      0.00  0   0 F  0
 Reaction Xsec    22.0-/22 @ 3 =   7.938/, Out:   0.000#   0.000#   0.008f

   S-matrix    4 =    0.99996   0.00020 for L=   24, J=   23.5 channel on core I =   1.5 from L=   24,  Acc. loss =  0.0 D.
 Elastic phase shift   4 =    0.006   0.001 deg. for the L =   24, J =   23.5 channel.
      22.0  0.99996137  0.00020180i: elastic S-matrix  @@      0.00  0   0 F  0
 Reaction Xsec    22.0-/24 @ 4 =   1.911/, Out:   0.000#   0.000#   0.002f


 Total SPIN, PARITY =    23.0 +,      4 chs,      0 cc.  Rmin & Coul turning =    1.8    8.8
   S-matrix    1 =    0.99967   0.00138 for L=   21, J=   21.5 channel on core I =   1.5 from L=   21,  Acc. loss =  0.0 D.
 Elastic phase shift   1 =    0.040   0.009 deg. for the L =   21, J =   21.5 channel.
      23.0  0.99967260  0.00137866i: elastic S-matrix  @@      0.00  0   0 F  0
 Reaction Xsec    23.0+/21 @ 1 =   0.017 , Out:   0.000#   0.000#   0.017f

   S-matrix    2 =    0.99992   0.00036 for L=   23, J=   22.5 channel on core I =   1.5 from L=   23,  Acc. loss =  0.0 D.
 Elastic phase shift   2 =    0.010   0.002 deg. for the L =   23, J =   22.5 channel.
      23.0  0.99992123  0.00036260i: elastic S-matrix  @@      0.00  0   0 F  0
 Reaction Xsec    23.0+/23 @ 2 =   4.069/, Out:   0.000#   0.000#   0.004f

   S-matrix    3 =    0.99992   0.00041 for L=   23, J=   23.5 channel on core I =   1.5 from L=   23,  Acc. loss =  0.0 D.
 Elastic phase shift   3 =    0.012   0.002 deg. for the L =   23, J =   23.5 channel.
      23.0  0.99992120  0.00041458i: elastic S-matrix  @@      0.00  0   0 F  0
 Reaction Xsec    23.0+/23 @ 3 =   4.070/, Out:   0.000#   0.000#   0.004f

   S-matrix    4 =    0.99998   0.00011 for L=   25, J=   24.5 channel on core I =   1.5 from L=   25,  Acc. loss =  0.0 D.
 Elastic phase shift   4 =    0.003   0.001 deg. for the L =   25, J =   24.5 channel.
      23.0  0.99998107  0.00011214i: elastic S-matrix  @@      0.00  0   0 F  0
 Reaction Xsec    23.0+/25 @ 4 =   0.978/, Out:   0.000#   0.000#   0.001f


 Total SPIN, PARITY =    23.0 -,      5 chs,      0 cc.  Rmin & Coul turning =    1.8    8.8
   S-matrix    1 =    0.99984   0.00065 for L=   22, J=   21.5 channel on core I =   1.5 from L=   22,  Acc. loss =  0.0 D.
 Elastic phase shift   1 =    0.019   0.005 deg. for the L =   22, J =   21.5 channel.
      23.0  0.99983947  0.00065028i: elastic S-matrix  @@      0.02  0   0 F  0
 Reaction Xsec    23.0-/22 @ 1 =   8.288/, Out:   0.000#   0.018#   0.008f

   S-matrix    2 =    0.99984   0.00076 for L=   22, J=   22.5 channel on core I =   1.5 from L=   22,  Acc. loss =  0.0 D.
 Elastic phase shift   2 =    0.022   0.005 deg. for the L =   22, J =   22.5 channel.
      23.0  0.99983934  0.00075605i: elastic S-matrix  @@      0.00  0   0 F  0
 Reaction Xsec    23.0-/22 @ 2 =   8.291/, Out:   0.000#   0.006#   0.008f

   S-matrix    3 =    0.99996   0.00020 for L=   24, J=   23.5 channel on core I =   1.5 from L=   24,  Acc. loss =  0.0 D.
 Elastic phase shift   3 =    0.006   0.001 deg. for the L =   24, J =   23.5 channel.
      23.0  0.99996137  0.00020180i: elastic S-matrix  @@      0.02  0   0 F  0
 Reaction Xsec    23.0-/24 @ 3 =   1.996/, Out:   0.000#   0.004#   0.002f

   S-matrix    4 =    0.99996   0.00023 for L=   24, J=   24.5 channel on core I =   1.5 from L=   24,  Acc. loss =  0.0 D.
 Elastic phase shift   4 =    0.007   0.001 deg. for the L =   24, J =   24.5 channel.
      23.0  0.99996137  0.00022732i: elastic S-matrix  @@      0.00  0   0 F  0
 Reaction Xsec    23.0-/24 @ 4 =   1.996/, Out:   0.000#   0.014#   0.002f


 Total SPIN, PARITY =    24.0 +,      5 chs,      0 cc.  Rmin & Coul turning =    1.9    9.2
   S-matrix    1 =    0.99992   0.00036 for L=   23, J=   22.5 channel on core I =   1.5 from L=   23,  Acc. loss =  0.0 D.
 Elastic phase shift   1 =    0.010   0.002 deg. for the L =   23, J =   22.5 channel.
      24.0  0.99992123  0.00036260i: elastic S-matrix  @@      0.02  0   0 F  0
 Reaction Xsec    24.0+/23 @ 1 =   4.242/, Out:   0.000#   0.001#   0.004f

   S-matrix    2 =    0.99992   0.00041 for L=   23, J=   23.5 channel on core I =   1.5 from L=   23,  Acc. loss =  0.0 D.
 Elastic phase shift   2 =    0.012   0.002 deg. for the L =   23, J =   23.5 channel.
      24.0  0.99992120  0.00041458i: elastic S-matrix  @@      0.00  0   0 F  0
 Reaction Xsec    24.0+/23 @ 2 =   4.243/, Out:   0.000#   0.000#   0.004f

   S-matrix    3 =    0.99998   0.00011 for L=   25, J=   24.5 channel on core I =   1.5 from L=   25,  Acc. loss =  0.0 D.
 Elastic phase shift   3 =    0.003   0.001 deg. for the L =   25, J =   24.5 channel.
      24.0  0.99998107  0.00011214i: elastic S-matrix  @@      0.02  0   0 F  0
 Reaction Xsec    24.0+/25 @ 3 =   1.020/, Out:   0.000#   0.002#   0.001f

   S-matrix    4 =    0.99998   0.00012 for L=   25, J=   25.5 channel on core I =   1.5 from L=   25,  Acc. loss =  0.0 D.
 Elastic phase shift   4 =    0.004   0.001 deg. for the L =   25, J =   25.5 channel.
      24.0  0.99998107  0.00012466i: elastic S-matrix  @@      0.00  0   0 F  0
 Reaction Xsec    24.0+/25 @ 4 =   1.020/, Out:   0.000#   0.005#   0.001f


 Total SPIN, PARITY =    24.0 -,      4 chs,      0 cc.  Rmin & Coul turning =    1.9    9.2
   S-matrix    1 =    0.99984   0.00076 for L=   22, J=   22.5 channel on core I =   1.5 from L=   22,  Acc. loss =  0.0 D.
 Elastic phase shift   1 =    0.022   0.005 deg. for the L =   22, J =   22.5 channel.
      24.0  0.99983934  0.00075605i: elastic S-matrix  @@      0.00  0   0 F  0
 Reaction Xsec    24.0-/22 @ 1 =   8.644/, Out:   0.000#   0.000#   0.009f

   S-matrix    2 =    0.99996   0.00020 for L=   24, J=   23.5 channel on core I =   1.5 from L=   24,  Acc. loss =  0.0 D.
 Elastic phase shift   2 =    0.006   0.001 deg. for the L =   24, J =   23.5 channel.
      24.0  0.99996137  0.00020180i: elastic S-matrix  @@      0.00  0   0 F  0
 Reaction Xsec    24.0-/24 @ 2 =   2.081/, Out:   0.000#   0.000#   0.002f

   S-matrix    3 =    0.99996   0.00023 for L=   24, J=   24.5 channel on core I =   1.5 from L=   24,  Acc. loss =  0.0 D.
 Elastic phase shift   3 =    0.007   0.001 deg. for the L =   24, J =   24.5 channel.
      24.0  0.99996137  0.00022732i: elastic S-matrix  @@      0.00  0   0 F  0
 Reaction Xsec    24.0-/24 @ 3 =   2.081/, Out:   0.000#   0.000#   0.002f

   S-matrix    4 =    0.99999   0.00006 for L=   26, J=   25.5 channel on core I =   1.5 from L=   26,  Acc. loss =  0.0 D.
 Elastic phase shift   4 =    0.002   0.000 deg. for the L =   26, J =   25.5 channel.
      24.0  0.99999073  0.00006223i: elastic S-matrix  @@      0.00  0   0 F  0
 Reaction Xsec    24.0-/26 @ 4 =   0.500/, Out:   0.000#   0.000#   0.000f


 Total SPIN, PARITY =    25.0 +,      4 chs,      0 cc.  Rmin & Coul turning =    2.0    9.6
   S-matrix    1 =    0.99992   0.00041 for L=   23, J=   23.5 channel on core I =   1.5 from L=   23,  Acc. loss =  0.0 D.
 Elastic phase shift   1 =    0.012   0.002 deg. for the L =   23, J =   23.5 channel.
      25.0  0.99992120  0.00041458i: elastic S-matrix  @@      0.00  0   0 F  0
 Reaction Xsec    25.0+/23 @ 1 =   4.416/, Out:   0.000#   0.000#   0.004f

   S-matrix    2 =    0.99998   0.00011 for L=   25, J=   24.5 channel on core I =   1.5 from L=   25,  Acc. loss =  0.0 D.
 Elastic phase shift   2 =    0.003   0.001 deg. for the L =   25, J =   24.5 channel.
      25.0  0.99998107  0.00011214i: elastic S-matrix  @@      0.00  0   0 F  0
 Reaction Xsec    25.0+/25 @ 2 =   1.062/, Out:   0.000#   0.000#   0.001f

   S-matrix    3 =    0.99998   0.00012 for L=   25, J=   25.5 channel on core I =   1.5 from L=   25,  Acc. loss =  0.0 D.
 Elastic phase shift   3 =    0.004   0.001 deg. for the L =   25, J =   25.5 channel.
      25.0  0.99998107  0.00012466i: elastic S-matrix  @@      0.00  0   0 F  0
 Reaction Xsec    25.0+/25 @ 3 =   1.062/, Out:   0.000#   0.000#   0.001f

   S-matrix    4 =    1.00000   0.00003 for L=   27, J=   26.5 channel on core I =   1.5 from L=   27,  Acc. loss =  0.0 D.
 Elastic phase shift   4 =    0.001   0.000 deg. for the L =   27, J =   26.5 channel.
      25.0  0.99999546  0.00003450i: elastic S-matrix  @@      0.00  0   0 F  0
 Reaction Xsec    25.0+/27 @ 4 =   0.255/, Out:   0.000#   0.000#   0.000f


 Total SPIN, PARITY =    25.0 -,      5 chs,      0 cc.  Rmin & Coul turning =    2.0    9.6
   S-matrix    1 =    0.99996   0.00020 for L=   24, J=   23.5 channel on core I =   1.5 from L=   24,  Acc. loss =  0.0 D.
 Elastic phase shift   1 =    0.006   0.001 deg. for the L =   24, J =   23.5 channel.
      25.0  0.99996137  0.00020180i: elastic S-matrix  @@      0.02  0   0 F  0
 Reaction Xsec    25.0-/24 @ 1 =   2.166/, Out:   0.000#   0.000#   0.002f

   S-matrix    2 =    0.99996   0.00023 for L=   24, J=   24.5 channel on core I =   1.5 from L=   24,  Acc. loss =  0.0 D.
 Elastic phase shift   2 =    0.007   0.001 deg. for the L =   24, J =   24.5 channel.
      25.0  0.99996137  0.00022732i: elastic S-matrix  @@      0.00  0   0 F  0
 Reaction Xsec    25.0-/24 @ 2 =   2.166/, Out:   0.000#   0.000#   0.002f

   S-matrix    3 =    0.99999   0.00006 for L=   26, J=   25.5 channel on core I =   1.5 from L=   26,  Acc. loss =  0.0 D.
 Elastic phase shift   3 =    0.002   0.000 deg. for the L =   26, J =   25.5 channel.
      25.0  0.99999073  0.00006223i: elastic S-matrix  @@      0.00  0   0 F  0
 Reaction Xsec    25.0-/26 @ 3 =   0.520/, Out:   0.000#   0.000#   0.001f

   S-matrix    4 =    0.99999   0.00007 for L=   26, J=   26.5 channel on core I =   1.5 from L=   26,  Acc. loss =  0.0 D.
 Elastic phase shift   4 =    0.002   0.000 deg. for the L =   26, J =   26.5 channel.
      25.0  0.99999073  0.00006837i: elastic S-matrix  @@      0.02  0   0 F  0
 Reaction Xsec    25.0-/26 @ 4 =   0.520/, Out:   0.000#   0.001#   0.001f


 Total SPIN, PARITY =    26.0 +,      5 chs,      0 cc.  Rmin & Coul turning =    2.1    9.9
   S-matrix    1 =    0.99998   0.00011 for L=   25, J=   24.5 channel on core I =   1.5 from L=   25,  Acc. loss =  0.0 D.
 Elastic phase shift   1 =    0.003   0.001 deg. for the L =   25, J =   24.5 channel.
      26.0  0.99998107  0.00011214i: elastic S-matrix  @@      0.02  0   0 F  0
 Reaction Xsec    26.0+/25 @ 1 =   1.103/, Out:   0.000#   0.000#   0.001f

   S-matrix    2 =    0.99998   0.00012 for L=   25, J=   25.5 channel on core I =   1.5 from L=   25,  Acc. loss =  0.0 D.
 Elastic phase shift   2 =    0.004   0.001 deg. for the L =   25, J =   25.5 channel.
      26.0  0.99998107  0.00012466i: elastic S-matrix  @@      0.00  0   0 F  0
 Reaction Xsec    26.0+/25 @ 2 =   1.103/, Out:   0.000#   0.000#   0.001f

   S-matrix    3 =    1.00000   0.00003 for L=   27, J=   26.5 channel on core I =   1.5 from L=   27,  Acc. loss =  0.0 D.
 Elastic phase shift   3 =    0.001   0.000 deg. for the L =   27, J =   26.5 channel.
      26.0  0.99999546  0.00003450i: elastic S-matrix  @@      0.00  0   0 F  0
 Reaction Xsec    26.0+/27 @ 3 =   0.265/, Out:   0.000#   0.000#   0.000f

   S-matrix    4 =    1.00000   0.00004 for L=   27, J=   27.5 channel on core I =   1.5 from L=   27,  Acc. loss =  0.0 D.
 Elastic phase shift   4 =    0.001   0.000 deg. for the L =   27, J =   27.5 channel.
      26.0  0.99999546  0.00003751i: elastic S-matrix  @@      0.02  0   0 F  0
 Reaction Xsec    26.0+/27 @ 4 =   0.265/, Out:   0.000#   0.000#   0.000f


 Total SPIN, PARITY =    26.0 -,      4 chs,      0 cc.  Rmin & Coul turning =    2.1    9.9
   S-matrix    1 =    0.99996   0.00023 for L=   24, J=   24.5 channel on core I =   1.5 from L=   24,  Acc. loss =  0.0 D.
 Elastic phase shift   1 =    0.007   0.001 deg. for the L =   24, J =   24.5 channel.
      26.0  0.99996137  0.00022732i: elastic S-matrix  @@      0.00  0   0 F  0
 Reaction Xsec    26.0-/24 @ 1 =   2.251/, Out:   0.000#   0.000#   0.002f

   S-matrix    2 =    0.99999   0.00006 for L=   26, J=   25.5 channel on core I =   1.5 from L=   26,  Acc. loss =  0.0 D.
 Elastic phase shift   2 =    0.002   0.000 deg. for the L =   26, J =   25.5 channel.
      26.0  0.99999073  0.00006223i: elastic S-matrix  @@      0.00  0   0 F  0
 Reaction Xsec    26.0-/26 @ 2 =   0.540/, Out:   0.000#   0.000#   0.001f

   S-matrix    3 =    0.99999   0.00007 for L=   26, J=   26.5 channel on core I =   1.5 from L=   26,  Acc. loss =  0.0 D.
 Elastic phase shift   3 =    0.002   0.000 deg. for the L =   26, J =   26.5 channel.
      26.0  0.99999073  0.00006837i: elastic S-matrix  @@      0.00  0   0 F  0
 Reaction Xsec    26.0-/26 @ 3 =   0.540/, Out:   0.000#   0.000#   0.001f

   S-matrix    4 =    1.00000   0.00002 for L=   28, J=   27.5 channel on core I =   1.5 from L=   28,  Acc. loss =  0.0 D.
 Elastic phase shift   4 =    0.001   0.000 deg. for the L =   28, J =   27.5 channel.
      26.0  0.99999778  0.00001913i: elastic S-matrix  @@      0.00  0   0 F  0
 Reaction Xsec    26.0-/28 @ 4 =   0.129/, Out:   0.000#   0.000#   0.000f


 Total SPIN, PARITY =    27.0 +,      4 chs,      0 cc.  Rmin & Coul turning =    2.1   10.3
   S-matrix    1 =    0.99998   0.00012 for L=   25, J=   25.5 channel on core I =   1.5 from L=   25,  Acc. loss =  0.0 D.
 Elastic phase shift   1 =    0.004   0.001 deg. for the L =   25, J =   25.5 channel.
      27.0  0.99998107  0.00012466i: elastic S-matrix  @@      0.00  0   0 F  0
 Reaction Xsec    27.0+/25 @ 1 =   1.145/, Out:   0.000#   0.000#   0.001f

   S-matrix    2 =    1.00000   0.00003 for L=   27, J=   26.5 channel on core I =   1.5 from L=   27,  Acc. loss =  0.0 D.
 Elastic phase shift   2 =    0.001   0.000 deg. for the L =   27, J =   26.5 channel.
      27.0  0.99999546  0.00003450i: elastic S-matrix  @@      0.00  0   0 F  0
 Reaction Xsec    27.0+/27 @ 2 =   0.274/, Out:   0.000#   0.000#   0.000f

   S-matrix    3 =    1.00000   0.00004 for L=   27, J=   27.5 channel on core I =   1.5 from L=   27,  Acc. loss =  0.0 D.
 Elastic phase shift   3 =    0.001   0.000 deg. for the L =   27, J =   27.5 channel.
      27.0  0.99999546  0.00003751i: elastic S-matrix  @@      0.00  0   0 F  0
 Reaction Xsec    27.0+/27 @ 3 =   0.274/, Out:   0.000#   0.000#   0.000f

   S-matrix    4 =    1.00000   0.00001 for L=   29, J=   28.5 channel on core I =   1.5 from L=   29,  Acc. loss =  0.0 D.
 Elastic phase shift   4 =    0.000   0.000 deg. for the L =   29, J =   28.5 channel.
      27.0  0.99999891  0.00001060i: elastic S-matrix  @@      0.00  0   0 F  0
 Reaction Xsec    27.0+/29 @ 4 =   0.066/, Out:   0.000#   0.000#   0.000f


 Total SPIN, PARITY =    27.0 -,      5 chs,      0 cc.  Rmin & Coul turning =    2.1   10.3
   S-matrix    1 =    0.99999   0.00006 for L=   26, J=   25.5 channel on core I =   1.5 from L=   26,  Acc. loss =  0.0 D.
 Elastic phase shift   1 =    0.002   0.000 deg. for the L =   26, J =   25.5 channel.
      27.0  0.99999073  0.00006223i: elastic S-matrix  @@      0.02  0   0 F  0
 Reaction Xsec    27.0-/26 @ 1 =   0.561/, Out:   0.000#   0.000#   0.001f

   S-matrix    2 =    0.99999   0.00007 for L=   26, J=   26.5 channel on core I =   1.5 from L=   26,  Acc. loss =  0.0 D.
 Elastic phase shift   2 =    0.002   0.000 deg. for the L =   26, J =   26.5 channel.
      27.0  0.99999073  0.00006837i: elastic S-matrix  @@      0.00  0   0 F  0
 Reaction Xsec    27.0-/26 @ 2 =   0.561/, Out:   0.000#   0.000#   0.001f

   S-matrix    3 =    1.00000   0.00002 for L=   28, J=   27.5 channel on core I =   1.5 from L=   28,  Acc. loss =  0.0 D.
 Elastic phase shift   3 =    0.001   0.000 deg. for the L =   28, J =   27.5 channel.
      27.0  0.99999778  0.00001913i: elastic S-matrix  @@      0.00  0   0 F  0
 Reaction Xsec    27.0-/28 @ 3 =   0.134/, Out:   0.000#   0.000#   0.000f

   S-matrix    4 =    1.00000   0.00002 for L=   28, J=   28.5 channel on core I =   1.5 from L=   28,  Acc. loss =  0.0 D.
 Elastic phase shift   4 =    0.001   0.000 deg. for the L =   28, J =   28.5 channel.
      27.0  0.99999778  0.00002060i: elastic S-matrix  @@      0.02  0   0 F  0
 Reaction Xsec    27.0-/28 @ 4 =   0.134/, Out:   0.000#   0.000#   0.000f


 Total SPIN, PARITY =    28.0 +,      5 chs,      0 cc.  Rmin & Coul turning =    2.2   10.7
   S-matrix    1 =    1.00000   0.00003 for L=   27, J=   26.5 channel on core I =   1.5 from L=   27,  Acc. loss =  0.0 D.
 Elastic phase shift   1 =    0.001   0.000 deg. for the L =   27, J =   26.5 channel.
      28.0  0.99999546  0.00003450i: elastic S-matrix  @@      0.00  0   0 F  0
 Reaction Xsec    28.0+/27 @ 1 =   0.284/, Out:   0.000#   0.000#   0.000f

   S-matrix    2 =    1.00000   0.00004 for L=   27, J=   27.5 channel on core I =   1.5 from L=   27,  Acc. loss =  0.0 D.
 Elastic phase shift   2 =    0.001   0.000 deg. for the L =   27, J =   27.5 channel.
      28.0  0.99999546  0.00003751i: elastic S-matrix  @@      0.02  0   0 F  0
 Reaction Xsec    28.0+/27 @ 2 =   0.284/, Out:   0.000#   0.000#   0.000f

   S-matrix    3 =    1.00000   0.00001 for L=   29, J=   28.5 channel on core I =   1.5 from L=   29,  Acc. loss =  0.0 D.
 Elastic phase shift   3 =    0.000   0.000 deg. for the L =   29, J =   28.5 channel.
      28.0  0.99999891  0.00001060i: elastic S-matrix  @@      0.00  0   0 F  0
 Reaction Xsec    28.0+/29 @ 3 =   0.068/, Out:   0.000#   0.000#   0.000f

   S-matrix    4 =    1.00000   0.00001 for L=   29, J=   29.5 channel on core I =   1.5 from L=   29,  Acc. loss =  0.0 D.
 Elastic phase shift   4 =    0.000   0.000 deg. for the L =   29, J =   29.5 channel.
      28.0  0.99999891  0.00001132i: elastic S-matrix  @@      0.00  0   0 F  0
 Reaction Xsec    28.0+/29 @ 4 =   0.068/, Out:   0.000#   0.000#   0.000f


 Total SPIN, PARITY =    28.0 -,      4 chs,      0 cc.  Rmin & Coul turning =    2.2   10.7
   S-matrix    1 =    0.99999   0.00007 for L=   26, J=   26.5 channel on core I =   1.5 from L=   26,  Acc. loss =  0.0 D.
 Elastic phase shift   1 =    0.002   0.000 deg. for the L =   26, J =   26.5 channel.
      28.0  0.99999073  0.00006837i: elastic S-matrix  @@      0.00  0   0 F  0
 Reaction Xsec    28.0-/26 @ 1 =   0.581/, Out:   0.000#   0.000#   0.001f

   S-matrix    2 =    1.00000   0.00002 for L=   28, J=   27.5 channel on core I =   1.5 from L=   28,  Acc. loss =  0.0 D.
 Elastic phase shift   2 =    0.001   0.000 deg. for the L =   28, J =   27.5 channel.
      28.0  0.99999778  0.00001913i: elastic S-matrix  @@      0.00  0   0 F  0
 Reaction Xsec    28.0-/28 @ 2 =   0.139/, Out:   0.000#   0.000#   0.000f

   S-matrix    3 =    1.00000   0.00002 for L=   28, J=   28.5 channel on core I =   1.5 from L=   28,  Acc. loss =  0.0 D.
 Elastic phase shift   3 =    0.001   0.000 deg. for the L =   28, J =   28.5 channel.
      28.0  0.99999778  0.00002060i: elastic S-matrix  @@      0.00  0   0 F  0
 Reaction Xsec    28.0-/28 @ 3 =   0.139/, Out:   0.000#   0.000#   0.000f

   S-matrix    4 =    1.00000   0.00001 for L=   30, J=   29.5 channel on core I =   1.5 from L=   30,  Acc. loss =  0.0 D.
 Elastic phase shift   4 =    0.000   0.000 deg. for the L =   30, J =   29.5 channel.
      28.0  0.99999947  0.00000588i: elastic S-matrix  @@      0.00  0   0 F  0
 Reaction Xsec    28.0-/30 @ 4 =   0.033/, Out:   0.000#   0.000#   0.000f


 Total SPIN, PARITY =    29.0 +,      4 chs,      0 cc.  Rmin & Coul turning =    2.3   11.1
   S-matrix    1 =    1.00000   0.00004 for L=   27, J=   27.5 channel on core I =   1.5 from L=   27,  Acc. loss =  0.0 D.
 Elastic phase shift   1 =    0.001   0.000 deg. for the L =   27, J =   27.5 channel.
      29.0  0.99999546  0.00003751i: elastic S-matrix  @@      0.00  0   0 F  0
 Reaction Xsec    29.0+/27 @ 1 =   0.294/, Out:   0.000#   0.000#   0.000f

   S-matrix    2 =    1.00000   0.00001 for L=   29, J=   28.5 channel on core I =   1.5 from L=   29,  Acc. loss =  0.0 D.
 Elastic phase shift   2 =    0.000   0.000 deg. for the L =   29, J =   28.5 channel.
      29.0  0.99999891  0.00001060i: elastic S-matrix  @@      0.00  0   0 F  0
 Reaction Xsec    29.0+/29 @ 2 =   0.070/, Out:   0.000#   0.000#   0.000f

   S-matrix    3 =    1.00000   0.00001 for L=   29, J=   29.5 channel on core I =   1.5 from L=   29,  Acc. loss =  0.0 D.
 Elastic phase shift   3 =    0.000   0.000 deg. for the L =   29, J =   29.5 channel.
      29.0  0.99999891  0.00001132i: elastic S-matrix  @@      0.00  0   0 F  0
 Reaction Xsec    29.0+/29 @ 3 =   0.070/, Out:   0.000#   0.000#   0.000f

   S-matrix    4 =    1.00000   0.00000 for L=   31, J=   30.5 channel on core I =   1.5 from L=   31,  Acc. loss =  0.0 D.
 Elastic phase shift   4 =    0.000   0.000 deg. for the L =   31, J =   30.5 channel.
      29.0  0.99999974  0.00000328i: elastic S-matrix  @@      0.00  0   0 F  0
 Reaction Xsec    29.0+/31 @ 4 =   0.017/, Out:   0.000#   0.000#   0.000f


 Total SPIN, PARITY =    29.0 -,      5 chs,      0 cc.  Rmin & Coul turning =    2.3   11.1
   S-matrix    1 =    1.00000   0.00002 for L=   28, J=   27.5 channel on core I =   1.5 from L=   28,  Acc. loss =  0.0 D.
 Elastic phase shift   1 =    0.001   0.000 deg. for the L =   28, J =   27.5 channel.
      29.0  0.99999778  0.00001913i: elastic S-matrix  @@      0.02  0   0 F  0
 Reaction Xsec    29.0-/28 @ 1 =   0.144/, Out:   0.000#   0.000#   0.000f

   S-matrix    2 =    1.00000   0.00002 for L=   28, J=   28.5 channel on core I =   1.5 from L=   28,  Acc. loss =  0.0 D.
 Elastic phase shift   2 =    0.001   0.000 deg. for the L =   28, J =   28.5 channel.
      29.0  0.99999778  0.00002060i: elastic S-matrix  @@      0.02  0   0 F  0
 Reaction Xsec    29.0-/28 @ 2 =   0.144/, Out:   0.000#   0.000#   0.000f

   S-matrix    3 =    1.00000   0.00001 for L=   30, J=   29.5 channel on core I =   1.5 from L=   30,  Acc. loss =  0.0 D.
 Elastic phase shift   3 =    0.000   0.000 deg. for the L =   30, J =   29.5 channel.
      29.0  0.99999947  0.00000588i: elastic S-matrix  @@      0.00  0   0 F  0
 Reaction Xsec    29.0-/30 @ 3 =   0.034/, Out:   0.000#   0.000#   0.000f

   S-matrix    4 =    1.00000   0.00001 for L=   30, J=   30.5 channel on core I =   1.5 from L=   30,  Acc. loss =  0.0 D.
 Elastic phase shift   4 =    0.000   0.000 deg. for the L =   30, J =   30.5 channel.
      29.0  0.99999947  0.00000624i: elastic S-matrix  @@      0.00  0   0 F  0
 Reaction Xsec    29.0-/30 @ 4 =   0.034/, Out:   0.000#   0.000#   0.000f


 Total SPIN, PARITY =    30.0 +,      5 chs,      0 cc.  Rmin & Coul turning =    2.4   11.4
   S-matrix    1 =    1.00000   0.00001 for L=   29, J=   28.5 channel on core I =   1.5 from L=   29,  Acc. loss =  0.0 D.
 Elastic phase shift   1 =    0.000   0.000 deg. for the L =   29, J =   28.5 channel.
      30.0  0.99999891  0.00001060i: elastic S-matrix  @@      0.02  0   0 F  0
 Reaction Xsec    30.0+/29 @ 1 =   0.073/, Out:   0.000#   0.000#   0.000f

   S-matrix    2 =    1.00000   0.00001 for L=   29, J=   29.5 channel on core I =   1.5 from L=   29,  Acc. loss =  0.0 D.
 Elastic phase shift   2 =    0.000   0.000 deg. for the L =   29, J =   29.5 channel.
      30.0  0.99999891  0.00001132i: elastic S-matrix  @@      0.02  0   0 F  0
 Reaction Xsec    30.0+/29 @ 2 =   0.073/, Out:   0.000#   0.000#   0.000f

   S-matrix    3 =    1.00000   0.00000 for L=   31, J=   30.5 channel on core I =   1.5 from L=   31,  Acc. loss =  0.0 D.
 Elastic phase shift   3 =    0.000   0.000 deg. for the L =   31, J =   30.5 channel.
      30.0  0.99999974  0.00000328i: elastic S-matrix  @@      0.00  0   0 F  0
 Reaction Xsec    30.0+/31 @ 3 =   0.017/, Out:   0.000#   0.000#   0.000f

   S-matrix    4 =    1.00000   0.00000 for L=   31, J=   31.5 channel on core I =   1.5 from L=   31,  Acc. loss =  0.0 D.
 Elastic phase shift   4 =    0.000   0.000 deg. for the L =   31, J =   31.5 channel.
      30.0  0.99999974  0.00000345i: elastic S-matrix  @@      0.00  0   0 F  0
 Reaction Xsec    30.0+/31 @ 4 =   0.017/, Out:   0.000#   0.000#   0.000f


 Total SPIN, PARITY =    30.0 -,      4 chs,      0 cc.  Rmin & Coul turning =    2.4   11.4
   S-matrix    1 =    1.00000   0.00002 for L=   28, J=   28.5 channel on core I =   1.5 from L=   28,  Acc. loss =  0.0 D.
 Elastic phase shift   1 =    0.001   0.000 deg. for the L =   28, J =   28.5 channel.
      30.0  0.99999778  0.00002060i: elastic S-matrix  @@      0.00  0   0 F  0
 Reaction Xsec    30.0-/28 @ 1 =   0.149/, Out:   0.000#   0.000#   0.000f

   S-matrix    2 =    1.00000   0.00001 for L=   30, J=   29.5 channel on core I =   1.5 from L=   30,  Acc. loss =  0.0 D.
 Elastic phase shift   2 =    0.000   0.000 deg. for the L =   30, J =   29.5 channel.
      30.0  0.99999947  0.00000588i: elastic S-matrix  @@      0.00  0   0 F  0
 Reaction Xsec    30.0-/30 @ 2 =   0.036/, Out:   0.000#   0.000#   0.000f

   S-matrix    3 =    1.00000   0.00001 for L=   30, J=   30.5 channel on core I =   1.5 from L=   30,  Acc. loss =  0.0 D.
 Elastic phase shift   3 =    0.000   0.000 deg. for the L =   30, J =   30.5 channel.
      30.0  0.99999947  0.00000624i: elastic S-matrix  @@      0.00  0   0 F  0
 Reaction Xsec    30.0-/30 @ 3 =   0.036/, Out:   0.000#   0.000#   0.000f

   S-matrix    4 =    1.00000   0.00000 for L=   32, J=   31.5 channel on core I =   1.5 from L=   32,  Acc. loss =  0.0 D.
 Elastic phase shift   4 =    0.000   0.000 deg. for the L =   32, J =   31.5 channel.
      30.0  0.99999987  0.00000183i: elastic S-matrix  @@      0.00  0   0 F  0
 Reaction Xsec    30.0-/32 @ 4 =   8.485#, Out:   0.000#   0.000#   0.000f


 Total SPIN, PARITY =    31.0 +,      4 chs,      0 cc.  Rmin & Coul turning =    2.5   11.8
   S-matrix    1 =    1.00000   0.00001 for L=   29, J=   29.5 channel on core I =   1.5 from L=   29,  Acc. loss =  0.0 D.
 Elastic phase shift   1 =    0.000   0.000 deg. for the L =   29, J =   29.5 channel.
      31.0  0.99999891  0.00001132i: elastic S-matrix  @@      0.00  0   0 F  0
 Reaction Xsec    31.0+/29 @ 1 =   0.075/, Out:   0.000#   0.000#   0.000f

   S-matrix    2 =    1.00000   0.00000 for L=   31, J=   30.5 channel on core I =   1.5 from L=   31,  Acc. loss =  0.0 D.
 Elastic phase shift   2 =    0.000   0.000 deg. for the L =   31, J =   30.5 channel.
      31.0  0.99999974  0.00000328i: elastic S-matrix  @@      0.00  0   0 F  0
 Reaction Xsec    31.0+/31 @ 2 =   0.018/, Out:   0.000#   0.000#   0.000f

   S-matrix    3 =    1.00000   0.00000 for L=   31, J=   31.5 channel on core I =   1.5 from L=   31,  Acc. loss =  0.0 D.
 Elastic phase shift   3 =    0.000   0.000 deg. for the L =   31, J =   31.5 channel.
      31.0  0.99999974  0.00000345i: elastic S-matrix  @@      0.00  0   0 F  0
 Reaction Xsec    31.0+/31 @ 3 =   0.018/, Out:   0.000#   0.000#   0.000f

   S-matrix    4 =    1.00000   0.00000 for L=   33, J=   32.5 channel on core I =   1.5 from L=   33,  Acc. loss =  0.0 D.
 Elastic phase shift   4 =    0.000   0.000 deg. for the L =   33, J =   32.5 channel.
      31.0  0.99999994  0.00000104i: elastic S-matrix  @@      0.00  0   0 F  0
 Reaction Xsec    31.0+/33 @ 4 =   4.277#, Out:   0.000#   0.000#   0.000f


 Total SPIN, PARITY =    31.0 -,      5 chs,      0 cc.  Rmin & Coul turning =    2.5   11.8
   S-matrix    1 =    1.00000   0.00001 for L=   30, J=   29.5 channel on core I =   1.5 from L=   30,  Acc. loss =  0.0 D.
 Elastic phase shift   1 =    0.000   0.000 deg. for the L =   30, J =   29.5 channel.
      31.0  0.99999947  0.00000588i: elastic S-matrix  @@      0.02  0   0 F  0
 Reaction Xsec    31.0-/30 @ 1 =   0.037/, Out:   0.000#   0.000#   0.000f

   S-matrix    2 =    1.00000   0.00001 for L=   30, J=   30.5 channel on core I =   1.5 from L=   30,  Acc. loss =  0.0 D.
 Elastic phase shift   2 =    0.000   0.000 deg. for the L =   30, J =   30.5 channel.
      31.0  0.99999947  0.00000624i: elastic S-matrix  @@      0.00  0   0 F  0
 Reaction Xsec    31.0-/30 @ 2 =   0.037/, Out:   0.000#   0.000#   0.000f

   S-matrix    3 =    1.00000   0.00000 for L=   32, J=   31.5 channel on core I =   1.5 from L=   32,  Acc. loss =  0.0 D.
 Elastic phase shift   3 =    0.000   0.000 deg. for the L =   32, J =   31.5 channel.
      31.0  0.99999987  0.00000183i: elastic S-matrix  @@      0.02  0   0 F  0
 Reaction Xsec    31.0-/32 @ 3 =   8.763#, Out:   0.000#   0.000#   0.000f

   S-matrix    4 =    1.00000   0.00000 for L=   32, J=   32.5 channel on core I =   1.5 from L=   32,  Acc. loss =  0.0 D.
 Elastic phase shift   4 =    0.000   0.000 deg. for the L =   32, J =   32.5 channel.
      31.0  0.99999987  0.00000191i: elastic S-matrix  @@      0.00  0   0 F  0
 Reaction Xsec    31.0-/32 @ 4 =   8.763#, Out:   0.000#   0.000#   0.000f


 Total SPIN, PARITY =    32.0 +,      5 chs,      0 cc.  Rmin & Coul turning =    2.6   12.2
   S-matrix    1 =    1.00000   0.00000 for L=   31, J=   30.5 channel on core I =   1.5 from L=   31,  Acc. loss =  0.0 D.
 Elastic phase shift   1 =    0.000   0.000 deg. for the L =   31, J =   30.5 channel.
      32.0  0.99999974  0.00000328i: elastic S-matrix  @@      0.02  0   0 F  0
 Reaction Xsec    32.0+/31 @ 1 =   0.019/, Out:   0.000#   0.000#   0.000f

   S-matrix    2 =    1.00000   0.00000 for L=   31, J=   31.5 channel on core I =   1.5 from L=   31,  Acc. loss =  0.0 D.
 Elastic phase shift   2 =    0.000   0.000 deg. for the L =   31, J =   31.5 channel.
      32.0  0.99999974  0.00000345i: elastic S-matrix  @@      0.00  0   0 F  0
 Reaction Xsec    32.0+/31 @ 2 =   0.019/, Out:   0.000#   0.000#   0.000f

   S-matrix    3 =    1.00000   0.00000 for L=   33, J=   32.5 channel on core I =   1.5 from L=   33,  Acc. loss =  0.0 D.
 Elastic phase shift   3 =    0.000   0.000 deg. for the L =   33, J =   32.5 channel.
      32.0  0.99999994  0.00000104i: elastic S-matrix  @@      0.02  0   0 F  0
 Reaction Xsec    32.0+/33 @ 3 =   4.412#, Out:   0.000#   0.000#   0.000f

   S-matrix    4 =    1.00000   0.00000 for L=   33, J=   33.5 channel on core I =   1.5 from L=   33,  Acc. loss =  0.0 D.
 Elastic phase shift   4 =    0.000   0.000 deg. for the L =   33, J =   33.5 channel.
      32.0  0.99999994  0.00000108i: elastic S-matrix  @@      0.00  0   0 F  0
 Reaction Xsec    32.0+/33 @ 4 =   4.412#, Out:   0.000#   0.000#   0.000f


 Total SPIN, PARITY =    32.0 -,      4 chs,      0 cc.  Rmin & Coul turning =    2.6   12.2
   S-matrix    1 =    1.00000   0.00001 for L=   30, J=   30.5 channel on core I =   1.5 from L=   30,  Acc. loss =  0.0 D.
 Elastic phase shift   1 =    0.000   0.000 deg. for the L =   30, J =   30.5 channel.
      32.0  0.99999947  0.00000624i: elastic S-matrix  @@      0.00  0   0 F  0
 Reaction Xsec    32.0-/30 @ 1 =   0.038/, Out:   0.000#   0.000#   0.000f

   S-matrix    2 =    1.00000   0.00000 for L=   32, J=   31.5 channel on core I =   1.5 from L=   32,  Acc. loss =  0.0 D.
 Elastic phase shift   2 =    0.000   0.000 deg. for the L =   32, J =   31.5 channel.
      32.0  0.99999987  0.00000183i: elastic S-matrix  @@      0.00  0   0 F  0
 Reaction Xsec    32.0-/32 @ 2 =   9.042#, Out:   0.000#   0.000#   0.000f

   S-matrix    3 =    1.00000   0.00000 for L=   32, J=   32.5 channel on core I =   1.5 from L=   32,  Acc. loss =  0.0 D.
 Elastic phase shift   3 =    0.000   0.000 deg. for the L =   32, J =   32.5 channel.
      32.0  0.99999987  0.00000191i: elastic S-matrix  @@      0.00  0   0 F  0
 Reaction Xsec    32.0-/32 @ 3 =   9.042#, Out:   0.000#   0.000#   0.000f

   S-matrix    4 =    1.00000   0.00000 for L=   34, J=   33.5 channel on core I =   1.5 from L=   34,  Acc. loss =  0.0 D.
 Elastic phase shift   4 =    0.000   0.000 deg. for the L =   34, J =   33.5 channel.
      32.0  0.99999997  0.00000060i: elastic S-matrix  @@      0.00  0   0 F  0
 Reaction Xsec    32.0-/34 @ 4 =   2.152#, Out:   0.000#   0.000#   0.000f


 Total SPIN, PARITY =    33.0 +,      4 chs,      0 cc.  Rmin & Coul turning =    2.6   12.5
   S-matrix    1 =    1.00000   0.00000 for L=   31, J=   31.5 channel on core I =   1.5 from L=   31,  Acc. loss =  0.0 D.
 Elastic phase shift   1 =    0.000   0.000 deg. for the L =   31, J =   31.5 channel.
      33.0  0.99999974  0.00000345i: elastic S-matrix  @@      0.00  0   0 F  0
 Reaction Xsec    33.0+/31 @ 1 =   0.019/, Out:   0.000#   0.000#   0.000f

   S-matrix    2 =    1.00000   0.00000 for L=   33, J=   32.5 channel on core I =   1.5 from L=   33,  Acc. loss =  0.0 D.
 Elastic phase shift   2 =    0.000   0.000 deg. for the L =   33, J =   32.5 channel.
      33.0  0.99999994  0.00000104i: elastic S-matrix  @@      0.00  0   0 F  0
 Reaction Xsec    33.0+/33 @ 2 =   4.548#, Out:   0.000#   0.000#   0.000f

   S-matrix    3 =    1.00000   0.00000 for L=   33, J=   33.5 channel on core I =   1.5 from L=   33,  Acc. loss =  0.0 D.
 Elastic phase shift   3 =    0.000   0.000 deg. for the L =   33, J =   33.5 channel.
      33.0  0.99999994  0.00000108i: elastic S-matrix  @@      0.00  0   0 F  0
 Reaction Xsec    33.0+/33 @ 3 =   4.548#, Out:   0.000#   0.000#   0.000f

   S-matrix    4 =    1.00000   0.00000 for L=   35, J=   34.5 channel on core I =   1.5 from L=   35,  Acc. loss =  0.0 D.
 Elastic phase shift   4 =    0.000   0.000 deg. for the L =   35, J =   34.5 channel.
      33.0  0.99999999  0.00000035i: elastic S-matrix  @@      0.00  0   0 F  0
 Reaction Xsec    33.0+/35 @ 4 =   1.082#, Out:   0.000#   0.000#   0.000f


 Total SPIN, PARITY =    33.0 -,      5 chs,      0 cc.  Rmin & Coul turning =    2.6   12.5
   S-matrix    1 =    1.00000   0.00000 for L=   32, J=   31.5 channel on core I =   1.5 from L=   32,  Acc. loss =  0.0 D.
 Elastic phase shift   1 =    0.000   0.000 deg. for the L =   32, J =   31.5 channel.
      33.0  0.99999987  0.00000183i: elastic S-matrix  @@      0.02  0   0 F  0
 Reaction Xsec    33.0-/32 @ 1 =   9.320#, Out:   0.000#   0.000#   0.000f

   S-matrix    2 =    1.00000   0.00000 for L=   32, J=   32.5 channel on core I =   1.5 from L=   32,  Acc. loss =  0.0 D.
 Elastic phase shift   2 =    0.000   0.000 deg. for the L =   32, J =   32.5 channel.
      33.0  0.99999987  0.00000191i: elastic S-matrix  @@      0.00  0   0 F  0
 Reaction Xsec    33.0-/32 @ 2 =   9.320#, Out:   0.000#   0.000#   0.000f

   S-matrix    3 =    1.00000   0.00000 for L=   34, J=   33.5 channel on core I =   1.5 from L=   34,  Acc. loss =  0.0 D.
 Elastic phase shift   3 =    0.000   0.000 deg. for the L =   34, J =   33.5 channel.
      33.0  0.99999997  0.00000060i: elastic S-matrix  @@      0.02  0   0 F  0
 Reaction Xsec    33.0-/34 @ 3 =   2.218#, Out:   0.000#   0.000#   0.000f

   S-matrix    4 =    1.00000   0.00000 for L=   34, J=   34.5 channel on core I =   1.5 from L=   34,  Acc. loss =  0.0 D.
 Elastic phase shift   4 =    0.000   0.000 deg. for the L =   34, J =   34.5 channel.
      33.0  0.99999997  0.00000062i: elastic S-matrix  @@      0.00  0   0 F  0
 Reaction Xsec    33.0-/34 @ 4 =   2.218#, Out:   0.000#   0.000#   0.000f


 Total SPIN, PARITY =    34.0 +,      5 chs,      0 cc.  Rmin & Coul turning =    2.7   12.9
   S-matrix    1 =    1.00000   0.00000 for L=   33, J=   32.5 channel on core I =   1.5 from L=   33,  Acc. loss =  0.0 D.
 Elastic phase shift   1 =    0.000   0.000 deg. for the L =   33, J =   32.5 channel.
      34.0  0.99999994  0.00000104i: elastic S-matrix  @@      0.02  0   0 F  0
 Reaction Xsec    34.0+/33 @ 1 =   4.684#, Out:   0.000#   0.000#   0.000f

   S-matrix    2 =    1.00000   0.00000 for L=   33, J=   33.5 channel on core I =   1.5 from L=   33,  Acc. loss =  0.0 D.
 Elastic phase shift   2 =    0.000   0.000 deg. for the L =   33, J =   33.5 channel.
      34.0  0.99999994  0.00000108i: elastic S-matrix  @@      0.00  0   0 F  0
 Reaction Xsec    34.0+/33 @ 2 =   4.684#, Out:   0.000#   0.000#   0.000f

   S-matrix    3 =    1.00000   0.00000 for L=   35, J=   34.5 channel on core I =   1.5 from L=   35,  Acc. loss =  0.0 D.
 Elastic phase shift   3 =    0.000   0.000 deg. for the L =   35, J =   34.5 channel.
      34.0  0.99999999  0.00000035i: elastic S-matrix  @@      0.02  0   0 F  0
 Reaction Xsec    34.0+/35 @ 3 =   1.114#, Out:   0.000#   0.000#   0.000f

   S-matrix    4 =    1.00000   0.00000 for L=   35, J=   35.5 channel on core I =   1.5 from L=   35,  Acc. loss =  0.0 D.
 Elastic phase shift   4 =    0.000   0.000 deg. for the L =   35, J =   35.5 channel.
      34.0  0.99999999  0.00000036i: elastic S-matrix  @@      0.00  0   0 F  0
 Reaction Xsec    34.0+/35 @ 4 =   1.114#, Out:   0.000#   0.000#   0.000f


 Total SPIN, PARITY =    34.0 -,      4 chs,      0 cc.  Rmin & Coul turning =    2.7   12.9
   S-matrix    1 =    1.00000   0.00000 for L=   32, J=   32.5 channel on core I =   1.5 from L=   32,  Acc. loss =  0.0 D.
 Elastic phase shift   1 =    0.000   0.000 deg. for the L =   32, J =   32.5 channel.
      34.0  0.99999987  0.00000191i: elastic S-matrix  @@      0.00  0   0 F  0
 Reaction Xsec    34.0-/32 @ 1 =   9.598#, Out:   0.000#   0.000#   0.000f

   S-matrix    2 =    1.00000   0.00000 for L=   34, J=   33.5 channel on core I =   1.5 from L=   34,  Acc. loss =  0.0 D.
 Elastic phase shift   2 =    0.000   0.000 deg. for the L =   34, J =   33.5 channel.
      34.0  0.99999997  0.00000060i: elastic S-matrix  @@      0.00  0   0 F  0
 Reaction Xsec    34.0-/34 @ 2 =   2.285#, Out:   0.000#   0.000#   0.000f

   S-matrix    3 =    1.00000   0.00000 for L=   34, J=   34.5 channel on core I =   1.5 from L=   34,  Acc. loss =  0.0 D.
 Elastic phase shift   3 =    0.000   0.000 deg. for the L =   34, J =   34.5 channel.
      34.0  0.99999997  0.00000062i: elastic S-matrix  @@      0.00  0   0 F  0
 Reaction Xsec    34.0-/34 @ 3 =   2.285#, Out:   0.000#   0.000#   0.000f

   S-matrix    4 =    1.00000   0.00000 for L=   36, J=   35.5 channel on core I =   1.5 from L=   36,  Acc. loss =  0.0 D.
 Elastic phase shift   4 =    0.000   0.000 deg. for the L =   36, J =   35.5 channel.
      34.0  0.99999999  0.00000022i: elastic S-matrix  @@      0.00  0   0 F  0
 Reaction Xsec    34.0-/36 @ 4 =   0.543#, Out:   0.000#   0.000#   0.000f


 Total SPIN, PARITY =    35.0 +,      4 chs,      0 cc.  Rmin & Coul turning =    2.8   13.3
   S-matrix    1 =    1.00000   0.00000 for L=   33, J=   33.5 channel on core I =   1.5 from L=   33,  Acc. loss =  0.0 D.
 Elastic phase shift   1 =    0.000   0.000 deg. for the L =   33, J =   33.5 channel.
      35.0  0.99999994  0.00000108i: elastic S-matrix  @@      0.00  0   0 F  0
 Reaction Xsec    35.0+/33 @ 1 =   4.820#, Out:   0.000#   0.000#   0.000f

   S-matrix    2 =    1.00000   0.00000 for L=   35, J=   34.5 channel on core I =   1.5 from L=   35,  Acc. loss =  0.0 D.
 Elastic phase shift   2 =    0.000   0.000 deg. for the L =   35, J =   34.5 channel.
      35.0  0.99999999  0.00000035i: elastic S-matrix  @@      0.00  0   0 F  0
 Reaction Xsec    35.0+/35 @ 2 =   1.146#, Out:   0.000#   0.000#   0.000f

   S-matrix    3 =    1.00000   0.00000 for L=   35, J=   35.5 channel on core I =   1.5 from L=   35,  Acc. loss =  0.0 D.
 Elastic phase shift   3 =    0.000   0.000 deg. for the L =   35, J =   35.5 channel.
      35.0  0.99999999  0.00000036i: elastic S-matrix  @@      0.00  0   0 F  0
 Reaction Xsec    35.0+/35 @ 3 =   1.146#, Out:   0.000#   0.000#   0.000f

   S-matrix    4 =    1.00000   0.00000 for L=   37, J=   36.5 channel on core I =   1.5 from L=   37,  Acc. loss =  0.0 D.
 Elastic phase shift   4 =    0.000   0.000 deg. for the L =   37, J =   36.5 channel.
      35.0  1.00000000  0.00000014i: elastic S-matrix  @@      0.00  0   0 F  0
 Reaction Xsec    35.0+/37 @ 4 =   0.272#, Out:   0.000#   0.000#   0.000f


 Total SPIN, PARITY =    35.0 -,      5 chs,      0 cc.  Rmin & Coul turning =    2.8   13.3
   S-matrix    1 =    1.00000   0.00000 for L=   34, J=   33.5 channel on core I =   1.5 from L=   34,  Acc. loss =  0.0 D.
 Elastic phase shift   1 =    0.000   0.000 deg. for the L =   34, J =   33.5 channel.
      35.0  0.99999997  0.00000060i: elastic S-matrix  @@      0.02  0   0 F  0
 Reaction Xsec    35.0-/34 @ 1 =   2.351#, Out:   0.000#   0.000#   0.000f

   S-matrix    2 =    1.00000   0.00000 for L=   34, J=   34.5 channel on core I =   1.5 from L=   34,  Acc. loss =  0.0 D.
 Elastic phase shift   2 =    0.000   0.000 deg. for the L =   34, J =   34.5 channel.
      35.0  0.99999997  0.00000062i: elastic S-matrix  @@      0.00  0   0 F  0
 Reaction Xsec    35.0-/34 @ 2 =   2.351#, Out:   0.000#   0.000#   0.000f

   S-matrix    3 =    1.00000   0.00000 for L=   36, J=   35.5 channel on core I =   1.5 from L=   36,  Acc. loss =  0.0 D.
 Elastic phase shift   3 =    0.000   0.000 deg. for the L =   36, J =   35.5 channel.
      35.0  0.99999999  0.00000022i: elastic S-matrix  @@      0.00  0   0 F  0
 Reaction Xsec    35.0-/36 @ 3 =   0.559#, Out:   0.000#   0.000#   0.000f

   S-matrix    4 =    1.00000   0.00000 for L=   36, J=   36.5 channel on core I =   1.5 from L=   36,  Acc. loss =  0.0 D.
 Elastic phase shift   4 =    0.000   0.000 deg. for the L =   36, J =   36.5 channel.
      35.0  0.99999999  0.00000023i: elastic S-matrix  @@      0.02  0   0 F  0
 Reaction Xsec    35.0-/36 @ 4 =   0.559#, Out:   0.000#   0.000#   0.000f


 Total SPIN, PARITY =    36.0 +,      5 chs,      0 cc.  Rmin & Coul turning =    2.9   13.7
   S-matrix    1 =    1.00000   0.00000 for L=   35, J=   34.5 channel on core I =   1.5 from L=   35,  Acc. loss =  0.0 D.
 Elastic phase shift   1 =    0.000   0.000 deg. for the L =   35, J =   34.5 channel.
      36.0  0.99999999  0.00000035i: elastic S-matrix  @@      0.02  0   0 F  0
 Reaction Xsec    36.0+/35 @ 1 =   1.179#, Out:   0.000#   0.000#   0.000f

   S-matrix    2 =    1.00000   0.00000 for L=   35, J=   35.5 channel on core I =   1.5 from L=   35,  Acc. loss =  0.0 D.
 Elastic phase shift   2 =    0.000   0.000 deg. for the L =   35, J =   35.5 channel.
      36.0  0.99999999  0.00000036i: elastic S-matrix  @@      0.00  0   0 F  0
 Reaction Xsec    36.0+/35 @ 2 =   1.179#, Out:   0.000#   0.000#   0.000f

   S-matrix    3 =    1.00000   0.00000 for L=   37, J=   36.5 channel on core I =   1.5 from L=   37,  Acc. loss =  0.0 D.
 Elastic phase shift   3 =    0.000   0.000 deg. for the L =   37, J =   36.5 channel.
      36.0  1.00000000  0.00000014i: elastic S-matrix  @@      0.00  0   0 F  0
 Reaction Xsec    36.0+/37 @ 3 =   0.280#, Out:   0.000#   0.000#   0.000f

   S-matrix    4 =    1.00000   0.00000 for L=   37, J=   37.5 channel on core I =   1.5 from L=   37,  Acc. loss =  0.0 D.
 Elastic phase shift   4 =    0.000   0.000 deg. for the L =   37, J =   37.5 channel.
      36.0  1.00000000  0.00000014i: elastic S-matrix  @@      0.02  0   0 F  0
 Reaction Xsec    36.0+/37 @ 4 =   0.280#, Out:   0.000#   0.000#   0.000f


 Total SPIN, PARITY =    36.0 -,      4 chs,      0 cc.  Rmin & Coul turning =    2.9   13.7
   S-matrix    1 =    1.00000   0.00000 for L=   34, J=   34.5 channel on core I =   1.5 from L=   34,  Acc. loss =  0.0 D.
 Elastic phase shift   1 =    0.000   0.000 deg. for the L =   34, J =   34.5 channel.
      36.0  0.99999997  0.00000062i: elastic S-matrix  @@      0.00  0   0 F  0
 Reaction Xsec    36.0-/34 @ 1 =   2.417#, Out:   0.000#   0.000#   0.000f

   S-matrix    2 =    1.00000   0.00000 for L=   36, J=   35.5 channel on core I =   1.5 from L=   36,  Acc. loss =  0.0 D.
 Elastic phase shift   2 =    0.000   0.000 deg. for the L =   36, J =   35.5 channel.
      36.0  0.99999999  0.00000022i: elastic S-matrix  @@      0.00  0   0 F  0
 Reaction Xsec    36.0-/36 @ 2 =   0.574#, Out:   0.000#   0.000#   0.000f

   S-matrix    3 =    1.00000   0.00000 for L=   36, J=   36.5 channel on core I =   1.5 from L=   36,  Acc. loss =  0.0 D.
 Elastic phase shift   3 =    0.000   0.000 deg. for the L =   36, J =   36.5 channel.
      36.0  0.99999999  0.00000023i: elastic S-matrix  @@      0.00  0   0 F  0
 Reaction Xsec    36.0-/36 @ 3 =   0.574#, Out:   0.000#   0.000#   0.000f

   S-matrix    4 =    1.00000   0.00000 for L=   38, J=   37.5 channel on core I =   1.5 from L=   38,  Acc. loss =  0.0 D.
 Elastic phase shift   4 =    0.000   0.000 deg. for the L =   38, J =   37.5 channel.
      36.0  1.00000000  0.00000009i: elastic S-matrix  @@      0.00  0   0 F  0
 Reaction Xsec    36.0-/38 @ 4 =   0.136#, Out:   0.000#   0.000#   0.000f


 Total SPIN, PARITY =    37.0 +,      4 chs,      0 cc.  Rmin & Coul turning =    3.0   14.0
   S-matrix    1 =    1.00000   0.00000 for L=   35, J=   35.5 channel on core I =   1.5 from L=   35,  Acc. loss =  0.0 D.
 Elastic phase shift   1 =    0.000   0.000 deg. for the L =   35, J =   35.5 channel.
      37.0  0.99999999  0.00000036i: elastic S-matrix  @@      0.00  0   0 F  0
 Reaction Xsec    37.0+/35 @ 1 =   1.211#, Out:   0.000#   0.000#   0.000f

   S-matrix    2 =    1.00000   0.00000 for L=   37, J=   36.5 channel on core I =   1.5 from L=   37,  Acc. loss =  0.0 D.
 Elastic phase shift   2 =    0.000   0.000 deg. for the L =   37, J =   36.5 channel.
      37.0  1.00000000  0.00000014i: elastic S-matrix  @@      0.00  0   0 F  0
 Reaction Xsec    37.0+/37 @ 2 =   0.288#, Out:   0.000#   0.000#   0.000f

   S-matrix    3 =    1.00000   0.00000 for L=   37, J=   37.5 channel on core I =   1.5 from L=   37,  Acc. loss =  0.0 D.
 Elastic phase shift   3 =    0.000   0.000 deg. for the L =   37, J =   37.5 channel.
      37.0  1.00000000  0.00000014i: elastic S-matrix  @@      0.00  0   0 F  0
 Reaction Xsec    37.0+/37 @ 3 =   0.288#, Out:   0.000#   0.000#   0.000f

   S-matrix    4 =    1.00000   0.00000 for L=   39, J=   38.5 channel on core I =   1.5 from L=   39,  Acc. loss =  0.0 D.
 Elastic phase shift   4 =    0.000   0.000 deg. for the L =   39, J =   38.5 channel.
      37.0  1.00000000  0.00000008i: elastic S-matrix  @@      0.00  0   0 F  0
 Reaction Xsec    37.0+/39 @ 4 =   0.068#, Out:   0.000#   0.000#   0.000f


 Total SPIN, PARITY =    37.0 -,      5 chs,      0 cc.  Rmin & Coul turning =    3.0   14.0
   S-matrix    1 =    1.00000   0.00000 for L=   36, J=   35.5 channel on core I =   1.5 from L=   36,  Acc. loss =  0.0 D.
 Elastic phase shift   1 =    0.000   0.000 deg. for the L =   36, J =   35.5 channel.
      37.0  0.99999999  0.00000022i: elastic S-matrix  @@      0.02  0   0 F  0
 Reaction Xsec    37.0-/36 @ 1 =   0.590#, Out:   0.000#   0.000#   0.000f

   S-matrix    2 =    1.00000   0.00000 for L=   36, J=   36.5 channel on core I =   1.5 from L=   36,  Acc. loss =  0.0 D.
 Elastic phase shift   2 =    0.000   0.000 deg. for the L =   36, J =   36.5 channel.
      37.0  0.99999999  0.00000023i: elastic S-matrix  @@      0.00  0   0 F  0
 Reaction Xsec    37.0-/36 @ 2 =   0.590#, Out:   0.000#   0.000#   0.000f

   S-matrix    3 =    1.00000   0.00000 for L=   38, J=   37.5 channel on core I =   1.5 from L=   38,  Acc. loss =  0.0 D.
 Elastic phase shift   3 =    0.000   0.000 deg. for the L =   38, J =   37.5 channel.
      37.0  1.00000000  0.00000009i: elastic S-matrix  @@      0.00  0   0 F  0
 Reaction Xsec    37.0-/38 @ 3 =   0.140#, Out:   0.000#   0.000#   0.000f

   S-matrix    4 =    1.00000   0.00000 for L=   38, J=   38.5 channel on core I =   1.5 from L=   38,  Acc. loss =  0.0 D.
 Elastic phase shift   4 =    0.000   0.000 deg. for the L =   38, J =   38.5 channel.
      37.0  1.00000000  0.00000009i: elastic S-matrix  @@      0.02  0   0 F  0
 Reaction Xsec    37.0-/38 @ 4 =   0.140#, Out:   0.000#   0.000#   0.000f


 Total SPIN, PARITY =    38.0 +,      5 chs,      0 cc.  Rmin & Coul turning =    3.0   14.4
   S-matrix    1 =    1.00000   0.00000 for L=   37, J=   36.5 channel on core I =   1.5 from L=   37,  Acc. loss =  0.0 D.
 Elastic phase shift   1 =    0.000   0.000 deg. for the L =   37, J =   36.5 channel.
      38.0  1.00000000  0.00000014i: elastic S-matrix  @@      0.00  0   0 F  0
 Reaction Xsec    38.0+/37 @ 1 =   0.295#, Out:   0.000#   0.000#   0.000f

   S-matrix    2 =    1.00000   0.00000 for L=   37, J=   37.5 channel on core I =   1.5 from L=   37,  Acc. loss =  0.0 D.
 Elastic phase shift   2 =    0.000   0.000 deg. for the L =   37, J =   37.5 channel.
      38.0  1.00000000  0.00000014i: elastic S-matrix  @@      0.02  0   0 F  0
 Reaction Xsec    38.0+/37 @ 2 =   0.295#, Out:   0.000#   0.000#   0.000f

   S-matrix    3 =    1.00000   0.00000 for L=   39, J=   38.5 channel on core I =   1.5 from L=   39,  Acc. loss =  0.0 D.
 Elastic phase shift   3 =    0.000   0.000 deg. for the L =   39, J =   38.5 channel.
      38.0  1.00000000  0.00000008i: elastic S-matrix  @@      0.00  0   0 F  0
 Reaction Xsec    38.0+/39 @ 3 =   0.070#, Out:   0.000#   0.000#   0.000f

   S-matrix    4 =    1.00000   0.00000 for L=   39, J=   39.5 channel on core I =   1.5 from L=   39,  Acc. loss =  0.0 D.
 Elastic phase shift   4 =    0.000   0.000 deg. for the L =   39, J =   39.5 channel.
      38.0  1.00000000  0.00000008i: elastic S-matrix  @@      0.00  0   0 F  0
 Reaction Xsec    38.0+/39 @ 4 =   0.070#, Out:   0.000#   0.000#   0.000f


 Total SPIN, PARITY =    38.0 -,      4 chs,      0 cc.  Rmin & Coul turning =    3.0   14.4
   S-matrix    1 =    1.00000   0.00000 for L=   36, J=   36.5 channel on core I =   1.5 from L=   36,  Acc. loss =  0.0 D.
 Elastic phase shift   1 =    0.000   0.000 deg. for the L =   36, J =   36.5 channel.
      38.0  0.99999999  0.00000023i: elastic S-matrix  @@      0.00  0   0 F  0
 Reaction Xsec    38.0-/36 @ 1 =   0.606#, Out:   0.000#   0.000#   0.000f

   S-matrix    2 =    1.00000   0.00000 for L=   38, J=   37.5 channel on core I =   1.5 from L=   38,  Acc. loss =  0.0 D.
 Elastic phase shift   2 =    0.000   0.000 deg. for the L =   38, J =   37.5 channel.
      38.0  1.00000000  0.00000009i: elastic S-matrix  @@      0.00  0   0 F  0
 Reaction Xsec    38.0-/38 @ 2 =   0.144#, Out:   0.000#   0.000#   0.000f

   S-matrix    3 =    1.00000   0.00000 for L=   38, J=   38.5 channel on core I =   1.5 from L=   38,  Acc. loss =  0.0 D.
 Elastic phase shift   3 =    0.000   0.000 deg. for the L =   38, J =   38.5 channel.
      38.0  1.00000000  0.00000009i: elastic S-matrix  @@      0.00  0   0 F  0
 Reaction Xsec    38.0-/38 @ 3 =   0.144#, Out:   0.000#   0.000#   0.000f

   S-matrix    4 =    1.00000   0.00000 for L=   40, J=   39.5 channel on core I =   1.5 from L=   40,  Acc. loss =  0.0 D.
 Elastic phase shift   4 =    0.000   0.000 deg. for the L =   40, J =   39.5 channel.
      38.0  1.00000000  0.00000005i: elastic S-matrix  @@      0.00  0   0 F  0
 Reaction Xsec    38.0-/40 @ 4 =   0.034#, Out:   0.000#   0.000#   0.000f


 Total SPIN, PARITY =    39.0 +,      4 chs,      0 cc.  Rmin & Coul turning =    3.1   14.8
   S-matrix    1 =    1.00000   0.00000 for L=   37, J=   37.5 channel on core I =   1.5 from L=   37,  Acc. loss =  0.0 D.
 Elastic phase shift   1 =    0.000   0.000 deg. for the L =   37, J =   37.5 channel.
      39.0  1.00000000  0.00000014i: elastic S-matrix  @@      0.00  0   0 F  0
 Reaction Xsec    39.0+/37 @ 1 =   0.303#, Out:   0.000#   0.000#   0.000f

   S-matrix    2 =    1.00000   0.00000 for L=   39, J=   38.5 channel on core I =   1.5 from L=   39,  Acc. loss =  0.0 D.
 Elastic phase shift   2 =    0.000   0.000 deg. for the L =   39, J =   38.5 channel.
      39.0  1.00000000  0.00000008i: elastic S-matrix  @@      0.00  0   0 F  0
 Reaction Xsec    39.0+/39 @ 2 =   0.072#, Out:   0.000#   0.000#   0.000f

   S-matrix    3 =    1.00000   0.00000 for L=   39, J=   39.5 channel on core I =   1.5 from L=   39,  Acc. loss =  0.0 D.
 Elastic phase shift   3 =    0.000   0.000 deg. for the L =   39, J =   39.5 channel.
      39.0  1.00000000  0.00000008i: elastic S-matrix  @@      0.00  0   0 F  0
 Reaction Xsec    39.0+/39 @ 3 =   0.072#, Out:   0.000#   0.000#   0.000f

   S-matrix    4 =    1.00000   0.00000 for L=   41, J=   40.5 channel on core I =   1.5 from L=   41,  Acc. loss =  0.0 D.
 Elastic phase shift   4 =    0.000   0.000 deg. for the L =   41, J =   40.5 channel.
      39.0  1.00000000  0.00000004i: elastic S-matrix  @@      0.00  0   0 F  0
 Reaction Xsec    39.0+/41 @ 4 =   0.017#, Out:   0.000#   0.000#   0.000f


 Total SPIN, PARITY =    39.0 -,      5 chs,      0 cc.  Rmin & Coul turning =    3.1   14.8
   S-matrix    1 =    1.00000   0.00000 for L=   38, J=   37.5 channel on core I =   1.5 from L=   38,  Acc. loss =  0.0 D.
 Elastic phase shift   1 =    0.000   0.000 deg. for the L =   38, J =   37.5 channel.
      39.0  1.00000000  0.00000009i: elastic S-matrix  @@      0.02  0   0 F  0
 Reaction Xsec    39.0-/38 @ 1 =   0.148#, Out:   0.000#   0.000#   0.000f

   S-matrix    2 =    1.00000   0.00000 for L=   38, J=   38.5 channel on core I =   1.5 from L=   38,  Acc. loss =  0.0 D.
 Elastic phase shift   2 =    0.000   0.000 deg. for the L =   38, J =   38.5 channel.
      39.0  1.00000000  0.00000009i: elastic S-matrix  @@      0.02  0   0 F  0
 Reaction Xsec    39.0-/38 @ 2 =   0.148#, Out:   0.000#   0.000#   0.000f

   S-matrix    3 =    1.00000   0.00000 for L=   40, J=   39.5 channel on core I =   1.5 from L=   40,  Acc. loss =  0.0 D.
 Elastic phase shift   3 =    0.000   0.000 deg. for the L =   40, J =   39.5 channel.
      39.0  1.00000000  0.00000005i: elastic S-matrix  @@      0.00  0   0 F  0
 Reaction Xsec    39.0-/40 @ 3 =   0.035#, Out:   0.000#   0.000#   0.000f

   S-matrix    4 =    1.00000   0.00000 for L=   40, J=   40.5 channel on core I =   1.5 from L=   40,  Acc. loss =  0.0 D.
 Elastic phase shift   4 =    0.000   0.000 deg. for the L =   40, J =   40.5 channel.
      39.0  1.00000000  0.00000005i: elastic S-matrix  @@      0.00  0   0 F  0
 Reaction Xsec    39.0-/40 @ 4 =   0.035#, Out:   0.000#   0.000#   0.000f


 Total SPIN, PARITY =    40.0 +,      5 chs,      0 cc.  Rmin & Coul turning =    3.2   15.2
   S-matrix    1 =    1.00000   0.00000 for L=   39, J=   38.5 channel on core I =   1.5 from L=   39,  Acc. loss =  0.0 D.
 Elastic phase shift   1 =    0.000   0.000 deg. for the L =   39, J =   38.5 channel.
      40.0  1.00000000  0.00000008i: elastic S-matrix  @@      0.02  0   0 F  0
 Reaction Xsec    40.0+/39 @ 1 =   0.074#, Out:   0.000#   0.000#   0.000f

   S-matrix    2 =    1.00000   0.00000 for L=   39, J=   39.5 channel on core I =   1.5 from L=   39,  Acc. loss =  0.0 D.
 Elastic phase shift   2 =    0.000   0.000 deg. for the L =   39, J =   39.5 channel.
      40.0  1.00000000  0.00000008i: elastic S-matrix  @@      0.02  0   0 F  0
 Reaction Xsec    40.0+/39 @ 2 =   0.074#, Out:   0.000#   0.000#   0.000f

   S-matrix    3 =    1.00000   0.00000 for L=   41, J=   40.5 channel on core I =   1.5 from L=   41,  Acc. loss =  0.0 D.
 Elastic phase shift   3 =    0.000   0.000 deg. for the L =   41, J =   40.5 channel.
      40.0  1.00000000  0.00000004i: elastic S-matrix  @@      0.00  0   0 F  0
 Reaction Xsec    40.0+/41 @ 3 =   0.017#, Out:   0.000#   0.000#   0.000f

   S-matrix    4 =    1.00000   0.00000 for L=   41, J=   41.5 channel on core I =   1.5 from L=   41,  Acc. loss =  0.0 D.
 Elastic phase shift   4 =    0.000   0.000 deg. for the L =   41, J =   41.5 channel.
      40.0  1.00000000  0.00000004i: elastic S-matrix  @@      0.00  0   0 F  0
 Reaction Xsec    40.0+/41 @ 4 =   0.017#, Out:   0.000#   0.000#   0.000f


 Total SPIN, PARITY =    40.0 -,      4 chs,      0 cc.  Rmin & Coul turning =    3.2   15.2
   S-matrix    1 =    1.00000   0.00000 for L=   38, J=   38.5 channel on core I =   1.5 from L=   38,  Acc. loss =  0.0 D.
 Elastic phase shift   1 =    0.000   0.000 deg. for the L =   38, J =   38.5 channel.
      40.0  1.00000000  0.00000009i: elastic S-matrix  @@      0.00  0   0 F  0
 Reaction Xsec    40.0-/38 @ 1 =   0.151#, Out:   0.000#   0.000#   0.000f

   S-matrix    2 =    1.00000   0.00000 for L=   40, J=   39.5 channel on core I =   1.5 from L=   40,  Acc. loss =  0.0 D.
 Elastic phase shift   2 =    0.000   0.000 deg. for the L =   40, J =   39.5 channel.
      40.0  1.00000000  0.00000005i: elastic S-matrix  @@      0.00  0   0 F  0
 Reaction Xsec    40.0-/40 @ 2 =   0.036#, Out:   0.000#   0.000#   0.000f

   S-matrix    3 =    1.00000   0.00000 for L=   40, J=   40.5 channel on core I =   1.5 from L=   40,  Acc. loss =  0.0 D.
 Elastic phase shift   3 =    0.000   0.000 deg. for the L =   40, J =   40.5 channel.
      40.0  1.00000000  0.00000005i: elastic S-matrix  @@      0.00  0   0 F  0
 Reaction Xsec    40.0-/40 @ 3 =   0.036#, Out:   0.000#   0.000#   0.000f

   S-matrix    4 =    1.00000   0.00000 for L=   42, J=   41.5 channel on core I =   1.5 from L=   42,  Acc. loss =  0.0 D.
 Elastic phase shift   4 =    0.000   0.000 deg. for the L =   42, J =   41.5 channel.
      40.0  1.00000000  0.00000005i: elastic S-matrix  @@      0.00  0   0 F  0
 Reaction Xsec    40.0-/42 @ 4 =   0.008#, Out:   0.000#   0.000#   0.000f


 Total SPIN, PARITY =    41.0 +,      4 chs,      0 cc.  Rmin & Coul turning =    3.2   15.5
   S-matrix    1 =    1.00000   0.00000 for L=   39, J=   39.5 channel on core I =   1.5 from L=   39,  Acc. loss =  0.0 D.
 Elastic phase shift   1 =    0.000   0.000 deg. for the L =   39, J =   39.5 channel.
      41.0  1.00000000  0.00000008i: elastic S-matrix  @@      0.00  0   0 F  0
 Reaction Xsec    41.0+/39 @ 1 =   0.075#, Out:   0.000#   0.000#   0.000f

   S-matrix    2 =    1.00000   0.00000 for L=   41, J=   40.5 channel on core I =   1.5 from L=   41,  Acc. loss =  0.0 D.
 Elastic phase shift   2 =    0.000   0.000 deg. for the L =   41, J =   40.5 channel.
      41.0  1.00000000  0.00000004i: elastic S-matrix  @@      0.00  0   0 F  0
 Reaction Xsec    41.0+/41 @ 2 =   0.018#, Out:   0.000#   0.000#   0.000f

   S-matrix    3 =    1.00000   0.00000 for L=   41, J=   41.5 channel on core I =   1.5 from L=   41,  Acc. loss =  0.0 D.
 Elastic phase shift   3 =    0.000   0.000 deg. for the L =   41, J =   41.5 channel.
      41.0  1.00000000  0.00000004i: elastic S-matrix  @@      0.00  0   0 F  0
 Reaction Xsec    41.0+/41 @ 3 =   0.018#, Out:   0.000#   0.000#   0.000f

   S-matrix    4 =    1.00000   0.00000 for L=   43, J=   42.5 channel on core I =   1.5 from L=   43,  Acc. loss =  0.0 D.
 Elastic phase shift   4 =    0.000   0.000 deg. for the L =   43, J =   42.5 channel.
      41.0  1.00000000  0.00000003i: elastic S-matrix  @@      0.00  0   0 F  0
 Reaction Xsec    41.0+/43 @ 4 =   0.004#, Out:   0.000#   0.000#   0.000f


 Total SPIN, PARITY =    41.0 -,      5 chs,      0 cc.  Rmin & Coul turning =    3.2   15.5
   S-matrix    1 =    1.00000   0.00000 for L=   40, J=   39.5 channel on core I =   1.5 from L=   40,  Acc. loss =  0.0 D.
 Elastic phase shift   1 =    0.000   0.000 deg. for the L =   40, J =   39.5 channel.
      41.0  1.00000000  0.00000005i: elastic S-matrix  @@      0.02  0   0 F  0
 Reaction Xsec    41.0-/40 @ 1 =   0.037#, Out:   0.000#   0.000#   0.000f

   S-matrix    2 =    1.00000   0.00000 for L=   40, J=   40.5 channel on core I =   1.5 from L=   40,  Acc. loss =  0.0 D.
 Elastic phase shift   2 =    0.000   0.000 deg. for the L =   40, J =   40.5 channel.
      41.0  1.00000000  0.00000005i: elastic S-matrix  @@      0.00  0   0 F  0
 Reaction Xsec    41.0-/40 @ 2 =   0.037#, Out:   0.000#   0.000#   0.000f

   S-matrix    3 =    1.00000   0.00000 for L=   42, J=   41.5 channel on core I =   1.5 from L=   42,  Acc. loss =  0.0 D.
 Elastic phase shift   3 =    0.000   0.000 deg. for the L =   42, J =   41.5 channel.
      41.0  1.00000000  0.00000005i: elastic S-matrix  @@      0.02  0   0 F  0
 Reaction Xsec    41.0-/42 @ 3 =   0.009#, Out:   0.000#   0.000#   0.000f

   S-matrix    4 =    1.00000   0.00000 for L=   42, J=   42.5 channel on core I =   1.5 from L=   42,  Acc. loss =  0.0 D.
 Elastic phase shift   4 =    0.000   0.000 deg. for the L =   42, J =   42.5 channel.
      41.0  1.00000000  0.00000005i: elastic S-matrix  @@      0.00  0   0 F  0
 Reaction Xsec    41.0-/42 @ 4 =   0.009#, Out:   0.000#   0.000#   0.000f


 Total SPIN, PARITY =    42.0 +,      5 chs,      0 cc.  Rmin & Coul turning =    3.4   15.9
   S-matrix    1 =    1.00000   0.00000 for L=   41, J=   40.5 channel on core I =   1.5 from L=   41,  Acc. loss =  0.0 D.
 Elastic phase shift   1 =    0.000   0.000 deg. for the L =   41, J =   40.5 channel.
      42.0  1.00000000  0.00000004i: elastic S-matrix  @@      0.02  0   0 F  0
 Reaction Xsec    42.0+/41 @ 1 =   0.018#, Out:   0.000#   0.000#   0.000f

   S-matrix    2 =    1.00000   0.00000 for L=   41, J=   41.5 channel on core I =   1.5 from L=   41,  Acc. loss =  0.0 D.
 Elastic phase shift   2 =    0.000   0.000 deg. for the L =   41, J =   41.5 channel.
      42.0  1.00000000  0.00000004i: elastic S-matrix  @@      0.00  0   0 F  0
 Reaction Xsec    42.0+/41 @ 2 =   0.018#, Out:   0.000#   0.000#   0.000f

   S-matrix    3 =    1.00000   0.00000 for L=   43, J=   42.5 channel on core I =   1.5 from L=   43,  Acc. loss =  0.0 D.
 Elastic phase shift   3 =    0.000   0.000 deg. for the L =   43, J =   42.5 channel.
      42.0  1.00000000  0.00000003i: elastic S-matrix  @@      0.00  0   0 F  0
 Reaction Xsec    42.0+/43 @ 3 =   0.004#, Out:   0.000#   0.000#   0.000f

   S-matrix    4 =    1.00000   0.00000 for L=   43, J=   43.5 channel on core I =   1.5 from L=   43,  Acc. loss =  0.0 D.
 Elastic phase shift   4 =    0.000   0.000 deg. for the L =   43, J =   43.5 channel.
      42.0  1.00000000  0.00000003i: elastic S-matrix  @@      0.02  0   0 F  0
 Reaction Xsec    42.0+/43 @ 4 =   0.004#, Out:   0.000#   0.000#   0.000f


 Total SPIN, PARITY =    42.0 -,      4 chs,      0 cc.  Rmin & Coul turning =    3.4   15.9
   S-matrix    1 =    1.00000   0.00000 for L=   40, J=   40.5 channel on core I =   1.5 from L=   40,  Acc. loss =  0.0 D.
 Elastic phase shift   1 =    0.000   0.000 deg. for the L =   40, J =   40.5 channel.
      42.0  1.00000000  0.00000005i: elastic S-matrix  @@      0.00  0   0 F  0
 Reaction Xsec    42.0-/40 @ 1 =   0.038#, Out:   0.000#   0.000#   0.000f

   S-matrix    2 =    1.00000   0.00000 for L=   42, J=   41.5 channel on core I =   1.5 from L=   42,  Acc. loss =  0.0 D.
 Elastic phase shift   2 =    0.000   0.000 deg. for the L =   42, J =   41.5 channel.
      42.0  1.00000000  0.00000005i: elastic S-matrix  @@      0.00  0   0 F  0
 Reaction Xsec    42.0-/42 @ 2 =   0.009#, Out:   0.000#   0.000#   0.000f

   S-matrix    3 =    1.00000   0.00000 for L=   42, J=   42.5 channel on core I =   1.5 from L=   42,  Acc. loss =  0.0 D.
 Elastic phase shift   3 =    0.000   0.000 deg. for the L =   42, J =   42.5 channel.
      42.0  1.00000000  0.00000005i: elastic S-matrix  @@      0.00  0   0 F  0
 Reaction Xsec    42.0-/42 @ 3 =   0.009#, Out:   0.000#   0.000#   0.000f

   S-matrix    4 =    1.00000   0.00000 for L=   44, J=   43.5 channel on core I =   1.5 from L=   44,  Acc. loss =  0.0 D.
 Elastic phase shift   4 =    0.000   0.000 deg. for the L =   44, J =   43.5 channel.
      42.0  1.00000000  0.00000002i: elastic S-matrix  @@      0.00  0   0 F  0
 Reaction Xsec    42.0-/44 @ 4 =   0.002#, Out:   0.000#   0.000#   0.000f


 Total SPIN, PARITY =    43.0 +,      4 chs,      0 cc.  Rmin & Coul turning =    3.4   16.3
   S-matrix    1 =    1.00000   0.00000 for L=   41, J=   41.5 channel on core I =   1.5 from L=   41,  Acc. loss =  0.0 D.
 Elastic phase shift   1 =    0.000   0.000 deg. for the L =   41, J =   41.5 channel.
      43.0  1.00000000  0.00000004i: elastic S-matrix  @@      0.00  0   0 F  0
 Reaction Xsec    43.0+/41 @ 1 =   0.019#, Out:   0.000#   0.000#   0.000f

   S-matrix    2 =    1.00000   0.00000 for L=   43, J=   42.5 channel on core I =   1.5 from L=   43,  Acc. loss =  0.0 D.
 Elastic phase shift   2 =    0.000   0.000 deg. for the L =   43, J =   42.5 channel.
      43.0  1.00000000  0.00000003i: elastic S-matrix  @@      0.00  0   0 F  0
 Reaction Xsec    43.0+/43 @ 2 =   0.004#, Out:   0.000#   0.000#   0.000f

   S-matrix    3 =    1.00000   0.00000 for L=   43, J=   43.5 channel on core I =   1.5 from L=   43,  Acc. loss =  0.0 D.
 Elastic phase shift   3 =    0.000   0.000 deg. for the L =   43, J =   43.5 channel.
      43.0  1.00000000  0.00000003i: elastic S-matrix  @@      0.00  0   0 F  0
 Reaction Xsec    43.0+/43 @ 3 =   0.004#, Out:   0.000#   0.000#   0.000f

   S-matrix    4 =    1.00000   0.00000 for L=   45, J=   44.5 channel on core I =   1.5 from L=   45,  Acc. loss =  0.0 D.
 Elastic phase shift   4 =    0.000   0.000 deg. for the L =   45, J =   44.5 channel.
      43.0  1.00000000  0.00000003i: elastic S-matrix  @@      0.00  0   0 F  0
 Reaction Xsec    43.0+/45 @ 4 =   0.001#, Out:   0.000#   0.000#   0.000f


 Total SPIN, PARITY =    43.0 -,      5 chs,      0 cc.  Rmin & Coul turning =    3.4   16.3
   S-matrix    1 =    1.00000   0.00000 for L=   42, J=   41.5 channel on core I =   1.5 from L=   42,  Acc. loss =  0.0 D.
 Elastic phase shift   1 =    0.000   0.000 deg. for the L =   42, J =   41.5 channel.
      43.0  1.00000000  0.00000005i: elastic S-matrix  @@      0.02  0   0 F  0
 Reaction Xsec    43.0-/42 @ 1 =   0.009#, Out:   0.000#   0.000#   0.000f

   S-matrix    2 =    1.00000   0.00000 for L=   42, J=   42.5 channel on core I =   1.5 from L=   42,  Acc. loss =  0.0 D.
 Elastic phase shift   2 =    0.000   0.000 deg. for the L =   42, J =   42.5 channel.
      43.0  1.00000000  0.00000005i: elastic S-matrix  @@      0.00  0   0 F  0
 Reaction Xsec    43.0-/42 @ 2 =   0.009#, Out:   0.000#   0.000#   0.000f

   S-matrix    3 =    1.00000   0.00000 for L=   44, J=   43.5 channel on core I =   1.5 from L=   44,  Acc. loss =  0.0 D.
 Elastic phase shift   3 =    0.000   0.000 deg. for the L =   44, J =   43.5 channel.
      43.0  1.00000000  0.00000002i: elastic S-matrix  @@      0.00  0   0 F  0
 Reaction Xsec    43.0-/44 @ 3 =   0.002#, Out:   0.000#   0.000#   0.000f

   S-matrix    4 =    1.00000   0.00000 for L=   44, J=   44.5 channel on core I =   1.5 from L=   44,  Acc. loss =  0.0 D.
 Elastic phase shift   4 =    0.000   0.000 deg. for the L =   44, J =   44.5 channel.
      43.0  1.00000000  0.00000002i: elastic S-matrix  @@      0.02  0   0 F  0
 Reaction Xsec    43.0-/44 @ 4 =   0.002#, Out:   0.000#   0.000#   0.000f


 Total SPIN, PARITY =    44.0 +,      5 chs,      0 cc.  Rmin & Coul turning =    3.5   16.7
   S-matrix    1 =    1.00000   0.00000 for L=   43, J=   42.5 channel on core I =   1.5 from L=   43,  Acc. loss =  0.0 D.
 Elastic phase shift   1 =    0.000   0.000 deg. for the L =   43, J =   42.5 channel.
      44.0  1.00000000  0.00000003i: elastic S-matrix  @@      0.02  0   0 F  0
 Reaction Xsec    44.0+/43 @ 1 =   0.005#, Out:   0.000#   0.000#   0.000f

   S-matrix    2 =    1.00000   0.00000 for L=   43, J=   43.5 channel on core I =   1.5 from L=   43,  Acc. loss =  0.0 D.
 Elastic phase shift   2 =    0.000   0.000 deg. for the L =   43, J =   43.5 channel.
0****** WARNING : ACCURACY LOSS IN ERWIN = 14.4 DIGITS, SO EXPECT ERRORS OF   0.0000 % OF UNITARITY

      44.0  1.00000000  0.00000003i: elastic S-matrix  @@      0.00  0   0 F  0
 Reaction Xsec    44.0+/43 @ 2 =   0.005#, Out:   0.000#   0.000#   0.000f

   S-matrix    3 =    1.00000   0.00000 for L=   45, J=   44.5 channel on core I =   1.5 from L=   45,  Acc. loss =  0.0 D.
 Elastic phase shift   3 =    0.000   0.000 deg. for the L =   45, J =   44.5 channel.
0****** WARNING : ACCURACY LOSS IN ERWIN = 14.3 DIGITS, SO EXPECT ERRORS OF   0.0000 % OF UNITARITY

      44.0  1.00000000  0.00000003i: elastic S-matrix  @@      0.00  0   0 F  0
 Reaction Xsec    44.0+/45 @ 3 =   0.001#, Out:   0.000#   0.000#   0.000f

   S-matrix    4 =    1.00000   0.00000 for L=   45, J=   45.5 channel on core I =   1.5 from L=   45,  Acc. loss =  0.0 D.
 Elastic phase shift   4 =    0.000   0.000 deg. for the L =   45, J =   45.5 channel.
0****** WARNING : ACCURACY LOSS IN ERWIN = 14.6 DIGITS, SO EXPECT ERRORS OF   0.0000 % OF UNITARITY

      44.0  1.00000000  0.00000003i: elastic S-matrix  @@      0.02  0   0 F  0
 Reaction Xsec    44.0+/45 @ 4 =   0.001#, Out:   0.000#   0.000#   0.000f


 Total SPIN, PARITY =    44.0 -,      4 chs,      0 cc.  Rmin & Coul turning =    3.5   16.7
   S-matrix    1 =    1.00000   0.00000 for L=   42, J=   42.5 channel on core I =   1.5 from L=   42,  Acc. loss =  0.0 D.
 Elastic phase shift   1 =    0.000   0.000 deg. for the L =   42, J =   42.5 channel.
      44.0  1.00000000  0.00000005i: elastic S-matrix  @@      0.00  0   0 F  0
 Reaction Xsec    44.0-/42 @ 1 =   0.009#, Out:   0.000#   0.000#   0.000f

   S-matrix    2 =    1.00000   0.00000 for L=   44, J=   43.5 channel on core I =   1.5 from L=   44,  Acc. loss =  0.0 D.
 Elastic phase shift   2 =    0.000   0.000 deg. for the L =   44, J =   43.5 channel.
      44.0  1.00000000  0.00000002i: elastic S-matrix  @@      0.00  0   0 F  0
 Reaction Xsec    44.0-/44 @ 2 =   0.002#, Out:   0.000#   0.000#   0.000f

   S-matrix    3 =    1.00000   0.00000 for L=   44, J=   44.5 channel on core I =   1.5 from L=   44,  Acc. loss =  0.0 D.
 Elastic phase shift   3 =    0.000   0.000 deg. for the L =   44, J =   44.5 channel.
      44.0  1.00000000  0.00000002i: elastic S-matrix  @@      0.00  0   0 F  0
 Reaction Xsec    44.0-/44 @ 3 =   0.002#, Out:   0.000#   0.000#   0.000f

   S-matrix    4 =    1.00000   0.00000 for L=   46, J=   45.5 channel on core I =   1.5 from L=   46,  Acc. loss =  0.0 D.
 Elastic phase shift   4 =    0.000   0.000 deg. for the L =   46, J =   45.5 channel.
      44.0  1.00000000  0.00000003i: elastic S-matrix  @@      0.00  0   0 F  0
 Reaction Xsec    44.0-/46 @ 4 =   0.001#, Out:   0.000#   0.000#   0.000f


 Total SPIN, PARITY =    45.0 +,      4 chs,      0 cc.  Rmin & Coul turning =    3.6   17.0
   S-matrix    1 =    1.00000   0.00000 for L=   43, J=   43.5 channel on core I =   1.5 from L=   43,  Acc. loss =  0.0 D.
 Elastic phase shift   1 =    0.000   0.000 deg. for the L =   43, J =   43.5 channel.
      45.0  1.00000000  0.00000003i: elastic S-matrix  @@      0.00  0   0 F  0
 Reaction Xsec    45.0+/43 @ 1 =   0.005#, Out:   0.000#   0.000#   0.000f

   S-matrix    2 =    1.00000   0.00000 for L=   45, J=   44.5 channel on core I =   1.5 from L=   45,  Acc. loss =  0.0 D.
 Elastic phase shift   2 =    0.000   0.000 deg. for the L =   45, J =   44.5 channel.
      45.0  1.00000000  0.00000003i: elastic S-matrix  @@      0.00  0   0 F  0
 Reaction Xsec    45.0+/45 @ 2 =   0.001#, Out:   0.000#   0.000#   0.000f

   S-matrix    3 =    1.00000   0.00000 for L=   45, J=   45.5 channel on core I =   1.5 from L=   45,  Acc. loss =  0.0 D.
 Elastic phase shift   3 =    0.000   0.000 deg. for the L =   45, J =   45.5 channel.
      45.0  1.00000000  0.00000003i: elastic S-matrix  @@      0.00  0   0 F  0
 Reaction Xsec    45.0+/45 @ 3 =   0.001#, Out:   0.000#   0.000#   0.000f

   S-matrix    4 =    1.00000   0.00000 for L=   47, J=   46.5 channel on core I =   1.5 from L=   47,  Acc. loss =  0.0 D.
 Elastic phase shift   4 =    0.000   0.000 deg. for the L =   47, J =   46.5 channel.
      45.0  1.00000000  0.00000001i: elastic S-matrix  @@      0.00  0   0 F  0
 Reaction Xsec    45.0+/47 @ 4 =   0.000#, Out:   0.000#   0.000#   0.000f


 Total SPIN, PARITY =    45.0 -,      5 chs,      0 cc.  Rmin & Coul turning =    3.6   17.0
   S-matrix    1 =    1.00000   0.00000 for L=   44, J=   43.5 channel on core I =   1.5 from L=   44,  Acc. loss =  0.0 D.
 Elastic phase shift   1 =    0.000   0.000 deg. for the L =   44, J =   43.5 channel.
0****** WARNING : ACCURACY LOSS IN ERWIN = 14.7 DIGITS, SO EXPECT ERRORS OF   0.0000 % OF UNITARITY

      45.0  1.00000000  0.00000002i: elastic S-matrix  @@      0.02  0   0 F  0
 Reaction Xsec    45.0-/44 @ 1 =   0.002#, Out:   0.000#   0.000#   0.000f

   S-matrix    2 =    1.00000   0.00000 for L=   44, J=   44.5 channel on core I =   1.5 from L=   44,  Acc. loss =  0.0 D.
 Elastic phase shift   2 =    0.000   0.000 deg. for the L =   44, J =   44.5 channel.
0****** WARNING : ACCURACY LOSS IN ERWIN = 14.3 DIGITS, SO EXPECT ERRORS OF   0.0000 % OF UNITARITY

      45.0  1.00000000  0.00000002i: elastic S-matrix  @@      0.00  0   0 F  0
 Reaction Xsec    45.0-/44 @ 2 =   0.002#, Out:   0.000#   0.000#   0.000f

   S-matrix    3 =    1.00000   0.00000 for L=   46, J=   45.5 channel on core I =   1.5 from L=   46,  Acc. loss =  0.0 D.
 Elastic phase shift   3 =    0.000   0.000 deg. for the L =   46, J =   45.5 channel.
0****** WARNING : ACCURACY LOSS IN ERWIN = 14.3 DIGITS, SO EXPECT ERRORS OF   0.0000 % OF UNITARITY

      45.0  1.00000000  0.00000003i: elastic S-matrix  @@      0.00  0   0 F  0
 Reaction Xsec    45.0-/46 @ 3 =   0.001#, Out:   0.000#   0.000#   0.000f

   S-matrix    4 =    1.00000   0.00000 for L=   46, J=   46.5 channel on core I =   1.5 from L=   46,  Acc. loss =  0.0 D.
 Elastic phase shift   4 =    0.000   0.000 deg. for the L =   46, J =   46.5 channel.
0****** WARNING : ACCURACY LOSS IN ERWIN = 14.6 DIGITS, SO EXPECT ERRORS OF   0.0000 % OF UNITARITY

      45.0  1.00000000  0.00000003i: elastic S-matrix  @@      0.02  0   0 F  0
 Reaction Xsec    45.0-/46 @ 4 =   0.001#, Out:   0.000#   0.000#   0.000f


 Total SPIN, PARITY =    46.0 +,      5 chs,      0 cc.  Rmin & Coul turning =    3.7   17.4
   S-matrix    1 =    1.00000   0.00000 for L=   45, J=   44.5 channel on core I =   1.5 from L=   45,  Acc. loss =  0.0 D.
 Elastic phase shift   1 =    0.000   0.000 deg. for the L =   45, J =   44.5 channel.
      46.0  1.00000000  0.00000003i: elastic S-matrix  @@      0.00  0   0 F  0
 Reaction Xsec    46.0+/45 @ 1 =   0.001#, Out:   0.000#   0.000#   0.000f

   S-matrix    2 =    1.00000   0.00000 for L=   45, J=   45.5 channel on core I =   1.5 from L=   45,  Acc. loss =  0.0 D.
 Elastic phase shift   2 =    0.000   0.000 deg. for the L =   45, J =   45.5 channel.
      46.0  1.00000000  0.00000003i: elastic S-matrix  @@      0.02  0   0 F  0
 Reaction Xsec    46.0+/45 @ 2 =   0.001#, Out:   0.000#   0.000#   0.000f

   S-matrix    3 =    1.00000   0.00000 for L=   47, J=   46.5 channel on core I =   1.5 from L=   47,  Acc. loss =  0.0 D.
 Elastic phase shift   3 =    0.000   0.000 deg. for the L =   47, J =   46.5 channel.
      46.0  1.00000000  0.00000001i: elastic S-matrix  @@      0.00  0   0 F  0
 Reaction Xsec    46.0+/47 @ 3 =   0.000#, Out:   0.000#   0.000#   0.000f

   S-matrix    4 =    1.00000   0.00000 for L=   47, J=   47.5 channel on core I =   1.5 from L=   47,  Acc. loss =  0.0 D.
 Elastic phase shift   4 =    0.000   0.000 deg. for the L =   47, J =   47.5 channel.
      46.0  1.00000000  0.00000001i: elastic S-matrix  @@      0.00  0   0 F  0
 Reaction Xsec    46.0+/47 @ 4 =   0.000#, Out:   0.000#   0.000#   0.000f


 Total SPIN, PARITY =    46.0 -,      4 chs,      0 cc.  Rmin & Coul turning =    3.7   17.4
   S-matrix    1 =    1.00000   0.00000 for L=   44, J=   44.5 channel on core I =   1.5 from L=   44,  Acc. loss =  0.0 D.
 Elastic phase shift   1 =    0.000   0.000 deg. for the L =   44, J =   44.5 channel.
      46.0  1.00000000  0.00000002i: elastic S-matrix  @@      0.00  0   0 F  0
 Reaction Xsec    46.0-/44 @ 1 =   0.002#, Out:   0.000#   0.000#   0.000f

   S-matrix    2 =    1.00000   0.00000 for L=   46, J=   45.5 channel on core I =   1.5 from L=   46,  Acc. loss =  0.0 D.
 Elastic phase shift   2 =    0.000   0.000 deg. for the L =   46, J =   45.5 channel.
      46.0  1.00000000  0.00000003i: elastic S-matrix  @@      0.00  0   0 F  0
 Reaction Xsec    46.0-/46 @ 2 =   0.001#, Out:   0.000#   0.000#   0.000f

   S-matrix    3 =    1.00000   0.00000 for L=   46, J=   46.5 channel on core I =   1.5 from L=   46,  Acc. loss =  0.0 D.
 Elastic phase shift   3 =    0.000   0.000 deg. for the L =   46, J =   46.5 channel.
      46.0  1.00000000  0.00000003i: elastic S-matrix  @@      0.00  0   0 F  0
 Reaction Xsec    46.0-/46 @ 3 =   0.001#, Out:   0.000#   0.000#   0.000f

   S-matrix    4 =    1.00000   0.00000 for L=   48, J=   47.5 channel on core I =   1.5 from L=   48,  Acc. loss =  0.0 D.
 Elastic phase shift   4 =    0.000   0.000 deg. for the L =   48, J =   47.5 channel.
      46.0  1.00000000  0.00000001i: elastic S-matrix  @@      0.00  0   0 F  0
 Reaction Xsec    46.0-/48 @ 4 =   0.000#, Out:   0.000#   0.000#   0.000f


 Total SPIN, PARITY =    47.0 +,      4 chs,      0 cc.  Rmin & Coul turning =    3.8   17.8
   S-matrix    1 =    1.00000   0.00000 for L=   45, J=   45.5 channel on core I =   1.5 from L=   45,  Acc. loss =  0.0 D.
 Elastic phase shift   1 =    0.000   0.000 deg. for the L =   45, J =   45.5 channel.
      47.0  1.00000000  0.00000003i: elastic S-matrix  @@      0.00  0   0 F  0
 Reaction Xsec    47.0+/45 @ 1 =   0.001#, Out:   0.000#   0.000#   0.000f

   S-matrix    2 =    1.00000   0.00000 for L=   47, J=   46.5 channel on core I =   1.5 from L=   47,  Acc. loss =  0.0 D.
 Elastic phase shift   2 =    0.000   0.000 deg. for the L =   47, J =   46.5 channel.
      47.0  1.00000000  0.00000001i: elastic S-matrix  @@      0.00  0   0 F  0
 Reaction Xsec    47.0+/47 @ 2 =   0.000#, Out:   0.000#   0.000#   0.000f

   S-matrix    3 =    1.00000   0.00000 for L=   47, J=   47.5 channel on core I =   1.5 from L=   47,  Acc. loss =  0.0 D.
 Elastic phase shift   3 =    0.000   0.000 deg. for the L =   47, J =   47.5 channel.
      47.0  1.00000000  0.00000001i: elastic S-matrix  @@      0.00  0   0 F  0
 Reaction Xsec    47.0+/47 @ 3 =   0.000#, Out:   0.000#   0.000#   0.000f

   S-matrix    4 =    1.00000   0.00000 for L=   49, J=   48.5 channel on core I =   1.5 from L=   49,  Acc. loss =  0.0 D.
 Elastic phase shift   4 =    0.000   0.000 deg. for the L =   49, J =   48.5 channel.
      47.0  1.00000000  0.00000002i: elastic S-matrix  @@      0.00  0   0 F  0
 Reaction Xsec    47.0+/49 @ 4 =   0.000#, Out:   0.000#   0.000#   0.000f


 Total SPIN, PARITY =    47.0 -,      5 chs,      0 cc.  Rmin & Coul turning =    3.8   17.8
   S-matrix    1 =    1.00000   0.00000 for L=   46, J=   45.5 channel on core I =   1.5 from L=   46,  Acc. loss =  0.0 D.
 Elastic phase shift   1 =    0.000   0.000 deg. for the L =   46, J =   45.5 channel.
0****** WARNING : ACCURACY LOSS IN ERWIN = 14.4 DIGITS, SO EXPECT ERRORS OF   0.0000 % OF UNITARITY

      47.0  1.00000000  0.00000003i: elastic S-matrix  @@      0.02  0   0 F  0
 Reaction Xsec    47.0-/46 @ 1 =   0.001#, Out:   0.000#   0.000#   0.000f

   S-matrix    2 =    1.00000   0.00000 for L=   46, J=   46.5 channel on core I =   1.5 from L=   46,  Acc. loss =  0.0 D.
 Elastic phase shift   2 =    0.000   0.000 deg. for the L =   46, J =   46.5 channel.
0****** WARNING : ACCURACY LOSS IN ERWIN = 14.7 DIGITS, SO EXPECT ERRORS OF   0.0000 % OF UNITARITY

      47.0  1.00000000  0.00000003i: elastic S-matrix  @@      0.02  0   0 F  0
 Reaction Xsec    47.0-/46 @ 2 =   0.001#, Out:   0.000#   0.000#   0.000f

   S-matrix    3 =    1.00000   0.00000 for L=   48, J=   47.5 channel on core I =   1.5 from L=   48,  Acc. loss =  0.0 D.
 Elastic phase shift   3 =    0.000   0.000 deg. for the L =   48, J =   47.5 channel.
0****** WARNING : ACCURACY LOSS IN ERWIN = 14.8 DIGITS, SO EXPECT ERRORS OF   0.0000 % OF UNITARITY

      47.0  1.00000000  0.00000001i: elastic S-matrix  @@      0.00  0   0 F  0
 Reaction Xsec    47.0-/48 @ 3 =   0.000#, Out:   0.000#   0.000#   0.000f

   S-matrix    4 =    1.00000   0.00000 for L=   48, J=   48.5 channel on core I =   1.5 from L=   48,  Acc. loss =  0.0 D.
 Elastic phase shift   4 =    0.000   0.000 deg. for the L =   48, J =   48.5 channel.
0****** WARNING : ACCURACY LOSS IN ERWIN = 14.5 DIGITS, SO EXPECT ERRORS OF   0.0000 % OF UNITARITY

      47.0  1.00000000  0.00000001i: elastic S-matrix  @@      0.00  0   0 F  0
 Reaction Xsec    47.0-/48 @ 4 =   0.000#, Out:   0.000#   0.000#   0.000f


 Total SPIN, PARITY =    48.0 +,      5 chs,      0 cc.  Rmin & Coul turning =    3.8   18.2
   S-matrix    1 =    1.00000   0.00000 for L=   47, J=   46.5 channel on core I =   1.5 from L=   47,  Acc. loss =  0.0 D.
 Elastic phase shift   1 =    0.000   0.000 deg. for the L =   47, J =   46.5 channel.
      48.0  1.00000000  0.00000001i: elastic S-matrix  @@      0.02  0   0 F  0
 Reaction Xsec    48.0+/47 @ 1 =   0.000#, Out:   0.000#   0.000#   0.000f

   S-matrix    2 =    1.00000   0.00000 for L=   47, J=   47.5 channel on core I =   1.5 from L=   47,  Acc. loss =  0.0 D.
 Elastic phase shift   2 =    0.000   0.000 deg. for the L =   47, J =   47.5 channel.
0****** WARNING : ACCURACY LOSS IN ERWIN = 14.4 DIGITS, SO EXPECT ERRORS OF   0.0000 % OF UNITARITY

      48.0  1.00000000  0.00000001i: elastic S-matrix  @@      0.02  0   0 F  0
 Reaction Xsec    48.0+/47 @ 2 =   0.000#, Out:   0.000#   0.000#   0.000f

   S-matrix    3 =    1.00000   0.00000 for L=   49, J=   48.5 channel on core I =   1.5 from L=   49,  Acc. loss =  0.0 D.
 Elastic phase shift   3 =    0.000   0.000 deg. for the L =   49, J =   48.5 channel.
      48.0  1.00000000  0.00000002i: elastic S-matrix  @@      0.00  0   0 F  0
 Reaction Xsec    48.0+/49 @ 3 =   0.000#, Out:   0.000#   0.000#   0.000f

   S-matrix    4 =    1.00000   0.00000 for L=   49, J=   49.5 channel on core I =   1.5 from L=   49,  Acc. loss =  0.0 D.
 Elastic phase shift   4 =    0.000   0.000 deg. for the L =   49, J =   49.5 channel.
      48.0  1.00000000  0.00000002i: elastic S-matrix  @@      0.00  0   0 F  0
 Reaction Xsec    48.0+/49 @ 4 =   0.000#, Out:   0.000#   0.000#   0.000f


 Total SPIN, PARITY =    48.0 -,      4 chs,      0 cc.  Rmin & Coul turning =    3.8   18.2
   S-matrix    1 =    1.00000   0.00000 for L=   46, J=   46.5 channel on core I =   1.5 from L=   46,  Acc. loss =  0.0 D.
 Elastic phase shift   1 =    0.000   0.000 deg. for the L =   46, J =   46.5 channel.
      48.0  1.00000000  0.00000003i: elastic S-matrix  @@      0.00  0   0 F  0
 Reaction Xsec    48.0-/46 @ 1 =   0.001#, Out:   0.000#   0.000#   0.000f

   S-matrix    2 =    1.00000   0.00000 for L=   48, J=   47.5 channel on core I =   1.5 from L=   48,  Acc. loss =  0.0 D.
 Elastic phase shift   2 =    0.000   0.000 deg. for the L =   48, J =   47.5 channel.
      48.0  1.00000000  0.00000001i: elastic S-matrix  @@      0.00  0   0 F  0
 Reaction Xsec    48.0-/48 @ 2 =   0.000#, Out:   0.000#   0.000#   0.000f

   S-matrix    3 =    1.00000   0.00000 for L=   48, J=   48.5 channel on core I =   1.5 from L=   48,  Acc. loss =  0.0 D.
 Elastic phase shift   3 =    0.000   0.000 deg. for the L =   48, J =   48.5 channel.
      48.0  1.00000000  0.00000001i: elastic S-matrix  @@      0.00  0   0 F  0
 Reaction Xsec    48.0-/48 @ 3 =   0.000#, Out:   0.000#   0.000#   0.000f

   S-matrix    4 =    1.00000   0.00000 for L=   50, J=   49.5 channel on core I =   1.5 from L=   50,  Acc. loss =  0.0 D.
 Elastic phase shift   4 =    0.000   0.000 deg. for the L =   50, J =   49.5 channel.
      48.0  1.00000000  0.00000000i: elastic S-matrix  @@      0.00  0   0 F  0
 Reaction Xsec    48.0-/50 @ 4 =   0.000#, Out:   0.000#   0.000#   0.000f


 Total SPIN, PARITY =    49.0 +,      4 chs,      0 cc.  Rmin & Coul turning =    3.9   18.5
   S-matrix    1 =    1.00000   0.00000 for L=   47, J=   47.5 channel on core I =   1.5 from L=   47,  Acc. loss =  0.0 D.
 Elastic phase shift   1 =    0.000   0.000 deg. for the L =   47, J =   47.5 channel.
      49.0  1.00000000  0.00000001i: elastic S-matrix  @@      0.00  0   0 F  0
 Reaction Xsec    49.0+/47 @ 1 =   0.000#, Out:   0.000#   0.000#   0.000f

   S-matrix    2 =    1.00000   0.00000 for L=   49, J=   48.5 channel on core I =   1.5 from L=   49,  Acc. loss =  0.0 D.
 Elastic phase shift   2 =    0.000   0.000 deg. for the L =   49, J =   48.5 channel.
      49.0  1.00000000  0.00000002i: elastic S-matrix  @@      0.00  0   0 F  0
 Reaction Xsec    49.0+/49 @ 2 =   0.000#, Out:   0.000#   0.000#   0.000f

   S-matrix    3 =    1.00000   0.00000 for L=   49, J=   49.5 channel on core I =   1.5 from L=   49,  Acc. loss =  0.0 D.
 Elastic phase shift   3 =    0.000   0.000 deg. for the L =   49, J =   49.5 channel.
      49.0  1.00000000  0.00000002i: elastic S-matrix  @@      0.00  0   0 F  0
 Reaction Xsec    49.0+/49 @ 3 =   0.000#, Out:   0.000#   0.000#   0.000f

   S-matrix    4 =    1.00000  -0.00000 for L=   51, J=   50.5 channel on core I =   1.5 from L=   51,  Acc. loss =  0.0 D.
 Elastic phase shift   4 =   -0.000   0.000 deg. for the L =   51, J =   50.5 channel.
      49.0  1.00000000 -0.00000000i: elastic S-matrix  @@      0.00  0   0 F  0
 Reaction Xsec    49.0+/51 @ 4 =   0.000#, Out:   0.000#   0.000#   0.000f


 Total SPIN, PARITY =    49.0 -,      5 chs,      0 cc.  Rmin & Coul turning =    3.9   18.5
   S-matrix    1 =    1.00000   0.00000 for L=   48, J=   47.5 channel on core I =   1.5 from L=   48,  Acc. loss =  0.0 D.
 Elastic phase shift   1 =    0.000   0.000 deg. for the L =   48, J =   47.5 channel.
0****** WARNING : ACCURACY LOSS IN ERWIN = 14.6 DIGITS, SO EXPECT ERRORS OF   0.0000 % OF UNITARITY

      49.0  1.00000000  0.00000001i: elastic S-matrix  @@      0.02  0   0 F  0
 Reaction Xsec    49.0-/48 @ 1 =   0.000#, Out:   0.000#   0.000#   0.000f

   S-matrix    2 =    1.00000   0.00000 for L=   48, J=   48.5 channel on core I =   1.5 from L=   48,  Acc. loss =  0.0 D.
 Elastic phase shift   2 =    0.000   0.000 deg. for the L =   48, J =   48.5 channel.
      49.0  1.00000000  0.00000001i: elastic S-matrix  @@      0.02  0   0 F  0
 Reaction Xsec    49.0-/48 @ 2 =   0.000#, Out:   0.000#   0.000#   0.000f

   S-matrix    3 =    1.00000   0.00000 for L=   50, J=   49.5 channel on core I =   1.5 from L=   50,  Acc. loss =  0.0 D.
 Elastic phase shift   3 =    0.000   0.000 deg. for the L =   50, J =   49.5 channel.
      49.0  1.00000000  0.00000000i: elastic S-matrix  @@      0.00  0   0 F  0
 Reaction Xsec    49.0-/50 @ 3 =   0.000#, Out:   0.000#   0.000#   0.000f

   S-matrix    4 =    1.00000   0.00000 for L=   50, J=   50.5 channel on core I =   1.5 from L=   50,  Acc. loss =  0.0 D.
 Elastic phase shift   4 =    0.000   0.000 deg. for the L =   50, J =   50.5 channel.
0****** WARNING : ACCURACY LOSS IN ERWIN = 14.5 DIGITS, SO EXPECT ERRORS OF   0.0000 % OF UNITARITY

      49.0  1.00000000  0.00000000i: elastic S-matrix  @@      0.00  0   0 F  0
 Reaction Xsec    49.0-/50 @ 4 =   0.000#, Out:   0.000#   0.000#   0.000f


 Total SPIN, PARITY =    50.0 +,      5 chs,      0 cc.  Rmin & Coul turning =    4.0   18.9
   S-matrix    1 =    1.00000   0.00000 for L=   49, J=   48.5 channel on core I =   1.5 from L=   49,  Acc. loss =  0.0 D.
 Elastic phase shift   1 =    0.000   0.000 deg. for the L =   49, J =   48.5 channel.
      50.0  1.00000000  0.00000002i: elastic S-matrix  @@      0.02  0   0 F  0
 Reaction Xsec    50.0+/49 @ 1 =   0.000#, Out:   0.000#   0.000#   0.000f

   S-matrix    2 =    1.00000   0.00000 for L=   49, J=   49.5 channel on core I =   1.5 from L=   49,  Acc. loss =  0.0 D.
 Elastic phase shift   2 =    0.000   0.000 deg. for the L =   49, J =   49.5 channel.
0****** WARNING : ACCURACY LOSS IN ERWIN = 14.4 DIGITS, SO EXPECT ERRORS OF   0.0000 % OF UNITARITY

      50.0  1.00000000  0.00000002i: elastic S-matrix  @@      0.02  0   0 F  0
 Reaction Xsec    50.0+/49 @ 2 =   0.000#, Out:   0.000#   0.000#   0.000f

   S-matrix    3 =    1.00000  -0.00000 for L=   51, J=   50.5 channel on core I =   1.5 from L=   51,  Acc. loss =  0.0 D.
 Elastic phase shift   3 =   -0.000   0.000 deg. for the L =   51, J =   50.5 channel.
0****** WARNING : ACCURACY LOSS IN ERWIN = 14.2 DIGITS, SO EXPECT ERRORS OF   0.0000 % OF UNITARITY

      50.0  1.00000000 -0.00000000i: elastic S-matrix  @@      0.00  0   0 F  0
 Reaction Xsec    50.0+/51 @ 3 =   0.000#, Out:   0.000#   0.000#   0.000f

   S-matrix    4 =    1.00000  -0.00000 for L=   51, J=   51.5 channel on core I =   1.5 from L=   51,  Acc. loss =  0.0 D.
 Elastic phase shift   4 =   -0.000   0.000 deg. for the L =   51, J =   51.5 channel.
0****** WARNING : ACCURACY LOSS IN ERWIN = 14.4 DIGITS, SO EXPECT ERRORS OF   0.0000 % OF UNITARITY

      50.0  1.00000000 -0.00000000i: elastic S-matrix  @@      0.00  0   0 F  0
 Reaction Xsec    50.0+/51 @ 4 =   0.000#, Out:   0.000#   0.000#   0.000f


 Total SPIN, PARITY =    50.0 -,      4 chs,      0 cc.  Rmin & Coul turning =    4.0   18.9
   S-matrix    1 =    1.00000   0.00000 for L=   48, J=   48.5 channel on core I =   1.5 from L=   48,  Acc. loss =  0.0 D.
 Elastic phase shift   1 =    0.000   0.000 deg. for the L =   48, J =   48.5 channel.
      50.0  1.00000000  0.00000001i: elastic S-matrix  @@      0.00  0   0 F  0
 Reaction Xsec    50.0-/48 @ 1 =   0.000#, Out:   0.000#   0.000#   0.000f

   S-matrix    2 =    1.00000   0.00000 for L=   50, J=   49.5 channel on core I =   1.5 from L=   50,  Acc. loss =  0.0 D.
 Elastic phase shift   2 =    0.000   0.000 deg. for the L =   50, J =   49.5 channel.
      50.0  1.00000000  0.00000000i: elastic S-matrix  @@      0.00  0   0 F  0
 Reaction Xsec    50.0-/50 @ 2 =   0.000#, Out:   0.000#   0.000#   0.000f

   S-matrix    3 =    1.00000   0.00000 for L=   50, J=   50.5 channel on core I =   1.5 from L=   50,  Acc. loss =  0.0 D.
 Elastic phase shift   3 =    0.000   0.000 deg. for the L =   50, J =   50.5 channel.
      50.0  1.00000000  0.00000000i: elastic S-matrix  @@      0.00  0   0 F  0
 Reaction Xsec    50.0-/50 @ 3 =   0.000#, Out:   0.000#   0.000#   0.000f

   S-matrix    4 =    1.00000   0.00000 for L=   52, J=   51.5 channel on core I =   1.5 from L=   52,  Acc. loss =  0.0 D.
 Elastic phase shift   4 =    0.000   0.000 deg. for the L =   52, J =   51.5 channel.
      50.0  1.00000000  0.00000001i: elastic S-matrix  @@      0.00  0   0 F  0
 Reaction Xsec    50.0-/52 @ 4 =   0.000#, Out:   0.000#   0.000#   0.000f


 Total SPIN, PARITY =    51.0 +,      4 chs,      0 cc.  Rmin & Coul turning =    4.0   19.3
   S-matrix    1 =    1.00000   0.00000 for L=   49, J=   49.5 channel on core I =   1.5 from L=   49,  Acc. loss =  0.0 D.
 Elastic phase shift   1 =    0.000   0.000 deg. for the L =   49, J =   49.5 channel.
      51.0  1.00000000  0.00000002i: elastic S-matrix  @@      0.00  0   0 F  0
 Reaction Xsec    51.0+/49 @ 1 =   0.000#, Out:   0.000#   0.000#   0.000f

   S-matrix    2 =    1.00000  -0.00000 for L=   51, J=   50.5 channel on core I =   1.5 from L=   51,  Acc. loss =  0.0 D.
 Elastic phase shift   2 =   -0.000   0.000 deg. for the L =   51, J =   50.5 channel.
      51.0  1.00000000 -0.00000000i: elastic S-matrix  @@      0.00  0   0 F  0
 Reaction Xsec    51.0+/51 @ 2 =   0.000#, Out:   0.000#   0.000#   0.000f

   S-matrix    3 =    1.00000  -0.00000 for L=   51, J=   51.5 channel on core I =   1.5 from L=   51,  Acc. loss =  0.0 D.
 Elastic phase shift   3 =   -0.000   0.000 deg. for the L =   51, J =   51.5 channel.
      51.0  1.00000000 -0.00000000i: elastic S-matrix  @@      0.00  0   0 F  0
 Reaction Xsec    51.0+/51 @ 3 =   0.000#, Out:   0.000#   0.000#   0.000f

   S-matrix    4 =    1.00000   0.00000 for L=   53, J=   52.5 channel on core I =   1.5 from L=   53,  Acc. loss =  0.0 D.
 Elastic phase shift   4 =    0.000   0.000 deg. for the L =   53, J =   52.5 channel.
      51.0  1.00000000  0.00000001i: elastic S-matrix  @@      0.00  0   0 F  0
 Reaction Xsec    51.0+/53 @ 4 =   0.000#, Out:   0.000#   0.000#   0.000f


 Total SPIN, PARITY =    51.0 -,      5 chs,      0 cc.  Rmin & Coul turning =    4.0   19.3
   S-matrix    1 =    1.00000   0.00000 for L=   50, J=   49.5 channel on core I =   1.5 from L=   50,  Acc. loss =  0.0 D.
 Elastic phase shift   1 =    0.000   0.000 deg. for the L =   50, J =   49.5 channel.
      51.0  1.00000000  0.00000000i: elastic S-matrix  @@      0.02  0   0 F  0
 Reaction Xsec    51.0-/50 @ 1 =   0.000#, Out:   0.000#   0.000#   0.000f

   S-matrix    2 =    1.00000   0.00000 for L=   50, J=   50.5 channel on core I =   1.5 from L=   50,  Acc. loss =  0.0 D.
 Elastic phase shift   2 =    0.000   0.000 deg. for the L =   50, J =   50.5 channel.
0****** WARNING : ACCURACY LOSS IN ERWIN = 14.2 DIGITS, SO EXPECT ERRORS OF   0.0000 % OF UNITARITY

      51.0  1.00000000  0.00000000i: elastic S-matrix  @@      0.02  0   0 F  0
 Reaction Xsec    51.0-/50 @ 2 =   0.000#, Out:   0.000#   0.000#   0.000f

   S-matrix    3 =    1.00000   0.00000 for L=   52, J=   51.5 channel on core I =   1.5 from L=   52,  Acc. loss =  0.0 D.
 Elastic phase shift   3 =    0.000   0.000 deg. for the L =   52, J =   51.5 channel.
      51.0  1.00000000  0.00000001i: elastic S-matrix  @@      0.00  0   0 F  0
 Reaction Xsec    51.0-/52 @ 3 =   0.000#, Out:   0.000#   0.000#   0.000f

   S-matrix    4 =    1.00000   0.00000 for L=   52, J=   52.5 channel on core I =   1.5 from L=   52,  Acc. loss =  0.0 D.
 Elastic phase shift   4 =    0.000   0.000 deg. for the L =   52, J =   52.5 channel.
0****** WARNING : ACCURACY LOSS IN ERWIN = 14.4 DIGITS, SO EXPECT ERRORS OF   0.0000 % OF UNITARITY

      51.0  1.00000000  0.00000001i: elastic S-matrix  @@      0.00  0   0 F  0
 Reaction Xsec    51.0-/52 @ 4 =   0.000#, Out:   0.000#   0.000#   0.000f


 Total SPIN, PARITY =    52.0 +,      5 chs,      0 cc.  Rmin & Coul turning =    4.2   19.7
   S-matrix    1 =    1.00000  -0.00000 for L=   51, J=   50.5 channel on core I =   1.5 from L=   51,  Acc. loss =  0.0 D.
 Elastic phase shift   1 =   -0.000   0.000 deg. for the L =   51, J =   50.5 channel.
0****** WARNING : ACCURACY LOSS IN ERWIN = 14.1 DIGITS, SO EXPECT ERRORS OF   0.0000 % OF UNITARITY

      52.0  1.00000000 -0.00000000i: elastic S-matrix  @@      0.02  0   0 F  0
 Reaction Xsec    52.0+/51 @ 1 =   0.000#, Out:   0.000#   0.000#   0.000f

   S-matrix    2 =    1.00000  -0.00000 for L=   51, J=   51.5 channel on core I =   1.5 from L=   51,  Acc. loss =  0.0 D.
 Elastic phase shift   2 =   -0.000   0.000 deg. for the L =   51, J =   51.5 channel.
      52.0  1.00000000 -0.00000000i: elastic S-matrix  @@      0.00  0   0 F  0
 Reaction Xsec    52.0+/51 @ 2 =   0.000#, Out:   0.000#   0.000#   0.000f

   S-matrix    3 =    1.00000   0.00000 for L=   53, J=   52.5 channel on core I =   1.5 from L=   53,  Acc. loss =  0.0 D.
 Elastic phase shift   3 =    0.000   0.000 deg. for the L =   53, J =   52.5 channel.
0****** WARNING : ACCURACY LOSS IN ERWIN = 14.7 DIGITS, SO EXPECT ERRORS OF   0.0000 % OF UNITARITY

      52.0  1.00000000  0.00000001i: elastic S-matrix  @@      0.02  0   0 F  0
 Reaction Xsec    52.0+/53 @ 3 =   0.000#, Out:   0.000#   0.000#   0.000f

   S-matrix    4 =    1.00000   0.00000 for L=   53, J=   53.5 channel on core I =   1.5 from L=   53,  Acc. loss =  0.0 D.
 Elastic phase shift   4 =    0.000   0.000 deg. for the L =   53, J =   53.5 channel.
      52.0  1.00000000  0.00000001i: elastic S-matrix  @@      0.00  0   0 F  0
 Reaction Xsec    52.0+/53 @ 4 =   0.000#, Out:   0.000#   0.000#   0.000f


 Total SPIN, PARITY =    52.0 -,      4 chs,      0 cc.  Rmin & Coul turning =    4.2   19.7
   S-matrix    1 =    1.00000   0.00000 for L=   50, J=   50.5 channel on core I =   1.5 from L=   50,  Acc. loss =  0.0 D.
 Elastic phase shift   1 =    0.000   0.000 deg. for the L =   50, J =   50.5 channel.
      52.0  1.00000000  0.00000000i: elastic S-matrix  @@      0.00  0   0 F  0
 Reaction Xsec    52.0-/50 @ 1 =   0.000#, Out:   0.000#   0.000#   0.000f

   S-matrix    2 =    1.00000   0.00000 for L=   52, J=   51.5 channel on core I =   1.5 from L=   52,  Acc. loss =  0.0 D.
 Elastic phase shift   2 =    0.000   0.000 deg. for the L =   52, J =   51.5 channel.
      52.0  1.00000000  0.00000001i: elastic S-matrix  @@      0.00  0   0 F  0
 Reaction Xsec    52.0-/52 @ 2 =   0.000#, Out:   0.000#   0.000#   0.000f

   S-matrix    3 =    1.00000   0.00000 for L=   52, J=   52.5 channel on core I =   1.5 from L=   52,  Acc. loss =  0.0 D.
 Elastic phase shift   3 =    0.000   0.000 deg. for the L =   52, J =   52.5 channel.
      52.0  1.00000000  0.00000001i: elastic S-matrix  @@      0.00  0   0 F  0
 Reaction Xsec    52.0-/52 @ 3 =   0.000#, Out:   0.000#   0.000#   0.000f

   S-matrix    4 =    1.00000  -0.00000 for L=   54, J=   53.5 channel on core I =   1.5 from L=   54,  Acc. loss =  0.0 D.
 Elastic phase shift   4 =   -0.000   0.000 deg. for the L =   54, J =   53.5 channel.
      52.0  1.00000000 -0.00000001i: elastic S-matrix  @@      0.00  0   0 F  0
 Reaction Xsec    52.0-/54 @ 4 =   0.000#, Out:   0.000#   0.000#   0.000f


 Total SPIN, PARITY =    53.0 +,      4 chs,      0 cc.  Rmin & Coul turning =    4.2   20.0
   S-matrix    1 =    1.00000  -0.00000 for L=   51, J=   51.5 channel on core I =   1.5 from L=   51,  Acc. loss =  0.0 D.
 Elastic phase shift   1 =   -0.000   0.000 deg. for the L =   51, J =   51.5 channel.
      53.0  1.00000000 -0.00000000i: elastic S-matrix  @@      0.00  0   0 F  0
 Reaction Xsec    53.0+/51 @ 1 =   0.000#, Out:   0.000#   0.000#   0.000f

   S-matrix    2 =    1.00000   0.00000 for L=   53, J=   52.5 channel on core I =   1.5 from L=   53,  Acc. loss =  0.0 D.
 Elastic phase shift   2 =    0.000   0.000 deg. for the L =   53, J =   52.5 channel.
      53.0  1.00000000  0.00000001i: elastic S-matrix  @@      0.00  0   0 F  0
 Reaction Xsec    53.0+/53 @ 2 =   0.000#, Out:   0.000#   0.000#   0.000f

   S-matrix    3 =    1.00000   0.00000 for L=   53, J=   53.5 channel on core I =   1.5 from L=   53,  Acc. loss =  0.0 D.
 Elastic phase shift   3 =    0.000   0.000 deg. for the L =   53, J =   53.5 channel.
      53.0  1.00000000  0.00000001i: elastic S-matrix  @@      0.00  0   0 F  0
 Reaction Xsec    53.0+/53 @ 3 =   0.000#, Out:   0.000#   0.000#   0.000f

   S-matrix    4 =    1.00000  -0.00000 for L=   55, J=   54.5 channel on core I =   1.5 from L=   55,  Acc. loss =  0.0 D.
 Elastic phase shift   4 =   -0.000   0.000 deg. for the L =   55, J =   54.5 channel.
      53.0  1.00000000 -0.00000001i: elastic S-matrix  @@      0.00  0   0 F  0
 Reaction Xsec    53.0+/55 @ 4 =   0.000#, Out:   0.000#   0.000#   0.000f


 Total SPIN, PARITY =    53.0 -,      5 chs,      0 cc.  Rmin & Coul turning =    4.2   20.0
   S-matrix    1 =    1.00000   0.00000 for L=   52, J=   51.5 channel on core I =   1.5 from L=   52,  Acc. loss =  0.0 D.
 Elastic phase shift   1 =    0.000   0.000 deg. for the L =   52, J =   51.5 channel.
      53.0  1.00000000  0.00000001i: elastic S-matrix  @@      0.02  0   0 F  0
 Reaction Xsec    53.0-/52 @ 1 =   0.000#, Out:   0.000#   0.000#   0.000f

   S-matrix    2 =    1.00000   0.00000 for L=   52, J=   52.5 channel on core I =   1.5 from L=   52,  Acc. loss =  0.0 D.
 Elastic phase shift   2 =    0.000   0.000 deg. for the L =   52, J =   52.5 channel.
      53.0  1.00000000  0.00000001i: elastic S-matrix  @@      0.00  0   0 F  0
 Reaction Xsec    53.0-/52 @ 2 =   0.000#, Out:   0.000#   0.000#   0.000f

   S-matrix    3 =    1.00000  -0.00000 for L=   54, J=   53.5 channel on core I =   1.5 from L=   54,  Acc. loss =  0.0 D.
 Elastic phase shift   3 =   -0.000   0.000 deg. for the L =   54, J =   53.5 channel.
0****** WARNING : ACCURACY LOSS IN ERWIN = 14.2 DIGITS, SO EXPECT ERRORS OF   0.0000 % OF UNITARITY

      53.0  1.00000000 -0.00000001i: elastic S-matrix  @@      0.02  0   0 F  0
 Reaction Xsec    53.0-/54 @ 3 =   0.000#, Out:   0.000#   0.000#   0.000f

   S-matrix    4 =    1.00000  -0.00000 for L=   54, J=   54.5 channel on core I =   1.5 from L=   54,  Acc. loss =  0.0 D.
 Elastic phase shift   4 =   -0.000   0.000 deg. for the L =   54, J =   54.5 channel.
0****** WARNING : ACCURACY LOSS IN ERWIN = 14.4 DIGITS, SO EXPECT ERRORS OF   0.0000 % OF UNITARITY

      53.0  1.00000000 -0.00000001i: elastic S-matrix  @@      0.00  0   0 F  0
 Reaction Xsec    53.0-/54 @ 4 =   0.000#, Out:   0.000#   0.000#   0.000f


 Total SPIN, PARITY =    54.0 +,      5 chs,      0 cc.  Rmin & Coul turning =    4.3   20.4
   S-matrix    1 =    1.00000   0.00000 for L=   53, J=   52.5 channel on core I =   1.5 from L=   53,  Acc. loss =  0.0 D.
 Elastic phase shift   1 =    0.000   0.000 deg. for the L =   53, J =   52.5 channel.
      54.0  1.00000000  0.00000001i: elastic S-matrix  @@      0.02  0   0 F  0
 Reaction Xsec    54.0+/53 @ 1 =   0.000#, Out:   0.000#   0.000#   0.000f

   S-matrix    2 =    1.00000   0.00000 for L=   53, J=   53.5 channel on core I =   1.5 from L=   53,  Acc. loss =  0.0 D.
 Elastic phase shift   2 =    0.000   0.000 deg. for the L =   53, J =   53.5 channel.
      54.0  1.00000000  0.00000001i: elastic S-matrix  @@      0.00  0   0 F  0
 Reaction Xsec    54.0+/53 @ 2 =   0.000#, Out:   0.000#   0.000#   0.000f

   S-matrix    3 =    1.00000  -0.00000 for L=   55, J=   54.5 channel on core I =   1.5 from L=   55,  Acc. loss =  0.0 D.
 Elastic phase shift   3 =   -0.000   0.000 deg. for the L =   55, J =   54.5 channel.
      54.0  1.00000000 -0.00000001i: elastic S-matrix  @@      0.02  0   0 F  0
 Reaction Xsec    54.0+/55 @ 3 =   0.000#, Out:   0.000#   0.000#   0.000f

   S-matrix    4 =    1.00000  -0.00000 for L=   55, J=   55.5 channel on core I =   1.5 from L=   55,  Acc. loss =  0.0 D.
 Elastic phase shift   4 =   -0.000   0.000 deg. for the L =   55, J =   55.5 channel.
      54.0  1.00000000 -0.00000001i: elastic S-matrix  @@      0.00  0   0 F  0
 Reaction Xsec    54.0+/55 @ 4 =   0.000#, Out:   0.000#   0.000#   0.000f


 Total SPIN, PARITY =    54.0 -,      4 chs,      0 cc.  Rmin & Coul turning =    4.3   20.4
   S-matrix    1 =    1.00000   0.00000 for L=   52, J=   52.5 channel on core I =   1.5 from L=   52,  Acc. loss =  0.0 D.
 Elastic phase shift   1 =    0.000   0.000 deg. for the L =   52, J =   52.5 channel.
      54.0  1.00000000  0.00000001i: elastic S-matrix  @@      0.00  0   0 F  0
 Reaction Xsec    54.0-/52 @ 1 =   0.000#, Out:   0.000#   0.000#   0.000f

   S-matrix    2 =    1.00000  -0.00000 for L=   54, J=   53.5 channel on core I =   1.5 from L=   54,  Acc. loss =  0.0 D.
 Elastic phase shift   2 =   -0.000   0.000 deg. for the L =   54, J =   53.5 channel.
      54.0  1.00000000 -0.00000001i: elastic S-matrix  @@      0.00  0   0 F  0
 Reaction Xsec    54.0-/54 @ 2 =   0.000#, Out:   0.000#   0.000#   0.000f

   S-matrix    3 =    1.00000  -0.00000 for L=   54, J=   54.5 channel on core I =   1.5 from L=   54,  Acc. loss =  0.0 D.
 Elastic phase shift   3 =   -0.000   0.000 deg. for the L =   54, J =   54.5 channel.
      54.0  1.00000000 -0.00000001i: elastic S-matrix  @@      0.00  0   0 F  0
 Reaction Xsec    54.0-/54 @ 3 =   0.000#, Out:   0.000#   0.000#   0.000f

   S-matrix    4 =    1.00000   0.00000 for L=   56, J=   55.5 channel on core I =   1.5 from L=   56,  Acc. loss =  0.0 D.
 Elastic phase shift   4 =    0.000   0.000 deg. for the L =   56, J =   55.5 channel.
      54.0  1.00000000  0.00000000i: elastic S-matrix  @@      0.00  0   0 F  0
 Reaction Xsec    54.0-/56 @ 4 =   0.000#, Out:   0.000#   0.000#   0.000f


 Total SPIN, PARITY =    55.0 +,      4 chs,      0 cc.  Rmin & Coul turning =    4.4   20.8
   S-matrix    1 =    1.00000   0.00000 for L=   53, J=   53.5 channel on core I =   1.5 from L=   53,  Acc. loss =  0.0 D.
 Elastic phase shift   1 =    0.000   0.000 deg. for the L =   53, J =   53.5 channel.
      55.0  1.00000000  0.00000001i: elastic S-matrix  @@      0.00  0   0 F  0
 Reaction Xsec    55.0+/53 @ 1 =   0.000#, Out:   0.000#   0.000#   0.000f

   S-matrix    2 =    1.00000  -0.00000 for L=   55, J=   54.5 channel on core I =   1.5 from L=   55,  Acc. loss =  0.0 D.
 Elastic phase shift   2 =   -0.000   0.000 deg. for the L =   55, J =   54.5 channel.
      55.0  1.00000000 -0.00000001i: elastic S-matrix  @@      0.00  0   0 F  0
 Reaction Xsec    55.0+/55 @ 2 =   0.000#, Out:   0.000#   0.000#   0.000f

   S-matrix    3 =    1.00000  -0.00000 for L=   55, J=   55.5 channel on core I =   1.5 from L=   55,  Acc. loss =  0.0 D.
 Elastic phase shift   3 =   -0.000   0.000 deg. for the L =   55, J =   55.5 channel.
      55.0  1.00000000 -0.00000001i: elastic S-matrix  @@      0.00  0   0 F  0
 Reaction Xsec    55.0+/55 @ 3 =   0.000#, Out:   0.000#   0.000#   0.000f

   S-matrix    4 =    1.00000  -0.00000 for L=   57, J=   56.5 channel on core I =   1.5 from L=   57,  Acc. loss =  0.0 D.
 Elastic phase shift   4 =   -0.000   0.000 deg. for the L =   57, J =   56.5 channel.
      55.0  1.00000000 -0.00000000i: elastic S-matrix  @@      0.00  0   0 F  0
 Reaction Xsec    55.0+/57 @ 4 =   0.000#, Out:   0.000#   0.000#   0.000f


 Total SPIN, PARITY =    55.0 -,      5 chs,      0 cc.  Rmin & Coul turning =    4.4   20.8
   S-matrix    1 =    1.00000  -0.00000 for L=   54, J=   53.5 channel on core I =   1.5 from L=   54,  Acc. loss =  0.0 D.
 Elastic phase shift   1 =   -0.000   0.000 deg. for the L =   54, J =   53.5 channel.
      55.0  1.00000000 -0.00000001i: elastic S-matrix  @@      0.02  0   0 F  0
 Reaction Xsec    55.0-/54 @ 1 =   0.000#, Out:   0.000#   0.000#   0.000f

   S-matrix    2 =    1.00000  -0.00000 for L=   54, J=   54.5 channel on core I =   1.5 from L=   54,  Acc. loss =  0.0 D.
 Elastic phase shift   2 =   -0.000   0.000 deg. for the L =   54, J =   54.5 channel.
      55.0  1.00000000 -0.00000001i: elastic S-matrix  @@      0.00  0   0 F  0
 Reaction Xsec    55.0-/54 @ 2 =   0.000#, Out:   0.000#   0.000#   0.000f

   S-matrix    3 =    1.00000   0.00000 for L=   56, J=   55.5 channel on core I =   1.5 from L=   56,  Acc. loss =  0.0 D.
 Elastic phase shift   3 =    0.000   0.000 deg. for the L =   56, J =   55.5 channel.
0****** WARNING : ACCURACY LOSS IN ERWIN = 15.1 DIGITS, SO EXPECT ERRORS OF   0.0000 % OF UNITARITY

      55.0  1.00000000  0.00000000i: elastic S-matrix  @@      0.02  0   0 F  0
 Reaction Xsec    55.0-/56 @ 3 =   0.000#, Out:   0.000#   0.000#   0.000f

   S-matrix    4 =    1.00000   0.00000 for L=   56, J=   56.5 channel on core I =   1.5 from L=   56,  Acc. loss =  0.0 D.
 Elastic phase shift   4 =    0.000   0.000 deg. for the L =   56, J =   56.5 channel.
0****** WARNING : ACCURACY LOSS IN ERWIN = 14.5 DIGITS, SO EXPECT ERRORS OF   0.0000 % OF UNITARITY

      55.0  1.00000000  0.00000000i: elastic S-matrix  @@      0.00  0   0 F  0
 Reaction Xsec    55.0-/56 @ 4 =   0.000#, Out:   0.000#   0.000#   0.000f


 Total SPIN, PARITY =    56.0 +,      5 chs,      0 cc.  Rmin & Coul turning =    4.5   21.2
   S-matrix    1 =    1.00000  -0.00000 for L=   55, J=   54.5 channel on core I =   1.5 from L=   55,  Acc. loss =  0.0 D.
 Elastic phase shift   1 =   -0.000   0.000 deg. for the L =   55, J =   54.5 channel.
0****** WARNING : ACCURACY LOSS IN ERWIN = 14.6 DIGITS, SO EXPECT ERRORS OF   0.0000 % OF UNITARITY

      56.0  1.00000000 -0.00000001i: elastic S-matrix  @@      0.02  0   0 F  0
 Reaction Xsec    56.0+/55 @ 1 =   0.000#, Out:   0.000#   0.000#   0.000f

   S-matrix    2 =    1.00000  -0.00000 for L=   55, J=   55.5 channel on core I =   1.5 from L=   55,  Acc. loss =  0.0 D.
 Elastic phase shift   2 =   -0.000   0.000 deg. for the L =   55, J =   55.5 channel.
0****** WARNING : ACCURACY LOSS IN ERWIN = 14.3 DIGITS, SO EXPECT ERRORS OF   0.0000 % OF UNITARITY

      56.0  1.00000000 -0.00000001i: elastic S-matrix  @@      0.00  0   0 F  0
 Reaction Xsec    56.0+/55 @ 2 =   0.000#, Out:   0.000#   0.000#   0.000f

   S-matrix    3 =    1.00000  -0.00000 for L=   57, J=   56.5 channel on core I =   1.5 from L=   57,  Acc. loss =  0.0 D.
 Elastic phase shift   3 =   -0.000   0.000 deg. for the L =   57, J =   56.5 channel.
0****** WARNING : ACCURACY LOSS IN ERWIN = 14.5 DIGITS, SO EXPECT ERRORS OF   0.0000 % OF UNITARITY

      56.0  1.00000000 -0.00000000i: elastic S-matrix  @@      0.00  0   0 F  0
 Reaction Xsec    56.0+/57 @ 3 =   0.000#, Out:   0.000#   0.000#   0.000f

   S-matrix    4 =    1.00000  -0.00000 for L=   57, J=   57.5 channel on core I =   1.5 from L=   57,  Acc. loss =  0.0 D.
 Elastic phase shift   4 =   -0.000   0.000 deg. for the L =   57, J =   57.5 channel.
0****** WARNING : ACCURACY LOSS IN ERWIN = 14.5 DIGITS, SO EXPECT ERRORS OF   0.0000 % OF UNITARITY

      56.0  1.00000000 -0.00000000i: elastic S-matrix  @@      0.02  0   0 F  0
 Reaction Xsec    56.0+/57 @ 4 =   0.000#, Out:   0.000#   0.000#   0.000f


 Total SPIN, PARITY =    56.0 -,      4 chs,      0 cc.  Rmin & Coul turning =    4.5   21.2
   S-matrix    1 =    1.00000  -0.00000 for L=   54, J=   54.5 channel on core I =   1.5 from L=   54,  Acc. loss =  0.0 D.
 Elastic phase shift   1 =   -0.000   0.000 deg. for the L =   54, J =   54.5 channel.
      56.0  1.00000000 -0.00000001i: elastic S-matrix  @@      0.00  0   0 F  0
 Reaction Xsec    56.0-/54 @ 1 =   0.000#, Out:   0.000#   0.000#   0.000f

   S-matrix    2 =    1.00000   0.00000 for L=   56, J=   55.5 channel on core I =   1.5 from L=   56,  Acc. loss =  0.0 D.
 Elastic phase shift   2 =    0.000   0.000 deg. for the L =   56, J =   55.5 channel.
      56.0  1.00000000  0.00000000i: elastic S-matrix  @@      0.00  0   0 F  0
 Reaction Xsec    56.0-/56 @ 2 =   0.000#, Out:   0.000#   0.000#   0.000f

   S-matrix    3 =    1.00000   0.00000 for L=   56, J=   56.5 channel on core I =   1.5 from L=   56,  Acc. loss =  0.0 D.
 Elastic phase shift   3 =    0.000   0.000 deg. for the L =   56, J =   56.5 channel.
      56.0  1.00000000  0.00000000i: elastic S-matrix  @@      0.00  0   0 F  0
 Reaction Xsec    56.0-/56 @ 3 =   0.000#, Out:   0.000#   0.000#   0.000f

   S-matrix    4 =    1.00000  -0.00000 for L=   58, J=   57.5 channel on core I =   1.5 from L=   58,  Acc. loss =  0.0 D.
 Elastic phase shift   4 =   -0.000   0.000 deg. for the L =   58, J =   57.5 channel.
      56.0  1.00000000 -0.00000002i: elastic S-matrix  @@      0.00  0   0 F  0
 Reaction Xsec    56.0-/58 @ 4 =   0.000#, Out:   0.000#   0.000#   0.000f


 Total SPIN, PARITY =    57.0 +,      4 chs,      0 cc.  Rmin & Coul turning =    4.5   21.5
   S-matrix    1 =    1.00000  -0.00000 for L=   55, J=   55.5 channel on core I =   1.5 from L=   55,  Acc. loss =  0.0 D.
 Elastic phase shift   1 =   -0.000   0.000 deg. for the L =   55, J =   55.5 channel.
      57.0  1.00000000 -0.00000001i: elastic S-matrix  @@      0.00  0   0 F  0
 Reaction Xsec    57.0+/55 @ 1 =   0.000#, Out:   0.000#   0.000#   0.000f

   S-matrix    2 =    1.00000  -0.00000 for L=   57, J=   56.5 channel on core I =   1.5 from L=   57,  Acc. loss =  0.0 D.
 Elastic phase shift   2 =   -0.000   0.000 deg. for the L =   57, J =   56.5 channel.
      57.0  1.00000000 -0.00000000i: elastic S-matrix  @@      0.00  0   0 F  0
 Reaction Xsec    57.0+/57 @ 2 =   0.000#, Out:   0.000#   0.000#   0.000f

   S-matrix    3 =    1.00000  -0.00000 for L=   57, J=   57.5 channel on core I =   1.5 from L=   57,  Acc. loss =  0.0 D.
 Elastic phase shift   3 =   -0.000   0.000 deg. for the L =   57, J =   57.5 channel.
      57.0  1.00000000 -0.00000000i: elastic S-matrix  @@      0.00  0   0 F  0
 Reaction Xsec    57.0+/57 @ 3 =   0.000#, Out:   0.000#   0.000#   0.000f

   S-matrix    4 =    1.00000  -0.00000 for L=   59, J=   58.5 channel on core I =   1.5 from L=   59,  Acc. loss =  0.0 D.
 Elastic phase shift   4 =   -0.000   0.000 deg. for the L =   59, J =   58.5 channel.
      57.0  1.00000000 -0.00000002i: elastic S-matrix  @@      0.00  0   0 F  0
 Reaction Xsec    57.0+/59 @ 4 =   0.000#, Out:   0.000#   0.000#   0.000f


 Total SPIN, PARITY =    57.0 -,      5 chs,      0 cc.  Rmin & Coul turning =    4.5   21.5
   S-matrix    1 =    1.00000   0.00000 for L=   56, J=   55.5 channel on core I =   1.5 from L=   56,  Acc. loss =  0.0 D.
 Elastic phase shift   1 =    0.000   0.000 deg. for the L =   56, J =   55.5 channel.
      57.0  1.00000000  0.00000000i: elastic S-matrix  @@      0.02  0   0 F  0
 Reaction Xsec    57.0-/56 @ 1 =   0.000#, Out:   0.000#   0.000#   0.000f

   S-matrix    2 =    1.00000   0.00000 for L=   56, J=   56.5 channel on core I =   1.5 from L=   56,  Acc. loss =  0.0 D.
 Elastic phase shift   2 =    0.000   0.000 deg. for the L =   56, J =   56.5 channel.
      57.0  1.00000000  0.00000000i: elastic S-matrix  @@      0.00  0   0 F  0
 Reaction Xsec    57.0-/56 @ 2 =   0.000#, Out:   0.000#   0.000#   0.000f

   S-matrix    3 =    1.00000  -0.00000 for L=   58, J=   57.5 channel on core I =   1.5 from L=   58,  Acc. loss =  0.0 D.
 Elastic phase shift   3 =   -0.000   0.000 deg. for the L =   58, J =   57.5 channel.
      57.0  1.00000000 -0.00000002i: elastic S-matrix  @@      0.00  0   0 F  0
 Reaction Xsec    57.0-/58 @ 3 =   0.000#, Out:   0.000#   0.000#   0.000f

   S-matrix    4 =    1.00000  -0.00000 for L=   58, J=   58.5 channel on core I =   1.5 from L=   58,  Acc. loss =  0.0 D.
 Elastic phase shift   4 =   -0.000   0.000 deg. for the L =   58, J =   58.5 channel.
      57.0  1.00000000 -0.00000002i: elastic S-matrix  @@      0.02  0   0 F  0
 Reaction Xsec    57.0-/58 @ 4 =   0.000#, Out:   0.000#   0.000#   0.000f


 Total SPIN, PARITY =    58.0 +,      5 chs,      0 cc.  Rmin & Coul turning =    4.6   21.9
   S-matrix    1 =    1.00000  -0.00000 for L=   57, J=   56.5 channel on core I =   1.5 from L=   57,  Acc. loss =  0.0 D.
 Elastic phase shift   1 =   -0.000   0.000 deg. for the L =   57, J =   56.5 channel.
0****** WARNING : ACCURACY LOSS IN ERWIN = 15.2 DIGITS, SO EXPECT ERRORS OF   0.0000 % OF UNITARITY

      58.0  1.00000000 -0.00000000i: elastic S-matrix  @@      0.00  0   0 F  0
 Reaction Xsec    58.0+/57 @ 1 =   0.000#, Out:   0.000#   0.000#   0.000f

   S-matrix    2 =    1.00000  -0.00000 for L=   57, J=   57.5 channel on core I =   1.5 from L=   57,  Acc. loss =  0.0 D.
 Elastic phase shift   2 =   -0.000   0.000 deg. for the L =   57, J =   57.5 channel.
0****** WARNING : ACCURACY LOSS IN ERWIN = 14.6 DIGITS, SO EXPECT ERRORS OF   0.0000 % OF UNITARITY

      58.0  1.00000000 -0.00000000i: elastic S-matrix  @@      0.02  0   0 F  0
 Reaction Xsec    58.0+/57 @ 2 =   0.000#, Out:   0.000#   0.000#   0.000f

   S-matrix    3 =    1.00000  -0.00000 for L=   59, J=   58.5 channel on core I =   1.5 from L=   59,  Acc. loss =  0.0 D.
 Elastic phase shift   3 =   -0.000   0.000 deg. for the L =   59, J =   58.5 channel.
0****** WARNING : ACCURACY LOSS IN ERWIN = 14.2 DIGITS, SO EXPECT ERRORS OF   0.0000 % OF UNITARITY

      58.0  1.00000000 -0.00000002i: elastic S-matrix  @@      0.00  0   0 F  0
 Reaction Xsec    58.0+/59 @ 3 =   0.000#, Out:   0.000#   0.000#   0.000f

   S-matrix    4 =    1.00000  -0.00000 for L=   59, J=   59.5 channel on core I =   1.5 from L=   59,  Acc. loss =  0.0 D.
 Elastic phase shift   4 =   -0.000   0.000 deg. for the L =   59, J =   59.5 channel.
0****** WARNING : ACCURACY LOSS IN ERWIN = 14.4 DIGITS, SO EXPECT ERRORS OF   0.0000 % OF UNITARITY

      58.0  1.00000000 -0.00000002i: elastic S-matrix  @@      0.00  0   0 F  0
 Reaction Xsec    58.0+/59 @ 4 =   0.000#, Out:   0.000#   0.000#   0.000f


 Total SPIN, PARITY =    58.0 -,      4 chs,      0 cc.  Rmin & Coul turning =    4.6   21.9
   S-matrix    1 =    1.00000   0.00000 for L=   56, J=   56.5 channel on core I =   1.5 from L=   56,  Acc. loss =  0.0 D.
 Elastic phase shift   1 =    0.000   0.000 deg. for the L =   56, J =   56.5 channel.
      58.0  1.00000000  0.00000000i: elastic S-matrix  @@      0.00  0   0 F  0
 Reaction Xsec    58.0-/56 @ 1 =   0.000#, Out:   0.000#   0.000#   0.000f

   S-matrix    2 =    1.00000  -0.00000 for L=   58, J=   57.5 channel on core I =   1.5 from L=   58,  Acc. loss =  0.0 D.
 Elastic phase shift   2 =   -0.000   0.000 deg. for the L =   58, J =   57.5 channel.
      58.0  1.00000000 -0.00000002i: elastic S-matrix  @@      0.00  0   0 F  0
 Reaction Xsec    58.0-/58 @ 2 =   0.000#, Out:   0.000#   0.000#   0.000f

   S-matrix    3 =    1.00000  -0.00000 for L=   58, J=   58.5 channel on core I =   1.5 from L=   58,  Acc. loss =  0.0 D.
 Elastic phase shift   3 =   -0.000   0.000 deg. for the L =   58, J =   58.5 channel.
      58.0  1.00000000 -0.00000002i: elastic S-matrix  @@      0.00  0   0 F  0
 Reaction Xsec    58.0-/58 @ 3 =   0.000#, Out:   0.000#   0.000#   0.000f

   S-matrix    4 =    1.00000  -0.00000 for L=   60, J=   59.5 channel on core I =   1.5 from L=   60,  Acc. loss =  0.0 D.
 Elastic phase shift   4 =   -0.000   0.000 deg. for the L =   60, J =   59.5 channel.
      58.0  1.00000000 -0.00000001i: elastic S-matrix  @@      0.00  0   0 F  0
 Reaction Xsec    58.0-/60 @ 4 =   0.000#, Out:   0.000#   0.000#   0.000f


 Total SPIN, PARITY =    59.0 +,      4 chs,      0 cc.  Rmin & Coul turning =    4.7   22.3
   S-matrix    1 =    1.00000  -0.00000 for L=   57, J=   57.5 channel on core I =   1.5 from L=   57,  Acc. loss =  0.0 D.
 Elastic phase shift   1 =   -0.000   0.000 deg. for the L =   57, J =   57.5 channel.
      59.0  1.00000000 -0.00000000i: elastic S-matrix  @@      0.00  0   0 F  0
 Reaction Xsec    59.0+/57 @ 1 =   0.000#, Out:   0.000#   0.000#   0.000f

   S-matrix    2 =    1.00000  -0.00000 for L=   59, J=   58.5 channel on core I =   1.5 from L=   59,  Acc. loss =  0.0 D.
 Elastic phase shift   2 =   -0.000   0.000 deg. for the L =   59, J =   58.5 channel.
      59.0  1.00000000 -0.00000002i: elastic S-matrix  @@      0.00  0   0 F  0
 Reaction Xsec    59.0+/59 @ 2 =   0.000#, Out:   0.000#   0.000#   0.000f

   S-matrix    3 =    1.00000  -0.00000 for L=   59, J=   59.5 channel on core I =   1.5 from L=   59,  Acc. loss =  0.0 D.
 Elastic phase shift   3 =   -0.000   0.000 deg. for the L =   59, J =   59.5 channel.
      59.0  1.00000000 -0.00000002i: elastic S-matrix  @@      0.00  0   0 F  0
 Reaction Xsec    59.0+/59 @ 3 =   0.000#, Out:   0.000#   0.000#   0.000f

   S-matrix    4 =    1.00000  -0.00000 for L=   61, J=   60.5 channel on core I =   1.5 from L=   61,  Acc. loss =  0.0 D.
 Elastic phase shift   4 =   -0.000   0.000 deg. for the L =   61, J =   60.5 channel.
      59.0  1.00000000 -0.00000001i: elastic S-matrix  @@      0.00  0   0 F  0
 Reaction Xsec    59.0+/61 @ 4 =   0.000#, Out:   0.000#   0.000#   0.000f


 Total SPIN, PARITY =    59.0 -,      5 chs,      0 cc.  Rmin & Coul turning =    4.7   22.3
   S-matrix    1 =    1.00000  -0.00000 for L=   58, J=   57.5 channel on core I =   1.5 from L=   58,  Acc. loss =  0.0 D.
 Elastic phase shift   1 =   -0.000   0.000 deg. for the L =   58, J =   57.5 channel.
0****** WARNING : ACCURACY LOSS IN ERWIN = 14.2 DIGITS, SO EXPECT ERRORS OF   0.0000 % OF UNITARITY

      59.0  1.00000000 -0.00000002i: elastic S-matrix  @@      0.02  0   0 F  0
 Reaction Xsec    59.0-/58 @ 1 =   0.000#, Out:   0.000#   0.000#  -0.000f

   S-matrix    2 =    1.00000  -0.00000 for L=   58, J=   58.5 channel on core I =   1.5 from L=   58,  Acc. loss =  0.0 D.
 Elastic phase shift   2 =   -0.000   0.000 deg. for the L =   58, J =   58.5 channel.
      59.0  1.00000000 -0.00000002i: elastic S-matrix  @@      0.02  0   0 F  0
 Reaction Xsec    59.0-/58 @ 2 =   0.000#, Out:   0.000#   0.000#  -0.000f

   S-matrix    3 =    1.00000  -0.00000 for L=   60, J=   59.5 channel on core I =   1.5 from L=   60,  Acc. loss =  0.0 D.
 Elastic phase shift   3 =   -0.000   0.000 deg. for the L =   60, J =   59.5 channel.
      59.0  1.00000000 -0.00000001i: elastic S-matrix  @@      0.00  0   0 F  0
 Reaction Xsec    59.0-/60 @ 3 =   0.000#, Out:   0.000#   0.000#  -0.000f

   S-matrix    4 =    1.00000  -0.00000 for L=   60, J=   60.5 channel on core I =   1.5 from L=   60,  Acc. loss =  0.0 D.
 Elastic phase shift   4 =   -0.000   0.000 deg. for the L =   60, J =   60.5 channel.
0****** WARNING : ACCURACY LOSS IN ERWIN = 15.4 DIGITS, SO EXPECT ERRORS OF   0.0000 % OF UNITARITY

      59.0  1.00000000 -0.00000001i: elastic S-matrix  @@      0.00  0   0 F  0
 Reaction Xsec    59.0-/60 @ 4 =   0.000#, Out:   0.000#   0.000#   0.000f


 Total SPIN, PARITY =    60.0 +,      5 chs,      0 cc.  Rmin & Coul turning =    4.8   22.7
   S-matrix    1 =    1.00000  -0.00000 for L=   59, J=   58.5 channel on core I =   1.5 from L=   59,  Acc. loss =  0.0 D.
 Elastic phase shift   1 =   -0.000   0.000 deg. for the L =   59, J =   58.5 channel.
      60.0  1.00000000 -0.00000002i: elastic S-matrix  @@      0.02  0   0 F  0
 Reaction Xsec    60.0+/59 @ 1 =   0.000#, Out:   0.000#   0.000#   0.000f

   S-matrix    2 =    1.00000  -0.00000 for L=   59, J=   59.5 channel on core I =   1.5 from L=   59,  Acc. loss =  0.0 D.
 Elastic phase shift   2 =   -0.000   0.000 deg. for the L =   59, J =   59.5 channel.
      60.0  1.00000000 -0.00000002i: elastic S-matrix  @@      0.00  0   0 F  0
 Reaction Xsec    60.0+/59 @ 2 =   0.000#, Out:   0.000#   0.000#   0.000f

   S-matrix    3 =    1.00000  -0.00000 for L=   61, J=   60.5 channel on core I =   1.5 from L=   61,  Acc. loss =  0.0 D.
 Elastic phase shift   3 =   -0.000   0.000 deg. for the L =   61, J =   60.5 channel.
      60.0  1.00000000 -0.00000001i: elastic S-matrix  @@      0.02  0   0 F  0
 Reaction Xsec    60.0+/61 @ 3 =   0.000#, Out:   0.000#   0.000#   0.000f

   S-matrix    4 =    1.00000  -0.00000 for L=   61, J=   61.5 channel on core I =   1.5 from L=   61,  Acc. loss =  0.0 D.
 Elastic phase shift   4 =   -0.000   0.000 deg. for the L =   61, J =   61.5 channel.
      60.0  1.00000000 -0.00000001i: elastic S-matrix  @@      0.00  0   0 F  0
 Reaction Xsec    60.0+/61 @ 4 =   0.000#, Out:   0.000#   0.000#   0.000f


 Total SPIN, PARITY =    60.0 -,      4 chs,      0 cc.  Rmin & Coul turning =    4.8   22.7
   S-matrix    1 =    1.00000  -0.00000 for L=   58, J=   58.5 channel on core I =   1.5 from L=   58,  Acc. loss =  0.0 D.
 Elastic phase shift   1 =   -0.000   0.000 deg. for the L =   58, J =   58.5 channel.
      60.0  1.00000000 -0.00000002i: elastic S-matrix  @@      0.00  0   0 F  0
 Reaction Xsec    60.0-/58 @ 1 =   0.000#, Out:   0.000#   0.000#   0.000f

   S-matrix    2 =    1.00000  -0.00000 for L=   60, J=   59.5 channel on core I =   1.5 from L=   60,  Acc. loss =  0.0 D.
 Elastic phase shift   2 =   -0.000   0.000 deg. for the L =   60, J =   59.5 channel.
      60.0  1.00000000 -0.00000001i: elastic S-matrix  @@      0.00  0   0 F  0
 Reaction Xsec    60.0-/60 @ 2 =   0.000#, Out:   0.000#   0.000#   0.000f

   S-matrix    3 =    1.00000  -0.00000 for L=   60, J=   60.5 channel on core I =   1.5 from L=   60,  Acc. loss =  0.0 D.
 Elastic phase shift   3 =   -0.000   0.000 deg. for the L =   60, J =   60.5 channel.
      60.0  1.00000000 -0.00000001i: elastic S-matrix  @@      0.00  0   0 F  0
 Reaction Xsec    60.0-/60 @ 3 =   0.000#, Out:   0.000#   0.000#   0.000f

   S-matrix    4 =    1.00000  -0.00000 for L=   62, J=   61.5 channel on core I =   1.5 from L=   62,  Acc. loss =  0.0 D.
 Elastic phase shift   4 =   -0.000   0.000 deg. for the L =   62, J =   61.5 channel.
      60.0  1.00000000 -0.00000002i: elastic S-matrix  @@      0.00  0   0 F  0
 Reaction Xsec    60.0-/62 @ 4 =   0.000#, Out:   0.000#   0.000#   0.000f


 Total SPIN, PARITY =    61.0 +,      4 chs,      0 cc.  Rmin & Coul turning =    4.9   23.0
   S-matrix    1 =    1.00000  -0.00000 for L=   59, J=   59.5 channel on core I =   1.5 from L=   59,  Acc. loss =  0.0 D.
 Elastic phase shift   1 =   -0.000   0.000 deg. for the L =   59, J =   59.5 channel.
      61.0  1.00000000 -0.00000002i: elastic S-matrix  @@      0.00  0   0 F  0
 Reaction Xsec    61.0+/59 @ 1 =   0.000#, Out:   0.000#   0.000#   0.000f

   S-matrix    2 =    1.00000  -0.00000 for L=   61, J=   60.5 channel on core I =   1.5 from L=   61,  Acc. loss =  0.0 D.
 Elastic phase shift   2 =   -0.000   0.000 deg. for the L =   61, J =   60.5 channel.
      61.0  1.00000000 -0.00000001i: elastic S-matrix  @@      0.00  0   0 F  0
 Reaction Xsec    61.0+/61 @ 2 =   0.000#, Out:   0.000#   0.000#   0.000f

   S-matrix    3 =    1.00000  -0.00000 for L=   61, J=   61.5 channel on core I =   1.5 from L=   61,  Acc. loss =  0.0 D.
 Elastic phase shift   3 =   -0.000   0.000 deg. for the L =   61, J =   61.5 channel.
      61.0  1.00000000 -0.00000001i: elastic S-matrix  @@      0.00  0   0 F  0
 Reaction Xsec    61.0+/61 @ 3 =   0.000#, Out:   0.000#   0.000#   0.000f

   S-matrix    4 =    1.00000  -0.00000 for L=   63, J=   62.5 channel on core I =   1.5 from L=   63,  Acc. loss =  0.0 D.
 Elastic phase shift   4 =   -0.000   0.000 deg. for the L =   63, J =   62.5 channel.
      61.0  1.00000000 -0.00000003i: elastic S-matrix  @@      0.00  0   0 F  0
 Reaction Xsec    61.0+/63 @ 4 =   0.000#, Out:   0.000#   0.000#   0.000f


 Total SPIN, PARITY =    61.0 -,      5 chs,      0 cc.  Rmin & Coul turning =    4.9   23.0
   S-matrix    1 =    1.00000  -0.00000 for L=   60, J=   59.5 channel on core I =   1.5 from L=   60,  Acc. loss =  0.0 D.
 Elastic phase shift   1 =   -0.000   0.000 deg. for the L =   60, J =   59.5 channel.
0****** WARNING : ACCURACY LOSS IN ERWIN = 14.5 DIGITS, SO EXPECT ERRORS OF   0.0000 % OF UNITARITY

      61.0  1.00000000 -0.00000001i: elastic S-matrix  @@      0.02  0   0 F  0
 Reaction Xsec    61.0-/60 @ 1 =   0.000#, Out:   0.000#   0.000#  -0.000f

   S-matrix    2 =    1.00000  -0.00000 for L=   60, J=   60.5 channel on core I =   1.5 from L=   60,  Acc. loss =  0.0 D.
 Elastic phase shift   2 =   -0.000   0.000 deg. for the L =   60, J =   60.5 channel.
      61.0  1.00000000 -0.00000001i: elastic S-matrix  @@      0.00  0   0 F  0
 Reaction Xsec    61.0-/60 @ 2 =   0.000#, Out:   0.000#   0.000#  -0.000f

   S-matrix    3 =    1.00000  -0.00000 for L=   62, J=   61.5 channel on core I =   1.5 from L=   62,  Acc. loss =  0.0 D.
 Elastic phase shift   3 =   -0.000   0.000 deg. for the L =   62, J =   61.5 channel.
0****** WARNING : ACCURACY LOSS IN ERWIN = 15.5 DIGITS, SO EXPECT ERRORS OF   0.0000 % OF UNITARITY

      61.0  1.00000000 -0.00000002i: elastic S-matrix  @@      0.00  0   0 F  0
 Reaction Xsec    61.0-/62 @ 3 =   0.000#, Out:   0.000#   0.000#   0.000f

   S-matrix    4 =    1.00000  -0.00000 for L=   62, J=   62.5 channel on core I =   1.5 from L=   62,  Acc. loss =  0.0 D.
 Elastic phase shift   4 =   -0.000  -0.000 deg. for the L =   62, J =   62.5 channel.
      61.0  1.00000000 -0.00000002i: elastic S-matrix  @@      0.02  0   0 F  0
 Reaction Xsec    61.0-/62 @ 4 =  -0.000#, Out:   0.000#   0.000#  -0.000f


 Total SPIN, PARITY =    62.0 +,      5 chs,      0 cc.  Rmin & Coul turning =    5.0   23.4
   S-matrix    1 =    1.00000  -0.00000 for L=   61, J=   60.5 channel on core I =   1.5 from L=   61,  Acc. loss =  0.0 D.
 Elastic phase shift   1 =   -0.000   0.000 deg. for the L =   61, J =   60.5 channel.
0****** WARNING : ACCURACY LOSS IN ERWIN = 14.5 DIGITS, SO EXPECT ERRORS OF   0.0000 % OF UNITARITY

      62.0  1.00000000 -0.00000001i: elastic S-matrix  @@      0.02  0   0 F  0
 Reaction Xsec    62.0+/61 @ 1 =   0.000#, Out:   0.000#   0.000#  -0.000f

   S-matrix    2 =    1.00000  -0.00000 for L=   61, J=   61.5 channel on core I =   1.5 from L=   61,  Acc. loss =  0.0 D.
 Elastic phase shift   2 =   -0.000   0.000 deg. for the L =   61, J =   61.5 channel.
0****** WARNING : ACCURACY LOSS IN ERWIN = 14.3 DIGITS, SO EXPECT ERRORS OF   0.0000 % OF UNITARITY

      62.0  1.00000000 -0.00000001i: elastic S-matrix  @@      0.00  0   0 F  0
 Reaction Xsec    62.0+/61 @ 2 =   0.000#, Out:   0.000#   0.000#  -0.000f

   S-matrix    3 =    1.00000  -0.00000 for L=   63, J=   62.5 channel on core I =   1.5 from L=   63,  Acc. loss =  0.0 D.
 Elastic phase shift   3 =   -0.000   0.000 deg. for the L =   63, J =   62.5 channel.
0****** WARNING : ACCURACY LOSS IN ERWIN = 14.3 DIGITS, SO EXPECT ERRORS OF   0.0000 % OF UNITARITY

      62.0  1.00000000 -0.00000003i: elastic S-matrix  @@      0.00  0   0 F  0
 Reaction Xsec    62.0+/63 @ 3 =   0.000#, Out:   0.000#   0.000#  -0.000f

   S-matrix    4 =    1.00000  -0.00000 for L=   63, J=   63.5 channel on core I =   1.5 from L=   63,  Acc. loss =  0.0 D.
 Elastic phase shift   4 =   -0.000   0.000 deg. for the L =   63, J =   63.5 channel.
0****** WARNING : ACCURACY LOSS IN ERWIN = 14.6 DIGITS, SO EXPECT ERRORS OF   0.0000 % OF UNITARITY

      62.0  1.00000000 -0.00000003i: elastic S-matrix  @@      0.02  0   0 F  0
 Reaction Xsec    62.0+/63 @ 4 =   0.000#, Out:   0.000#   0.000#  -0.000f


 Total SPIN, PARITY =    62.0 -,      4 chs,      0 cc.  Rmin & Coul turning =    5.0   23.4
   S-matrix    1 =    1.00000  -0.00000 for L=   60, J=   60.5 channel on core I =   1.5 from L=   60,  Acc. loss =  0.0 D.
 Elastic phase shift   1 =   -0.000   0.000 deg. for the L =   60, J =   60.5 channel.
      62.0  1.00000000 -0.00000001i: elastic S-matrix  @@      0.00  0   0 F  0
 Reaction Xsec    62.0-/60 @ 1 =   0.000#, Out:   0.000#   0.000#   0.000f

   S-matrix    2 =    1.00000  -0.00000 for L=   62, J=   61.5 channel on core I =   1.5 from L=   62,  Acc. loss =  0.0 D.
 Elastic phase shift   2 =   -0.000   0.000 deg. for the L =   62, J =   61.5 channel.
      62.0  1.00000000 -0.00000002i: elastic S-matrix  @@      0.00  0   0 F  0
 Reaction Xsec    62.0-/62 @ 2 =   0.000#, Out:   0.000#   0.000#   0.000f

   S-matrix    3 =    1.00000  -0.00000 for L=   62, J=   62.5 channel on core I =   1.5 from L=   62,  Acc. loss =  0.0 D.
 Elastic phase shift   3 =   -0.000   0.000 deg. for the L =   62, J =   62.5 channel.
      62.0  1.00000000 -0.00000002i: elastic S-matrix  @@      0.00  0   0 F  0
 Reaction Xsec    62.0-/62 @ 3 =   0.000#, Out:   0.000#   0.000#   0.000f

   S-matrix    4 =    1.00000  -0.00000 for L=   64, J=   63.5 channel on core I =   1.5 from L=   64,  Acc. loss =  0.0 D.
 Elastic phase shift   4 =   -0.000   0.000 deg. for the L =   64, J =   63.5 channel.
      62.0  1.00000000 -0.00000002i: elastic S-matrix  @@      0.00  0   0 F  0
 Reaction Xsec    62.0-/64 @ 4 =   0.000#, Out:   0.000#   0.000#   0.000f


 Total SPIN, PARITY =    63.0 +,      4 chs,      0 cc.  Rmin & Coul turning =    5.0   23.8
   S-matrix    1 =    1.00000  -0.00000 for L=   61, J=   61.5 channel on core I =   1.5 from L=   61,  Acc. loss =  0.0 D.
 Elastic phase shift   1 =   -0.000  -0.000 deg. for the L =   61, J =   61.5 channel.
      63.0  1.00000000 -0.00000001i: elastic S-matrix  @@      0.00  0   0 F  0
 Reaction Xsec    63.0+/61 @ 1 =  -0.000#, Out:   0.000#   0.000#  -0.000f

   S-matrix    2 =    1.00000  -0.00000 for L=   63, J=   62.5 channel on core I =   1.5 from L=   63,  Acc. loss =  0.0 D.
 Elastic phase shift   2 =   -0.000   0.000 deg. for the L =   63, J =   62.5 channel.
      63.0  1.00000000 -0.00000003i: elastic S-matrix  @@      0.00  0   0 F  0
 Reaction Xsec    63.0+/63 @ 2 =   0.000#, Out:   0.000#   0.000#   0.000f

   S-matrix    3 =    1.00000  -0.00000 for L=   63, J=   63.5 channel on core I =   1.5 from L=   63,  Acc. loss =  0.0 D.
 Elastic phase shift   3 =   -0.000   0.000 deg. for the L =   63, J =   63.5 channel.
      63.0  1.00000000 -0.00000003i: elastic S-matrix  @@      0.00  0   0 F  0
 Reaction Xsec    63.0+/63 @ 3 =   0.000#, Out:   0.000#   0.000#   0.000f

   S-matrix    4 =    1.00000  -0.00000 for L=   65, J=   64.5 channel on core I =   1.5 from L=   65,  Acc. loss =  0.0 D.
 Elastic phase shift   4 =   -0.000   0.000 deg. for the L =   65, J =   64.5 channel.
      63.0  1.00000000 -0.00000001i: elastic S-matrix  @@      0.00  0   0 F  0
 Reaction Xsec    63.0+/65 @ 4 =   0.000#, Out:   0.000#   0.000#   0.000f


 Total SPIN, PARITY =    63.0 -,      5 chs,      0 cc.  Rmin & Coul turning =    5.0   23.8
   S-matrix    1 =    1.00000  -0.00000 for L=   62, J=   61.5 channel on core I =   1.5 from L=   62,  Acc. loss =  0.0 D.
 Elastic phase shift   1 =   -0.000   0.000 deg. for the L =   62, J =   61.5 channel.
      63.0  1.00000000 -0.00000002i: elastic S-matrix  @@      0.02  0   0 F  0
 Reaction Xsec    63.0-/62 @ 1 =   0.000#, Out:   0.000#   0.000#  -0.000f

   S-matrix    2 =    1.00000  -0.00000 for L=   62, J=   62.5 channel on core I =   1.5 from L=   62,  Acc. loss =  0.0 D.
 Elastic phase shift   2 =   -0.000  -0.000 deg. for the L =   62, J =   62.5 channel.
      63.0  1.00000000 -0.00000002i: elastic S-matrix  @@      0.00  0   0 F  0
 Reaction Xsec    63.0-/62 @ 2 =  -0.000#, Out:   0.000#   0.000#  -0.000f

   S-matrix    3 =    1.00000  -0.00000 for L=   64, J=   63.5 channel on core I =   1.5 from L=   64,  Acc. loss =  0.0 D.
 Elastic phase shift   3 =   -0.000   0.000 deg. for the L =   64, J =   63.5 channel.
      63.0  1.00000000 -0.00000002i: elastic S-matrix  @@      0.00  0   0 F  0
 Reaction Xsec    63.0-/64 @ 3 =   0.000#, Out:   0.000#   0.000#  -0.000f

   S-matrix    4 =    1.00000  -0.00000 for L=   64, J=   64.5 channel on core I =   1.5 from L=   64,  Acc. loss =  0.0 D.
 Elastic phase shift   4 =   -0.000   0.000 deg. for the L =   64, J =   64.5 channel.
      63.0  1.00000000 -0.00000002i: elastic S-matrix  @@      0.00  0   0 F  0
 Reaction Xsec    63.0-/64 @ 4 =   0.000#, Out:   0.000#   0.000#  -0.000f


 Total SPIN, PARITY =    64.0 +,      5 chs,      0 cc.  Rmin & Coul turning =    5.1   24.2
   S-matrix    1 =    1.00000  -0.00000 for L=   63, J=   62.5 channel on core I =   1.5 from L=   63,  Acc. loss =  0.0 D.
 Elastic phase shift   1 =   -0.000   0.000 deg. for the L =   63, J =   62.5 channel.
0****** WARNING : ACCURACY LOSS IN ERWIN = 15.3 DIGITS, SO EXPECT ERRORS OF   0.0001 % OF UNITARITY

      64.0  1.00000000 -0.00000003i: elastic S-matrix  @@      0.02  0   0 F  0
 Reaction Xsec    64.0+/63 @ 1 =   0.000#, Out:   0.000#   0.000#  -0.000f

   S-matrix    2 =    1.00000  -0.00000 for L=   63, J=   63.5 channel on core I =   1.5 from L=   63,  Acc. loss =  0.0 D.
 Elastic phase shift   2 =   -0.000   0.000 deg. for the L =   63, J =   63.5 channel.
      64.0  1.00000000 -0.00000003i: elastic S-matrix  @@      0.02  0   0 F  0
 Reaction Xsec    64.0+/63 @ 2 =   0.000#, Out:   0.000#   0.001#  -0.000f

   S-matrix    3 =    1.00000  -0.00000 for L=   65, J=   64.5 channel on core I =   1.5 from L=   65,  Acc. loss =  0.0 D.
 Elastic phase shift   3 =   -0.000   0.000 deg. for the L =   65, J =   64.5 channel.
      64.0  1.00000000 -0.00000001i: elastic S-matrix  @@      0.00  0   0 F  0
 Reaction Xsec    64.0+/65 @ 3 =   0.000#, Out:   0.000#   0.000#  -0.000f

   S-matrix    4 =    1.00000  -0.00000 for L=   65, J=   65.5 channel on core I =   1.5 from L=   65,  Acc. loss =  0.0 D.
 Elastic phase shift   4 =   -0.000   0.000 deg. for the L =   65, J =   65.5 channel.
0****** WARNING : ACCURACY LOSS IN ERWIN = 14.4 DIGITS, SO EXPECT ERRORS OF   0.0000 % OF UNITARITY

      64.0  1.00000000 -0.00000001i: elastic S-matrix  @@      0.00  0   0 F  0
 Reaction Xsec    64.0+/65 @ 4 =   0.000#, Out:   0.000#   0.000#  -0.000f


 Total SPIN, PARITY =    64.0 -,      4 chs,      0 cc.  Rmin & Coul turning =    5.1   24.2
   S-matrix    1 =    1.00000  -0.00000 for L=   62, J=   62.5 channel on core I =   1.5 from L=   62,  Acc. loss =  0.0 D.
 Elastic phase shift   1 =   -0.000  -0.000 deg. for the L =   62, J =   62.5 channel.
      64.0  1.00000000 -0.00000002i: elastic S-matrix  @@      0.00  0   0 F  0
 Reaction Xsec    64.0-/62 @ 1 =  -0.000#, Out:   0.000#   0.000#  -0.000f

   S-matrix    2 =    1.00000  -0.00000 for L=   64, J=   63.5 channel on core I =   1.5 from L=   64,  Acc. loss =  0.0 D.
 Elastic phase shift   2 =   -0.000   0.000 deg. for the L =   64, J =   63.5 channel.
      64.0  1.00000000 -0.00000002i: elastic S-matrix  @@      0.00  0   0 F  0
 Reaction Xsec    64.0-/64 @ 2 =   0.000#, Out:   0.000#   0.000#   0.000f

   S-matrix    3 =    1.00000  -0.00000 for L=   64, J=   64.5 channel on core I =   1.5 from L=   64,  Acc. loss =  0.0 D.
 Elastic phase shift   3 =   -0.000   0.000 deg. for the L =   64, J =   64.5 channel.
      64.0  1.00000000 -0.00000002i: elastic S-matrix  @@      0.00  0   0 F  0
 Reaction Xsec    64.0-/64 @ 3 =   0.000#, Out:   0.000#   0.000#   0.000f

   S-matrix    4 =    1.00000  -0.00000 for L=   66, J=   65.5 channel on core I =   1.5 from L=   66,  Acc. loss =  0.0 D.
 Elastic phase shift   4 =   -0.000   0.000 deg. for the L =   66, J =   65.5 channel.
      64.0  1.00000000 -0.00000002i: elastic S-matrix  @@      0.00  0   0 F  0
 Reaction Xsec    64.0-/66 @ 4 =   0.000#, Out:   0.000#   0.000#   0.000f


 Total SPIN, PARITY =    65.0 +,      4 chs,      0 cc.  Rmin & Coul turning =    5.2   24.5
   S-matrix    1 =    1.00000  -0.00000 for L=   63, J=   63.5 channel on core I =   1.5 from L=   63,  Acc. loss =  0.0 D.
 Elastic phase shift   1 =   -0.000   0.000 deg. for the L =   63, J =   63.5 channel.
      65.0  1.00000000 -0.00000003i: elastic S-matrix  @@      0.00  0   0 F  0
 Reaction Xsec    65.0+/63 @ 1 =   0.000#, Out:   0.000#   0.000#   0.000f

   S-matrix    2 =    1.00000  -0.00000 for L=   65, J=   64.5 channel on core I =   1.5 from L=   65,  Acc. loss =  0.0 D.
 Elastic phase shift   2 =   -0.000   0.000 deg. for the L =   65, J =   64.5 channel.
      65.0  1.00000000 -0.00000001i: elastic S-matrix  @@      0.00  0   0 F  0
 Reaction Xsec    65.0+/65 @ 2 =   0.000#, Out:   0.000#   0.000#   0.000f

   S-matrix    3 =    1.00000  -0.00000 for L=   65, J=   65.5 channel on core I =   1.5 from L=   65,  Acc. loss =  0.0 D.
 Elastic phase shift   3 =   -0.000   0.000 deg. for the L =   65, J =   65.5 channel.
      65.0  1.00000000 -0.00000001i: elastic S-matrix  @@      0.00  0   0 F  0
 Reaction Xsec    65.0+/65 @ 3 =   0.000#, Out:   0.000#   0.000#   0.000f

   S-matrix    4 =    1.00000  -0.00000 for L=   67, J=   66.5 channel on core I =   1.5 from L=   67,  Acc. loss =  0.0 D.
 Elastic phase shift   4 =   -0.000   0.000 deg. for the L =   67, J =   66.5 channel.
      65.0  1.00000000 -0.00000003i: elastic S-matrix  @@      0.00  0   0 F  0
 Reaction Xsec    65.0+/67 @ 4 =   0.000#, Out:   0.000#   0.000#   0.000f


 Total SPIN, PARITY =    65.0 -,      5 chs,      0 cc.  Rmin & Coul turning =    5.2   24.5
   S-matrix    1 =    1.00000  -0.00000 for L=   64, J=   63.5 channel on core I =   1.5 from L=   64,  Acc. loss =  0.0 D.
 Elastic phase shift   1 =   -0.000   0.000 deg. for the L =   64, J =   63.5 channel.
0****** WARNING : ACCURACY LOSS IN ERWIN = 14.8 DIGITS, SO EXPECT ERRORS OF   0.0002 % OF UNITARITY

      65.0  1.00000000 -0.00000002i: elastic S-matrix  @@      0.02  0   0 F  0
 Reaction Xsec    65.0-/64 @ 1 =   0.000#, Out:   0.000#   0.001#  -0.000f

   S-matrix    2 =    1.00000  -0.00000 for L=   64, J=   64.5 channel on core I =   1.5 from L=   64,  Acc. loss =  0.0 D.
 Elastic phase shift   2 =   -0.000   0.000 deg. for the L =   64, J =   64.5 channel.
0****** WARNING : ACCURACY LOSS IN ERWIN = 14.3 DIGITS, SO EXPECT ERRORS OF   0.0001 % OF UNITARITY

      65.0  1.00000000 -0.00000002i: elastic S-matrix  @@      0.00  0   0 F  0
 Reaction Xsec    65.0-/64 @ 2 =   0.000#, Out:   0.000#   0.006#  -0.000f

   S-matrix    3 =    1.00000  -0.00000 for L=   66, J=   65.5 channel on core I =   1.5 from L=   66,  Acc. loss =  0.0 D.
 Elastic phase shift   3 =   -0.000   0.000 deg. for the L =   66, J =   65.5 channel.
0****** WARNING : ACCURACY LOSS IN ERWIN = 14.4 DIGITS, SO EXPECT ERRORS OF   0.0001 % OF UNITARITY

      65.0  1.00000000 -0.00000002i: elastic S-matrix  @@      0.02  0   0 F  0
 Reaction Xsec    65.0-/66 @ 3 =   0.000#, Out:   0.000#   0.000#  -0.000f

   S-matrix    4 =    1.00000  -0.00000 for L=   66, J=   66.5 channel on core I =   1.5 from L=   66,  Acc. loss =  0.0 D.
 Elastic phase shift   4 =   -0.000  -0.000 deg. for the L =   66, J =   66.5 channel.
0****** WARNING : ACCURACY LOSS IN ERWIN = 14.2 DIGITS, SO EXPECT ERRORS OF   0.0001 % OF UNITARITY

      65.0  1.00000000 -0.00000002i: elastic S-matrix  @@      0.00  0   0 F  0
 Reaction Xsec    65.0-/66 @ 4 =  -0.000#, Out:   0.000#   0.003#  -0.000f


 Total SPIN, PARITY =    66.0 +,      5 chs,      0 cc.  Rmin & Coul turning =    5.2   24.9
   S-matrix    1 =    1.00000  -0.00000 for L=   65, J=   64.5 channel on core I =   1.5 from L=   65,  Acc. loss =  0.0 D.
 Elastic phase shift   1 =   -0.000   0.000 deg. for the L =   65, J =   64.5 channel.
      66.0  1.00000000 -0.00000001i: elastic S-matrix  @@      0.02  0   0 F  0
 Reaction Xsec    66.0+/65 @ 1 =   0.000#, Out:   0.000#   0.000#  -0.000f

   S-matrix    2 =    1.00000  -0.00000 for L=   65, J=   65.5 channel on core I =   1.5 from L=   65,  Acc. loss =  0.0 D.
 Elastic phase shift   2 =   -0.000   0.000 deg. for the L =   65, J =   65.5 channel.
      66.0  1.00000000 -0.00000001i: elastic S-matrix  @@      0.00  0   0 F  0
 Reaction Xsec    66.0+/65 @ 2 =   0.000#, Out:   0.000#   0.000#  -0.000f

   S-matrix    3 =    1.00000  -0.00000 for L=   67, J=   66.5 channel on core I =   1.5 from L=   67,  Acc. loss =  0.0 D.
 Elastic phase shift   3 =   -0.000   0.000 deg. for the L =   67, J =   66.5 channel.
      66.0  1.00000000 -0.00000003i: elastic S-matrix  @@      0.00  0   0 F  0
 Reaction Xsec    66.0+/67 @ 3 =   0.000#, Out:   0.000#   0.000#  -0.000f

   S-matrix    4 =    1.00000  -0.00000 for L=   67, J=   67.5 channel on core I =   1.5 from L=   67,  Acc. loss =  0.0 D.
 Elastic phase shift   4 =   -0.000   0.000 deg. for the L =   67, J =   67.5 channel.
      66.0  1.00000000 -0.00000003i: elastic S-matrix  @@      0.02  0   0 F  0
 Reaction Xsec    66.0+/67 @ 4 =   0.000#, Out:   0.000#   0.001#  -0.000f


 Total SPIN, PARITY =    66.0 -,      4 chs,      0 cc.  Rmin & Coul turning =    5.2   24.9
   S-matrix    1 =    1.00000  -0.00000 for L=   64, J=   64.5 channel on core I =   1.5 from L=   64,  Acc. loss =  0.0 D.
 Elastic phase shift   1 =   -0.000   0.000 deg. for the L =   64, J =   64.5 channel.
      66.0  1.00000000 -0.00000002i: elastic S-matrix  @@      0.00  0   0 F  0
 Reaction Xsec    66.0-/64 @ 1 =   0.000#, Out:   0.000#   0.000#   0.000f

   S-matrix    2 =    1.00000  -0.00000 for L=   66, J=   65.5 channel on core I =   1.5 from L=   66,  Acc. loss =  0.0 D.
 Elastic phase shift   2 =   -0.000   0.000 deg. for the L =   66, J =   65.5 channel.
      66.0  1.00000000 -0.00000002i: elastic S-matrix  @@      0.00  0   0 F  0
 Reaction Xsec    66.0-/66 @ 2 =   0.000#, Out:   0.000#   0.000#   0.000f

   S-matrix    3 =    1.00000  -0.00000 for L=   66, J=   66.5 channel on core I =   1.5 from L=   66,  Acc. loss =  0.0 D.
 Elastic phase shift   3 =   -0.000  -0.000 deg. for the L =   66, J =   66.5 channel.
      66.0  1.00000000 -0.00000002i: elastic S-matrix  @@      0.00  0   0 F  0
 Reaction Xsec    66.0-/66 @ 3 =  -0.000#, Out:   0.000#   0.000#  -0.000f

   S-matrix    4 =    1.00000  -0.00000 for L=   68, J=   67.5 channel on core I =   1.5 from L=   68,  Acc. loss =  0.0 D.
 Elastic phase shift   4 =   -0.000  -0.000 deg. for the L =   68, J =   67.5 channel.
      66.0  1.00000000 -0.00000004i: elastic S-matrix  @@      0.00  0   0 F  0
 Reaction Xsec    66.0-/68 @ 4 =  -0.000#, Out:   0.000#   0.000#  -0.000f


 Total SPIN, PARITY =    67.0 +,      4 chs,      0 cc.  Rmin & Coul turning =    5.4   25.3
   S-matrix    1 =    1.00000  -0.00000 for L=   65, J=   65.5 channel on core I =   1.5 from L=   65,  Acc. loss =  0.0 D.
 Elastic phase shift   1 =   -0.000   0.000 deg. for the L =   65, J =   65.5 channel.
      67.0  1.00000000 -0.00000001i: elastic S-matrix  @@      0.00  0   0 F  0
 Reaction Xsec    67.0+/65 @ 1 =   0.000#, Out:   0.000#   0.000#   0.000f

   S-matrix    2 =    1.00000  -0.00000 for L=   67, J=   66.5 channel on core I =   1.5 from L=   67,  Acc. loss =  0.0 D.
 Elastic phase shift   2 =   -0.000   0.000 deg. for the L =   67, J =   66.5 channel.
      67.0  1.00000000 -0.00000003i: elastic S-matrix  @@      0.00  0   0 F  0
 Reaction Xsec    67.0+/67 @ 2 =   0.000#, Out:   0.000#   0.000#   0.000f

   S-matrix    3 =    1.00000  -0.00000 for L=   67, J=   67.5 channel on core I =   1.5 from L=   67,  Acc. loss =  0.0 D.
 Elastic phase shift   3 =   -0.000   0.000 deg. for the L =   67, J =   67.5 channel.
      67.0  1.00000000 -0.00000003i: elastic S-matrix  @@      0.00  0   0 F  0
 Reaction Xsec    67.0+/67 @ 3 =   0.000#, Out:   0.000#   0.000#   0.000f

   S-matrix    4 =    1.00000  -0.00000 for L=   69, J=   68.5 channel on core I =   1.5 from L=   69,  Acc. loss =  0.0 D.
 Elastic phase shift   4 =   -0.000   0.000 deg. for the L =   69, J =   68.5 channel.
      67.0  1.00000000 -0.00000004i: elastic S-matrix  @@      0.00  0   0 F  0
 Reaction Xsec    67.0+/69 @ 4 =   0.000#, Out:   0.000#   0.000#   0.000f


 Total SPIN, PARITY =    67.0 -,      5 chs,      0 cc.  Rmin & Coul turning =    5.4   25.3
   S-matrix    1 =    1.00000  -0.00000 for L=   66, J=   65.5 channel on core I =   1.5 from L=   66,  Acc. loss =  0.0 D.
 Elastic phase shift   1 =   -0.000   0.000 deg. for the L =   66, J =   65.5 channel.
0****** WARNING : ACCURACY LOSS IN ERWIN = 15.6 DIGITS, SO EXPECT ERRORS OF   0.0003 % OF UNITARITY

      67.0  1.00000000 -0.00000002i: elastic S-matrix  @@      0.02  0   0 F  0
 Reaction Xsec    67.0-/66 @ 1 =   0.000#, Out:   0.000#   0.000#  -0.000f

   S-matrix    2 =    1.00000  -0.00000 for L=   66, J=   66.5 channel on core I =   1.5 from L=   66,  Acc. loss =  0.0 D.
 Elastic phase shift   2 =   -0.000   0.000 deg. for the L =   66, J =   66.5 channel.
0****** WARNING : ACCURACY LOSS IN ERWIN = 14.6 DIGITS, SO EXPECT ERRORS OF   0.0002 % OF UNITARITY

      67.0  1.00000000 -0.00000002i: elastic S-matrix  @@      0.00  0   0 F  0
 Reaction Xsec    67.0-/66 @ 2 =   0.000#, Out:   0.000#   0.002#  -0.000f

   S-matrix    3 =    1.00000  -0.00000 for L=   68, J=   67.5 channel on core I =   1.5 from L=   68,  Acc. loss =  0.0 D.
 Elastic phase shift   3 =   -0.000   0.000 deg. for the L =   68, J =   67.5 channel.
0****** WARNING : ACCURACY LOSS IN ERWIN = 15.5 DIGITS, SO EXPECT ERRORS OF   0.0001 % OF UNITARITY

      67.0  1.00000000 -0.00000004i: elastic S-matrix  @@      0.00  0   0 F  0
 Reaction Xsec    67.0-/68 @ 3 =   0.000#, Out:   0.000#   0.000#  -0.000f

   S-matrix    4 =    1.00000  -0.00000 for L=   68, J=   68.5 channel on core I =   1.5 from L=   68,  Acc. loss =  0.0 D.
 Elastic phase shift   4 =   -0.000   0.000 deg. for the L =   68, J =   68.5 channel.
0****** WARNING : ACCURACY LOSS IN ERWIN = 14.2 DIGITS, SO EXPECT ERRORS OF   0.0001 % OF UNITARITY

      67.0  1.00000000 -0.00000004i: elastic S-matrix  @@      0.00  0   0 F  0
 Reaction Xsec    67.0-/68 @ 4 =   0.000#, Out:   0.000#   0.005#  -0.000f


 Total SPIN, PARITY =    68.0 +,      5 chs,      0 cc.  Rmin & Coul turning =    5.4   25.6
   S-matrix    1 =    1.00000  -0.00000 for L=   67, J=   66.5 channel on core I =   1.5 from L=   67,  Acc. loss =  0.0 D.
 Elastic phase shift   1 =   -0.000   0.000 deg. for the L =   67, J =   66.5 channel.
      68.0  1.00000000 -0.00000003i: elastic S-matrix  @@      0.02  0   0 F  0
 Reaction Xsec    68.0+/67 @ 1 =   0.000#, Out:   0.000#   1.016#  -0.000f

   S-matrix    2 =    1.00000  -0.00000 for L=   67, J=   67.5 channel on core I =   1.5 from L=   67,  Acc. loss =  0.0 D.
 Elastic phase shift   2 =   -0.000   0.000 deg. for the L =   67, J =   67.5 channel.
      68.0  1.00000000 -0.00000003i: elastic S-matrix  @@      0.02  0   0 F  0
 Reaction Xsec    68.0+/67 @ 2 =   0.000#, Out:   0.000#   0.733#  -0.000f

   S-matrix    3 =    1.00000  -0.00000 for L=   69, J=   68.5 channel on core I =   1.5 from L=   69,  Acc. loss =  0.0 D.
 Elastic phase shift   3 =   -0.000   0.000 deg. for the L =   69, J =   68.5 channel.
0****** WARNING : ACCURACY LOSS IN ERWIN = 14.2 DIGITS, SO EXPECT ERRORS OF   0.0001 % OF UNITARITY

      68.0  1.00000000 -0.00000004i: elastic S-matrix  @@      0.00  0   0 F  0
 Reaction Xsec    68.0+/69 @ 3 =   0.000#, Out:   0.000#   0.009#  -0.000f

   S-matrix    4 =    1.00000  -0.00000 for L=   69, J=   69.5 channel on core I =   1.5 from L=   69,  Acc. loss =  0.0 D.
 Elastic phase shift   4 =   -0.000   0.000 deg. for the L =   69, J =   69.5 channel.
0****** WARNING : ACCURACY LOSS IN ERWIN = 14.2 DIGITS, SO EXPECT ERRORS OF   0.0003 % OF UNITARITY

      68.0  1.00000000 -0.00000004i: elastic S-matrix  @@      0.00  0   0 F  0
 Reaction Xsec    68.0+/69 @ 4 =   0.000#, Out:   0.000#   0.028#  -0.000f


 Total SPIN, PARITY =    68.0 -,      4 chs,      0 cc.  Rmin & Coul turning =    5.4   25.6
   S-matrix    1 =    1.00000  -0.00000 for L=   66, J=   66.5 channel on core I =   1.5 from L=   66,  Acc. loss =  0.0 D.
 Elastic phase shift   1 =   -0.000   0.000 deg. for the L =   66, J =   66.5 channel.
      68.0  1.00000000 -0.00000002i: elastic S-matrix  @@      0.00  0   0 F  0
 Reaction Xsec    68.0-/66 @ 1 =   0.000#, Out:   0.000#   0.000#   0.000f

   S-matrix    2 =    1.00000  -0.00000 for L=   68, J=   67.5 channel on core I =   1.5 from L=   68,  Acc. loss =  0.0 D.
 Elastic phase shift   2 =   -0.000   0.000 deg. for the L =   68, J =   67.5 channel.
      68.0  1.00000000 -0.00000004i: elastic S-matrix  @@      0.00  0   0 F  0
 Reaction Xsec    68.0-/68 @ 2 =   0.000#, Out:   0.000#   0.000#   0.000f

   S-matrix    3 =    1.00000  -0.00000 for L=   68, J=   68.5 channel on core I =   1.5 from L=   68,  Acc. loss =  0.0 D.
 Elastic phase shift   3 =   -0.000   0.000 deg. for the L =   68, J =   68.5 channel.
      68.0  1.00000000 -0.00000004i: elastic S-matrix  @@      0.00  0   0 F  0
 Reaction Xsec    68.0-/68 @ 3 =   0.000#, Out:   0.000#   0.000#   0.000f

   S-matrix    4 =    1.00000  -0.00000 for L=   70, J=   69.5 channel on core I =   1.5 from L=   70,  Acc. loss =  0.0 D.
 Elastic phase shift   4 =   -0.000   0.000 deg. for the L =   70, J =   69.5 channel.
      68.0  1.00000000 -0.00000002i: elastic S-matrix  @@      0.00  0   0 F  0
 Reaction Xsec    68.0-/70 @ 4 =   0.000#, Out:   0.000#   0.000#   0.000f


 Total SPIN, PARITY =    69.0 +,      4 chs,      0 cc.  Rmin & Coul turning =    5.5   26.0
   S-matrix    1 =    1.00000  -0.00000 for L=   67, J=   67.5 channel on core I =   1.5 from L=   67,  Acc. loss =  0.0 D.
 Elastic phase shift   1 =   -0.000  -0.000 deg. for the L =   67, J =   67.5 channel.
      69.0  1.00000000 -0.00000003i: elastic S-matrix  @@      0.00  0   0 F  0
 Reaction Xsec    69.0+/67 @ 1 =  -0.000#, Out:   0.000#   0.000#  -0.000f

   S-matrix    2 =    1.00000  -0.00000 for L=   69, J=   68.5 channel on core I =   1.5 from L=   69,  Acc. loss =  0.0 D.
 Elastic phase shift   2 =   -0.000   0.000 deg. for the L =   69, J =   68.5 channel.
      69.0  1.00000000 -0.00000004i: elastic S-matrix  @@      0.00  0   0 F  0
 Reaction Xsec    69.0+/69 @ 2 =   0.000#, Out:   0.000#   0.000#   0.000f

   S-matrix    3 =    1.00000  -0.00000 for L=   69, J=   69.5 channel on core I =   1.5 from L=   69,  Acc. loss =  0.0 D.
 Elastic phase shift   3 =   -0.000  -0.000 deg. for the L =   69, J =   69.5 channel.
      69.0  1.00000000 -0.00000004i: elastic S-matrix  @@      0.00  0   0 F  0
 Reaction Xsec    69.0+/69 @ 3 =  -0.000#, Out:   0.000#   0.000#  -0.000f

   S-matrix    4 =    1.00000  -0.00000 for L=   71, J=   70.5 channel on core I =   1.5 from L=   71,  Acc. loss =  0.0 D.
 Elastic phase shift   4 =   -0.000   0.000 deg. for the L =   71, J =   70.5 channel.
      69.0  1.00000000 -0.00000002i: elastic S-matrix  @@      0.00  0   0 F  0
 Reaction Xsec    69.0+/71 @ 4 =   0.000#, Out:   0.000#   0.000#   0.000f


 Total SPIN, PARITY =    69.0 -,      5 chs,      0 cc.  Rmin & Coul turning =    5.5   26.0
   S-matrix    1 =    1.00000  -0.00000 for L=   68, J=   67.5 channel on core I =   1.5 from L=   68,  Acc. loss =  0.0 D.
 Elastic phase shift   1 =   -0.000   0.000 deg. for the L =   68, J =   67.5 channel.
      69.0  1.00000000 -0.00000004i: elastic S-matrix  @@      0.02  0   0 F  0
 Reaction Xsec    69.0-/68 @ 1 =   0.000#, Out:   0.000#   0.607#  -0.000f

   S-matrix    2 =    1.00000  -0.00000 for L=   68, J=   68.5 channel on core I =   1.5 from L=   68,  Acc. loss =  0.0 D.
 Elastic phase shift   2 =   -0.000   0.000 deg. for the L =   68, J =   68.5 channel.
      69.0  1.00000000 -0.00000004i: elastic S-matrix  @@      0.00  0   0 F  0
 Reaction Xsec    69.0-/68 @ 2 =   0.000#, Out:   0.000#   0.230#  -0.000f

   S-matrix    3 =    1.00000  -0.00000 for L=   70, J=   69.5 channel on core I =   1.5 from L=   70,  Acc. loss =  0.0 D.
 Elastic phase shift   3 =   -0.000  -0.000 deg. for the L =   70, J =   69.5 channel.
0****** WARNING : ACCURACY LOSS IN ERWIN = 14.1 DIGITS, SO EXPECT ERRORS OF   0.0001 % OF UNITARITY

      69.0  1.00000000 -0.00000002i: elastic S-matrix  @@      0.02  0   0 F  0
 Reaction Xsec    69.0-/70 @ 3 =  -0.000#, Out:   0.000#   0.002#  -0.000f

   S-matrix    4 =    1.00000  -0.00000 for L=   70, J=   70.5 channel on core I =   1.5 from L=   70,  Acc. loss =  0.0 D.
 Elastic phase shift   4 =   -0.000   0.000 deg. for the L =   70, J =   70.5 channel.
      69.0  1.00000000 -0.00000002i: elastic S-matrix  @@      0.00  0   0 F  0
 Reaction Xsec    69.0-/70 @ 4 =   0.000#, Out:   0.000#   0.024#  -0.000f


 Total SPIN, PARITY =    70.0 +,      5 chs,      0 cc.  Rmin & Coul turning =    5.6   26.4
   S-matrix    1 =    1.00000  -0.00000 for L=   69, J=   68.5 channel on core I =   1.5 from L=   69,  Acc. loss =  0.0 D.
 Elastic phase shift   1 =   -0.000   0.000 deg. for the L =   69, J =   68.5 channel.
0****** WARNING : ACCURACY LOSS IN ERWIN = 14.9 DIGITS, SO EXPECT ERRORS OF   0.0003 % OF UNITARITY

      70.0  1.00000000 -0.00000004i: elastic S-matrix  @@      0.02  0   0 F  0
 Reaction Xsec    70.0+/69 @ 1 =   0.000#, Out:   0.000#   0.003#  -0.000f

   S-matrix    2 =    1.00000  -0.00000 for L=   69, J=   69.5 channel on core I =   1.5 from L=   69,  Acc. loss =  0.0 D.
 Elastic phase shift   2 =   -0.000   0.000 deg. for the L =   69, J =   69.5 channel.
0****** WARNING : ACCURACY LOSS IN ERWIN = 14.3 DIGITS, SO EXPECT ERRORS OF   0.0002 % OF UNITARITY

      70.0  1.00000000 -0.00000004i: elastic S-matrix  @@      0.00  0   0 F  0
 Reaction Xsec    70.0+/69 @ 2 =   0.000#, Out:   0.000#   0.013#  -0.000f

   S-matrix    3 =    1.00000  -0.00000 for L=   71, J=   70.5 channel on core I =   1.5 from L=   71,  Acc. loss =  0.0 D.
 Elastic phase shift   3 =   -0.000   0.000 deg. for the L =   71, J =   70.5 channel.
0****** WARNING : ACCURACY LOSS IN ERWIN = 14.7 DIGITS, SO EXPECT ERRORS OF   0.0000 % OF UNITARITY

      70.0  1.00000000 -0.00000002i: elastic S-matrix  @@      0.02  0   0 F  0
 Reaction Xsec    70.0+/71 @ 3 =   0.000#, Out:   0.000#   0.000#  -0.000f

   S-matrix    4 =    1.00000  -0.00000 for L=   71, J=   71.5 channel on core I =   1.5 from L=   71,  Acc. loss =  0.0 D.
 Elastic phase shift   4 =   -0.000   0.000 deg. for the L =   71, J =   71.5 channel.
0****** WARNING : ACCURACY LOSS IN ERWIN = 14.5 DIGITS, SO EXPECT ERRORS OF   0.0001 % OF UNITARITY

      70.0  1.00000000 -0.00000002i: elastic S-matrix  @@      0.00  0   0 F  0
 Reaction Xsec    70.0+/71 @ 4 =   0.000#, Out:   0.000#   0.001#  -0.000f


 Total SPIN, PARITY =    70.0 -,      4 chs,      0 cc.  Rmin & Coul turning =    5.6   26.4
   S-matrix    1 =    1.00000  -0.00000 for L=   68, J=   68.5 channel on core I =   1.5 from L=   68,  Acc. loss =  0.0 D.
 Elastic phase shift   1 =   -0.000   0.000 deg. for the L =   68, J =   68.5 channel.
      70.0  1.00000000 -0.00000004i: elastic S-matrix  @@      0.00  0   0 F  0
 Reaction Xsec    70.0-/68 @ 1 =   0.000#, Out:   0.000#   0.000#   0.000f

   S-matrix    2 =    1.00000  -0.00000 for L=   70, J=   69.5 channel on core I =   1.5 from L=   70,  Acc. loss =  0.0 D.
 Elastic phase shift   2 =   -0.000   0.000 deg. for the L =   70, J =   69.5 channel.
      70.0  1.00000000 -0.00000002i: elastic S-matrix  @@      0.00  0   0 F  0
 Reaction Xsec    70.0-/70 @ 2 =   0.000#, Out:   0.000#   0.000#   0.000f

   S-matrix    3 =    1.00000  -0.00000 for L=   70, J=   70.5 channel on core I =   1.5 from L=   70,  Acc. loss =  0.0 D.
 Elastic phase shift   3 =   -0.000   0.000 deg. for the L =   70, J =   70.5 channel.
      70.0  1.00000000 -0.00000002i: elastic S-matrix  @@      0.00  0   0 F  0
 Reaction Xsec    70.0-/70 @ 3 =   0.000#, Out:   0.000#   0.000#   0.000f

   S-matrix    4 =    1.00000  -0.00000 for L=   72, J=   71.5 channel on core I =   1.5 from L=   72,  Acc. loss =  0.0 D.
 Elastic phase shift   4 =   -0.000   0.000 deg. for the L =   72, J =   71.5 channel.
      70.0  1.00000000 -0.00000002i: elastic S-matrix  @@      0.00  0   0 F  0
 Reaction Xsec    70.0-/72 @ 4 =   0.000#, Out:   0.000#   0.000#   0.000f


 Total SPIN, PARITY =    71.0 +,      4 chs,      0 cc.  Rmin & Coul turning =    5.7   26.8
   S-matrix    1 =    1.00000  -0.00000 for L=   69, J=   69.5 channel on core I =   1.5 from L=   69,  Acc. loss =  0.0 D.
 Elastic phase shift   1 =   -0.000   0.000 deg. for the L =   69, J =   69.5 channel.
      71.0  1.00000000 -0.00000004i: elastic S-matrix  @@      0.00  0   0 F  0
 Reaction Xsec    71.0+/69 @ 1 =   0.000#, Out:   0.000#   0.000#   0.000f

   S-matrix    2 =    1.00000  -0.00000 for L=   71, J=   70.5 channel on core I =   1.5 from L=   71,  Acc. loss =  0.0 D.
 Elastic phase shift   2 =   -0.000   0.000 deg. for the L =   71, J =   70.5 channel.
      71.0  1.00000000 -0.00000002i: elastic S-matrix  @@      0.00  0   0 F  0
 Reaction Xsec    71.0+/71 @ 2 =   0.000#, Out:   0.000#   0.000#   0.000f

   S-matrix    3 =    1.00000  -0.00000 for L=   71, J=   71.5 channel on core I =   1.5 from L=   71,  Acc. loss =  0.0 D.
 Elastic phase shift   3 =   -0.000   0.000 deg. for the L =   71, J =   71.5 channel.
      71.0  1.00000000 -0.00000002i: elastic S-matrix  @@      0.00  0   0 F  0
 Reaction Xsec    71.0+/71 @ 3 =   0.000#, Out:   0.000#   0.000#   0.000f

   S-matrix    4 =    1.00000  -0.00000 for L=   73, J=   72.5 channel on core I =   1.5 from L=   73,  Acc. loss =  0.0 D.
 Elastic phase shift   4 =   -0.000   0.000 deg. for the L =   73, J =   72.5 channel.
      71.0  1.00000000 -0.00000003i: elastic S-matrix  @@      0.00  0   0 F  0
 Reaction Xsec    71.0+/73 @ 4 =   0.000#, Out:   0.000#   0.000#   0.000f


 Total SPIN, PARITY =    71.0 -,      5 chs,      0 cc.  Rmin & Coul turning =    5.7   26.8
   S-matrix    1 =    1.00000  -0.00000 for L=   70, J=   69.5 channel on core I =   1.5 from L=   70,  Acc. loss =  0.0 D.
 Elastic phase shift   1 =   -0.000   0.000 deg. for the L =   70, J =   69.5 channel.
      71.0  1.00000000 -0.00000002i: elastic S-matrix  @@      0.02  0   0 F  0
 Reaction Xsec    71.0-/70 @ 1 =   0.000#, Out:   0.000#   1.528#  -0.000f

   S-matrix    2 =    1.00000  -0.00000 for L=   70, J=   70.5 channel on core I =   1.5 from L=   70,  Acc. loss =  0.0 D.
 Elastic phase shift   2 =   -0.000   0.000 deg. for the L =   70, J =   70.5 channel.
      71.0  1.00000000 -0.00000002i: elastic S-matrix  @@      0.00  0   0 F  0
 Reaction Xsec    71.0-/70 @ 2 =   0.000#, Out:   0.000#   0.209#  -0.000f

   S-matrix    3 =    1.00000  -0.00000 for L=   72, J=   71.5 channel on core I =   1.5 from L=   72,  Acc. loss =  0.0 D.
 Elastic phase shift   3 =   -0.000  -0.000 deg. for the L =   72, J =   71.5 channel.
      71.0  1.00000000 -0.00000002i: elastic S-matrix  @@      0.00  0   0 F  0
 Reaction Xsec    71.0-/72 @ 3 =  -0.000#, Out:   0.000#   0.003#  -0.000f

   S-matrix    4 =    1.00000  -0.00000 for L=   72, J=   72.5 channel on core I =   1.5 from L=   72,  Acc. loss =  0.0 D.
 Elastic phase shift   4 =   -0.000   0.000 deg. for the L =   72, J =   72.5 channel.
0****** WARNING : ACCURACY LOSS IN ERWIN = 14.5 DIGITS, SO EXPECT ERRORS OF   0.0001 % OF UNITARITY

      71.0  1.00000000 -0.00000002i: elastic S-matrix  @@      0.02  0   0 F  0
 Reaction Xsec    71.0-/72 @ 4 =   0.000#, Out:   0.000#   0.001#  -0.000f


 Total SPIN, PARITY =    72.0 +,      5 chs,      0 cc.  Rmin & Coul turning =    5.8   27.1
   S-matrix    1 =    1.00000  -0.00000 for L=   71, J=   70.5 channel on core I =   1.5 from L=   71,  Acc. loss =  0.0 D.
 Elastic phase shift   1 =   -0.000   0.000 deg. for the L =   71, J =   70.5 channel.
0****** WARNING : ACCURACY LOSS IN ERWIN = 14.9 DIGITS, SO EXPECT ERRORS OF   0.0003 % OF UNITARITY

      72.0  1.00000000 -0.00000002i: elastic S-matrix  @@      0.00  0   0 F  0
 Reaction Xsec    72.0+/71 @ 1 =   0.000#, Out:   0.000#   0.003#  -0.000f

   S-matrix    2 =    1.00000  -0.00000 for L=   71, J=   71.5 channel on core I =   1.5 from L=   71,  Acc. loss =  0.0 D.
 Elastic phase shift   2 =   -0.000   0.000 deg. for the L =   71, J =   71.5 channel.
0****** WARNING : ACCURACY LOSS IN ERWIN = 15.4 DIGITS, SO EXPECT ERRORS OF   0.0002 % OF UNITARITY

      72.0  1.00000000 -0.00000002i: elastic S-matrix  @@      0.02  0   0 F  0
 Reaction Xsec    72.0+/71 @ 2 =   0.000#, Out:   0.000#   0.000#  -0.000f

   S-matrix    3 =    1.00000  -0.00000 for L=   73, J=   72.5 channel on core I =   1.5 from L=   73,  Acc. loss =  0.0 D.
 Elastic phase shift   3 =   -0.000   0.000 deg. for the L =   73, J =   72.5 channel.
0****** WARNING : ACCURACY LOSS IN ERWIN = 14.5 DIGITS, SO EXPECT ERRORS OF   0.0004 % OF UNITARITY

      72.0  1.00000000 -0.00000003i: elastic S-matrix  @@      0.00  0   0 F  0
 Reaction Xsec    72.0+/73 @ 3 =   0.000#, Out:   0.000#   0.014#  -0.000f

   S-matrix    4 =    1.00000  -0.00000 for L=   73, J=   73.5 channel on core I =   1.5 from L=   73,  Acc. loss =  0.0 D.
 Elastic phase shift   4 =   -0.000  -0.000 deg. for the L =   73, J =   73.5 channel.
      72.0  1.00000000 -0.00000003i: elastic S-matrix  @@      0.00  0   0 F  0
 Reaction Xsec    72.0+/73 @ 4 =  -0.000#, Out:   0.000#   0.270#  -0.000f


 Total SPIN, PARITY =    72.0 -,      4 chs,      0 cc.  Rmin & Coul turning =    5.8   27.1
   S-matrix    1 =    1.00000  -0.00000 for L=   70, J=   70.5 channel on core I =   1.5 from L=   70,  Acc. loss =  0.0 D.
 Elastic phase shift   1 =   -0.000   0.000 deg. for the L =   70, J =   70.5 channel.
      72.0  1.00000000 -0.00000002i: elastic S-matrix  @@      0.00  0   0 F  0
 Reaction Xsec    72.0-/70 @ 1 =   0.000#, Out:   0.000#   0.000#   0.000f

   S-matrix    2 =    1.00000  -0.00000 for L=   72, J=   71.5 channel on core I =   1.5 from L=   72,  Acc. loss =  0.0 D.
 Elastic phase shift   2 =   -0.000   0.000 deg. for the L =   72, J =   71.5 channel.
      72.0  1.00000000 -0.00000002i: elastic S-matrix  @@      0.00  0   0 F  0
 Reaction Xsec    72.0-/72 @ 2 =   0.000#, Out:   0.000#   0.000#   0.000f

   S-matrix    3 =    1.00000  -0.00000 for L=   72, J=   72.5 channel on core I =   1.5 from L=   72,  Acc. loss =  0.0 D.
 Elastic phase shift   3 =   -0.000   0.000 deg. for the L =   72, J =   72.5 channel.
      72.0  1.00000000 -0.00000002i: elastic S-matrix  @@      0.00  0   0 F  0
 Reaction Xsec    72.0-/72 @ 3 =   0.000#, Out:   0.000#   0.000#   0.000f

   S-matrix    4 =    1.00000  -0.00000 for L=   74, J=   73.5 channel on core I =   1.5 from L=   74,  Acc. loss =  0.0 D.
 Elastic phase shift   4 =   -0.000   0.000 deg. for the L =   74, J =   73.5 channel.
      72.0  1.00000000 -0.00000003i: elastic S-matrix  @@      0.00  0   0 F  0
 Reaction Xsec    72.0-/74 @ 4 =   0.000#, Out:   0.000#   0.000#   0.000f


 Total SPIN, PARITY =    73.0 +,      4 chs,      0 cc.  Rmin & Coul turning =    5.8   27.5
   S-matrix    1 =    1.00000  -0.00000 for L=   71, J=   71.5 channel on core I =   1.5 from L=   71,  Acc. loss =  0.0 D.
 Elastic phase shift   1 =   -0.000   0.000 deg. for the L =   71, J =   71.5 channel.
      73.0  1.00000000 -0.00000002i: elastic S-matrix  @@      0.00  0   0 F  0
 Reaction Xsec    73.0+/71 @ 1 =   0.000#, Out:   0.000#   0.000#   0.000f

   S-matrix    2 =    1.00000  -0.00000 for L=   73, J=   72.5 channel on core I =   1.5 from L=   73,  Acc. loss =  0.0 D.
 Elastic phase shift   2 =   -0.000   0.000 deg. for the L =   73, J =   72.5 channel.
      73.0  1.00000000 -0.00000003i: elastic S-matrix  @@      0.00  0   0 F  0
 Reaction Xsec    73.0+/73 @ 2 =   0.000#, Out:   0.000#   0.000#   0.000f

   S-matrix    3 =    1.00000  -0.00000 for L=   73, J=   73.5 channel on core I =   1.5 from L=   73,  Acc. loss =  0.0 D.
 Elastic phase shift   3 =   -0.000   0.000 deg. for the L =   73, J =   73.5 channel.
      73.0  1.00000000 -0.00000003i: elastic S-matrix  @@      0.00  0   0 F  0
 Reaction Xsec    73.0+/73 @ 3 =   0.000#, Out:   0.000#   0.000#   0.000f

   S-matrix    4 =    1.00000  -0.00000 for L=   75, J=   74.5 channel on core I =   1.5 from L=   75,  Acc. loss =  0.0 D.
 Elastic phase shift   4 =   -0.000   0.000 deg. for the L =   75, J =   74.5 channel.
      73.0  1.00000000 -0.00000003i: elastic S-matrix  @@      0.00  0   0 F  0
 Reaction Xsec    73.0+/75 @ 4 =   0.000#, Out:   0.000#   0.000#   0.000f


 Total SPIN, PARITY =    73.0 -,      5 chs,      0 cc.  Rmin & Coul turning =    5.8   27.5
   S-matrix    1 =    1.00000  -0.00000 for L=   72, J=   71.5 channel on core I =   1.5 from L=   72,  Acc. loss =  0.0 D.
 Elastic phase shift   1 =   -0.000   0.000 deg. for the L =   72, J =   71.5 channel.
0****** WARNING : ACCURACY LOSS IN ERWIN = 14.7 DIGITS, SO EXPECT ERRORS OF   0.0004 % OF UNITARITY

      73.0  1.00000000 -0.00000002i: elastic S-matrix  @@      0.02  0   0 F  0
 Reaction Xsec    73.0-/72 @ 1 =   0.000#, Out:   0.000#   0.008#  -0.000f

   S-matrix    2 =    1.00000  -0.00000 for L=   72, J=   72.5 channel on core I =   1.5 from L=   72,  Acc. loss =  0.0 D.
 Elastic phase shift   2 =   -0.000   0.000 deg. for the L =   72, J =   72.5 channel.
0****** WARNING : ACCURACY LOSS IN ERWIN = 14.4 DIGITS, SO EXPECT ERRORS OF   0.0002 % OF UNITARITY

      73.0  1.00000000 -0.00000002i: elastic S-matrix  @@      0.02  0   0 F  0
 Reaction Xsec    73.0-/72 @ 2 =   0.000#, Out:   0.000#   0.007#  -0.000f

   S-matrix    3 =    1.00000  -0.00000 for L=   74, J=   73.5 channel on core I =   1.5 from L=   74,  Acc. loss =  0.0 D.
 Elastic phase shift   3 =   -0.000   0.000 deg. for the L =   74, J =   73.5 channel.
0****** WARNING : ACCURACY LOSS IN ERWIN = 14.5 DIGITS, SO EXPECT ERRORS OF   0.0001 % OF UNITARITY

      73.0  1.00000000 -0.00000003i: elastic S-matrix  @@      0.00  0   0 F  0
 Reaction Xsec    73.0-/74 @ 3 =   0.000#, Out:   0.000#   0.001#  -0.000f

   S-matrix    4 =    1.00000  -0.00000 for L=   74, J=   74.5 channel on core I =   1.5 from L=   74,  Acc. loss =  0.0 D.
 Elastic phase shift   4 =   -0.000  -0.000 deg. for the L =   74, J =   74.5 channel.
0****** WARNING : ACCURACY LOSS IN ERWIN = 14.3 DIGITS, SO EXPECT ERRORS OF   0.0002 % OF UNITARITY

      73.0  1.00000000 -0.00000003i: elastic S-matrix  @@      0.00  0   0 F  0
 Reaction Xsec    73.0-/74 @ 4 =  -0.000#, Out:   0.000#   0.009#  -0.000f


 Total SPIN, PARITY =    74.0 +,      5 chs,      0 cc.  Rmin & Coul turning =    5.9   27.9
   S-matrix    1 =    1.00000  -0.00000 for L=   73, J=   72.5 channel on core I =   1.5 from L=   73,  Acc. loss =  0.0 D.
 Elastic phase shift   1 =   -0.000   0.000 deg. for the L =   73, J =   72.5 channel.
      74.0  1.00000000 -0.00000003i: elastic S-matrix  @@      0.02  0   0 F  0
 Reaction Xsec    74.0+/73 @ 1 =   0.000#, Out:   0.000#   0.012/  -0.000f

   S-matrix    2 =    1.00000  -0.00000 for L=   73, J=   73.5 channel on core I =   1.5 from L=   73,  Acc. loss =  0.0 D.
 Elastic phase shift   2 =   -0.000   0.000 deg. for the L =   73, J =   73.5 channel.
0****** WARNING : ACCURACY LOSS IN ERWIN = 14.5 DIGITS, SO EXPECT ERRORS OF   0.0022 % OF UNITARITY

      74.0  1.00000000 -0.00000003i: elastic S-matrix  @@      0.00  0   0 F  0
 Reaction Xsec    74.0+/73 @ 2 =   0.000#, Out:   0.000#   0.608#  -0.000f

   S-matrix    3 =    1.00000  -0.00000 for L=   75, J=   74.5 channel on core I =   1.5 from L=   75,  Acc. loss =  0.0 D.
 Elastic phase shift   3 =   -0.000   0.000 deg. for the L =   75, J =   74.5 channel.
0****** WARNING : ACCURACY LOSS IN ERWIN = 14.3 DIGITS, SO EXPECT ERRORS OF   0.0011 % OF UNITARITY

      74.0  1.00000000 -0.00000003i: elastic S-matrix  @@      0.02  0   0 F  0
 Reaction Xsec    74.0+/75 @ 3 =   0.000#, Out:   0.000#   0.470#  -0.000f

   S-matrix    4 =    1.00000  -0.00000 for L=   75, J=   75.5 channel on core I =   1.5 from L=   75,  Acc. loss =  0.0 D.
 Elastic phase shift   4 =   -0.000   0.000 deg. for the L =   75, J =   75.5 channel.
0****** WARNING : ACCURACY LOSS IN ERWIN = 14.2 DIGITS, SO EXPECT ERRORS OF   0.0019 % OF UNITARITY

      74.0  1.00000000 -0.00000003i: elastic S-matrix  @@      0.00  0   0 F  0
 Reaction Xsec    74.0+/75 @ 4 =   0.000#, Out:   0.000#   2.252#  -0.000f


 Total SPIN, PARITY =    74.0 -,      4 chs,      0 cc.  Rmin & Coul turning =    5.9   27.9
   S-matrix    1 =    1.00000  -0.00000 for L=   72, J=   72.5 channel on core I =   1.5 from L=   72,  Acc. loss =  0.0 D.
 Elastic phase shift   1 =   -0.000   0.000 deg. for the L =   72, J =   72.5 channel.
      74.0  1.00000000 -0.00000002i: elastic S-matrix  @@      0.00  0   0 F  0
 Reaction Xsec    74.0-/72 @ 1 =   0.000#, Out:   0.000#   0.000#   0.000f

   S-matrix    2 =    1.00000  -0.00000 for L=   74, J=   73.5 channel on core I =   1.5 from L=   74,  Acc. loss =  0.0 D.
 Elastic phase shift   2 =   -0.000   0.000 deg. for the L =   74, J =   73.5 channel.
      74.0  1.00000000 -0.00000003i: elastic S-matrix  @@      0.00  0   0 F  0
 Reaction Xsec    74.0-/74 @ 2 =   0.000#, Out:   0.000#   0.000#   0.000f

   S-matrix    3 =    1.00000  -0.00000 for L=   74, J=   74.5 channel on core I =   1.5 from L=   74,  Acc. loss =  0.0 D.
 Elastic phase shift   3 =   -0.000   0.000 deg. for the L =   74, J =   74.5 channel.
      74.0  1.00000000 -0.00000003i: elastic S-matrix  @@      0.00  0   0 F  0
 Reaction Xsec    74.0-/74 @ 3 =   0.000#, Out:   0.000#   0.000#   0.000f

   S-matrix    4 =    1.00000  -0.00000 for L=   76, J=   75.5 channel on core I =   1.5 from L=   76,  Acc. loss =  0.0 D.
 Elastic phase shift   4 =   -0.000   0.000 deg. for the L =   76, J =   75.5 channel.
      74.0  1.00000000 -0.00000003i: elastic S-matrix  @@      0.00  0   0 F  0
 Reaction Xsec    74.0-/76 @ 4 =   0.000#, Out:   0.000#   0.000#   0.000f


 Total SPIN, PARITY =    75.0 +,      4 chs,      0 cc.  Rmin & Coul turning =    6.0   28.3
   S-matrix    1 =    1.00000  -0.00000 for L=   73, J=   73.5 channel on core I =   1.5 from L=   73,  Acc. loss =  0.0 D.
 Elastic phase shift   1 =   -0.000  -0.000 deg. for the L =   73, J =   73.5 channel.
      75.0  1.00000000 -0.00000003i: elastic S-matrix  @@      0.00  0   0 F  0
 Reaction Xsec    75.0+/73 @ 1 =  -0.000#, Out:   0.000#   0.000#  -0.000f

   S-matrix    2 =    1.00000  -0.00000 for L=   75, J=   74.5 channel on core I =   1.5 from L=   75,  Acc. loss =  0.0 D.
 Elastic phase shift   2 =   -0.000  -0.000 deg. for the L =   75, J =   74.5 channel.
      75.0  1.00000000 -0.00000003i: elastic S-matrix  @@      0.00  0   0 F  0
 Reaction Xsec    75.0+/75 @ 2 =  -0.000#, Out:   0.000#   0.000#  -0.000f

   S-matrix    3 =    1.00000  -0.00000 for L=   75, J=   75.5 channel on core I =   1.5 from L=   75,  Acc. loss =  0.0 D.
 Elastic phase shift   3 =   -0.000   0.000 deg. for the L =   75, J =   75.5 channel.
      75.0  1.00000000 -0.00000003i: elastic S-matrix  @@      0.00  0   0 F  0
 Reaction Xsec    75.0+/75 @ 3 =   0.000#, Out:   0.000#   0.000#   0.000f

   S-matrix    4 =    1.00000  -0.00000 for L=   77, J=   76.5 channel on core I =   1.5 from L=   77,  Acc. loss =  0.0 D.
 Elastic phase shift   4 =   -0.000   0.000 deg. for the L =   77, J =   76.5 channel.
      75.0  1.00000000 -0.00000002i: elastic S-matrix  @@      0.00  0   0 F  0
 Reaction Xsec    75.0+/77 @ 4 =   0.000#, Out:   0.000#   0.000#   0.000f


 Total SPIN, PARITY =    75.0 -,      5 chs,      0 cc.  Rmin & Coul turning =    6.0   28.3
   S-matrix    1 =    1.00000  -0.00000 for L=   74, J=   73.5 channel on core I =   1.5 from L=   74,  Acc. loss =  0.0 D.
 Elastic phase shift   1 =   -0.000   0.000 deg. for the L =   74, J =   73.5 channel.
0****** WARNING : ACCURACY LOSS IN ERWIN = 14.6 DIGITS, SO EXPECT ERRORS OF   0.0119 % OF UNITARITY

      75.0  1.00000000 -0.00000003i: elastic S-matrix  @@      0.02  0   0 F  0
 Reaction Xsec    75.0-/74 @ 1 =   0.000#, Out:   0.000#   9.485#  -0.000f

   S-matrix    2 =    1.00000  -0.00000 for L=   74, J=   74.5 channel on core I =   1.5 from L=   74,  Acc. loss =  0.0 D.
 Elastic phase shift   2 =   -0.000   0.000 deg. for the L =   74, J =   74.5 channel.
0****** WARNING : ACCURACY LOSS IN ERWIN = 14.5 DIGITS, SO EXPECT ERRORS OF   0.0070 % OF UNITARITY

      75.0  1.00000000 -0.00000003i: elastic S-matrix  @@      0.00  0   0 F  0
 Reaction Xsec    75.0-/74 @ 2 =   0.000#, Out:   0.000#   5.613#  -0.000f

   S-matrix    3 =    1.00000  -0.00000 for L=   76, J=   75.5 channel on core I =   1.5 from L=   76,  Acc. loss =  0.0 D.
 Elastic phase shift   3 =   -0.000   0.000 deg. for the L =   76, J =   75.5 channel.
      75.0  1.00000000 -0.00000003i: elastic S-matrix  @@      0.00  0   0 F  0
 Reaction Xsec    75.0-/76 @ 3 =   0.000#, Out:   0.000#   0.013/  -0.000f

   S-matrix    4 =    1.00000  -0.00000 for L=   76, J=   76.5 channel on core I =   1.5 from L=   76,  Acc. loss =  0.0 D.
 Elastic phase shift   4 =   -0.000   0.000 deg. for the L =   76, J =   76.5 channel.
0****** WARNING : ACCURACY LOSS IN ERWIN = 14.4 DIGITS, SO EXPECT ERRORS OF   0.0062 % OF UNITARITY

      75.0  1.00000000 -0.00000003i: elastic S-matrix  @@      0.02  0   0 F  0
 Reaction Xsec    75.0-/76 @ 4 =   0.000#, Out:   0.000#   6.793#  -0.000f


 Total SPIN, PARITY =    76.0 +,      5 chs,      0 cc.  Rmin & Coul turning =    6.1   28.6
   S-matrix    1 =    1.00000  -0.00000 for L=   75, J=   74.5 channel on core I =   1.5 from L=   75,  Acc. loss =  0.0 D.
 Elastic phase shift   1 =   -0.000   0.000 deg. for the L =   75, J =   74.5 channel.
      76.0  1.00000000 -0.00000003i: elastic S-matrix  @@      0.00  0   0 F  0
 Reaction Xsec    76.0+/75 @ 1 =   0.000#, Out:   0.000#   1.563#  -0.000f

   S-matrix    2 =    1.00000  -0.00000 for L=   75, J=   75.5 channel on core I =   1.5 from L=   75,  Acc. loss =  0.0 D.
 Elastic phase shift   2 =   -0.000   0.000 deg. for the L =   75, J =   75.5 channel.
      76.0  1.00000000 -0.00000003i: elastic S-matrix  @@      0.02  0   0 F  0
 Reaction Xsec    76.0+/75 @ 2 =   0.000#, Out:   0.000#   0.011/  -0.000f

   S-matrix    3 =    1.00000  -0.00000 for L=   77, J=   76.5 channel on core I =   1.5 from L=   77,  Acc. loss =  0.0 D.
 Elastic phase shift   3 =   -0.000   0.000 deg. for the L =   77, J =   76.5 channel.
      76.0  1.00000000 -0.00000002i: elastic S-matrix  @@      0.00  0   0 F  0
 Reaction Xsec    76.0+/77 @ 3 =   0.000#, Out:   0.000#   0.370#  -0.000f

   S-matrix    4 =    1.00000  -0.00000 for L=   77, J=   77.5 channel on core I =   1.5 from L=   77,  Acc. loss =  0.0 D.
 Elastic phase shift   4 =   -0.000   0.000 deg. for the L =   77, J =   77.5 channel.
      76.0  1.00000000 -0.00000002i: elastic S-matrix  @@      0.00  0   0 F  0
 Reaction Xsec    76.0+/77 @ 4 =   0.000#, Out:   0.000#   1.807#  -0.000f


 Total SPIN, PARITY =    76.0 -,      4 chs,      0 cc.  Rmin & Coul turning =    6.1   28.6
   S-matrix    1 =    1.00000  -0.00000 for L=   74, J=   74.5 channel on core I =   1.5 from L=   74,  Acc. loss =  0.0 D.
 Elastic phase shift   1 =   -0.000   0.000 deg. for the L =   74, J =   74.5 channel.
      76.0  1.00000000 -0.00000003i: elastic S-matrix  @@      0.00  0   0 F  0
 Reaction Xsec    76.0-/74 @ 1 =   0.000#, Out:   0.000#   0.000#   0.000f

   S-matrix    2 =    1.00000  -0.00000 for L=   76, J=   75.5 channel on core I =   1.5 from L=   76,  Acc. loss =  0.0 D.
 Elastic phase shift   2 =   -0.000   0.000 deg. for the L =   76, J =   75.5 channel.
      76.0  1.00000000 -0.00000003i: elastic S-matrix  @@      0.00  0   0 F  0
 Reaction Xsec    76.0-/76 @ 2 =   0.000#, Out:   0.000#   0.000#   0.000f

   S-matrix    3 =    1.00000  -0.00000 for L=   76, J=   76.5 channel on core I =   1.5 from L=   76,  Acc. loss =  0.0 D.
 Elastic phase shift   3 =   -0.000   0.000 deg. for the L =   76, J =   76.5 channel.
      76.0  1.00000000 -0.00000003i: elastic S-matrix  @@      0.00  0   0 F  0
 Reaction Xsec    76.0-/76 @ 3 =   0.000#, Out:   0.000#   0.000#   0.000f

   S-matrix    4 =    1.00000  -0.00000 for L=   78, J=   77.5 channel on core I =   1.5 from L=   78,  Acc. loss =  0.0 D.
 Elastic phase shift   4 =   -0.000   0.000 deg. for the L =   78, J =   77.5 channel.
      76.0  1.00000000 -0.00000001i: elastic S-matrix  @@      0.00  0   0 F  0
 Reaction Xsec    76.0-/78 @ 4 =   0.000#, Out:   0.000#   0.000#   0.000f


 Total SPIN, PARITY =    77.0 +,      4 chs,      0 cc.  Rmin & Coul turning =    6.2   29.0
   S-matrix    1 =    1.00000  -0.00000 for L=   75, J=   75.5 channel on core I =   1.5 from L=   75,  Acc. loss =  0.0 D.
 Elastic phase shift   1 =   -0.000   0.000 deg. for the L =   75, J =   75.5 channel.
      77.0  1.00000000 -0.00000003i: elastic S-matrix  @@      0.00  0   0 F  0
 Reaction Xsec    77.0+/75 @ 1 =   0.000#, Out:   0.000#   0.000#   0.000f

   S-matrix    2 =    1.00000  -0.00000 for L=   77, J=   76.5 channel on core I =   1.5 from L=   77,  Acc. loss =  0.0 D.
 Elastic phase shift   2 =   -0.000   0.000 deg. for the L =   77, J =   76.5 channel.
      77.0  1.00000000 -0.00000002i: elastic S-matrix  @@      0.00  0   0 F  0
 Reaction Xsec    77.0+/77 @ 2 =   0.000#, Out:   0.000#   0.000#   0.000f

   S-matrix    3 =    1.00000  -0.00000 for L=   77, J=   77.5 channel on core I =   1.5 from L=   77,  Acc. loss =  0.0 D.
 Elastic phase shift   3 =   -0.000  -0.000 deg. for the L =   77, J =   77.5 channel.
      77.0  1.00000000 -0.00000002i: elastic S-matrix  @@      0.00  0   0 F  0
 Reaction Xsec    77.0+/77 @ 3 =  -0.000#, Out:   0.000#   0.000#  -0.000f

   S-matrix    4 =    1.00000  -0.00000 for L=   79, J=   78.5 channel on core I =   1.5 from L=   79,  Acc. loss =  0.0 D.
 Elastic phase shift   4 =   -0.000   0.000 deg. for the L =   79, J =   78.5 channel.
      77.0  1.00000000 -0.00000001i: elastic S-matrix  @@      0.00  0   0 F  0
 Reaction Xsec    77.0+/79 @ 4 =   0.000#, Out:   0.000#   0.000#   0.000f


 Total SPIN, PARITY =    77.0 -,      5 chs,      0 cc.  Rmin & Coul turning =    6.2   29.0
   S-matrix    1 =    1.00000  -0.00000 for L=   76, J=   75.5 channel on core I =   1.5 from L=   76,  Acc. loss =  0.0 D.
 Elastic phase shift   1 =   -0.000   0.000 deg. for the L =   76, J =   75.5 channel.
      77.0  1.00000000 -0.00000003i: elastic S-matrix  @@      0.02  0   0 F  0
 Reaction Xsec    77.0-/76 @ 1 =   0.000#, Out:   0.000#   0.586/  -0.001f

   S-matrix    2 =    1.00000  -0.00000 for L=   76, J=   76.5 channel on core I =   1.5 from L=   76,  Acc. loss =  0.0 D.
 Elastic phase shift   2 =   -0.000   0.000 deg. for the L =   76, J =   76.5 channel.
      77.0  1.00000000 -0.00000003i: elastic S-matrix  @@      0.00  0   0 F  0
 Reaction Xsec    77.0-/76 @ 2 =   0.000#, Out:   0.000#   0.322/  -0.000f

   S-matrix    3 =    1.00000  -0.00000 for L=   78, J=   77.5 channel on core I =   1.5 from L=   78,  Acc. loss =  0.0 D.
 Elastic phase shift   3 =   -0.000   0.000 deg. for the L =   78, J =   77.5 channel.
0****** WARNING : ACCURACY LOSS IN ERWIN = 14.2 DIGITS, SO EXPECT ERRORS OF   0.0039 % OF UNITARITY

      77.0  1.00000000 -0.00000001i: elastic S-matrix  @@      0.02  0   0 F  0
 Reaction Xsec    77.0-/78 @ 3 =   0.000#, Out:   0.000#   8.757#  -0.000f

   S-matrix    4 =    1.00000  -0.00000 for L=   78, J=   78.5 channel on core I =   1.5 from L=   78,  Acc. loss =  0.0 D.
 Elastic phase shift   4 =   -0.000   0.000 deg. for the L =   78, J =   78.5 channel.
      77.0  1.00000000 -0.00000001i: elastic S-matrix  @@      0.00  0   0 F  0
 Reaction Xsec    77.0-/78 @ 4 =   0.000#, Out:   0.000#   0.222/  -0.000f


 Total SPIN, PARITY =    78.0 +,      5 chs,      0 cc.  Rmin & Coul turning =    6.2   29.4
   S-matrix    1 =    1.00000  -0.00000 for L=   77, J=   76.5 channel on core I =   1.5 from L=   77,  Acc. loss =  0.0 D.
 Elastic phase shift   1 =   -0.000   0.000 deg. for the L =   77, J =   76.5 channel.
0****** WARNING : ACCURACY LOSS IN ERWIN = 14.8 DIGITS, SO EXPECT ERRORS OF   0.0745 % OF UNITARITY

      78.0  1.00000000 -0.00000002i: elastic S-matrix  @@      0.02  0   0 F  0
 Reaction Xsec    78.0+/77 @ 1 =   0.000#, Out:   0.000#   0.153/  -0.000f

   S-matrix    2 =    1.00000  -0.00000 for L=   77, J=   77.5 channel on core I =   1.5 from L=   77,  Acc. loss =  0.0 D.
 Elastic phase shift   2 =   -0.000   0.000 deg. for the L =   77, J =   77.5 channel.
0****** WARNING : ACCURACY LOSS IN ERWIN = 14.8 DIGITS, SO EXPECT ERRORS OF   0.0447 % OF UNITARITY

      78.0  1.00000000 -0.00000002i: elastic S-matrix  @@      0.00  0   0 F  0
 Reaction Xsec    78.0+/77 @ 2 =   0.000#, Out:   0.000#   0.060/  -0.000f

   S-matrix    3 =    1.00000  -0.00000 for L=   79, J=   78.5 channel on core I =   1.5 from L=   79,  Acc. loss =  0.0 D.
 Elastic phase shift   3 =   -0.000  -0.000 deg. for the L =   79, J =   78.5 channel.
0****** WARNING : ACCURACY LOSS IN ERWIN = 14.4 DIGITS, SO EXPECT ERRORS OF   0.0175 % OF UNITARITY

      78.0  1.00000000 -0.00000001i: elastic S-matrix  @@      0.00  0   0 F  0
 Reaction Xsec    78.0+/79 @ 3 =  -0.000#, Out:   0.000#   0.079/  -0.000f

   S-matrix    4 =    1.00000  -0.00000 for L=   79, J=   79.5 channel on core I =   1.5 from L=   79,  Acc. loss =  0.0 D.
 Elastic phase shift   4 =   -0.000   0.000 deg. for the L =   79, J =   79.5 channel.
      78.0  1.00000000 -0.00000001i: elastic S-matrix  @@      0.02  0   0 F  0
 Reaction Xsec    78.0+/79 @ 4 =   0.000#, Out:   0.000#   1.108/  -0.001f


 Total SPIN, PARITY =    78.0 -,      4 chs,      0 cc.  Rmin & Coul turning =    6.2   29.4
   S-matrix    1 =    1.00000  -0.00000 for L=   76, J=   76.5 channel on core I =   1.5 from L=   76,  Acc. loss =  0.0 D.
 Elastic phase shift   1 =   -0.000   0.000 deg. for the L =   76, J =   76.5 channel.
      78.0  1.00000000 -0.00000003i: elastic S-matrix  @@      0.00  0   0 F  0
 Reaction Xsec    78.0-/76 @ 1 =   0.000#, Out:   0.000#   0.000#   0.000f

   S-matrix    2 =    1.00000  -0.00000 for L=   78, J=   77.5 channel on core I =   1.5 from L=   78,  Acc. loss =  0.0 D.
 Elastic phase shift   2 =   -0.000   0.000 deg. for the L =   78, J =   77.5 channel.
      78.0  1.00000000 -0.00000001i: elastic S-matrix  @@      0.00  0   0 F  0
 Reaction Xsec    78.0-/78 @ 2 =   0.000#, Out:   0.000#   0.000#   0.000f

   S-matrix    3 =    1.00000  -0.00000 for L=   78, J=   78.5 channel on core I =   1.5 from L=   78,  Acc. loss =  0.0 D.
 Elastic phase shift   3 =   -0.000   0.000 deg. for the L =   78, J =   78.5 channel.
      78.0  1.00000000 -0.00000001i: elastic S-matrix  @@      0.00  0   0 F  0
 Reaction Xsec    78.0-/78 @ 3 =   0.000#, Out:   0.000#   0.000#   0.000f

   S-matrix    4 =    1.00000  -0.00000 for L=   80, J=   79.5 channel on core I =   1.5 from L=   80,  Acc. loss =  0.0 D.
 Elastic phase shift   4 =   -0.000   0.000 deg. for the L =   80, J =   79.5 channel.
      78.0  1.00000000 -0.00000000i: elastic S-matrix  @@      0.00  0   0 F  0
 Reaction Xsec    78.0-/80 @ 4 =   0.000#, Out:   0.000#   0.000#   0.000f


 Total SPIN, PARITY =    79.0 +,      4 chs,      0 cc.  Rmin & Coul turning =    6.3   29.8
   S-matrix    1 =    1.00000  -0.00000 for L=   77, J=   77.5 channel on core I =   1.5 from L=   77,  Acc. loss =  0.0 D.
 Elastic phase shift   1 =   -0.000  -0.000 deg. for the L =   77, J =   77.5 channel.
      79.0  1.00000000 -0.00000002i: elastic S-matrix  @@      0.00  0   0 F  0
 Reaction Xsec    79.0+/77 @ 1 =  -0.000#, Out:   0.000#   0.000#  -0.000f

   S-matrix    2 =    1.00000  -0.00000 for L=   79, J=   78.5 channel on core I =   1.5 from L=   79,  Acc. loss =  0.0 D.
 Elastic phase shift   2 =   -0.000   0.000 deg. for the L =   79, J =   78.5 channel.
      79.0  1.00000000 -0.00000001i: elastic S-matrix  @@      0.00  0   0 F  0
 Reaction Xsec    79.0+/79 @ 2 =   0.000#, Out:   0.000#   0.000#   0.000f

   S-matrix    3 =    1.00000  -0.00000 for L=   79, J=   79.5 channel on core I =   1.5 from L=   79,  Acc. loss =  0.0 D.
 Elastic phase shift   3 =   -0.000   0.000 deg. for the L =   79, J =   79.5 channel.
      79.0  1.00000000 -0.00000001i: elastic S-matrix  @@      0.00  0   0 F  0
 Reaction Xsec    79.0+/79 @ 3 =   0.000#, Out:   0.000#   0.000#   0.000f

   S-matrix    4 =    1.00000  -0.00000 for L=   81, J=   80.5 channel on core I =   1.5 from L=   81,  Acc. loss =  0.0 D.
 Elastic phase shift   4 =   -0.000   0.000 deg. for the L =   81, J =   80.5 channel.
      79.0  1.00000000 -0.00000000i: elastic S-matrix  @@      0.00  0   0 F  0
 Reaction Xsec    79.0+/81 @ 4 =   0.000#, Out:   0.000#   0.000#   0.000f


 Total SPIN, PARITY =    79.0 -,      5 chs,      0 cc.  Rmin & Coul turning =    6.3   29.8
   S-matrix    1 =    1.00000  -0.00000 for L=   78, J=   77.5 channel on core I =   1.5 from L=   78,  Acc. loss =  0.0 D.
 Elastic phase shift   1 =   -0.000   0.000 deg. for the L =   78, J =   77.5 channel.
      79.0  1.00000000 -0.00000001i: elastic S-matrix  @@      0.02  0   0 F  0
 Reaction Xsec    79.0-/78 @ 1 =   0.000#, Out:   0.000#   0.069/  -0.000f

   S-matrix    2 =    1.00000  -0.00000 for L=   78, J=   78.5 channel on core I =   1.5 from L=   78,  Acc. loss =  0.0 D.
 Elastic phase shift   2 =   -0.000   0.000 deg. for the L =   78, J =   78.5 channel.
      79.0  1.00000000 -0.00000001i: elastic S-matrix  @@      0.00  0   0 F  0
 Reaction Xsec    79.0-/78 @ 2 =   0.000#, Out:   0.000#   0.057/  -0.000f

   S-matrix    3 =    1.00000  -0.00000 for L=   80, J=   79.5 channel on core I =   1.5 from L=   80,  Acc. loss =  0.0 D.
 Elastic phase shift   3 =   -0.000   0.000 deg. for the L =   80, J =   79.5 channel.
      79.0  1.00000000 -0.00000000i: elastic S-matrix  @@      0.00  0   0 F  0
 Reaction Xsec    79.0-/80 @ 3 =   0.000#, Out:   0.000#   1.240#  -0.000f

   S-matrix    4 =    1.00000  -0.00000 for L=   80, J=   80.5 channel on core I =   1.5 from L=   80,  Acc. loss =  0.0 D.
 Elastic phase shift   4 =   -0.000  -0.000 deg. for the L =   80, J =   80.5 channel.
      79.0  1.00000000 -0.00000000i: elastic S-matrix  @@      0.02  0   0 F  0
 Reaction Xsec    79.0-/80 @ 4 =  -0.000#, Out:   0.000#   6.277#  -0.000f


 Total SPIN, PARITY =    80.0 +,      5 chs,      0 cc.  Rmin & Coul turning =    6.4   30.1
   S-matrix    1 =    1.00000  -0.00000 for L=   79, J=   78.5 channel on core I =   1.5 from L=   79,  Acc. loss =  0.0 D.
 Elastic phase shift   1 =   -0.000   0.000 deg. for the L =   79, J =   78.5 channel.
0****** WARNING : ACCURACY LOSS IN ERWIN = 14.3 DIGITS, SO EXPECT ERRORS OF   0.0217 % OF UNITARITY

      80.0  1.00000000 -0.00000001i: elastic S-matrix  @@      0.00  0   0 F  0
 Reaction Xsec    80.0+/79 @ 1 =   0.000#, Out:   0.000#   0.146/  -0.000f

   S-matrix    2 =    1.00000  -0.00000 for L=   79, J=   79.5 channel on core I =   1.5 from L=   79,  Acc. loss =  0.0 D.
 Elastic phase shift   2 =   -0.000   0.000 deg. for the L =   79, J =   79.5 channel.
      80.0  1.00000000 -0.00000001i: elastic S-matrix  @@      0.02  0   0 F  0
 Reaction Xsec    80.0+/79 @ 2 =   0.000#, Out:   0.000#   0.285/  -0.000f

   S-matrix    3 =    1.00000  -0.00000 for L=   81, J=   80.5 channel on core I =   1.5 from L=   81,  Acc. loss =  0.0 D.
 Elastic phase shift   3 =   -0.000   0.000 deg. for the L =   81, J =   80.5 channel.
      80.0  1.00000000 -0.00000000i: elastic S-matrix  @@      0.00  0   0 F  0
 Reaction Xsec    80.0+/81 @ 3 =   0.000#, Out:   0.000#   0.126/  -0.000f

   S-matrix    4 =    1.00000  -0.00000 for L=   81, J=   81.5 channel on core I =   1.5 from L=   81,  Acc. loss =  0.0 D.
 Elastic phase shift   4 =   -0.000   0.000 deg. for the L =   81, J =   81.5 channel.
      80.0  1.00000000 -0.00000000i: elastic S-matrix  @@      0.00  0   0 F  0
 Reaction Xsec    80.0+/81 @ 4 =   0.000#, Out:   0.000#   0.081/  -0.000f


 Total SPIN, PARITY =    80.0 -,      4 chs,      0 cc.  Rmin & Coul turning =    6.4   30.1
   S-matrix    1 =    1.00000  -0.00000 for L=   78, J=   78.5 channel on core I =   1.5 from L=   78,  Acc. loss =  0.0 D.
 Elastic phase shift   1 =   -0.000   0.000 deg. for the L =   78, J =   78.5 channel.
      80.0  1.00000000 -0.00000001i: elastic S-matrix  @@      0.00  0   0 F  0
 Reaction Xsec    80.0-/78 @ 1 =   0.000#, Out:   0.000#   0.000#   0.000f

   S-matrix    2 =    1.00000  -0.00000 for L=   80, J=   79.5 channel on core I =   1.5 from L=   80,  Acc. loss =  0.0 D.
 Elastic phase shift   2 =   -0.000   0.000 deg. for the L =   80, J =   79.5 channel.
      80.0  1.00000000 -0.00000000i: elastic S-matrix  @@      0.00  0   0 F  0
 Reaction Xsec    80.0-/80 @ 2 =   0.000#, Out:   0.000#   0.000#   0.000f

   S-matrix    3 =    1.00000  -0.00000 for L=   80, J=   80.5 channel on core I =   1.5 from L=   80,  Acc. loss =  0.0 D.
 Elastic phase shift   3 =   -0.000   0.000 deg. for the L =   80, J =   80.5 channel.
      80.0  1.00000000 -0.00000000i: elastic S-matrix  @@      0.00  0   0 F  0
 Reaction Xsec    80.0-/80 @ 3 =   0.000#, Out:   0.000#   0.000#   0.000f

   S-matrix    4 =    1.00000   0.00000 for L=   82, J=   81.5 channel on core I =   1.5 from L=   82,  Acc. loss =  0.0 D.
 Elastic phase shift   4 =    0.000   0.000 deg. for the L =   82, J =   81.5 channel.
      80.0  1.00000000  0.00000000i: elastic S-matrix  @@      0.00  0   0 F  0
 Reaction Xsec    80.0-/82 @ 4 =   0.000#, Out:   0.000#   0.000#   0.000f

 Finished all CC sets @    2.93750000    
0CUMULATIVE REACTION cross section                 =  374.16906  <L> =     8.92  <L**2> =     91.4
0CUMULATIVE outgoing cross sections in partition 1 :    0.00000
0CUMULATIVE outgoing cross sections in partition 2 :    0.00344
0Cumulative ABSORBTION by Imaginary Potentials     =  374.16562  <L> =     8.92  <L**2> =     91.3
   Fusion for specific p        M-states :  377.041641  377.041641
0CUMULATIVE OUTGOING cross section                 =    0.00344
 To convert to S-factors (MeV.mb = keV.b),  multiply by  2.0023E+02


 CROSS SECTIONS FOR OUTGOING p        & 7Li      in state #   1 with spins & parities 0.5  + &  1.5  -;  0

     0.01 deg.: X-S =   6.9144E+12 mb/sr,
+                                         /R =   9.9994E-01
     1.00 deg.: X-S =   4.6429E+04 mb/sr,
+                                         /R =   6.7140E-01
     2.00 deg.: X-S =  5977.800131 mb/sr,
+                                         /R =   1.3829E+00
     3.00 deg.: X-S =  6397.700570 mb/sr,
+                                         /R =   7.4908E+00
     4.00 deg.: X-S =  6687.075253 mb/sr,
+                                         /R =   2.4737E+01
     5.00 deg.: X-S =  6480.852140 mb/sr,
+                                         /R =   5.8503E+01
     6.00 deg.: X-S =  5988.710470 mb/sr,
+                                         /R =   1.1204E+02
     7.00 deg.: X-S =  5344.570702 mb/sr,
+                                         /R =   1.8512E+02
     8.00 deg.: X-S =  4632.154258 mb/sr,
+                                         /R =   2.7350E+02
     9.00 deg.: X-S =  3908.237656 mb/sr,
+                                         /R =   3.6930E+02
    10.00 deg.: X-S =  3212.806812 mb/sr,
+                                         /R =   4.6227E+02
    11.00 deg.: X-S =  2573.454216 mb/sr,
+                                         /R =   5.4155E+02
    12.00 deg.: X-S =  2007.646075 mb/sr,
+                                         /R =   5.9766E+02
    13.00 deg.: X-S =  1524.335523 mb/sr,
+                                         /R =   6.2423E+02
    14.00 deg.: X-S =  1125.465875 mb/sr,
+                                         /R =   6.1907E+02
    15.00 deg.: X-S =   807.508530 mb/sr,
+                                         /R =   5.8448E+02
    16.00 deg.: X-S =   563.012478 mb/sr,
+                                         /R =   5.2671E+02
    17.00 deg.: X-S =   382.082193 mb/sr,
+                                         /R =   4.5477E+02
    18.00 deg.: X-S =   253.693889 mb/sr,
+                                         /R =   3.7885E+02
    19.00 deg.: X-S =   166.780212 mb/sr,
+                                         /R =   3.0861E+02
    20.00 deg.: X-S =   111.044949 mb/sr,
+                                         /R =   2.5177E+02
    21.00 deg.: X-S =    77.501774 mb/sr,
+                                         /R =   2.1314E+02
    22.00 deg.: X-S =    58.758292 mb/sr,
+                                         /R =   1.9422E+02
    23.00 deg.: X-S =    49.086008 mb/sr,
+                                         /R =   1.9338E+02
    24.00 deg.: X-S =    44.327659 mb/sr,
+                                         /R =   2.0655E+02
    25.00 deg.: X-S =    41.696027 mb/sr,
+                                         /R =   2.2818E+02
    26.00 deg.: X-S =    39.514520 mb/sr,
+                                         /R =   2.5231E+02
    27.00 deg.: X-S =    36.941577 mb/sr,
+                                         /R =   2.7358E+02
    28.00 deg.: X-S =    33.710587 mb/sr,
+                                         /R =   2.8794E+02
    29.00 deg.: X-S =    29.906132 mb/sr,
+                                         /R =   2.9308E+02
    30.00 deg.: X-S =    25.787287 mb/sr,
+                                         /R =   2.8855E+02
    31.00 deg.: X-S =    21.660450 mb/sr,
+                                         /R =   2.7548E+02
    32.00 deg.: X-S =    17.798105 mb/sr,
+                                         /R =   2.5619E+02
    33.00 deg.: X-S =    14.396172 mb/sr,
+                                         /R =   2.3358E+02
    34.00 deg.: X-S =    11.560742 mb/sr,
+                                         /R =   2.1065E+02
    35.00 deg.: X-S =     9.314765 mb/sr,
+                                         /R =   1.8992E+02
    36.00 deg.: X-S =     7.616170 mb/sr,
+                                         /R =   1.7318E+02
    37.00 deg.: X-S =     6.380546 mb/sr,
+                                         /R =   1.6128E+02
    38.00 deg.: X-S =     5.503355 mb/sr,
+                                         /R =   1.5418E+02
    39.00 deg.: X-S =     4.878502 mb/sr,
+                                         /R =   1.5104E+02
    40.00 deg.: X-S =     4.411702 mb/sr,
+                                         /R =   1.5054E+02
    41.00 deg.: X-S =     4.028361 mb/sr,
+                                         /R =   1.5110E+02
    42.00 deg.: X-S =     3.676527 mb/sr,
+                                         /R =   1.5121E+02
    43.00 deg.: X-S =     3.326008 mb/sr,
+                                         /R =   1.4964E+02
    44.00 deg.: X-S =     2.964905 mb/sr,
+                                         /R =   1.4559E+02
    45.00 deg.: X-S =     2.594803 mb/sr,
+                                         /R =   1.3877E+02
    46.00 deg.: X-S =     2.225649 mb/sr,
+                                         /R =   1.2936E+02
    47.00 deg.: X-S =     1.871089 mb/sr,
+                                         /R =   1.1796E+02
    48.00 deg.: X-S =     1.544730 mb/sr,
+                                         /R =   1.0542E+02
    49.00 deg.: X-S =     1.257553 mb/sr,
+                                         /R =   9.2739E+01
    50.00 deg.: X-S =     1.016472 mb/sr,
+                                         /R =   8.0857E+01
    51.00 deg.: X-S =     0.823906 mb/sr,
+                                         /R =   7.0574E+01
    52.00 deg.: X-S =     0.678113 mb/sr,
+                                         /R =   6.2445E+01
    53.00 deg.: X-S =     0.574039 mb/sr,
+                                         /R =   5.6739E+01
    54.00 deg.: X-S =     0.504423 mb/sr,
+                                         /R =   5.3433E+01
    55.00 deg.: X-S =     0.460941 mb/sr,
+                                         /R =   5.2251E+01
    56.00 deg.: X-S =     0.435236 mb/sr,
+                                         /R =   5.2722E+01
    57.00 deg.: X-S =     0.419733 mb/sr,
+                                         /R =   5.4257E+01
    58.00 deg.: X-S =     0.408182 mb/sr,
+                                         /R =   5.6230E+01
    59.00 deg.: X-S =     0.395949 mb/sr,
+                                         /R =   5.8053E+01
    60.00 deg.: X-S =     0.380064 mb/sr,
+                                         /R =   5.9233E+01
    61.00 deg.: X-S =     0.359086 mb/sr,
+                                         /R =   5.9416E+01
    62.00 deg.: X-S =     0.332844 mb/sr,
+                                         /R =   5.8402E+01
    63.00 deg.: X-S =     0.302118 mb/sr,
+                                         /R =   5.6149E+01
    64.00 deg.: X-S =     0.268291 mb/sr,
+                                         /R =   5.2756E+01
    65.00 deg.: X-S =     0.233037 mb/sr,
+                                         /R =   4.8431E+01
    66.00 deg.: X-S =     0.198052 mb/sr,
+                                         /R =   4.3455E+01
    67.00 deg.: X-S =     0.164853 mb/sr,
+                                         /R =   3.8149E+01
    68.00 deg.: X-S =     0.134648 mb/sr,
+                                         /R =   3.2830E+01
    69.00 deg.: X-S =     0.108265 mb/sr,
+                                         /R =   2.7786E+01
    70.00 deg.: X-S =     0.086145 mb/sr,
+                                         /R =   2.3250E+01
    71.00 deg.: X-S =     0.068372 mb/sr,
+                                         /R =   1.9388E+01
    72.00 deg.: X-S =     0.054733 mb/sr,
+                                         /R =   1.6291E+01
    73.00 deg.: X-S =     0.044790 mb/sr,
+                                         /R =   1.3982E+01
    74.00 deg.: X-S =     0.037966 mb/sr,
+                                         /R =   1.2419E+01
    75.00 deg.: X-S =     0.033615 mb/sr,
+                                         /R =   1.1512E+01
    76.00 deg.: X-S =     0.031086 mb/sr,
+                                         /R =   1.1137E+01
    77.00 deg.: X-S =     0.029776 mb/sr,
+                                         /R =   1.1150E+01
    78.00 deg.: X-S =     0.029162 mb/sr,
+                                         /R =   1.1406E+01
    79.00 deg.: X-S =     0.028825 mb/sr,
+                                         /R =   1.1766E+01
    80.00 deg.: X-S =     0.028453 mb/sr,
+                                         /R =   1.2112E+01
    81.00 deg.: X-S =     0.027837 mb/sr,
+                                         /R =   1.2349E+01
    82.00 deg.: X-S =     0.026866 mb/sr,
+                                         /R =   1.2411E+01
    83.00 deg.: X-S =     0.025503 mb/sr,
+                                         /R =   1.2260E+01
    84.00 deg.: X-S =     0.023775 mb/sr,
+                                         /R =   1.1885E+01
    85.00 deg.: X-S =     0.021747 mb/sr,
+                                         /R =   1.1297E+01
    86.00 deg.: X-S =     0.019513 mb/sr,
+                                         /R =   1.0526E+01
    87.00 deg.: X-S =     0.017172 mb/sr,
+                                         /R =   9.6137E+00
    88.00 deg.: X-S =     0.014824 mb/sr,
+                                         /R =   8.6075E+00
    89.00 deg.: X-S =     0.012558 mb/sr,
+                                         /R =   7.5580E+00
    90.00 deg.: X-S =     0.010448 mb/sr,
+                                         /R =   6.5132E+00
    91.00 deg.: X-S =     0.008546 mb/sr,
+                                         /R =   5.5155E+00
    92.00 deg.: X-S =     0.006889 mb/sr,
+                                         /R =   4.5995E+00
    93.00 deg.: X-S =     0.005491 mb/sr,
+                                         /R =   3.7906E+00
    94.00 deg.: X-S =     0.004352 mb/sr,
+                                         /R =   3.1048E+00
    95.00 deg.: X-S =     0.003460 mb/sr,
+                                         /R =   2.5492E+00
    96.00 deg.: X-S =     0.002790 mb/sr,
+                                         /R =   2.1223E+00
    97.00 deg.: X-S =     0.002315 mb/sr,
+                                         /R =   1.8160E+00
    98.00 deg.: X-S =     0.001999 mb/sr,
+                                         /R =   1.6172E+00
    99.00 deg.: X-S =     0.001810 mb/sr,
+                                         /R =   1.5087E+00
   100.00 deg.: X-S =     0.001714 mb/sr,
+                                         /R =   1.4717E+00
   101.00 deg.: X-S =     0.001682 mb/sr,
+                                         /R =   1.4869E+00
   102.00 deg.: X-S =     0.001688 mb/sr,
+                                         /R =   1.5355E+00
   103.00 deg.: X-S =     0.001711 mb/sr,
+                                         /R =   1.6005E+00
   104.00 deg.: X-S =     0.001734 mb/sr,
+                                         /R =   1.6673E+00
   105.00 deg.: X-S =     0.001745 mb/sr,
+                                         /R =   1.7240E+00
   106.00 deg.: X-S =     0.001737 mb/sr,
+                                         /R =   1.7620E+00
   107.00 deg.: X-S =     0.001705 mb/sr,
+                                         /R =   1.7755E+00
   108.00 deg.: X-S =     0.001649 mb/sr,
+                                         /R =   1.7614E+00
   109.00 deg.: X-S =     0.001570 mb/sr,
+                                         /R =   1.7193E+00
   110.00 deg.: X-S =     0.001470 mb/sr,
+                                         /R =   1.6508E+00
   111.00 deg.: X-S =     0.001355 mb/sr,
+                                         /R =   1.5590E+00
   112.00 deg.: X-S =     0.001229 mb/sr,
+                                         /R =   1.4483E+00
   113.00 deg.: X-S =     0.001098 mb/sr,
+                                         /R =   1.3236E+00
   114.00 deg.: X-S =     0.000965 mb/sr,
+                                         /R =   1.1902E+00
   115.00 deg.: X-S =     0.000835 mb/sr,
+                                         /R =   1.0534E+00
   116.00 deg.: X-S =     0.000712 mb/sr,
+                                         /R =   9.1793E-01
   117.00 deg.: X-S =     0.000598 mb/sr,
+                                         /R =   7.8803E-01
   118.00 deg.: X-S =     0.000496 mb/sr,
+                                         /R =   6.6719E-01
   119.00 deg.: X-S =     0.000406 mb/sr,
+                                         /R =   5.5810E-01
   120.00 deg.: X-S =     0.000330 mb/sr,
+                                         /R =   4.6258E-01
   121.00 deg.: X-S =     0.000267 mb/sr,
+                                         /R =   3.8162E-01
   122.00 deg.: X-S =     0.000216 mb/sr,
+                                         /R =   3.1549E-01
   123.00 deg.: X-S =     0.000177 mb/sr,
+                                         /R =   2.6376E-01
   124.00 deg.: X-S =     0.000149 mb/sr,
+                                         /R =   2.2548E-01
   125.00 deg.: X-S =     0.000129 mb/sr,
+                                         /R =   1.9927E-01
   126.00 deg.: X-S =     0.000117 mb/sr,
+                                         /R =   1.8345E-01
   127.00 deg.: X-S =     0.000110 mb/sr,
+                                         /R =   1.7616E-01
   128.00 deg.: X-S =     0.000108 mb/sr,
+                                         /R =   1.7551E-01
   129.00 deg.: X-S =     0.000109 mb/sr,
+                                         /R =   1.7962E-01
   130.00 deg.: X-S =     0.000111 mb/sr,
+                                         /R =   1.8673E-01
   131.00 deg.: X-S =     0.000114 mb/sr,
+                                         /R =   1.9526E-01
   132.00 deg.: X-S =     0.000117 mb/sr,
+                                         /R =   2.0385E-01
   133.00 deg.: X-S =     0.000120 mb/sr,
+                                         /R =   2.1139E-01
   134.00 deg.: X-S =     0.000121 mb/sr,
+                                         /R =   2.1701E-01
   135.00 deg.: X-S =     0.000121 mb/sr,
+                                         /R =   2.2012E-01
   136.00 deg.: X-S =     0.000120 mb/sr,
+                                         /R =   2.2036E-01
   137.00 deg.: X-S =     0.000116 mb/sr,
+                                         /R =   2.1760E-01
   138.00 deg.: X-S =     0.000112 mb/sr,
+                                         /R =   2.1188E-01
   139.00 deg.: X-S =     0.000106 mb/sr,
+                                         /R =   2.0341E-01
   140.00 deg.: X-S =   9.9020E-05 mb/sr,
+                                         /R =   1.9253E-01
   141.00 deg.: X-S =   9.1248E-05 mb/sr,
+                                         /R =   1.7965E-01
   142.00 deg.: X-S =   8.2922E-05 mb/sr,
+                                         /R =   1.6526E-01
   143.00 deg.: X-S =   7.4307E-05 mb/sr,
+                                         /R =   1.4986E-01
   144.00 deg.: X-S =   6.5658E-05 mb/sr,
+                                         /R =   1.3395E-01
   145.00 deg.: X-S =   5.7205E-05 mb/sr,
+                                         /R =   1.1802E-01
   146.00 deg.: X-S =   4.9151E-05 mb/sr,
+                                         /R =   1.0251E-01
   147.00 deg.: X-S =   4.1668E-05 mb/sr,
+                                         /R =   8.7816E-02
   148.00 deg.: X-S =   3.4891E-05 mb/sr,
+                                         /R =   7.4286E-02
   149.00 deg.: X-S =   2.8923E-05 mb/sr,
+                                         /R =   6.2189E-02
   150.00 deg.: X-S =   2.3833E-05 mb/sr,
+                                         /R =   5.1735E-02
   151.00 deg.: X-S =   1.9658E-05 mb/sr,
+                                         /R =   4.3067E-02
   152.00 deg.: X-S =   1.6410E-05 mb/sr,
+                                         /R =   3.6271E-02
   153.00 deg.: X-S =   1.4075E-05 mb/sr,
+                                         /R =   3.1376E-02
   154.00 deg.: X-S =   1.2619E-05 mb/sr,
+                                         /R =   2.8363E-02
   155.00 deg.: X-S =   1.1993E-05 mb/sr,
+                                         /R =   2.7170E-02
   156.00 deg.: X-S =   1.2135E-05 mb/sr,
+                                         /R =   2.7701E-02
   157.00 deg.: X-S =   1.2974E-05 mb/sr,
+                                         /R =   2.9832E-02
   158.00 deg.: X-S =   1.4434E-05 mb/sr,
+                                         /R =   3.3420E-02
   159.00 deg.: X-S =   1.6434E-05 mb/sr,
+                                         /R =   3.8304E-02
   160.00 deg.: X-S =   1.8895E-05 mb/sr,
+                                         /R =   4.4317E-02
   161.00 deg.: X-S =   2.1734E-05 mb/sr,
+                                         /R =   5.1284E-02
   162.00 deg.: X-S =   2.4876E-05 mb/sr,
+                                         /R =   5.9032E-02
   163.00 deg.: X-S =   2.8245E-05 mb/sr,
+                                         /R =   6.7388E-02
   164.00 deg.: X-S =   3.1771E-05 mb/sr,
+                                         /R =   7.6185E-02
   165.00 deg.: X-S =   3.5388E-05 mb/sr,
+                                         /R =   8.5264E-02
   166.00 deg.: X-S =   3.9036E-05 mb/sr,
+                                         /R =   9.4471E-02
   167.00 deg.: X-S =   4.2658E-05 mb/sr,
+                                         /R =   1.0366E-01
   168.00 deg.: X-S =   4.6203E-05 mb/sr,
+                                         /R =   1.1271E-01
   169.00 deg.: X-S =   4.9624E-05 mb/sr,
+                                         /R =   1.2148E-01
   170.00 deg.: X-S =   5.2880E-05 mb/sr,
+                                         /R =   1.2987E-01
   171.00 deg.: X-S =   5.5934E-05 mb/sr,
+                                         /R =   1.3776E-01
   172.00 deg.: X-S =   5.8751E-05 mb/sr,
+                                         /R =   1.4508E-01
   173.00 deg.: X-S =   6.1304E-05 mb/sr,
+                                         /R =   1.5173E-01
   174.00 deg.: X-S =   6.3566E-05 mb/sr,
+                                         /R =   1.5764E-01
   175.00 deg.: X-S =   6.5516E-05 mb/sr,
+                                         /R =   1.6275E-01
   176.00 deg.: X-S =   6.7136E-05 mb/sr,
+                                         /R =   1.6700E-01
   177.00 deg.: X-S =   6.8411E-05 mb/sr,
+                                         /R =   1.7036E-01
   178.00 deg.: X-S =   6.9330E-05 mb/sr,
+                                         /R =   1.7278E-01
   179.00 deg.: X-S =   6.9884E-05 mb/sr,
+                                         /R =   1.7424E-01
   179.99 deg.: X-S =   7.0069E-05 mb/sr,
+                                         /R =   1.7472E-01
                                           Integrated********** mb, over [   0.000, 180.000] at   185.0000 MeV 

 CROSS SECTIONS FOR OUTGOING 4He      & 4He      in state #   1 with spins & parities 0.0  + &  0.0  +;  0

     0.00 deg.: X-S =     0.013639 mb/sr,
+                                         REAC   3.4385E-03 mb
     1.00 deg.: X-S =     0.006058 mb/sr,
     2.00 deg.: X-S =     0.001809 mb/sr,
     3.00 deg.: X-S =     0.002409 mb/sr,
     4.00 deg.: X-S =     0.000571 mb/sr,
     5.00 deg.: X-S =     0.001540 mb/sr,
     6.00 deg.: X-S =     0.000511 mb/sr,
     7.00 deg.: X-S =     0.000911 mb/sr,
     8.00 deg.: X-S =     0.000769 mb/sr,
     9.00 deg.: X-S =     0.000412 mb/sr,
    10.00 deg.: X-S =     0.000791 mb/sr,
    11.00 deg.: X-S =     0.000240 mb/sr,
    12.00 deg.: X-S =     0.000799 mb/sr,
    13.00 deg.: X-S =     0.000314 mb/sr,
    14.00 deg.: X-S =     0.000514 mb/sr,
    15.00 deg.: X-S =     0.000496 mb/sr,
    16.00 deg.: X-S =     0.000298 mb/sr,
    17.00 deg.: X-S =     0.000606 mb/sr,
    18.00 deg.: X-S =     0.000207 mb/sr,
    19.00 deg.: X-S =     0.000577 mb/sr,
    20.00 deg.: X-S =     0.000312 mb/sr,
    21.00 deg.: X-S =     0.000392 mb/sr,
    22.00 deg.: X-S =     0.000489 mb/sr,
    23.00 deg.: X-S =     0.000226 mb/sr,
    24.00 deg.: X-S =     0.000535 mb/sr,
    25.00 deg.: X-S =     0.000204 mb/sr,
    26.00 deg.: X-S =     0.000506 mb/sr,
    27.00 deg.: X-S =     0.000345 mb/sr,
    28.00 deg.: X-S =     0.000299 mb/sr,
    29.00 deg.: X-S =     0.000481 mb/sr,
    30.00 deg.: X-S =     0.000184 mb/sr,
    31.00 deg.: X-S =     0.000522 mb/sr,
    32.00 deg.: X-S =     0.000185 mb/sr,
    33.00 deg.: X-S =     0.000464 mb/sr,
    34.00 deg.: X-S =     0.000340 mb/sr,
    35.00 deg.: X-S =     0.000253 mb/sr,
    36.00 deg.: X-S =     0.000446 mb/sr,
    37.00 deg.: X-S =     0.000156 mb/sr,
    38.00 deg.: X-S =     0.000529 mb/sr,
    39.00 deg.: X-S =     0.000153 mb/sr,
    40.00 deg.: X-S =     0.000441 mb/sr,
    41.00 deg.: X-S =     0.000282 mb/sr,
    42.00 deg.: X-S =     0.000266 mb/sr,
    43.00 deg.: X-S =     0.000409 mb/sr,
    44.00 deg.: X-S =     0.000154 mb/sr,
    45.00 deg.: X-S =     0.000528 mb/sr,
    46.00 deg.: X-S =     0.000115 mb/sr,
    47.00 deg.: X-S =     0.000452 mb/sr,
    48.00 deg.: X-S =     0.000209 mb/sr,
    49.00 deg.: X-S =     0.000332 mb/sr,
    50.00 deg.: X-S =     0.000373 mb/sr,
    51.00 deg.: X-S =     0.000176 mb/sr,
    52.00 deg.: X-S =     0.000512 mb/sr,
    53.00 deg.: X-S =   9.3268E-05 mb/sr,
    54.00 deg.: X-S =     0.000491 mb/sr,
    55.00 deg.: X-S =     0.000153 mb/sr,
    56.00 deg.: X-S =     0.000416 mb/sr,
    57.00 deg.: X-S =     0.000329 mb/sr,
    58.00 deg.: X-S =     0.000208 mb/sr,
    59.00 deg.: X-S =     0.000467 mb/sr,
    60.00 deg.: X-S =     0.000103 mb/sr,
    61.00 deg.: X-S =     0.000535 mb/sr,
    62.00 deg.: X-S =     0.000114 mb/sr,
    63.00 deg.: X-S =     0.000464 mb/sr,
    64.00 deg.: X-S =     0.000262 mb/sr,
    65.00 deg.: X-S =     0.000255 mb/sr,
    66.00 deg.: X-S =     0.000401 mb/sr,
    67.00 deg.: X-S =     0.000138 mb/sr,
    68.00 deg.: X-S =     0.000541 mb/sr,
    69.00 deg.: X-S =   8.8931E-05 mb/sr,
    70.00 deg.: X-S =     0.000465 mb/sr,
    71.00 deg.: X-S =     0.000184 mb/sr,
    72.00 deg.: X-S =     0.000320 mb/sr,
    73.00 deg.: X-S =     0.000330 mb/sr,
    74.00 deg.: X-S =     0.000184 mb/sr,
    75.00 deg.: X-S =     0.000494 mb/sr,
    76.00 deg.: X-S =   8.2733E-05 mb/sr,
    77.00 deg.: X-S =     0.000444 mb/sr,
    78.00 deg.: X-S =     0.000125 mb/sr,
    79.00 deg.: X-S =     0.000396 mb/sr,
    80.00 deg.: X-S =     0.000263 mb/sr,
    81.00 deg.: X-S =     0.000227 mb/sr,
    82.00 deg.: X-S =     0.000403 mb/sr,
    83.00 deg.: X-S =     0.000105 mb/sr,
    84.00 deg.: X-S =     0.000425 mb/sr,
    85.00 deg.: X-S =   9.7878E-05 mb/sr,
    86.00 deg.: X-S =     0.000455 mb/sr,
    87.00 deg.: X-S =     0.000199 mb/sr,
    88.00 deg.: X-S =     0.000263 mb/sr,
    89.00 deg.: X-S =     0.000300 mb/sr,
    90.00 deg.: X-S =     0.000164 mb/sr,
    91.00 deg.: X-S =     0.000421 mb/sr,
    92.00 deg.: X-S =   8.7745E-05 mb/sr,
    93.00 deg.: X-S =     0.000452 mb/sr,
    94.00 deg.: X-S =     0.000131 mb/sr,
    95.00 deg.: X-S =     0.000307 mb/sr,
    96.00 deg.: X-S =     0.000222 mb/sr,
    97.00 deg.: X-S =     0.000231 mb/sr,
    98.00 deg.: X-S =     0.000400 mb/sr,
    99.00 deg.: X-S =   8.8538E-05 mb/sr,
   100.00 deg.: X-S =     0.000409 mb/sr,
   101.00 deg.: X-S =   8.8388E-05 mb/sr,
   102.00 deg.: X-S =     0.000360 mb/sr,
   103.00 deg.: X-S =     0.000163 mb/sr,
   104.00 deg.: X-S =     0.000253 mb/sr,
   105.00 deg.: X-S =     0.000320 mb/sr,
   106.00 deg.: X-S =   9.6332E-05 mb/sr,
   107.00 deg.: X-S =     0.000358 mb/sr,
   108.00 deg.: X-S =   7.1101E-05 mb/sr,
   109.00 deg.: X-S =     0.000385 mb/sr,
   110.00 deg.: X-S =     0.000114 mb/sr,
   111.00 deg.: X-S =     0.000271 mb/sr,
   112.00 deg.: X-S =     0.000241 mb/sr,
   113.00 deg.: X-S =     0.000131 mb/sr,
   114.00 deg.: X-S =     0.000292 mb/sr,
   115.00 deg.: X-S =   5.6894E-05 mb/sr,
   116.00 deg.: X-S =     0.000373 mb/sr,
   117.00 deg.: X-S =   6.5252E-05 mb/sr,
   118.00 deg.: X-S =     0.000261 mb/sr,
   119.00 deg.: X-S =     0.000140 mb/sr,
   120.00 deg.: X-S =     0.000185 mb/sr,
   121.00 deg.: X-S =     0.000255 mb/sr,
   122.00 deg.: X-S =   8.2322E-05 mb/sr,
   123.00 deg.: X-S =     0.000355 mb/sr,
   124.00 deg.: X-S =   5.0619E-05 mb/sr,
   125.00 deg.: X-S =     0.000287 mb/sr,
   126.00 deg.: X-S =   7.5632E-05 mb/sr,
   127.00 deg.: X-S =     0.000261 mb/sr,
   128.00 deg.: X-S =     0.000226 mb/sr,
   129.00 deg.: X-S =   8.8958E-05 mb/sr,
   130.00 deg.: X-S =     0.000276 mb/sr,
   131.00 deg.: X-S =   3.6952E-05 mb/sr,
   132.00 deg.: X-S =     0.000359 mb/sr,
   133.00 deg.: X-S =   5.8812E-05 mb/sr,
   134.00 deg.: X-S =     0.000298 mb/sr,
   135.00 deg.: X-S =     0.000177 mb/sr,
   136.00 deg.: X-S =     0.000158 mb/sr,
   137.00 deg.: X-S =     0.000282 mb/sr,
   138.00 deg.: X-S =   7.7279E-05 mb/sr,
   139.00 deg.: X-S =     0.000411 mb/sr,
   140.00 deg.: X-S =   4.9605E-05 mb/sr,
   141.00 deg.: X-S =     0.000301 mb/sr,
   142.00 deg.: X-S =     0.000110 mb/sr,
   143.00 deg.: X-S =     0.000223 mb/sr,
   144.00 deg.: X-S =     0.000285 mb/sr,
   145.00 deg.: X-S =   7.9460E-05 mb/sr,
   146.00 deg.: X-S =     0.000351 mb/sr,
   147.00 deg.: X-S =   3.9482E-05 mb/sr,
   148.00 deg.: X-S =     0.000362 mb/sr,
   149.00 deg.: X-S =     0.000114 mb/sr,
   150.00 deg.: X-S =     0.000262 mb/sr,
   151.00 deg.: X-S =     0.000252 mb/sr,
   152.00 deg.: X-S =     0.000142 mb/sr,
   153.00 deg.: X-S =     0.000345 mb/sr,
   154.00 deg.: X-S =   5.2328E-05 mb/sr,
   155.00 deg.: X-S =     0.000361 mb/sr,
   156.00 deg.: X-S =     0.000105 mb/sr,
   157.00 deg.: X-S =     0.000290 mb/sr,
   158.00 deg.: X-S =     0.000180 mb/sr,
   159.00 deg.: X-S =     0.000148 mb/sr,
   160.00 deg.: X-S =     0.000304 mb/sr,
   161.00 deg.: X-S =   8.6903E-05 mb/sr,
   162.00 deg.: X-S =     0.000335 mb/sr,
   163.00 deg.: X-S =   8.7523E-05 mb/sr,
   164.00 deg.: X-S =     0.000341 mb/sr,
   165.00 deg.: X-S =     0.000203 mb/sr,
   166.00 deg.: X-S =     0.000195 mb/sr,
   167.00 deg.: X-S =     0.000276 mb/sr,
   168.00 deg.: X-S =     0.000211 mb/sr,
   169.00 deg.: X-S =     0.000471 mb/sr,
   170.00 deg.: X-S =     0.000161 mb/sr,
   171.00 deg.: X-S =     0.000323 mb/sr,
   172.00 deg.: X-S =     0.000263 mb/sr,
   173.00 deg.: X-S =     0.000476 mb/sr,
   174.00 deg.: X-S =     0.000521 mb/sr,
   175.00 deg.: X-S =     0.000299 mb/sr,
   176.00 deg.: X-S =     0.000659 mb/sr,
   177.00 deg.: X-S =     0.000609 mb/sr,
   178.00 deg.: X-S =     0.001452 mb/sr,
   179.00 deg.: X-S =     0.002503 mb/sr,
   180.00 deg.: X-S =     0.002604 mb/sr,
                                           Integrated    0.0034 mb, over [   0.000, 180.000] at   185.0000 MeV 
 Finished all xsecs @    2.95312500    

  The following files have been created:
   3:local copy of User input.            6:standard output.                   
   7:elastic  S-matrix elements.         12:transfer kernels.                  
  13:total cross sections/state.         16:tables of cross sections.          
  35:Astrophysics S-factors  / Ecm.      38:cross sections for each J/pi.      
  39:cross sections for each Ecm.        40:all cross sectns. for each Elab.   
  45:scat phase shift as E functions.    46:bs wave functions & ANC ratios.    
  56:Fusion for each Jtotal.             75:S-factors for lab energies.        
 201:Separate cross sections.           202:Separate cross sections.           

 PARAMETERS : MAXQRN   MFNL   MLOC  LMAX1 MCLIST
    ALLOWED :      4     25     10    100      6
    REQUIRED:      1      4     10     83      4


 ACCURACY ANALYSIS at   185.000 MeV :

  Elastic h*k = 0.134 so OK       compared with 0.200

   Real(S-el) > 0.01 first at J =       4.0
   Real(S-el) > 0.10 first at J =       4.0
   Real(S-el) > 0.50 first at J =       7.0
   Real(S-el) > 0.90 first at J =      11.0
   Real(S-el) > 0.99 first at J =      15.0
   R-turn =    30.14 fm    at J =      80.0

 Forward-angle excitation cut off below   0.048 deg by max JT =      80.0
                              and below   0.048 deg by max R.


 1: Recommended RNL: non-local width >  10.30 cf: 100.00 fm: OK      
    Recommended CENTRE: centration   ~   0.25 cf:   0.00 fm

 Total CPU  0 time =       2.97 seconds
