 FRESCO - FRES 3.4: Coupled Reaction Channels
 Assuming NAMELIST input.

 7Li(p,4He)4He  E=400 MeV  Q=+17.346  [li7_p_he4_he4]                            

   0.050  30.000   0.250   0.100 100.000   0.000   0.000   0.000   0.000   0.000

 Centre-of-mass Range is    602 * 0.0500 fm., Maximum at  30.00 fm., Interpolating NL forms every  0.25 fm.
 Non - locality width is   1001 * 0.1000 fm., Maximum of 100.00 fm., Centred at  0.00 fm.
 2-Nucleon Separation of      0 * 0.2500 fm., Maximum of   0.00 fm., Minimum at  0.00 fm.
 Maximum single particle bins of 30.0000 fm.
               M,Mint =          601         601


 Range of total J is     0.0 <= J <=    80.0 (at least     0.0) and Absorbtion =>    -1.0000 mb.
 Dry Run = F, CC set limits =  0  0, Relativistic kinematics = a, Both/Far/Near Analyses =  1                     

 Cross Sections (and up to T0 for 0=projectile) for Theta from   0.0 to 180.0 in steps of  1.0 degrees, DGAM=0,  Coordinates = 0 (Mads)

 Lower Radial Cutoff = maximum of -1.60*L*h &       0.0 fm.,  Lower Cutoff for Couplings =   0.0  fm.


 Iterate Couplings between   1 and   1 times, to  0.000 % if sooner.                                          
  Block solved exactly =   0 chs., with Pade = 0 & Isocen =  =0, NOSOL = F, initwf =  0
  NL quadrature with   18 Gaussian points, Calculate multipoles up to    86 from   0
  M-transfers for lp+lt greater than or equal to  6, Angular Integration Cutoff below  2.7778 %


 Trace switches are :  CHANS =  1, LISTCC =  0, TRENEG =  0, CDETR =  0, SMATS =  2, XSTABL =  1, NLPL =  0

                       WAVES =  0, LAMPL =  0, VEFF =  0, KFUS =  0, WDISK =  0, BPM =  0, MELFIL =  0

                       CDCC =  0, NFUS =  0

 Using unit mass = 1.000000 amu and 1/fine-structure constant = 137.03599 ( 1.000000 * true ) with hc = 197.32705 MeV.fm,
  thus 2*amu/hbar^2 = 0.0478450 = 1/20.9008 and Coulomb constant = 0.1574855 so e^2 = 1.43997, and nuclear magneton= 0.1261183

 Now pre-scan input and save to file 3



 *********** PARTITION NUMBER  1 ******************************************************************************************

   PROJ=p          MASS=  1.0000 Z=   1.0,        # STATES=    1T, TARG=7Li      MASS=  7.0000 Z=   3.0,     Q-VALUE =   0.0000 MEV.

     1:  J= 0.5+ (B# 1), E=  0.0000, K= 0.5              Potl#  1       J= 1.5- (B#-1), E=  0.0000, K= 0.5    


 *********** PARTITION NUMBER  2 ******************************************************************************************

   PROJ=4He        MASS=  4.0000 Z=   2.0,        # STATES=    1T, TARG=4He      MASS=  4.0000 Z=   2.0,     Q-VALUE =  17.3460 MEV.

     1:  J= 0.0+ (B# 1), E=  0.0000, K= 0.0              Potl#  2       J= 0.0+ (B# 1), E=  0.0000, K= 0.0    
0****** WARNING : COMPARED WITH PARTITION  1, THIS PARTITION HAS TOTAL MASS & CHARGE EXCESSES   0.01862 &   0.0000


 ************************************************************************************************************************************

 The following POTENTIALS are defined :

  KP#       TYPE      IT    SHAPE      at     V1        r1        a1        V2        r2        a2        A-in     A-used


                                            A#1       A#2        r0c       ac                                                h @ 1
    1    0=Coulomb       0=CHARGE (WS)  1     1.000     7.000    1.3000    0.0000    0.0000    0.0000     0.000    24.717   0.05000

    1    1=Volume        0=Woods-Saxon  2   50.0000    1.2000    0.6000    0.0000    1.2000    0.6000     0.000    24.717

    1    2=Surface       0=Woods-Saxon  3    0.0000    0.0000    0.0000    8.0000    1.3000    0.5000     0.000    24.717

    1    3=Projtl S.O.   0=Woods-Saxon  4    5.5000    1.0000    0.5000    0.0000    0.0000    0.0000     0.000    24.717
   --------------------------------------------------------------------------------------------------------------------

                                            A#1       A#2        r0c       ac                                                h @ 2
    2    0=Coulomb       0=CHARGE (WS)  5     4.000     4.000    1.4000    0.0000    0.0000    0.0000     0.000    32.000   0.05000

    2    1=Volume        0=Woods-Saxon  6  120.0000    1.4000    0.5500   15.0000    1.4000    0.5500     0.000    32.000
   --------------------------------------------------------------------------------------------------------------------

    3    1=Volume        0=Woods-Saxon  7   50.0000    1.2500    0.6500    0.0000    0.0000    0.0000     0.000    32.000

    3    3=Projtl S.O.   0=Woods-Saxon  8    6.0000    1.2500    0.6500    0.0000    0.0000    0.0000     0.000    32.000
   --------------------------------------------------------------------------------------------------------------------

    4    1=Volume        0=Woods-Saxon  9   50.0000    1.2500    0.6500    0.0000    0.0000    0.0000     0.000    32.000

    4    3=Projtl S.O.   0=Woods-Saxon 10    6.0000    1.2500    0.6500    0.0000    0.0000    0.0000     0.000    32.000


 ************************************************************************************************************************************

 The following SINGLE-PARTICLE FORM FACTORS are constructed :


 No.   P1 P2 IN KIND T N  L  S1 IA J/S  IB BIND XFER  BE    SC PC FIL AFRAC Adjust  to  Z  Mass   K     Norm    rms      D0     D   ANC/Gsp

    1:  2  1  2  0     1  0 0.5  1 0.5   0   3   0  19.8140  1  0  0 0.0000 VR  0.5564; 1. 3.000 1.2748 1.0000  2.368 -351.8-2337.1 80.8297

    2:  1  2  1  0     2  1 0.5  1 1.5   0   4   0   2.4670  1  0  0 0.0000 VR  1.3692; 1. 3.000 0.2975 1.0000  5.165  199.6  292.8 -1.9650

 ************************************************************************************************************************************

 TWO-way COUPLING # 1 for partitions  2 <-  1 of KIND  7,   0 -1  5 -1 -1 & P1,P2 =    0.0000   0.0000 : for J <=    80.5 & R <  29.8 fm.


 data =  2  1  1  2  1.0000,  so  < [7Li      #  1] / [4He      #  1]  * Eigen-form #  2>  =   1.0000            BE =  2.467     2



 **** WARNING *** -- FORM FACTOR  2 WAS ORIGINALLY DEFINED FOR A  4He      / p        OVERLAP ****   2   1   2   1



 data =  1  1  1  1  1.0000,  so  < [4He      #  1] / [p        #  1]  * Eigen-form #  1>  =   1.0000            BE = 19.814     1



 **** WARNING *** -- FORM FACTOR  1 WAS ORIGINALLY DEFINED FOR A  7Li      / 4He      OVERLAP ****   1   2   1   2


 KNT =   2, KNP =   1: NK,NG,loc=   1   1   1  11  T  T  F

     So FINITE-RANGE TRANSFER : IP1 = 0 (POST    ), IP2=-1 =COMPLEX     ,  for   1 pairs of bound states summed into   1 pairs
      The main coupling potential is that binding the transferred particle to the 4He      core.

          Using between p        & 4He      the potential No.   5, and subtracting optical potential No.  2

   A real*8 is            8  bytes
   NLL,NLN,NLO =         120         121        1001
0File   9 needs RL =  240240    REAL*8 numbers, and NR =    88. i.e.   169.13 Megabytes
   File            9  RECL =     1921920
0RECOMMENDED NON-LOCAL WIDTH IS GREATER THAN   10.30 FM.,  RECOMMENDED CENTRATION   0.25, after    0.53 secs.
0Relative non-local usages (rms) are
    0.000   0.000   0.000   0.000   0.000   0.000   0.000   0.000   0.000   0.000   0.000   0.000   0.000   0.000   0.000
    0.000   0.000   0.000   0.000   0.000   0.000   0.000   0.000   0.000   0.000   0.000   0.000   0.000   0.000   0.000
    0.000   0.000   0.000   0.000   0.000   0.000   0.000   0.000   0.000   0.000   0.000   0.000   0.000   0.000   0.000
    0.000   0.000   0.000   0.000   0.000   0.000   0.000   0.000   0.000   0.000   0.000   0.000   0.000   0.000   0.000
    0.000   0.000   0.000   0.000   0.000   0.000   0.000   0.000   0.000   0.000   0.000   0.000   0.000   0.000   0.000
    0.000   0.000   0.000   0.000   0.000   0.000   0.000   0.000   0.000   0.000   0.000   0.000   0.000   0.000   0.000
    0.000   0.000   0.000   0.000   0.000   0.000   0.000   0.000   0.000   0.000   0.000   0.000   0.000   0.000   0.000
    0.000   0.000   0.000   0.000   0.000   0.000   0.000   0.000   0.000   0.000   0.000   0.000   0.000   0.000   0.000
    0.000   0.000   0.000   0.000   0.000   0.000   0.000   0.000   0.000   0.000   0.000   0.000   0.000   0.000   0.000
    0.000   0.000   0.000   0.000   0.000   0.000   0.000   0.000   0.000   0.000   0.000   0.000   0.000   0.000   0.000
    0.000   0.000   0.000   0.000   0.000   0.000   0.000   0.000   0.000   0.000   0.000   0.000   0.000   0.000   0.000
    0.000   0.000   0.000   0.000   0.000   0.000   0.000   0.000   0.000   0.000   0.000   0.000   0.000   0.000   0.000
    0.000   0.000   0.000   0.000   0.000   0.000   0.000   0.000   0.000   0.000   0.000   0.000   0.000   0.000   0.000
    0.000   0.000   0.000   0.000   0.000   0.000   0.000   0.000   0.000   0.000   0.000   0.000   0.000   0.000   0.000
    0.000   0.000   0.000   0.000   0.000   0.000   0.000   0.000   0.000   0.000   0.000   0.000   0.000   0.000   0.000
    0.000   0.000   0.000   0.000   0.000   0.000   0.000   0.000   0.000   0.000   0.000   0.000   0.000   0.000   0.000
    0.000   0.000   0.000   0.000   0.000   0.000   0.000   0.000   0.000   0.000   0.000   0.000   0.000   0.000   0.000
    0.000   0.000   0.000   0.000   0.000   0.000   0.000   0.000   0.000   0.000   0.000   0.000   0.000   0.000   0.000
    0.000   0.000   0.000   0.000   0.000   0.000   0.000   0.000   0.000   0.000   0.000   0.000   0.000   0.000   0.000
    0.000   0.000   0.000   0.000   0.000   0.000   0.000   0.000   0.000   0.000   0.000   0.000   0.000   0.000   0.000
    0.000   0.000   0.000   0.000   0.000   0.000   0.000   0.000   0.000   0.000   0.000   0.000   0.000   0.000   0.000
    0.000   0.000   0.000   0.000   0.000   0.000   0.000   0.000   0.000   0.000   0.000   0.000   0.000   0.000   0.000
    0.000   0.000   0.000   0.000   0.000   0.000   0.000   0.000   0.000   0.000   0.000   0.000   0.000   0.000   0.000
    0.000   0.000   0.000   0.000   0.000   0.000   0.000   0.000   0.000   0.000   0.000   0.000   0.000   0.000   0.000
    0.000   0.000   0.000   0.000   0.000   0.000   0.000   0.000   0.000   0.000   0.000   0.000   0.000   0.000   0.000
    0.000   0.000   0.000   0.000   0.000   0.000   0.000   0.000   0.000   0.000   0.000   0.000   0.000   0.000   0.000
    0.000   0.000   0.000   0.000   0.000   0.000   0.000   0.000   0.000   0.000   0.000   0.000   0.000   0.000   0.000
    0.000   0.000   0.000   0.000   0.000   0.000   0.000   0.000   0.000   0.000   0.000   0.000   0.000   0.000   0.000
    0.000   0.000   0.001   0.001   0.001   0.001   0.001   0.001   0.001   0.001   0.001   0.002   0.002   0.002   0.002
    0.003   0.003   0.004   0.006   0.008   0.010   0.017   0.022   0.033   0.046   0.057   0.091   0.116   0.165   0.223
    0.271   0.404   0.505   0.681   0.887   1.057   1.458   1.772   2.236   2.774   3.223   4.063   4.751   5.607   6.557
    7.370   8.538   9.534  10.583  11.660  12.589  13.593  14.454  15.212  15.872  16.409  16.833  17.144  17.448  17.746
   17.946  18.867  19.665  21.249  23.448  25.381  29.503  33.003  37.433  42.449  46.723  52.895  58.122  63.651  69.334
   74.144  79.626  84.227  88.392  92.126  95.091  97.328  98.871  99.751 100.000  99.649  98.729  97.276  95.325  92.920
   90.102  86.918  83.415  79.643  75.648  71.481  67.191  62.828  58.439  54.068  49.758  45.547  41.470  37.557  33.834
   30.321  27.033  23.982  21.173  18.606  16.277  14.179  12.303  10.636   9.163   7.870   6.740   5.757   4.906   4.173
    3.542   3.002   2.540   2.147   1.813   1.529   1.288   1.085   0.912   0.767   0.645   0.541   0.454   0.381   0.320
    0.268   0.224   0.188   0.157   0.131   0.110   0.092   0.077   0.064   0.054   0.045   0.037   0.031   0.026   0.022
    0.018   0.015   0.012   0.010   0.009   0.007   0.006   0.005   0.004   0.003   0.003   0.002   0.002   0.002   0.001
    0.001   0.001   0.001   0.001   0.000   0.000   0.000   0.000   0.000   0.000   0.000   0.000   0.000   0.000   0.000
    0.000   0.000   0.000   0.000   0.000   0.000   0.000   0.000   0.000   0.000   0.000   0.000   0.000   0.000   0.000
    0.000   0.000   0.000   0.000   0.000   0.000   0.000   0.000   0.000   0.000   0.000   0.000   0.000   0.000   0.000
    0.000   0.000   0.000   0.000   0.000   0.000   0.000   0.000   0.000   0.000   0.000   0.000   0.000   0.000   0.000
    0.000   0.000   0.000   0.000   0.000   0.000   0.000   0.000   0.000   0.000   0.000   0.000   0.000   0.000   0.000
    0.000   0.000   0.000   0.000   0.000   0.000   0.000   0.000   0.000   0.000   0.000   0.000   0.000   0.000   0.000
    0.000   0.000   0.000   0.000   0.000   0.000   0.000   0.000   0.000   0.000   0.000   0.000   0.000   0.000   0.000
    0.000   0.000   0.000   0.000   0.000   0.000   0.000   0.000   0.000   0.000   0.000   0.000   0.000   0.000   0.000
    0.000   0.000   0.000   0.000   0.000   0.000   0.000   0.000   0.000   0.000   0.000   0.000   0.000   0.000   0.000
    0.000   0.000   0.000   0.000   0.000   0.000   0.000   0.000   0.000   0.000   0.000   0.000   0.000   0.000   0.000
    0.000   0.000   0.000   0.000   0.000   0.000   0.000   0.000   0.000   0.000   0.000   0.000   0.000   0.000   0.000
    0.000   0.000   0.000   0.000   0.000   0.000   0.000   0.000   0.000   0.000   0.000   0.000   0.000   0.000   0.000
    0.000   0.000   0.000   0.000   0.000   0.000   0.000   0.000   0.000   0.000   0.000   0.000   0.000   0.000   0.000
    0.000   0.000   0.000   0.000   0.000   0.000   0.000   0.000   0.000   0.000   0.000   0.000   0.000   0.000   0.000
    0.000   0.000   0.000   0.000   0.000   0.000   0.000   0.000   0.000   0.000   0.000   0.000   0.000   0.000   0.000
    0.000   0.000   0.000   0.000   0.000   0.000   0.000   0.000   0.000   0.000   0.000   0.000   0.000   0.000   0.000
    0.000   0.000   0.000   0.000   0.000   0.000   0.000   0.000   0.000   0.000   0.000   0.000   0.000   0.000   0.000
    0.000   0.000   0.000   0.000   0.000   0.000   0.000   0.000   0.000   0.000   0.000   0.000   0.000   0.000   0.000
    0.000   0.000   0.000   0.000   0.000   0.000   0.000   0.000   0.000   0.000   0.000   0.000   0.000   0.000   0.000
    0.000   0.000   0.000   0.000   0.000   0.000   0.000   0.000   0.000   0.000   0.000   0.000   0.000   0.000   0.000
    0.000   0.000   0.000   0.000   0.000   0.000   0.000   0.000   0.000   0.000   0.000   0.000   0.000   0.000   0.000
    0.000   0.000   0.000   0.000   0.000   0.000   0.000   0.000   0.000   0.000   0.000   0.000   0.000   0.000   0.000
    0.000   0.000   0.000   0.000   0.000   0.000   0.000   0.000   0.000   0.000   0.000   0.000   0.000   0.000   0.000
    0.000   0.000   0.000   0.000   0.000   0.000   0.000   0.000   0.000   0.000   0.000   0.000   0.000   0.000   0.000
    0.000   0.000   0.000   0.000   0.000   0.000   0.000   0.000   0.000   0.000   0.000   0.000   0.000   0.000   0.000
    0.000   0.000   0.000   0.000   0.000   0.000   0.000   0.000   0.000   0.000   0.000   0.000   0.000   0.000   0.000
    0.000   0.000   0.000   0.000   0.000   0.000   0.000   0.000   0.000   0.000   0.000   0.000   0.000   0.000   0.000
    0.000   0.000   0.000   0.000   0.000   0.000   0.000   0.000   0.000   0.000   0.000

 Incoming partition  1 in excitation state # 1,   Laboratory Energy given for partition  1 Nucleus 1 in Excitation pair 1

0Lab. ENERGY ranges :

   from    400.000     to   0.00000     in     0 intervals
   from    0.00000     to   0.00000     in     0 intervals
   from    0.00000     to   0.00000     in     0 intervals

 Largest real,imaginary parts of any form factor at R=   29.50 are   4.88E-02  2.46E-19 MeV
 Finished all Couplings @   0.562500000              10

 Symmetric Hamiltonian
1***********************************************************************************************************************************
************************************************************************************************************************************

        INCOMING p        ;    LABORATORY p        ENERGY =   400.00     MeV.

 ***********************************************************************************************************************************
 ***********************************************************************************************************************************


 Accuracy analysis at   400.000 MeV in ch.  1:  Elastic h*k = 0.202 so NOT OK   compared with 0.200


 Accuracy analysis at   400.000 MeV in ch.  2:  Elastic h*k = 0.296 so NOT OK   compared with 0.200

 Step size HCM 0.05000 is too large: REDUCE TO < 0.03373, so STOP!

  NOTE: Coulomb excitation cut off below   0.032 deg by JTMAX, and below   0.021 deg by Rmax

 Allocate arrays for            2  channels, of which            2  need wfs.

 ######################################################################################################################
 #                                                                                                                    #
 # Total SPIN and PARITY =     0.0 +,      2 channels,    0 in 1st block.  Rmin & Coul turning =    0.0    0.0 fm.  #
 #                                                                                                                    #
 ######################################################################################################################



    C Projectl Target   #   EX.   (L  Proj) J  + Targ = Jtotal     E-cm      Re K     Re Eta     RM*K            CH
    1 p        7Li      #    1: I   1 0.5    1.5  1.5     0.0   388.64104   4.03364   0.02242  121.0091   0.02375   0.49950 1 1 1   1
    2 4He      4He      #    1:     0 0.0    0.0  0.0     0.0   367.34600   5.92886   0.04648  177.8658  -0.49898  -0.03296 2 1 2   1
   S-matrix    1 =   -0.26007   0.80907 for L=    1, J=    1.5 channel on core I =   1.5 from L=    1,  Acc. loss =  0.0 D.
 Elastic phase shift   1 =   53.910   4.661 deg. for the L =    1, J =    1.5 channel.
       0.0 -0.26007290  0.80907235i: elastic S-matrix  @@      0.00  0   0 F  0
 Reaction Xsec     0.0+/ 1 @ 1 =   0.067 , Out:   0.000#   0.000#   0.067f


 Total SPIN, PARITY =     0.0 -,      1 chs,      0 cc.  Rmin & Coul turning =    0.0    0.0
   S-matrix    1 =   -0.07944   0.84412 for L=    2, J=    1.5 channel on core I =   1.5 from L=    2,  Acc. loss =  0.0 D.
 Elastic phase shift   1 =   47.688   4.729 deg. for the L =    2, J =    1.5 channel.
       0.0 -0.07943599  0.84411611i: elastic S-matrix  @@      0.00  0   0 F  0
 Reaction Xsec     0.0-/ 2 @ 1 =   0.068 , Out:   0.000#   0.000#   0.068f

 Allocate arrays for            3  channels, of which            3  need wfs.

 Total SPIN, PARITY =     1.0 +,      3 chs,      0 cc.  Rmin & Coul turning =    0.1    0.4
   S-matrix    1 =   -0.15279   0.83557 for L=    1, J=    0.5 channel on core I =   1.5 from L=    1,  Acc. loss =  0.0 D.
 Elastic phase shift   1 =   50.181   4.675 deg. for the L =    1, J =    0.5 channel.
       1.0 -0.15278794  0.83556689i: elastic S-matrix  @@      0.00  0   0 F  0
 Reaction Xsec     1.0+/ 1 @ 1 =   0.202 , Out:   0.000#   0.000#   0.202f

   S-matrix    2 =   -0.26007   0.80907 for L=    1, J=    1.5 channel on core I =   1.5 from L=    1,  Acc. loss =  0.0 D.
 Elastic phase shift   2 =   53.910   4.661 deg. for the L =    1, J =    1.5 channel.
       1.0 -0.26007290  0.80907235i: elastic S-matrix  @@      0.00  0   0 F  0
 Reaction Xsec     1.0+/ 1 @ 2 =   0.201 , Out:   0.000#   0.000#   0.201f

   S-matrix    3 =   -0.00254   0.84544 for L=    3, J=    2.5 channel on core I =   1.5 from L=    3,  Acc. loss =  0.0 D.
 Elastic phase shift   3 =   45.086   4.810 deg. for the L =    3, J =    2.5 channel.
       1.0 -0.00253919  0.84544374i: elastic S-matrix  @@      0.00  0   0 F  0
 Reaction Xsec     1.0+/ 3 @ 3 =   0.207 , Out:   0.000#   0.000#   0.207f

 Allocate arrays for            4  channels, of which            4  need wfs.

 Total SPIN, PARITY =     1.0 -,      4 chs,      0 cc.  Rmin & Coul turning =    0.1    0.4
   S-matrix    1 =   -0.26858   0.80689 for L=    0, J=    0.5 channel on core I =   1.5 from L=    0,  Acc. loss =  0.0 D.
 Elastic phase shift   1 =   54.205   4.642 deg. for the L =    0, J =    0.5 channel.
       1.0 -0.26857775  0.80689309i: elastic S-matrix  @@      0.02  0   0 F  0
 Reaction Xsec     1.0-/ 0 @ 1 =   0.200 , Out:   0.000#   0.000#   0.200f

   S-matrix    2 =   -0.07944   0.84412 for L=    2, J=    1.5 channel on core I =   1.5 from L=    2,  Acc. loss =  0.0 D.
 Elastic phase shift   2 =   47.688   4.729 deg. for the L =    2, J =    1.5 channel.
       1.0 -0.07943599  0.84411611i: elastic S-matrix  @@      0.02  0   0 F  0
 Reaction Xsec     1.0-/ 2 @ 2 =   0.204 , Out:   0.000#   0.000#   0.204f

   S-matrix    3 =   -0.26170   0.80721 for L=    2, J=    2.5 channel on core I =   1.5 from L=    2,  Acc. loss =  0.0 D.
 Elastic phase shift   3 =   53.982   4.704 deg. for the L =    2, J =    2.5 channel.
       1.0 -0.26170364  0.80720968i: elastic S-matrix  @@      0.00  0   0 F  0
 Reaction Xsec     1.0-/ 2 @ 3 =   0.203 , Out:   0.000#   0.000#   0.203f

 Allocate arrays for            5  channels, of which            5  need wfs.

 Total SPIN, PARITY =     2.0 +,      5 chs,      0 cc.  Rmin & Coul turning =    0.2    0.6
   S-matrix    1 =   -0.15279   0.83557 for L=    1, J=    0.5 channel on core I =   1.5 from L=    1,  Acc. loss =  0.0 D.
 Elastic phase shift   1 =   50.181   4.675 deg. for the L =    1, J =    0.5 channel.
       2.0 -0.15278794  0.83556689i: elastic S-matrix  @@      0.02  0   0 F  0
 Reaction Xsec     2.0+/ 1 @ 1 =   0.336 , Out:   0.000#   0.000#   0.336f

   S-matrix    2 =   -0.26007   0.80907 for L=    1, J=    1.5 channel on core I =   1.5 from L=    1,  Acc. loss =  0.0 D.
 Elastic phase shift   2 =   53.910   4.661 deg. for the L =    1, J =    1.5 channel.
       2.0 -0.26007290  0.80907235i: elastic S-matrix  @@      0.02  0   0 F  0
 Reaction Xsec     2.0+/ 1 @ 2 =   0.335 , Out:   0.000#   0.000#   0.335f

   S-matrix    3 =   -0.00254   0.84544 for L=    3, J=    2.5 channel on core I =   1.5 from L=    3,  Acc. loss =  0.0 D.
 Elastic phase shift   3 =   45.086   4.810 deg. for the L =    3, J =    2.5 channel.
       2.0 -0.00253919  0.84544374i: elastic S-matrix  @@      0.00  0   0 F  0
 Reaction Xsec     2.0+/ 3 @ 3 =   0.344 , Out:   0.000#   0.000#   0.344f

   S-matrix    4 =   -0.26465   0.80410 for L=    3, J=    3.5 channel on core I =   1.5 from L=    3,  Acc. loss =  0.0 D.
 Elastic phase shift   4 =   54.109   4.773 deg. for the L =    3, J =    3.5 channel.
       2.0 -0.26465089  0.80410163i: elastic S-matrix  @@      0.00  0   0 F  0
 Reaction Xsec     2.0+/ 3 @ 4 =   0.342 , Out:   0.000#   0.000#   0.342f


 Total SPIN, PARITY =     2.0 -,      4 chs,      0 cc.  Rmin & Coul turning =    0.2    0.6
   S-matrix    1 =   -0.26858   0.80689 for L=    0, J=    0.5 channel on core I =   1.5 from L=    0,  Acc. loss =  0.0 D.
 Elastic phase shift   1 =   54.205   4.642 deg. for the L =    0, J =    0.5 channel.
       2.0 -0.26857775  0.80689309i: elastic S-matrix  @@      0.00  0   0 F  0
 Reaction Xsec     2.0-/ 0 @ 1 =   0.334 , Out:   0.000#   0.000#   0.334f

   S-matrix    2 =   -0.07944   0.84412 for L=    2, J=    1.5 channel on core I =   1.5 from L=    2,  Acc. loss =  0.0 D.
 Elastic phase shift   2 =   47.688   4.729 deg. for the L =    2, J =    1.5 channel.
       2.0 -0.07943599  0.84411611i: elastic S-matrix  @@      0.00  0   0 F  0
 Reaction Xsec     2.0-/ 2 @ 2 =   0.339 , Out:   0.000#   0.000#   0.339f

   S-matrix    3 =   -0.26170   0.80721 for L=    2, J=    2.5 channel on core I =   1.5 from L=    2,  Acc. loss =  0.0 D.
 Elastic phase shift   3 =   53.982   4.704 deg. for the L =    2, J =    2.5 channel.
       2.0 -0.26170364  0.80720968i: elastic S-matrix  @@      0.00  0   0 F  0
 Reaction Xsec     2.0-/ 2 @ 3 =   0.338 , Out:   0.000#   0.000#   0.338f

   S-matrix    4 =    0.08331   0.83799 for L=    4, J=    3.5 channel on core I =   1.5 from L=    4,  Acc. loss =  0.0 D.
 Elastic phase shift   4 =   42.161   4.923 deg. for the L =    4, J =    3.5 channel.
       2.0  0.08330565  0.83799376i: elastic S-matrix  @@      0.00  0   0 F  0
 Reaction Xsec     2.0-/ 4 @ 4 =   0.351 , Out:   0.000#   0.000#   0.351f


 Total SPIN, PARITY =     3.0 +,      4 chs,      0 cc.  Rmin & Coul turning =    0.2    0.9
   S-matrix    1 =   -0.26007   0.80907 for L=    1, J=    1.5 channel on core I =   1.5 from L=    1,  Acc. loss =  0.0 D.
 Elastic phase shift   1 =   53.910   4.661 deg. for the L =    1, J =    1.5 channel.
       3.0 -0.26007290  0.80907235i: elastic S-matrix  @@      0.00  0   0 F  0
 Reaction Xsec     3.0+/ 1 @ 1 =   0.469 , Out:   0.000#   0.000#   0.469f

   S-matrix    2 =   -0.00254   0.84544 for L=    3, J=    2.5 channel on core I =   1.5 from L=    3,  Acc. loss =  0.0 D.
 Elastic phase shift   2 =   45.086   4.810 deg. for the L =    3, J =    2.5 channel.
       3.0 -0.00253919  0.84544374i: elastic S-matrix  @@      0.00  0   0 F  0
 Reaction Xsec     3.0+/ 3 @ 2 =   0.482 , Out:   0.000#   0.000#   0.482f

   S-matrix    3 =   -0.26465   0.80410 for L=    3, J=    3.5 channel on core I =   1.5 from L=    3,  Acc. loss =  0.0 D.
 Elastic phase shift   3 =   54.109   4.773 deg. for the L =    3, J =    3.5 channel.
       3.0 -0.26465089  0.80410163i: elastic S-matrix  @@      0.00  0   0 F  0
 Reaction Xsec     3.0+/ 3 @ 3 =   0.479 , Out:   0.000#   0.000#   0.479f

   S-matrix    4 =    0.17908   0.81835 for L=    5, J=    4.5 channel on core I =   1.5 from L=    5,  Acc. loss =  0.0 D.
 Elastic phase shift   4 =   38.828   5.073 deg. for the L =    5, J =    4.5 channel.
       3.0  0.17908086  0.81835461i: elastic S-matrix  @@      0.00  0   0 F  0
 Reaction Xsec     3.0+/ 5 @ 4 =   0.504 , Out:   0.000#   0.000#   0.504f


 Total SPIN, PARITY =     3.0 -,      5 chs,      0 cc.  Rmin & Coul turning =    0.2    0.9
   S-matrix    1 =   -0.07944   0.84412 for L=    2, J=    1.5 channel on core I =   1.5 from L=    2,  Acc. loss =  0.0 D.
 Elastic phase shift   1 =   47.688   4.729 deg. for the L =    2, J =    1.5 channel.
       3.0 -0.07943599  0.84411611i: elastic S-matrix  @@      0.03  0   0 F  0
 Reaction Xsec     3.0-/ 2 @ 1 =   0.475 , Out:   0.000#   0.000#   0.475f

   S-matrix    2 =   -0.26170   0.80721 for L=    2, J=    2.5 channel on core I =   1.5 from L=    2,  Acc. loss =  0.0 D.
 Elastic phase shift   2 =   53.982   4.704 deg. for the L =    2, J =    2.5 channel.
       3.0 -0.26170364  0.80720968i: elastic S-matrix  @@      0.00  0   0 F  0
 Reaction Xsec     3.0-/ 2 @ 2 =   0.473 , Out:   0.000#   0.000#   0.473f

   S-matrix    3 =    0.08331   0.83799 for L=    4, J=    3.5 channel on core I =   1.5 from L=    4,  Acc. loss =  0.0 D.
 Elastic phase shift   3 =   42.161   4.923 deg. for the L =    4, J =    3.5 channel.
       3.0  0.08330565  0.83799376i: elastic S-matrix  @@      0.00  0   0 F  0
 Reaction Xsec     3.0-/ 4 @ 3 =   0.491 , Out:   0.000#   0.000#   0.491f

   S-matrix    4 =   -0.26478   0.80100 for L=    4, J=    4.5 channel on core I =   1.5 from L=    4,  Acc. loss =  0.0 D.
 Elastic phase shift   4 =   54.146   4.871 deg. for the L =    4, J =    4.5 channel.
       3.0 -0.26477976  0.80099945i: elastic S-matrix  @@      0.02  0   0 F  0
 Reaction Xsec     3.0-/ 4 @ 4 =   0.487 , Out:   0.000#   0.000#   0.487f


 Total SPIN, PARITY =     4.0 +,      5 chs,      0 cc.  Rmin & Coul turning =    0.3    1.1
   S-matrix    1 =   -0.00254   0.84544 for L=    3, J=    2.5 channel on core I =   1.5 from L=    3,  Acc. loss =  0.0 D.
 Elastic phase shift   1 =   45.086   4.810 deg. for the L =    3, J =    2.5 channel.
       4.0 -0.00253919  0.84544374i: elastic S-matrix  @@      0.02  0   0 F  0
 Reaction Xsec     4.0+/ 3 @ 1 =   0.620 , Out:   0.000#   0.000#   0.620f

   S-matrix    2 =   -0.26465   0.80410 for L=    3, J=    3.5 channel on core I =   1.5 from L=    3,  Acc. loss =  0.0 D.
 Elastic phase shift   2 =   54.109   4.773 deg. for the L =    3, J =    3.5 channel.
       4.0 -0.26465089  0.80410163i: elastic S-matrix  @@      0.00  0   0 F  0
 Reaction Xsec     4.0+/ 3 @ 2 =   0.616 , Out:   0.000#   0.000#   0.616f

   S-matrix    3 =    0.17908   0.81835 for L=    5, J=    4.5 channel on core I =   1.5 from L=    5,  Acc. loss =  0.0 D.
 Elastic phase shift   3 =   38.828   5.073 deg. for the L =    5, J =    4.5 channel.
       4.0  0.17908086  0.81835461i: elastic S-matrix  @@      0.02  0   0 F  0
 Reaction Xsec     4.0+/ 5 @ 3 =   0.648 , Out:   0.000#   0.000#   0.648f

   S-matrix    4 =   -0.26153   0.79802 for L=    5, J=    5.5 channel on core I =   1.5 from L=    5,  Acc. loss =  0.0 D.
 Elastic phase shift   4 =   54.073   5.002 deg. for the L =    5, J =    5.5 channel.
       4.0 -0.26153020  0.79802241i: elastic S-matrix  @@      0.00  0   0 F  0
 Reaction Xsec     4.0+/ 5 @ 4 =   0.640 , Out:   0.000#   0.000#   0.640f


 Total SPIN, PARITY =     4.0 -,      4 chs,      0 cc.  Rmin & Coul turning =    0.3    1.1
   S-matrix    1 =   -0.26170   0.80721 for L=    2, J=    2.5 channel on core I =   1.5 from L=    2,  Acc. loss =  0.0 D.
 Elastic phase shift   1 =   53.982   4.704 deg. for the L =    2, J =    2.5 channel.
       4.0 -0.26170364  0.80720968i: elastic S-matrix  @@      0.00  0   0 F  0
 Reaction Xsec     4.0-/ 2 @ 1 =   0.608 , Out:   0.000#   0.000#   0.608f

   S-matrix    2 =    0.08331   0.83799 for L=    4, J=    3.5 channel on core I =   1.5 from L=    4,  Acc. loss =  0.0 D.
 Elastic phase shift   2 =   42.161   4.923 deg. for the L =    4, J =    3.5 channel.
       4.0  0.08330565  0.83799376i: elastic S-matrix  @@      0.00  0   0 F  0
 Reaction Xsec     4.0-/ 4 @ 2 =   0.632 , Out:   0.000#   0.000#   0.632f

   S-matrix    3 =   -0.26478   0.80100 for L=    4, J=    4.5 channel on core I =   1.5 from L=    4,  Acc. loss =  0.0 D.
 Elastic phase shift   3 =   54.146   4.871 deg. for the L =    4, J =    4.5 channel.
       4.0 -0.26477976  0.80099945i: elastic S-matrix  @@      0.00  0   0 F  0
 Reaction Xsec     4.0-/ 4 @ 3 =   0.626 , Out:   0.000#   0.000#   0.626f

   S-matrix    4 =    0.28385   0.78201 for L=    6, J=    5.5 channel on core I =   1.5 from L=    6,  Acc. loss =  0.0 D.
 Elastic phase shift   4 =   35.025   5.271 deg. for the L =    6, J =    5.5 channel.
       4.0  0.28384709  0.78200803i: elastic S-matrix  @@      0.00  0   0 F  0
 Reaction Xsec     4.0-/ 6 @ 4 =   0.669 , Out:   0.000#   0.000#   0.669f


 Total SPIN, PARITY =     5.0 +,      4 chs,      0 cc.  Rmin & Coul turning =    0.4    1.4
   S-matrix    1 =   -0.26465   0.80410 for L=    3, J=    3.5 channel on core I =   1.5 from L=    3,  Acc. loss =  0.0 D.
 Elastic phase shift   1 =   54.109   4.773 deg. for the L =    3, J =    3.5 channel.
       5.0 -0.26465089  0.80410163i: elastic S-matrix  @@      0.00  0   0 F  0
 Reaction Xsec     5.0+/ 3 @ 1 =   0.752 , Out:   0.000#   0.000#   0.752f

   S-matrix    2 =    0.17908   0.81835 for L=    5, J=    4.5 channel on core I =   1.5 from L=    5,  Acc. loss =  0.0 D.
 Elastic phase shift   2 =   38.828   5.073 deg. for the L =    5, J =    4.5 channel.
       5.0  0.17908086  0.81835461i: elastic S-matrix  @@      0.00  0   0 F  0
 Reaction Xsec     5.0+/ 5 @ 2 =   0.792 , Out:   0.000#   0.000#   0.792f

   S-matrix    3 =   -0.26153   0.79802 for L=    5, J=    5.5 channel on core I =   1.5 from L=    5,  Acc. loss =  0.0 D.
 Elastic phase shift   3 =   54.073   5.002 deg. for the L =    5, J =    5.5 channel.
       5.0 -0.26153020  0.79802241i: elastic S-matrix  @@      0.00  0   0 F  0
 Reaction Xsec     5.0+/ 5 @ 3 =   0.783 , Out:   0.000#   0.000#   0.783f

   S-matrix    4 =    0.39396   0.72440 for L=    7, J=    6.5 channel on core I =   1.5 from L=    7,  Acc. loss =  0.0 D.
 Elastic phase shift   4 =   30.730   5.525 deg. for the L =    7, J =    6.5 channel.
       5.0  0.39395903  0.72440267i: elastic S-matrix  @@      0.00  0   0 F  0
 Reaction Xsec     5.0+/ 7 @ 4 =   0.850 , Out:   0.000#   0.000#   0.850f


 Total SPIN, PARITY =     5.0 -,      5 chs,      0 cc.  Rmin & Coul turning =    0.4    1.4
   S-matrix    1 =    0.08331   0.83799 for L=    4, J=    3.5 channel on core I =   1.5 from L=    4,  Acc. loss =  0.0 D.
 Elastic phase shift   1 =   42.161   4.923 deg. for the L =    4, J =    3.5 channel.
       5.0  0.08330565  0.83799376i: elastic S-matrix  @@      0.02  0   0 F  0
 Reaction Xsec     5.0-/ 4 @ 1 =   0.772 , Out:   0.000#   0.000#   0.772f

   S-matrix    2 =   -0.26478   0.80100 for L=    4, J=    4.5 channel on core I =   1.5 from L=    4,  Acc. loss =  0.0 D.
 Elastic phase shift   2 =   54.146   4.871 deg. for the L =    4, J =    4.5 channel.
       5.0 -0.26477976  0.80099945i: elastic S-matrix  @@      0.00  0   0 F  0
 Reaction Xsec     5.0-/ 4 @ 2 =   0.765 , Out:   0.000#   0.000#   0.765f

   S-matrix    3 =    0.28385   0.78201 for L=    6, J=    5.5 channel on core I =   1.5 from L=    6,  Acc. loss =  0.0 D.
 Elastic phase shift   3 =   35.025   5.271 deg. for the L =    6, J =    5.5 channel.
       5.0  0.28384709  0.78200803i: elastic S-matrix  @@      0.02  0   0 F  0
 Reaction Xsec     5.0-/ 6 @ 3 =   0.817 , Out:   0.000#   0.000#   0.817f

   S-matrix    4 =   -0.25396   0.79517 for L=    6, J=    6.5 channel on core I =   1.5 from L=    6,  Acc. loss =  0.0 D.
 Elastic phase shift   4 =   53.856   5.175 deg. for the L =    6, J =    6.5 channel.
       5.0 -0.25396139  0.79517193i: elastic S-matrix  @@      0.00  0   0 F  0
 Reaction Xsec     5.0-/ 6 @ 4 =   0.805 , Out:   0.000#   0.000#   0.805f


 Total SPIN, PARITY =     6.0 +,      5 chs,      0 cc.  Rmin & Coul turning =    0.5    1.6
   S-matrix    1 =    0.17908   0.81835 for L=    5, J=    4.5 channel on core I =   1.5 from L=    5,  Acc. loss =  0.0 D.
 Elastic phase shift   1 =   38.828   5.073 deg. for the L =    5, J =    4.5 channel.
       6.0  0.17908086  0.81835461i: elastic S-matrix  @@      0.02  0   0 F  0
 Reaction Xsec     6.0+/ 5 @ 1 =   0.936 , Out:   0.000#   0.000#   0.936f

   S-matrix    2 =   -0.26153   0.79802 for L=    5, J=    5.5 channel on core I =   1.5 from L=    5,  Acc. loss =  0.0 D.
 Elastic phase shift   2 =   54.073   5.002 deg. for the L =    5, J =    5.5 channel.
       6.0 -0.26153020  0.79802241i: elastic S-matrix  @@      0.02  0   0 F  0
 Reaction Xsec     6.0+/ 5 @ 2 =   0.925 , Out:   0.000#   0.000#   0.925f

   S-matrix    3 =    0.39396   0.72440 for L=    7, J=    6.5 channel on core I =   1.5 from L=    7,  Acc. loss =  0.0 D.
 Elastic phase shift   3 =   30.730   5.525 deg. for the L =    7, J =    6.5 channel.
       6.0  0.39395903  0.72440267i: elastic S-matrix  @@      0.00  0   0 F  0
 Reaction Xsec     6.0+/ 7 @ 3 =   1.004 , Out:   0.000#   0.007#   1.004f

   S-matrix    4 =   -0.24023   0.79286 for L=    7, J=    7.5 channel on core I =   1.5 from L=    7,  Acc. loss =  0.0 D.
 Elastic phase shift   4 =   53.428   5.391 deg. for the L =    7, J =    7.5 channel.
       6.0 -0.24022895  0.79286098i: elastic S-matrix  @@      0.00  0   0 F  0
 Reaction Xsec     6.0+/ 7 @ 4 =   0.984 , Out:   0.000#   0.026#   0.984f


 Total SPIN, PARITY =     6.0 -,      4 chs,      0 cc.  Rmin & Coul turning =    0.5    1.6
   S-matrix    1 =   -0.26478   0.80100 for L=    4, J=    4.5 channel on core I =   1.5 from L=    4,  Acc. loss =  0.0 D.
 Elastic phase shift   1 =   54.146   4.871 deg. for the L =    4, J =    4.5 channel.
       6.0 -0.26477976  0.80099945i: elastic S-matrix  @@      0.00  0   0 F  0
 Reaction Xsec     6.0-/ 4 @ 1 =   0.905 , Out:   0.000#   0.000#   0.905f

   S-matrix    2 =    0.28385   0.78201 for L=    6, J=    5.5 channel on core I =   1.5 from L=    6,  Acc. loss =  0.0 D.
 Elastic phase shift   2 =   35.025   5.271 deg. for the L =    6, J =    5.5 channel.
       6.0  0.28384709  0.78200803i: elastic S-matrix  @@      0.00  0   0 F  0
 Reaction Xsec     6.0-/ 6 @ 2 =   0.966 , Out:   0.000#   0.000#   0.966f

   S-matrix    3 =   -0.25396   0.79517 for L=    6, J=    6.5 channel on core I =   1.5 from L=    6,  Acc. loss =  0.0 D.
 Elastic phase shift   3 =   53.856   5.175 deg. for the L =    6, J =    6.5 channel.
       6.0 -0.25396139  0.79517193i: elastic S-matrix  @@      0.00  0   0 F  0
 Reaction Xsec     6.0-/ 6 @ 3 =   0.951 , Out:   0.000#   0.000#   0.951f

   S-matrix    4 =    0.50188   0.64234 for L=    8, J=    7.5 channel on core I =   1.5 from L=    8,  Acc. loss =  0.0 D.
 Elastic phase shift   4 =   25.999   5.855 deg. for the L =    8, J =    7.5 channel.
       6.0  0.50188295  0.64234383i: elastic S-matrix  @@      0.00  0   0 F  0
 Reaction Xsec     6.0-/ 8 @ 4 =   1.053 , Out:   0.000#   0.000#   1.053f


 Total SPIN, PARITY =     7.0 +,      4 chs,      0 cc.  Rmin & Coul turning =    0.6    1.9
   S-matrix    1 =   -0.26153   0.79802 for L=    5, J=    5.5 channel on core I =   1.5 from L=    5,  Acc. loss =  0.0 D.
 Elastic phase shift   1 =   54.073   5.002 deg. for the L =    5, J =    5.5 channel.
       7.0 -0.26153020  0.79802241i: elastic S-matrix  @@      0.00  0   0 F  0
 Reaction Xsec     7.0+/ 5 @ 1 =   1.067 , Out:   0.000#   0.000#   1.067f

   S-matrix    2 =    0.39396   0.72440 for L=    7, J=    6.5 channel on core I =   1.5 from L=    7,  Acc. loss =  0.0 D.
 Elastic phase shift   2 =   30.730   5.525 deg. for the L =    7, J =    6.5 channel.
       7.0  0.39395903  0.72440267i: elastic S-matrix  @@      0.00  0   0 F  0
 Reaction Xsec     7.0+/ 7 @ 2 =   1.159 , Out:   0.000#   0.000#   1.159f

   S-matrix    3 =   -0.24023   0.79286 for L=    7, J=    7.5 channel on core I =   1.5 from L=    7,  Acc. loss =  0.0 D.
 Elastic phase shift   3 =   53.428   5.391 deg. for the L =    7, J =    7.5 channel.
       7.0 -0.24022895  0.79286098i: elastic S-matrix  @@      0.00  0   0 F  0
 Reaction Xsec     7.0+/ 7 @ 3 =   1.136 , Out:   0.000#   0.000#   1.136f

   S-matrix    4 =    0.59428   0.54087 for L=    9, J=    8.5 channel on core I =   1.5 from L=    9,  Acc. loss =  0.0 D.
 Elastic phase shift   4 =   21.153   6.265 deg. for the L =    9, J =    8.5 channel.
       7.0  0.59428024  0.54087500i: elastic S-matrix  @@      0.00  0   0 F  0
 Reaction Xsec     7.0+/ 9 @ 4 =   1.283 , Out:   0.000#   0.000#   1.283f


 Total SPIN, PARITY =     7.0 -,      5 chs,      0 cc.  Rmin & Coul turning =    0.6    1.9
   S-matrix    1 =    0.28385   0.78201 for L=    6, J=    5.5 channel on core I =   1.5 from L=    6,  Acc. loss =  0.0 D.
 Elastic phase shift   1 =   35.025   5.271 deg. for the L =    6, J =    5.5 channel.
       7.0  0.28384709  0.78200803i: elastic S-matrix  @@      0.02  0   0 F  0
 Reaction Xsec     7.0-/ 6 @ 1 =   1.115 , Out:   0.000#   0.003#   1.115f

   S-matrix    2 =   -0.25396   0.79517 for L=    6, J=    6.5 channel on core I =   1.5 from L=    6,  Acc. loss =  0.0 D.
 Elastic phase shift   2 =   53.856   5.175 deg. for the L =    6, J =    6.5 channel.
       7.0 -0.25396139  0.79517193i: elastic S-matrix  @@      0.02  0   0 F  0
 Reaction Xsec     7.0-/ 6 @ 2 =   1.098 , Out:   0.000#   0.001#   1.098f

   S-matrix    3 =    0.50188   0.64234 for L=    8, J=    7.5 channel on core I =   1.5 from L=    8,  Acc. loss =  0.0 D.
 Elastic phase shift   3 =   25.999   5.855 deg. for the L =    8, J =    7.5 channel.
       7.0  0.50188295  0.64234383i: elastic S-matrix  @@      0.00  0   0 F  0
 Reaction Xsec     7.0-/ 8 @ 3 =   1.215 , Out:   0.000#   0.133#   1.215f

   S-matrix    4 =   -0.21692   0.79144 for L=    8, J=    8.5 channel on core I =   1.5 from L=    8,  Acc. loss =  0.0 D.
 Elastic phase shift   4 =   52.664   5.663 deg. for the L =    8, J =    8.5 channel.
       7.0 -0.21692396  0.79143504i: elastic S-matrix  @@      0.00  0   0 F  0
 Reaction Xsec     7.0-/ 8 @ 4 =   1.182 , Out:   0.000#   0.499#   1.182f


 Total SPIN, PARITY =     8.0 +,      5 chs,      0 cc.  Rmin & Coul turning =    0.6    2.1
   S-matrix    1 =    0.39396   0.72440 for L=    7, J=    6.5 channel on core I =   1.5 from L=    7,  Acc. loss =  0.0 D.
 Elastic phase shift   1 =   30.730   5.525 deg. for the L =    7, J =    6.5 channel.
       8.0  0.39395903  0.72440267i: elastic S-matrix  @@      0.02  0   0 F  0
 Reaction Xsec     8.0+/ 7 @ 1 =   1.313 , Out:   0.000#   0.154#   1.313f

   S-matrix    2 =   -0.24023   0.79286 for L=    7, J=    7.5 channel on core I =   1.5 from L=    7,  Acc. loss =  0.0 D.
 Elastic phase shift   2 =   53.428   5.391 deg. for the L =    7, J =    7.5 channel.
       8.0 -0.24022895  0.79286098i: elastic S-matrix  @@      0.02  0   0 F  0
 Reaction Xsec     8.0+/ 7 @ 2 =   1.287 , Out:   0.000#   0.063#   1.287f

   S-matrix    3 =    0.59428   0.54087 for L=    9, J=    8.5 channel on core I =   1.5 from L=    9,  Acc. loss =  0.0 D.
 Elastic phase shift   3 =   21.153   6.265 deg. for the L =    9, J =    8.5 channel.
       8.0  0.59428024  0.54087500i: elastic S-matrix  @@      0.00  0   0 F  0
 Reaction Xsec     8.0+/ 9 @ 3 =   1.454 , Out:   0.000#   0.613#   1.454f

   S-matrix    4 =   -0.17761   0.79125 for L=    9, J=    9.5 channel on core I =   1.5 from L=    9,  Acc. loss =  0.0 D.
 Elastic phase shift   4 =   51.326   6.004 deg. for the L =    9, J =    9.5 channel.
       8.0 -0.17761373  0.79124859i: elastic S-matrix  @@      0.00  0   0 F  0
 Reaction Xsec     8.0+/ 9 @ 4 =   1.405 , Out:   0.000#   2.229#   1.405f


 Total SPIN, PARITY =     8.0 -,      4 chs,      0 cc.  Rmin & Coul turning =    0.6    2.1
   S-matrix    1 =   -0.25396   0.79517 for L=    6, J=    6.5 channel on core I =   1.5 from L=    6,  Acc. loss =  0.0 D.
 Elastic phase shift   1 =   53.856   5.175 deg. for the L =    6, J =    6.5 channel.
       8.0 -0.25396139  0.79517193i: elastic S-matrix  @@      0.00  0   0 F  0
 Reaction Xsec     8.0-/ 6 @ 1 =   1.244 , Out:   0.000#   0.000#   1.244f

   S-matrix    2 =    0.50188   0.64234 for L=    8, J=    7.5 channel on core I =   1.5 from L=    8,  Acc. loss =  0.0 D.
 Elastic phase shift   2 =   25.999   5.855 deg. for the L =    8, J =    7.5 channel.
       8.0  0.50188295  0.64234383i: elastic S-matrix  @@      0.00  0   0 F  0
 Reaction Xsec     8.0-/ 8 @ 2 =   1.377 , Out:   0.000#   0.000#   1.377f

   S-matrix    3 =   -0.21692   0.79144 for L=    8, J=    8.5 channel on core I =   1.5 from L=    8,  Acc. loss =  0.0 D.
 Elastic phase shift   3 =   52.664   5.663 deg. for the L =    8, J =    8.5 channel.
       8.0 -0.21692396  0.79143504i: elastic S-matrix  @@      0.00  0   0 F  0
 Reaction Xsec     8.0-/ 8 @ 3 =   1.340 , Out:   0.000#   0.000#   1.340f

   S-matrix    4 =    0.65836   0.43756 for L=   10, J=    9.5 channel on core I =   1.5 from L=   10,  Acc. loss =  0.0 D.
 Elastic phase shift   4 =   16.804   6.735 deg. for the L =   10, J =    9.5 channel.
       8.0  0.65835877  0.43756072i: elastic S-matrix  @@      0.00  0   0 F  0
 Reaction Xsec     8.0-/10 @ 4 =   1.539 , Out:   0.000#   0.000#   1.539f


 Total SPIN, PARITY =     9.0 +,      4 chs,      0 cc.  Rmin & Coul turning =    0.7    2.4
   S-matrix    1 =   -0.24023   0.79286 for L=    7, J=    7.5 channel on core I =   1.5 from L=    7,  Acc. loss =  0.0 D.
 Elastic phase shift   1 =   53.428   5.391 deg. for the L =    7, J =    7.5 channel.
       9.0 -0.24022895  0.79286098i: elastic S-matrix  @@      0.00  0   0 F  0
 Reaction Xsec     9.0+/ 7 @ 1 =   1.438 , Out:   0.000#   0.000#   1.438f

   S-matrix    2 =    0.59428   0.54087 for L=    9, J=    8.5 channel on core I =   1.5 from L=    9,  Acc. loss =  0.0 D.
 Elastic phase shift   2 =   21.153   6.265 deg. for the L =    9, J =    8.5 channel.
       9.0  0.59428024  0.54087500i: elastic S-matrix  @@      0.00  0   0 F  0
 Reaction Xsec     9.0+/ 9 @ 2 =   1.625 , Out:   0.000#   0.000#   1.625f

   S-matrix    3 =   -0.17761   0.79125 for L=    9, J=    9.5 channel on core I =   1.5 from L=    9,  Acc. loss =  0.0 D.
 Elastic phase shift   3 =   51.326   6.004 deg. for the L =    9, J =    9.5 channel.
       9.0 -0.17761373  0.79124859i: elastic S-matrix  @@      0.00  0   0 F  0
 Reaction Xsec     9.0+/ 9 @ 3 =   1.570 , Out:   0.000#   0.000#   1.570f

   S-matrix    4 =    0.69323   0.35099 for L=   11, J=   10.5 channel on core I =   1.5 from L=   11,  Acc. loss =  0.0 D.
 Elastic phase shift   4 =   13.427   7.227 deg. for the L =   11, J =   10.5 channel.
       9.0  0.69322951  0.35099212i: elastic S-matrix  @@      0.00  0   0 F  0
 Reaction Xsec     9.0+/11 @ 4 =   1.817 , Out:   0.000#   0.000#   1.817f


 Total SPIN, PARITY =     9.0 -,      5 chs,      0 cc.  Rmin & Coul turning =    0.7    2.4
   S-matrix    1 =    0.50188   0.64234 for L=    8, J=    7.5 channel on core I =   1.5 from L=    8,  Acc. loss =  0.0 D.
 Elastic phase shift   1 =   25.999   5.855 deg. for the L =    8, J =    7.5 channel.
       9.0  0.50188295  0.64234383i: elastic S-matrix  @@      0.02  0   0 F  0
 Reaction Xsec     9.0-/ 8 @ 1 =   1.539 , Out:   0.000#   1.296#   1.539f

   S-matrix    2 =   -0.21692   0.79144 for L=    8, J=    8.5 channel on core I =   1.5 from L=    8,  Acc. loss =  0.0 D.
 Elastic phase shift   2 =   52.664   5.663 deg. for the L =    8, J =    8.5 channel.
       9.0 -0.21692396  0.79143504i: elastic S-matrix  @@      0.02  0   0 F  0
 Reaction Xsec     9.0-/ 8 @ 2 =   1.498 , Out:   0.000#   0.511#   1.498f

   S-matrix    3 =    0.65836   0.43756 for L=   10, J=    9.5 channel on core I =   1.5 from L=   10,  Acc. loss =  0.0 D.
 Elastic phase shift   3 =   16.804   6.735 deg. for the L =   10, J =    9.5 channel.
       9.0  0.65835877  0.43756072i: elastic S-matrix  @@      0.00  0   0 F  0
 Reaction Xsec     9.0-/10 @ 3 =   1.720 , Out:   0.000#   0.442#   1.720f

   S-matrix    4 =   -0.11218   0.79162 for L=   10, J=   10.5 channel on core I =   1.5 from L=   10,  Acc. loss =  0.0 D.
 Elastic phase shift   4 =   49.033   6.410 deg. for the L =   10, J =   10.5 channel.
       9.0 -0.11217711  0.79161834i: elastic S-matrix  @@      0.02  0   0 F  0
 Reaction Xsec     9.0-/10 @ 4 =   1.654 , Out:   0.000#   1.427#   1.654f


 Total SPIN, PARITY =    10.0 +,      5 chs,      0 cc.  Rmin & Coul turning =    0.8    2.6
   S-matrix    1 =    0.59428   0.54087 for L=    9, J=    8.5 channel on core I =   1.5 from L=    9,  Acc. loss =  0.0 D.
 Elastic phase shift   1 =   21.153   6.265 deg. for the L =    9, J =    8.5 channel.
      10.0  0.59428024  0.54087500i: elastic S-matrix  @@      0.02  0   0 F  0
 Reaction Xsec    10.0+/ 9 @ 1 =   1.796 , Out:   0.000#   2.743#   1.796f

   S-matrix    2 =   -0.17761   0.79125 for L=    9, J=    9.5 channel on core I =   1.5 from L=    9,  Acc. loss =  0.0 D.
 Elastic phase shift   2 =   51.326   6.004 deg. for the L =    9, J =    9.5 channel.
      10.0 -0.17761373  0.79124859i: elastic S-matrix  @@      0.00  0   0 F  0
 Reaction Xsec    10.0+/ 9 @ 2 =   1.735 , Out:   0.000#   1.039#   1.735f

   S-matrix    3 =    0.69323   0.35099 for L=   11, J=   10.5 channel on core I =   1.5 from L=   11,  Acc. loss =  0.0 D.
 Elastic phase shift   3 =   13.427   7.227 deg. for the L =   11, J =   10.5 channel.
      10.0  0.69322951  0.35099212i: elastic S-matrix  @@      0.00  0   0 F  0
 Reaction Xsec    10.0+/11 @ 3 =   2.008 , Out:   0.000#   0.246#   2.008f

   S-matrix    4 =   -0.01040   0.78573 for L=   11, J=   11.5 channel on core I =   1.5 from L=   11,  Acc. loss =  0.0 D.
 Elastic phase shift   4 =   45.379   6.906 deg. for the L =   11, J =   11.5 channel.
      10.0 -0.01039539  0.78572638i: elastic S-matrix  @@      0.02  0   0 F  0
 Reaction Xsec    10.0+/11 @ 4 =   1.939 , Out:   0.000#   1.719#   1.939f


 Total SPIN, PARITY =    10.0 -,      4 chs,      0 cc.  Rmin & Coul turning =    0.8    2.6
   S-matrix    1 =   -0.21692   0.79144 for L=    8, J=    8.5 channel on core I =   1.5 from L=    8,  Acc. loss =  0.0 D.
 Elastic phase shift   1 =   52.664   5.663 deg. for the L =    8, J =    8.5 channel.
      10.0 -0.21692396  0.79143504i: elastic S-matrix  @@      0.00  0   0 F  0
 Reaction Xsec    10.0-/ 8 @ 1 =   1.655 , Out:   0.000#   0.000#   1.655f

   S-matrix    2 =    0.65836   0.43756 for L=   10, J=    9.5 channel on core I =   1.5 from L=   10,  Acc. loss =  0.0 D.
 Elastic phase shift   2 =   16.804   6.735 deg. for the L =   10, J =    9.5 channel.
      10.0  0.65835877  0.43756072i: elastic S-matrix  @@      0.00  0   0 F  0
 Reaction Xsec    10.0-/10 @ 2 =   1.901 , Out:   0.000#   0.000#   1.901f

   S-matrix    3 =   -0.11218   0.79162 for L=   10, J=   10.5 channel on core I =   1.5 from L=   10,  Acc. loss =  0.0 D.
 Elastic phase shift   3 =   49.033   6.410 deg. for the L =   10, J =   10.5 channel.
      10.0 -0.11217711  0.79161834i: elastic S-matrix  @@      0.00  0   0 F  0
 Reaction Xsec    10.0-/10 @ 3 =   1.829 , Out:   0.000#   0.000#   1.829f

   S-matrix    4 =    0.71037   0.28707 for L=   12, J=   11.5 channel on core I =   1.5 from L=   12,  Acc. loss =  0.0 D.
 Elastic phase shift   4 =   11.002   7.630 deg. for the L =   12, J =   11.5 channel.
      10.0  0.71037199  0.28707312i: elastic S-matrix  @@      0.00  0   0 F  0
 Reaction Xsec    10.0-/12 @ 4 =   2.093 , Out:   0.000#   0.000#   2.093f


 Total SPIN, PARITY =    11.0 +,      4 chs,      0 cc.  Rmin & Coul turning =    0.9    2.9
   S-matrix    1 =   -0.17761   0.79125 for L=    9, J=    9.5 channel on core I =   1.5 from L=    9,  Acc. loss =  0.0 D.
 Elastic phase shift   1 =   51.326   6.004 deg. for the L =    9, J =    9.5 channel.
      11.0 -0.17761373  0.79124859i: elastic S-matrix  @@      0.00  0   0 F  0
 Reaction Xsec    11.0+/ 9 @ 1 =   1.901 , Out:   0.000#   0.000#   1.901f

   S-matrix    2 =    0.69323   0.35099 for L=   11, J=   10.5 channel on core I =   1.5 from L=   11,  Acc. loss =  0.0 D.
 Elastic phase shift   2 =   13.427   7.227 deg. for the L =   11, J =   10.5 channel.
      11.0  0.69322951  0.35099212i: elastic S-matrix  @@      0.00  0   0 F  0
 Reaction Xsec    11.0+/11 @ 2 =   2.200 , Out:   0.000#   0.000#   2.200f

   S-matrix    3 =   -0.01040   0.78573 for L=   11, J=   11.5 channel on core I =   1.5 from L=   11,  Acc. loss =  0.0 D.
 Elastic phase shift   3 =   45.379   6.906 deg. for the L =   11, J =   11.5 channel.
      11.0 -0.01039539  0.78572638i: elastic S-matrix  @@      0.00  0   0 F  0
 Reaction Xsec    11.0+/11 @ 3 =   2.124 , Out:   0.000#   0.000#   2.124f

   S-matrix    4 =    0.72450   0.24051 for L=   13, J=   12.5 channel on core I =   1.5 from L=   13,  Acc. loss =  0.0 D.
 Elastic phase shift   4 =    9.182   7.735 deg. for the L =   13, J =   12.5 channel.
      11.0  0.72449776  0.24050569i: elastic S-matrix  @@      0.00  0   0 F  0
 Reaction Xsec    11.0+/13 @ 4 =   2.316 , Out:   0.000#   0.000#   2.316f


 Total SPIN, PARITY =    11.0 -,      5 chs,      0 cc.  Rmin & Coul turning =    0.9    2.9
   S-matrix    1 =    0.65836   0.43756 for L=   10, J=    9.5 channel on core I =   1.5 from L=   10,  Acc. loss =  0.0 D.
 Elastic phase shift   1 =   16.804   6.735 deg. for the L =   10, J =    9.5 channel.
      11.0  0.65835877  0.43756072i: elastic S-matrix  @@      0.02  0   0 F  0
 Reaction Xsec    11.0-/10 @ 1 =   2.082 , Out:   0.000#   0.666#   2.082f

   S-matrix    2 =   -0.11218   0.79162 for L=   10, J=   10.5 channel on core I =   1.5 from L=   10,  Acc. loss =  0.0 D.
 Elastic phase shift   2 =   49.033   6.410 deg. for the L =   10, J =   10.5 channel.
      11.0 -0.11217711  0.79161834i: elastic S-matrix  @@      0.00  0   0 F  0
 Reaction Xsec    11.0-/10 @ 2 =   2.003 , Out:   0.000#   0.186#   2.003f

   S-matrix    3 =    0.71037   0.28707 for L=   12, J=   11.5 channel on core I =   1.5 from L=   12,  Acc. loss =  0.0 D.
 Elastic phase shift   3 =   11.002   7.630 deg. for the L =   12, J =   11.5 channel.
      11.0  0.71037199  0.28707312i: elastic S-matrix  @@      0.00  0   0 F  0
 Reaction Xsec    11.0-/12 @ 3 =   2.292 , Out:   0.000#   2.498#   2.292f

   S-matrix    4 =    0.12923   0.75845 for L=   12, J=   12.5 channel on core I =   1.5 from L=   12,  Acc. loss =  0.0 D.
 Elastic phase shift   4 =   40.165   7.510 deg. for the L =   12, J =   12.5 channel.
      11.0  0.12923313  0.75845423i: elastic S-matrix  @@      0.02  0   0 F  0
 Reaction Xsec    11.0-/12 @ 4 =   2.265 , Out:   0.000#   0.014/   2.265f


 Total SPIN, PARITY =    12.0 +,      5 chs,      0 cc.  Rmin & Coul turning =    1.0    3.1
   S-matrix    1 =    0.69323   0.35099 for L=   11, J=   10.5 channel on core I =   1.5 from L=   11,  Acc. loss =  0.0 D.
 Elastic phase shift   1 =   13.427   7.227 deg. for the L =   11, J =   10.5 channel.
      12.0  0.69322951  0.35099212i: elastic S-matrix  @@      0.02  0   0 F  0
 Reaction Xsec    12.0+/11 @ 1 =   2.391 , Out:   0.000#   1.103#   2.391f

   S-matrix    2 =   -0.01040   0.78573 for L=   11, J=   11.5 channel on core I =   1.5 from L=   11,  Acc. loss =  0.0 D.
 Elastic phase shift   2 =   45.379   6.906 deg. for the L =   11, J =   11.5 channel.
      12.0 -0.01039539  0.78572638i: elastic S-matrix  @@      0.00  0   0 F  0
 Reaction Xsec    12.0+/11 @ 2 =   2.308 , Out:   0.000#   0.771#   2.308f

   S-matrix    3 =    0.72450   0.24051 for L=   13, J=   12.5 channel on core I =   1.5 from L=   13,  Acc. loss =  0.0 D.
 Elastic phase shift   3 =    9.182   7.735 deg. for the L =   13, J =   12.5 channel.
      12.0  0.72449776  0.24050569i: elastic S-matrix  @@      0.00  0   0 F  0
 Reaction Xsec    12.0+/13 @ 3 =   2.518 , Out:   0.000#   1.154#   2.518f

   S-matrix    4 =    0.29230   0.69643 for L=   13, J=   13.5 channel on core I =   1.5 from L=   13,  Acc. loss =  0.0 D.
 Elastic phase shift   4 =   33.616   8.040 deg. for the L =   13, J =   13.5 channel.
      12.0  0.29229585  0.69643450i: elastic S-matrix  @@      0.02  0   0 F  0
 Reaction Xsec    12.0+/13 @ 4 =   2.592 , Out:   0.000#   5.954#   2.592f


 Total SPIN, PARITY =    12.0 -,      4 chs,      0 cc.  Rmin & Coul turning =    1.0    3.1
   S-matrix    1 =   -0.11218   0.79162 for L=   10, J=   10.5 channel on core I =   1.5 from L=   10,  Acc. loss =  0.0 D.
 Elastic phase shift   1 =   49.033   6.410 deg. for the L =   10, J =   10.5 channel.
      12.0 -0.11217711  0.79161834i: elastic S-matrix  @@      0.00  0   0 F  0
 Reaction Xsec    12.0-/10 @ 1 =   2.177 , Out:   0.000#   0.000#   2.177f

   S-matrix    2 =    0.71037   0.28707 for L=   12, J=   11.5 channel on core I =   1.5 from L=   12,  Acc. loss =  0.0 D.
 Elastic phase shift   2 =   11.002   7.630 deg. for the L =   12, J =   11.5 channel.
      12.0  0.71037199  0.28707312i: elastic S-matrix  @@      0.00  0   0 F  0
 Reaction Xsec    12.0-/12 @ 2 =   2.492 , Out:   0.000#   0.000#   2.492f

   S-matrix    3 =    0.12923   0.75845 for L=   12, J=   12.5 channel on core I =   1.5 from L=   12,  Acc. loss =  0.0 D.
 Elastic phase shift   3 =   40.165   7.510 deg. for the L =   12, J =   12.5 channel.
      12.0  0.12923313  0.75845423i: elastic S-matrix  @@      0.00  0   0 F  0
 Reaction Xsec    12.0-/12 @ 3 =   2.462 , Out:   0.000#   0.000#   2.462f

   S-matrix    4 =    0.74594   0.20381 for L=   14, J=   13.5 channel on core I =   1.5 from L=   14,  Acc. loss =  0.0 D.
 Elastic phase shift   4 =    7.641   7.366 deg. for the L =   14, J =   13.5 channel.
      12.0  0.74593525  0.20381135i: elastic S-matrix  @@      0.00  0   0 F  0
 Reaction Xsec    12.0-/14 @ 4 =   2.426 , Out:   0.000#   0.000#   2.426f


 Total SPIN, PARITY =    13.0 +,      4 chs,      0 cc.  Rmin & Coul turning =    1.0    3.4
   S-matrix    1 =   -0.01040   0.78573 for L=   11, J=   11.5 channel on core I =   1.5 from L=   11,  Acc. loss =  0.0 D.
 Elastic phase shift   1 =   45.379   6.906 deg. for the L =   11, J =   11.5 channel.
      13.0 -0.01039539  0.78572638i: elastic S-matrix  @@      0.00  0   0 F  0
 Reaction Xsec    13.0+/11 @ 1 =   2.493 , Out:   0.000#   0.000#   2.493f

   S-matrix    2 =    0.72450   0.24051 for L=   13, J=   12.5 channel on core I =   1.5 from L=   13,  Acc. loss =  0.0 D.
 Elastic phase shift   2 =    9.182   7.735 deg. for the L =   13, J =   12.5 channel.
      13.0  0.72449776  0.24050569i: elastic S-matrix  @@      0.00  0   0 F  0
 Reaction Xsec    13.0+/13 @ 2 =   2.719 , Out:   0.000#   0.000#   2.719f

   S-matrix    3 =    0.29230   0.69643 for L=   13, J=   13.5 channel on core I =   1.5 from L=   13,  Acc. loss =  0.0 D.
 Elastic phase shift   3 =   33.616   8.040 deg. for the L =   13, J =   13.5 channel.
      13.0  0.29229585  0.69643450i: elastic S-matrix  @@      0.00  0   0 F  0
 Reaction Xsec    13.0+/13 @ 3 =   2.799 , Out:   0.000#   0.000#   2.799f

   S-matrix    4 =    0.77790   0.17212 for L=   15, J=   14.5 channel on core I =   1.5 from L=   15,  Acc. loss =  0.0 D.
 Elastic phase shift   4 =    6.238   6.511 deg. for the L =   15, J =   14.5 channel.
      13.0  0.77789966  0.17211641i: elastic S-matrix  @@      0.00  0   0 F  0
 Reaction Xsec    13.0+/15 @ 4 =   2.380 , Out:   0.000#   0.000#   2.380f


 Total SPIN, PARITY =    13.0 -,      5 chs,      0 cc.  Rmin & Coul turning =    1.0    3.4
   S-matrix    1 =    0.71037   0.28707 for L=   12, J=   11.5 channel on core I =   1.5 from L=   12,  Acc. loss =  0.0 D.
 Elastic phase shift   1 =   11.002   7.630 deg. for the L =   12, J =   11.5 channel.
      13.0  0.71037199  0.28707312i: elastic S-matrix  @@      0.02  0   0 F  0
 Reaction Xsec    13.0-/12 @ 1 =   2.691 , Out:   0.000#   2.862#   2.691f

   S-matrix    2 =    0.12923   0.75845 for L=   12, J=   12.5 channel on core I =   1.5 from L=   12,  Acc. loss =  0.0 D.
 Elastic phase shift   2 =   40.165   7.510 deg. for the L =   12, J =   12.5 channel.
      13.0  0.12923313  0.75845423i: elastic S-matrix  @@      0.00  0   0 F  0
 Reaction Xsec    13.0-/12 @ 2 =   2.659 , Out:   0.000#   1.743#   2.659f

   S-matrix    3 =    0.74594   0.20381 for L=   14, J=   13.5 channel on core I =   1.5 from L=   14,  Acc. loss =  0.0 D.
 Elastic phase shift   3 =    7.641   7.366 deg. for the L =   14, J =   13.5 channel.
      13.0  0.74593525  0.20381135i: elastic S-matrix  @@      0.00  0   0 F  0
 Reaction Xsec    13.0-/14 @ 3 =   2.620 , Out:   0.000#   0.116#   2.620f

   S-matrix    4 =    0.45485   0.60191 for L=   14, J=   14.5 channel on core I =   1.5 from L=   14,  Acc. loss =  0.0 D.
 Elastic phase shift   4 =   26.461   8.072 deg. for the L =   14, J =   14.5 channel.
      13.0  0.45485139  0.60191183i: elastic S-matrix  @@      0.02  0   0 F  0
 Reaction Xsec    13.0-/14 @ 4 =   2.807 , Out:   0.000#   0.367#   2.807f


 Total SPIN, PARITY =    14.0 +,      5 chs,      0 cc.  Rmin & Coul turning =    1.1    3.6
   S-matrix    1 =    0.72450   0.24051 for L=   13, J=   12.5 channel on core I =   1.5 from L=   13,  Acc. loss =  0.0 D.
 Elastic phase shift   1 =    9.182   7.735 deg. for the L =   13, J =   12.5 channel.
      14.0  0.72449776  0.24050569i: elastic S-matrix  @@      0.02  0   0 F  0
 Reaction Xsec    14.0+/13 @ 1 =   2.921 , Out:   0.000#   1.742#   2.921f

   S-matrix    2 =    0.29230   0.69643 for L=   13, J=   13.5 channel on core I =   1.5 from L=   13,  Acc. loss =  0.0 D.
 Elastic phase shift   2 =   33.616   8.040 deg. for the L =   13, J =   13.5 channel.
      14.0  0.29229585  0.69643450i: elastic S-matrix  @@      0.00  0   0 F  0
 Reaction Xsec    14.0+/13 @ 2 =   3.007 , Out:   0.000#   0.887#   3.007f

   S-matrix    3 =    0.77790   0.17212 for L=   15, J=   14.5 channel on core I =   1.5 from L=   15,  Acc. loss =  0.0 D.
 Elastic phase shift   3 =    6.238   6.511 deg. for the L =   15, J =   14.5 channel.
      14.0  0.77789966  0.17211641i: elastic S-matrix  @@      0.00  0   0 F  0
 Reaction Xsec    14.0+/15 @ 3 =   2.557 , Out:   0.000#   0.180#   2.557f

   S-matrix    4 =    0.59826   0.49135 for L=   15, J=   15.5 channel on core I =   1.5 from L=   15,  Acc. loss =  0.0 D.
 Elastic phase shift   4 =   19.698   7.333 deg. for the L =   15, J =   15.5 channel.
      14.0  0.59826105  0.49134593i: elastic S-matrix  @@      0.02  0   0 F  0
 Reaction Xsec    14.0+/15 @ 4 =   2.804 , Out:   0.000#   0.587#   2.804f


 Total SPIN, PARITY =    14.0 -,      4 chs,      0 cc.  Rmin & Coul turning =    1.1    3.6
   S-matrix    1 =    0.12923   0.75845 for L=   12, J=   12.5 channel on core I =   1.5 from L=   12,  Acc. loss =  0.0 D.
 Elastic phase shift   1 =   40.165   7.510 deg. for the L =   12, J =   12.5 channel.
      14.0  0.12923313  0.75845423i: elastic S-matrix  @@      0.00  0   0 F  0
 Reaction Xsec    14.0-/12 @ 1 =   2.856 , Out:   0.000#   0.000#   2.856f

   S-matrix    2 =    0.74594   0.20381 for L=   14, J=   13.5 channel on core I =   1.5 from L=   14,  Acc. loss =  0.0 D.
 Elastic phase shift   2 =    7.641   7.366 deg. for the L =   14, J =   13.5 channel.
      14.0  0.74593525  0.20381135i: elastic S-matrix  @@      0.00  0   0 F  0
 Reaction Xsec    14.0-/14 @ 2 =   2.814 , Out:   0.000#   0.000#   2.814f

   S-matrix    3 =    0.45485   0.60191 for L=   14, J=   14.5 channel on core I =   1.5 from L=   14,  Acc. loss =  0.0 D.
 Elastic phase shift   3 =   26.461   8.072 deg. for the L =   14, J =   14.5 channel.
      14.0  0.45485139  0.60191183i: elastic S-matrix  @@      0.00  0   0 F  0
 Reaction Xsec    14.0-/14 @ 3 =   3.015 , Out:   0.000#   0.000#   3.015f

   S-matrix    4 =    0.81754   0.14320 for L=   16, J=   15.5 channel on core I =   1.5 from L=   16,  Acc. loss =  0.0 D.
 Elastic phase shift   4 =    4.968   5.338 deg. for the L =   16, J =   15.5 channel.
      14.0  0.81754104  0.14320062i: elastic S-matrix  @@      0.00  0   0 F  0
 Reaction Xsec    14.0-/16 @ 4 =   2.178 , Out:   0.000#   0.000#   2.178f


 Total SPIN, PARITY =    15.0 +,      4 chs,      0 cc.  Rmin & Coul turning =    1.2    3.8
   S-matrix    1 =    0.29230   0.69643 for L=   13, J=   13.5 channel on core I =   1.5 from L=   13,  Acc. loss =  0.0 D.
 Elastic phase shift   1 =   33.616   8.040 deg. for the L =   13, J =   13.5 channel.
      15.0  0.29229585  0.69643450i: elastic S-matrix  @@      0.00  0   0 F  0
 Reaction Xsec    15.0+/13 @ 1 =   3.214 , Out:   0.000#   0.000#   3.214f

   S-matrix    2 =    0.77790   0.17212 for L=   15, J=   14.5 channel on core I =   1.5 from L=   15,  Acc. loss =  0.0 D.
 Elastic phase shift   2 =    6.238   6.511 deg. for the L =   15, J =   14.5 channel.
      15.0  0.77789966  0.17211641i: elastic S-matrix  @@      0.00  0   0 F  0
 Reaction Xsec    15.0+/15 @ 2 =   2.733 , Out:   0.000#   0.000#   2.733f

   S-matrix    3 =    0.59826   0.49135 for L=   15, J=   15.5 channel on core I =   1.5 from L=   15,  Acc. loss =  0.0 D.
 Elastic phase shift   3 =   19.698   7.333 deg. for the L =   15, J =   15.5 channel.
      15.0  0.59826105  0.49134593i: elastic S-matrix  @@      0.00  0   0 F  0
 Reaction Xsec    15.0+/15 @ 3 =   2.998 , Out:   0.000#   0.000#   2.998f

   S-matrix    4 =    0.85907   0.11642 for L=   17, J=   16.5 channel on core I =   1.5 from L=   17,  Acc. loss =  0.0 D.
 Elastic phase shift   4 =    3.859   4.091 deg. for the L =   17, J =   16.5 channel.
      15.0  0.85906990  0.11642339i: elastic S-matrix  @@      0.00  0   0 F  0
 Reaction Xsec    15.0+/17 @ 4 =   1.859 , Out:   0.000#   0.000#   1.859f


 Total SPIN, PARITY =    15.0 -,      5 chs,      0 cc.  Rmin & Coul turning =    1.2    3.8
   S-matrix    1 =    0.74594   0.20381 for L=   14, J=   13.5 channel on core I =   1.5 from L=   14,  Acc. loss =  0.0 D.
 Elastic phase shift   1 =    7.641   7.366 deg. for the L =   14, J =   13.5 channel.
      15.0  0.74593525  0.20381135i: elastic S-matrix  @@      0.02  0   0 F  0
 Reaction Xsec    15.0-/14 @ 1 =   3.008 , Out:   0.000#   5.240#   3.008f

   S-matrix    2 =    0.45485   0.60191 for L=   14, J=   14.5 channel on core I =   1.5 from L=   14,  Acc. loss =  0.0 D.
 Elastic phase shift   2 =   26.461   8.072 deg. for the L =   14, J =   14.5 channel.
      15.0  0.45485139  0.60191183i: elastic S-matrix  @@      0.00  0   0 F  0
 Reaction Xsec    15.0-/14 @ 2 =   3.223 , Out:   0.000#   2.452#   3.223f

   S-matrix    3 =    0.81754   0.14320 for L=   16, J=   15.5 channel on core I =   1.5 from L=   16,  Acc. loss =  0.0 D.
 Elastic phase shift   3 =    4.968   5.338 deg. for the L =   16, J =   15.5 channel.
      15.0  0.81754104  0.14320062i: elastic S-matrix  @@      0.00  0   0 F  0
 Reaction Xsec    15.0-/16 @ 3 =   2.328 , Out:   0.000#   0.094#   2.328f

   S-matrix    4 =    0.71486   0.38246 for L=   16, J=   16.5 channel on core I =   1.5 from L=   16,  Acc. loss =  0.0 D.
 Elastic phase shift   4 =   14.074   6.011 deg. for the L =   16, J =   16.5 channel.
      15.0  0.71485796  0.38246081i: elastic S-matrix  @@      0.02  0   0 F  0
 Reaction Xsec    15.0-/16 @ 4 =   2.564 , Out:   0.000#   0.389#   2.564f


 Total SPIN, PARITY =    16.0 +,      5 chs,      0 cc.  Rmin & Coul turning =    1.2    4.1
   S-matrix    1 =    0.77790   0.17212 for L=   15, J=   14.5 channel on core I =   1.5 from L=   15,  Acc. loss =  0.0 D.
 Elastic phase shift   1 =    6.238   6.511 deg. for the L =   15, J =   14.5 channel.
      16.0  0.77789966  0.17211641i: elastic S-matrix  @@      0.02  0   0 F  0
 Reaction Xsec    16.0+/15 @ 1 =   2.909 , Out:   0.000#   2.552#   2.909f

   S-matrix    2 =    0.59826   0.49135 for L=   15, J=   15.5 channel on core I =   1.5 from L=   15,  Acc. loss =  0.0 D.
 Elastic phase shift   2 =   19.698   7.333 deg. for the L =   15, J =   15.5 channel.
      16.0  0.59826105  0.49134593i: elastic S-matrix  @@      0.00  0   0 F  0
 Reaction Xsec    16.0+/15 @ 2 =   3.191 , Out:   0.000#   1.246#   3.191f

   S-matrix    3 =    0.85907   0.11642 for L=   17, J=   16.5 channel on core I =   1.5 from L=   17,  Acc. loss =  0.0 D.
 Elastic phase shift   3 =    3.859   4.091 deg. for the L =   17, J =   16.5 channel.
      16.0  0.85906990  0.11642339i: elastic S-matrix  @@      0.00  0   0 F  0
 Reaction Xsec    16.0+/17 @ 3 =   1.979 , Out:   0.000#   0.072#   1.979f

   S-matrix    4 =    0.80427   0.28648 for L=   17, J=   17.5 channel on core I =   1.5 from L=   17,  Acc. loss =  0.0 D.
 Elastic phase shift   4 =    9.803   4.529 deg. for the L =   17, J =   17.5 channel.
      16.0  0.80427252  0.28647871i: elastic S-matrix  @@      0.02  0   0 F  0
 Reaction Xsec    16.0+/17 @ 4 =   2.159 , Out:   0.000#   0.256#   2.159f


 Total SPIN, PARITY =    16.0 -,      4 chs,      0 cc.  Rmin & Coul turning =    1.2    4.1
   S-matrix    1 =    0.45485   0.60191 for L=   14, J=   14.5 channel on core I =   1.5 from L=   14,  Acc. loss =  0.0 D.
 Elastic phase shift   1 =   26.461   8.072 deg. for the L =   14, J =   14.5 channel.
      16.0  0.45485139  0.60191183i: elastic S-matrix  @@      0.00  0   0 F  0
 Reaction Xsec    16.0-/14 @ 1 =   3.431 , Out:   0.000#   0.000#   3.431f

   S-matrix    2 =    0.81754   0.14320 for L=   16, J=   15.5 channel on core I =   1.5 from L=   16,  Acc. loss =  0.0 D.
 Elastic phase shift   2 =    4.968   5.338 deg. for the L =   16, J =   15.5 channel.
      16.0  0.81754104  0.14320062i: elastic S-matrix  @@      0.00  0   0 F  0
 Reaction Xsec    16.0-/16 @ 2 =   2.478 , Out:   0.000#   0.000#   2.478f

   S-matrix    3 =    0.71486   0.38246 for L=   16, J=   16.5 channel on core I =   1.5 from L=   16,  Acc. loss =  0.0 D.
 Elastic phase shift   3 =   14.074   6.011 deg. for the L =   16, J =   16.5 channel.
      16.0  0.71485796  0.38246081i: elastic S-matrix  @@      0.00  0   0 F  0
 Reaction Xsec    16.0-/16 @ 3 =   2.730 , Out:   0.000#   0.000#   2.730f

   S-matrix    4 =    0.89702   0.09204 for L=   18, J=   17.5 channel on core I =   1.5 from L=   18,  Acc. loss =  0.0 D.
 Elastic phase shift   4 =    2.929   2.963 deg. for the L =   18, J =   17.5 channel.
      16.0  0.89701726  0.09203593i: elastic S-matrix  @@      0.00  0   0 F  0
 Reaction Xsec    16.0-/18 @ 4 =   1.489 , Out:   0.000#   0.000#   1.489f


 Total SPIN, PARITY =    17.0 +,      4 chs,      0 cc.  Rmin & Coul turning =    1.4    4.3
   S-matrix    1 =    0.59826   0.49135 for L=   15, J=   15.5 channel on core I =   1.5 from L=   15,  Acc. loss =  0.0 D.
 Elastic phase shift   1 =   19.698   7.333 deg. for the L =   15, J =   15.5 channel.
      17.0  0.59826105  0.49134593i: elastic S-matrix  @@      0.00  0   0 F  0
 Reaction Xsec    17.0+/15 @ 1 =   3.385 , Out:   0.000#   0.000#   3.385f

   S-matrix    2 =    0.85907   0.11642 for L=   17, J=   16.5 channel on core I =   1.5 from L=   17,  Acc. loss =  0.0 D.
 Elastic phase shift   2 =    3.859   4.091 deg. for the L =   17, J =   16.5 channel.
      17.0  0.85906990  0.11642339i: elastic S-matrix  @@      0.00  0   0 F  0
 Reaction Xsec    17.0+/17 @ 2 =   2.099 , Out:   0.000#   0.000#   2.099f

   S-matrix    3 =    0.80427   0.28648 for L=   17, J=   17.5 channel on core I =   1.5 from L=   17,  Acc. loss =  0.0 D.
 Elastic phase shift   3 =    9.803   4.529 deg. for the L =   17, J =   17.5 channel.
      17.0  0.80427252  0.28647871i: elastic S-matrix  @@      0.00  0   0 F  0
 Reaction Xsec    17.0+/17 @ 3 =   2.290 , Out:   0.000#   0.000#   2.290f

   S-matrix    4 =    0.92814   0.07067 for L=   19, J=   18.5 channel on core I =   1.5 from L=   19,  Acc. loss =  0.0 D.
 Elastic phase shift   4 =    2.177   2.054 deg. for the L =   19, J =   18.5 channel.
      17.0  0.92813785  0.07066594i: elastic S-matrix  @@      0.00  0   0 F  0
 Reaction Xsec    17.0+/19 @ 4 =   1.128 , Out:   0.000#   0.000#   1.128f


 Total SPIN, PARITY =    17.0 -,      5 chs,      0 cc.  Rmin & Coul turning =    1.4    4.3
   S-matrix    1 =    0.81754   0.14320 for L=   16, J=   15.5 channel on core I =   1.5 from L=   16,  Acc. loss =  0.0 D.
 Elastic phase shift   1 =    4.968   5.338 deg. for the L =   16, J =   15.5 channel.
      17.0  0.81754104  0.14320062i: elastic S-matrix  @@      0.02  0   0 F  0
 Reaction Xsec    17.0-/16 @ 1 =   2.628 , Out:   0.000#   3.121#   2.628f

   S-matrix    2 =    0.71486   0.38246 for L=   16, J=   16.5 channel on core I =   1.5 from L=   16,  Acc. loss =  0.0 D.
 Elastic phase shift   2 =   14.074   6.011 deg. for the L =   16, J =   16.5 channel.
      17.0  0.71485796  0.38246081i: elastic S-matrix  @@      0.00  0   0 F  0
 Reaction Xsec    17.0-/16 @ 2 =   2.895 , Out:   0.000#   1.398#   2.895f

   S-matrix    3 =    0.89702   0.09204 for L=   18, J=   17.5 channel on core I =   1.5 from L=   18,  Acc. loss =  0.0 D.
 Elastic phase shift   3 =    2.929   2.963 deg. for the L =   18, J =   17.5 channel.
      17.0  0.89701726  0.09203593i: elastic S-matrix  @@      0.00  0   0 F  0
 Reaction Xsec    17.0-/18 @ 3 =   1.579 , Out:   0.000#   0.112#   1.579f

   S-matrix    4 =    0.86951   0.20802 for L=   18, J=   18.5 channel on core I =   1.5 from L=   18,  Acc. loss =  0.0 D.
 Elastic phase shift   4 =    6.727   3.209 deg. for the L =   18, J =   18.5 channel.
      17.0  0.86950526  0.20802370i: elastic S-matrix  @@      0.02  0   0 F  0
 Reaction Xsec    17.0-/18 @ 4 =   1.695 , Out:   0.000#   0.413#   1.695f


 Total SPIN, PARITY =    18.0 +,      5 chs,      0 cc.  Rmin & Coul turning =    1.4    4.6
   S-matrix    1 =    0.85907   0.11642 for L=   17, J=   16.5 channel on core I =   1.5 from L=   17,  Acc. loss =  0.0 D.
 Elastic phase shift   1 =    3.859   4.091 deg. for the L =   17, J =   16.5 channel.
      18.0  0.85906990  0.11642339i: elastic S-matrix  @@      0.02  0   0 F  0
 Reaction Xsec    18.0+/17 @ 1 =   2.219 , Out:   0.000#   1.057#   2.219f

   S-matrix    2 =    0.80427   0.28648 for L=   17, J=   17.5 channel on core I =   1.5 from L=   17,  Acc. loss =  0.0 D.
 Elastic phase shift   2 =    9.803   4.529 deg. for the L =   17, J =   17.5 channel.
      18.0  0.80427252  0.28647871i: elastic S-matrix  @@      0.00  0   0 F  0
 Reaction Xsec    18.0+/17 @ 2 =   2.421 , Out:   0.000#   0.490#   2.421f

   S-matrix    3 =    0.92814   0.07067 for L=   19, J=   18.5 channel on core I =   1.5 from L=   19,  Acc. loss =  0.0 D.
 Elastic phase shift   3 =    2.177   2.054 deg. for the L =   19, J =   18.5 channel.
      18.0  0.92813785  0.07066594i: elastic S-matrix  @@      0.00  0   0 F  0
 Reaction Xsec    18.0+/19 @ 3 =   1.193 , Out:   0.000#   0.030#   1.193f

   S-matrix    4 =    0.91502   0.14738 for L=   19, J=   19.5 channel on core I =   1.5 from L=   19,  Acc. loss =  0.0 D.
 Elastic phase shift   4 =    4.575   2.177 deg. for the L =   19, J =   19.5 channel.
      18.0  0.91502124  0.14737731i: elastic S-matrix  @@      0.02  0   0 F  0
 Reaction Xsec    18.0+/19 @ 4 =   1.259 , Out:   0.000#   0.106#   1.259f


 Total SPIN, PARITY =    18.0 -,      4 chs,      0 cc.  Rmin & Coul turning =    1.4    4.6
   S-matrix    1 =    0.71486   0.38246 for L=   16, J=   16.5 channel on core I =   1.5 from L=   16,  Acc. loss =  0.0 D.
 Elastic phase shift   1 =   14.074   6.011 deg. for the L =   16, J =   16.5 channel.
      18.0  0.71485796  0.38246081i: elastic S-matrix  @@      0.00  0   0 F  0
 Reaction Xsec    18.0-/16 @ 1 =   3.060 , Out:   0.000#   0.000#   3.060f

   S-matrix    2 =    0.89702   0.09204 for L=   18, J=   17.5 channel on core I =   1.5 from L=   18,  Acc. loss =  0.0 D.
 Elastic phase shift   2 =    2.929   2.963 deg. for the L =   18, J =   17.5 channel.
      18.0  0.89701726  0.09203593i: elastic S-matrix  @@      0.00  0   0 F  0
 Reaction Xsec    18.0-/18 @ 2 =   1.669 , Out:   0.000#   0.000#   1.669f

   S-matrix    3 =    0.86951   0.20802 for L=   18, J=   18.5 channel on core I =   1.5 from L=   18,  Acc. loss =  0.0 D.
 Elastic phase shift   3 =    6.727   3.209 deg. for the L =   18, J =   18.5 channel.
      18.0  0.86950526  0.20802370i: elastic S-matrix  @@      0.00  0   0 F  0
 Reaction Xsec    18.0-/18 @ 3 =   1.792 , Out:   0.000#   0.000#   1.792f

   S-matrix    4 =    0.95162   0.05282 for L=   20, J=   19.5 channel on core I =   1.5 from L=   20,  Acc. loss =  0.0 D.
 Elastic phase shift   4 =    1.589   1.377 deg. for the L =   20, J =   19.5 channel.
      18.0  0.95162018  0.05282065i: elastic S-matrix  @@      0.00  0   0 F  0
 Reaction Xsec    18.0-/20 @ 4 =   0.818 , Out:   0.000#   0.000#   0.818f


 Total SPIN, PARITY =    19.0 +,      4 chs,      0 cc.  Rmin & Coul turning =    1.5    4.8
   S-matrix    1 =    0.80427   0.28648 for L=   17, J=   17.5 channel on core I =   1.5 from L=   17,  Acc. loss =  0.0 D.
 Elastic phase shift   1 =    9.803   4.529 deg. for the L =   17, J =   17.5 channel.
      19.0  0.80427252  0.28647871i: elastic S-matrix  @@      0.00  0   0 F  0
 Reaction Xsec    19.0+/17 @ 1 =   2.552 , Out:   0.000#   0.000#   2.552f

   S-matrix    2 =    0.92814   0.07067 for L=   19, J=   18.5 channel on core I =   1.5 from L=   19,  Acc. loss =  0.0 D.
 Elastic phase shift   2 =    2.177   2.054 deg. for the L =   19, J =   18.5 channel.
      19.0  0.92813785  0.07066594i: elastic S-matrix  @@      0.00  0   0 F  0
 Reaction Xsec    19.0+/19 @ 2 =   1.257 , Out:   0.000#   0.000#   1.257f

   S-matrix    3 =    0.91502   0.14738 for L=   19, J=   19.5 channel on core I =   1.5 from L=   19,  Acc. loss =  0.0 D.
 Elastic phase shift   3 =    4.575   2.177 deg. for the L =   19, J =   19.5 channel.
      19.0  0.91502124  0.14737731i: elastic S-matrix  @@      0.00  0   0 F  0
 Reaction Xsec    19.0+/19 @ 3 =   1.327 , Out:   0.000#   0.000#   1.327f

   S-matrix    4 =    0.96828   0.03860 for L=   21, J=   20.5 channel on core I =   1.5 from L=   21,  Acc. loss =  0.0 D.
 Elastic phase shift   4 =    1.141   0.901 deg. for the L =   21, J =   20.5 channel.
      19.0  0.96827571  0.03860217i: elastic S-matrix  @@      0.00  0   0 F  0
 Reaction Xsec    19.0+/21 @ 4 =   0.574 , Out:   0.000#   0.000#   0.574f


 Total SPIN, PARITY =    19.0 -,      5 chs,      0 cc.  Rmin & Coul turning =    1.5    4.8
   S-matrix    1 =    0.89702   0.09204 for L=   18, J=   17.5 channel on core I =   1.5 from L=   18,  Acc. loss =  0.0 D.
 Elastic phase shift   1 =    2.929   2.963 deg. for the L =   18, J =   17.5 channel.
      19.0  0.89701726  0.09203593i: elastic S-matrix  @@      0.02  0   0 F  0
 Reaction Xsec    19.0-/18 @ 1 =   1.759 , Out:   0.000#   1.804#   1.759f

   S-matrix    2 =    0.86951   0.20802 for L=   18, J=   18.5 channel on core I =   1.5 from L=   18,  Acc. loss =  0.0 D.
 Elastic phase shift   2 =    6.727   3.209 deg. for the L =   18, J =   18.5 channel.
      19.0  0.86950526  0.20802370i: elastic S-matrix  @@      0.00  0   0 F  0
 Reaction Xsec    19.0-/18 @ 2 =   1.889 , Out:   0.000#   0.759#   1.889f

   S-matrix    3 =    0.95162   0.05282 for L=   20, J=   19.5 channel on core I =   1.5 from L=   20,  Acc. loss =  0.0 D.
 Elastic phase shift   3 =    1.589   1.377 deg. for the L =   20, J =   19.5 channel.
      19.0  0.95162018  0.05282065i: elastic S-matrix  @@      0.00  0   0 F  0
 Reaction Xsec    19.0-/20 @ 3 =   0.863 , Out:   0.000#   0.172#   0.863f

   S-matrix    4 =    0.94562   0.10247 for L=   20, J=   20.5 channel on core I =   1.5 from L=   20,  Acc. loss =  0.0 D.
 Elastic phase shift   4 =    3.092   1.435 deg. for the L =   20, J =   20.5 channel.
      19.0  0.94561951  0.10246544i: elastic S-matrix  @@      0.02  0   0 F  0
 Reaction Xsec    19.0-/20 @ 4 =   0.897 , Out:   0.000#   0.612#   0.897f


 Total SPIN, PARITY =    20.0 +,      5 chs,      0 cc.  Rmin & Coul turning =    1.6    5.1
   S-matrix    1 =    0.92814   0.07067 for L=   19, J=   18.5 channel on core I =   1.5 from L=   19,  Acc. loss =  0.0 D.
 Elastic phase shift   1 =    2.177   2.054 deg. for the L =   19, J =   18.5 channel.
      20.0  0.92813785  0.07066594i: elastic S-matrix  @@      0.02  0   0 F  0
 Reaction Xsec    20.0+/19 @ 1 =   1.322 , Out:   0.000#   0.188#   1.322f

   S-matrix    2 =    0.91502   0.14738 for L=   19, J=   19.5 channel on core I =   1.5 from L=   19,  Acc. loss =  0.0 D.
 Elastic phase shift   2 =    4.575   2.177 deg. for the L =   19, J =   19.5 channel.
      20.0  0.91502124  0.14737731i: elastic S-matrix  @@      0.00  0   0 F  0
 Reaction Xsec    20.0+/19 @ 2 =   1.395 , Out:   0.000#   0.083#   1.395f

   S-matrix    3 =    0.96828   0.03860 for L=   21, J=   20.5 channel on core I =   1.5 from L=   21,  Acc. loss =  0.0 D.
 Elastic phase shift   3 =    1.141   0.901 deg. for the L =   21, J =   20.5 channel.
      20.0  0.96827571  0.03860217i: elastic S-matrix  @@      0.00  0   0 F  0
 Reaction Xsec    20.0+/21 @ 3 =   0.603 , Out:   0.000#   0.010#   0.603f

   S-matrix    4 =    0.96561   0.07027 for L=   21, J=   21.5 channel on core I =   1.5 from L=   21,  Acc. loss =  0.0 D.
 Elastic phase shift   4 =    2.081   0.927 deg. for the L =   21, J =   21.5 channel.
      20.0  0.96561456  0.07026982i: elastic S-matrix  @@      0.02  0   0 F  0
 Reaction Xsec    20.0+/21 @ 4 =   0.620 , Out:   0.000#   0.036#   0.620f


 Total SPIN, PARITY =    20.0 -,      4 chs,      0 cc.  Rmin & Coul turning =    1.6    5.1
   S-matrix    1 =    0.86951   0.20802 for L=   18, J=   18.5 channel on core I =   1.5 from L=   18,  Acc. loss =  0.0 D.
 Elastic phase shift   1 =    6.727   3.209 deg. for the L =   18, J =   18.5 channel.
      20.0  0.86950526  0.20802370i: elastic S-matrix  @@      0.00  0   0 F  0
 Reaction Xsec    20.0-/18 @ 1 =   1.986 , Out:   0.000#   0.000#   1.986f

   S-matrix    2 =    0.95162   0.05282 for L=   20, J=   19.5 channel on core I =   1.5 from L=   20,  Acc. loss =  0.0 D.
 Elastic phase shift   2 =    1.589   1.377 deg. for the L =   20, J =   19.5 channel.
      20.0  0.95162018  0.05282065i: elastic S-matrix  @@      0.00  0   0 F  0
 Reaction Xsec    20.0-/20 @ 2 =   0.907 , Out:   0.000#   0.000#   0.907f

   S-matrix    3 =    0.94562   0.10247 for L=   20, J=   20.5 channel on core I =   1.5 from L=   20,  Acc. loss =  0.0 D.
 Elastic phase shift   3 =    3.092   1.435 deg. for the L =   20, J =   20.5 channel.
      20.0  0.94561951  0.10246544i: elastic S-matrix  @@      0.00  0   0 F  0
 Reaction Xsec    20.0-/20 @ 3 =   0.943 , Out:   0.000#   0.000#   0.943f

   S-matrix    4 =    0.97958   0.02772 for L=   22, J=   21.5 channel on core I =   1.5 from L=   22,  Acc. loss =  0.0 D.
 Elastic phase shift   4 =    0.810   0.580 deg. for the L =   22, J =   21.5 channel.
      20.0  0.97957777  0.02771522i: elastic S-matrix  @@      0.00  0   0 F  0
 Reaction Xsec    20.0-/22 @ 4 =   0.392 , Out:   0.000#   0.000#   0.392f


 Total SPIN, PARITY =    21.0 +,      4 chs,      0 cc.  Rmin & Coul turning =    1.7    5.3
   S-matrix    1 =    0.91502   0.14738 for L=   19, J=   19.5 channel on core I =   1.5 from L=   19,  Acc. loss =  0.0 D.
 Elastic phase shift   1 =    4.575   2.177 deg. for the L =   19, J =   19.5 channel.
      21.0  0.91502124  0.14737731i: elastic S-matrix  @@      0.00  0   0 F  0
 Reaction Xsec    21.0+/19 @ 1 =   1.464 , Out:   0.000#   0.000#   1.464f

   S-matrix    2 =    0.96828   0.03860 for L=   21, J=   20.5 channel on core I =   1.5 from L=   21,  Acc. loss =  0.0 D.
 Elastic phase shift   2 =    1.141   0.901 deg. for the L =   21, J =   20.5 channel.
      21.0  0.96827571  0.03860217i: elastic S-matrix  @@      0.00  0   0 F  0
 Reaction Xsec    21.0+/21 @ 2 =   0.633 , Out:   0.000#   0.000#   0.633f

   S-matrix    3 =    0.96561   0.07027 for L=   21, J=   21.5 channel on core I =   1.5 from L=   21,  Acc. loss =  0.0 D.
 Elastic phase shift   3 =    2.081   0.927 deg. for the L =   21, J =   21.5 channel.
      21.0  0.96561456  0.07026982i: elastic S-matrix  @@      0.00  0   0 F  0
 Reaction Xsec    21.0+/21 @ 3 =   0.650 , Out:   0.000#   0.000#   0.650f

   S-matrix    4 =    0.98702   0.01963 for L=   23, J=   22.5 channel on core I =   1.5 from L=   23,  Acc. loss =  0.0 D.
 Elastic phase shift   4 =    0.570   0.369 deg. for the L =   23, J =   22.5 channel.
      21.0  0.98701639  0.01963339i: elastic S-matrix  @@      0.00  0   0 F  0
 Reaction Xsec    21.0+/23 @ 4 =   0.264 , Out:   0.000#   0.000#   0.264f


 Total SPIN, PARITY =    21.0 -,      5 chs,      0 cc.  Rmin & Coul turning =    1.7    5.3
   S-matrix    1 =    0.95162   0.05282 for L=   20, J=   19.5 channel on core I =   1.5 from L=   20,  Acc. loss =  0.0 D.
 Elastic phase shift   1 =    1.589   1.377 deg. for the L =   20, J =   19.5 channel.
      21.0  0.95162018  0.05282065i: elastic S-matrix  @@      0.02  0   0 F  0
 Reaction Xsec    21.0-/20 @ 1 =   0.951 , Out:   0.000#   0.094#   0.951f

   S-matrix    2 =    0.94562   0.10247 for L=   20, J=   20.5 channel on core I =   1.5 from L=   20,  Acc. loss =  0.0 D.
 Elastic phase shift   2 =    3.092   1.435 deg. for the L =   20, J =   20.5 channel.
      21.0  0.94561951  0.10246544i: elastic S-matrix  @@      0.00  0   0 F  0
 Reaction Xsec    21.0-/20 @ 2 =   0.989 , Out:   0.000#   0.039#   0.989f

   S-matrix    3 =    0.97958   0.02772 for L=   22, J=   21.5 channel on core I =   1.5 from L=   22,  Acc. loss =  0.0 D.
 Elastic phase shift   3 =    0.810   0.580 deg. for the L =   22, J =   21.5 channel.
      21.0  0.97957777  0.02771522i: elastic S-matrix  @@      0.00  0   0 F  0
 Reaction Xsec    21.0-/22 @ 3 =   0.412 , Out:   0.000#   0.493#   0.412f

   S-matrix    4 =    0.97842   0.04773 for L=   22, J=   22.5 channel on core I =   1.5 from L=   22,  Acc. loss =  0.0 D.
 Elastic phase shift   4 =    1.396   0.591 deg. for the L =   22, J =   22.5 channel.
      21.0  0.97842376  0.04773145i: elastic S-matrix  @@      0.02  0   0 F  0
 Reaction Xsec    21.0-/22 @ 4 =   0.419 , Out:   0.000#   1.664#   0.419f


 Total SPIN, PARITY =    22.0 +,      5 chs,      0 cc.  Rmin & Coul turning =    1.8    5.6
   S-matrix    1 =    0.96828   0.03860 for L=   21, J=   20.5 channel on core I =   1.5 from L=   21,  Acc. loss =  0.0 D.
 Elastic phase shift   1 =    1.141   0.901 deg. for the L =   21, J =   20.5 channel.
      22.0  0.96827571  0.03860217i: elastic S-matrix  @@      0.02  0   0 F  0
 Reaction Xsec    22.0+/21 @ 1 =   0.662 , Out:   0.000#   0.029#   0.662f

   S-matrix    2 =    0.96561   0.07027 for L=   21, J=   21.5 channel on core I =   1.5 from L=   21,  Acc. loss =  0.0 D.
 Elastic phase shift   2 =    2.081   0.927 deg. for the L =   21, J =   21.5 channel.
      22.0  0.96561456  0.07026982i: elastic S-matrix  @@      0.00  0   0 F  0
 Reaction Xsec    22.0+/21 @ 2 =   0.680 , Out:   0.000#   0.011#   0.680f

   S-matrix    3 =    0.98702   0.01963 for L=   23, J=   22.5 channel on core I =   1.5 from L=   23,  Acc. loss =  0.0 D.
 Elastic phase shift   3 =    0.570   0.369 deg. for the L =   23, J =   22.5 channel.
      22.0  0.98701639  0.01963339i: elastic S-matrix  @@      0.02  0   0 F  0
 Reaction Xsec    22.0+/23 @ 3 =   0.276 , Out:   0.000#   0.233#   0.276f

   S-matrix    4 =    0.98652   0.03221 for L=   23, J=   23.5 channel on core I =   1.5 from L=   23,  Acc. loss =  0.0 D.
 Elastic phase shift   4 =    0.935   0.373 deg. for the L =   23, J =   23.5 channel.
      22.0  0.98652369  0.03221401i: elastic S-matrix  @@      0.00  0   0 F  0
 Reaction Xsec    22.0+/23 @ 4 =   0.279 , Out:   0.000#   0.778#   0.279f


 Total SPIN, PARITY =    22.0 -,      4 chs,      0 cc.  Rmin & Coul turning =    1.8    5.6
   S-matrix    1 =    0.94562   0.10247 for L=   20, J=   20.5 channel on core I =   1.5 from L=   20,  Acc. loss =  0.0 D.
 Elastic phase shift   1 =    3.092   1.435 deg. for the L =   20, J =   20.5 channel.
      22.0  0.94561951  0.10246544i: elastic S-matrix  @@      0.00  0   0 F  0
 Reaction Xsec    22.0-/20 @ 1 =   1.035 , Out:   0.000#   0.000#   1.035f

   S-matrix    2 =    0.97958   0.02772 for L=   22, J=   21.5 channel on core I =   1.5 from L=   22,  Acc. loss =  0.0 D.
 Elastic phase shift   2 =    0.810   0.580 deg. for the L =   22, J =   21.5 channel.
      22.0  0.97957777  0.02771522i: elastic S-matrix  @@      0.00  0   0 F  0
 Reaction Xsec    22.0-/22 @ 2 =   0.431 , Out:   0.000#   0.000#   0.431f

   S-matrix    3 =    0.97842   0.04773 for L=   22, J=   22.5 channel on core I =   1.5 from L=   22,  Acc. loss =  0.0 D.
 Elastic phase shift   3 =    1.396   0.591 deg. for the L =   22, J =   22.5 channel.
      22.0  0.97842376  0.04773145i: elastic S-matrix  @@      0.00  0   0 F  0
 Reaction Xsec    22.0-/22 @ 3 =   0.439 , Out:   0.000#   0.000#   0.439f

   S-matrix    4 =    0.99181   0.01377 for L=   24, J=   23.5 channel on core I =   1.5 from L=   24,  Acc. loss =  0.0 D.
 Elastic phase shift   4 =    0.398   0.233 deg. for the L =   24, J =   23.5 channel.
      22.0  0.99181306  0.01377015i: elastic S-matrix  @@      0.00  0   0 F  0
 Reaction Xsec    22.0-/24 @ 4 =   0.175 , Out:   0.000#   0.000#   0.175f


 Total SPIN, PARITY =    23.0 +,      4 chs,      0 cc.  Rmin & Coul turning =    1.8    5.8
   S-matrix    1 =    0.96561   0.07027 for L=   21, J=   21.5 channel on core I =   1.5 from L=   21,  Acc. loss =  0.0 D.
 Elastic phase shift   1 =    2.081   0.927 deg. for the L =   21, J =   21.5 channel.
      23.0  0.96561456  0.07026982i: elastic S-matrix  @@      0.00  0   0 F  0
 Reaction Xsec    23.0+/21 @ 1 =   0.711 , Out:   0.000#   0.000#   0.711f

   S-matrix    2 =    0.98702   0.01963 for L=   23, J=   22.5 channel on core I =   1.5 from L=   23,  Acc. loss =  0.0 D.
 Elastic phase shift   2 =    0.570   0.369 deg. for the L =   23, J =   22.5 channel.
      23.0  0.98701639  0.01963339i: elastic S-matrix  @@      0.00  0   0 F  0
 Reaction Xsec    23.0+/23 @ 2 =   0.288 , Out:   0.000#   0.000#   0.288f

   S-matrix    3 =    0.98652   0.03221 for L=   23, J=   23.5 channel on core I =   1.5 from L=   23,  Acc. loss =  0.0 D.
 Elastic phase shift   3 =    0.935   0.373 deg. for the L =   23, J =   23.5 channel.
      23.0  0.98652369  0.03221401i: elastic S-matrix  @@      0.00  0   0 F  0
 Reaction Xsec    23.0+/23 @ 3 =   0.292 , Out:   0.000#   0.000#   0.292f

   S-matrix    4 =    0.99487   0.00959 for L=   25, J=   24.5 channel on core I =   1.5 from L=   25,  Acc. loss =  0.0 D.
 Elastic phase shift   4 =    0.276   0.146 deg. for the L =   25, J =   24.5 channel.
      23.0  0.99486501  0.00958652i: elastic S-matrix  @@      0.00  0   0 F  0
 Reaction Xsec    23.0+/25 @ 4 =   0.115 , Out:   0.000#   0.000#   0.115f


 Total SPIN, PARITY =    23.0 -,      5 chs,      0 cc.  Rmin & Coul turning =    1.8    5.8
   S-matrix    1 =    0.97958   0.02772 for L=   22, J=   21.5 channel on core I =   1.5 from L=   22,  Acc. loss =  0.0 D.
 Elastic phase shift   1 =    0.810   0.580 deg. for the L =   22, J =   21.5 channel.
      23.0  0.97957777  0.02771522i: elastic S-matrix  @@      0.02  0   0 F  0
 Reaction Xsec    23.0-/22 @ 1 =   0.450 , Out:   0.000#   0.514#   0.450f

   S-matrix    2 =    0.97842   0.04773 for L=   22, J=   22.5 channel on core I =   1.5 from L=   22,  Acc. loss =  0.0 D.
 Elastic phase shift   2 =    1.396   0.591 deg. for the L =   22, J =   22.5 channel.
      23.0  0.97842376  0.04773145i: elastic S-matrix  @@      0.00  0   0 F  0
 Reaction Xsec    23.0-/22 @ 2 =   0.458 , Out:   0.000#   0.192#   0.458f

   S-matrix    3 =    0.99181   0.01377 for L=   24, J=   23.5 channel on core I =   1.5 from L=   24,  Acc. loss =  0.0 D.
 Elastic phase shift   3 =    0.398   0.233 deg. for the L =   24, J =   23.5 channel.
      23.0  0.99181306  0.01377015i: elastic S-matrix  @@      0.02  0   0 F  0
 Reaction Xsec    23.0-/24 @ 3 =   0.183 , Out:   0.000#   0.376#   0.183f

   S-matrix    4 =    0.99160   0.02165 for L=   24, J=   24.5 channel on core I =   1.5 from L=   24,  Acc. loss =  0.0 D.
 Elastic phase shift   4 =    0.625   0.235 deg. for the L =   24, J =   24.5 channel.
      23.0  0.99160494  0.02165016i: elastic S-matrix  @@      0.00  0   0 F  0
 Reaction Xsec    23.0-/24 @ 4 =   0.184 , Out:   0.000#   1.250#   0.184f


 Total SPIN, PARITY =    24.0 +,      5 chs,      0 cc.  Rmin & Coul turning =    1.9    6.1
   S-matrix    1 =    0.98702   0.01963 for L=   23, J=   22.5 channel on core I =   1.5 from L=   23,  Acc. loss =  0.0 D.
 Elastic phase shift   1 =    0.570   0.369 deg. for the L =   23, J =   22.5 channel.
      24.0  0.98701639  0.01963339i: elastic S-matrix  @@      0.02  0   0 F  0
 Reaction Xsec    24.0+/23 @ 1 =   0.301 , Out:   0.000#   0.320#   0.301f

   S-matrix    2 =    0.98652   0.03221 for L=   23, J=   23.5 channel on core I =   1.5 from L=   23,  Acc. loss =  0.0 D.
 Elastic phase shift   2 =    0.935   0.373 deg. for the L =   23, J =   23.5 channel.
      24.0  0.98652369  0.03221401i: elastic S-matrix  @@      0.00  0   0 F  0
 Reaction Xsec    24.0+/23 @ 2 =   0.304 , Out:   0.000#   0.117#   0.304f

   S-matrix    3 =    0.99487   0.00959 for L=   25, J=   24.5 channel on core I =   1.5 from L=   25,  Acc. loss =  0.0 D.
 Elastic phase shift   3 =    0.276   0.146 deg. for the L =   25, J =   24.5 channel.
      24.0  0.99486501  0.00958652i: elastic S-matrix  @@      0.02  0   0 F  0
 Reaction Xsec    24.0+/25 @ 3 =   0.120 , Out:   0.000#   0.580#   0.120f

   S-matrix    4 =    0.99478   0.01451 for L=   25, J=   25.5 channel on core I =   1.5 from L=   25,  Acc. loss =  0.0 D.
 Elastic phase shift   4 =    0.418   0.147 deg. for the L =   25, J =   25.5 channel.
      24.0  0.99477773  0.01451168i: elastic S-matrix  @@      0.00  0   0 F  0
 Reaction Xsec    24.0+/25 @ 4 =   0.121 , Out:   0.000#   1.906#   0.121f


 Total SPIN, PARITY =    24.0 -,      4 chs,      0 cc.  Rmin & Coul turning =    1.9    6.1
   S-matrix    1 =    0.97842   0.04773 for L=   22, J=   22.5 channel on core I =   1.5 from L=   22,  Acc. loss =  0.0 D.
 Elastic phase shift   1 =    1.396   0.591 deg. for the L =   22, J =   22.5 channel.
      24.0  0.97842376  0.04773145i: elastic S-matrix  @@      0.00  0   0 F  0
 Reaction Xsec    24.0-/22 @ 1 =   0.478 , Out:   0.000#   0.000#   0.478f

   S-matrix    2 =    0.99181   0.01377 for L=   24, J=   23.5 channel on core I =   1.5 from L=   24,  Acc. loss =  0.0 D.
 Elastic phase shift   2 =    0.398   0.233 deg. for the L =   24, J =   23.5 channel.
      24.0  0.99181306  0.01377015i: elastic S-matrix  @@      0.00  0   0 F  0
 Reaction Xsec    24.0-/24 @ 2 =   0.191 , Out:   0.000#   0.000#   0.191f

   S-matrix    3 =    0.99160   0.02165 for L=   24, J=   24.5 channel on core I =   1.5 from L=   24,  Acc. loss =  0.0 D.
 Elastic phase shift   3 =    0.625   0.235 deg. for the L =   24, J =   24.5 channel.
      24.0  0.99160494  0.02165016i: elastic S-matrix  @@      0.00  0   0 F  0
 Reaction Xsec    24.0-/24 @ 3 =   0.192 , Out:   0.000#   0.000#   0.192f

   S-matrix    4 =    0.99679   0.00664 for L=   26, J=   25.5 channel on core I =   1.5 from L=   26,  Acc. loss =  0.0 D.
 Elastic phase shift   4 =    0.191   0.091 deg. for the L =   26, J =   25.5 channel.
      24.0  0.99679023  0.00663684i: elastic S-matrix  @@      0.00  0   0 F  0
 Reaction Xsec    24.0-/26 @ 4 =   0.075 , Out:   0.000#   0.000#   0.075f


 Total SPIN, PARITY =    25.0 +,      4 chs,      0 cc.  Rmin & Coul turning =    2.0    6.3
   S-matrix    1 =    0.98652   0.03221 for L=   23, J=   23.5 channel on core I =   1.5 from L=   23,  Acc. loss =  0.0 D.
 Elastic phase shift   1 =    0.935   0.373 deg. for the L =   23, J =   23.5 channel.
      25.0  0.98652369  0.03221401i: elastic S-matrix  @@      0.00  0   0 F  0
 Reaction Xsec    25.0+/23 @ 1 =   0.317 , Out:   0.000#   0.000#   0.317f

   S-matrix    2 =    0.99487   0.00959 for L=   25, J=   24.5 channel on core I =   1.5 from L=   25,  Acc. loss =  0.0 D.
 Elastic phase shift   2 =    0.276   0.146 deg. for the L =   25, J =   24.5 channel.
      25.0  0.99486501  0.00958652i: elastic S-matrix  @@      0.00  0   0 F  0
 Reaction Xsec    25.0+/25 @ 2 =   0.125 , Out:   0.000#   0.000#   0.125f

   S-matrix    3 =    0.99478   0.01451 for L=   25, J=   25.5 channel on core I =   1.5 from L=   25,  Acc. loss =  0.0 D.
 Elastic phase shift   3 =    0.418   0.147 deg. for the L =   25, J =   25.5 channel.
      25.0  0.99477773  0.01451168i: elastic S-matrix  @@      0.00  0   0 F  0
 Reaction Xsec    25.0+/25 @ 3 =   0.126 , Out:   0.000#   0.000#   0.126f

   S-matrix    4 =    0.99800   0.00458 for L=   27, J=   26.5 channel on core I =   1.5 from L=   27,  Acc. loss =  0.0 D.
 Elastic phase shift   4 =    0.131   0.057 deg. for the L =   27, J =   26.5 channel.
      25.0  0.99799807  0.00457510i: elastic S-matrix  @@      0.00  0   0 F  0
 Reaction Xsec    25.0+/27 @ 4 =   0.049 , Out:   0.000#   0.000#   0.049f


 Total SPIN, PARITY =    25.0 -,      5 chs,      0 cc.  Rmin & Coul turning =    2.0    6.3
   S-matrix    1 =    0.99181   0.01377 for L=   24, J=   23.5 channel on core I =   1.5 from L=   24,  Acc. loss =  0.0 D.
 Elastic phase shift   1 =    0.398   0.233 deg. for the L =   24, J =   23.5 channel.
      25.0  0.99181306  0.01377015i: elastic S-matrix  @@      0.02  0   0 F  0
 Reaction Xsec    25.0-/24 @ 1 =   0.198 , Out:   0.000#   2.133#   0.198f

   S-matrix    2 =    0.99160   0.02165 for L=   24, J=   24.5 channel on core I =   1.5 from L=   24,  Acc. loss =  0.0 D.
 Elastic phase shift   2 =    0.625   0.235 deg. for the L =   24, J =   24.5 channel.
      25.0  0.99160494  0.02165016i: elastic S-matrix  @@      0.00  0   0 F  0
 Reaction Xsec    25.0-/24 @ 2 =   0.200 , Out:   0.000#   0.786#   0.200f

   S-matrix    3 =    0.99679   0.00664 for L=   26, J=   25.5 channel on core I =   1.5 from L=   26,  Acc. loss =  0.0 D.
 Elastic phase shift   3 =    0.191   0.091 deg. for the L =   26, J =   25.5 channel.
      25.0  0.99679023  0.00663684i: elastic S-matrix  @@      0.02  0   0 F  0
 Reaction Xsec    25.0-/26 @ 3 =   0.078 , Out:   0.000#   0.033#   0.078f

   S-matrix    4 =    0.99675   0.00971 for L=   26, J=   26.5 channel on core I =   1.5 from L=   26,  Acc. loss =  0.0 D.
 Elastic phase shift   4 =    0.279   0.092 deg. for the L =   26, J =   26.5 channel.
      25.0  0.99675380  0.00971087i: elastic S-matrix  @@      0.00  0   0 F  0
 Reaction Xsec    25.0-/26 @ 4 =   0.079 , Out:   0.000#   0.107#   0.079f


 Total SPIN, PARITY =    26.0 +,      5 chs,      0 cc.  Rmin & Coul turning =    2.1    6.6
   S-matrix    1 =    0.99487   0.00959 for L=   25, J=   24.5 channel on core I =   1.5 from L=   25,  Acc. loss =  0.0 D.
 Elastic phase shift   1 =    0.276   0.146 deg. for the L =   25, J =   24.5 channel.
      26.0  0.99486501  0.00958652i: elastic S-matrix  @@      0.02  0   0 F  0
 Reaction Xsec    26.0+/25 @ 1 =   0.130 , Out:   0.000#   5.141#   0.130f

   S-matrix    2 =    0.99478   0.01451 for L=   25, J=   25.5 channel on core I =   1.5 from L=   25,  Acc. loss =  0.0 D.
 Elastic phase shift   2 =    0.418   0.147 deg. for the L =   25, J =   25.5 channel.
      26.0  0.99477773  0.01451168i: elastic S-matrix  @@      0.02  0   0 F  0
 Reaction Xsec    26.0+/25 @ 2 =   0.131 , Out:   0.000#   1.872#   0.131f

   S-matrix    3 =    0.99800   0.00458 for L=   27, J=   26.5 channel on core I =   1.5 from L=   27,  Acc. loss =  0.0 D.
 Elastic phase shift   3 =    0.131   0.057 deg. for the L =   27, J =   26.5 channel.
      26.0  0.99799807  0.00457510i: elastic S-matrix  @@      0.00  0   0 F  0
 Reaction Xsec    26.0+/27 @ 3 =   0.051 , Out:   0.000#   0.749#   0.051f

   S-matrix    4 =    0.99798   0.00649 for L=   27, J=   27.5 channel on core I =   1.5 from L=   27,  Acc. loss =  0.0 D.
 Elastic phase shift   4 =    0.186   0.057 deg. for the L =   27, J =   27.5 channel.
      26.0  0.99798292  0.00649188i: elastic S-matrix  @@      0.00  0   0 F  0
 Reaction Xsec    26.0+/27 @ 4 =   0.051 , Out:   0.000#   2.432#   0.051f


 Total SPIN, PARITY =    26.0 -,      4 chs,      0 cc.  Rmin & Coul turning =    2.1    6.6
   S-matrix    1 =    0.99160   0.02165 for L=   24, J=   24.5 channel on core I =   1.5 from L=   24,  Acc. loss =  0.0 D.
 Elastic phase shift   1 =    0.625   0.235 deg. for the L =   24, J =   24.5 channel.
      26.0  0.99160494  0.02165016i: elastic S-matrix  @@      0.00  0   0 F  0
 Reaction Xsec    26.0-/24 @ 1 =   0.208 , Out:   0.000#   0.000#   0.208f

   S-matrix    2 =    0.99679   0.00664 for L=   26, J=   25.5 channel on core I =   1.5 from L=   26,  Acc. loss =  0.0 D.
 Elastic phase shift   2 =    0.191   0.091 deg. for the L =   26, J =   25.5 channel.
      26.0  0.99679023  0.00663684i: elastic S-matrix  @@      0.00  0   0 F  0
 Reaction Xsec    26.0-/26 @ 2 =   0.081 , Out:   0.000#   0.000#   0.081f

   S-matrix    3 =    0.99675   0.00971 for L=   26, J=   26.5 channel on core I =   1.5 from L=   26,  Acc. loss =  0.0 D.
 Elastic phase shift   3 =    0.279   0.092 deg. for the L =   26, J =   26.5 channel.
      26.0  0.99675380  0.00971087i: elastic S-matrix  @@      0.00  0   0 F  0
 Reaction Xsec    26.0-/26 @ 3 =   0.082 , Out:   0.000#   0.000#   0.082f

   S-matrix    4 =    0.99875   0.00314 for L=   28, J=   27.5 channel on core I =   1.5 from L=   28,  Acc. loss =  0.0 D.
 Elastic phase shift   4 =    0.090   0.036 deg. for the L =   28, J =   27.5 channel.
      26.0  0.99875322  0.00314320i: elastic S-matrix  @@      0.00  0   0 F  0
 Reaction Xsec    26.0-/28 @ 4 =   0.032 , Out:   0.000#   0.000#   0.032f


 Total SPIN, PARITY =    27.0 +,      4 chs,      0 cc.  Rmin & Coul turning =    2.1    6.8
   S-matrix    1 =    0.99478   0.01451 for L=   25, J=   25.5 channel on core I =   1.5 from L=   25,  Acc. loss =  0.0 D.
 Elastic phase shift   1 =    0.418   0.147 deg. for the L =   25, J =   25.5 channel.
      27.0  0.99477773  0.01451168i: elastic S-matrix  @@      0.00  0   0 F  0
 Reaction Xsec    27.0+/25 @ 1 =   0.135 , Out:   0.000#   0.000#   0.135f

   S-matrix    2 =    0.99800   0.00458 for L=   27, J=   26.5 channel on core I =   1.5 from L=   27,  Acc. loss =  0.0 D.
 Elastic phase shift   2 =    0.131   0.057 deg. for the L =   27, J =   26.5 channel.
      27.0  0.99799807  0.00457510i: elastic S-matrix  @@      0.00  0   0 F  0
 Reaction Xsec    27.0+/27 @ 2 =   0.053 , Out:   0.000#   0.000#   0.053f

   S-matrix    3 =    0.99798   0.00649 for L=   27, J=   27.5 channel on core I =   1.5 from L=   27,  Acc. loss =  0.0 D.
 Elastic phase shift   3 =    0.186   0.057 deg. for the L =   27, J =   27.5 channel.
      27.0  0.99798292  0.00649188i: elastic S-matrix  @@      0.00  0   0 F  0
 Reaction Xsec    27.0+/27 @ 3 =   0.053 , Out:   0.000#   0.000#   0.053f

   S-matrix    4 =    0.99922   0.00215 for L=   29, J=   28.5 channel on core I =   1.5 from L=   29,  Acc. loss =  0.0 D.
 Elastic phase shift   4 =    0.062   0.022 deg. for the L =   29, J =   28.5 channel.
      27.0  0.99922430  0.00215357i: elastic S-matrix  @@      0.00  0   0 F  0
 Reaction Xsec    27.0+/29 @ 4 =   0.021 , Out:   0.000#   0.000#   0.021f


 Total SPIN, PARITY =    27.0 -,      5 chs,      0 cc.  Rmin & Coul turning =    2.1    6.8
   S-matrix    1 =    0.99679   0.00664 for L=   26, J=   25.5 channel on core I =   1.5 from L=   26,  Acc. loss =  0.0 D.
 Elastic phase shift   1 =    0.191   0.091 deg. for the L =   26, J =   25.5 channel.
      27.0  0.99679023  0.00663684i: elastic S-matrix  @@      0.02  0   0 F  0
 Reaction Xsec    27.0-/26 @ 1 =   0.084 , Out:   0.000#   0.584#   0.084f

   S-matrix    2 =    0.99675   0.00971 for L=   26, J=   26.5 channel on core I =   1.5 from L=   26,  Acc. loss =  0.0 D.
 Elastic phase shift   2 =    0.279   0.092 deg. for the L =   26, J =   26.5 channel.
      27.0  0.99675380  0.00971087i: elastic S-matrix  @@      0.02  0   0 F  0
 Reaction Xsec    27.0-/26 @ 2 =   0.085 , Out:   0.000#   0.211#   0.085f

   S-matrix    3 =    0.99875   0.00314 for L=   28, J=   27.5 channel on core I =   1.5 from L=   28,  Acc. loss =  0.0 D.
 Elastic phase shift   3 =    0.090   0.036 deg. for the L =   28, J =   27.5 channel.
      27.0  0.99875322  0.00314320i: elastic S-matrix  @@      0.00  0   0 F  0
 Reaction Xsec    27.0-/28 @ 3 =   0.033 , Out:   0.000#   0.547#   0.033f

   S-matrix    4 =    0.99875   0.00434 for L=   28, J=   28.5 channel on core I =   1.5 from L=   28,  Acc. loss =  0.0 D.
 Elastic phase shift   4 =    0.124   0.036 deg. for the L =   28, J =   28.5 channel.
      27.0  0.99874693  0.00433749i: elastic S-matrix  @@      0.00  0   0 F  0
 Reaction Xsec    27.0-/28 @ 4 =   0.033 , Out:   0.000#   1.770#   0.033f


 Total SPIN, PARITY =    28.0 +,      5 chs,      0 cc.  Rmin & Coul turning =    2.2    7.1
   S-matrix    1 =    0.99800   0.00458 for L=   27, J=   26.5 channel on core I =   1.5 from L=   27,  Acc. loss =  0.0 D.
 Elastic phase shift   1 =    0.131   0.057 deg. for the L =   27, J =   26.5 channel.
      28.0  0.99799807  0.00457510i: elastic S-matrix  @@      0.02  0   0 F  0
 Reaction Xsec    28.0+/27 @ 1 =   0.055 , Out:   0.000#   0.750#   0.055f

   S-matrix    2 =    0.99798   0.00649 for L=   27, J=   27.5 channel on core I =   1.5 from L=   27,  Acc. loss =  0.0 D.
 Elastic phase shift   2 =    0.186   0.057 deg. for the L =   27, J =   27.5 channel.
      28.0  0.99798292  0.00649188i: elastic S-matrix  @@      0.02  0   0 F  0
 Reaction Xsec    28.0+/27 @ 2 =   0.055 , Out:   0.000#   0.270#   0.055f

   S-matrix    3 =    0.99922   0.00215 for L=   29, J=   28.5 channel on core I =   1.5 from L=   29,  Acc. loss =  0.0 D.
 Elastic phase shift   3 =    0.062   0.022 deg. for the L =   29, J =   28.5 channel.
      28.0  0.99922430  0.00215357i: elastic S-matrix  @@      0.00  0   0 F  0
 Reaction Xsec    28.0+/29 @ 3 =   0.021 , Out:   0.000#   0.036#   0.021f

   S-matrix    4 =    0.99922   0.00290 for L=   29, J=   29.5 channel on core I =   1.5 from L=   29,  Acc. loss =  0.0 D.
 Elastic phase shift   4 =    0.083   0.022 deg. for the L =   29, J =   29.5 channel.
      28.0  0.99922169  0.00289725i: elastic S-matrix  @@      0.00  0   0 F  0
 Reaction Xsec    28.0+/29 @ 4 =   0.021 , Out:   0.000#   0.116#   0.021f


 Total SPIN, PARITY =    28.0 -,      4 chs,      0 cc.  Rmin & Coul turning =    2.2    7.1
   S-matrix    1 =    0.99675   0.00971 for L=   26, J=   26.5 channel on core I =   1.5 from L=   26,  Acc. loss =  0.0 D.
 Elastic phase shift   1 =    0.279   0.092 deg. for the L =   26, J =   26.5 channel.
      28.0  0.99675380  0.00971087i: elastic S-matrix  @@      0.00  0   0 F  0
 Reaction Xsec    28.0-/26 @ 1 =   0.088 , Out:   0.000#   0.000#   0.088f

   S-matrix    2 =    0.99875   0.00314 for L=   28, J=   27.5 channel on core I =   1.5 from L=   28,  Acc. loss =  0.0 D.
 Elastic phase shift   2 =    0.090   0.036 deg. for the L =   28, J =   27.5 channel.
      28.0  0.99875322  0.00314320i: elastic S-matrix  @@      0.00  0   0 F  0
 Reaction Xsec    28.0-/28 @ 2 =   0.034 , Out:   0.000#   0.000#   0.034f

   S-matrix    3 =    0.99875   0.00434 for L=   28, J=   28.5 channel on core I =   1.5 from L=   28,  Acc. loss =  0.0 D.
 Elastic phase shift   3 =    0.124   0.036 deg. for the L =   28, J =   28.5 channel.
      28.0  0.99874693  0.00433749i: elastic S-matrix  @@      0.00  0   0 F  0
 Reaction Xsec    28.0-/28 @ 3 =   0.034 , Out:   0.000#   0.000#   0.034f

   S-matrix    4 =    0.99952   0.00147 for L=   30, J=   29.5 channel on core I =   1.5 from L=   30,  Acc. loss =  0.0 D.
 Elastic phase shift   4 =    0.042   0.014 deg. for the L =   30, J =   29.5 channel.
      28.0  0.99951773  0.00147216i: elastic S-matrix  @@      0.00  0   0 F  0
 Reaction Xsec    28.0-/30 @ 4 =   0.013 , Out:   0.000#   0.000#   0.013f


 Total SPIN, PARITY =    29.0 +,      4 chs,      0 cc.  Rmin & Coul turning =    2.3    7.3
   S-matrix    1 =    0.99798   0.00649 for L=   27, J=   27.5 channel on core I =   1.5 from L=   27,  Acc. loss =  0.0 D.
 Elastic phase shift   1 =    0.186   0.057 deg. for the L =   27, J =   27.5 channel.
      29.0  0.99798292  0.00649188i: elastic S-matrix  @@      0.00  0   0 F  0
 Reaction Xsec    29.0+/27 @ 1 =   0.057 , Out:   0.000#   0.000#   0.057f

   S-matrix    2 =    0.99922   0.00215 for L=   29, J=   28.5 channel on core I =   1.5 from L=   29,  Acc. loss =  0.0 D.
 Elastic phase shift   2 =    0.062   0.022 deg. for the L =   29, J =   28.5 channel.
      29.0  0.99922430  0.00215357i: elastic S-matrix  @@      0.00  0   0 F  0
 Reaction Xsec    29.0+/29 @ 2 =   0.022 , Out:   0.000#   0.000#   0.022f

   S-matrix    3 =    0.99922   0.00290 for L=   29, J=   29.5 channel on core I =   1.5 from L=   29,  Acc. loss =  0.0 D.
 Elastic phase shift   3 =    0.083   0.022 deg. for the L =   29, J =   29.5 channel.
      29.0  0.99922169  0.00289725i: elastic S-matrix  @@      0.00  0   0 F  0
 Reaction Xsec    29.0+/29 @ 3 =   0.022 , Out:   0.000#   0.000#   0.022f

   S-matrix    4 =    0.99970   0.00100 for L=   31, J=   30.5 channel on core I =   1.5 from L=   31,  Acc. loss =  0.0 D.
 Elastic phase shift   4 =    0.029   0.009 deg. for the L =   31, J =   30.5 channel.
      29.0  0.99970034  0.00100445i: elastic S-matrix  @@      0.00  0   0 F  0
 Reaction Xsec    29.0+/31 @ 4 =   8.519/, Out:   0.000#   0.000#   0.009f


 Total SPIN, PARITY =    29.0 -,      5 chs,      0 cc.  Rmin & Coul turning =    2.3    7.3
   S-matrix    1 =    0.99875   0.00314 for L=   28, J=   27.5 channel on core I =   1.5 from L=   28,  Acc. loss =  0.0 D.
 Elastic phase shift   1 =    0.090   0.036 deg. for the L =   28, J =   27.5 channel.
      29.0  0.99875322  0.00314320i: elastic S-matrix  @@      0.02  0   0 F  0
 Reaction Xsec    29.0-/28 @ 1 =   0.035 , Out:   0.000#   1.467#   0.035f

   S-matrix    2 =    0.99875   0.00434 for L=   28, J=   28.5 channel on core I =   1.5 from L=   28,  Acc. loss =  0.0 D.
 Elastic phase shift   2 =    0.124   0.036 deg. for the L =   28, J =   28.5 channel.
      29.0  0.99874693  0.00433749i: elastic S-matrix  @@      0.02  0   0 F  0
 Reaction Xsec    29.0-/28 @ 2 =   0.035 , Out:   0.000#   0.526#   0.035f

   S-matrix    3 =    0.99952   0.00147 for L=   30, J=   29.5 channel on core I =   1.5 from L=   30,  Acc. loss =  0.0 D.
 Elastic phase shift   3 =    0.042   0.014 deg. for the L =   30, J =   29.5 channel.
      29.0  0.99951773  0.00147216i: elastic S-matrix  @@      0.00  0   0 F  0
 Reaction Xsec    29.0-/30 @ 3 =   0.014 , Out:   0.000#   0.028#   0.014f

   S-matrix    4 =    0.99952   0.00193 for L=   30, J=   30.5 channel on core I =   1.5 from L=   30,  Acc. loss =  0.0 D.
 Elastic phase shift   4 =    0.055   0.014 deg. for the L =   30, J =   30.5 channel.
      29.0  0.99951666  0.00193499i: elastic S-matrix  @@      0.00  0   0 F  0
 Reaction Xsec    29.0-/30 @ 4 =   0.014 , Out:   0.000#   0.089#   0.014f


 Total SPIN, PARITY =    30.0 +,      5 chs,      0 cc.  Rmin & Coul turning =    2.4    7.6
   S-matrix    1 =    0.99922   0.00215 for L=   29, J=   28.5 channel on core I =   1.5 from L=   29,  Acc. loss =  0.0 D.
 Elastic phase shift   1 =    0.062   0.022 deg. for the L =   29, J =   28.5 channel.
      30.0  0.99922430  0.00215357i: elastic S-matrix  @@      0.02  0   0 F  0
 Reaction Xsec    30.0+/29 @ 1 =   0.023 , Out:   0.000#   0.463#   0.023f

   S-matrix    2 =    0.99922   0.00290 for L=   29, J=   29.5 channel on core I =   1.5 from L=   29,  Acc. loss =  0.0 D.
 Elastic phase shift   2 =    0.083   0.022 deg. for the L =   29, J =   29.5 channel.
      30.0  0.99922169  0.00289725i: elastic S-matrix  @@      0.02  0   0 F  0
 Reaction Xsec    30.0+/29 @ 2 =   0.023 , Out:   0.000#   0.165#   0.023f

   S-matrix    3 =    0.99970   0.00100 for L=   31, J=   30.5 channel on core I =   1.5 from L=   31,  Acc. loss =  0.0 D.
 Elastic phase shift   3 =    0.029   0.009 deg. for the L =   31, J =   30.5 channel.
      30.0  0.99970034  0.00100445i: elastic S-matrix  @@      0.00  0   0 F  0
 Reaction Xsec    30.0+/31 @ 3 =   8.808/, Out:   0.000#   0.028#   0.009f

   S-matrix    4 =    0.99970   0.00129 for L=   31, J=   31.5 channel on core I =   1.5 from L=   31,  Acc. loss =  0.0 D.
 Elastic phase shift   4 =    0.037   0.009 deg. for the L =   31, J =   31.5 channel.
      30.0  0.99969989  0.00129235i: elastic S-matrix  @@      0.02  0   0 F  0
 Reaction Xsec    30.0+/31 @ 4 =   8.811/, Out:   0.000#   0.090#   0.009f


 Total SPIN, PARITY =    30.0 -,      4 chs,      0 cc.  Rmin & Coul turning =    2.4    7.6
   S-matrix    1 =    0.99875   0.00434 for L=   28, J=   28.5 channel on core I =   1.5 from L=   28,  Acc. loss =  0.0 D.
 Elastic phase shift   1 =    0.124   0.036 deg. for the L =   28, J =   28.5 channel.
      30.0  0.99874693  0.00433749i: elastic S-matrix  @@      0.00  0   0 F  0
 Reaction Xsec    30.0-/28 @ 1 =   0.037 , Out:   0.000#   0.000#   0.037f

   S-matrix    2 =    0.99952   0.00147 for L=   30, J=   29.5 channel on core I =   1.5 from L=   30,  Acc. loss =  0.0 D.
 Elastic phase shift   2 =    0.042   0.014 deg. for the L =   30, J =   29.5 channel.
      30.0  0.99951773  0.00147216i: elastic S-matrix  @@      0.00  0   0 F  0
 Reaction Xsec    30.0-/30 @ 2 =   0.014 , Out:   0.000#   0.000#   0.014f

   S-matrix    3 =    0.99952   0.00193 for L=   30, J=   30.5 channel on core I =   1.5 from L=   30,  Acc. loss =  0.0 D.
 Elastic phase shift   3 =    0.055   0.014 deg. for the L =   30, J =   30.5 channel.
      30.0  0.99951666  0.00193499i: elastic S-matrix  @@      0.00  0   0 F  0
 Reaction Xsec    30.0-/30 @ 3 =   0.014 , Out:   0.000#   0.000#   0.014f

   S-matrix    4 =    0.99981   0.00068 for L=   32, J=   31.5 channel on core I =   1.5 from L=   32,  Acc. loss =  0.0 D.
 Elastic phase shift   4 =    0.020   0.005 deg. for the L =   32, J =   31.5 channel.
      30.0  0.99981389  0.00068419i: elastic S-matrix  @@      0.00  0   0 F  0
 Reaction Xsec    30.0-/32 @ 4 =   5.473/, Out:   0.000#   0.000#   0.005f


 Total SPIN, PARITY =    31.0 +,      4 chs,      0 cc.  Rmin & Coul turning =    2.5    7.8
   S-matrix    1 =    0.99922   0.00290 for L=   29, J=   29.5 channel on core I =   1.5 from L=   29,  Acc. loss =  0.0 D.
 Elastic phase shift   1 =    0.083   0.022 deg. for the L =   29, J =   29.5 channel.
      31.0  0.99922169  0.00289725i: elastic S-matrix  @@      0.00  0   0 F  0
 Reaction Xsec    31.0+/29 @ 1 =   0.024 , Out:   0.000#   0.000#   0.024f

   S-matrix    2 =    0.99970   0.00100 for L=   31, J=   30.5 channel on core I =   1.5 from L=   31,  Acc. loss =  0.0 D.
 Elastic phase shift   2 =    0.029   0.009 deg. for the L =   31, J =   30.5 channel.
      31.0  0.99970034  0.00100445i: elastic S-matrix  @@      0.00  0   0 F  0
 Reaction Xsec    31.0+/31 @ 2 =   9.096/, Out:   0.000#   0.000#   0.009f

   S-matrix    3 =    0.99970   0.00129 for L=   31, J=   31.5 channel on core I =   1.5 from L=   31,  Acc. loss =  0.0 D.
 Elastic phase shift   3 =    0.037   0.009 deg. for the L =   31, J =   31.5 channel.
      31.0  0.99969989  0.00129235i: elastic S-matrix  @@      0.00  0   0 F  0
 Reaction Xsec    31.0+/31 @ 3 =   9.100/, Out:   0.000#   0.000#   0.009f

   S-matrix    4 =    0.99988   0.00047 for L=   33, J=   32.5 channel on core I =   1.5 from L=   33,  Acc. loss =  0.0 D.
 Elastic phase shift   4 =    0.013   0.003 deg. for the L =   33, J =   32.5 channel.
      31.0  0.99988446  0.00046538i: elastic S-matrix  @@      0.00  0   0 F  0
 Reaction Xsec    31.0+/33 @ 4 =   3.510/, Out:   0.000#   0.000#   0.004f


 Total SPIN, PARITY =    31.0 -,      5 chs,      0 cc.  Rmin & Coul turning =    2.5    7.8
   S-matrix    1 =    0.99952   0.00147 for L=   30, J=   29.5 channel on core I =   1.5 from L=   30,  Acc. loss =  0.0 D.
 Elastic phase shift   1 =    0.042   0.014 deg. for the L =   30, J =   29.5 channel.
      31.0  0.99951773  0.00147216i: elastic S-matrix  @@      0.00  0   0 F  0
 Reaction Xsec    31.0-/30 @ 1 =   0.015 , Out:   0.000#   0.033#   0.015f

   S-matrix    2 =    0.99952   0.00193 for L=   30, J=   30.5 channel on core I =   1.5 from L=   30,  Acc. loss =  0.0 D.
 Elastic phase shift   2 =    0.055   0.014 deg. for the L =   30, J =   30.5 channel.
      31.0  0.99951666  0.00193499i: elastic S-matrix  @@      0.02  0   0 F  0
 Reaction Xsec    31.0-/30 @ 2 =   0.015 , Out:   0.000#   0.012#   0.015f

   S-matrix    3 =    0.99981   0.00068 for L=   32, J=   31.5 channel on core I =   1.5 from L=   32,  Acc. loss =  0.0 D.
 Elastic phase shift   3 =    0.020   0.005 deg. for the L =   32, J =   31.5 channel.
      31.0  0.99981389  0.00068419i: elastic S-matrix  @@      0.00  0   0 F  0
 Reaction Xsec    31.0-/32 @ 3 =   5.652/, Out:   0.000#   0.005#   0.006f

   S-matrix    4 =    0.99981   0.00086 for L=   32, J=   32.5 channel on core I =   1.5 from L=   32,  Acc. loss =  0.0 D.
 Elastic phase shift   4 =    0.025   0.005 deg. for the L =   32, J =   32.5 channel.
      31.0  0.99981370  0.00086320i: elastic S-matrix  @@      0.02  0   0 F  0
 Reaction Xsec    31.0-/32 @ 4 =   5.654/, Out:   0.000#   0.015#   0.006f


 Total SPIN, PARITY =    32.0 +,      5 chs,      0 cc.  Rmin & Coul turning =    2.6    8.1
   S-matrix    1 =    0.99970   0.00100 for L=   31, J=   30.5 channel on core I =   1.5 from L=   31,  Acc. loss =  0.0 D.
 Elastic phase shift   1 =    0.029   0.009 deg. for the L =   31, J =   30.5 channel.
      32.0  0.99970034  0.00100445i: elastic S-matrix  @@      0.02  0   0 F  0
 Reaction Xsec    32.0+/31 @ 1 =   9.385/, Out:   0.000#   0.011#   0.009f

   S-matrix    2 =    0.99970   0.00129 for L=   31, J=   31.5 channel on core I =   1.5 from L=   31,  Acc. loss =  0.0 D.
 Elastic phase shift   2 =    0.037   0.009 deg. for the L =   31, J =   31.5 channel.
      32.0  0.99969989  0.00129235i: elastic S-matrix  @@      0.00  0   0 F  0
 Reaction Xsec    32.0+/31 @ 2 =   9.389/, Out:   0.000#   0.004#   0.009f

   S-matrix    3 =    0.99988   0.00047 for L=   33, J=   32.5 channel on core I =   1.5 from L=   33,  Acc. loss =  0.0 D.
 Elastic phase shift   3 =    0.013   0.003 deg. for the L =   33, J =   32.5 channel.
      32.0  0.99988446  0.00046538i: elastic S-matrix  @@      0.00  0   0 F  0
 Reaction Xsec    32.0+/33 @ 3 =   3.622/, Out:   0.000#   0.000#   0.004f

   S-matrix    4 =    0.99988   0.00058 for L=   33, J=   33.5 channel on core I =   1.5 from L=   33,  Acc. loss =  0.0 D.
 Elastic phase shift   4 =    0.017   0.003 deg. for the L =   33, J =   33.5 channel.
      32.0  0.99988438  0.00057663i: elastic S-matrix  @@      0.02  0   0 F  0
 Reaction Xsec    32.0+/33 @ 4 =   3.622/, Out:   0.000#   0.001#   0.004f


 Total SPIN, PARITY =    32.0 -,      4 chs,      0 cc.  Rmin & Coul turning =    2.6    8.1
   S-matrix    1 =    0.99952   0.00193 for L=   30, J=   30.5 channel on core I =   1.5 from L=   30,  Acc. loss =  0.0 D.
 Elastic phase shift   1 =    0.055   0.014 deg. for the L =   30, J =   30.5 channel.
      32.0  0.99951666  0.00193499i: elastic S-matrix  @@      0.00  0   0 F  0
 Reaction Xsec    32.0-/30 @ 1 =   0.015 , Out:   0.000#   0.000#   0.015f

   S-matrix    2 =    0.99981   0.00068 for L=   32, J=   31.5 channel on core I =   1.5 from L=   32,  Acc. loss =  0.0 D.
 Elastic phase shift   2 =    0.020   0.005 deg. for the L =   32, J =   31.5 channel.
      32.0  0.99981389  0.00068419i: elastic S-matrix  @@      0.00  0   0 F  0
 Reaction Xsec    32.0-/32 @ 2 =   5.832/, Out:   0.000#   0.000#   0.006f

   S-matrix    3 =    0.99981   0.00086 for L=   32, J=   32.5 channel on core I =   1.5 from L=   32,  Acc. loss =  0.0 D.
 Elastic phase shift   3 =    0.025   0.005 deg. for the L =   32, J =   32.5 channel.
      32.0  0.99981370  0.00086320i: elastic S-matrix  @@      0.00  0   0 F  0
 Reaction Xsec    32.0-/32 @ 3 =   5.833/, Out:   0.000#   0.000#   0.006f

   S-matrix    4 =    0.99993   0.00032 for L=   34, J=   33.5 channel on core I =   1.5 from L=   34,  Acc. loss =  0.0 D.
 Elastic phase shift   4 =    0.009   0.002 deg. for the L =   34, J =   33.5 channel.
      32.0  0.99992829  0.00031617i: elastic S-matrix  @@      0.00  0   0 F  0
 Reaction Xsec    32.0-/34 @ 4 =   2.248/, Out:   0.000#   0.000#   0.002f


 Total SPIN, PARITY =    33.0 +,      4 chs,      0 cc.  Rmin & Coul turning =    2.6    8.3
   S-matrix    1 =    0.99970   0.00129 for L=   31, J=   31.5 channel on core I =   1.5 from L=   31,  Acc. loss =  0.0 D.
 Elastic phase shift   1 =    0.037   0.009 deg. for the L =   31, J =   31.5 channel.
      33.0  0.99969989  0.00129235i: elastic S-matrix  @@      0.00  0   0 F  0
 Reaction Xsec    33.0+/31 @ 1 =   9.678/, Out:   0.000#   0.000#   0.010f

   S-matrix    2 =    0.99988   0.00047 for L=   33, J=   32.5 channel on core I =   1.5 from L=   33,  Acc. loss =  0.0 D.
 Elastic phase shift   2 =    0.013   0.003 deg. for the L =   33, J =   32.5 channel.
      33.0  0.99988446  0.00046538i: elastic S-matrix  @@      0.00  0   0 F  0
 Reaction Xsec    33.0+/33 @ 2 =   3.733/, Out:   0.000#   0.000#   0.004f

   S-matrix    3 =    0.99988   0.00058 for L=   33, J=   33.5 channel on core I =   1.5 from L=   33,  Acc. loss =  0.0 D.
 Elastic phase shift   3 =    0.017   0.003 deg. for the L =   33, J =   33.5 channel.
      33.0  0.99988438  0.00057663i: elastic S-matrix  @@      0.00  0   0 F  0
 Reaction Xsec    33.0+/33 @ 3 =   3.734/, Out:   0.000#   0.000#   0.004f

   S-matrix    4 =    0.99996   0.00021 for L=   35, J=   34.5 channel on core I =   1.5 from L=   35,  Acc. loss =  0.0 D.
 Elastic phase shift   4 =    0.006   0.001 deg. for the L =   35, J =   34.5 channel.
      33.0  0.99995552  0.00021455i: elastic S-matrix  @@      0.00  0   0 F  0
 Reaction Xsec    33.0+/35 @ 4 =   1.438/, Out:   0.000#   0.000#   0.001f


 Total SPIN, PARITY =    33.0 -,      5 chs,      0 cc.  Rmin & Coul turning =    2.6    8.3
   S-matrix    1 =    0.99981   0.00068 for L=   32, J=   31.5 channel on core I =   1.5 from L=   32,  Acc. loss =  0.0 D.
 Elastic phase shift   1 =    0.020   0.005 deg. for the L =   32, J =   31.5 channel.
      33.0  0.99981389  0.00068419i: elastic S-matrix  @@      0.02  0   0 F  0
 Reaction Xsec    33.0-/32 @ 1 =   6.011/, Out:   0.000#   0.012#   0.006f

   S-matrix    2 =    0.99981   0.00086 for L=   32, J=   32.5 channel on core I =   1.5 from L=   32,  Acc. loss =  0.0 D.
 Elastic phase shift   2 =    0.025   0.005 deg. for the L =   32, J =   32.5 channel.
      33.0  0.99981370  0.00086320i: elastic S-matrix  @@      0.00  0   0 F  0
 Reaction Xsec    33.0-/32 @ 2 =   6.013/, Out:   0.000#   0.004#   0.006f

   S-matrix    3 =    0.99993   0.00032 for L=   34, J=   33.5 channel on core I =   1.5 from L=   34,  Acc. loss =  0.0 D.
 Elastic phase shift   3 =    0.009   0.002 deg. for the L =   34, J =   33.5 channel.
      33.0  0.99992829  0.00031617i: elastic S-matrix  @@      0.00  0   0 F  0
 Reaction Xsec    33.0-/34 @ 3 =   2.317/, Out:   0.000#   0.000#   0.002f

   S-matrix    4 =    0.99993   0.00039 for L=   34, J=   34.5 channel on core I =   1.5 from L=   34,  Acc. loss =  0.0 D.
 Elastic phase shift   4 =    0.011   0.002 deg. for the L =   34, J =   34.5 channel.
      33.0  0.99992826  0.00038528i: elastic S-matrix  @@      0.02  0   0 F  0
 Reaction Xsec    33.0-/34 @ 4 =   2.318/, Out:   0.000#   0.001#   0.002f


 Total SPIN, PARITY =    34.0 +,      5 chs,      0 cc.  Rmin & Coul turning =    2.7    8.6
   S-matrix    1 =    0.99988   0.00047 for L=   33, J=   32.5 channel on core I =   1.5 from L=   33,  Acc. loss =  0.0 D.
 Elastic phase shift   1 =    0.013   0.003 deg. for the L =   33, J =   32.5 channel.
      34.0  0.99988446  0.00046538i: elastic S-matrix  @@      0.02  0   0 F  0
 Reaction Xsec    34.0+/33 @ 1 =   3.845/, Out:   0.000#   0.006#   0.004f

   S-matrix    2 =    0.99988   0.00058 for L=   33, J=   33.5 channel on core I =   1.5 from L=   33,  Acc. loss =  0.0 D.
 Elastic phase shift   2 =    0.017   0.003 deg. for the L =   33, J =   33.5 channel.
      34.0  0.99988438  0.00057663i: elastic S-matrix  @@      0.00  0   0 F  0
 Reaction Xsec    34.0+/33 @ 2 =   3.845/, Out:   0.000#   0.002#   0.004f

   S-matrix    3 =    0.99996   0.00021 for L=   35, J=   34.5 channel on core I =   1.5 from L=   35,  Acc. loss =  0.0 D.
 Elastic phase shift   3 =    0.006   0.001 deg. for the L =   35, J =   34.5 channel.
      34.0  0.99995552  0.00021455i: elastic S-matrix  @@      0.00  0   0 F  0
 Reaction Xsec    34.0+/35 @ 3 =   1.481/, Out:   0.000#   0.001#   0.001f

   S-matrix    4 =    0.99996   0.00026 for L=   35, J=   35.5 channel on core I =   1.5 from L=   35,  Acc. loss =  0.0 D.
 Elastic phase shift   4 =    0.007   0.001 deg. for the L =   35, J =   35.5 channel.
      34.0  0.99995550  0.00025746i: elastic S-matrix  @@      0.02  0   0 F  0
 Reaction Xsec    34.0+/35 @ 4 =   1.481/, Out:   0.000#   0.005#   0.001f


 Total SPIN, PARITY =    34.0 -,      4 chs,      0 cc.  Rmin & Coul turning =    2.7    8.6
   S-matrix    1 =    0.99981   0.00086 for L=   32, J=   32.5 channel on core I =   1.5 from L=   32,  Acc. loss =  0.0 D.
 Elastic phase shift   1 =    0.025   0.005 deg. for the L =   32, J =   32.5 channel.
      34.0  0.99981370  0.00086320i: elastic S-matrix  @@      0.00  0   0 F  0
 Reaction Xsec    34.0-/32 @ 1 =   6.192/, Out:   0.000#   0.000#   0.006f

   S-matrix    2 =    0.99993   0.00032 for L=   34, J=   33.5 channel on core I =   1.5 from L=   34,  Acc. loss =  0.0 D.
 Elastic phase shift   2 =    0.009   0.002 deg. for the L =   34, J =   33.5 channel.
      34.0  0.99992829  0.00031617i: elastic S-matrix  @@      0.00  0   0 F  0
 Reaction Xsec    34.0-/34 @ 2 =   2.387/, Out:   0.000#   0.000#   0.002f

   S-matrix    3 =    0.99993   0.00039 for L=   34, J=   34.5 channel on core I =   1.5 from L=   34,  Acc. loss =  0.0 D.
 Elastic phase shift   3 =    0.011   0.002 deg. for the L =   34, J =   34.5 channel.
      34.0  0.99992826  0.00038528i: elastic S-matrix  @@      0.00  0   0 F  0
 Reaction Xsec    34.0-/34 @ 3 =   2.387/, Out:   0.000#   0.000#   0.002f

   S-matrix    4 =    0.99997   0.00015 for L=   36, J=   35.5 channel on core I =   1.5 from L=   36,  Acc. loss =  0.0 D.
 Elastic phase shift   4 =    0.004   0.001 deg. for the L =   36, J =   35.5 channel.
      34.0  0.99997241  0.00014549i: elastic S-matrix  @@      0.00  0   0 F  0
 Reaction Xsec    34.0-/36 @ 4 =   0.919/, Out:   0.000#   0.000#   0.001f


 Total SPIN, PARITY =    35.0 +,      4 chs,      0 cc.  Rmin & Coul turning =    2.8    8.8
   S-matrix    1 =    0.99988   0.00058 for L=   33, J=   33.5 channel on core I =   1.5 from L=   33,  Acc. loss =  0.0 D.
 Elastic phase shift   1 =    0.017   0.003 deg. for the L =   33, J =   33.5 channel.
      35.0  0.99988438  0.00057663i: elastic S-matrix  @@      0.00  0   0 F  0
 Reaction Xsec    35.0+/33 @ 1 =   3.957/, Out:   0.000#   0.000#   0.004f

   S-matrix    2 =    0.99996   0.00021 for L=   35, J=   34.5 channel on core I =   1.5 from L=   35,  Acc. loss =  0.0 D.
 Elastic phase shift   2 =    0.006   0.001 deg. for the L =   35, J =   34.5 channel.
      35.0  0.99995552  0.00021455i: elastic S-matrix  @@      0.00  0   0 F  0
 Reaction Xsec    35.0+/35 @ 2 =   1.524/, Out:   0.000#   0.000#   0.002f

   S-matrix    3 =    0.99996   0.00026 for L=   35, J=   35.5 channel on core I =   1.5 from L=   35,  Acc. loss =  0.0 D.
 Elastic phase shift   3 =    0.007   0.001 deg. for the L =   35, J =   35.5 channel.
      35.0  0.99995550  0.00025746i: elastic S-matrix  @@      0.00  0   0 F  0
 Reaction Xsec    35.0+/35 @ 3 =   1.524/, Out:   0.000#   0.000#   0.002f

   S-matrix    4 =    0.99998   0.00010 for L=   37, J=   36.5 channel on core I =   1.5 from L=   37,  Acc. loss =  0.0 D.
 Elastic phase shift   4 =    0.003   0.000 deg. for the L =   37, J =   36.5 channel.
      35.0  0.99998290  0.00009857i: elastic S-matrix  @@      0.00  0   0 F  0
 Reaction Xsec    35.0+/37 @ 4 =   0.586/, Out:   0.000#   0.000#   0.001f


 Total SPIN, PARITY =    35.0 -,      5 chs,      0 cc.  Rmin & Coul turning =    2.8    8.8
   S-matrix    1 =    0.99993   0.00032 for L=   34, J=   33.5 channel on core I =   1.5 from L=   34,  Acc. loss =  0.0 D.
 Elastic phase shift   1 =    0.009   0.002 deg. for the L =   34, J =   33.5 channel.
      35.0  0.99992829  0.00031617i: elastic S-matrix  @@      0.00  0   0 F  0
 Reaction Xsec    35.0-/34 @ 1 =   2.456/, Out:   0.000#   0.001#   0.002f

   S-matrix    2 =    0.99993   0.00039 for L=   34, J=   34.5 channel on core I =   1.5 from L=   34,  Acc. loss =  0.0 D.
 Elastic phase shift   2 =    0.011   0.002 deg. for the L =   34, J =   34.5 channel.
      35.0  0.99992826  0.00038528i: elastic S-matrix  @@      0.02  0   0 F  0
 Reaction Xsec    35.0-/34 @ 2 =   2.456/, Out:   0.000#   0.000#   0.002f

   S-matrix    3 =    0.99997   0.00015 for L=   36, J=   35.5 channel on core I =   1.5 from L=   36,  Acc. loss =  0.0 D.
 Elastic phase shift   3 =    0.004   0.001 deg. for the L =   36, J =   35.5 channel.
      35.0  0.99997241  0.00014549i: elastic S-matrix  @@      0.00  0   0 F  0
 Reaction Xsec    35.0-/36 @ 3 =   0.945/, Out:   0.000#   0.001#   0.001f

   S-matrix    4 =    0.99997   0.00017 for L=   36, J=   36.5 channel on core I =   1.5 from L=   36,  Acc. loss =  0.0 D.
 Elastic phase shift   4 =    0.005   0.001 deg. for the L =   36, J =   36.5 channel.
      35.0  0.99997241  0.00017213i: elastic S-matrix  @@      0.00  0   0 F  0
 Reaction Xsec    35.0-/36 @ 4 =   0.945/, Out:   0.000#   0.004#   0.001f


 Total SPIN, PARITY =    36.0 +,      5 chs,      0 cc.  Rmin & Coul turning =    2.9    9.1
   S-matrix    1 =    0.99996   0.00021 for L=   35, J=   34.5 channel on core I =   1.5 from L=   35,  Acc. loss =  0.0 D.
 Elastic phase shift   1 =    0.006   0.001 deg. for the L =   35, J =   34.5 channel.
      36.0  0.99995552  0.00021455i: elastic S-matrix  @@      0.02  0   0 F  0
 Reaction Xsec    36.0+/35 @ 1 =   1.567/, Out:   0.000#   0.000#   0.002f

   S-matrix    2 =    0.99996   0.00026 for L=   35, J=   35.5 channel on core I =   1.5 from L=   35,  Acc. loss =  0.0 D.
 Elastic phase shift   2 =    0.007   0.001 deg. for the L =   35, J =   35.5 channel.
      36.0  0.99995550  0.00025746i: elastic S-matrix  @@      0.02  0   0 F  0
 Reaction Xsec    36.0+/35 @ 2 =   1.567/, Out:   0.000#   0.000#   0.002f

   S-matrix    3 =    0.99998   0.00010 for L=   37, J=   36.5 channel on core I =   1.5 from L=   37,  Acc. loss =  0.0 D.
 Elastic phase shift   3 =    0.003   0.000 deg. for the L =   37, J =   36.5 channel.
      36.0  0.99998290  0.00009857i: elastic S-matrix  @@      0.00  0   0 F  0
 Reaction Xsec    36.0+/37 @ 3 =   0.603/, Out:   0.000#   0.000#   0.001f

   S-matrix    4 =    0.99998   0.00012 for L=   37, J=   37.5 channel on core I =   1.5 from L=   37,  Acc. loss =  0.0 D.
 Elastic phase shift   4 =    0.003   0.000 deg. for the L =   37, J =   37.5 channel.
      36.0  0.99998289  0.00011510i: elastic S-matrix  @@      0.00  0   0 F  0
 Reaction Xsec    36.0+/37 @ 4 =   0.603/, Out:   0.000#   0.001#   0.001f


 Total SPIN, PARITY =    36.0 -,      4 chs,      0 cc.  Rmin & Coul turning =    2.9    9.1
   S-matrix    1 =    0.99993   0.00039 for L=   34, J=   34.5 channel on core I =   1.5 from L=   34,  Acc. loss =  0.0 D.
 Elastic phase shift   1 =    0.011   0.002 deg. for the L =   34, J =   34.5 channel.
      36.0  0.99992826  0.00038528i: elastic S-matrix  @@      0.00  0   0 F  0
 Reaction Xsec    36.0-/34 @ 1 =   2.525/, Out:   0.000#   0.000#   0.003f

   S-matrix    2 =    0.99997   0.00015 for L=   36, J=   35.5 channel on core I =   1.5 from L=   36,  Acc. loss =  0.0 D.
 Elastic phase shift   2 =    0.004   0.001 deg. for the L =   36, J =   35.5 channel.
      36.0  0.99997241  0.00014549i: elastic S-matrix  @@      0.00  0   0 F  0
 Reaction Xsec    36.0-/36 @ 2 =   0.972/, Out:   0.000#   0.000#   0.001f

   S-matrix    3 =    0.99997   0.00017 for L=   36, J=   36.5 channel on core I =   1.5 from L=   36,  Acc. loss =  0.0 D.
 Elastic phase shift   3 =    0.005   0.001 deg. for the L =   36, J =   36.5 channel.
      36.0  0.99997241  0.00017213i: elastic S-matrix  @@      0.00  0   0 F  0
 Reaction Xsec    36.0-/36 @ 3 =   0.972/, Out:   0.000#   0.000#   0.001f

   S-matrix    4 =    0.99999   0.00007 for L=   38, J=   37.5 channel on core I =   1.5 from L=   38,  Acc. loss =  0.0 D.
 Elastic phase shift   4 =    0.002   0.000 deg. for the L =   38, J =   37.5 channel.
      36.0  0.99998940  0.00006676i: elastic S-matrix  @@      0.00  0   0 F  0
 Reaction Xsec    36.0-/38 @ 4 =   0.373/, Out:   0.000#   0.000#   0.000f


 Total SPIN, PARITY =    37.0 +,      4 chs,      0 cc.  Rmin & Coul turning =    3.0    9.3
   S-matrix    1 =    0.99996   0.00026 for L=   35, J=   35.5 channel on core I =   1.5 from L=   35,  Acc. loss =  0.0 D.
 Elastic phase shift   1 =    0.007   0.001 deg. for the L =   35, J =   35.5 channel.
      37.0  0.99995550  0.00025746i: elastic S-matrix  @@      0.00  0   0 F  0
 Reaction Xsec    37.0+/35 @ 1 =   1.610/, Out:   0.000#   0.000#   0.002f

   S-matrix    2 =    0.99998   0.00010 for L=   37, J=   36.5 channel on core I =   1.5 from L=   37,  Acc. loss =  0.0 D.
 Elastic phase shift   2 =    0.003   0.000 deg. for the L =   37, J =   36.5 channel.
      37.0  0.99998290  0.00009857i: elastic S-matrix  @@      0.00  0   0 F  0
 Reaction Xsec    37.0+/37 @ 2 =   0.619/, Out:   0.000#   0.000#   0.001f

   S-matrix    3 =    0.99998   0.00012 for L=   37, J=   37.5 channel on core I =   1.5 from L=   37,  Acc. loss =  0.0 D.
 Elastic phase shift   3 =    0.003   0.000 deg. for the L =   37, J =   37.5 channel.
      37.0  0.99998289  0.00011510i: elastic S-matrix  @@      0.00  0   0 F  0
 Reaction Xsec    37.0+/37 @ 3 =   0.619/, Out:   0.000#   0.000#   0.001f

   S-matrix    4 =    0.99999   0.00005 for L=   39, J=   38.5 channel on core I =   1.5 from L=   39,  Acc. loss =  0.0 D.
 Elastic phase shift   4 =    0.001   0.000 deg. for the L =   39, J =   38.5 channel.
      37.0  0.99999343  0.00004522i: elastic S-matrix  @@      0.00  0   0 F  0
 Reaction Xsec    37.0+/39 @ 4 =   0.238/, Out:   0.000#   0.000#   0.000f


 Total SPIN, PARITY =    37.0 -,      5 chs,      0 cc.  Rmin & Coul turning =    3.0    9.3
   S-matrix    1 =    0.99997   0.00015 for L=   36, J=   35.5 channel on core I =   1.5 from L=   36,  Acc. loss =  0.0 D.
 Elastic phase shift   1 =    0.004   0.001 deg. for the L =   36, J =   35.5 channel.
      37.0  0.99997241  0.00014549i: elastic S-matrix  @@      0.02  0   0 F  0
 Reaction Xsec    37.0-/36 @ 1 =   0.998/, Out:   0.000#   0.000#   0.001f

   S-matrix    2 =    0.99997   0.00017 for L=   36, J=   36.5 channel on core I =   1.5 from L=   36,  Acc. loss =  0.0 D.
 Elastic phase shift   2 =    0.005   0.001 deg. for the L =   36, J =   36.5 channel.
      37.0  0.99997241  0.00017213i: elastic S-matrix  @@      0.02  0   0 F  0
 Reaction Xsec    37.0-/36 @ 2 =   0.998/, Out:   0.000#   0.000#   0.001f

   S-matrix    3 =    0.99999   0.00007 for L=   38, J=   37.5 channel on core I =   1.5 from L=   38,  Acc. loss =  0.0 D.
 Elastic phase shift   3 =    0.002   0.000 deg. for the L =   38, J =   37.5 channel.
      37.0  0.99998940  0.00006676i: elastic S-matrix  @@      0.00  0   0 F  0
 Reaction Xsec    37.0-/38 @ 3 =   0.384/, Out:   0.000#   0.000#   0.000f

   S-matrix    4 =    0.99999   0.00008 for L=   38, J=   38.5 channel on core I =   1.5 from L=   38,  Acc. loss =  0.0 D.
 Elastic phase shift   4 =    0.002   0.000 deg. for the L =   38, J =   38.5 channel.
      37.0  0.99998940  0.00007701i: elastic S-matrix  @@      0.02  0   0 F  0
 Reaction Xsec    37.0-/38 @ 4 =   0.384/, Out:   0.000#   0.000#   0.000f


 Total SPIN, PARITY =    38.0 +,      5 chs,      0 cc.  Rmin & Coul turning =    3.0    9.5
   S-matrix    1 =    0.99998   0.00010 for L=   37, J=   36.5 channel on core I =   1.5 from L=   37,  Acc. loss =  0.0 D.
 Elastic phase shift   1 =    0.003   0.000 deg. for the L =   37, J =   36.5 channel.
      38.0  0.99998290  0.00009857i: elastic S-matrix  @@      0.02  0   0 F  0
 Reaction Xsec    38.0+/37 @ 1 =   0.636/, Out:   0.000#   0.000#   0.001f

   S-matrix    2 =    0.99998   0.00012 for L=   37, J=   37.5 channel on core I =   1.5 from L=   37,  Acc. loss =  0.0 D.
 Elastic phase shift   2 =    0.003   0.000 deg. for the L =   37, J =   37.5 channel.
      38.0  0.99998289  0.00011510i: elastic S-matrix  @@      0.00  0   0 F  0
 Reaction Xsec    38.0+/37 @ 2 =   0.636/, Out:   0.000#   0.000#   0.001f

   S-matrix    3 =    0.99999   0.00005 for L=   39, J=   38.5 channel on core I =   1.5 from L=   39,  Acc. loss =  0.0 D.
 Elastic phase shift   3 =    0.001   0.000 deg. for the L =   39, J =   38.5 channel.
      38.0  0.99999343  0.00004522i: elastic S-matrix  @@      0.00  0   0 F  0
 Reaction Xsec    38.0+/39 @ 3 =   0.244/, Out:   0.000#   0.000#   0.000f

   S-matrix    4 =    0.99999   0.00005 for L=   39, J=   39.5 channel on core I =   1.5 from L=   39,  Acc. loss =  0.0 D.
 Elastic phase shift   4 =    0.001   0.000 deg. for the L =   39, J =   39.5 channel.
      38.0  0.99999343  0.00005157i: elastic S-matrix  @@      0.02  0   0 F  0
 Reaction Xsec    38.0+/39 @ 4 =   0.244/, Out:   0.000#   0.000#   0.000f


 Total SPIN, PARITY =    38.0 -,      4 chs,      0 cc.  Rmin & Coul turning =    3.0    9.5
   S-matrix    1 =    0.99997   0.00017 for L=   36, J=   36.5 channel on core I =   1.5 from L=   36,  Acc. loss =  0.0 D.
 Elastic phase shift   1 =    0.005   0.001 deg. for the L =   36, J =   36.5 channel.
      38.0  0.99997241  0.00017213i: elastic S-matrix  @@      0.00  0   0 F  0
 Reaction Xsec    38.0-/36 @ 1 =   1.025/, Out:   0.000#   0.000#   0.001f

   S-matrix    2 =    0.99999   0.00007 for L=   38, J=   37.5 channel on core I =   1.5 from L=   38,  Acc. loss =  0.0 D.
 Elastic phase shift   2 =    0.002   0.000 deg. for the L =   38, J =   37.5 channel.
      38.0  0.99998940  0.00006676i: elastic S-matrix  @@      0.00  0   0 F  0
 Reaction Xsec    38.0-/38 @ 2 =   0.394/, Out:   0.000#   0.000#   0.000f

   S-matrix    3 =    0.99999   0.00008 for L=   38, J=   38.5 channel on core I =   1.5 from L=   38,  Acc. loss =  0.0 D.
 Elastic phase shift   3 =    0.002   0.000 deg. for the L =   38, J =   38.5 channel.
      38.0  0.99998940  0.00007701i: elastic S-matrix  @@      0.00  0   0 F  0
 Reaction Xsec    38.0-/38 @ 3 =   0.394/, Out:   0.000#   0.000#   0.000f

   S-matrix    4 =    1.00000   0.00003 for L=   40, J=   39.5 channel on core I =   1.5 from L=   40,  Acc. loss =  0.0 D.
 Elastic phase shift   4 =    0.001   0.000 deg. for the L =   40, J =   39.5 channel.
      38.0  0.99999593  0.00003060i: elastic S-matrix  @@      0.00  0   0 F  0
 Reaction Xsec    38.0-/40 @ 4 =   0.151/, Out:   0.000#   0.000#   0.000f


 Total SPIN, PARITY =    39.0 +,      4 chs,      0 cc.  Rmin & Coul turning =    3.1    9.8
   S-matrix    1 =    0.99998   0.00012 for L=   37, J=   37.5 channel on core I =   1.5 from L=   37,  Acc. loss =  0.0 D.
 Elastic phase shift   1 =    0.003   0.000 deg. for the L =   37, J =   37.5 channel.
      39.0  0.99998289  0.00011510i: elastic S-matrix  @@      0.00  0   0 F  0
 Reaction Xsec    39.0+/37 @ 1 =   0.652/, Out:   0.000#   0.000#   0.001f

   S-matrix    2 =    0.99999   0.00005 for L=   39, J=   38.5 channel on core I =   1.5 from L=   39,  Acc. loss =  0.0 D.
 Elastic phase shift   2 =    0.001   0.000 deg. for the L =   39, J =   38.5 channel.
      39.0  0.99999343  0.00004522i: elastic S-matrix  @@      0.00  0   0 F  0
 Reaction Xsec    39.0+/39 @ 2 =   0.250/, Out:   0.000#   0.000#   0.000f

   S-matrix    3 =    0.99999   0.00005 for L=   39, J=   39.5 channel on core I =   1.5 from L=   39,  Acc. loss =  0.0 D.
 Elastic phase shift   3 =    0.001   0.000 deg. for the L =   39, J =   39.5 channel.
      39.0  0.99999343  0.00005157i: elastic S-matrix  @@      0.00  0   0 F  0
 Reaction Xsec    39.0+/39 @ 3 =   0.250/, Out:   0.000#   0.000#   0.000f

   S-matrix    4 =    1.00000   0.00002 for L=   41, J=   40.5 channel on core I =   1.5 from L=   41,  Acc. loss =  0.0 D.
 Elastic phase shift   4 =    0.001   0.000 deg. for the L =   41, J =   40.5 channel.
      39.0  0.99999748  0.00002076i: elastic S-matrix  @@      0.00  0   0 F  0
 Reaction Xsec    39.0+/41 @ 4 =   0.096/, Out:   0.000#   0.000#   0.000f


 Total SPIN, PARITY =    39.0 -,      5 chs,      0 cc.  Rmin & Coul turning =    3.1    9.8
   S-matrix    1 =    0.99999   0.00007 for L=   38, J=   37.5 channel on core I =   1.5 from L=   38,  Acc. loss =  0.0 D.
 Elastic phase shift   1 =    0.002   0.000 deg. for the L =   38, J =   37.5 channel.
      39.0  0.99998940  0.00006676i: elastic S-matrix  @@      0.02  0   0 F  0
 Reaction Xsec    39.0-/38 @ 1 =   0.404/, Out:   0.000#   0.000#   0.000f

   S-matrix    2 =    0.99999   0.00008 for L=   38, J=   38.5 channel on core I =   1.5 from L=   38,  Acc. loss =  0.0 D.
 Elastic phase shift   2 =    0.002   0.000 deg. for the L =   38, J =   38.5 channel.
      39.0  0.99998940  0.00007701i: elastic S-matrix  @@      0.00  0   0 F  0
 Reaction Xsec    39.0-/38 @ 2 =   0.404/, Out:   0.000#   0.000#   0.000f

   S-matrix    3 =    1.00000   0.00003 for L=   40, J=   39.5 channel on core I =   1.5 from L=   40,  Acc. loss =  0.0 D.
 Elastic phase shift   3 =    0.001   0.000 deg. for the L =   40, J =   39.5 channel.
      39.0  0.99999593  0.00003060i: elastic S-matrix  @@      0.00  0   0 F  0
 Reaction Xsec    39.0-/40 @ 3 =   0.155/, Out:   0.000#   0.000#   0.000f

   S-matrix    4 =    1.00000   0.00003 for L=   40, J=   40.5 channel on core I =   1.5 from L=   40,  Acc. loss =  0.0 D.
 Elastic phase shift   4 =    0.001   0.000 deg. for the L =   40, J =   40.5 channel.
      39.0  0.99999593  0.00003454i: elastic S-matrix  @@      0.02  0   0 F  0
 Reaction Xsec    39.0-/40 @ 4 =   0.155/, Out:   0.000#   0.000#   0.000f


 Total SPIN, PARITY =    40.0 +,      5 chs,      0 cc.  Rmin & Coul turning =    3.2   10.0
   S-matrix    1 =    0.99999   0.00005 for L=   39, J=   38.5 channel on core I =   1.5 from L=   39,  Acc. loss =  0.0 D.
 Elastic phase shift   1 =    0.001   0.000 deg. for the L =   39, J =   38.5 channel.
      40.0  0.99999343  0.00004522i: elastic S-matrix  @@      0.00  0   0 F  0
 Reaction Xsec    40.0+/39 @ 1 =   0.257/, Out:   0.000#   0.000#   0.000f

   S-matrix    2 =    0.99999   0.00005 for L=   39, J=   39.5 channel on core I =   1.5 from L=   39,  Acc. loss =  0.0 D.
 Elastic phase shift   2 =    0.001   0.000 deg. for the L =   39, J =   39.5 channel.
      40.0  0.99999343  0.00005157i: elastic S-matrix  @@      0.02  0   0 F  0
 Reaction Xsec    40.0+/39 @ 2 =   0.257/, Out:   0.000#   0.000#   0.000f

   S-matrix    3 =    1.00000   0.00002 for L=   41, J=   40.5 channel on core I =   1.5 from L=   41,  Acc. loss =  0.0 D.
 Elastic phase shift   3 =    0.001   0.000 deg. for the L =   41, J =   40.5 channel.
      40.0  0.99999748  0.00002076i: elastic S-matrix  @@      0.00  0   0 F  0
 Reaction Xsec    40.0+/41 @ 3 =   0.099/, Out:   0.000#   0.000#   0.000f

   S-matrix    4 =    1.00000   0.00002 for L=   41, J=   41.5 channel on core I =   1.5 from L=   41,  Acc. loss =  0.0 D.
 Elastic phase shift   4 =    0.001   0.000 deg. for the L =   41, J =   41.5 channel.
      40.0  0.99999748  0.00002320i: elastic S-matrix  @@      0.00  0   0 F  0
 Reaction Xsec    40.0+/41 @ 4 =   0.099/, Out:   0.000#   0.000#   0.000f


 Total SPIN, PARITY =    40.0 -,      4 chs,      0 cc.  Rmin & Coul turning =    3.2   10.0
   S-matrix    1 =    0.99999   0.00008 for L=   38, J=   38.5 channel on core I =   1.5 from L=   38,  Acc. loss =  0.0 D.
 Elastic phase shift   1 =    0.002   0.000 deg. for the L =   38, J =   38.5 channel.
      40.0  0.99998940  0.00007701i: elastic S-matrix  @@      0.02  0   0 F  0
 Reaction Xsec    40.0-/38 @ 1 =   0.414/, Out:   0.000#   0.000#   0.000f

   S-matrix    2 =    1.00000   0.00003 for L=   40, J=   39.5 channel on core I =   1.5 from L=   40,  Acc. loss =  0.0 D.
 Elastic phase shift   2 =    0.001   0.000 deg. for the L =   40, J =   39.5 channel.
      40.0  0.99999593  0.00003060i: elastic S-matrix  @@      0.00  0   0 F  0
 Reaction Xsec    40.0-/40 @ 2 =   0.159/, Out:   0.000#   0.000#   0.000f

   S-matrix    3 =    1.00000   0.00003 for L=   40, J=   40.5 channel on core I =   1.5 from L=   40,  Acc. loss =  0.0 D.
 Elastic phase shift   3 =    0.001   0.000 deg. for the L =   40, J =   40.5 channel.
      40.0  0.99999593  0.00003454i: elastic S-matrix  @@      0.00  0   0 F  0
 Reaction Xsec    40.0-/40 @ 3 =   0.159/, Out:   0.000#   0.000#   0.000f

   S-matrix    4 =    1.00000   0.00001 for L=   42, J=   41.5 channel on core I =   1.5 from L=   42,  Acc. loss =  0.0 D.
 Elastic phase shift   4 =    0.000   0.000 deg. for the L =   42, J =   41.5 channel.
      40.0  0.99999844  0.00001407i: elastic S-matrix  @@      0.00  0   0 F  0
 Reaction Xsec    40.0-/42 @ 4 =   0.061/, Out:   0.000#   0.000#   0.000f


 Total SPIN, PARITY =    41.0 +,      4 chs,      0 cc.  Rmin & Coul turning =    3.2   10.3
   S-matrix    1 =    0.99999   0.00005 for L=   39, J=   39.5 channel on core I =   1.5 from L=   39,  Acc. loss =  0.0 D.
 Elastic phase shift   1 =    0.001   0.000 deg. for the L =   39, J =   39.5 channel.
      41.0  0.99999343  0.00005157i: elastic S-matrix  @@      0.00  0   0 F  0
 Reaction Xsec    41.0+/39 @ 1 =   0.263/, Out:   0.000#   0.000#   0.000f

   S-matrix    2 =    1.00000   0.00002 for L=   41, J=   40.5 channel on core I =   1.5 from L=   41,  Acc. loss =  0.0 D.
 Elastic phase shift   2 =    0.001   0.000 deg. for the L =   41, J =   40.5 channel.
      41.0  0.99999748  0.00002076i: elastic S-matrix  @@      0.00  0   0 F  0
 Reaction Xsec    41.0+/41 @ 2 =   0.101/, Out:   0.000#   0.000#   0.000f

   S-matrix    3 =    1.00000   0.00002 for L=   41, J=   41.5 channel on core I =   1.5 from L=   41,  Acc. loss =  0.0 D.
 Elastic phase shift   3 =    0.001   0.000 deg. for the L =   41, J =   41.5 channel.
      41.0  0.99999748  0.00002320i: elastic S-matrix  @@      0.00  0   0 F  0
 Reaction Xsec    41.0+/41 @ 3 =   0.101/, Out:   0.000#   0.000#   0.000f

   S-matrix    4 =    1.00000   0.00001 for L=   43, J=   42.5 channel on core I =   1.5 from L=   43,  Acc. loss =  0.0 D.
 Elastic phase shift   4 =    0.000   0.000 deg. for the L =   43, J =   42.5 channel.
      41.0  0.99999903  0.00000956i: elastic S-matrix  @@      0.00  0   0 F  0
 Reaction Xsec    41.0+/43 @ 4 =   0.039/, Out:   0.000#   0.000#   0.000f


 Total SPIN, PARITY =    41.0 -,      5 chs,      0 cc.  Rmin & Coul turning =    3.2   10.3
   S-matrix    1 =    1.00000   0.00003 for L=   40, J=   39.5 channel on core I =   1.5 from L=   40,  Acc. loss =  0.0 D.
 Elastic phase shift   1 =    0.001   0.000 deg. for the L =   40, J =   39.5 channel.
      41.0  0.99999593  0.00003060i: elastic S-matrix  @@      0.00  0   0 F  0
 Reaction Xsec    41.0-/40 @ 1 =   0.163/, Out:   0.000#   0.000#   0.000f

   S-matrix    2 =    1.00000   0.00003 for L=   40, J=   40.5 channel on core I =   1.5 from L=   40,  Acc. loss =  0.0 D.
 Elastic phase shift   2 =    0.001   0.000 deg. for the L =   40, J =   40.5 channel.
      41.0  0.99999593  0.00003454i: elastic S-matrix  @@      0.02  0   0 F  0
 Reaction Xsec    41.0-/40 @ 2 =   0.163/, Out:   0.000#   0.000#   0.000f

   S-matrix    3 =    1.00000   0.00001 for L=   42, J=   41.5 channel on core I =   1.5 from L=   42,  Acc. loss =  0.0 D.
 Elastic phase shift   3 =    0.000   0.000 deg. for the L =   42, J =   41.5 channel.
      41.0  0.99999844  0.00001407i: elastic S-matrix  @@      0.00  0   0 F  0
 Reaction Xsec    41.0-/42 @ 3 =   0.063/, Out:   0.000#   0.000#   0.000f

   S-matrix    4 =    1.00000   0.00002 for L=   42, J=   42.5 channel on core I =   1.5 from L=   42,  Acc. loss =  0.0 D.
 Elastic phase shift   4 =    0.000   0.000 deg. for the L =   42, J =   42.5 channel.
      41.0  0.99999844  0.00001558i: elastic S-matrix  @@      0.00  0   0 F  0
 Reaction Xsec    41.0-/42 @ 4 =   0.063/, Out:   0.000#   0.000#   0.000f


 Total SPIN, PARITY =    42.0 +,      5 chs,      0 cc.  Rmin & Coul turning =    3.4   10.5
   S-matrix    1 =    1.00000   0.00002 for L=   41, J=   40.5 channel on core I =   1.5 from L=   41,  Acc. loss =  0.0 D.
 Elastic phase shift   1 =    0.001   0.000 deg. for the L =   41, J =   40.5 channel.
      42.0  0.99999748  0.00002076i: elastic S-matrix  @@      0.02  0   0 F  0
 Reaction Xsec    42.0+/41 @ 1 =   0.103/, Out:   0.000#   0.000#   0.000f

   S-matrix    2 =    1.00000   0.00002 for L=   41, J=   41.5 channel on core I =   1.5 from L=   41,  Acc. loss =  0.0 D.
 Elastic phase shift   2 =    0.001   0.000 deg. for the L =   41, J =   41.5 channel.
      42.0  0.99999748  0.00002320i: elastic S-matrix  @@      0.02  0   0 F  0
 Reaction Xsec    42.0+/41 @ 2 =   0.103/, Out:   0.000#   0.000#   0.000f

   S-matrix    3 =    1.00000   0.00001 for L=   43, J=   42.5 channel on core I =   1.5 from L=   43,  Acc. loss =  0.0 D.
 Elastic phase shift   3 =    0.000   0.000 deg. for the L =   43, J =   42.5 channel.
      42.0  0.99999903  0.00000956i: elastic S-matrix  @@      0.00  0   0 F  0
 Reaction Xsec    42.0+/43 @ 3 =   0.040/, Out:   0.000#   0.000#   0.000f

   S-matrix    4 =    1.00000   0.00001 for L=   43, J=   43.5 channel on core I =   1.5 from L=   43,  Acc. loss =  0.0 D.
 Elastic phase shift   4 =    0.000   0.000 deg. for the L =   43, J =   43.5 channel.
      42.0  0.99999903  0.00001049i: elastic S-matrix  @@      0.00  0   0 F  0
 Reaction Xsec    42.0+/43 @ 4 =   0.040/, Out:   0.000#   0.000#   0.000f


 Total SPIN, PARITY =    42.0 -,      4 chs,      0 cc.  Rmin & Coul turning =    3.4   10.5
   S-matrix    1 =    1.00000   0.00003 for L=   40, J=   40.5 channel on core I =   1.5 from L=   40,  Acc. loss =  0.0 D.
 Elastic phase shift   1 =    0.001   0.000 deg. for the L =   40, J =   40.5 channel.
      42.0  0.99999593  0.00003454i: elastic S-matrix  @@      0.00  0   0 F  0
 Reaction Xsec    42.0-/40 @ 1 =   0.167/, Out:   0.000#   0.000#   0.000f

   S-matrix    2 =    1.00000   0.00001 for L=   42, J=   41.5 channel on core I =   1.5 from L=   42,  Acc. loss =  0.0 D.
 Elastic phase shift   2 =    0.000   0.000 deg. for the L =   42, J =   41.5 channel.
      42.0  0.99999844  0.00001407i: elastic S-matrix  @@      0.00  0   0 F  0
 Reaction Xsec    42.0-/42 @ 2 =   0.064/, Out:   0.000#   0.000#   0.000f

   S-matrix    3 =    1.00000   0.00002 for L=   42, J=   42.5 channel on core I =   1.5 from L=   42,  Acc. loss =  0.0 D.
 Elastic phase shift   3 =    0.000   0.000 deg. for the L =   42, J =   42.5 channel.
      42.0  0.99999844  0.00001558i: elastic S-matrix  @@      0.00  0   0 F  0
 Reaction Xsec    42.0-/42 @ 3 =   0.064/, Out:   0.000#   0.000#   0.000f

   S-matrix    4 =    1.00000   0.00001 for L=   44, J=   43.5 channel on core I =   1.5 from L=   44,  Acc. loss =  0.0 D.
 Elastic phase shift   4 =    0.000   0.000 deg. for the L =   44, J =   43.5 channel.
      42.0  0.99999940  0.00000654i: elastic S-matrix  @@      0.00  0   0 F  0
 Reaction Xsec    42.0-/44 @ 4 =   0.025/, Out:   0.000#   0.000#   0.000f


 Total SPIN, PARITY =    43.0 +,      4 chs,      0 cc.  Rmin & Coul turning =    3.4   10.8
   S-matrix    1 =    1.00000   0.00002 for L=   41, J=   41.5 channel on core I =   1.5 from L=   41,  Acc. loss =  0.0 D.
 Elastic phase shift   1 =    0.001   0.000 deg. for the L =   41, J =   41.5 channel.
      43.0  0.99999748  0.00002320i: elastic S-matrix  @@      0.00  0   0 F  0
 Reaction Xsec    43.0+/41 @ 1 =   0.106/, Out:   0.000#   0.000#   0.000f

   S-matrix    2 =    1.00000   0.00001 for L=   43, J=   42.5 channel on core I =   1.5 from L=   43,  Acc. loss =  0.0 D.
 Elastic phase shift   2 =    0.000   0.000 deg. for the L =   43, J =   42.5 channel.
      43.0  0.99999903  0.00000956i: elastic S-matrix  @@      0.00  0   0 F  0
 Reaction Xsec    43.0+/43 @ 2 =   0.041/, Out:   0.000#   0.000#   0.000f

   S-matrix    3 =    1.00000   0.00001 for L=   43, J=   43.5 channel on core I =   1.5 from L=   43,  Acc. loss =  0.0 D.
 Elastic phase shift   3 =    0.000   0.000 deg. for the L =   43, J =   43.5 channel.
      43.0  0.99999903  0.00001049i: elastic S-matrix  @@      0.00  0   0 F  0
 Reaction Xsec    43.0+/43 @ 3 =   0.041/, Out:   0.000#   0.000#   0.000f

   S-matrix    4 =    1.00000   0.00000 for L=   45, J=   44.5 channel on core I =   1.5 from L=   45,  Acc. loss =  0.0 D.
 Elastic phase shift   4 =    0.000   0.000 deg. for the L =   45, J =   44.5 channel.
      43.0  0.99999963  0.00000446i: elastic S-matrix  @@      0.00  0   0 F  0
 Reaction Xsec    43.0+/45 @ 4 =   0.016/, Out:   0.000#   0.000#   0.000f


 Total SPIN, PARITY =    43.0 -,      5 chs,      0 cc.  Rmin & Coul turning =    3.4   10.8
   S-matrix    1 =    1.00000   0.00001 for L=   42, J=   41.5 channel on core I =   1.5 from L=   42,  Acc. loss =  0.0 D.
 Elastic phase shift   1 =    0.000   0.000 deg. for the L =   42, J =   41.5 channel.
      43.0  0.99999844  0.00001407i: elastic S-matrix  @@      0.02  0   0 F  0
 Reaction Xsec    43.0-/42 @ 1 =   0.066/, Out:   0.000#   0.000#   0.000f

   S-matrix    2 =    1.00000   0.00002 for L=   42, J=   42.5 channel on core I =   1.5 from L=   42,  Acc. loss =  0.0 D.
 Elastic phase shift   2 =    0.000   0.000 deg. for the L =   42, J =   42.5 channel.
      43.0  0.99999844  0.00001558i: elastic S-matrix  @@      0.02  0   0 F  0
 Reaction Xsec    43.0-/42 @ 2 =   0.066/, Out:   0.000#   0.000#   0.000f

   S-matrix    3 =    1.00000   0.00001 for L=   44, J=   43.5 channel on core I =   1.5 from L=   44,  Acc. loss =  0.0 D.
 Elastic phase shift   3 =    0.000   0.000 deg. for the L =   44, J =   43.5 channel.
      43.0  0.99999940  0.00000654i: elastic S-matrix  @@      0.00  0   0 F  0
 Reaction Xsec    43.0-/44 @ 3 =   0.025/, Out:   0.000#   0.000#   0.000f

   S-matrix    4 =    1.00000   0.00001 for L=   44, J=   44.5 channel on core I =   1.5 from L=   44,  Acc. loss =  0.0 D.
 Elastic phase shift   4 =    0.000   0.000 deg. for the L =   44, J =   44.5 channel.
      43.0  0.99999940  0.00000712i: elastic S-matrix  @@      0.00  0   0 F  0
 Reaction Xsec    43.0-/44 @ 4 =   0.025/, Out:   0.000#   0.000#   0.000f


 Total SPIN, PARITY =    44.0 +,      5 chs,      0 cc.  Rmin & Coul turning =    3.5   11.0
   S-matrix    1 =    1.00000   0.00001 for L=   43, J=   42.5 channel on core I =   1.5 from L=   43,  Acc. loss =  0.0 D.
 Elastic phase shift   1 =    0.000   0.000 deg. for the L =   43, J =   42.5 channel.
      44.0  0.99999903  0.00000956i: elastic S-matrix  @@      0.02  0   0 F  0
 Reaction Xsec    44.0+/43 @ 1 =   0.041/, Out:   0.000#   0.000#   0.000f

   S-matrix    2 =    1.00000   0.00001 for L=   43, J=   43.5 channel on core I =   1.5 from L=   43,  Acc. loss =  0.0 D.
 Elastic phase shift   2 =    0.000   0.000 deg. for the L =   43, J =   43.5 channel.
      44.0  0.99999903  0.00001049i: elastic S-matrix  @@      0.02  0   0 F  0
 Reaction Xsec    44.0+/43 @ 2 =   0.041/, Out:   0.000#   0.000#   0.000f

   S-matrix    3 =    1.00000   0.00000 for L=   45, J=   44.5 channel on core I =   1.5 from L=   45,  Acc. loss =  0.0 D.
 Elastic phase shift   3 =    0.000   0.000 deg. for the L =   45, J =   44.5 channel.
      44.0  0.99999963  0.00000446i: elastic S-matrix  @@      0.00  0   0 F  0
 Reaction Xsec    44.0+/45 @ 3 =   0.016/, Out:   0.000#   0.000#   0.000f

   S-matrix    4 =    1.00000   0.00000 for L=   45, J=   45.5 channel on core I =   1.5 from L=   45,  Acc. loss =  0.0 D.
 Elastic phase shift   4 =    0.000   0.000 deg. for the L =   45, J =   45.5 channel.
      44.0  0.99999963  0.00000481i: elastic S-matrix  @@      0.00  0   0 F  0
 Reaction Xsec    44.0+/45 @ 4 =   0.016/, Out:   0.000#   0.000#   0.000f


 Total SPIN, PARITY =    44.0 -,      4 chs,      0 cc.  Rmin & Coul turning =    3.5   11.0
   S-matrix    1 =    1.00000   0.00002 for L=   42, J=   42.5 channel on core I =   1.5 from L=   42,  Acc. loss =  0.0 D.
 Elastic phase shift   1 =    0.000   0.000 deg. for the L =   42, J =   42.5 channel.
      44.0  0.99999844  0.00001558i: elastic S-matrix  @@      0.00  0   0 F  0
 Reaction Xsec    44.0-/42 @ 1 =   0.067/, Out:   0.000#   0.000#   0.000f

   S-matrix    2 =    1.00000   0.00001 for L=   44, J=   43.5 channel on core I =   1.5 from L=   44,  Acc. loss =  0.0 D.
 Elastic phase shift   2 =    0.000   0.000 deg. for the L =   44, J =   43.5 channel.
      44.0  0.99999940  0.00000654i: elastic S-matrix  @@      0.00  0   0 F  0
 Reaction Xsec    44.0-/44 @ 2 =   0.026/, Out:   0.000#   0.000#   0.000f

   S-matrix    3 =    1.00000   0.00001 for L=   44, J=   44.5 channel on core I =   1.5 from L=   44,  Acc. loss =  0.0 D.
 Elastic phase shift   3 =    0.000   0.000 deg. for the L =   44, J =   44.5 channel.
      44.0  0.99999940  0.00000712i: elastic S-matrix  @@      0.00  0   0 F  0
 Reaction Xsec    44.0-/44 @ 3 =   0.026/, Out:   0.000#   0.000#   0.000f

   S-matrix    4 =    1.00000   0.00000 for L=   46, J=   45.5 channel on core I =   1.5 from L=   46,  Acc. loss =  0.0 D.
 Elastic phase shift   4 =    0.000   0.000 deg. for the L =   46, J =   45.5 channel.
      44.0  0.99999977  0.00000309i: elastic S-matrix  @@      0.00  0   0 F  0
 Reaction Xsec    44.0-/46 @ 4 =   9.823#, Out:   0.000#   0.000#   0.000f


 Total SPIN, PARITY =    45.0 +,      4 chs,      0 cc.  Rmin & Coul turning =    3.6   11.3
   S-matrix    1 =    1.00000   0.00001 for L=   43, J=   43.5 channel on core I =   1.5 from L=   43,  Acc. loss =  0.0 D.
 Elastic phase shift   1 =    0.000   0.000 deg. for the L =   43, J =   43.5 channel.
      45.0  0.99999903  0.00001049i: elastic S-matrix  @@      0.00  0   0 F  0
 Reaction Xsec    45.0+/43 @ 1 =   0.042/, Out:   0.000#   0.000#   0.000f

   S-matrix    2 =    1.00000   0.00000 for L=   45, J=   44.5 channel on core I =   1.5 from L=   45,  Acc. loss =  0.0 D.
 Elastic phase shift   2 =    0.000   0.000 deg. for the L =   45, J =   44.5 channel.
      45.0  0.99999963  0.00000446i: elastic S-matrix  @@      0.00  0   0 F  0
 Reaction Xsec    45.0+/45 @ 2 =   0.016/, Out:   0.000#   0.000#   0.000f

   S-matrix    3 =    1.00000   0.00000 for L=   45, J=   45.5 channel on core I =   1.5 from L=   45,  Acc. loss =  0.0 D.
 Elastic phase shift   3 =    0.000   0.000 deg. for the L =   45, J =   45.5 channel.
      45.0  0.99999963  0.00000481i: elastic S-matrix  @@      0.00  0   0 F  0
 Reaction Xsec    45.0+/45 @ 3 =   0.016/, Out:   0.000#   0.000#   0.000f

   S-matrix    4 =    1.00000   0.00000 for L=   47, J=   46.5 channel on core I =   1.5 from L=   47,  Acc. loss =  0.0 D.
 Elastic phase shift   4 =    0.000   0.000 deg. for the L =   47, J =   46.5 channel.
      45.0  0.99999986  0.00000216i: elastic S-matrix  @@      0.00  0   0 F  0
 Reaction Xsec    45.0+/47 @ 4 =   6.211#, Out:   0.000#   0.000#   0.000f


 Total SPIN, PARITY =    45.0 -,      5 chs,      0 cc.  Rmin & Coul turning =    3.6   11.3
   S-matrix    1 =    1.00000   0.00001 for L=   44, J=   43.5 channel on core I =   1.5 from L=   44,  Acc. loss =  0.0 D.
 Elastic phase shift   1 =    0.000   0.000 deg. for the L =   44, J =   43.5 channel.
      45.0  0.99999940  0.00000654i: elastic S-matrix  @@      0.02  0   0 F  0
 Reaction Xsec    45.0-/44 @ 1 =   0.026/, Out:   0.000#   0.000#   0.000f

   S-matrix    2 =    1.00000   0.00001 for L=   44, J=   44.5 channel on core I =   1.5 from L=   44,  Acc. loss =  0.0 D.
 Elastic phase shift   2 =    0.000   0.000 deg. for the L =   44, J =   44.5 channel.
      45.0  0.99999940  0.00000712i: elastic S-matrix  @@      0.02  0   0 F  0
 Reaction Xsec    45.0-/44 @ 2 =   0.026/, Out:   0.000#   0.000#   0.000f

   S-matrix    3 =    1.00000   0.00000 for L=   46, J=   45.5 channel on core I =   1.5 from L=   46,  Acc. loss =  0.0 D.
 Elastic phase shift   3 =    0.000   0.000 deg. for the L =   46, J =   45.5 channel.
      45.0  0.99999977  0.00000309i: elastic S-matrix  @@      0.00  0   0 F  0
 Reaction Xsec    45.0-/46 @ 3 =   0.010/, Out:   0.000#   0.000#   0.000f

   S-matrix    4 =    1.00000   0.00000 for L=   46, J=   46.5 channel on core I =   1.5 from L=   46,  Acc. loss =  0.0 D.
 Elastic phase shift   4 =    0.000   0.000 deg. for the L =   46, J =   46.5 channel.
      45.0  0.99999977  0.00000331i: elastic S-matrix  @@      0.00  0   0 F  0
 Reaction Xsec    45.0-/46 @ 4 =   0.010/, Out:   0.000#   0.000#   0.000f


 Total SPIN, PARITY =    46.0 +,      5 chs,      0 cc.  Rmin & Coul turning =    3.7   11.5
   S-matrix    1 =    1.00000   0.00000 for L=   45, J=   44.5 channel on core I =   1.5 from L=   45,  Acc. loss =  0.0 D.
 Elastic phase shift   1 =    0.000   0.000 deg. for the L =   45, J =   44.5 channel.
      46.0  0.99999963  0.00000446i: elastic S-matrix  @@      0.02  0   0 F  0
 Reaction Xsec    46.0+/45 @ 1 =   0.017/, Out:   0.000#   0.000#   0.000f

   S-matrix    2 =    1.00000   0.00000 for L=   45, J=   45.5 channel on core I =   1.5 from L=   45,  Acc. loss =  0.0 D.
 Elastic phase shift   2 =    0.000   0.000 deg. for the L =   45, J =   45.5 channel.
      46.0  0.99999963  0.00000481i: elastic S-matrix  @@      0.02  0   0 F  0
 Reaction Xsec    46.0+/45 @ 2 =   0.017/, Out:   0.000#   0.000#   0.000f

   S-matrix    3 =    1.00000   0.00000 for L=   47, J=   46.5 channel on core I =   1.5 from L=   47,  Acc. loss =  0.0 D.
 Elastic phase shift   3 =    0.000   0.000 deg. for the L =   47, J =   46.5 channel.
      46.0  0.99999986  0.00000216i: elastic S-matrix  @@      0.00  0   0 F  0
 Reaction Xsec    46.0+/47 @ 3 =   6.348#, Out:   0.000#   0.000#   0.000f

   S-matrix    4 =    1.00000   0.00000 for L=   47, J=   47.5 channel on core I =   1.5 from L=   47,  Acc. loss =  0.0 D.
 Elastic phase shift   4 =    0.000   0.000 deg. for the L =   47, J =   47.5 channel.
      46.0  0.99999986  0.00000230i: elastic S-matrix  @@      0.00  0   0 F  0
 Reaction Xsec    46.0+/47 @ 4 =   6.348#, Out:   0.000#   0.000#   0.000f


 Total SPIN, PARITY =    46.0 -,      4 chs,      0 cc.  Rmin & Coul turning =    3.7   11.5
   S-matrix    1 =    1.00000   0.00001 for L=   44, J=   44.5 channel on core I =   1.5 from L=   44,  Acc. loss =  0.0 D.
 Elastic phase shift   1 =    0.000   0.000 deg. for the L =   44, J =   44.5 channel.
      46.0  0.99999940  0.00000712i: elastic S-matrix  @@      0.02  0   0 F  0
 Reaction Xsec    46.0-/44 @ 1 =   0.027/, Out:   0.000#   0.000#   0.000f

   S-matrix    2 =    1.00000   0.00000 for L=   46, J=   45.5 channel on core I =   1.5 from L=   46,  Acc. loss =  0.0 D.
 Elastic phase shift   2 =    0.000   0.000 deg. for the L =   46, J =   45.5 channel.
      46.0  0.99999977  0.00000309i: elastic S-matrix  @@      0.00  0   0 F  0
 Reaction Xsec    46.0-/46 @ 2 =   0.010/, Out:   0.000#   0.000#   0.000f

   S-matrix    3 =    1.00000   0.00000 for L=   46, J=   46.5 channel on core I =   1.5 from L=   46,  Acc. loss =  0.0 D.
 Elastic phase shift   3 =    0.000   0.000 deg. for the L =   46, J =   46.5 channel.
      46.0  0.99999977  0.00000331i: elastic S-matrix  @@      0.00  0   0 F  0
 Reaction Xsec    46.0-/46 @ 3 =   0.010/, Out:   0.000#   0.000#   0.000f

   S-matrix    4 =    1.00000   0.00000 for L=   48, J=   47.5 channel on core I =   1.5 from L=   48,  Acc. loss =  0.0 D.
 Elastic phase shift   4 =    0.000   0.000 deg. for the L =   48, J =   47.5 channel.
      46.0  0.99999991  0.00000149i: elastic S-matrix  @@      0.00  0   0 F  0
 Reaction Xsec    46.0-/48 @ 4 =   3.925#, Out:   0.000#   0.000#   0.000f


 Total SPIN, PARITY =    47.0 +,      4 chs,      0 cc.  Rmin & Coul turning =    3.8   11.8
   S-matrix    1 =    1.00000   0.00000 for L=   45, J=   45.5 channel on core I =   1.5 from L=   45,  Acc. loss =  0.0 D.
 Elastic phase shift   1 =    0.000   0.000 deg. for the L =   45, J =   45.5 channel.
      47.0  0.99999963  0.00000481i: elastic S-matrix  @@      0.00  0   0 F  0
 Reaction Xsec    47.0+/45 @ 1 =   0.017/, Out:   0.000#   0.000#   0.000f

   S-matrix    2 =    1.00000   0.00000 for L=   47, J=   46.5 channel on core I =   1.5 from L=   47,  Acc. loss =  0.0 D.
 Elastic phase shift   2 =    0.000   0.000 deg. for the L =   47, J =   46.5 channel.
      47.0  0.99999986  0.00000216i: elastic S-matrix  @@      0.00  0   0 F  0
 Reaction Xsec    47.0+/47 @ 2 =   6.484#, Out:   0.000#   0.000#   0.000f

   S-matrix    3 =    1.00000   0.00000 for L=   47, J=   47.5 channel on core I =   1.5 from L=   47,  Acc. loss =  0.0 D.
 Elastic phase shift   3 =    0.000   0.000 deg. for the L =   47, J =   47.5 channel.
      47.0  0.99999986  0.00000230i: elastic S-matrix  @@      0.00  0   0 F  0
 Reaction Xsec    47.0+/47 @ 3 =   6.484#, Out:   0.000#   0.000#   0.000f

   S-matrix    4 =    1.00000   0.00000 for L=   49, J=   48.5 channel on core I =   1.5 from L=   49,  Acc. loss =  0.0 D.
 Elastic phase shift   4 =    0.000   0.000 deg. for the L =   49, J =   48.5 channel.
      47.0  0.99999995  0.00000110i: elastic S-matrix  @@      0.00  0   0 F  0
 Reaction Xsec    47.0+/49 @ 4 =   2.478#, Out:   0.000#   0.000#   0.000f


 Total SPIN, PARITY =    47.0 -,      5 chs,      0 cc.  Rmin & Coul turning =    3.8   11.8
   S-matrix    1 =    1.00000   0.00000 for L=   46, J=   45.5 channel on core I =   1.5 from L=   46,  Acc. loss =  0.0 D.
 Elastic phase shift   1 =    0.000   0.000 deg. for the L =   46, J =   45.5 channel.
      47.0  0.99999977  0.00000309i: elastic S-matrix  @@      0.00  0   0 F  0
 Reaction Xsec    47.0-/46 @ 1 =   0.010/, Out:   0.000#   0.000#   0.000f

   S-matrix    2 =    1.00000   0.00000 for L=   46, J=   46.5 channel on core I =   1.5 from L=   46,  Acc. loss =  0.0 D.
 Elastic phase shift   2 =    0.000   0.000 deg. for the L =   46, J =   46.5 channel.
      47.0  0.99999977  0.00000331i: elastic S-matrix  @@      0.02  0   0 F  0
 Reaction Xsec    47.0-/46 @ 2 =   0.010/, Out:   0.000#   0.000#   0.000f

   S-matrix    3 =    1.00000   0.00000 for L=   48, J=   47.5 channel on core I =   1.5 from L=   48,  Acc. loss =  0.0 D.
 Elastic phase shift   3 =    0.000   0.000 deg. for the L =   48, J =   47.5 channel.
      47.0  0.99999991  0.00000149i: elastic S-matrix  @@      0.00  0   0 F  0
 Reaction Xsec    47.0-/48 @ 3 =   4.009#, Out:   0.000#   0.000#   0.000f

   S-matrix    4 =    1.00000   0.00000 for L=   48, J=   48.5 channel on core I =   1.5 from L=   48,  Acc. loss =  0.0 D.
 Elastic phase shift   4 =    0.000   0.000 deg. for the L =   48, J =   48.5 channel.
      47.0  0.99999991  0.00000158i: elastic S-matrix  @@      0.00  0   0 F  0
 Reaction Xsec    47.0-/48 @ 4 =   4.009#, Out:   0.000#   0.000#   0.000f


 Total SPIN, PARITY =    48.0 +,      5 chs,      0 cc.  Rmin & Coul turning =    3.8   12.0
   S-matrix    1 =    1.00000   0.00000 for L=   47, J=   46.5 channel on core I =   1.5 from L=   47,  Acc. loss =  0.0 D.
 Elastic phase shift   1 =    0.000   0.000 deg. for the L =   47, J =   46.5 channel.
      48.0  0.99999986  0.00000216i: elastic S-matrix  @@      0.02  0   0 F  0
 Reaction Xsec    48.0+/47 @ 1 =   6.621#, Out:   0.000#   0.000#   0.000f

   S-matrix    2 =    1.00000   0.00000 for L=   47, J=   47.5 channel on core I =   1.5 from L=   47,  Acc. loss =  0.0 D.
 Elastic phase shift   2 =    0.000   0.000 deg. for the L =   47, J =   47.5 channel.
      48.0  0.99999986  0.00000230i: elastic S-matrix  @@      0.02  0   0 F  0
 Reaction Xsec    48.0+/47 @ 2 =   6.621#, Out:   0.000#   0.000#   0.000f

   S-matrix    3 =    1.00000   0.00000 for L=   49, J=   48.5 channel on core I =   1.5 from L=   49,  Acc. loss =  0.0 D.
 Elastic phase shift   3 =    0.000   0.000 deg. for the L =   49, J =   48.5 channel.
      48.0  0.99999995  0.00000110i: elastic S-matrix  @@      0.00  0   0 F  0
 Reaction Xsec    48.0+/49 @ 3 =   2.530#, Out:   0.000#   0.000#   0.000f

   S-matrix    4 =    1.00000   0.00000 for L=   49, J=   49.5 channel on core I =   1.5 from L=   49,  Acc. loss =  0.0 D.
 Elastic phase shift   4 =    0.000   0.000 deg. for the L =   49, J =   49.5 channel.
      48.0  0.99999995  0.00000116i: elastic S-matrix  @@      0.00  0   0 F  0
 Reaction Xsec    48.0+/49 @ 4 =   2.530#, Out:   0.000#   0.000#   0.000f


 Total SPIN, PARITY =    48.0 -,      4 chs,      0 cc.  Rmin & Coul turning =    3.8   12.0
   S-matrix    1 =    1.00000   0.00000 for L=   46, J=   46.5 channel on core I =   1.5 from L=   46,  Acc. loss =  0.0 D.
 Elastic phase shift   1 =    0.000   0.000 deg. for the L =   46, J =   46.5 channel.
      48.0  0.99999977  0.00000331i: elastic S-matrix  @@      0.00  0   0 F  0
 Reaction Xsec    48.0-/46 @ 1 =   0.011/, Out:   0.000#   0.000#   0.000f

   S-matrix    2 =    1.00000   0.00000 for L=   48, J=   47.5 channel on core I =   1.5 from L=   48,  Acc. loss =  0.0 D.
 Elastic phase shift   2 =    0.000   0.000 deg. for the L =   48, J =   47.5 channel.
      48.0  0.99999991  0.00000149i: elastic S-matrix  @@      0.00  0   0 F  0
 Reaction Xsec    48.0-/48 @ 2 =   4.093#, Out:   0.000#   0.000#   0.000f

   S-matrix    3 =    1.00000   0.00000 for L=   48, J=   48.5 channel on core I =   1.5 from L=   48,  Acc. loss =  0.0 D.
 Elastic phase shift   3 =    0.000   0.000 deg. for the L =   48, J =   48.5 channel.
      48.0  0.99999991  0.00000158i: elastic S-matrix  @@      0.00  0   0 F  0
 Reaction Xsec    48.0-/48 @ 3 =   4.093#, Out:   0.000#   0.000#   0.000f

   S-matrix    4 =    1.00000   0.00000 for L=   50, J=   49.5 channel on core I =   1.5 from L=   50,  Acc. loss =  0.0 D.
 Elastic phase shift   4 =    0.000   0.000 deg. for the L =   50, J =   49.5 channel.
      48.0  0.99999997  0.00000080i: elastic S-matrix  @@      0.00  0   0 F  0
 Reaction Xsec    48.0-/50 @ 4 =   1.564#, Out:   0.000#   0.000#   0.000f


 Total SPIN, PARITY =    49.0 +,      4 chs,      0 cc.  Rmin & Coul turning =    3.9   12.3
   S-matrix    1 =    1.00000   0.00000 for L=   47, J=   47.5 channel on core I =   1.5 from L=   47,  Acc. loss =  0.0 D.
 Elastic phase shift   1 =    0.000   0.000 deg. for the L =   47, J =   47.5 channel.
      49.0  0.99999986  0.00000230i: elastic S-matrix  @@      0.00  0   0 F  0
 Reaction Xsec    49.0+/47 @ 1 =   6.757#, Out:   0.000#   0.000#   0.000f

   S-matrix    2 =    1.00000   0.00000 for L=   49, J=   48.5 channel on core I =   1.5 from L=   49,  Acc. loss =  0.0 D.
 Elastic phase shift   2 =    0.000   0.000 deg. for the L =   49, J =   48.5 channel.
      49.0  0.99999995  0.00000110i: elastic S-matrix  @@      0.00  0   0 F  0
 Reaction Xsec    49.0+/49 @ 2 =   2.583#, Out:   0.000#   0.000#   0.000f

   S-matrix    3 =    1.00000   0.00000 for L=   49, J=   49.5 channel on core I =   1.5 from L=   49,  Acc. loss =  0.0 D.
 Elastic phase shift   3 =    0.000   0.000 deg. for the L =   49, J =   49.5 channel.
      49.0  0.99999995  0.00000116i: elastic S-matrix  @@      0.00  0   0 F  0
 Reaction Xsec    49.0+/49 @ 3 =   2.583#, Out:   0.000#   0.000#   0.000f

   S-matrix    4 =    1.00000   0.00000 for L=   51, J=   50.5 channel on core I =   1.5 from L=   51,  Acc. loss =  0.0 D.
 Elastic phase shift   4 =    0.000   0.000 deg. for the L =   51, J =   50.5 channel.
      49.0  0.99999998  0.00000058i: elastic S-matrix  @@      0.00  0   0 F  0
 Reaction Xsec    49.0+/51 @ 4 =   0.986#, Out:   0.000#   0.000#   0.000f


 Total SPIN, PARITY =    49.0 -,      5 chs,      0 cc.  Rmin & Coul turning =    3.9   12.3
   S-matrix    1 =    1.00000   0.00000 for L=   48, J=   47.5 channel on core I =   1.5 from L=   48,  Acc. loss =  0.0 D.
 Elastic phase shift   1 =    0.000   0.000 deg. for the L =   48, J =   47.5 channel.
      49.0  0.99999991  0.00000149i: elastic S-matrix  @@      0.02  0   0 F  0
 Reaction Xsec    49.0-/48 @ 1 =   4.178#, Out:   0.000#   0.000#   0.000f

   S-matrix    2 =    1.00000   0.00000 for L=   48, J=   48.5 channel on core I =   1.5 from L=   48,  Acc. loss =  0.0 D.
 Elastic phase shift   2 =    0.000   0.000 deg. for the L =   48, J =   48.5 channel.
      49.0  0.99999991  0.00000158i: elastic S-matrix  @@      0.02  0   0 F  0
 Reaction Xsec    49.0-/48 @ 2 =   4.178#, Out:   0.000#   0.000#   0.000f

   S-matrix    3 =    1.00000   0.00000 for L=   50, J=   49.5 channel on core I =   1.5 from L=   50,  Acc. loss =  0.0 D.
 Elastic phase shift   3 =    0.000   0.000 deg. for the L =   50, J =   49.5 channel.
      49.0  0.99999997  0.00000080i: elastic S-matrix  @@      0.00  0   0 F  0
 Reaction Xsec    49.0-/50 @ 3 =   1.596#, Out:   0.000#   0.000#   0.000f

   S-matrix    4 =    1.00000   0.00000 for L=   50, J=   50.5 channel on core I =   1.5 from L=   50,  Acc. loss =  0.0 D.
 Elastic phase shift   4 =    0.000   0.000 deg. for the L =   50, J =   50.5 channel.
      49.0  0.99999997  0.00000083i: elastic S-matrix  @@      0.00  0   0 F  0
 Reaction Xsec    49.0-/50 @ 4 =   1.596#, Out:   0.000#   0.000#   0.000f


 Total SPIN, PARITY =    50.0 +,      5 chs,      0 cc.  Rmin & Coul turning =    4.0   12.5
   S-matrix    1 =    1.00000   0.00000 for L=   49, J=   48.5 channel on core I =   1.5 from L=   49,  Acc. loss =  0.0 D.
 Elastic phase shift   1 =    0.000   0.000 deg. for the L =   49, J =   48.5 channel.
      50.0  0.99999995  0.00000110i: elastic S-matrix  @@      0.02  0   0 F  0
 Reaction Xsec    50.0+/49 @ 1 =   2.635#, Out:   0.000#   0.000#   0.000f

   S-matrix    2 =    1.00000   0.00000 for L=   49, J=   49.5 channel on core I =   1.5 from L=   49,  Acc. loss =  0.0 D.
 Elastic phase shift   2 =    0.000   0.000 deg. for the L =   49, J =   49.5 channel.
      50.0  0.99999995  0.00000116i: elastic S-matrix  @@      0.02  0   0 F  0
 Reaction Xsec    50.0+/49 @ 2 =   2.635#, Out:   0.000#   0.000#   0.000f

   S-matrix    3 =    1.00000   0.00000 for L=   51, J=   50.5 channel on core I =   1.5 from L=   51,  Acc. loss =  0.0 D.
 Elastic phase shift   3 =    0.000   0.000 deg. for the L =   51, J =   50.5 channel.
      50.0  0.99999998  0.00000058i: elastic S-matrix  @@      0.00  0   0 F  0
 Reaction Xsec    50.0+/51 @ 3 =   1.006#, Out:   0.000#   0.000#   0.000f

   S-matrix    4 =    1.00000   0.00000 for L=   51, J=   51.5 channel on core I =   1.5 from L=   51,  Acc. loss =  0.0 D.
 Elastic phase shift   4 =    0.000   0.000 deg. for the L =   51, J =   51.5 channel.
      50.0  0.99999998  0.00000060i: elastic S-matrix  @@      0.00  0   0 F  0
 Reaction Xsec    50.0+/51 @ 4 =   1.006#, Out:   0.000#   0.000#   0.000f


 Total SPIN, PARITY =    50.0 -,      4 chs,      0 cc.  Rmin & Coul turning =    4.0   12.5
   S-matrix    1 =    1.00000   0.00000 for L=   48, J=   48.5 channel on core I =   1.5 from L=   48,  Acc. loss =  0.0 D.
 Elastic phase shift   1 =    0.000   0.000 deg. for the L =   48, J =   48.5 channel.
      50.0  0.99999991  0.00000158i: elastic S-matrix  @@      0.00  0   0 F  0
 Reaction Xsec    50.0-/48 @ 1 =   4.262#, Out:   0.000#   0.000#   0.000f

   S-matrix    2 =    1.00000   0.00000 for L=   50, J=   49.5 channel on core I =   1.5 from L=   50,  Acc. loss =  0.0 D.
 Elastic phase shift   2 =    0.000   0.000 deg. for the L =   50, J =   49.5 channel.
      50.0  0.99999997  0.00000080i: elastic S-matrix  @@      0.00  0   0 F  0
 Reaction Xsec    50.0-/50 @ 2 =   1.628#, Out:   0.000#   0.000#   0.000f

   S-matrix    3 =    1.00000   0.00000 for L=   50, J=   50.5 channel on core I =   1.5 from L=   50,  Acc. loss =  0.0 D.
 Elastic phase shift   3 =    0.000   0.000 deg. for the L =   50, J =   50.5 channel.
      50.0  0.99999997  0.00000083i: elastic S-matrix  @@      0.00  0   0 F  0
 Reaction Xsec    50.0-/50 @ 3 =   1.628#, Out:   0.000#   0.000#   0.000f

   S-matrix    4 =    1.00000   0.00000 for L=   52, J=   51.5 channel on core I =   1.5 from L=   52,  Acc. loss =  0.0 D.
 Elastic phase shift   4 =    0.000   0.000 deg. for the L =   52, J =   51.5 channel.
      50.0  0.99999999  0.00000049i: elastic S-matrix  @@      0.00  0   0 F  0
 Reaction Xsec    50.0-/52 @ 4 =   0.622#, Out:   0.000#   0.000#   0.000f


 Total SPIN, PARITY =    51.0 +,      4 chs,      0 cc.  Rmin & Coul turning =    4.0   12.8
   S-matrix    1 =    1.00000   0.00000 for L=   49, J=   49.5 channel on core I =   1.5 from L=   49,  Acc. loss =  0.0 D.
 Elastic phase shift   1 =    0.000   0.000 deg. for the L =   49, J =   49.5 channel.
      51.0  0.99999995  0.00000116i: elastic S-matrix  @@      0.00  0   0 F  0
 Reaction Xsec    51.0+/49 @ 1 =   2.687#, Out:   0.000#   0.000#   0.000f

   S-matrix    2 =    1.00000   0.00000 for L=   51, J=   50.5 channel on core I =   1.5 from L=   51,  Acc. loss =  0.0 D.
 Elastic phase shift   2 =    0.000   0.000 deg. for the L =   51, J =   50.5 channel.
      51.0  0.99999998  0.00000058i: elastic S-matrix  @@      0.00  0   0 F  0
 Reaction Xsec    51.0+/51 @ 2 =   1.026#, Out:   0.000#   0.000#   0.000f

   S-matrix    3 =    1.00000   0.00000 for L=   51, J=   51.5 channel on core I =   1.5 from L=   51,  Acc. loss =  0.0 D.
 Elastic phase shift   3 =    0.000   0.000 deg. for the L =   51, J =   51.5 channel.
      51.0  0.99999998  0.00000060i: elastic S-matrix  @@      0.00  0   0 F  0
 Reaction Xsec    51.0+/51 @ 3 =   1.026#, Out:   0.000#   0.000#   0.000f

   S-matrix    4 =    1.00000   0.00000 for L=   53, J=   52.5 channel on core I =   1.5 from L=   53,  Acc. loss =  0.0 D.
 Elastic phase shift   4 =    0.000   0.000 deg. for the L =   53, J =   52.5 channel.
      51.0  0.99999999  0.00000036i: elastic S-matrix  @@      0.00  0   0 F  0
 Reaction Xsec    51.0+/53 @ 4 =   0.392#, Out:   0.000#   0.000#   0.000f


 Total SPIN, PARITY =    51.0 -,      5 chs,      0 cc.  Rmin & Coul turning =    4.0   12.8
   S-matrix    1 =    1.00000   0.00000 for L=   50, J=   49.5 channel on core I =   1.5 from L=   50,  Acc. loss =  0.0 D.
 Elastic phase shift   1 =    0.000   0.000 deg. for the L =   50, J =   49.5 channel.
      51.0  0.99999997  0.00000080i: elastic S-matrix  @@      0.02  0   0 F  0
 Reaction Xsec    51.0-/50 @ 1 =   1.661#, Out:   0.000#   0.000#   0.000f

   S-matrix    2 =    1.00000   0.00000 for L=   50, J=   50.5 channel on core I =   1.5 from L=   50,  Acc. loss =  0.0 D.
 Elastic phase shift   2 =    0.000   0.000 deg. for the L =   50, J =   50.5 channel.
      51.0  0.99999997  0.00000083i: elastic S-matrix  @@      0.00  0   0 F  0
 Reaction Xsec    51.0-/50 @ 2 =   1.661#, Out:   0.000#   0.000#   0.000f

   S-matrix    3 =    1.00000   0.00000 for L=   52, J=   51.5 channel on core I =   1.5 from L=   52,  Acc. loss =  0.0 D.
 Elastic phase shift   3 =    0.000   0.000 deg. for the L =   52, J =   51.5 channel.
      51.0  0.99999999  0.00000049i: elastic S-matrix  @@      0.02  0   0 F  0
 Reaction Xsec    51.0-/52 @ 3 =   0.634#, Out:   0.000#   0.000#   0.000f

   S-matrix    4 =    1.00000   0.00000 for L=   52, J=   52.5 channel on core I =   1.5 from L=   52,  Acc. loss =  0.0 D.
 Elastic phase shift   4 =    0.000   0.000 deg. for the L =   52, J =   52.5 channel.
      51.0  0.99999999  0.00000050i: elastic S-matrix  @@      0.00  0   0 F  0
 Reaction Xsec    51.0-/52 @ 4 =   0.634#, Out:   0.000#   0.000#   0.000f


 Total SPIN, PARITY =    52.0 +,      5 chs,      0 cc.  Rmin & Coul turning =    4.2   13.0
   S-matrix    1 =    1.00000   0.00000 for L=   51, J=   50.5 channel on core I =   1.5 from L=   51,  Acc. loss =  0.0 D.
 Elastic phase shift   1 =    0.000   0.000 deg. for the L =   51, J =   50.5 channel.
      52.0  0.99999998  0.00000058i: elastic S-matrix  @@      0.02  0   0 F  0
 Reaction Xsec    52.0+/51 @ 1 =   1.046#, Out:   0.000#   0.000#   0.000f

   S-matrix    2 =    1.00000   0.00000 for L=   51, J=   51.5 channel on core I =   1.5 from L=   51,  Acc. loss =  0.0 D.
 Elastic phase shift   2 =    0.000   0.000 deg. for the L =   51, J =   51.5 channel.
      52.0  0.99999998  0.00000060i: elastic S-matrix  @@      0.00  0   0 F  0
 Reaction Xsec    52.0+/51 @ 2 =   1.046#, Out:   0.000#   0.000#   0.000f

   S-matrix    3 =    1.00000   0.00000 for L=   53, J=   52.5 channel on core I =   1.5 from L=   53,  Acc. loss =  0.0 D.
 Elastic phase shift   3 =    0.000   0.000 deg. for the L =   53, J =   52.5 channel.
      52.0  0.99999999  0.00000036i: elastic S-matrix  @@      0.02  0   0 F  0
 Reaction Xsec    52.0+/53 @ 3 =   0.399#, Out:   0.000#   0.000#   0.000f

   S-matrix    4 =    1.00000   0.00000 for L=   53, J=   53.5 channel on core I =   1.5 from L=   53,  Acc. loss =  0.0 D.
 Elastic phase shift   4 =    0.000   0.000 deg. for the L =   53, J =   53.5 channel.
      52.0  0.99999999  0.00000036i: elastic S-matrix  @@      0.00  0   0 F  0
 Reaction Xsec    52.0+/53 @ 4 =   0.399#, Out:   0.000#   0.000#   0.000f


 Total SPIN, PARITY =    52.0 -,      4 chs,      0 cc.  Rmin & Coul turning =    4.2   13.0
   S-matrix    1 =    1.00000   0.00000 for L=   50, J=   50.5 channel on core I =   1.5 from L=   50,  Acc. loss =  0.0 D.
 Elastic phase shift   1 =    0.000   0.000 deg. for the L =   50, J =   50.5 channel.
      52.0  0.99999997  0.00000083i: elastic S-matrix  @@      0.00  0   0 F  0
 Reaction Xsec    52.0-/50 @ 1 =   1.693#, Out:   0.000#   0.000#   0.000f

   S-matrix    2 =    1.00000   0.00000 for L=   52, J=   51.5 channel on core I =   1.5 from L=   52,  Acc. loss =  0.0 D.
 Elastic phase shift   2 =    0.000   0.000 deg. for the L =   52, J =   51.5 channel.
      52.0  0.99999999  0.00000049i: elastic S-matrix  @@      0.00  0   0 F  0
 Reaction Xsec    52.0-/52 @ 2 =   0.646#, Out:   0.000#   0.000#   0.000f

   S-matrix    3 =    1.00000   0.00000 for L=   52, J=   52.5 channel on core I =   1.5 from L=   52,  Acc. loss =  0.0 D.
 Elastic phase shift   3 =    0.000   0.000 deg. for the L =   52, J =   52.5 channel.
      52.0  0.99999999  0.00000050i: elastic S-matrix  @@      0.00  0   0 F  0
 Reaction Xsec    52.0-/52 @ 3 =   0.646#, Out:   0.000#   0.000#   0.000f

   S-matrix    4 =    1.00000   0.00000 for L=   54, J=   53.5 channel on core I =   1.5 from L=   54,  Acc. loss =  0.0 D.
 Elastic phase shift   4 =    0.000   0.000 deg. for the L =   54, J =   53.5 channel.
      52.0  1.00000000  0.00000029i: elastic S-matrix  @@      0.00  0   0 F  0
 Reaction Xsec    52.0-/54 @ 4 =   0.247#, Out:   0.000#   0.000#   0.000f


 Total SPIN, PARITY =    53.0 +,      4 chs,      0 cc.  Rmin & Coul turning =    4.2   13.3
   S-matrix    1 =    1.00000   0.00000 for L=   51, J=   51.5 channel on core I =   1.5 from L=   51,  Acc. loss =  0.0 D.
 Elastic phase shift   1 =    0.000   0.000 deg. for the L =   51, J =   51.5 channel.
      53.0  0.99999998  0.00000060i: elastic S-matrix  @@      0.00  0   0 F  0
 Reaction Xsec    53.0+/51 @ 1 =   1.066#, Out:   0.000#   0.000#   0.000f

   S-matrix    2 =    1.00000   0.00000 for L=   53, J=   52.5 channel on core I =   1.5 from L=   53,  Acc. loss =  0.0 D.
 Elastic phase shift   2 =    0.000   0.000 deg. for the L =   53, J =   52.5 channel.
      53.0  0.99999999  0.00000036i: elastic S-matrix  @@      0.00  0   0 F  0
 Reaction Xsec    53.0+/53 @ 2 =   0.407#, Out:   0.000#   0.000#   0.000f

   S-matrix    3 =    1.00000   0.00000 for L=   53, J=   53.5 channel on core I =   1.5 from L=   53,  Acc. loss =  0.0 D.
 Elastic phase shift   3 =    0.000   0.000 deg. for the L =   53, J =   53.5 channel.
      53.0  0.99999999  0.00000036i: elastic S-matrix  @@      0.00  0   0 F  0
 Reaction Xsec    53.0+/53 @ 3 =   0.407#, Out:   0.000#   0.000#   0.000f

   S-matrix    4 =    1.00000   0.00000 for L=   55, J=   54.5 channel on core I =   1.5 from L=   55,  Acc. loss =  0.0 D.
 Elastic phase shift   4 =    0.000   0.000 deg. for the L =   55, J =   54.5 channel.
      53.0  1.00000000  0.00000028i: elastic S-matrix  @@      0.00  0   0 F  0
 Reaction Xsec    53.0+/55 @ 4 =   0.155#, Out:   0.000#   0.000#   0.000f


 Total SPIN, PARITY =    53.0 -,      5 chs,      0 cc.  Rmin & Coul turning =    4.2   13.3
   S-matrix    1 =    1.00000   0.00000 for L=   52, J=   51.5 channel on core I =   1.5 from L=   52,  Acc. loss =  0.0 D.
 Elastic phase shift   1 =    0.000   0.000 deg. for the L =   52, J =   51.5 channel.
      53.0  0.99999999  0.00000049i: elastic S-matrix  @@      0.02  0   0 F  0
 Reaction Xsec    53.0-/52 @ 1 =   0.659#, Out:   0.000#   0.000#   0.000f

   S-matrix    2 =    1.00000   0.00000 for L=   52, J=   52.5 channel on core I =   1.5 from L=   52,  Acc. loss =  0.0 D.
 Elastic phase shift   2 =    0.000   0.000 deg. for the L =   52, J =   52.5 channel.
      53.0  0.99999999  0.00000050i: elastic S-matrix  @@      0.02  0   0 F  0
 Reaction Xsec    53.0-/52 @ 2 =   0.659#, Out:   0.000#   0.000#   0.000f

   S-matrix    3 =    1.00000   0.00000 for L=   54, J=   53.5 channel on core I =   1.5 from L=   54,  Acc. loss =  0.0 D.
 Elastic phase shift   3 =    0.000   0.000 deg. for the L =   54, J =   53.5 channel.
      53.0  1.00000000  0.00000029i: elastic S-matrix  @@      0.00  0   0 F  0
 Reaction Xsec    53.0-/54 @ 3 =   0.251#, Out:   0.000#   0.000#   0.000f

   S-matrix    4 =    1.00000   0.00000 for L=   54, J=   54.5 channel on core I =   1.5 from L=   54,  Acc. loss =  0.0 D.
 Elastic phase shift   4 =    0.000   0.000 deg. for the L =   54, J =   54.5 channel.
      53.0  1.00000000  0.00000030i: elastic S-matrix  @@      0.00  0   0 F  0
 Reaction Xsec    53.0-/54 @ 4 =   0.251#, Out:   0.000#   0.000#   0.000f


 Total SPIN, PARITY =    54.0 +,      5 chs,      0 cc.  Rmin & Coul turning =    4.3   13.5
   S-matrix    1 =    1.00000   0.00000 for L=   53, J=   52.5 channel on core I =   1.5 from L=   53,  Acc. loss =  0.0 D.
 Elastic phase shift   1 =    0.000   0.000 deg. for the L =   53, J =   52.5 channel.
      54.0  0.99999999  0.00000036i: elastic S-matrix  @@      0.02  0   0 F  0
 Reaction Xsec    54.0+/53 @ 1 =   0.414#, Out:   0.000#   0.000#   0.000f

   S-matrix    2 =    1.00000   0.00000 for L=   53, J=   53.5 channel on core I =   1.5 from L=   53,  Acc. loss =  0.0 D.
 Elastic phase shift   2 =    0.000   0.000 deg. for the L =   53, J =   53.5 channel.
      54.0  0.99999999  0.00000036i: elastic S-matrix  @@      0.02  0   0 F  0
 Reaction Xsec    54.0+/53 @ 2 =   0.414#, Out:   0.000#   0.000#   0.000f

   S-matrix    3 =    1.00000   0.00000 for L=   55, J=   54.5 channel on core I =   1.5 from L=   55,  Acc. loss =  0.0 D.
 Elastic phase shift   3 =    0.000   0.000 deg. for the L =   55, J =   54.5 channel.
      54.0  1.00000000  0.00000028i: elastic S-matrix  @@      0.00  0   0 F  0
 Reaction Xsec    54.0+/55 @ 3 =   0.158#, Out:   0.000#   0.000#   0.000f

   S-matrix    4 =    1.00000   0.00000 for L=   55, J=   55.5 channel on core I =   1.5 from L=   55,  Acc. loss =  0.0 D.
 Elastic phase shift   4 =    0.000   0.000 deg. for the L =   55, J =   55.5 channel.
      54.0  1.00000000  0.00000029i: elastic S-matrix  @@      0.00  0   0 F  0
 Reaction Xsec    54.0+/55 @ 4 =   0.158#, Out:   0.000#   0.000#   0.000f


 Total SPIN, PARITY =    54.0 -,      4 chs,      0 cc.  Rmin & Coul turning =    4.3   13.5
   S-matrix    1 =    1.00000   0.00000 for L=   52, J=   52.5 channel on core I =   1.5 from L=   52,  Acc. loss =  0.0 D.
 Elastic phase shift   1 =    0.000   0.000 deg. for the L =   52, J =   52.5 channel.
      54.0  0.99999999  0.00000050i: elastic S-matrix  @@      0.00  0   0 F  0
 Reaction Xsec    54.0-/52 @ 1 =   0.671#, Out:   0.000#   0.000#   0.000f

   S-matrix    2 =    1.00000   0.00000 for L=   54, J=   53.5 channel on core I =   1.5 from L=   54,  Acc. loss =  0.0 D.
 Elastic phase shift   2 =    0.000   0.000 deg. for the L =   54, J =   53.5 channel.
      54.0  1.00000000  0.00000029i: elastic S-matrix  @@      0.00  0   0 F  0
 Reaction Xsec    54.0-/54 @ 2 =   0.256#, Out:   0.000#   0.000#   0.000f

   S-matrix    3 =    1.00000   0.00000 for L=   54, J=   54.5 channel on core I =   1.5 from L=   54,  Acc. loss =  0.0 D.
 Elastic phase shift   3 =    0.000   0.000 deg. for the L =   54, J =   54.5 channel.
      54.0  1.00000000  0.00000030i: elastic S-matrix  @@      0.00  0   0 F  0
 Reaction Xsec    54.0-/54 @ 3 =   0.256#, Out:   0.000#   0.000#   0.000f

   S-matrix    4 =    1.00000   0.00000 for L=   56, J=   55.5 channel on core I =   1.5 from L=   56,  Acc. loss =  0.0 D.
 Elastic phase shift   4 =    0.000   0.000 deg. for the L =   56, J =   55.5 channel.
      54.0  1.00000000  0.00000020i: elastic S-matrix  @@      0.00  0   0 F  0
 Reaction Xsec    54.0-/56 @ 4 =   0.098#, Out:   0.000#   0.000#   0.000f


 Total SPIN, PARITY =    55.0 +,      4 chs,      0 cc.  Rmin & Coul turning =    4.4   13.8
   S-matrix    1 =    1.00000   0.00000 for L=   53, J=   53.5 channel on core I =   1.5 from L=   53,  Acc. loss =  0.0 D.
 Elastic phase shift   1 =    0.000   0.000 deg. for the L =   53, J =   53.5 channel.
      55.0  0.99999999  0.00000036i: elastic S-matrix  @@      0.02  0   0 F  0
 Reaction Xsec    55.0+/53 @ 1 =   0.422#, Out:   0.000#   0.000#   0.000f

   S-matrix    2 =    1.00000   0.00000 for L=   55, J=   54.5 channel on core I =   1.5 from L=   55,  Acc. loss =  0.0 D.
 Elastic phase shift   2 =    0.000   0.000 deg. for the L =   55, J =   54.5 channel.
      55.0  1.00000000  0.00000028i: elastic S-matrix  @@      0.00  0   0 F  0
 Reaction Xsec    55.0+/55 @ 2 =   0.161#, Out:   0.000#   0.000#   0.000f

   S-matrix    3 =    1.00000   0.00000 for L=   55, J=   55.5 channel on core I =   1.5 from L=   55,  Acc. loss =  0.0 D.
 Elastic phase shift   3 =    0.000   0.000 deg. for the L =   55, J =   55.5 channel.
      55.0  1.00000000  0.00000029i: elastic S-matrix  @@      0.00  0   0 F  0
 Reaction Xsec    55.0+/55 @ 3 =   0.161#, Out:   0.000#   0.000#   0.000f

   S-matrix    4 =    1.00000   0.00000 for L=   57, J=   56.5 channel on core I =   1.5 from L=   57,  Acc. loss =  0.0 D.
 Elastic phase shift   4 =    0.000   0.000 deg. for the L =   57, J =   56.5 channel.
      55.0  1.00000000  0.00000019i: elastic S-matrix  @@      0.00  0   0 F  0
 Reaction Xsec    55.0+/57 @ 4 =   0.061#, Out:   0.000#   0.000#   0.000f


 Total SPIN, PARITY =    55.0 -,      5 chs,      0 cc.  Rmin & Coul turning =    4.4   13.8
   S-matrix    1 =    1.00000   0.00000 for L=   54, J=   53.5 channel on core I =   1.5 from L=   54,  Acc. loss =  0.0 D.
 Elastic phase shift   1 =    0.000   0.000 deg. for the L =   54, J =   53.5 channel.
      55.0  1.00000000  0.00000029i: elastic S-matrix  @@      0.00  0   0 F  0
 Reaction Xsec    55.0-/54 @ 1 =   0.261#, Out:   0.000#   0.000#   0.000f

   S-matrix    2 =    1.00000   0.00000 for L=   54, J=   54.5 channel on core I =   1.5 from L=   54,  Acc. loss =  0.0 D.
 Elastic phase shift   2 =    0.000   0.000 deg. for the L =   54, J =   54.5 channel.
      55.0  1.00000000  0.00000030i: elastic S-matrix  @@      0.02  0   0 F  0
 Reaction Xsec    55.0-/54 @ 2 =   0.261#, Out:   0.000#   0.000#   0.000f

   S-matrix    3 =    1.00000   0.00000 for L=   56, J=   55.5 channel on core I =   1.5 from L=   56,  Acc. loss =  0.0 D.
 Elastic phase shift   3 =    0.000   0.000 deg. for the L =   56, J =   55.5 channel.
      55.0  1.00000000  0.00000020i: elastic S-matrix  @@      0.00  0   0 F  0
 Reaction Xsec    55.0-/56 @ 3 =   0.099#, Out:   0.000#   0.000#   0.000f

   S-matrix    4 =    1.00000   0.00000 for L=   56, J=   56.5 channel on core I =   1.5 from L=   56,  Acc. loss =  0.0 D.
 Elastic phase shift   4 =    0.000   0.000 deg. for the L =   56, J =   56.5 channel.
      55.0  1.00000000  0.00000021i: elastic S-matrix  @@      0.00  0   0 F  0
 Reaction Xsec    55.0-/56 @ 4 =   0.099#, Out:   0.000#   0.000#   0.000f


 Total SPIN, PARITY =    56.0 +,      5 chs,      0 cc.  Rmin & Coul turning =    4.5   14.0
   S-matrix    1 =    1.00000   0.00000 for L=   55, J=   54.5 channel on core I =   1.5 from L=   55,  Acc. loss =  0.0 D.
 Elastic phase shift   1 =    0.000   0.000 deg. for the L =   55, J =   54.5 channel.
      56.0  1.00000000  0.00000028i: elastic S-matrix  @@      0.02  0   0 F  0
 Reaction Xsec    56.0+/55 @ 1 =   0.164#, Out:   0.000#   0.000#   0.000f

   S-matrix    2 =    1.00000   0.00000 for L=   55, J=   55.5 channel on core I =   1.5 from L=   55,  Acc. loss =  0.0 D.
 Elastic phase shift   2 =    0.000   0.000 deg. for the L =   55, J =   55.5 channel.
      56.0  1.00000000  0.00000029i: elastic S-matrix  @@      0.02  0   0 F  0
 Reaction Xsec    56.0+/55 @ 2 =   0.164#, Out:   0.000#   0.000#   0.000f

   S-matrix    3 =    1.00000   0.00000 for L=   57, J=   56.5 channel on core I =   1.5 from L=   57,  Acc. loss =  0.0 D.
 Elastic phase shift   3 =    0.000   0.000 deg. for the L =   57, J =   56.5 channel.
      56.0  1.00000000  0.00000019i: elastic S-matrix  @@      0.00  0   0 F  0
 Reaction Xsec    56.0+/57 @ 3 =   0.062#, Out:   0.000#   0.000#   0.000f

   S-matrix    4 =    1.00000   0.00000 for L=   57, J=   57.5 channel on core I =   1.5 from L=   57,  Acc. loss =  0.0 D.
 Elastic phase shift   4 =    0.000   0.000 deg. for the L =   57, J =   57.5 channel.
      56.0  1.00000000  0.00000019i: elastic S-matrix  @@      0.00  0   0 F  0
 Reaction Xsec    56.0+/57 @ 4 =   0.062#, Out:   0.000#   0.000#   0.000f


 Total SPIN, PARITY =    56.0 -,      4 chs,      0 cc.  Rmin & Coul turning =    4.5   14.0
   S-matrix    1 =    1.00000   0.00000 for L=   54, J=   54.5 channel on core I =   1.5 from L=   54,  Acc. loss =  0.0 D.
 Elastic phase shift   1 =    0.000   0.000 deg. for the L =   54, J =   54.5 channel.
      56.0  1.00000000  0.00000030i: elastic S-matrix  @@      0.00  0   0 F  0
 Reaction Xsec    56.0-/54 @ 1 =   0.265#, Out:   0.000#   0.000#   0.000f

   S-matrix    2 =    1.00000   0.00000 for L=   56, J=   55.5 channel on core I =   1.5 from L=   56,  Acc. loss =  0.0 D.
 Elastic phase shift   2 =    0.000   0.000 deg. for the L =   56, J =   55.5 channel.
      56.0  1.00000000  0.00000020i: elastic S-matrix  @@      0.00  0   0 F  0
 Reaction Xsec    56.0-/56 @ 2 =   0.101#, Out:   0.000#   0.000#   0.000f

   S-matrix    3 =    1.00000   0.00000 for L=   56, J=   56.5 channel on core I =   1.5 from L=   56,  Acc. loss =  0.0 D.
 Elastic phase shift   3 =    0.000   0.000 deg. for the L =   56, J =   56.5 channel.
      56.0  1.00000000  0.00000021i: elastic S-matrix  @@      0.00  0   0 F  0
 Reaction Xsec    56.0-/56 @ 3 =   0.101#, Out:   0.000#   0.000#   0.000f

   S-matrix    4 =    1.00000   0.00000 for L=   58, J=   57.5 channel on core I =   1.5 from L=   58,  Acc. loss =  0.0 D.
 Elastic phase shift   4 =    0.000   0.000 deg. for the L =   58, J =   57.5 channel.
      56.0  1.00000000  0.00000021i: elastic S-matrix  @@      0.00  0   0 F  0
 Reaction Xsec    56.0-/58 @ 4 =   0.039#, Out:   0.000#   0.000#   0.000f


 Total SPIN, PARITY =    57.0 +,      4 chs,      0 cc.  Rmin & Coul turning =    4.5   14.3
   S-matrix    1 =    1.00000   0.00000 for L=   55, J=   55.5 channel on core I =   1.5 from L=   55,  Acc. loss =  0.0 D.
 Elastic phase shift   1 =    0.000   0.000 deg. for the L =   55, J =   55.5 channel.
      57.0  1.00000000  0.00000029i: elastic S-matrix  @@      0.00  0   0 F  0
 Reaction Xsec    57.0+/55 @ 1 =   0.167#, Out:   0.000#   0.000#   0.000f

   S-matrix    2 =    1.00000   0.00000 for L=   57, J=   56.5 channel on core I =   1.5 from L=   57,  Acc. loss =  0.0 D.
 Elastic phase shift   2 =    0.000   0.000 deg. for the L =   57, J =   56.5 channel.
      57.0  1.00000000  0.00000019i: elastic S-matrix  @@      0.00  0   0 F  0
 Reaction Xsec    57.0+/57 @ 2 =   0.064#, Out:   0.000#   0.000#   0.000f

   S-matrix    3 =    1.00000   0.00000 for L=   57, J=   57.5 channel on core I =   1.5 from L=   57,  Acc. loss =  0.0 D.
 Elastic phase shift   3 =    0.000   0.000 deg. for the L =   57, J =   57.5 channel.
      57.0  1.00000000  0.00000019i: elastic S-matrix  @@      0.00  0   0 F  0
 Reaction Xsec    57.0+/57 @ 3 =   0.064#, Out:   0.000#   0.000#   0.000f

   S-matrix    4 =    1.00000   0.00000 for L=   59, J=   58.5 channel on core I =   1.5 from L=   59,  Acc. loss =  0.0 D.
 Elastic phase shift   4 =    0.000   0.000 deg. for the L =   59, J =   58.5 channel.
      57.0  1.00000000  0.00000014i: elastic S-matrix  @@      0.00  0   0 F  0
 Reaction Xsec    57.0+/59 @ 4 =   0.024#, Out:   0.000#   0.000#   0.000f


 Total SPIN, PARITY =    57.0 -,      5 chs,      0 cc.  Rmin & Coul turning =    4.5   14.3
   S-matrix    1 =    1.00000   0.00000 for L=   56, J=   55.5 channel on core I =   1.5 from L=   56,  Acc. loss =  0.0 D.
 Elastic phase shift   1 =    0.000   0.000 deg. for the L =   56, J =   55.5 channel.
      57.0  1.00000000  0.00000020i: elastic S-matrix  @@      0.02  0   0 F  0
 Reaction Xsec    57.0-/56 @ 1 =   0.103#, Out:   0.000#   0.000#   0.000f

   S-matrix    2 =    1.00000   0.00000 for L=   56, J=   56.5 channel on core I =   1.5 from L=   56,  Acc. loss =  0.0 D.
 Elastic phase shift   2 =    0.000   0.000 deg. for the L =   56, J =   56.5 channel.
      57.0  1.00000000  0.00000021i: elastic S-matrix  @@      0.02  0   0 F  0
 Reaction Xsec    57.0-/56 @ 2 =   0.103#, Out:   0.000#   0.000#   0.000f

   S-matrix    3 =    1.00000   0.00000 for L=   58, J=   57.5 channel on core I =   1.5 from L=   58,  Acc. loss =  0.0 D.
 Elastic phase shift   3 =    0.000   0.000 deg. for the L =   58, J =   57.5 channel.
      57.0  1.00000000  0.00000021i: elastic S-matrix  @@      0.00  0   0 F  0
 Reaction Xsec    57.0-/58 @ 3 =   0.039#, Out:   0.000#   0.000#   0.000f

   S-matrix    4 =    1.00000   0.00000 for L=   58, J=   58.5 channel on core I =   1.5 from L=   58,  Acc. loss =  0.0 D.
 Elastic phase shift   4 =    0.000   0.000 deg. for the L =   58, J =   58.5 channel.
      57.0  1.00000000  0.00000021i: elastic S-matrix  @@      0.00  0   0 F  0
 Reaction Xsec    57.0-/58 @ 4 =   0.039#, Out:   0.000#   0.000#   0.000f


 Total SPIN, PARITY =    58.0 +,      5 chs,      0 cc.  Rmin & Coul turning =    4.6   14.5
   S-matrix    1 =    1.00000   0.00000 for L=   57, J=   56.5 channel on core I =   1.5 from L=   57,  Acc. loss =  0.0 D.
 Elastic phase shift   1 =    0.000   0.000 deg. for the L =   57, J =   56.5 channel.
      58.0  1.00000000  0.00000019i: elastic S-matrix  @@      0.02  0   0 F  0
 Reaction Xsec    58.0+/57 @ 1 =   0.065#, Out:   0.000#   0.000#   0.000f

   S-matrix    2 =    1.00000   0.00000 for L=   57, J=   57.5 channel on core I =   1.5 from L=   57,  Acc. loss =  0.0 D.
 Elastic phase shift   2 =    0.000   0.000 deg. for the L =   57, J =   57.5 channel.
      58.0  1.00000000  0.00000019i: elastic S-matrix  @@      0.02  0   0 F  0
 Reaction Xsec    58.0+/57 @ 2 =   0.065#, Out:   0.000#   0.000#   0.000f

   S-matrix    3 =    1.00000   0.00000 for L=   59, J=   58.5 channel on core I =   1.5 from L=   59,  Acc. loss =  0.0 D.
 Elastic phase shift   3 =    0.000   0.000 deg. for the L =   59, J =   58.5 channel.
      58.0  1.00000000  0.00000014i: elastic S-matrix  @@      0.00  0   0 F  0
 Reaction Xsec    58.0+/59 @ 3 =   0.025#, Out:   0.000#   0.000#   0.000f

   S-matrix    4 =    1.00000   0.00000 for L=   59, J=   59.5 channel on core I =   1.5 from L=   59,  Acc. loss =  0.0 D.
 Elastic phase shift   4 =    0.000   0.000 deg. for the L =   59, J =   59.5 channel.
      58.0  1.00000000  0.00000014i: elastic S-matrix  @@      0.02  0   0 F  0
 Reaction Xsec    58.0+/59 @ 4 =   0.025#, Out:   0.000#   0.000#   0.000f


 Total SPIN, PARITY =    58.0 -,      4 chs,      0 cc.  Rmin & Coul turning =    4.6   14.5
   S-matrix    1 =    1.00000   0.00000 for L=   56, J=   56.5 channel on core I =   1.5 from L=   56,  Acc. loss =  0.0 D.
 Elastic phase shift   1 =    0.000   0.000 deg. for the L =   56, J =   56.5 channel.
      58.0  1.00000000  0.00000021i: elastic S-matrix  @@      0.00  0   0 F  0
 Reaction Xsec    58.0-/56 @ 1 =   0.105#, Out:   0.000#   0.000#   0.000f

   S-matrix    2 =    1.00000   0.00000 for L=   58, J=   57.5 channel on core I =   1.5 from L=   58,  Acc. loss =  0.0 D.
 Elastic phase shift   2 =    0.000   0.000 deg. for the L =   58, J =   57.5 channel.
      58.0  1.00000000  0.00000021i: elastic S-matrix  @@      0.00  0   0 F  0
 Reaction Xsec    58.0-/58 @ 2 =   0.040#, Out:   0.000#   0.000#   0.000f

   S-matrix    3 =    1.00000   0.00000 for L=   58, J=   58.5 channel on core I =   1.5 from L=   58,  Acc. loss =  0.0 D.
 Elastic phase shift   3 =    0.000   0.000 deg. for the L =   58, J =   58.5 channel.
      58.0  1.00000000  0.00000021i: elastic S-matrix  @@      0.00  0   0 F  0
 Reaction Xsec    58.0-/58 @ 3 =   0.040#, Out:   0.000#   0.000#   0.000f

   S-matrix    4 =    1.00000   0.00000 for L=   60, J=   59.5 channel on core I =   1.5 from L=   60,  Acc. loss =  0.0 D.
 Elastic phase shift   4 =    0.000   0.000 deg. for the L =   60, J =   59.5 channel.
      58.0  1.00000000  0.00000015i: elastic S-matrix  @@      0.00  0   0 F  0
 Reaction Xsec    58.0-/60 @ 4 =   0.015#, Out:   0.000#   0.000#   0.000f


 Total SPIN, PARITY =    59.0 +,      4 chs,      0 cc.  Rmin & Coul turning =    4.7   14.8
   S-matrix    1 =    1.00000   0.00000 for L=   57, J=   57.5 channel on core I =   1.5 from L=   57,  Acc. loss =  0.0 D.
 Elastic phase shift   1 =    0.000   0.000 deg. for the L =   57, J =   57.5 channel.
      59.0  1.00000000  0.00000019i: elastic S-matrix  @@      0.00  0   0 F  0
 Reaction Xsec    59.0+/57 @ 1 =   0.066#, Out:   0.000#   0.000#   0.000f

   S-matrix    2 =    1.00000   0.00000 for L=   59, J=   58.5 channel on core I =   1.5 from L=   59,  Acc. loss =  0.0 D.
 Elastic phase shift   2 =    0.000   0.000 deg. for the L =   59, J =   58.5 channel.
      59.0  1.00000000  0.00000014i: elastic S-matrix  @@      0.00  0   0 F  0
 Reaction Xsec    59.0+/59 @ 2 =   0.025#, Out:   0.000#   0.000#   0.000f

   S-matrix    3 =    1.00000   0.00000 for L=   59, J=   59.5 channel on core I =   1.5 from L=   59,  Acc. loss =  0.0 D.
 Elastic phase shift   3 =    0.000   0.000 deg. for the L =   59, J =   59.5 channel.
      59.0  1.00000000  0.00000014i: elastic S-matrix  @@      0.00  0   0 F  0
 Reaction Xsec    59.0+/59 @ 3 =   0.025#, Out:   0.000#   0.000#   0.000f

   S-matrix    4 =    1.00000   0.00000 for L=   61, J=   60.5 channel on core I =   1.5 from L=   61,  Acc. loss =  0.0 D.
 Elastic phase shift   4 =    0.000   0.000 deg. for the L =   61, J =   60.5 channel.
      59.0  1.00000000  0.00000017i: elastic S-matrix  @@      0.00  0   0 F  0
 Reaction Xsec    59.0+/61 @ 4 =   0.010#, Out:   0.000#   0.000#   0.000f


 Total SPIN, PARITY =    59.0 -,      5 chs,      0 cc.  Rmin & Coul turning =    4.7   14.8
   S-matrix    1 =    1.00000   0.00000 for L=   58, J=   57.5 channel on core I =   1.5 from L=   58,  Acc. loss =  0.0 D.
 Elastic phase shift   1 =    0.000   0.000 deg. for the L =   58, J =   57.5 channel.
      59.0  1.00000000  0.00000021i: elastic S-matrix  @@      0.02  0   0 F  0
 Reaction Xsec    59.0-/58 @ 1 =   0.041#, Out:   0.000#   0.000#   0.000f

   S-matrix    2 =    1.00000   0.00000 for L=   58, J=   58.5 channel on core I =   1.5 from L=   58,  Acc. loss =  0.0 D.
 Elastic phase shift   2 =    0.000   0.000 deg. for the L =   58, J =   58.5 channel.
      59.0  1.00000000  0.00000021i: elastic S-matrix  @@      0.00  0   0 F  0
 Reaction Xsec    59.0-/58 @ 2 =   0.041#, Out:   0.000#   0.000#   0.000f

   S-matrix    3 =    1.00000   0.00000 for L=   60, J=   59.5 channel on core I =   1.5 from L=   60,  Acc. loss =  0.0 D.
 Elastic phase shift   3 =    0.000   0.000 deg. for the L =   60, J =   59.5 channel.
      59.0  1.00000000  0.00000015i: elastic S-matrix  @@      0.00  0   0 F  0
 Reaction Xsec    59.0-/60 @ 3 =   0.015#, Out:   0.000#   0.000#   0.000f

   S-matrix    4 =    1.00000   0.00000 for L=   60, J=   60.5 channel on core I =   1.5 from L=   60,  Acc. loss =  0.0 D.
 Elastic phase shift   4 =    0.000   0.000 deg. for the L =   60, J =   60.5 channel.
      59.0  1.00000000  0.00000015i: elastic S-matrix  @@      0.02  0   0 F  0
 Reaction Xsec    59.0-/60 @ 4 =   0.015#, Out:   0.000#   0.000#   0.000f


 Total SPIN, PARITY =    60.0 +,      5 chs,      0 cc.  Rmin & Coul turning =    4.8   15.0
   S-matrix    1 =    1.00000   0.00000 for L=   59, J=   58.5 channel on core I =   1.5 from L=   59,  Acc. loss =  0.0 D.
 Elastic phase shift   1 =    0.000   0.000 deg. for the L =   59, J =   58.5 channel.
      60.0  1.00000000  0.00000014i: elastic S-matrix  @@      0.00  0   0 F  0
 Reaction Xsec    60.0+/59 @ 1 =   0.025#, Out:   0.000#   0.000#   0.000f

   S-matrix    2 =    1.00000   0.00000 for L=   59, J=   59.5 channel on core I =   1.5 from L=   59,  Acc. loss =  0.0 D.
 Elastic phase shift   2 =    0.000   0.000 deg. for the L =   59, J =   59.5 channel.
      60.0  1.00000000  0.00000014i: elastic S-matrix  @@      0.02  0   0 F  0
 Reaction Xsec    60.0+/59 @ 2 =   0.025#, Out:   0.000#   0.000#   0.000f

   S-matrix    3 =    1.00000   0.00000 for L=   61, J=   60.5 channel on core I =   1.5 from L=   61,  Acc. loss =  0.0 D.
 Elastic phase shift   3 =    0.000   0.000 deg. for the L =   61, J =   60.5 channel.
      60.0  1.00000000  0.00000017i: elastic S-matrix  @@      0.00  0   0 F  0
 Reaction Xsec    60.0+/61 @ 3 =   0.010#, Out:   0.000#   0.000#   0.000f

   S-matrix    4 =    1.00000   0.00000 for L=   61, J=   61.5 channel on core I =   1.5 from L=   61,  Acc. loss =  0.0 D.
 Elastic phase shift   4 =    0.000   0.000 deg. for the L =   61, J =   61.5 channel.
      60.0  1.00000000  0.00000017i: elastic S-matrix  @@      0.00  0   0 F  0
 Reaction Xsec    60.0+/61 @ 4 =   0.010#, Out:   0.000#   0.000#   0.000f


 Total SPIN, PARITY =    60.0 -,      4 chs,      0 cc.  Rmin & Coul turning =    4.8   15.0
   S-matrix    1 =    1.00000   0.00000 for L=   58, J=   58.5 channel on core I =   1.5 from L=   58,  Acc. loss =  0.0 D.
 Elastic phase shift   1 =    0.000   0.000 deg. for the L =   58, J =   58.5 channel.
      60.0  1.00000000  0.00000021i: elastic S-matrix  @@      0.00  0   0 F  0
 Reaction Xsec    60.0-/58 @ 1 =   0.041#, Out:   0.000#   0.000#   0.000f

   S-matrix    2 =    1.00000   0.00000 for L=   60, J=   59.5 channel on core I =   1.5 from L=   60,  Acc. loss =  0.0 D.
 Elastic phase shift   2 =    0.000   0.000 deg. for the L =   60, J =   59.5 channel.
      60.0  1.00000000  0.00000015i: elastic S-matrix  @@      0.00  0   0 F  0
 Reaction Xsec    60.0-/60 @ 2 =   0.016#, Out:   0.000#   0.000#   0.000f

   S-matrix    3 =    1.00000   0.00000 for L=   60, J=   60.5 channel on core I =   1.5 from L=   60,  Acc. loss =  0.0 D.
 Elastic phase shift   3 =    0.000   0.000 deg. for the L =   60, J =   60.5 channel.
      60.0  1.00000000  0.00000015i: elastic S-matrix  @@      0.00  0   0 F  0
 Reaction Xsec    60.0-/60 @ 3 =   0.016#, Out:   0.000#   0.000#   0.000f

   S-matrix    4 =    1.00000   0.00000 for L=   62, J=   61.5 channel on core I =   1.5 from L=   62,  Acc. loss =  0.0 D.
 Elastic phase shift   4 =    0.000   0.000 deg. for the L =   62, J =   61.5 channel.
      60.0  1.00000000  0.00000011i: elastic S-matrix  @@      0.00  0   0 F  0
 Reaction Xsec    60.0-/62 @ 4 =   0.006#, Out:   0.000#   0.000#   0.000f


 Total SPIN, PARITY =    61.0 +,      4 chs,      0 cc.  Rmin & Coul turning =    4.9   15.3
   S-matrix    1 =    1.00000   0.00000 for L=   59, J=   59.5 channel on core I =   1.5 from L=   59,  Acc. loss =  0.0 D.
 Elastic phase shift   1 =    0.000   0.000 deg. for the L =   59, J =   59.5 channel.
      61.0  1.00000000  0.00000014i: elastic S-matrix  @@      0.00  0   0 F  0
 Reaction Xsec    61.0+/59 @ 1 =   0.026#, Out:   0.000#   0.000#   0.000f

   S-matrix    2 =    1.00000   0.00000 for L=   61, J=   60.5 channel on core I =   1.5 from L=   61,  Acc. loss =  0.0 D.
 Elastic phase shift   2 =    0.000   0.000 deg. for the L =   61, J =   60.5 channel.
      61.0  1.00000000  0.00000017i: elastic S-matrix  @@      0.00  0   0 F  0
 Reaction Xsec    61.0+/61 @ 2 =   0.010#, Out:   0.000#   0.000#   0.000f

   S-matrix    3 =    1.00000   0.00000 for L=   61, J=   61.5 channel on core I =   1.5 from L=   61,  Acc. loss =  0.0 D.
 Elastic phase shift   3 =    0.000   0.000 deg. for the L =   61, J =   61.5 channel.
      61.0  1.00000000  0.00000017i: elastic S-matrix  @@      0.00  0   0 F  0
 Reaction Xsec    61.0+/61 @ 3 =   0.010#, Out:   0.000#   0.000#   0.000f

   S-matrix    4 =    1.00000   0.00000 for L=   63, J=   62.5 channel on core I =   1.5 from L=   63,  Acc. loss =  0.0 D.
 Elastic phase shift   4 =    0.000   0.000 deg. for the L =   63, J =   62.5 channel.
      61.0  1.00000000  0.00000011i: elastic S-matrix  @@      0.00  0   0 F  0
 Reaction Xsec    61.0+/63 @ 4 =   0.004#, Out:   0.000#   0.000#   0.000f


 Total SPIN, PARITY =    61.0 -,      5 chs,      0 cc.  Rmin & Coul turning =    4.9   15.3
   S-matrix    1 =    1.00000   0.00000 for L=   60, J=   59.5 channel on core I =   1.5 from L=   60,  Acc. loss =  0.0 D.
 Elastic phase shift   1 =    0.000   0.000 deg. for the L =   60, J =   59.5 channel.
      61.0  1.00000000  0.00000015i: elastic S-matrix  @@      0.02  0   0 F  0
 Reaction Xsec    61.0-/60 @ 1 =   0.016#, Out:   0.000#   0.000#   0.000f

   S-matrix    2 =    1.00000   0.00000 for L=   60, J=   60.5 channel on core I =   1.5 from L=   60,  Acc. loss =  0.0 D.
 Elastic phase shift   2 =    0.000   0.000 deg. for the L =   60, J =   60.5 channel.
      61.0  1.00000000  0.00000015i: elastic S-matrix  @@      0.00  0   0 F  0
 Reaction Xsec    61.0-/60 @ 2 =   0.016#, Out:   0.000#   0.000#   0.000f

   S-matrix    3 =    1.00000   0.00000 for L=   62, J=   61.5 channel on core I =   1.5 from L=   62,  Acc. loss =  0.0 D.
 Elastic phase shift   3 =    0.000   0.000 deg. for the L =   62, J =   61.5 channel.
      61.0  1.00000000  0.00000011i: elastic S-matrix  @@      0.02  0   0 F  0
 Reaction Xsec    61.0-/62 @ 3 =   0.006#, Out:   0.000#   0.000#   0.000f

   S-matrix    4 =    1.00000   0.00000 for L=   62, J=   62.5 channel on core I =   1.5 from L=   62,  Acc. loss =  0.0 D.
 Elastic phase shift   4 =    0.000   0.000 deg. for the L =   62, J =   62.5 channel.
      61.0  1.00000000  0.00000011i: elastic S-matrix  @@      0.00  0   0 F  0
 Reaction Xsec    61.0-/62 @ 4 =   0.006#, Out:   0.000#   0.000#   0.000f


 Total SPIN, PARITY =    62.0 +,      5 chs,      0 cc.  Rmin & Coul turning =    5.0   15.5
   S-matrix    1 =    1.00000   0.00000 for L=   61, J=   60.5 channel on core I =   1.5 from L=   61,  Acc. loss =  0.0 D.
 Elastic phase shift   1 =    0.000   0.000 deg. for the L =   61, J =   60.5 channel.
      62.0  1.00000000  0.00000017i: elastic S-matrix  @@      0.02  0   0 F  0
 Reaction Xsec    62.0+/61 @ 1 =   0.010#, Out:   0.000#   0.000#   0.000f

   S-matrix    2 =    1.00000   0.00000 for L=   61, J=   61.5 channel on core I =   1.5 from L=   61,  Acc. loss =  0.0 D.
 Elastic phase shift   2 =    0.000   0.000 deg. for the L =   61, J =   61.5 channel.
      62.0  1.00000000  0.00000017i: elastic S-matrix  @@      0.00  0   0 F  0
 Reaction Xsec    62.0+/61 @ 2 =   0.010#, Out:   0.000#   0.000#   0.000f

   S-matrix    3 =    1.00000   0.00000 for L=   63, J=   62.5 channel on core I =   1.5 from L=   63,  Acc. loss =  0.0 D.
 Elastic phase shift   3 =    0.000   0.000 deg. for the L =   63, J =   62.5 channel.
      62.0  1.00000000  0.00000011i: elastic S-matrix  @@      0.02  0   0 F  0
 Reaction Xsec    62.0+/63 @ 3 =   0.004#, Out:   0.000#   0.000#   0.000f

   S-matrix    4 =    1.00000   0.00000 for L=   63, J=   63.5 channel on core I =   1.5 from L=   63,  Acc. loss =  0.0 D.
 Elastic phase shift   4 =    0.000   0.000 deg. for the L =   63, J =   63.5 channel.
      62.0  1.00000000  0.00000011i: elastic S-matrix  @@      0.00  0   0 F  0
 Reaction Xsec    62.0+/63 @ 4 =   0.004#, Out:   0.000#   0.000#   0.000f


 Total SPIN, PARITY =    62.0 -,      4 chs,      0 cc.  Rmin & Coul turning =    5.0   15.5
   S-matrix    1 =    1.00000   0.00000 for L=   60, J=   60.5 channel on core I =   1.5 from L=   60,  Acc. loss =  0.0 D.
 Elastic phase shift   1 =    0.000   0.000 deg. for the L =   60, J =   60.5 channel.
      62.0  1.00000000  0.00000015i: elastic S-matrix  @@      0.00  0   0 F  0
 Reaction Xsec    62.0-/60 @ 1 =   0.016#, Out:   0.000#   0.000#   0.000f

   S-matrix    2 =    1.00000   0.00000 for L=   62, J=   61.5 channel on core I =   1.5 from L=   62,  Acc. loss =  0.0 D.
 Elastic phase shift   2 =    0.000   0.000 deg. for the L =   62, J =   61.5 channel.
      62.0  1.00000000  0.00000011i: elastic S-matrix  @@      0.00  0   0 F  0
 Reaction Xsec    62.0-/62 @ 2 =   0.006#, Out:   0.000#   0.000#   0.000f

   S-matrix    3 =    1.00000   0.00000 for L=   62, J=   62.5 channel on core I =   1.5 from L=   62,  Acc. loss =  0.0 D.
 Elastic phase shift   3 =    0.000   0.000 deg. for the L =   62, J =   62.5 channel.
      62.0  1.00000000  0.00000011i: elastic S-matrix  @@      0.00  0   0 F  0
 Reaction Xsec    62.0-/62 @ 3 =   0.006#, Out:   0.000#   0.000#   0.000f

   S-matrix    4 =    1.00000   0.00000 for L=   64, J=   63.5 channel on core I =   1.5 from L=   64,  Acc. loss =  0.0 D.
 Elastic phase shift   4 =    0.000   0.000 deg. for the L =   64, J =   63.5 channel.
      62.0  1.00000000  0.00000015i: elastic S-matrix  @@      0.00  0   0 F  0
 Reaction Xsec    62.0-/64 @ 4 =   0.002#, Out:   0.000#   0.000#   0.000f


 Total SPIN, PARITY =    63.0 +,      4 chs,      0 cc.  Rmin & Coul turning =    5.0   15.7
   S-matrix    1 =    1.00000   0.00000 for L=   61, J=   61.5 channel on core I =   1.5 from L=   61,  Acc. loss =  0.0 D.
 Elastic phase shift   1 =    0.000   0.000 deg. for the L =   61, J =   61.5 channel.
      63.0  1.00000000  0.00000017i: elastic S-matrix  @@      0.00  0   0 F  0
 Reaction Xsec    63.0+/61 @ 1 =   0.010#, Out:   0.000#   0.000#   0.000f

   S-matrix    2 =    1.00000   0.00000 for L=   63, J=   62.5 channel on core I =   1.5 from L=   63,  Acc. loss =  0.0 D.
 Elastic phase shift   2 =    0.000   0.000 deg. for the L =   63, J =   62.5 channel.
      63.0  1.00000000  0.00000011i: elastic S-matrix  @@      0.00  0   0 F  0
 Reaction Xsec    63.0+/63 @ 2 =   0.004#, Out:   0.000#   0.000#   0.000f

   S-matrix    3 =    1.00000   0.00000 for L=   63, J=   63.5 channel on core I =   1.5 from L=   63,  Acc. loss =  0.0 D.
 Elastic phase shift   3 =    0.000   0.000 deg. for the L =   63, J =   63.5 channel.
      63.0  1.00000000  0.00000011i: elastic S-matrix  @@      0.00  0   0 F  0
 Reaction Xsec    63.0+/63 @ 3 =   0.004#, Out:   0.000#   0.000#   0.000f

   S-matrix    4 =    1.00000   0.00000 for L=   65, J=   64.5 channel on core I =   1.5 from L=   65,  Acc. loss =  0.0 D.
 Elastic phase shift   4 =    0.000   0.000 deg. for the L =   65, J =   64.5 channel.
      63.0  1.00000000  0.00000009i: elastic S-matrix  @@      0.00  0   0 F  0
 Reaction Xsec    63.0+/65 @ 4 =   0.001#, Out:   0.000#   0.000#   0.000f


 Total SPIN, PARITY =    63.0 -,      5 chs,      0 cc.  Rmin & Coul turning =    5.0   15.7
   S-matrix    1 =    1.00000   0.00000 for L=   62, J=   61.5 channel on core I =   1.5 from L=   62,  Acc. loss =  0.0 D.
 Elastic phase shift   1 =    0.000   0.000 deg. for the L =   62, J =   61.5 channel.
      63.0  1.00000000  0.00000011i: elastic S-matrix  @@      0.02  0   0 F  0
 Reaction Xsec    63.0-/62 @ 1 =   0.006#, Out:   0.000#   0.000#   0.000f

   S-matrix    2 =    1.00000   0.00000 for L=   62, J=   62.5 channel on core I =   1.5 from L=   62,  Acc. loss =  0.0 D.
 Elastic phase shift   2 =    0.000   0.000 deg. for the L =   62, J =   62.5 channel.
      63.0  1.00000000  0.00000011i: elastic S-matrix  @@      0.00  0   0 F  0
 Reaction Xsec    63.0-/62 @ 2 =   0.006#, Out:   0.000#   0.000#   0.000f

   S-matrix    3 =    1.00000   0.00000 for L=   64, J=   63.5 channel on core I =   1.5 from L=   64,  Acc. loss =  0.0 D.
 Elastic phase shift   3 =    0.000   0.000 deg. for the L =   64, J =   63.5 channel.
      63.0  1.00000000  0.00000015i: elastic S-matrix  @@      0.02  0   0 F  0
 Reaction Xsec    63.0-/64 @ 3 =   0.002#, Out:   0.000#   0.000#   0.000f

   S-matrix    4 =    1.00000   0.00000 for L=   64, J=   64.5 channel on core I =   1.5 from L=   64,  Acc. loss =  0.0 D.
 Elastic phase shift   4 =    0.000   0.000 deg. for the L =   64, J =   64.5 channel.
      63.0  1.00000000  0.00000015i: elastic S-matrix  @@      0.00  0   0 F  0
 Reaction Xsec    63.0-/64 @ 4 =   0.002#, Out:   0.000#   0.000#   0.000f


 Total SPIN, PARITY =    64.0 +,      5 chs,      0 cc.  Rmin & Coul turning =    5.1   16.0
   S-matrix    1 =    1.00000   0.00000 for L=   63, J=   62.5 channel on core I =   1.5 from L=   63,  Acc. loss =  0.0 D.
 Elastic phase shift   1 =    0.000   0.000 deg. for the L =   63, J =   62.5 channel.
      64.0  1.00000000  0.00000011i: elastic S-matrix  @@      0.02  0   0 F  0
 Reaction Xsec    64.0+/63 @ 1 =   0.004#, Out:   0.000#   0.000#   0.000f

   S-matrix    2 =    1.00000   0.00000 for L=   63, J=   63.5 channel on core I =   1.5 from L=   63,  Acc. loss =  0.0 D.
 Elastic phase shift   2 =    0.000   0.000 deg. for the L =   63, J =   63.5 channel.
      64.0  1.00000000  0.00000011i: elastic S-matrix  @@      0.00  0   0 F  0
 Reaction Xsec    64.0+/63 @ 2 =   0.004#, Out:   0.000#   0.000#   0.000f

   S-matrix    3 =    1.00000   0.00000 for L=   65, J=   64.5 channel on core I =   1.5 from L=   65,  Acc. loss =  0.0 D.
 Elastic phase shift   3 =    0.000   0.000 deg. for the L =   65, J =   64.5 channel.
      64.0  1.00000000  0.00000009i: elastic S-matrix  @@      0.00  0   0 F  0
 Reaction Xsec    64.0+/65 @ 3 =   0.001#, Out:   0.000#   0.000#   0.000f

   S-matrix    4 =    1.00000   0.00000 for L=   65, J=   65.5 channel on core I =   1.5 from L=   65,  Acc. loss =  0.0 D.
 Elastic phase shift   4 =    0.000   0.000 deg. for the L =   65, J =   65.5 channel.
      64.0  1.00000000  0.00000009i: elastic S-matrix  @@      0.02  0   0 F  0
 Reaction Xsec    64.0+/65 @ 4 =   0.001#, Out:   0.000#   0.000#   0.000f


 Total SPIN, PARITY =    64.0 -,      4 chs,      0 cc.  Rmin & Coul turning =    5.1   16.0
   S-matrix    1 =    1.00000   0.00000 for L=   62, J=   62.5 channel on core I =   1.5 from L=   62,  Acc. loss =  0.0 D.
 Elastic phase shift   1 =    0.000   0.000 deg. for the L =   62, J =   62.5 channel.
      64.0  1.00000000  0.00000011i: elastic S-matrix  @@      0.00  0   0 F  0
 Reaction Xsec    64.0-/62 @ 1 =   0.006#, Out:   0.000#   0.000#   0.000f

   S-matrix    2 =    1.00000   0.00000 for L=   64, J=   63.5 channel on core I =   1.5 from L=   64,  Acc. loss =  0.0 D.
 Elastic phase shift   2 =    0.000   0.000 deg. for the L =   64, J =   63.5 channel.
      64.0  1.00000000  0.00000015i: elastic S-matrix  @@      0.00  0   0 F  0
 Reaction Xsec    64.0-/64 @ 2 =   0.002#, Out:   0.000#   0.000#   0.000f

   S-matrix    3 =    1.00000   0.00000 for L=   64, J=   64.5 channel on core I =   1.5 from L=   64,  Acc. loss =  0.0 D.
 Elastic phase shift   3 =    0.000   0.000 deg. for the L =   64, J =   64.5 channel.
      64.0  1.00000000  0.00000015i: elastic S-matrix  @@      0.00  0   0 F  0
 Reaction Xsec    64.0-/64 @ 3 =   0.002#, Out:   0.000#   0.000#   0.000f

   S-matrix    4 =    1.00000   0.00000 for L=   66, J=   65.5 channel on core I =   1.5 from L=   66,  Acc. loss =  0.0 D.
 Elastic phase shift   4 =    0.000   0.000 deg. for the L =   66, J =   65.5 channel.
      64.0  1.00000000  0.00000008i: elastic S-matrix  @@      0.00  0   0 F  0
 Reaction Xsec    64.0-/66 @ 4 =   0.001#, Out:   0.000#   0.000#   0.000f


 Total SPIN, PARITY =    65.0 +,      4 chs,      0 cc.  Rmin & Coul turning =    5.2   16.2
   S-matrix    1 =    1.00000   0.00000 for L=   63, J=   63.5 channel on core I =   1.5 from L=   63,  Acc. loss =  0.0 D.
 Elastic phase shift   1 =    0.000   0.000 deg. for the L =   63, J =   63.5 channel.
      65.0  1.00000000  0.00000011i: elastic S-matrix  @@      0.00  0   0 F  0
 Reaction Xsec    65.0+/63 @ 1 =   0.004#, Out:   0.000#   0.000#   0.000f

   S-matrix    2 =    1.00000   0.00000 for L=   65, J=   64.5 channel on core I =   1.5 from L=   65,  Acc. loss =  0.0 D.
 Elastic phase shift   2 =    0.000   0.000 deg. for the L =   65, J =   64.5 channel.
      65.0  1.00000000  0.00000009i: elastic S-matrix  @@      0.00  0   0 F  0
 Reaction Xsec    65.0+/65 @ 2 =   0.002#, Out:   0.000#   0.000#   0.000f

   S-matrix    3 =    1.00000   0.00000 for L=   65, J=   65.5 channel on core I =   1.5 from L=   65,  Acc. loss =  0.0 D.
 Elastic phase shift   3 =    0.000   0.000 deg. for the L =   65, J =   65.5 channel.
      65.0  1.00000000  0.00000009i: elastic S-matrix  @@      0.00  0   0 F  0
 Reaction Xsec    65.0+/65 @ 3 =   0.002#, Out:   0.000#   0.000#   0.000f

   S-matrix    4 =    1.00000   0.00000 for L=   67, J=   66.5 channel on core I =   1.5 from L=   67,  Acc. loss =  0.0 D.
 Elastic phase shift   4 =    0.000   0.000 deg. for the L =   67, J =   66.5 channel.
      65.0  1.00000000  0.00000013i: elastic S-matrix  @@      0.00  0   0 F  0
 Reaction Xsec    65.0+/67 @ 4 =   0.001#, Out:   0.000#   0.000#   0.000f


 Total SPIN, PARITY =    65.0 -,      5 chs,      0 cc.  Rmin & Coul turning =    5.2   16.2
   S-matrix    1 =    1.00000   0.00000 for L=   64, J=   63.5 channel on core I =   1.5 from L=   64,  Acc. loss =  0.0 D.
 Elastic phase shift   1 =    0.000   0.000 deg. for the L =   64, J =   63.5 channel.
      65.0  1.00000000  0.00000015i: elastic S-matrix  @@      0.02  0   0 F  0
 Reaction Xsec    65.0-/64 @ 1 =   0.002#, Out:   0.000#   0.000#   0.000f

   S-matrix    2 =    1.00000   0.00000 for L=   64, J=   64.5 channel on core I =   1.5 from L=   64,  Acc. loss =  0.0 D.
 Elastic phase shift   2 =    0.000   0.000 deg. for the L =   64, J =   64.5 channel.
      65.0  1.00000000  0.00000015i: elastic S-matrix  @@      0.00  0   0 F  0
 Reaction Xsec    65.0-/64 @ 2 =   0.002#, Out:   0.000#   0.000#   0.000f

   S-matrix    3 =    1.00000   0.00000 for L=   66, J=   65.5 channel on core I =   1.5 from L=   66,  Acc. loss =  0.0 D.
 Elastic phase shift   3 =    0.000   0.000 deg. for the L =   66, J =   65.5 channel.
      65.0  1.00000000  0.00000008i: elastic S-matrix  @@      0.00  0   0 F  0
 Reaction Xsec    65.0-/66 @ 3 =   0.001#, Out:   0.000#   0.000#   0.000f

   S-matrix    4 =    1.00000   0.00000 for L=   66, J=   66.5 channel on core I =   1.5 from L=   66,  Acc. loss =  0.0 D.
 Elastic phase shift   4 =    0.000   0.000 deg. for the L =   66, J =   66.5 channel.
      65.0  1.00000000  0.00000008i: elastic S-matrix  @@      0.02  0   0 F  0
 Reaction Xsec    65.0-/66 @ 4 =   0.001#, Out:   0.000#   0.000#   0.000f


 Total SPIN, PARITY =    66.0 +,      5 chs,      0 cc.  Rmin & Coul turning =    5.2   16.5
   S-matrix    1 =    1.00000   0.00000 for L=   65, J=   64.5 channel on core I =   1.5 from L=   65,  Acc. loss =  0.0 D.
 Elastic phase shift   1 =    0.000   0.000 deg. for the L =   65, J =   64.5 channel.
      66.0  1.00000000  0.00000009i: elastic S-matrix  @@      0.02  0   0 F  0
 Reaction Xsec    66.0+/65 @ 1 =   0.002#, Out:   0.000#   0.000#   0.000f

   S-matrix    2 =    1.00000   0.00000 for L=   65, J=   65.5 channel on core I =   1.5 from L=   65,  Acc. loss =  0.0 D.
 Elastic phase shift   2 =    0.000   0.000 deg. for the L =   65, J =   65.5 channel.
      66.0  1.00000000  0.00000009i: elastic S-matrix  @@      0.00  0   0 F  0
 Reaction Xsec    66.0+/65 @ 2 =   0.002#, Out:   0.000#   0.000#   0.000f

   S-matrix    3 =    1.00000   0.00000 for L=   67, J=   66.5 channel on core I =   1.5 from L=   67,  Acc. loss =  0.0 D.
 Elastic phase shift   3 =    0.000   0.000 deg. for the L =   67, J =   66.5 channel.
      66.0  1.00000000  0.00000013i: elastic S-matrix  @@      0.00  0   0 F  0
 Reaction Xsec    66.0+/67 @ 3 =   0.001#, Out:   0.000#   0.000#   0.000f

   S-matrix    4 =    1.00000   0.00000 for L=   67, J=   67.5 channel on core I =   1.5 from L=   67,  Acc. loss =  0.0 D.
 Elastic phase shift   4 =    0.000   0.000 deg. for the L =   67, J =   67.5 channel.
      66.0  1.00000000  0.00000013i: elastic S-matrix  @@      0.02  0   0 F  0
 Reaction Xsec    66.0+/67 @ 4 =   0.001#, Out:   0.000#   0.000#   0.000f


 Total SPIN, PARITY =    66.0 -,      4 chs,      0 cc.  Rmin & Coul turning =    5.2   16.5
   S-matrix    1 =    1.00000   0.00000 for L=   64, J=   64.5 channel on core I =   1.5 from L=   64,  Acc. loss =  0.0 D.
 Elastic phase shift   1 =    0.000   0.000 deg. for the L =   64, J =   64.5 channel.
      66.0  1.00000000  0.00000015i: elastic S-matrix  @@      0.00  0   0 F  0
 Reaction Xsec    66.0-/64 @ 1 =   0.003#, Out:   0.000#   0.000#   0.000f

   S-matrix    2 =    1.00000   0.00000 for L=   66, J=   65.5 channel on core I =   1.5 from L=   66,  Acc. loss =  0.0 D.
 Elastic phase shift   2 =    0.000   0.000 deg. for the L =   66, J =   65.5 channel.
      66.0  1.00000000  0.00000008i: elastic S-matrix  @@      0.00  0   0 F  0
 Reaction Xsec    66.0-/66 @ 2 =   0.001#, Out:   0.000#   0.000#   0.000f

   S-matrix    3 =    1.00000   0.00000 for L=   66, J=   66.5 channel on core I =   1.5 from L=   66,  Acc. loss =  0.0 D.
 Elastic phase shift   3 =    0.000   0.000 deg. for the L =   66, J =   66.5 channel.
      66.0  1.00000000  0.00000008i: elastic S-matrix  @@      0.00  0   0 F  0
 Reaction Xsec    66.0-/66 @ 3 =   0.001#, Out:   0.000#   0.000#   0.000f

   S-matrix    4 =    1.00000   0.00000 for L=   68, J=   67.5 channel on core I =   1.5 from L=   68,  Acc. loss =  0.0 D.
 Elastic phase shift   4 =    0.000   0.000 deg. for the L =   68, J =   67.5 channel.
      66.0  1.00000000  0.00000008i: elastic S-matrix  @@      0.00  0   0 F  0
 Reaction Xsec    66.0-/68 @ 4 =   0.000#, Out:   0.000#   0.000#   0.000f


 Total SPIN, PARITY =    67.0 +,      4 chs,      0 cc.  Rmin & Coul turning =    5.4   16.7
   S-matrix    1 =    1.00000   0.00000 for L=   65, J=   65.5 channel on core I =   1.5 from L=   65,  Acc. loss =  0.0 D.
 Elastic phase shift   1 =    0.000   0.000 deg. for the L =   65, J =   65.5 channel.
      67.0  1.00000000  0.00000009i: elastic S-matrix  @@      0.00  0   0 F  0
 Reaction Xsec    67.0+/65 @ 1 =   0.002#, Out:   0.000#   0.000#   0.000f

   S-matrix    2 =    1.00000   0.00000 for L=   67, J=   66.5 channel on core I =   1.5 from L=   67,  Acc. loss =  0.0 D.
 Elastic phase shift   2 =    0.000   0.000 deg. for the L =   67, J =   66.5 channel.
      67.0  1.00000000  0.00000013i: elastic S-matrix  @@      0.00  0   0 F  0
 Reaction Xsec    67.0+/67 @ 2 =   0.001#, Out:   0.000#   0.000#   0.000f

   S-matrix    3 =    1.00000   0.00000 for L=   67, J=   67.5 channel on core I =   1.5 from L=   67,  Acc. loss =  0.0 D.
 Elastic phase shift   3 =    0.000   0.000 deg. for the L =   67, J =   67.5 channel.
      67.0  1.00000000  0.00000013i: elastic S-matrix  @@      0.00  0   0 F  0
 Reaction Xsec    67.0+/67 @ 3 =   0.001#, Out:   0.000#   0.000#   0.000f

   S-matrix    4 =    1.00000   0.00000 for L=   69, J=   68.5 channel on core I =   1.5 from L=   69,  Acc. loss =  0.0 D.
 Elastic phase shift   4 =    0.000   0.000 deg. for the L =   69, J =   68.5 channel.
      67.0  1.00000000  0.00000005i: elastic S-matrix  @@      0.00  0   0 F  0
 Reaction Xsec    67.0+/69 @ 4 =   0.000#, Out:   0.000#   0.000#   0.000f


 Total SPIN, PARITY =    67.0 -,      5 chs,      0 cc.  Rmin & Coul turning =    5.4   16.7
   S-matrix    1 =    1.00000   0.00000 for L=   66, J=   65.5 channel on core I =   1.5 from L=   66,  Acc. loss =  0.0 D.
 Elastic phase shift   1 =    0.000   0.000 deg. for the L =   66, J =   65.5 channel.
      67.0  1.00000000  0.00000008i: elastic S-matrix  @@      0.00  0   0 F  0
 Reaction Xsec    67.0-/66 @ 1 =   0.001#, Out:   0.000#   0.000#   0.000f

   S-matrix    2 =    1.00000   0.00000 for L=   66, J=   66.5 channel on core I =   1.5 from L=   66,  Acc. loss =  0.0 D.
 Elastic phase shift   2 =    0.000   0.000 deg. for the L =   66, J =   66.5 channel.
      67.0  1.00000000  0.00000008i: elastic S-matrix  @@      0.02  0   0 F  0
 Reaction Xsec    67.0-/66 @ 2 =   0.001#, Out:   0.000#   0.000#   0.000f

   S-matrix    3 =    1.00000   0.00000 for L=   68, J=   67.5 channel on core I =   1.5 from L=   68,  Acc. loss =  0.0 D.
 Elastic phase shift   3 =    0.000   0.000 deg. for the L =   68, J =   67.5 channel.
      67.0  1.00000000  0.00000008i: elastic S-matrix  @@      0.00  0   0 F  0
 Reaction Xsec    67.0-/68 @ 3 =   0.000#, Out:   0.000#   0.000#   0.000f

   S-matrix    4 =    1.00000   0.00000 for L=   68, J=   68.5 channel on core I =   1.5 from L=   68,  Acc. loss =  0.0 D.
 Elastic phase shift   4 =    0.000   0.000 deg. for the L =   68, J =   68.5 channel.
      67.0  1.00000000  0.00000008i: elastic S-matrix  @@      0.00  0   0 F  0
 Reaction Xsec    67.0-/68 @ 4 =   0.000#, Out:   0.000#   0.000#   0.000f


 Total SPIN, PARITY =    68.0 +,      5 chs,      0 cc.  Rmin & Coul turning =    5.4   17.0
   S-matrix    1 =    1.00000   0.00000 for L=   67, J=   66.5 channel on core I =   1.5 from L=   67,  Acc. loss =  0.0 D.
 Elastic phase shift   1 =    0.000   0.000 deg. for the L =   67, J =   66.5 channel.
      68.0  1.00000000  0.00000013i: elastic S-matrix  @@      0.02  0   0 F  0
 Reaction Xsec    68.0+/67 @ 1 =   0.001#, Out:   0.000#   0.000#   0.000f

   S-matrix    2 =    1.00000   0.00000 for L=   67, J=   67.5 channel on core I =   1.5 from L=   67,  Acc. loss =  0.0 D.
 Elastic phase shift   2 =    0.000   0.000 deg. for the L =   67, J =   67.5 channel.
      68.0  1.00000000  0.00000013i: elastic S-matrix  @@      0.02  0   0 F  0
 Reaction Xsec    68.0+/67 @ 2 =   0.001#, Out:   0.000#   0.000#   0.000f

   S-matrix    3 =    1.00000   0.00000 for L=   69, J=   68.5 channel on core I =   1.5 from L=   69,  Acc. loss =  0.0 D.
 Elastic phase shift   3 =    0.000   0.000 deg. for the L =   69, J =   68.5 channel.
      68.0  1.00000000  0.00000005i: elastic S-matrix  @@      0.00  0   0 F  0
 Reaction Xsec    68.0+/69 @ 3 =   0.000#, Out:   0.000#   0.000#   0.000f

   S-matrix    4 =    1.00000   0.00000 for L=   69, J=   69.5 channel on core I =   1.5 from L=   69,  Acc. loss =  0.0 D.
 Elastic phase shift   4 =    0.000   0.000 deg. for the L =   69, J =   69.5 channel.
0****** WARNING : ACCURACY LOSS IN ERWIN = 14.5 DIGITS, SO EXPECT ERRORS OF   0.0000 % OF UNITARITY

      68.0  1.00000000  0.00000005i: elastic S-matrix  @@      0.00  0   0 F  0
 Reaction Xsec    68.0+/69 @ 4 =   0.000#, Out:   0.000#   0.000#   0.000f


 Total SPIN, PARITY =    68.0 -,      4 chs,      0 cc.  Rmin & Coul turning =    5.4   17.0
   S-matrix    1 =    1.00000   0.00000 for L=   66, J=   66.5 channel on core I =   1.5 from L=   66,  Acc. loss =  0.0 D.
 Elastic phase shift   1 =    0.000   0.000 deg. for the L =   66, J =   66.5 channel.
      68.0  1.00000000  0.00000008i: elastic S-matrix  @@      0.00  0   0 F  0
 Reaction Xsec    68.0-/66 @ 1 =   0.001#, Out:   0.000#   0.000#   0.000f

   S-matrix    2 =    1.00000   0.00000 for L=   68, J=   67.5 channel on core I =   1.5 from L=   68,  Acc. loss =  0.0 D.
 Elastic phase shift   2 =    0.000   0.000 deg. for the L =   68, J =   67.5 channel.
      68.0  1.00000000  0.00000008i: elastic S-matrix  @@      0.00  0   0 F  0
 Reaction Xsec    68.0-/68 @ 2 =   0.000#, Out:   0.000#   0.000#   0.000f

   S-matrix    3 =    1.00000   0.00000 for L=   68, J=   68.5 channel on core I =   1.5 from L=   68,  Acc. loss =  0.0 D.
 Elastic phase shift   3 =    0.000   0.000 deg. for the L =   68, J =   68.5 channel.
      68.0  1.00000000  0.00000008i: elastic S-matrix  @@      0.00  0   0 F  0
 Reaction Xsec    68.0-/68 @ 3 =   0.000#, Out:   0.000#   0.000#   0.000f

   S-matrix    4 =    1.00000   0.00000 for L=   70, J=   69.5 channel on core I =   1.5 from L=   70,  Acc. loss =  0.0 D.
 Elastic phase shift   4 =    0.000   0.000 deg. for the L =   70, J =   69.5 channel.
      68.0  1.00000000  0.00000010i: elastic S-matrix  @@      0.00  0   0 F  0
 Reaction Xsec    68.0-/70 @ 4 =   0.000#, Out:   0.000#   0.000#   0.000f


 Total SPIN, PARITY =    69.0 +,      4 chs,      0 cc.  Rmin & Coul turning =    5.5   17.2
   S-matrix    1 =    1.00000   0.00000 for L=   67, J=   67.5 channel on core I =   1.5 from L=   67,  Acc. loss =  0.0 D.
 Elastic phase shift   1 =    0.000   0.000 deg. for the L =   67, J =   67.5 channel.
      69.0  1.00000000  0.00000013i: elastic S-matrix  @@      0.00  0   0 F  0
 Reaction Xsec    69.0+/67 @ 1 =   0.001#, Out:   0.000#   0.000#   0.000f

   S-matrix    2 =    1.00000   0.00000 for L=   69, J=   68.5 channel on core I =   1.5 from L=   69,  Acc. loss =  0.0 D.
 Elastic phase shift   2 =    0.000   0.000 deg. for the L =   69, J =   68.5 channel.
      69.0  1.00000000  0.00000005i: elastic S-matrix  @@      0.00  0   0 F  0
 Reaction Xsec    69.0+/69 @ 2 =   0.000#, Out:   0.000#   0.000#   0.000f

   S-matrix    3 =    1.00000   0.00000 for L=   69, J=   69.5 channel on core I =   1.5 from L=   69,  Acc. loss =  0.0 D.
 Elastic phase shift   3 =    0.000   0.000 deg. for the L =   69, J =   69.5 channel.
      69.0  1.00000000  0.00000005i: elastic S-matrix  @@      0.00  0   0 F  0
 Reaction Xsec    69.0+/69 @ 3 =   0.000#, Out:   0.000#   0.000#   0.000f

   S-matrix    4 =    1.00000   0.00000 for L=   71, J=   70.5 channel on core I =   1.5 from L=   71,  Acc. loss =  0.0 D.
 Elastic phase shift   4 =    0.000   0.000 deg. for the L =   71, J =   70.5 channel.
      69.0  1.00000000  0.00000008i: elastic S-matrix  @@      0.00  0   0 F  0
 Reaction Xsec    69.0+/71 @ 4 =   0.000#, Out:   0.000#   0.000#   0.000f


 Total SPIN, PARITY =    69.0 -,      5 chs,      0 cc.  Rmin & Coul turning =    5.5   17.2
   S-matrix    1 =    1.00000   0.00000 for L=   68, J=   67.5 channel on core I =   1.5 from L=   68,  Acc. loss =  0.0 D.
 Elastic phase shift   1 =    0.000   0.000 deg. for the L =   68, J =   67.5 channel.
      69.0  1.00000000  0.00000008i: elastic S-matrix  @@      0.02  0   0 F  0
 Reaction Xsec    69.0-/68 @ 1 =   0.000#, Out:   0.000#   0.000#   0.000f

   S-matrix    2 =    1.00000   0.00000 for L=   68, J=   68.5 channel on core I =   1.5 from L=   68,  Acc. loss =  0.0 D.
 Elastic phase shift   2 =    0.000   0.000 deg. for the L =   68, J =   68.5 channel.
      69.0  1.00000000  0.00000008i: elastic S-matrix  @@      0.00  0   0 F  0
 Reaction Xsec    69.0-/68 @ 2 =   0.000#, Out:   0.000#   0.000#   0.000f

   S-matrix    3 =    1.00000   0.00000 for L=   70, J=   69.5 channel on core I =   1.5 from L=   70,  Acc. loss =  0.0 D.
 Elastic phase shift   3 =    0.000   0.000 deg. for the L =   70, J =   69.5 channel.
      69.0  1.00000000  0.00000010i: elastic S-matrix  @@      0.02  0   0 F  0
 Reaction Xsec    69.0-/70 @ 3 =   0.000#, Out:   0.000#   0.000#   0.000f

   S-matrix    4 =    1.00000   0.00000 for L=   70, J=   70.5 channel on core I =   1.5 from L=   70,  Acc. loss =  0.0 D.
 Elastic phase shift   4 =    0.000   0.000 deg. for the L =   70, J =   70.5 channel.
      69.0  1.00000000  0.00000010i: elastic S-matrix  @@      0.00  0   0 F  0
 Reaction Xsec    69.0-/70 @ 4 =   0.000#, Out:   0.000#   0.000#   0.000f


 Total SPIN, PARITY =    70.0 +,      5 chs,      0 cc.  Rmin & Coul turning =    5.6   17.5
   S-matrix    1 =    1.00000   0.00000 for L=   69, J=   68.5 channel on core I =   1.5 from L=   69,  Acc. loss =  0.0 D.
 Elastic phase shift   1 =    0.000   0.000 deg. for the L =   69, J =   68.5 channel.
      70.0  1.00000000  0.00000005i: elastic S-matrix  @@      0.02  0   0 F  0
 Reaction Xsec    70.0+/69 @ 1 =   0.000#, Out:   0.000#   0.000#   0.000f

   S-matrix    2 =    1.00000   0.00000 for L=   69, J=   69.5 channel on core I =   1.5 from L=   69,  Acc. loss =  0.0 D.
 Elastic phase shift   2 =    0.000   0.000 deg. for the L =   69, J =   69.5 channel.
      70.0  1.00000000  0.00000005i: elastic S-matrix  @@      0.00  0   0 F  0
 Reaction Xsec    70.0+/69 @ 2 =   0.000#, Out:   0.000#   0.000#   0.000f

   S-matrix    3 =    1.00000   0.00000 for L=   71, J=   70.5 channel on core I =   1.5 from L=   71,  Acc. loss =  0.0 D.
 Elastic phase shift   3 =    0.000   0.000 deg. for the L =   71, J =   70.5 channel.
      70.0  1.00000000  0.00000008i: elastic S-matrix  @@      0.02  0   0 F  0
 Reaction Xsec    70.0+/71 @ 3 =   0.000#, Out:   0.000#   0.000#   0.000f

   S-matrix    4 =    1.00000   0.00000 for L=   71, J=   71.5 channel on core I =   1.5 from L=   71,  Acc. loss =  0.0 D.
 Elastic phase shift   4 =    0.000   0.000 deg. for the L =   71, J =   71.5 channel.
      70.0  1.00000000  0.00000008i: elastic S-matrix  @@      0.00  0   0 F  0
 Reaction Xsec    70.0+/71 @ 4 =   0.000#, Out:   0.000#   0.000#   0.000f


 Total SPIN, PARITY =    70.0 -,      4 chs,      0 cc.  Rmin & Coul turning =    5.6   17.5
   S-matrix    1 =    1.00000   0.00000 for L=   68, J=   68.5 channel on core I =   1.5 from L=   68,  Acc. loss =  0.0 D.
 Elastic phase shift   1 =    0.000   0.000 deg. for the L =   68, J =   68.5 channel.
      70.0  1.00000000  0.00000008i: elastic S-matrix  @@      0.00  0   0 F  0
 Reaction Xsec    70.0-/68 @ 1 =   0.000#, Out:   0.000#   0.000#   0.000f

   S-matrix    2 =    1.00000   0.00000 for L=   70, J=   69.5 channel on core I =   1.5 from L=   70,  Acc. loss =  0.0 D.
 Elastic phase shift   2 =    0.000   0.000 deg. for the L =   70, J =   69.5 channel.
      70.0  1.00000000  0.00000010i: elastic S-matrix  @@      0.00  0   0 F  0
 Reaction Xsec    70.0-/70 @ 2 =   0.000#, Out:   0.000#   0.000#   0.000f

   S-matrix    3 =    1.00000   0.00000 for L=   70, J=   70.5 channel on core I =   1.5 from L=   70,  Acc. loss =  0.0 D.
 Elastic phase shift   3 =    0.000   0.000 deg. for the L =   70, J =   70.5 channel.
      70.0  1.00000000  0.00000010i: elastic S-matrix  @@      0.00  0   0 F  0
 Reaction Xsec    70.0-/70 @ 3 =   0.000#, Out:   0.000#   0.000#   0.000f

   S-matrix    4 =    1.00000   0.00000 for L=   72, J=   71.5 channel on core I =   1.5 from L=   72,  Acc. loss =  0.0 D.
 Elastic phase shift   4 =    0.000   0.000 deg. for the L =   72, J =   71.5 channel.
      70.0  1.00000000  0.00000002i: elastic S-matrix  @@      0.00  0   0 F  0
 Reaction Xsec    70.0-/72 @ 4 =   0.000#, Out:   0.000#   0.000#   0.000f


 Total SPIN, PARITY =    71.0 +,      4 chs,      0 cc.  Rmin & Coul turning =    5.7   17.7
   S-matrix    1 =    1.00000   0.00000 for L=   69, J=   69.5 channel on core I =   1.5 from L=   69,  Acc. loss =  0.0 D.
 Elastic phase shift   1 =    0.000   0.000 deg. for the L =   69, J =   69.5 channel.
      71.0  1.00000000  0.00000005i: elastic S-matrix  @@      0.00  0   0 F  0
 Reaction Xsec    71.0+/69 @ 1 =   0.000#, Out:   0.000#   0.000#   0.000f

   S-matrix    2 =    1.00000   0.00000 for L=   71, J=   70.5 channel on core I =   1.5 from L=   71,  Acc. loss =  0.0 D.
 Elastic phase shift   2 =    0.000   0.000 deg. for the L =   71, J =   70.5 channel.
      71.0  1.00000000  0.00000008i: elastic S-matrix  @@      0.00  0   0 F  0
 Reaction Xsec    71.0+/71 @ 2 =   0.000#, Out:   0.000#   0.000#   0.000f

   S-matrix    3 =    1.00000   0.00000 for L=   71, J=   71.5 channel on core I =   1.5 from L=   71,  Acc. loss =  0.0 D.
 Elastic phase shift   3 =    0.000   0.000 deg. for the L =   71, J =   71.5 channel.
      71.0  1.00000000  0.00000008i: elastic S-matrix  @@      0.00  0   0 F  0
 Reaction Xsec    71.0+/71 @ 3 =   0.000#, Out:   0.000#   0.000#   0.000f

   S-matrix    4 =    1.00000   0.00000 for L=   73, J=   72.5 channel on core I =   1.5 from L=   73,  Acc. loss =  0.0 D.
 Elastic phase shift   4 =    0.000   0.000 deg. for the L =   73, J =   72.5 channel.
      71.0  1.00000000  0.00000006i: elastic S-matrix  @@      0.00  0   0 F  0
 Reaction Xsec    71.0+/73 @ 4 =   0.000#, Out:   0.000#   0.000#   0.000f


 Total SPIN, PARITY =    71.0 -,      5 chs,      0 cc.  Rmin & Coul turning =    5.7   17.7
   S-matrix    1 =    1.00000   0.00000 for L=   70, J=   69.5 channel on core I =   1.5 from L=   70,  Acc. loss =  0.0 D.
 Elastic phase shift   1 =    0.000   0.000 deg. for the L =   70, J =   69.5 channel.
      71.0  1.00000000  0.00000010i: elastic S-matrix  @@      0.02  0   0 F  0
 Reaction Xsec    71.0-/70 @ 1 =   0.000#, Out:   0.000#   0.000#   0.000f

   S-matrix    2 =    1.00000   0.00000 for L=   70, J=   70.5 channel on core I =   1.5 from L=   70,  Acc. loss =  0.0 D.
 Elastic phase shift   2 =    0.000   0.000 deg. for the L =   70, J =   70.5 channel.
0****** WARNING : ACCURACY LOSS IN ERWIN = 14.2 DIGITS, SO EXPECT ERRORS OF   0.0000 % OF UNITARITY

      71.0  1.00000000  0.00000010i: elastic S-matrix  @@      0.00  0   0 F  0
 Reaction Xsec    71.0-/70 @ 2 =   0.000#, Out:   0.000#   0.000#   0.000f

   S-matrix    3 =    1.00000   0.00000 for L=   72, J=   71.5 channel on core I =   1.5 from L=   72,  Acc. loss =  0.0 D.
 Elastic phase shift   3 =    0.000   0.000 deg. for the L =   72, J =   71.5 channel.
      71.0  1.00000000  0.00000002i: elastic S-matrix  @@      0.02  0   0 F  0
 Reaction Xsec    71.0-/72 @ 3 =   0.000#, Out:   0.000#   0.000#   0.000f

   S-matrix    4 =    1.00000   0.00000 for L=   72, J=   72.5 channel on core I =   1.5 from L=   72,  Acc. loss =  0.0 D.
 Elastic phase shift   4 =    0.000   0.000 deg. for the L =   72, J =   72.5 channel.
      71.0  1.00000000  0.00000002i: elastic S-matrix  @@      0.00  0   0 F  0
 Reaction Xsec    71.0-/72 @ 4 =   0.000#, Out:   0.000#   0.000#   0.000f


 Total SPIN, PARITY =    72.0 +,      5 chs,      0 cc.  Rmin & Coul turning =    5.8   18.0
   S-matrix    1 =    1.00000   0.00000 for L=   71, J=   70.5 channel on core I =   1.5 from L=   71,  Acc. loss =  0.0 D.
 Elastic phase shift   1 =    0.000   0.000 deg. for the L =   71, J =   70.5 channel.
0****** WARNING : ACCURACY LOSS IN ERWIN = 14.5 DIGITS, SO EXPECT ERRORS OF   0.0000 % OF UNITARITY

      72.0  1.00000000  0.00000008i: elastic S-matrix  @@      0.02  0   0 F  0
 Reaction Xsec    72.0+/71 @ 1 =   0.000#, Out:   0.000#   0.000#   0.000f

   S-matrix    2 =    1.00000   0.00000 for L=   71, J=   71.5 channel on core I =   1.5 from L=   71,  Acc. loss =  0.0 D.
 Elastic phase shift   2 =    0.000   0.000 deg. for the L =   71, J =   71.5 channel.
0****** WARNING : ACCURACY LOSS IN ERWIN = 14.6 DIGITS, SO EXPECT ERRORS OF   0.0000 % OF UNITARITY

      72.0  1.00000000  0.00000008i: elastic S-matrix  @@      0.00  0   0 F  0
 Reaction Xsec    72.0+/71 @ 2 =   0.000#, Out:   0.000#   0.000#   0.000f

   S-matrix    3 =    1.00000   0.00000 for L=   73, J=   72.5 channel on core I =   1.5 from L=   73,  Acc. loss =  0.0 D.
 Elastic phase shift   3 =    0.000   0.000 deg. for the L =   73, J =   72.5 channel.
      72.0  1.00000000  0.00000006i: elastic S-matrix  @@      0.00  0   0 F  0
 Reaction Xsec    72.0+/73 @ 3 =   0.000#, Out:   0.000#   0.000#   0.000f

   S-matrix    4 =    1.00000   0.00000 for L=   73, J=   73.5 channel on core I =   1.5 from L=   73,  Acc. loss =  0.0 D.
 Elastic phase shift   4 =    0.000   0.000 deg. for the L =   73, J =   73.5 channel.
0****** WARNING : ACCURACY LOSS IN ERWIN = 14.2 DIGITS, SO EXPECT ERRORS OF   0.0000 % OF UNITARITY

      72.0  1.00000000  0.00000006i: elastic S-matrix  @@      0.02  0   0 F  0
 Reaction Xsec    72.0+/73 @ 4 =   0.000#, Out:   0.000#   0.000#   0.000f


 Total SPIN, PARITY =    72.0 -,      4 chs,      0 cc.  Rmin & Coul turning =    5.8   18.0
   S-matrix    1 =    1.00000   0.00000 for L=   70, J=   70.5 channel on core I =   1.5 from L=   70,  Acc. loss =  0.0 D.
 Elastic phase shift   1 =    0.000   0.000 deg. for the L =   70, J =   70.5 channel.
      72.0  1.00000000  0.00000010i: elastic S-matrix  @@      0.00  0   0 F  0
 Reaction Xsec    72.0-/70 @ 1 =   0.000#, Out:   0.000#   0.000#   0.000f

   S-matrix    2 =    1.00000   0.00000 for L=   72, J=   71.5 channel on core I =   1.5 from L=   72,  Acc. loss =  0.0 D.
 Elastic phase shift   2 =    0.000   0.000 deg. for the L =   72, J =   71.5 channel.
      72.0  1.00000000  0.00000002i: elastic S-matrix  @@      0.00  0   0 F  0
 Reaction Xsec    72.0-/72 @ 2 =   0.000#, Out:   0.000#   0.000#   0.000f

   S-matrix    3 =    1.00000   0.00000 for L=   72, J=   72.5 channel on core I =   1.5 from L=   72,  Acc. loss =  0.0 D.
 Elastic phase shift   3 =    0.000   0.000 deg. for the L =   72, J =   72.5 channel.
      72.0  1.00000000  0.00000002i: elastic S-matrix  @@      0.00  0   0 F  0
 Reaction Xsec    72.0-/72 @ 3 =   0.000#, Out:   0.000#   0.000#   0.000f

   S-matrix    4 =    1.00000   0.00000 for L=   74, J=   73.5 channel on core I =   1.5 from L=   74,  Acc. loss =  0.0 D.
 Elastic phase shift   4 =    0.000   0.000 deg. for the L =   74, J =   73.5 channel.
      72.0  1.00000000  0.00000008i: elastic S-matrix  @@      0.00  0   0 F  0
 Reaction Xsec    72.0-/74 @ 4 =   0.000#, Out:   0.000#   0.000#   0.000f


 Total SPIN, PARITY =    73.0 +,      4 chs,      0 cc.  Rmin & Coul turning =    5.8   18.2
   S-matrix    1 =    1.00000   0.00000 for L=   71, J=   71.5 channel on core I =   1.5 from L=   71,  Acc. loss =  0.0 D.
 Elastic phase shift   1 =    0.000   0.000 deg. for the L =   71, J =   71.5 channel.
      73.0  1.00000000  0.00000008i: elastic S-matrix  @@      0.00  0   0 F  0
 Reaction Xsec    73.0+/71 @ 1 =   0.000#, Out:   0.000#   0.000#   0.000f

   S-matrix    2 =    1.00000   0.00000 for L=   73, J=   72.5 channel on core I =   1.5 from L=   73,  Acc. loss =  0.0 D.
 Elastic phase shift   2 =    0.000   0.000 deg. for the L =   73, J =   72.5 channel.
      73.0  1.00000000  0.00000006i: elastic S-matrix  @@      0.00  0   0 F  0
 Reaction Xsec    73.0+/73 @ 2 =   0.000#, Out:   0.000#   0.000#   0.000f

   S-matrix    3 =    1.00000   0.00000 for L=   73, J=   73.5 channel on core I =   1.5 from L=   73,  Acc. loss =  0.0 D.
 Elastic phase shift   3 =    0.000   0.000 deg. for the L =   73, J =   73.5 channel.
      73.0  1.00000000  0.00000006i: elastic S-matrix  @@      0.00  0   0 F  0
 Reaction Xsec    73.0+/73 @ 3 =   0.000#, Out:   0.000#   0.000#   0.000f

   S-matrix    4 =    1.00000   0.00000 for L=   75, J=   74.5 channel on core I =   1.5 from L=   75,  Acc. loss =  0.0 D.
 Elastic phase shift   4 =    0.000   0.000 deg. for the L =   75, J =   74.5 channel.
      73.0  1.00000000  0.00000001i: elastic S-matrix  @@      0.00  0   0 F  0
 Reaction Xsec    73.0+/75 @ 4 =   0.000#, Out:   0.000#   0.000#   0.000f


 Total SPIN, PARITY =    73.0 -,      5 chs,      0 cc.  Rmin & Coul turning =    5.8   18.2
   S-matrix    1 =    1.00000   0.00000 for L=   72, J=   71.5 channel on core I =   1.5 from L=   72,  Acc. loss =  0.0 D.
 Elastic phase shift   1 =    0.000   0.000 deg. for the L =   72, J =   71.5 channel.
0****** WARNING : ACCURACY LOSS IN ERWIN = 14.2 DIGITS, SO EXPECT ERRORS OF   0.0000 % OF UNITARITY

      73.0  1.00000000  0.00000002i: elastic S-matrix  @@      0.02  0   0 F  0
 Reaction Xsec    73.0-/72 @ 1 =   0.000#, Out:   0.000#   0.000#   0.000f

   S-matrix    2 =    1.00000   0.00000 for L=   72, J=   72.5 channel on core I =   1.5 from L=   72,  Acc. loss =  0.0 D.
 Elastic phase shift   2 =    0.000   0.000 deg. for the L =   72, J =   72.5 channel.
0****** WARNING : ACCURACY LOSS IN ERWIN = 14.3 DIGITS, SO EXPECT ERRORS OF   0.0000 % OF UNITARITY

      73.0  1.00000000  0.00000002i: elastic S-matrix  @@      0.00  0   0 F  0
 Reaction Xsec    73.0-/72 @ 2 =   0.000#, Out:   0.000#   0.000#   0.000f

   S-matrix    3 =    1.00000   0.00000 for L=   74, J=   73.5 channel on core I =   1.5 from L=   74,  Acc. loss =  0.0 D.
 Elastic phase shift   3 =    0.000   0.000 deg. for the L =   74, J =   73.5 channel.
      73.0  1.00000000  0.00000008i: elastic S-matrix  @@      0.00  0   0 F  0
 Reaction Xsec    73.0-/74 @ 3 =   0.000#, Out:   0.000#   0.000#   0.000f

   S-matrix    4 =    1.00000   0.00000 for L=   74, J=   74.5 channel on core I =   1.5 from L=   74,  Acc. loss =  0.0 D.
 Elastic phase shift   4 =    0.000   0.000 deg. for the L =   74, J =   74.5 channel.
      73.0  1.00000000  0.00000008i: elastic S-matrix  @@      0.02  0   0 F  0
 Reaction Xsec    73.0-/74 @ 4 =   0.000#, Out:   0.000#   0.000#   0.000f


 Total SPIN, PARITY =    74.0 +,      5 chs,      0 cc.  Rmin & Coul turning =    5.9   18.5
   S-matrix    1 =    1.00000   0.00000 for L=   73, J=   72.5 channel on core I =   1.5 from L=   73,  Acc. loss =  0.0 D.
 Elastic phase shift   1 =    0.000   0.000 deg. for the L =   73, J =   72.5 channel.
      74.0  1.00000000  0.00000006i: elastic S-matrix  @@      0.00  0   0 F  0
 Reaction Xsec    74.0+/73 @ 1 =   0.000#, Out:   0.000#   0.000#   0.000f

   S-matrix    2 =    1.00000   0.00000 for L=   73, J=   73.5 channel on core I =   1.5 from L=   73,  Acc. loss =  0.0 D.
 Elastic phase shift   2 =    0.000   0.000 deg. for the L =   73, J =   73.5 channel.
0****** WARNING : ACCURACY LOSS IN ERWIN = 14.1 DIGITS, SO EXPECT ERRORS OF   0.0000 % OF UNITARITY

      74.0  1.00000000  0.00000006i: elastic S-matrix  @@      0.02  0   0 F  0
 Reaction Xsec    74.0+/73 @ 2 =   0.000#, Out:   0.000#   0.000#   0.000f

   S-matrix    3 =    1.00000   0.00000 for L=   75, J=   74.5 channel on core I =   1.5 from L=   75,  Acc. loss =  0.0 D.
 Elastic phase shift   3 =    0.000   0.000 deg. for the L =   75, J =   74.5 channel.
0****** WARNING : ACCURACY LOSS IN ERWIN = 14.2 DIGITS, SO EXPECT ERRORS OF   0.0000 % OF UNITARITY

      74.0  1.00000000  0.00000001i: elastic S-matrix  @@      0.00  0   0 F  0
 Reaction Xsec    74.0+/75 @ 3 =   0.000#, Out:   0.000#   0.000#   0.000f

   S-matrix    4 =    1.00000   0.00000 for L=   75, J=   75.5 channel on core I =   1.5 from L=   75,  Acc. loss =  0.0 D.
 Elastic phase shift   4 =    0.000   0.000 deg. for the L =   75, J =   75.5 channel.
0****** WARNING : ACCURACY LOSS IN ERWIN = 14.2 DIGITS, SO EXPECT ERRORS OF   0.0000 % OF UNITARITY

      74.0  1.00000000  0.00000001i: elastic S-matrix  @@      0.00  0   0 F  0
 Reaction Xsec    74.0+/75 @ 4 =   0.000#, Out:   0.000#   0.000#   0.000f


 Total SPIN, PARITY =    74.0 -,      4 chs,      0 cc.  Rmin & Coul turning =    5.9   18.5
   S-matrix    1 =    1.00000   0.00000 for L=   72, J=   72.5 channel on core I =   1.5 from L=   72,  Acc. loss =  0.0 D.
 Elastic phase shift   1 =    0.000   0.000 deg. for the L =   72, J =   72.5 channel.
      74.0  1.00000000  0.00000002i: elastic S-matrix  @@      0.00  0   0 F  0
 Reaction Xsec    74.0-/72 @ 1 =   0.000#, Out:   0.000#   0.000#   0.000f

   S-matrix    2 =    1.00000   0.00000 for L=   74, J=   73.5 channel on core I =   1.5 from L=   74,  Acc. loss =  0.0 D.
 Elastic phase shift   2 =    0.000   0.000 deg. for the L =   74, J =   73.5 channel.
      74.0  1.00000000  0.00000008i: elastic S-matrix  @@      0.00  0   0 F  0
 Reaction Xsec    74.0-/74 @ 2 =   0.000#, Out:   0.000#   0.000#   0.000f

   S-matrix    3 =    1.00000   0.00000 for L=   74, J=   74.5 channel on core I =   1.5 from L=   74,  Acc. loss =  0.0 D.
 Elastic phase shift   3 =    0.000   0.000 deg. for the L =   74, J =   74.5 channel.
      74.0  1.00000000  0.00000008i: elastic S-matrix  @@      0.00  0   0 F  0
 Reaction Xsec    74.0-/74 @ 3 =   0.000#, Out:   0.000#   0.000#   0.000f

   S-matrix    4 =    1.00000   0.00000 for L=   76, J=   75.5 channel on core I =   1.5 from L=   76,  Acc. loss =  0.0 D.
 Elastic phase shift   4 =    0.000   0.000 deg. for the L =   76, J =   75.5 channel.
      74.0  1.00000000  0.00000001i: elastic S-matrix  @@      0.00  0   0 F  0
 Reaction Xsec    74.0-/76 @ 4 =   0.000#, Out:   0.000#   0.000#   0.000f


 Total SPIN, PARITY =    75.0 +,      4 chs,      0 cc.  Rmin & Coul turning =    6.0   18.7
   S-matrix    1 =    1.00000   0.00000 for L=   73, J=   73.5 channel on core I =   1.5 from L=   73,  Acc. loss =  0.0 D.
 Elastic phase shift   1 =    0.000   0.000 deg. for the L =   73, J =   73.5 channel.
      75.0  1.00000000  0.00000006i: elastic S-matrix  @@      0.00  0   0 F  0
 Reaction Xsec    75.0+/73 @ 1 =   0.000#, Out:   0.000#   0.000#   0.000f

   S-matrix    2 =    1.00000   0.00000 for L=   75, J=   74.5 channel on core I =   1.5 from L=   75,  Acc. loss =  0.0 D.
 Elastic phase shift   2 =    0.000   0.000 deg. for the L =   75, J =   74.5 channel.
      75.0  1.00000000  0.00000001i: elastic S-matrix  @@      0.00  0   0 F  0
 Reaction Xsec    75.0+/75 @ 2 =   0.000#, Out:   0.000#   0.000#   0.000f

   S-matrix    3 =    1.00000   0.00000 for L=   75, J=   75.5 channel on core I =   1.5 from L=   75,  Acc. loss =  0.0 D.
 Elastic phase shift   3 =    0.000   0.000 deg. for the L =   75, J =   75.5 channel.
      75.0  1.00000000  0.00000001i: elastic S-matrix  @@      0.00  0   0 F  0
 Reaction Xsec    75.0+/75 @ 3 =   0.000#, Out:   0.000#   0.000#   0.000f

   S-matrix    4 =    1.00000   0.00000 for L=   77, J=   76.5 channel on core I =   1.5 from L=   77,  Acc. loss =  0.0 D.
 Elastic phase shift   4 =    0.000   0.000 deg. for the L =   77, J =   76.5 channel.
      75.0  1.00000000  0.00000006i: elastic S-matrix  @@      0.00  0   0 F  0
 Reaction Xsec    75.0+/77 @ 4 =   0.000#, Out:   0.000#   0.000#   0.000f


 Total SPIN, PARITY =    75.0 -,      5 chs,      0 cc.  Rmin & Coul turning =    6.0   18.7
   S-matrix    1 =    1.00000   0.00000 for L=   74, J=   73.5 channel on core I =   1.5 from L=   74,  Acc. loss =  0.0 D.
 Elastic phase shift   1 =    0.000   0.000 deg. for the L =   74, J =   73.5 channel.
0****** WARNING : ACCURACY LOSS IN ERWIN = 15.0 DIGITS, SO EXPECT ERRORS OF   0.0000 % OF UNITARITY

      75.0  1.00000000  0.00000008i: elastic S-matrix  @@      0.02  0   0 F  0
 Reaction Xsec    75.0-/74 @ 1 =   0.000#, Out:   0.000#   0.000#   0.000f

   S-matrix    2 =    1.00000   0.00000 for L=   74, J=   74.5 channel on core I =   1.5 from L=   74,  Acc. loss =  0.0 D.
 Elastic phase shift   2 =    0.000   0.000 deg. for the L =   74, J =   74.5 channel.
0****** WARNING : ACCURACY LOSS IN ERWIN = 14.7 DIGITS, SO EXPECT ERRORS OF   0.0000 % OF UNITARITY

      75.0  1.00000000  0.00000008i: elastic S-matrix  @@      0.02  0   0 F  0
 Reaction Xsec    75.0-/74 @ 2 =   0.000#, Out:   0.000#   0.000#   0.000f

   S-matrix    3 =    1.00000   0.00000 for L=   76, J=   75.5 channel on core I =   1.5 from L=   76,  Acc. loss =  0.0 D.
 Elastic phase shift   3 =    0.000   0.000 deg. for the L =   76, J =   75.5 channel.
0****** WARNING : ACCURACY LOSS IN ERWIN = 14.4 DIGITS, SO EXPECT ERRORS OF   0.0000 % OF UNITARITY

      75.0  1.00000000  0.00000001i: elastic S-matrix  @@      0.00  0   0 F  0
 Reaction Xsec    75.0-/76 @ 3 =   0.000#, Out:   0.000#   0.000#   0.000f

   S-matrix    4 =    1.00000   0.00000 for L=   76, J=   76.5 channel on core I =   1.5 from L=   76,  Acc. loss =  0.0 D.
 Elastic phase shift   4 =    0.000   0.000 deg. for the L =   76, J =   76.5 channel.
0****** WARNING : ACCURACY LOSS IN ERWIN = 14.3 DIGITS, SO EXPECT ERRORS OF   0.0000 % OF UNITARITY

      75.0  1.00000000  0.00000001i: elastic S-matrix  @@      0.00  0   0 F  0
 Reaction Xsec    75.0-/76 @ 4 =   0.000#, Out:   0.000#   0.000#   0.000f


 Total SPIN, PARITY =    76.0 +,      5 chs,      0 cc.  Rmin & Coul turning =    6.1   19.0
   S-matrix    1 =    1.00000   0.00000 for L=   75, J=   74.5 channel on core I =   1.5 from L=   75,  Acc. loss =  0.0 D.
 Elastic phase shift   1 =    0.000   0.000 deg. for the L =   75, J =   74.5 channel.
0****** WARNING : ACCURACY LOSS IN ERWIN = 14.2 DIGITS, SO EXPECT ERRORS OF   0.0000 % OF UNITARITY

      76.0  1.00000000  0.00000001i: elastic S-matrix  @@      0.02  0   0 F  0
 Reaction Xsec    76.0+/75 @ 1 =   0.000#, Out:   0.000#   0.000#   0.000f

   S-matrix    2 =    1.00000   0.00000 for L=   75, J=   75.5 channel on core I =   1.5 from L=   75,  Acc. loss =  0.0 D.
 Elastic phase shift   2 =    0.000   0.000 deg. for the L =   75, J =   75.5 channel.
      76.0  1.00000000  0.00000001i: elastic S-matrix  @@      0.00  0   0 F  0
 Reaction Xsec    76.0+/75 @ 2 =   0.000#, Out:   0.000#   0.000#   0.000f

   S-matrix    3 =    1.00000   0.00000 for L=   77, J=   76.5 channel on core I =   1.5 from L=   77,  Acc. loss =  0.0 D.
 Elastic phase shift   3 =    0.000   0.000 deg. for the L =   77, J =   76.5 channel.
      76.0  1.00000000  0.00000006i: elastic S-matrix  @@      0.02  0   0 F  0
 Reaction Xsec    76.0+/77 @ 3 =   0.000#, Out:   0.000#   0.000#   0.000f

   S-matrix    4 =    1.00000   0.00000 for L=   77, J=   77.5 channel on core I =   1.5 from L=   77,  Acc. loss =  0.0 D.
 Elastic phase shift   4 =    0.000   0.000 deg. for the L =   77, J =   77.5 channel.
0****** WARNING : ACCURACY LOSS IN ERWIN = 14.6 DIGITS, SO EXPECT ERRORS OF   0.0000 % OF UNITARITY

      76.0  1.00000000  0.00000006i: elastic S-matrix  @@      0.00  0   0 F  0
 Reaction Xsec    76.0+/77 @ 4 =   0.000#, Out:   0.000#   0.000#   0.000f


 Total SPIN, PARITY =    76.0 -,      4 chs,      0 cc.  Rmin & Coul turning =    6.1   19.0
   S-matrix    1 =    1.00000   0.00000 for L=   74, J=   74.5 channel on core I =   1.5 from L=   74,  Acc. loss =  0.0 D.
 Elastic phase shift   1 =    0.000   0.000 deg. for the L =   74, J =   74.5 channel.
      76.0  1.00000000  0.00000008i: elastic S-matrix  @@      0.00  0   0 F  0
 Reaction Xsec    76.0-/74 @ 1 =   0.000#, Out:   0.000#   0.000#   0.000f

   S-matrix    2 =    1.00000   0.00000 for L=   76, J=   75.5 channel on core I =   1.5 from L=   76,  Acc. loss =  0.0 D.
 Elastic phase shift   2 =    0.000   0.000 deg. for the L =   76, J =   75.5 channel.
      76.0  1.00000000  0.00000001i: elastic S-matrix  @@      0.00  0   0 F  0
 Reaction Xsec    76.0-/76 @ 2 =   0.000#, Out:   0.000#   0.000#   0.000f

   S-matrix    3 =    1.00000   0.00000 for L=   76, J=   76.5 channel on core I =   1.5 from L=   76,  Acc. loss =  0.0 D.
 Elastic phase shift   3 =    0.000   0.000 deg. for the L =   76, J =   76.5 channel.
      76.0  1.00000000  0.00000001i: elastic S-matrix  @@      0.00  0   0 F  0
 Reaction Xsec    76.0-/76 @ 3 =   0.000#, Out:   0.000#   0.000#   0.000f

   S-matrix    4 =    1.00000   0.00000 for L=   78, J=   77.5 channel on core I =   1.5 from L=   78,  Acc. loss =  0.0 D.
 Elastic phase shift   4 =    0.000   0.000 deg. for the L =   78, J =   77.5 channel.
      76.0  1.00000000  0.00000004i: elastic S-matrix  @@      0.00  0   0 F  0
 Reaction Xsec    76.0-/78 @ 4 =   0.000#, Out:   0.000#   0.000#   0.000f


 Total SPIN, PARITY =    77.0 +,      4 chs,      0 cc.  Rmin & Coul turning =    6.2   19.2
   S-matrix    1 =    1.00000   0.00000 for L=   75, J=   75.5 channel on core I =   1.5 from L=   75,  Acc. loss =  0.0 D.
 Elastic phase shift   1 =    0.000   0.000 deg. for the L =   75, J =   75.5 channel.
      77.0  1.00000000  0.00000001i: elastic S-matrix  @@      0.00  0   0 F  0
 Reaction Xsec    77.0+/75 @ 1 =   0.000#, Out:   0.000#   0.000#   0.000f

   S-matrix    2 =    1.00000   0.00000 for L=   77, J=   76.5 channel on core I =   1.5 from L=   77,  Acc. loss =  0.0 D.
 Elastic phase shift   2 =    0.000   0.000 deg. for the L =   77, J =   76.5 channel.
      77.0  1.00000000  0.00000006i: elastic S-matrix  @@      0.00  0   0 F  0
 Reaction Xsec    77.0+/77 @ 2 =   0.000#, Out:   0.000#   0.000#   0.000f

   S-matrix    3 =    1.00000   0.00000 for L=   77, J=   77.5 channel on core I =   1.5 from L=   77,  Acc. loss =  0.0 D.
 Elastic phase shift   3 =    0.000   0.000 deg. for the L =   77, J =   77.5 channel.
      77.0  1.00000000  0.00000006i: elastic S-matrix  @@      0.00  0   0 F  0
 Reaction Xsec    77.0+/77 @ 3 =   0.000#, Out:   0.000#   0.000#   0.000f

   S-matrix    4 =    1.00000  -0.00000 for L=   79, J=   78.5 channel on core I =   1.5 from L=   79,  Acc. loss =  0.0 D.
 Elastic phase shift   4 =   -0.000   0.000 deg. for the L =   79, J =   78.5 channel.
      77.0  1.00000000 -0.00000003i: elastic S-matrix  @@      0.00  0   0 F  0
 Reaction Xsec    77.0+/79 @ 4 =   0.000#, Out:   0.000#   0.000#   0.000f


 Total SPIN, PARITY =    77.0 -,      5 chs,      0 cc.  Rmin & Coul turning =    6.2   19.2
   S-matrix    1 =    1.00000   0.00000 for L=   76, J=   75.5 channel on core I =   1.5 from L=   76,  Acc. loss =  0.0 D.
 Elastic phase shift   1 =    0.000   0.000 deg. for the L =   76, J =   75.5 channel.
      77.0  1.00000000  0.00000001i: elastic S-matrix  @@      0.02  0   0 F  0
 Reaction Xsec    77.0-/76 @ 1 =   0.000#, Out:   0.000#   0.000#   0.000f

   S-matrix    2 =    1.00000   0.00000 for L=   76, J=   76.5 channel on core I =   1.5 from L=   76,  Acc. loss =  0.0 D.
 Elastic phase shift   2 =    0.000   0.000 deg. for the L =   76, J =   76.5 channel.
      77.0  1.00000000  0.00000001i: elastic S-matrix  @@      0.00  0   0 F  0
 Reaction Xsec    77.0-/76 @ 2 =   0.000#, Out:   0.000#   0.000#   0.000f

   S-matrix    3 =    1.00000   0.00000 for L=   78, J=   77.5 channel on core I =   1.5 from L=   78,  Acc. loss =  0.0 D.
 Elastic phase shift   3 =    0.000   0.000 deg. for the L =   78, J =   77.5 channel.
      77.0  1.00000000  0.00000004i: elastic S-matrix  @@      0.02  0   0 F  0
 Reaction Xsec    77.0-/78 @ 3 =   0.000#, Out:   0.000#   0.000#   0.000f

   S-matrix    4 =    1.00000   0.00000 for L=   78, J=   78.5 channel on core I =   1.5 from L=   78,  Acc. loss =  0.0 D.
 Elastic phase shift   4 =    0.000   0.000 deg. for the L =   78, J =   78.5 channel.
      77.0  1.00000000  0.00000004i: elastic S-matrix  @@      0.00  0   0 F  0
 Reaction Xsec    77.0-/78 @ 4 =   0.000#, Out:   0.000#   0.000#   0.000f


 Total SPIN, PARITY =    78.0 +,      5 chs,      0 cc.  Rmin & Coul turning =    6.2   19.5
   S-matrix    1 =    1.00000   0.00000 for L=   77, J=   76.5 channel on core I =   1.5 from L=   77,  Acc. loss =  0.0 D.
 Elastic phase shift   1 =    0.000   0.000 deg. for the L =   77, J =   76.5 channel.
      78.0  1.00000000  0.00000006i: elastic S-matrix  @@      0.02  0   0 F  0
 Reaction Xsec    78.0+/77 @ 1 =   0.000#, Out:   0.000#   0.000#   0.000f

   S-matrix    2 =    1.00000   0.00000 for L=   77, J=   77.5 channel on core I =   1.5 from L=   77,  Acc. loss =  0.0 D.
 Elastic phase shift   2 =    0.000   0.000 deg. for the L =   77, J =   77.5 channel.
0****** WARNING : ACCURACY LOSS IN ERWIN = 15.0 DIGITS, SO EXPECT ERRORS OF   0.0000 % OF UNITARITY

      78.0  1.00000000  0.00000006i: elastic S-matrix  @@      0.00  0   0 F  0
 Reaction Xsec    78.0+/77 @ 2 =   0.000#, Out:   0.000#   0.000#   0.000f

   S-matrix    3 =    1.00000  -0.00000 for L=   79, J=   78.5 channel on core I =   1.5 from L=   79,  Acc. loss =  0.0 D.
 Elastic phase shift   3 =   -0.000   0.000 deg. for the L =   79, J =   78.5 channel.
      78.0  1.00000000 -0.00000003i: elastic S-matrix  @@      0.00  0   0 F  0
 Reaction Xsec    78.0+/79 @ 3 =   0.000#, Out:   0.000#   0.000#   0.000f

   S-matrix    4 =    1.00000  -0.00000 for L=   79, J=   79.5 channel on core I =   1.5 from L=   79,  Acc. loss =  0.0 D.
 Elastic phase shift   4 =   -0.000   0.000 deg. for the L =   79, J =   79.5 channel.
      78.0  1.00000000 -0.00000003i: elastic S-matrix  @@      0.02  0   0 F  0
 Reaction Xsec    78.0+/79 @ 4 =   0.000#, Out:   0.000#   0.000#   0.000f


 Total SPIN, PARITY =    78.0 -,      4 chs,      0 cc.  Rmin & Coul turning =    6.2   19.5
   S-matrix    1 =    1.00000   0.00000 for L=   76, J=   76.5 channel on core I =   1.5 from L=   76,  Acc. loss =  0.0 D.
 Elastic phase shift   1 =    0.000   0.000 deg. for the L =   76, J =   76.5 channel.
      78.0  1.00000000  0.00000001i: elastic S-matrix  @@      0.00  0   0 F  0
 Reaction Xsec    78.0-/76 @ 1 =   0.000#, Out:   0.000#   0.000#   0.000f

   S-matrix    2 =    1.00000   0.00000 for L=   78, J=   77.5 channel on core I =   1.5 from L=   78,  Acc. loss =  0.0 D.
 Elastic phase shift   2 =    0.000   0.000 deg. for the L =   78, J =   77.5 channel.
      78.0  1.00000000  0.00000004i: elastic S-matrix  @@      0.00  0   0 F  0
 Reaction Xsec    78.0-/78 @ 2 =   0.000#, Out:   0.000#   0.000#   0.000f

   S-matrix    3 =    1.00000   0.00000 for L=   78, J=   78.5 channel on core I =   1.5 from L=   78,  Acc. loss =  0.0 D.
 Elastic phase shift   3 =    0.000   0.000 deg. for the L =   78, J =   78.5 channel.
      78.0  1.00000000  0.00000004i: elastic S-matrix  @@      0.00  0   0 F  0
 Reaction Xsec    78.0-/78 @ 3 =   0.000#, Out:   0.000#   0.000#   0.000f

   S-matrix    4 =    1.00000   0.00000 for L=   80, J=   79.5 channel on core I =   1.5 from L=   80,  Acc. loss =  0.0 D.
 Elastic phase shift   4 =    0.000   0.000 deg. for the L =   80, J =   79.5 channel.
      78.0  1.00000000  0.00000000i: elastic S-matrix  @@      0.00  0   0 F  0
 Reaction Xsec    78.0-/80 @ 4 =   0.000#, Out:   0.000#   0.000#   0.000f


 Total SPIN, PARITY =    79.0 +,      4 chs,      0 cc.  Rmin & Coul turning =    6.3   19.7
   S-matrix    1 =    1.00000   0.00000 for L=   77, J=   77.5 channel on core I =   1.5 from L=   77,  Acc. loss =  0.0 D.
 Elastic phase shift   1 =    0.000   0.000 deg. for the L =   77, J =   77.5 channel.
      79.0  1.00000000  0.00000006i: elastic S-matrix  @@      0.00  0   0 F  0
 Reaction Xsec    79.0+/77 @ 1 =   0.000#, Out:   0.000#   0.000#   0.000f

   S-matrix    2 =    1.00000  -0.00000 for L=   79, J=   78.5 channel on core I =   1.5 from L=   79,  Acc. loss =  0.0 D.
 Elastic phase shift   2 =   -0.000   0.000 deg. for the L =   79, J =   78.5 channel.
      79.0  1.00000000 -0.00000003i: elastic S-matrix  @@      0.00  0   0 F  0
 Reaction Xsec    79.0+/79 @ 2 =   0.000#, Out:   0.000#   0.000#   0.000f

   S-matrix    3 =    1.00000  -0.00000 for L=   79, J=   79.5 channel on core I =   1.5 from L=   79,  Acc. loss =  0.0 D.
 Elastic phase shift   3 =   -0.000   0.000 deg. for the L =   79, J =   79.5 channel.
      79.0  1.00000000 -0.00000003i: elastic S-matrix  @@      0.00  0   0 F  0
 Reaction Xsec    79.0+/79 @ 3 =   0.000#, Out:   0.000#   0.000#   0.000f

   S-matrix    4 =    1.00000   0.00000 for L=   81, J=   80.5 channel on core I =   1.5 from L=   81,  Acc. loss =  0.0 D.
 Elastic phase shift   4 =    0.000   0.000 deg. for the L =   81, J =   80.5 channel.
      79.0  1.00000000  0.00000005i: elastic S-matrix  @@      0.00  0   0 F  0
 Reaction Xsec    79.0+/81 @ 4 =   0.000#, Out:   0.000#   0.000#   0.000f


 Total SPIN, PARITY =    79.0 -,      5 chs,      0 cc.  Rmin & Coul turning =    6.3   19.7
   S-matrix    1 =    1.00000   0.00000 for L=   78, J=   77.5 channel on core I =   1.5 from L=   78,  Acc. loss =  0.0 D.
 Elastic phase shift   1 =    0.000   0.000 deg. for the L =   78, J =   77.5 channel.
0****** WARNING : ACCURACY LOSS IN ERWIN = 14.2 DIGITS, SO EXPECT ERRORS OF   0.0000 % OF UNITARITY

      79.0  1.00000000  0.00000004i: elastic S-matrix  @@      0.02  0   0 F  0
 Reaction Xsec    79.0-/78 @ 1 =   0.000#, Out:   0.000#   0.000#   0.000f

   S-matrix    2 =    1.00000   0.00000 for L=   78, J=   78.5 channel on core I =   1.5 from L=   78,  Acc. loss =  0.0 D.
 Elastic phase shift   2 =    0.000   0.000 deg. for the L =   78, J =   78.5 channel.
0****** WARNING : ACCURACY LOSS IN ERWIN = 14.2 DIGITS, SO EXPECT ERRORS OF   0.0000 % OF UNITARITY

      79.0  1.00000000  0.00000004i: elastic S-matrix  @@      0.00  0   0 F  0
 Reaction Xsec    79.0-/78 @ 2 =   0.000#, Out:   0.000#   0.000#   0.000f

   S-matrix    3 =    1.00000   0.00000 for L=   80, J=   79.5 channel on core I =   1.5 from L=   80,  Acc. loss =  0.0 D.
 Elastic phase shift   3 =    0.000   0.000 deg. for the L =   80, J =   79.5 channel.
      79.0  1.00000000  0.00000000i: elastic S-matrix  @@      0.00  0   0 F  0
 Reaction Xsec    79.0-/80 @ 3 =   0.000#, Out:   0.000#   0.000#   0.000f

   S-matrix    4 =    1.00000   0.00000 for L=   80, J=   80.5 channel on core I =   1.5 from L=   80,  Acc. loss =  0.0 D.
 Elastic phase shift   4 =    0.000   0.000 deg. for the L =   80, J =   80.5 channel.
      79.0  1.00000000  0.00000000i: elastic S-matrix  @@      0.02  0   0 F  0
 Reaction Xsec    79.0-/80 @ 4 =   0.000#, Out:   0.000#   0.000#   0.000f


 Total SPIN, PARITY =    80.0 +,      5 chs,      0 cc.  Rmin & Coul turning =    6.4   20.0
   S-matrix    1 =    1.00000  -0.00000 for L=   79, J=   78.5 channel on core I =   1.5 from L=   79,  Acc. loss =  0.0 D.
 Elastic phase shift   1 =   -0.000   0.000 deg. for the L =   79, J =   78.5 channel.
      80.0  1.00000000 -0.00000003i: elastic S-matrix  @@      0.00  0   0 F  0
 Reaction Xsec    80.0+/79 @ 1 =   0.000#, Out:   0.000#   0.000#   0.000f

   S-matrix    2 =    1.00000  -0.00000 for L=   79, J=   79.5 channel on core I =   1.5 from L=   79,  Acc. loss =  0.0 D.
 Elastic phase shift   2 =   -0.000   0.000 deg. for the L =   79, J =   79.5 channel.
      80.0  1.00000000 -0.00000003i: elastic S-matrix  @@      0.02  0   0 F  0
 Reaction Xsec    80.0+/79 @ 2 =   0.000#, Out:   0.000#   0.000#   0.000f

   S-matrix    3 =    1.00000   0.00000 for L=   81, J=   80.5 channel on core I =   1.5 from L=   81,  Acc. loss =  0.0 D.
 Elastic phase shift   3 =    0.000   0.000 deg. for the L =   81, J =   80.5 channel.
      80.0  1.00000000  0.00000005i: elastic S-matrix  @@      0.00  0   0 F  0
 Reaction Xsec    80.0+/81 @ 3 =   0.000#, Out:   0.000#   0.000#   0.000f

   S-matrix    4 =    1.00000   0.00000 for L=   81, J=   81.5 channel on core I =   1.5 from L=   81,  Acc. loss =  0.0 D.
 Elastic phase shift   4 =    0.000   0.000 deg. for the L =   81, J =   81.5 channel.
      80.0  1.00000000  0.00000005i: elastic S-matrix  @@      0.00  0   0 F  0
 Reaction Xsec    80.0+/81 @ 4 =   0.000#, Out:   0.000#   0.000#   0.000f


 Total SPIN, PARITY =    80.0 -,      4 chs,      0 cc.  Rmin & Coul turning =    6.4   20.0
   S-matrix    1 =    1.00000   0.00000 for L=   78, J=   78.5 channel on core I =   1.5 from L=   78,  Acc. loss =  0.0 D.
 Elastic phase shift   1 =    0.000   0.000 deg. for the L =   78, J =   78.5 channel.
      80.0  1.00000000  0.00000004i: elastic S-matrix  @@      0.00  0   0 F  0
 Reaction Xsec    80.0-/78 @ 1 =   0.000#, Out:   0.000#   0.000#   0.000f

   S-matrix    2 =    1.00000   0.00000 for L=   80, J=   79.5 channel on core I =   1.5 from L=   80,  Acc. loss =  0.0 D.
 Elastic phase shift   2 =    0.000   0.000 deg. for the L =   80, J =   79.5 channel.
      80.0  1.00000000  0.00000000i: elastic S-matrix  @@      0.00  0   0 F  0
 Reaction Xsec    80.0-/80 @ 2 =   0.000#, Out:   0.000#   0.000#   0.000f

   S-matrix    3 =    1.00000   0.00000 for L=   80, J=   80.5 channel on core I =   1.5 from L=   80,  Acc. loss =  0.0 D.
 Elastic phase shift   3 =    0.000   0.000 deg. for the L =   80, J =   80.5 channel.
      80.0  1.00000000  0.00000000i: elastic S-matrix  @@      0.00  0   0 F  0
 Reaction Xsec    80.0-/80 @ 3 =   0.000#, Out:   0.000#   0.000#   0.000f

   S-matrix    4 =    1.00000  -0.00000 for L=   82, J=   81.5 channel on core I =   1.5 from L=   82,  Acc. loss =  0.0 D.
 Elastic phase shift   4 =   -0.000   0.000 deg. for the L =   82, J =   81.5 channel.
      80.0  1.00000000 -0.00000001i: elastic S-matrix  @@      0.00  0   0 F  0
 Reaction Xsec    80.0-/82 @ 4 =   0.000#, Out:   0.000#   0.000#   0.000f

 Finished all CC sets @    3.04687500    
0CUMULATIVE REACTION cross section                 =  266.21411  <L> =    13.27  <L**2> =    201.3
0CUMULATIVE outgoing cross sections in partition 1 :    0.00000
0CUMULATIVE outgoing cross sections in partition 2 :  9.944E-05
0Cumulative ABSORBTION by Imaginary Potentials     =  266.21401  <L> =    13.27  <L**2> =    201.3
   Fusion for specific p        M-states :  267.527275  267.527275
0CUMULATIVE OUTGOING cross section                 =    0.00010
 To convert to S-factors (MeV.mb = keV.b),  multiply by  4.0294E+02


 CROSS SECTIONS FOR OUTGOING p        & 7Li      in state #   1 with spins & parities 0.5  + &  1.5  -;  0

     0.01 deg.: X-S =   1.3313E+12 mb/sr,
+                                         /R =   9.9984E-01
     1.00 deg.: X-S =  6728.130432 mb/sr,
+                                         /R =   5.0528E-01
     2.00 deg.: X-S =  7586.734480 mb/sr,
+                                         /R =   9.1148E+00
     3.00 deg.: X-S =  8330.059198 mb/sr,
+                                         /R =   5.0652E+01
     4.00 deg.: X-S =  7694.988560 mb/sr,
+                                         /R =   1.4783E+02
     5.00 deg.: X-S =  6541.599100 mb/sr,
+                                         /R =   3.0667E+02
     6.00 deg.: X-S =  5234.201511 mb/sr,
+                                         /R =   5.0854E+02
     7.00 deg.: X-S =  3968.826981 mb/sr,
+                                         /R =   7.1389E+02
     8.00 deg.: X-S =  2857.014602 mb/sr,
+                                         /R =   8.7603E+02
     9.00 deg.: X-S =  1952.377730 mb/sr,
+                                         /R =   9.5809E+02
    10.00 deg.: X-S =  1265.723449 mb/sr,
+                                         /R =   9.4579E+02
    11.00 deg.: X-S =   778.568587 mb/sr,
+                                         /R =   8.5086E+02
    12.00 deg.: X-S =   455.906069 mb/sr,
+                                         /R =   7.0483E+02
    13.00 deg.: X-S =   257.051817 mb/sr,
+                                         /R =   5.4667E+02
    14.00 deg.: X-S =   143.525081 mb/sr,
+                                         /R =   4.0999E+02
    15.00 deg.: X-S =    83.640764 mb/sr,
+                                         /R =   3.1440E+02
    16.00 deg.: X-S =    54.192545 mb/sr,
+                                         /R =   2.6329E+02
    17.00 deg.: X-S =    40.032716 mb/sr,
+                                         /R =   2.4745E+02
    18.00 deg.: X-S =    32.469736 mb/sr,
+                                         /R =   2.5181E+02
    19.00 deg.: X-S =    27.281160 mb/sr,
+                                         /R =   2.6216E+02
    20.00 deg.: X-S =    22.891858 mb/sr,
+                                         /R =   2.6955E+02
    21.00 deg.: X-S =    18.999609 mb/sr,
+                                         /R =   2.7136E+02
    22.00 deg.: X-S =    15.711711 mb/sr,
+                                         /R =   2.6971E+02
    23.00 deg.: X-S =    13.117045 mb/sr,
+                                         /R =   2.6837E+02
    24.00 deg.: X-S =    11.157102 mb/sr,
+                                         /R =   2.6998E+02
    25.00 deg.: X-S =     9.657422 mb/sr,
+                                         /R =   2.7446E+02
    26.00 deg.: X-S =     8.412380 mb/sr,
+                                         /R =   2.7896E+02
    27.00 deg.: X-S =     7.258838 mb/sr,
+                                         /R =   2.7918E+02
    28.00 deg.: X-S =     6.112334 mb/sr,
+                                         /R =   2.7113E+02
    29.00 deg.: X-S =     4.965920 mb/sr,
+                                         /R =   2.5274E+02
    30.00 deg.: X-S =     3.864981 mb/sr,
+                                         /R =   2.2460E+02
    31.00 deg.: X-S =     2.874209 mb/sr,
+                                         /R =   1.8984E+02
    32.00 deg.: X-S =     2.049301 mb/sr,
+                                         /R =   1.5319E+02
    33.00 deg.: X-S =     1.420016 mb/sr,
+                                         /R =   1.1966E+02
    34.00 deg.: X-S =     0.985563 mb/sr,
+                                         /R =   9.3260E+01
    35.00 deg.: X-S =     0.719569 mb/sr,
+                                         /R =   7.6192E+01
    36.00 deg.: X-S =     0.580247 mb/sr,
+                                         /R =   6.8519E+01
    37.00 deg.: X-S =     0.521540 mb/sr,
+                                         /R =   6.8464E+01
    38.00 deg.: X-S =     0.502231 mb/sr,
+                                         /R =   7.3071E+01
    39.00 deg.: X-S =     0.491500 mb/sr,
+                                         /R =   7.9027E+01
    40.00 deg.: X-S =     0.470799 mb/sr,
+                                         /R =   8.3428E+01
    41.00 deg.: X-S =     0.432791 mb/sr,
+                                         /R =   8.4304E+01
    42.00 deg.: X-S =     0.378521 mb/sr,
+                                         /R =   8.0849E+01
    43.00 deg.: X-S =     0.313958 mb/sr,
+                                         /R =   7.3357E+01
    44.00 deg.: X-S =     0.246819 mb/sr,
+                                         /R =   6.2944E+01
    45.00 deg.: X-S =     0.184191 mb/sr,
+                                         /R =   5.1156E+01
    46.00 deg.: X-S =     0.131134 mb/sr,
+                                         /R =   3.9582E+01
    47.00 deg.: X-S =     0.090195 mb/sr,
+                                         /R =   2.9529E+01
    48.00 deg.: X-S =     0.061597 mb/sr,
+                                         /R =   2.1832E+01
    49.00 deg.: X-S =     0.043835 mb/sr,
+                                         /R =   1.6788E+01
    50.00 deg.: X-S =     0.034410 mb/sr,
+                                         /R =   1.4215E+01
    51.00 deg.: X-S =     0.030521 mb/sr,
+                                         /R =   1.3577E+01
    52.00 deg.: X-S =     0.029599 mb/sr,
+                                         /R =   1.4155E+01
    53.00 deg.: X-S =     0.029632 mb/sr,
+                                         /R =   1.5210E+01
    54.00 deg.: X-S =     0.029295 mb/sr,
+                                         /R =   1.6116E+01
    55.00 deg.: X-S =     0.027925 mb/sr,
+                                         /R =   1.6439E+01
    56.00 deg.: X-S =     0.025395 mb/sr,
+                                         /R =   1.5976E+01
    57.00 deg.: X-S =     0.021943 mb/sr,
+                                         /R =   1.4730E+01
    58.00 deg.: X-S =     0.017989 mb/sr,
+                                         /R =   1.2870E+01
    59.00 deg.: X-S =     0.013997 mb/sr,
+                                         /R =   1.0657E+01
    60.00 deg.: X-S =     0.010359 mb/sr,
+                                         /R =   8.3845E+00
    61.00 deg.: X-S =     0.007344 mb/sr,
+                                         /R =   6.3108E+00
    62.00 deg.: X-S =     0.005076 mb/sr,
+                                         /R =   4.6250E+00
    63.00 deg.: X-S =     0.003549 mb/sr,
+                                         /R =   3.4250E+00
    64.00 deg.: X-S =     0.002662 mb/sr,
+                                         /R =   2.7180E+00
    65.00 deg.: X-S =     0.002258 mb/sr,
+                                         /R =   2.4369E+00
    66.00 deg.: X-S =     0.002164 mb/sr,
+                                         /R =   2.4654E+00
    67.00 deg.: X-S =     0.002219 mb/sr,
+                                         /R =   2.6671E+00
    68.00 deg.: X-S =     0.002300 mb/sr,
+                                         /R =   2.9118E+00
    69.00 deg.: X-S =     0.002322 mb/sr,
+                                         /R =   3.0951E+00
    70.00 deg.: X-S =     0.002248 mb/sr,
+                                         /R =   3.1502E+00
    71.00 deg.: X-S =     0.002072 mb/sr,
+                                         /R =   3.0506E+00
    72.00 deg.: X-S =     0.001815 mb/sr,
+                                         /R =   2.8053E+00
    73.00 deg.: X-S =     0.001511 mb/sr,
+                                         /R =   2.4494E+00
    74.00 deg.: X-S =     0.001197 mb/sr,
+                                         /R =   2.0326E+00
    75.00 deg.: X-S =     0.000904 mb/sr,
+                                         /R =   1.6074E+00
    76.00 deg.: X-S =     0.000655 mb/sr,
+                                         /R =   1.2193E+00
    77.00 deg.: X-S =     0.000463 mb/sr,
+                                         /R =   9.0075E-01
    78.00 deg.: X-S =     0.000329 mb/sr,
+                                         /R =   6.6853E-01
    79.00 deg.: X-S =     0.000247 mb/sr,
+                                         /R =   5.2401E-01
    80.00 deg.: X-S =     0.000206 mb/sr,
+                                         /R =   4.5618E-01
    81.00 deg.: X-S =     0.000194 mb/sr,
+                                         /R =   4.4589E-01
    82.00 deg.: X-S =     0.000196 mb/sr,
+                                         /R =   4.7067E-01
    83.00 deg.: X-S =     0.000204 mb/sr,
+                                         /R =   5.0875E-01
    84.00 deg.: X-S =     0.000209 mb/sr,
+                                         /R =   5.4218E-01
    85.00 deg.: X-S =     0.000207 mb/sr,
+                                         /R =   5.5871E-01
    86.00 deg.: X-S =     0.000197 mb/sr,
+                                         /R =   5.5238E-01
    87.00 deg.: X-S =     0.000180 mb/sr,
+                                         /R =   5.2277E-01
    88.00 deg.: X-S =     0.000157 mb/sr,
+                                         /R =   4.7364E-01
    89.00 deg.: X-S =     0.000132 mb/sr,
+                                         /R =   4.1142E-01
    90.00 deg.: X-S =     0.000106 mb/sr,
+                                         /R =   3.4358E-01
    91.00 deg.: X-S =   8.2719E-05 mb/sr,
+                                         /R =   2.7723E-01
    92.00 deg.: X-S =   6.2843E-05 mb/sr,
+                                         /R =   2.1790E-01
    93.00 deg.: X-S =   4.7176E-05 mb/sr,
+                                         /R =   1.6914E-01
    94.00 deg.: X-S =   3.5761E-05 mb/sr,
+                                         /R =   1.3249E-01
    95.00 deg.: X-S =   2.8154E-05 mb/sr,
+                                         /R =   1.0773E-01
    96.00 deg.: X-S =   2.3587E-05 mb/sr,
+                                         /R =   9.3160E-02
    97.00 deg.: X-S =   2.1171E-05 mb/sr,
+                                         /R =   8.6266E-02
    98.00 deg.: X-S =   2.0066E-05 mb/sr,
+                                         /R =   8.4303E-02
    99.00 deg.: X-S =   1.9556E-05 mb/sr,
+                                         /R =   8.4671E-02
   100.00 deg.: X-S =   1.9097E-05 mb/sr,
+                                         /R =   8.5165E-02
   101.00 deg.: X-S =   1.8350E-05 mb/sr,
+                                         /R =   8.4244E-02
   102.00 deg.: X-S =   1.7183E-05 mb/sr,
+                                         /R =   8.1168E-02
   103.00 deg.: X-S =   1.5607E-05 mb/sr,
+                                         /R =   7.5819E-02
   104.00 deg.: X-S =   1.3706E-05 mb/sr,
+                                         /R =   6.8440E-02
   105.00 deg.: X-S =   1.1606E-05 mb/sr,
+                                         /R =   5.9540E-02
   106.00 deg.: X-S =   9.4683E-06 mb/sr,
+                                         /R =   4.9881E-02
   107.00 deg.: X-S =   7.4539E-06 mb/sr,
+                                         /R =   4.0306E-02
   108.00 deg.: X-S =   5.6750E-06 mb/sr,
+                                         /R =   3.1482E-02
   109.00 deg.: X-S =   4.1869E-06 mb/sr,
+                                         /R =   2.3818E-02
   110.00 deg.: X-S =   3.0096E-06 mb/sr,
+                                         /R =   1.7548E-02
   111.00 deg.: X-S =   2.1400E-06 mb/sr,
+                                         /R =   1.2784E-02
   112.00 deg.: X-S =   1.5486E-06 mb/sr,
+                                         /R =   9.4733E-03
   113.00 deg.: X-S =   1.1831E-06 mb/sr,
+                                         /R =   7.4082E-03
   114.00 deg.: X-S =   9.8488E-07 mb/sr,
+                                         /R =   6.3099E-03
   115.00 deg.: X-S =   9.0134E-07 mb/sr,
+                                         /R =   5.9058E-03
   116.00 deg.: X-S =   8.8652E-07 mb/sr,
+                                         /R =   5.9380E-03
   117.00 deg.: X-S =   9.0061E-07 mb/sr,
+                                         /R =   6.1641E-03
   118.00 deg.: X-S =   9.1444E-07 mb/sr,
+                                         /R =   6.3927E-03
   119.00 deg.: X-S =   9.1250E-07 mb/sr,
+                                         /R =   6.5130E-03
   120.00 deg.: X-S =   8.8983E-07 mb/sr,
+                                         /R =   6.4819E-03
   121.00 deg.: X-S =   8.4684E-07 mb/sr,
+                                         /R =   6.2930E-03
   122.00 deg.: X-S =   7.8679E-07 mb/sr,
+                                         /R =   5.9622E-03
   123.00 deg.: X-S =   7.1526E-07 mb/sr,
+                                         /R =   5.5249E-03
   124.00 deg.: X-S =   6.3928E-07 mb/sr,
+                                         /R =   5.0316E-03
   125.00 deg.: X-S =   5.6602E-07 mb/sr,
+                                         /R =   4.5375E-03
   126.00 deg.: X-S =   5.0151E-07 mb/sr,
+                                         /R =   4.0933E-03
   127.00 deg.: X-S =   4.4986E-07 mb/sr,
+                                         /R =   3.7369E-03
   128.00 deg.: X-S =   4.1287E-07 mb/sr,
+                                         /R =   3.4892E-03
   129.00 deg.: X-S =   3.9020E-07 mb/sr,
+                                         /R =   3.3536E-03
   130.00 deg.: X-S =   3.8013E-07 mb/sr,
+                                         /R =   3.3213E-03
   131.00 deg.: X-S =   3.8037E-07 mb/sr,
+                                         /R =   3.3773E-03
   132.00 deg.: X-S =   3.8853E-07 mb/sr,
+                                         /R =   3.5045E-03
   133.00 deg.: X-S =   4.0227E-07 mb/sr,
+                                         /R =   3.6845E-03
   134.00 deg.: X-S =   4.1915E-07 mb/sr,
+                                         /R =   3.8971E-03
   135.00 deg.: X-S =   4.3691E-07 mb/sr,
+                                         /R =   4.1222E-03
   136.00 deg.: X-S =   4.5395E-07 mb/sr,
+                                         /R =   4.3445E-03
   137.00 deg.: X-S =   4.6937E-07 mb/sr,
+                                         /R =   4.5551E-03
   138.00 deg.: X-S =   4.8277E-07 mb/sr,
+                                         /R =   4.7491E-03
   139.00 deg.: X-S =   4.9417E-07 mb/sr,
+                                         /R =   4.9261E-03
   140.00 deg.: X-S =   5.0421E-07 mb/sr,
+                                         /R =   5.0913E-03
   141.00 deg.: X-S =   5.1399E-07 mb/sr,
+                                         /R =   5.2554E-03
   142.00 deg.: X-S =   5.2469E-07 mb/sr,
+                                         /R =   5.4307E-03
   143.00 deg.: X-S =   5.3733E-07 mb/sr,
+                                         /R =   5.6278E-03
   144.00 deg.: X-S =   5.5281E-07 mb/sr,
+                                         /R =   5.8569E-03
   145.00 deg.: X-S =   5.7199E-07 mb/sr,
+                                         /R =   6.1283E-03
   146.00 deg.: X-S =   5.9559E-07 mb/sr,
+                                         /R =   6.4506E-03
   147.00 deg.: X-S =   6.2399E-07 mb/sr,
+                                         /R =   6.8296E-03
   148.00 deg.: X-S =   6.5733E-07 mb/sr,
+                                         /R =   7.2681E-03
   149.00 deg.: X-S =   6.9555E-07 mb/sr,
+                                         /R =   7.7668E-03
   150.00 deg.: X-S =   7.3834E-07 mb/sr,
+                                         /R =   8.3234E-03
   151.00 deg.: X-S =   7.8515E-07 mb/sr,
+                                         /R =   8.9328E-03
   152.00 deg.: X-S =   8.3523E-07 mb/sr,
+                                         /R =   9.5873E-03
   153.00 deg.: X-S =   8.8773E-07 mb/sr,
+                                         /R =   1.0277E-02
   154.00 deg.: X-S =   9.4171E-07 mb/sr,
+                                         /R =   1.0992E-02
   155.00 deg.: X-S =   9.9621E-07 mb/sr,
+                                         /R =   1.1721E-02
   156.00 deg.: X-S =   1.0503E-06 mb/sr,
+                                         /R =   1.2451E-02
   157.00 deg.: X-S =   1.1030E-06 mb/sr,
+                                         /R =   1.3171E-02
   158.00 deg.: X-S =   1.1536E-06 mb/sr,
+                                         /R =   1.3871E-02
   159.00 deg.: X-S =   1.2014E-06 mb/sr,
+                                         /R =   1.4542E-02
   160.00 deg.: X-S =   1.2458E-06 mb/sr,
+                                         /R =   1.5175E-02
   161.00 deg.: X-S =   1.2864E-06 mb/sr,
+                                         /R =   1.5764E-02
   162.00 deg.: X-S =   1.3230E-06 mb/sr,
+                                         /R =   1.6305E-02
   163.00 deg.: X-S =   1.3555E-06 mb/sr,
+                                         /R =   1.6795E-02
   164.00 deg.: X-S =   1.3838E-06 mb/sr,
+                                         /R =   1.7232E-02
   165.00 deg.: X-S =   1.4080E-06 mb/sr,
+                                         /R =   1.7618E-02
   166.00 deg.: X-S =   1.4285E-06 mb/sr,
+                                         /R =   1.7954E-02
   167.00 deg.: X-S =   1.4455E-06 mb/sr,
+                                         /R =   1.8242E-02
   168.00 deg.: X-S =   1.4592E-06 mb/sr,
+                                         /R =   1.8486E-02
   169.00 deg.: X-S =   1.4702E-06 mb/sr,
+                                         /R =   1.8691E-02
   170.00 deg.: X-S =   1.4788E-06 mb/sr,
+                                         /R =   1.8861E-02
   171.00 deg.: X-S =   1.4853E-06 mb/sr,
+                                         /R =   1.8999E-02
   172.00 deg.: X-S =   1.4902E-06 mb/sr,
+                                         /R =   1.9111E-02
   173.00 deg.: X-S =   1.4937E-06 mb/sr,
+                                         /R =   1.9200E-02
   174.00 deg.: X-S =   1.4962E-06 mb/sr,
+                                         /R =   1.9270E-02
   175.00 deg.: X-S =   1.4979E-06 mb/sr,
+                                         /R =   1.9324E-02
   176.00 deg.: X-S =   1.4990E-06 mb/sr,
+                                         /R =   1.9364E-02
   177.00 deg.: X-S =   1.4996E-06 mb/sr,
+                                         /R =   1.9394E-02
   178.00 deg.: X-S =   1.5001E-06 mb/sr,
+                                         /R =   1.9414E-02
   179.00 deg.: X-S =   1.5003E-06 mb/sr,
+                                         /R =   1.9425E-02
   179.99 deg.: X-S =   1.5003E-06 mb/sr,
+                                         /R =   1.9429E-02
                                           Integrated********** mb, over [   0.000, 180.000] at   400.0000 MeV 

 CROSS SECTIONS FOR OUTGOING 4He      & 4He      in state #   1 with spins & parities 0.0  + &  0.0  +;  0

     0.00 deg.: X-S =   2.0314E-05 mb/sr,
+                                         REAC   9.9439E-05 mb
     1.00 deg.: X-S =   1.8719E-05 mb/sr,
     2.00 deg.: X-S =   1.4578E-05 mb/sr,
     3.00 deg.: X-S =   9.4865E-06 mb/sr,
     4.00 deg.: X-S =   5.1858E-06 mb/sr,
     5.00 deg.: X-S =   2.7807E-06 mb/sr,
     6.00 deg.: X-S =   2.3876E-06 mb/sr,
     7.00 deg.: X-S =   3.2883E-06 mb/sr,
     8.00 deg.: X-S =   4.4020E-06 mb/sr,
     9.00 deg.: X-S =   4.8170E-06 mb/sr,
    10.00 deg.: X-S =   4.1933E-06 mb/sr,
    11.00 deg.: X-S =   2.9027E-06 mb/sr,
    12.00 deg.: X-S =   1.8036E-06 mb/sr,
    13.00 deg.: X-S =   1.6802E-06 mb/sr,
    14.00 deg.: X-S =   2.6381E-06 mb/sr,
    15.00 deg.: X-S =   3.9195E-06 mb/sr,
    16.00 deg.: X-S =   4.4103E-06 mb/sr,
    17.00 deg.: X-S =   3.5503E-06 mb/sr,
    18.00 deg.: X-S =   1.9012E-06 mb/sr,
    19.00 deg.: X-S =   7.7852E-07 mb/sr,
    20.00 deg.: X-S =   1.1398E-06 mb/sr,
    21.00 deg.: X-S =   2.6740E-06 mb/sr,
    22.00 deg.: X-S =   3.9828E-06 mb/sr,
    23.00 deg.: X-S =   3.8054E-06 mb/sr,
    24.00 deg.: X-S =   2.2220E-06 mb/sr,
    25.00 deg.: X-S =   6.8389E-07 mb/sr,
    26.00 deg.: X-S =   7.3208E-07 mb/sr,
    27.00 deg.: X-S =   2.5197E-06 mb/sr,
    28.00 deg.: X-S =   4.5347E-06 mb/sr,
    29.00 deg.: X-S =   4.9017E-06 mb/sr,
    30.00 deg.: X-S =   3.1718E-06 mb/sr,
    31.00 deg.: X-S =   9.5334E-07 mb/sr,
    32.00 deg.: X-S =   6.6188E-07 mb/sr,
    33.00 deg.: X-S =   3.3482E-06 mb/sr,
    34.00 deg.: X-S =   7.5082E-06 mb/sr,
    35.00 deg.: X-S =   1.0072E-05 mb/sr,
    36.00 deg.: X-S =   8.9269E-06 mb/sr,
    37.00 deg.: X-S =   4.8891E-06 mb/sr,
    38.00 deg.: X-S =   1.3488E-06 mb/sr,
    39.00 deg.: X-S =   1.6723E-06 mb/sr,
    40.00 deg.: X-S =   6.3989E-06 mb/sr,
    41.00 deg.: X-S =   1.2583E-05 mb/sr,
    42.00 deg.: X-S =   1.5957E-05 mb/sr,
    43.00 deg.: X-S =   1.4262E-05 mb/sr,
    44.00 deg.: X-S =   9.0551E-06 mb/sr,
    45.00 deg.: X-S =   4.4884E-06 mb/sr,
    46.00 deg.: X-S =   4.0300E-06 mb/sr,
    47.00 deg.: X-S =   7.7707E-06 mb/sr,
    48.00 deg.: X-S =   1.2488E-05 mb/sr,
    49.00 deg.: X-S =   1.4347E-05 mb/sr,
    50.00 deg.: X-S =   1.1983E-05 mb/sr,
    51.00 deg.: X-S =   7.4472E-06 mb/sr,
    52.00 deg.: X-S =   4.3530E-06 mb/sr,
    53.00 deg.: X-S =   4.8433E-06 mb/sr,
    54.00 deg.: X-S =   7.9189E-06 mb/sr,
    55.00 deg.: X-S =   1.0428E-05 mb/sr,
    56.00 deg.: X-S =   9.7797E-06 mb/sr,
    57.00 deg.: X-S =   6.0697E-06 mb/sr,
    58.00 deg.: X-S =   1.9191E-06 mb/sr,
    59.00 deg.: X-S =   2.6940E-07 mb/sr,
    60.00 deg.: X-S =   2.0402E-06 mb/sr,
    61.00 deg.: X-S =   5.5451E-06 mb/sr,
    62.00 deg.: X-S =   8.0163E-06 mb/sr,
    63.00 deg.: X-S =   7.8605E-06 mb/sr,
    64.00 deg.: X-S =   5.7836E-06 mb/sr,
    65.00 deg.: X-S =   3.9773E-06 mb/sr,
    66.00 deg.: X-S =   4.1862E-06 mb/sr,
    67.00 deg.: X-S =   6.3057E-06 mb/sr,
    68.00 deg.: X-S =   8.5966E-06 mb/sr,
    69.00 deg.: X-S =   9.2140E-06 mb/sr,
    70.00 deg.: X-S =   7.7240E-06 mb/sr,
    71.00 deg.: X-S =   5.3985E-06 mb/sr,
    72.00 deg.: X-S =   4.1420E-06 mb/sr,
    73.00 deg.: X-S =   4.9839E-06 mb/sr,
    74.00 deg.: X-S =   7.3285E-06 mb/sr,
    75.00 deg.: X-S =   9.4741E-06 mb/sr,
    76.00 deg.: X-S =   9.9100E-06 mb/sr,
    77.00 deg.: X-S =   8.3697E-06 mb/sr,
    78.00 deg.: X-S =   5.8964E-06 mb/sr,
    79.00 deg.: X-S =   3.9725E-06 mb/sr,
    80.00 deg.: X-S =   3.4353E-06 mb/sr,
    81.00 deg.: X-S =   3.9768E-06 mb/sr,
    82.00 deg.: X-S =   4.5231E-06 mb/sr,
    83.00 deg.: X-S =   4.1326E-06 mb/sr,
    84.00 deg.: X-S =   2.7205E-06 mb/sr,
    85.00 deg.: X-S =   1.1054E-06 mb/sr,
    86.00 deg.: X-S =   3.9084E-07 mb/sr,
    87.00 deg.: X-S =   1.1564E-06 mb/sr,
    88.00 deg.: X-S =   3.0300E-06 mb/sr,
    89.00 deg.: X-S =   4.9211E-06 mb/sr,
    90.00 deg.: X-S =   5.7372E-06 mb/sr,
    91.00 deg.: X-S =   5.0974E-06 mb/sr,
    92.00 deg.: X-S =   3.5841E-06 mb/sr,
    93.00 deg.: X-S =   2.3825E-06 mb/sr,
    94.00 deg.: X-S =   2.5457E-06 mb/sr,
    95.00 deg.: X-S =   4.3388E-06 mb/sr,
    96.00 deg.: X-S =   7.0508E-06 mb/sr,
    97.00 deg.: X-S =   9.3716E-06 mb/sr,
    98.00 deg.: X-S =   1.0106E-05 mb/sr,
    99.00 deg.: X-S =   8.8194E-06 mb/sr,
   100.00 deg.: X-S =   6.0702E-06 mb/sr,
   101.00 deg.: X-S =   3.1255E-06 mb/sr,
   102.00 deg.: X-S =   1.3342E-06 mb/sr,
   103.00 deg.: X-S =   1.4910E-06 mb/sr,
   104.00 deg.: X-S =   3.5022E-06 mb/sr,
   105.00 deg.: X-S =   6.4833E-06 mb/sr,
   106.00 deg.: X-S =   9.2048E-06 mb/sr,
   107.00 deg.: X-S =   1.0646E-05 mb/sr,
   108.00 deg.: X-S =   1.0398E-05 mb/sr,
   109.00 deg.: X-S =   8.7699E-06 mb/sr,
   110.00 deg.: X-S =   6.5765E-06 mb/sr,
   111.00 deg.: X-S =   4.7577E-06 mb/sr,
   112.00 deg.: X-S =   3.9926E-06 mb/sr,
   113.00 deg.: X-S =   4.4657E-06 mb/sr,
   114.00 deg.: X-S =   5.8517E-06 mb/sr,
   115.00 deg.: X-S =   7.4906E-06 mb/sr,
   116.00 deg.: X-S =   8.6664E-06 mb/sr,
   117.00 deg.: X-S =   8.8779E-06 mb/sr,
   118.00 deg.: X-S =   8.0137E-06 mb/sr,
   119.00 deg.: X-S =   6.3854E-06 mb/sr,
   120.00 deg.: X-S =   4.6206E-06 mb/sr,
   121.00 deg.: X-S =   3.4598E-06 mb/sr,
   122.00 deg.: X-S =   3.5231E-06 mb/sr,
   123.00 deg.: X-S =   5.1136E-06 mb/sr,
   124.00 deg.: X-S =   8.1151E-06 mb/sr,
   125.00 deg.: X-S =   1.2009E-05 mb/sr,
   126.00 deg.: X-S =   1.6002E-05 mb/sr,
   127.00 deg.: X-S =   1.9231E-05 mb/sr,
   128.00 deg.: X-S =   2.0982E-05 mb/sr,
   129.00 deg.: X-S =   2.0864E-05 mb/sr,
   130.00 deg.: X-S =   1.8895E-05 mb/sr,
   131.00 deg.: X-S =   1.5491E-05 mb/sr,
   132.00 deg.: X-S =   1.1360E-05 mb/sr,
   133.00 deg.: X-S =   7.3400E-06 mb/sr,
   134.00 deg.: X-S =   4.2294E-06 mb/sr,
   135.00 deg.: X-S =   2.6422E-06 mb/sr,
   136.00 deg.: X-S =   2.9108E-06 mb/sr,
   137.00 deg.: X-S =   5.0482E-06 mb/sr,
   138.00 deg.: X-S =   8.7611E-06 mb/sr,
   139.00 deg.: X-S =   1.3505E-05 mb/sr,
   140.00 deg.: X-S =   1.8567E-05 mb/sr,
   141.00 deg.: X-S =   2.3169E-05 mb/sr,
   142.00 deg.: X-S =   2.6577E-05 mb/sr,
   143.00 deg.: X-S =   2.8218E-05 mb/sr,
   144.00 deg.: X-S =   2.7776E-05 mb/sr,
   145.00 deg.: X-S =   2.5264E-05 mb/sr,
   146.00 deg.: X-S =   2.1048E-05 mb/sr,
   147.00 deg.: X-S =   1.5809E-05 mb/sr,
   148.00 deg.: X-S =   1.0445E-05 mb/sr,
   149.00 deg.: X-S =   5.9184E-06 mb/sr,
   150.00 deg.: X-S =   3.0822E-06 mb/sr,
   151.00 deg.: X-S =   2.5095E-06 mb/sr,
   152.00 deg.: X-S =   4.3716E-06 mb/sr,
   153.00 deg.: X-S =   8.3920E-06 mb/sr,
   154.00 deg.: X-S =   1.3887E-05 mb/sr,
   155.00 deg.: X-S =   1.9888E-05 mb/sr,
   156.00 deg.: X-S =   2.5325E-05 mb/sr,
   157.00 deg.: X-S =   2.9221E-05 mb/sr,
   158.00 deg.: X-S =   3.0879E-05 mb/sr,
   159.00 deg.: X-S =   3.0006E-05 mb/sr,
   160.00 deg.: X-S =   2.6764E-05 mb/sr,
   161.00 deg.: X-S =   2.1746E-05 mb/sr,
   162.00 deg.: X-S =   1.5873E-05 mb/sr,
   163.00 deg.: X-S =   1.0234E-05 mb/sr,
   164.00 deg.: X-S =   5.9014E-06 mb/sr,
   165.00 deg.: X-S =   3.7454E-06 mb/sr,
   166.00 deg.: X-S =   4.2787E-06 mb/sr,
   167.00 deg.: X-S =   7.5549E-06 mb/sr,
   168.00 deg.: X-S =   1.3144E-05 mb/sr,
   169.00 deg.: X-S =   2.0191E-05 mb/sr,
   170.00 deg.: X-S =   2.7553E-05 mb/sr,
   171.00 deg.: X-S =   3.3998E-05 mb/sr,
   172.00 deg.: X-S =   3.8429E-05 mb/sr,
   173.00 deg.: X-S =   4.0094E-05 mb/sr,
   174.00 deg.: X-S =   3.8742E-05 mb/sr,
   175.00 deg.: X-S =   3.4683E-05 mb/sr,
   176.00 deg.: X-S =   2.8744E-05 mb/sr,
   177.00 deg.: X-S =   2.2115E-05 mb/sr,
   178.00 deg.: X-S =   1.6122E-05 mb/sr,
   179.00 deg.: X-S =   1.1967E-05 mb/sr,
   180.00 deg.: X-S =   1.0482E-05 mb/sr,
                                           Integrated    0.0001 mb, over [   0.000, 180.000] at   400.0000 MeV 
 Finished all xsecs @    3.07812500    

  The following files have been created:
   3:local copy of User input.            6:standard output.                   
   7:elastic  S-matrix elements.         12:transfer kernels.                  
  13:total cross sections/state.         16:tables of cross sections.          
  35:Astrophysics S-factors  / Ecm.      38:cross sections for each J/pi.      
  39:cross sections for each Ecm.        40:all cross sectns. for each Elab.   
  45:scat phase shift as E functions.    46:bs wave functions & ANC ratios.    
  56:Fusion for each Jtotal.             75:S-factors for lab energies.        
 201:Separate cross sections.           202:Separate cross sections.           

 PARAMETERS : MAXQRN   MFNL   MLOC  LMAX1 MCLIST
    ALLOWED :      4     25     10    100      6
    REQUIRED:      1      4     10     83      4


 ACCURACY ANALYSIS at   400.000 MeV :

  Elastic h*k = 0.202 so NOT OK   compared with 0.200

   Real(S-el) > 0.01 first at J =       2.0
   Real(S-el) > 0.10 first at J =       3.0
   Real(S-el) > 0.50 first at J =       6.0
   Real(S-el) > 0.90 first at J =      17.0
   Real(S-el) > 0.99 first at J =      22.0
   R-turn =    19.96 fm    at J =      80.0

 Forward-angle excitation cut off below   0.032 deg by max JT =      80.0
                              and below   0.021 deg by max R.


 1: Recommended RNL: non-local width >  10.30 cf: 100.00 fm: OK      
    Recommended CENTRE: centration   ~   0.25 cf:   0.00 fm

 Total CPU  0 time =       3.08 seconds
