E,sigma,d_sigma
35.142857,30.2,3.7
46.171429,17,1.5
67.942857,3.9,0.3
79.542857,2,0.2
90.4,0.94,0.08