 FRESCO - FRES 3.4: Coupled Reaction Channels
 Assuming NAMELIST input.

 4He(p,d)3He  E=400 MeV  Q=-18.353  [he4_p_d_he3]                                

   0.050  30.000   0.250   0.100  10.000   0.000   0.000   0.000   0.000   0.000

 Centre-of-mass Range is    602 * 0.0500 fm., Maximum at  30.00 fm., Interpolating NL forms every  0.25 fm.
 Non - locality width is    101 * 0.1000 fm., Maximum of  10.00 fm., Centred at  0.00 fm.
 2-Nucleon Separation of      0 * 0.2500 fm., Maximum of   0.00 fm., Minimum at  0.00 fm.
 Maximum single particle bins of 30.0000 fm.
               M,Mint =          601         601


 Range of total J is     0.0 <= J <=    80.0 (at least     0.0) and Absorbtion =>    -1.0000 mb.
 Dry Run = F, CC set limits =  0  0, Relativistic kinematics = a, Both/Far/Near Analyses =  1                     

 Cross Sections (and up to T0 for 0=projectile) for Theta from   0.0 to 180.0 in steps of  1.0 degrees, DGAM=0,  Coordinates = 0 (Mads)

 Lower Radial Cutoff = maximum of -1.60*L*h &       0.0 fm.,  Lower Cutoff for Couplings =   0.0  fm.


 Iterate Couplings between   1 and   1 times, to  0.000 % if sooner.                                          
  Block solved exactly =   0 chs., with Pade = 0 & Isocen =  =0, NOSOL = F, initwf =  0
  NL quadrature with   18 Gaussian points, Calculate multipoles up to    86 from   0
  M-transfers for lp+lt greater than or equal to  6, Angular Integration Cutoff below  2.7778 %


 Trace switches are :  CHANS =  1, LISTCC =  0, TRENEG =  0, CDETR =  0, SMATS =  2, XSTABL =  1, NLPL =  0

                       WAVES =  0, LAMPL =  0, VEFF =  0, KFUS =  0, WDISK =  0, BPM =  0, MELFIL =  0

                       CDCC =  0, NFUS =  0

 Using unit mass = 1.000000 amu and 1/fine-structure constant = 137.03599 ( 1.000000 * true ) with hc = 197.32705 MeV.fm,
  thus 2*amu/hbar^2 = 0.0478450 = 1/20.9008 and Coulomb constant = 0.1574855 so e^2 = 1.43997, and nuclear magneton= 0.1261183

 Now pre-scan input and save to file 3



 *********** PARTITION NUMBER  1 ******************************************************************************************

   PROJ=p          MASS=  1.0000 Z=   1.0,        # STATES=    1T, TARG=4He      MASS=  4.0000 Z=   2.0,     Q-VALUE =   0.0000 MEV.

     1:  J= 0.5+ (B# 1), E=  0.0000, K= 0.5              Potl#  1       J= 0.0+ (B# 1), E=  0.0000, K= 0.0    


 *********** PARTITION NUMBER  2 ******************************************************************************************

   PROJ=d          MASS=  2.0000 Z=   1.0,        # STATES=    1T, TARG=3He      MASS=  3.0000 Z=   2.0,     Q-VALUE = -18.3530 MEV.

     1:  J= 1.0+ (B# 1), E=  0.0000, K= 0.0              Potl#  2       J= 0.5+ (B# 1), E=  0.0000, K= 0.5    
0****** WARNING : COMPARED WITH PARTITION  1, THIS PARTITION HAS TOTAL MASS & CHARGE EXCESSES  -0.01970 &   0.0000


 ************************************************************************************************************************************

 The following POTENTIALS are defined :

  KP#       TYPE      IT    SHAPE      at     V1        r1        a1        V2        r2        a2        A-in     A-used


                                            A#1       A#2        r0c       ac                                                h @ 1
    1    0=Coulomb       0=CHARGE (WS)  1     1.000     4.000    1.3000    0.0000    0.0000    0.0000     0.000    17.322   0.05000

    1    1=Volume        0=Woods-Saxon  2   48.0000    1.1500    0.5700    0.0000    1.1500    0.5700     0.000    17.322

    1    2=Surface       0=Woods-Saxon  3    0.0000    0.0000    0.0000    6.0000    1.3000    0.5000     0.000    17.322

    1    3=Projtl S.O.   0=Woods-Saxon  4    5.5000    1.0000    0.5000    0.0000    0.0000    0.0000     0.000    17.322
   --------------------------------------------------------------------------------------------------------------------

                                            A#1       A#2        r0c       ac                                                h @ 2
    2    0=Coulomb       0=CHARGE (WS)  5     2.000     3.000    1.3000    0.0000    0.0000    0.0000     0.000    19.731   0.05000

    2    1=Volume        0=Woods-Saxon  6   88.0000    1.1700    0.7900    0.0000    1.1700    0.7900     0.000    19.731

    2    2=Surface       0=Woods-Saxon  7    0.0000    0.0000    0.0000   12.0000    1.3300    0.7400     0.000    19.731

    2    3=Projtl S.O.   0=Woods-Saxon  8    7.0000    1.0700    0.6600    0.0000    0.0000    0.0000     0.000    19.731
   --------------------------------------------------------------------------------------------------------------------

    3    1=Volume        0=Woods-Saxon  9   50.0000    1.2500    0.6500    0.0000    0.0000    0.0000     0.000    19.731

    3    3=Projtl S.O.   0=Woods-Saxon 10    6.0000    1.2500    0.6500    0.0000    0.0000    0.0000     0.000    19.731
   --------------------------------------------------------------------------------------------------------------------

    4    1=Volume        0=Woods-Saxon 11   50.0000    1.2500    0.6500    0.0000    0.0000    0.0000     0.000    19.731

    4    3=Projtl S.O.   0=Woods-Saxon 12    6.0000    1.2500    0.6500    0.0000    0.0000    0.0000     0.000    19.731


 ************************************************************************************************************************************

 The following SINGLE-PARTICLE FORM FACTORS are constructed :


 No.   P1 P2 IN KIND T N  L  S1 IA J/S  IB BIND XFER  BE    SC PC FIL AFRAC Adjust  to  Z  Mass   K     Norm    rms      D0     D   ANC/Gsp

    1:  2  1  2  0     1  0 0.5  1 0.5   0   3   0  20.5780  1  0  0 0.0000 VR  0.7942; 0. 1.000 0.8593 1.0000  2.472 -417.8 -957.1  9.6885

    2:  1  2  1  0     1  0 0.5  1 0.5   0   4   0   2.2246  1  0  0 0.0000 VR  0.3377; 0. 1.000 0.2307 1.0000  4.770 -154.2 -167.5  1.1301

 ************************************************************************************************************************************

 TWO-way COUPLING # 1 for partitions  2 <-  1 of KIND  7,   0 -1  5 -1 -1 & P1,P2 =    0.0000   0.0000 : for J <=    80.5 & R <  29.8 fm.


 data =  2  1  1  1  1.0000,  so  < [4He      #  1] / [3He      #  1]  * Eigen-form #  1>  =   1.0000            BE = 20.578     1

 data =  1  1  1  2  1.0000,  so  < [d        #  1] / [p        #  1]  * Eigen-form #  2>  =   1.0000            BE =  2.225     2
 KNT =   1, KNP =   2: NK,NG,loc=   1   1   1  13  T  T  F

     So FINITE-RANGE TRANSFER : IP1 = 0 (POST    ), IP2=-1 =COMPLEX     ,  for   1 pairs of bound states summed into   1 pairs
      The main coupling potential is that binding the transferred particle to the 3He      core.

          Using between p        & 3He      the potential No.   5, and subtracting optical potential No.  2

   A real*8 is            8  bytes
   NLL,NLN,NLO =         120         121         101
0File   9 needs RL =   24240    REAL*8 numbers, and NR =    88. i.e.    17.06 Megabytes
   File            9  RECL =      193920
0RECOMMENDED NON-LOCAL WIDTH IS GREATER THAN   11.80 FM.,  RECOMMENDED CENTRATION   2.30, after    0.06 secs.
0Relative non-local usages (rms) are
    0.003   0.005   0.007   0.011   0.015   0.019   0.030   0.038   0.053   0.071   0.087   0.132   0.167   0.230   0.306
    0.372   0.541   0.676   0.908   1.186   1.427   1.994   2.455   3.183   4.044   4.788   6.329   7.600   9.380  11.433
   13.201  16.309  18.918  22.174  25.808  28.940  33.725  37.803  42.471  47.501  51.832  57.646  62.619  67.805  73.082
   77.548  82.589  86.793  90.536  93.845  96.417  98.292  99.496 100.000  99.858  99.142  97.885  96.129  93.931  91.325
   88.381  85.138  81.660  77.998  74.205  70.347  66.460  62.589  58.777  55.047  51.439  47.968  44.652  41.499  38.517
   35.707  33.067  30.594  28.284  26.128  24.121  22.254  20.521  18.913  17.422  16.042  14.764  13.583  12.491  11.482
   10.551   9.693   8.902   8.173   7.502   6.884   6.317   5.796   5.317   4.878   4.476

 Incoming partition  1 in excitation state # 1,   Laboratory Energy given for partition  1 Nucleus 1 in Excitation pair 1

0Lab. ENERGY ranges :

   from    400.000     to   0.00000     in     0 intervals
   from    0.00000     to   0.00000     in     0 intervals
   from    0.00000     to   0.00000     in     0 intervals

 Largest real,imaginary parts of any form factor at R=   29.50 are   4.88E-02  3.00E-14 MeV
 Finished all Couplings @    9.37500000E-02          12

 Symmetric Hamiltonian
1***********************************************************************************************************************************
************************************************************************************************************************************

        INCOMING p        ;    LABORATORY p        ENERGY =   400.00     MeV.

 ***********************************************************************************************************************************
 ***********************************************************************************************************************************


 Accuracy analysis at   400.000 MeV in ch.  2:  Elastic h*k = 0.209 so NOT OK   compared with 0.200


  NOTE: Coulomb excitation cut off below   0.022 deg by JTMAX, and below   0.016 deg by Rmax

 Allocate arrays for            3  channels, of which            3  need wfs.

 ######################################################################################################################
 #                                                                                                                    #
 # Total SPIN and PARITY =     0.5 +,      3 channels,    0 in 1st block.  Rmin & Coul turning =    0.0    0.0 fm.  #
 #                                                                                                                    #
 ######################################################################################################################



    C Projectl Target   #   EX.   (L  Proj) J  + Targ = Jtotal     E-cm      Re K     Re Eta     RM*K            CH
    1 p        4He      #    1: I   0 0.5    0.5  0.0     0.5   341.74622   3.61672   0.01524  108.5017  -0.49987  -0.01299 1 1 1   1
    2 d        3He      #    1:     0 1.0    1.0  0.5     0.5   303.08834   4.17151   0.01982  125.1454   0.29829   0.40133 2 1 2   1
    3 d        3He      #    1:     2 1.0    1.0  0.5     0.5   303.08834   4.17151   0.01982  125.1454  -0.27634  -0.41680 2 1 2   1
   S-matrix    1 =    0.01905   0.88336 for L=    0, J=    0.5 channel on core I =   0.0 from L=    0,  Acc. loss =  0.0 D.
 Elastic phase shift   1 =   44.382   3.546 deg. for the L =    0, J =    0.5 channel.
       0.5  0.01905155  0.88336480i: elastic S-matrix  @@      0.00  0   0 F  0
 Reaction Xsec     0.5+/ 0 @ 1 =   0.527 , Out:   0.000#   0.139/   0.527f


 Total SPIN, PARITY =     0.5 -,      3 chs,      0 cc.  Rmin & Coul turning =    0.0    0.0
   S-matrix    1 =    0.14758   0.86986 for L=    1, J=    0.5 channel on core I =   0.0 from L=    1,  Acc. loss =  0.0 D.
 Elastic phase shift   1 =   40.186   3.588 deg. for the L =    1, J =    0.5 channel.
       0.5  0.14757673  0.86985988i: elastic S-matrix  @@      0.00  0   0 F  0
 Reaction Xsec     0.5-/ 1 @ 1 =   0.532 , Out:   0.000#   0.100/   0.532f

 Allocate arrays for            4  channels, of which            4  need wfs.

 Total SPIN, PARITY =     1.5 +,      4 chs,      0 cc.  Rmin & Coul turning =    0.1    0.4
   S-matrix    1 =    0.23065   0.84949 for L=    2, J=    1.5 channel on core I =   0.0 from L=    2,  Acc. loss =  0.0 D.
 Elastic phase shift   1 =   37.405   3.654 deg. for the L =    2, J =    1.5 channel.
       1.5  0.23065339  0.84949435i: elastic S-matrix  @@      0.00  0   0 F  0
 Reaction Xsec     1.5+/ 2 @ 1 =   1.082 , Out:   0.000#   0.121/   1.081f


 Total SPIN, PARITY =     1.5 -,      4 chs,      0 cc.  Rmin & Coul turning =    0.1    0.4
   S-matrix    1 =    0.01236   0.88267 for L=    1, J=    1.5 channel on core I =   0.0 from L=    1,  Acc. loss =  0.0 D.
 Elastic phase shift   1 =   44.599   3.572 deg. for the L =    1, J =    1.5 channel.
       1.5  0.01235614  0.88267406i: elastic S-matrix  @@      0.02  0   0 F  0
 Reaction Xsec     1.5-/ 1 @ 1 =   1.060 , Out:   0.000#   0.191/   1.060f


 Total SPIN, PARITY =     2.5 +,      4 chs,      0 cc.  Rmin & Coul turning =    0.2    0.7
   S-matrix    1 =    0.00365   0.88107 for L=    2, J=    2.5 channel on core I =   0.0 from L=    2,  Acc. loss =  0.0 D.
 Elastic phase shift   1 =   44.881   3.627 deg. for the L =    2, J =    2.5 channel.
       2.5  0.00364902  0.88106502i: elastic S-matrix  @@      0.00  0   0 F  0
 Reaction Xsec     2.5+/ 2 @ 1 =   1.612 , Out:   0.000#   0.168/   1.612f


 Total SPIN, PARITY =     2.5 -,      4 chs,      0 cc.  Rmin & Coul turning =    0.2    0.7
   S-matrix    1 =    0.32161   0.81593 for L=    3, J=    2.5 channel on core I =   0.0 from L=    3,  Acc. loss =  0.0 D.
 Elastic phase shift   1 =   34.244   3.759 deg. for the L =    3, J =    2.5 channel.
       2.5  0.32161202  0.81592963i: elastic S-matrix  @@      0.00  0   0 F  0
 Reaction Xsec     2.5-/ 3 @ 1 =   1.663 , Out:   0.000#   0.120/   1.663f


 Total SPIN, PARITY =     3.5 +,      4 chs,      0 cc.  Rmin & Coul turning =    0.2    1.0
   S-matrix    1 =    0.42231   0.76345 for L=    4, J=    3.5 channel on core I =   0.0 from L=    4,  Acc. loss =  0.0 D.
 Elastic phase shift   1 =   30.525   3.908 deg. for the L =    4, J =    3.5 channel.
       3.5  0.42231002  0.76345249i: elastic S-matrix  @@      0.00  0   0 F  0
 Reaction Xsec     3.5+/ 4 @ 1 =   2.294 , Out:   0.000#   0.118/   2.294f


 Total SPIN, PARITY =     3.5 -,      4 chs,      0 cc.  Rmin & Coul turning =    0.2    1.0
   S-matrix    1 =   -0.00112   0.87832 for L=    3, J=    3.5 channel on core I =   0.0 from L=    3,  Acc. loss =  0.0 D.
 Elastic phase shift   1 =   45.037   3.717 deg. for the L =    3, J =    3.5 channel.
       3.5 -0.00112174  0.87832292i: elastic S-matrix  @@      0.00  0   0 F  0
 Reaction Xsec     3.5-/ 3 @ 1 =   2.196 , Out:   0.000#   0.141/   2.195f


 Total SPIN, PARITY =     4.5 +,      4 chs,      0 cc.  Rmin & Coul turning =    0.3    1.2
   S-matrix    1 =    0.00118   0.87435 for L=    4, J=    4.5 channel on core I =   0.0 from L=    4,  Acc. loss =  0.0 D.
 Elastic phase shift   1 =   44.961   3.847 deg. for the L =    4, J =    4.5 channel.
       4.5  0.00117777  0.87435205i: elastic S-matrix  @@      0.02  0   0 F  0
 Reaction Xsec     4.5+/ 4 @ 1 =   2.828 , Out:   0.000#   0.122/   2.828f


 Total SPIN, PARITY =     4.5 -,      4 chs,      0 cc.  Rmin & Coul turning =    0.3    1.2
   S-matrix    1 =    0.52861   0.68632 for L=    5, J=    4.5 channel on core I =   0.0 from L=    5,  Acc. loss =  0.0 D.
 Elastic phase shift   1 =   26.198   4.112 deg. for the L =    5, J =    4.5 channel.
       4.5  0.52861451  0.68632062i: elastic S-matrix  @@      0.00  0   0 F  0
 Reaction Xsec     4.5-/ 5 @ 1 =   2.996 , Out:   0.000#   0.109/   2.996f


 Total SPIN, PARITY =     5.5 +,      4 chs,      0 cc.  Rmin & Coul turning =    0.4    1.5
   S-matrix    1 =    0.63172   0.58038 for L=    6, J=    5.5 channel on core I =   0.0 from L=    6,  Acc. loss =  0.0 D.
 Elastic phase shift   1 =   21.287   4.393 deg. for the L =    6, J =    5.5 channel.
       5.5  0.63171524  0.58037647i: elastic S-matrix  @@      0.00  0   0 F  0
 Reaction Xsec     5.5+/ 6 @ 1 =   3.806 , Out:   0.000#   0.097/   3.806f


 Total SPIN, PARITY =     5.5 -,      4 chs,      0 cc.  Rmin & Coul turning =    0.4    1.5
   S-matrix    1 =    0.01268   0.86905 for L=    5, J=    5.5 channel on core I =   0.0 from L=    5,  Acc. loss =  0.0 D.
 Elastic phase shift   1 =   44.582   4.018 deg. for the L =    5, J =    5.5 channel.
       5.5  0.01268180  0.86904688i: elastic S-matrix  @@      0.02  0   0 F  0
 Reaction Xsec     5.5-/ 5 @ 1 =   3.525 , Out:   0.000#   0.100/   3.525f


 Total SPIN, PARITY =     6.5 +,      4 chs,      0 cc.  Rmin & Coul turning =    0.5    1.8
   S-matrix    1 =    0.03726   0.86126 for L=    6, J=    6.5 channel on core I =   0.0 from L=    6,  Acc. loss =  0.0 D.
 Elastic phase shift   1 =   43.762   4.252 deg. for the L =    6, J =    6.5 channel.
       6.5  0.03725609  0.86125754i: elastic S-matrix  @@      0.00  0   0 F  0
 Reaction Xsec     6.5+/ 6 @ 1 =   4.318 , Out:   0.000#   0.077/   4.318f


 Total SPIN, PARITY =     6.5 -,      4 chs,      0 cc.  Rmin & Coul turning =    0.5    1.8
   S-matrix    1 =    0.71569   0.45387 for L=    7, J=    6.5 channel on core I =   0.0 from L=    7,  Acc. loss =  0.0 D.
 Elastic phase shift   1 =   16.191   4.741 deg. for the L =    7, J =    6.5 channel.
       6.5  0.71568795  0.45386678i: elastic S-matrix  @@      0.00  0   0 F  0
 Reaction Xsec     6.5-/ 7 @ 1 =   4.738 , Out:   0.000#   0.069/   4.737f


 Total SPIN, PARITY =     7.5 +,      4 chs,      0 cc.  Rmin & Coul turning =    0.6    2.1
   S-matrix    1 =    0.76666   0.33179 for L=    8, J=    7.5 channel on core I =   0.0 from L=    8,  Acc. loss =  0.0 D.
 Elastic phase shift   1 =   11.701   5.153 deg. for the L =    8, J =    7.5 channel.
       7.5  0.76665590  0.33179464i: elastic S-matrix  @@      0.02  0   0 F  0
 Reaction Xsec     7.5+/ 8 @ 1 =   5.805 , Out:   0.000#   0.038/   5.805f


 Total SPIN, PARITY =     7.5 -,      4 chs,      0 cc.  Rmin & Coul turning =    0.6    2.1
   S-matrix    1 =    0.08315   0.84936 for L=    7, J=    7.5 channel on core I =   0.0 from L=    7,  Acc. loss =  0.0 D.
 Elastic phase shift   1 =   42.204   4.541 deg. for the L =    7, J =    7.5 channel.
       7.5  0.08314944  0.84936299i: elastic S-matrix  @@      0.00  0   0 F  0
 Reaction Xsec     7.5-/ 7 @ 1 =   5.220 , Out:   0.000#   0.047/   5.220f


 Total SPIN, PARITY =     8.5 +,      4 chs,      0 cc.  Rmin & Coul turning =    0.6    2.4
   S-matrix    1 =    0.16303   0.82702 for L=    8, J=    8.5 channel on core I =   0.0 from L=    8,  Acc. loss =  0.0 D.
 Elastic phase shift   1 =   39.424   4.895 deg. for the L =    8, J =    8.5 channel.
       8.5  0.16303410  0.82701674i: elastic S-matrix  @@      0.00  0   0 F  0
 Reaction Xsec     8.5+/ 8 @ 1 =   6.257 , Out:   0.000#   0.018/   6.257f


 Total SPIN, PARITY =     8.5 -,      4 chs,      0 cc.  Rmin & Coul turning =    0.6    2.4
   S-matrix    1 =    0.78956   0.23684 for L=    9, J=    8.5 channel on core I =   0.0 from L=    9,  Acc. loss =  0.0 D.
 Elastic phase shift   1 =    8.349   5.535 deg. for the L =    9, J =    8.5 channel.
       8.5  0.78956039  0.23683901i: elastic S-matrix  @@      0.00  0   0 F  0
 Reaction Xsec     8.5-/ 9 @ 1 =   6.928 , Out:   0.000#   0.045/   6.928f


 Total SPIN, PARITY =     9.5 +,      4 chs,      0 cc.  Rmin & Coul turning =    0.7    2.6
   S-matrix    1 =    0.80267   0.17229 for L=   10, J=    9.5 channel on core I =   0.0 from L=   10,  Acc. loss =  0.0 D.
 Elastic phase shift   1 =    6.057   5.652 deg. for the L =   10, J =    9.5 channel.
       9.5  0.80267361  0.17229007i: elastic S-matrix  @@      0.00  0   0 F  0
 Reaction Xsec     9.5+/10 @ 1 =   7.830 , Out:   0.000#   8.009#   7.830f


 Total SPIN, PARITY =     9.5 -,      4 chs,      0 cc.  Rmin & Coul turning =    0.7    2.6
   S-matrix    1 =    0.28396   0.77915 for L=    9, J=    9.5 channel on core I =   0.0 from L=    9,  Acc. loss =  0.0 D.
 Elastic phase shift   1 =   34.988   5.363 deg. for the L =    9, J =    9.5 channel.
       9.5  0.28395772  0.77914851i: elastic S-matrix  @@      0.02  0   0 F  0
 Reaction Xsec     9.5-/ 9 @ 1 =   7.500 , Out:   0.000#   0.021/   7.500f


 Total SPIN, PARITY =    10.5 +,      4 chs,      0 cc.  Rmin & Coul turning =    0.8    2.9
   S-matrix    1 =    0.43397   0.69174 for L=   10, J=   10.5 channel on core I =   0.0 from L=   10,  Acc. loss =  0.0 D.
 Elastic phase shift   1 =   28.949   5.804 deg. for the L =   10, J =   10.5 channel.
      10.5  0.43396761  0.69173677i: elastic S-matrix  @@      0.00  0   0 F  0
 Reaction Xsec    10.5+/10 @ 1 =   8.802 , Out:   0.000#   0.012/   8.802f


 Total SPIN, PARITY =    10.5 -,      4 chs,      0 cc.  Rmin & Coul turning =    0.8    2.9
   S-matrix    1 =    0.82045   0.12934 for L=   11, J=   10.5 channel on core I =   0.0 from L=   11,  Acc. loss =  0.0 D.
 Elastic phase shift   1 =    4.479   5.318 deg. for the L =   11, J =   10.5 channel.
      10.5  0.82044557  0.12933894i: elastic S-matrix  @@      0.00  0   0 F  0
 Reaction Xsec    10.5-/11 @ 1 =   8.194 , Out:   0.000#   6.672#   8.194f


 Total SPIN, PARITY =    11.5 +,      4 chs,      0 cc.  Rmin & Coul turning =    0.9    3.2
   S-matrix    1 =    0.84707   0.09906 for L=   12, J=   11.5 channel on core I =   0.0 from L=   12,  Acc. loss =  0.0 D.
 Elastic phase shift   1 =    3.335   4.560 deg. for the L =   12, J =   11.5 channel.
      11.5  0.84706539  0.09906077i: elastic S-matrix  @@      0.00  0   0 F  0
 Reaction Xsec    11.5+/12 @ 1 =   7.858 , Out:   0.000#   0.018/   7.858f


 Total SPIN, PARITY =    11.5 -,      4 chs,      0 cc.  Rmin & Coul turning =    0.9    3.2
   S-matrix    1 =    0.58500   0.56949 for L=   11, J=   11.5 channel on core I =   0.0 from L=   11,  Acc. loss =  0.0 D.
 Elastic phase shift   1 =   22.115   5.810 deg. for the L =   11, J =   11.5 channel.
      11.5  0.58500487  0.56949345i: elastic S-matrix  @@      0.00  0   0 F  0
 Reaction Xsec    11.5-/11 @ 1 =   9.610 , Out:   0.000#   0.010/   9.610f


 Total SPIN, PARITY =    12.5 +,      4 chs,      0 cc.  Rmin & Coul turning =    1.0    3.5
   S-matrix    1 =    0.71319   0.43572 for L=   12, J=   12.5 channel on core I =   0.0 from L=   12,  Acc. loss =  0.0 D.
 Elastic phase shift   1 =   15.711   5.140 deg. for the L =   12, J =   12.5 channel.
      12.5  0.71318926  0.43571790i: elastic S-matrix  @@      0.00  0   0 F  0
 Reaction Xsec    12.5+/12 @ 1 =   9.414 , Out:   0.000#   9.791#   9.414f


 Total SPIN, PARITY =    12.5 -,      4 chs,      0 cc.  Rmin & Coul turning =    1.0    3.5
   S-matrix    1 =    0.87923   0.07603 for L=   13, J=   12.5 channel on core I =   0.0 from L=   13,  Acc. loss =  0.0 D.
 Elastic phase shift   1 =    2.471   3.580 deg. for the L =   13, J =   12.5 channel.
      12.5  0.87923439  0.07602744i: elastic S-matrix  @@      0.02  0   0 F  0
 Reaction Xsec    12.5-/13 @ 1 =   6.905 , Out:   0.000#   1.894#   6.905f


 Total SPIN, PARITY =    13.5 +,      4 chs,      0 cc.  Rmin & Coul turning =    1.0    3.7
   S-matrix    1 =    0.91123   0.05756 for L=   14, J=   13.5 channel on core I =   0.0 from L=   14,  Acc. loss =  0.0 D.
 Elastic phase shift   1 =    1.807   2.606 deg. for the L =   14, J =   13.5 channel.
      13.5  0.91122516  0.05756431i: elastic S-matrix  @@      0.00  0   0 F  0
 Reaction Xsec    13.5+/14 @ 1 =   5.593 , Out:   0.000#   1.491#   5.593f


 Total SPIN, PARITY =    13.5 -,      4 chs,      0 cc.  Rmin & Coul turning =    1.0    3.7
   S-matrix    1 =    0.81014   0.31393 for L=   13, J=   13.5 channel on core I =   0.0 from L=   13,  Acc. loss =  0.0 D.
 Elastic phase shift   1 =   10.591   4.028 deg. for the L =   13, J =   13.5 channel.
      13.5  0.81014375  0.31392620i: elastic S-matrix  @@      0.00  0   0 F  0
 Reaction Xsec    13.5-/13 @ 1 =   8.242 , Out:   0.000#   9.214#   8.242f


 Total SPIN, PARITY =    14.5 +,      4 chs,      0 cc.  Rmin & Coul turning =    1.1    4.0
   S-matrix    1 =    0.87833   0.21615 for L=   14, J=   14.5 channel on core I =   0.0 from L=   14,  Acc. loss =  0.0 D.
 Elastic phase shift   1 =    6.913   2.874 deg. for the L =   14, J =   14.5 channel.
      14.5  0.87833200  0.21614660i: elastic S-matrix  @@      0.00  0   0 F  0
 Reaction Xsec    14.5+/14 @ 1 =   6.550 , Out:   0.000#   7.438#   6.550f


 Total SPIN, PARITY =    14.5 -,      4 chs,      0 cc.  Rmin & Coul turning =    1.1    4.0
   S-matrix    1 =    0.93861   0.04258 for L=   15, J=   14.5 channel on core I =   0.0 from L=   15,  Acc. loss =  0.0 D.
 Elastic phase shift   1 =    1.299   1.786 deg. for the L =   15, J =   14.5 channel.
      14.5  0.93860859  0.04257584i: elastic S-matrix  @@      0.00  0   0 F  0
 Reaction Xsec    14.5-/15 @ 1 =   4.222 , Out:   0.000#   0.274#   4.222f


 Total SPIN, PARITY =    15.5 +,      4 chs,      0 cc.  Rmin & Coul turning =    1.2    4.3
   S-matrix    1 =    0.95955   0.03066 for L=   16, J=   15.5 channel on core I =   0.0 from L=   16,  Acc. loss =  0.0 D.
 Elastic phase shift   1 =    0.915   1.168 deg. for the L =   16, J =   15.5 channel.
      15.5  0.95954773  0.03065855i: elastic S-matrix  @@      0.00  0   0 F  0
 Reaction Xsec    15.5+/16 @ 1 =   3.010 , Out:   0.000#   1.782#   3.010f


 Total SPIN, PARITY =    15.5 -,      4 chs,      0 cc.  Rmin & Coul turning =    1.2    4.3
   S-matrix    1 =    0.92395   0.14399 for L=   15, J=   15.5 channel on core I =   0.0 from L=   15,  Acc. loss =  0.0 D.
 Elastic phase shift   1 =    4.429   1.922 deg. for the L =   15, J =   15.5 channel.
      15.5  0.92395460  0.14398673i: elastic S-matrix  @@      0.02  0   0 F  0
 Reaction Xsec    15.5-/15 @ 1 =   4.826 , Out:   0.000#   0.637#   4.826f


 Total SPIN, PARITY =    16.5 +,      4 chs,      0 cc.  Rmin & Coul turning =    1.2    4.6
   S-matrix    1 =    0.95336   0.09370 for L=   16, J=   16.5 channel on core I =   0.0 from L=   16,  Acc. loss =  0.0 D.
 Elastic phase shift   1 =    2.807   1.231 deg. for the L =   16, J =   16.5 channel.
      16.5  0.95335558  0.09369589i: elastic S-matrix  @@      0.00  0   0 F  0
 Reaction Xsec    16.5+/16 @ 1 =   3.362 , Out:   0.000#   6.342#   3.362f


 Total SPIN, PARITY =    16.5 -,      4 chs,      0 cc.  Rmin & Coul turning =    1.2    4.6
   S-matrix    1 =    0.97429   0.02153 for L=   17, J=   16.5 channel on core I =   0.0 from L=   17,  Acc. loss =  0.0 D.
 Elastic phase shift   1 =    0.633   0.739 deg. for the L =   17, J =   16.5 channel.
      16.5  0.97428539  0.02152959i: elastic S-matrix  @@      0.00  0   0 F  0
 Reaction Xsec    16.5-/17 @ 1 =   2.054 , Out:   0.000#   0.539#   2.054f


 Total SPIN, PARITY =    17.5 +,      4 chs,      0 cc.  Rmin & Coul turning =    1.4    4.8
   S-matrix    1 =    0.98406   0.01480 for L=   18, J=   17.5 channel on core I =   0.0 from L=   18,  Acc. loss =  0.0 D.
 Elastic phase shift   1 =    0.431   0.457 deg. for the L =   18, J =   17.5 channel.
      17.5  0.98406366  0.01480465i: elastic S-matrix  @@      0.00  0   0 F  0
 Reaction Xsec    17.5+/18 @ 1 =   1.357 , Out:   0.000#   0.212#   1.357f


 Total SPIN, PARITY =    17.5 -,      4 chs,      0 cc.  Rmin & Coul turning =    1.4    4.8
   S-matrix    1 =    0.97177   0.05999 for L=   17, J=   17.5 channel on core I =   0.0 from L=   17,  Acc. loss =  0.0 D.
 Elastic phase shift   1 =    1.766   0.766 deg. for the L =   17, J =   17.5 channel.
      17.5  0.97177228  0.05999405i: elastic S-matrix  @@      0.00  0   0 F  0
 Reaction Xsec    17.5-/17 @ 1 =   2.251 , Out:   0.000#   2.340#   2.251f


 Total SPIN, PARITY =    18.5 +,      4 chs,      0 cc.  Rmin & Coul turning =    1.4    5.1
   S-matrix    1 =    0.98307   0.03800 for L=   18, J=   18.5 channel on core I =   0.0 from L=   18,  Acc. loss =  0.0 D.
 Elastic phase shift   1 =    1.107   0.468 deg. for the L =   18, J =   18.5 channel.
      18.5  0.98307343  0.03800215i: elastic S-matrix  @@      0.00  0   0 F  0
 Reaction Xsec    18.5+/18 @ 1 =   1.466 , Out:   0.000#   0.474#   1.466f


 Total SPIN, PARITY =    18.5 -,      4 chs,      0 cc.  Rmin & Coul turning =    1.4    5.1
   S-matrix    1 =    0.99029   0.01001 for L=   19, J=   18.5 channel on core I =   0.0 from L=   19,  Acc. loss =  0.0 D.
 Elastic phase shift   1 =    0.290   0.278 deg. for the L =   19, J =   18.5 channel.
      18.5  0.99029279  0.01001403i: elastic S-matrix  @@      0.02  0   0 F  0
 Reaction Xsec    18.5-/19 @ 1 =   0.877 , Out:   0.000#   0.494#   0.877f


 Total SPIN, PARITY =    19.5 +,      4 chs,      0 cc.  Rmin & Coul turning =    1.5    5.4
   S-matrix    1 =    0.99415   0.00669 for L=   20, J=   19.5 channel on core I =   0.0 from L=   20,  Acc. loss =  0.0 D.
 Elastic phase shift   1 =    0.193   0.167 deg. for the L =   20, J =   19.5 channel.
      19.5  0.99415436  0.00668925i: elastic S-matrix  @@      0.00  0   0 F  0
 Reaction Xsec    19.5+/20 @ 1 =   0.558 , Out:   0.000#   0.224#   0.558f


 Total SPIN, PARITY =    19.5 -,      4 chs,      0 cc.  Rmin & Coul turning =    1.5    5.4
   S-matrix    1 =    0.98991   0.02390 for L=   19, J=   19.5 channel on core I =   0.0 from L=   19,  Acc. loss =  0.0 D.
 Elastic phase shift   1 =    0.692   0.282 deg. for the L =   19, J =   19.5 channel.
      19.5  0.98991074  0.02390310i: elastic S-matrix  @@      0.00  0   0 F  0
 Reaction Xsec    19.5-/19 @ 1 =   0.937 , Out:   0.000#   1.143#   0.937f


 Total SPIN, PARITY =    20.5 +,      4 chs,      0 cc.  Rmin & Coul turning =    1.6    5.7
   S-matrix    1 =    0.99401   0.01497 for L=   20, J=   20.5 channel on core I =   0.0 from L=   20,  Acc. loss =  0.0 D.
 Elastic phase shift   1 =    0.431   0.169 deg. for the L =   20, J =   20.5 channel.
      20.5  0.99400912  0.01496754i: elastic S-matrix  @@      0.00  0   0 F  0
 Reaction Xsec    20.5+/20 @ 1 =   0.591 , Out:   0.000#   0.445#   0.591f


 Total SPIN, PARITY =    20.5 -,      4 chs,      0 cc.  Rmin & Coul turning =    1.6    5.7
   S-matrix    1 =    0.99651   0.00443 for L=   21, J=   20.5 channel on core I =   0.0 from L=   21,  Acc. loss =  0.0 D.
 Elastic phase shift   1 =    0.127   0.100 deg. for the L =   21, J =   20.5 channel.
      20.5  0.99650596  0.00442608i: elastic S-matrix  @@      0.00  0   0 F  0
 Reaction Xsec    20.5-/21 @ 1 =   0.351 , Out:   0.000#   0.035#   0.351f


 Total SPIN, PARITY =    21.5 +,      4 chs,      0 cc.  Rmin & Coul turning =    1.7    5.9
   S-matrix    1 =    0.99792   0.00291 for L=   22, J=   21.5 channel on core I =   0.0 from L=   22,  Acc. loss =  0.0 D.
 Elastic phase shift   1 =    0.083   0.059 deg. for the L =   22, J =   21.5 channel.
      21.5  0.99792167  0.00290734i: elastic S-matrix  @@      0.00  0   0 F  0
 Reaction Xsec    21.5+/22 @ 1 =   0.219 , Out:   0.000#   0.014#   0.219f


 Total SPIN, PARITY =    21.5 -,      4 chs,      0 cc.  Rmin & Coul turning =    1.7    5.9
   S-matrix    1 =    0.99645   0.00935 for L=   21, J=   21.5 channel on core I =   0.0 from L=   21,  Acc. loss =  0.0 D.
 Elastic phase shift   1 =    0.269   0.101 deg. for the L =   21, J =   21.5 channel.
      21.5  0.99645131  0.00934585i: elastic S-matrix  @@      0.02  0   0 F  0
 Reaction Xsec    21.5-/21 @ 1 =   0.370 , Out:   0.000#   0.058#   0.370f


 Total SPIN, PARITY =    22.5 +,      4 chs,      0 cc.  Rmin & Coul turning =    1.8    6.2
   S-matrix    1 =    0.99790   0.00583 for L=   22, J=   22.5 channel on core I =   0.0 from L=   22,  Acc. loss =  0.0 D.
 Elastic phase shift   1 =    0.167   0.060 deg. for the L =   22, J =   22.5 channel.
      22.5  0.99790125  0.00582537i: elastic S-matrix  @@      0.00  0   0 F  0
 Reaction Xsec    22.5+/22 @ 1 =   0.230 , Out:   0.000#   0.022#   0.230f


 Total SPIN, PARITY =    22.5 -,      4 chs,      0 cc.  Rmin & Coul turning =    1.8    6.2
   S-matrix    1 =    0.99877   0.00190 for L=   23, J=   22.5 channel on core I =   0.0 from L=   23,  Acc. loss =  0.0 D.
 Elastic phase shift   1 =    0.054   0.035 deg. for the L =   23, J =   22.5 channel.
      22.5  0.99876771  0.00189881i: elastic S-matrix  @@      0.00  0   0 F  0
 Reaction Xsec    22.5-/23 @ 1 =   0.136 , Out:   0.000#   0.019#   0.136f


 Total SPIN, PARITY =    23.5 +,      4 chs,      0 cc.  Rmin & Coul turning =    1.8    6.5
   S-matrix    1 =    0.99927   0.00123 for L=   24, J=   23.5 channel on core I =   0.0 from L=   24,  Acc. loss =  0.0 D.
 Elastic phase shift   1 =    0.035   0.021 deg. for the L =   24, J =   23.5 channel.
      23.5  0.99927093  0.00123442i: elastic S-matrix  @@      0.00  0   0 F  0
 Reaction Xsec    23.5+/24 @ 1 =   0.084 , Out:   0.000#   0.005#   0.084f


 Total SPIN, PARITY =    23.5 -,      4 chs,      0 cc.  Rmin & Coul turning =    1.8    6.5
   S-matrix    1 =    0.99876   0.00363 for L=   23, J=   23.5 channel on core I =   0.0 from L=   23,  Acc. loss =  0.0 D.
 Elastic phase shift   1 =    0.104   0.035 deg. for the L =   23, J =   23.5 channel.
      23.5  0.99876012  0.00362708i: elastic S-matrix  @@      0.00  0   0 F  0
 Reaction Xsec    23.5-/23 @ 1 =   0.142 , Out:   0.000#   0.029#   0.142f


 Total SPIN, PARITY =    24.5 +,      4 chs,      0 cc.  Rmin & Coul turning =    1.9    6.8
   S-matrix    1 =    0.99927   0.00226 for L=   24, J=   24.5 channel on core I =   0.0 from L=   24,  Acc. loss =  0.0 D.
 Elastic phase shift   1 =    0.065   0.021 deg. for the L =   24, J =   24.5 channel.
      24.5  0.99926812  0.00225688i: elastic S-matrix  @@      0.00  0   0 F  0
 Reaction Xsec    24.5+/24 @ 1 =   0.088 , Out:   0.000#   0.008#   0.088f


 Total SPIN, PARITY =    24.5 -,      4 chs,      0 cc.  Rmin & Coul turning =    1.9    6.8
   S-matrix    1 =    0.99957   0.00080 for L=   25, J=   24.5 channel on core I =   0.0 from L=   25,  Acc. loss =  0.0 D.
 Elastic phase shift   1 =    0.023   0.012 deg. for the L =   25, J =   24.5 channel.
      24.5  0.99956931  0.00079945i: elastic S-matrix  @@      0.02  0   0 F  0
 Reaction Xsec    24.5-/25 @ 1 =   0.052 , Out:   0.000#   0.002#   0.052f


 Total SPIN, PARITY =    25.5 +,      4 chs,      0 cc.  Rmin & Coul turning =    2.0    7.1
   S-matrix    1 =    0.99975   0.00052 for L=   26, J=   25.5 channel on core I =   0.0 from L=   26,  Acc. loss =  0.0 D.
 Elastic phase shift   1 =    0.015   0.007 deg. for the L =   26, J =   25.5 channel.
      25.5  0.99974586  0.00051607i: elastic S-matrix  @@      0.00  0   0 F  0
 Reaction Xsec    25.5+/26 @ 1 =   0.032 , Out:   0.000#   0.003#   0.032f


 Total SPIN, PARITY =    25.5 -,      4 chs,      0 cc.  Rmin & Coul turning =    2.0    7.1
   S-matrix    1 =    0.99957   0.00140 for L=   25, J=   25.5 channel on core I =   0.0 from L=   25,  Acc. loss =  0.0 D.
 Elastic phase shift   1 =    0.040   0.012 deg. for the L =   25, J =   25.5 channel.
      25.5  0.99956827  0.00140377i: elastic S-matrix  @@      0.00  0   0 F  0
 Reaction Xsec    25.5-/25 @ 1 =   0.054 , Out:   0.000#   0.002#   0.054f


 Total SPIN, PARITY =    26.5 +,      4 chs,      0 cc.  Rmin & Coul turning =    2.1    7.3
   S-matrix    1 =    0.99975   0.00087 for L=   26, J=   26.5 channel on core I =   0.0 from L=   26,  Acc. loss =  0.0 D.
 Elastic phase shift   1 =    0.025   0.007 deg. for the L =   26, J =   26.5 channel.
      26.5  0.99974548  0.00087297i: elastic S-matrix  @@      0.00  0   0 F  0
 Reaction Xsec    26.5+/26 @ 1 =   0.033 , Out:   0.000#   0.003#   0.033f


 Total SPIN, PARITY =    26.5 -,      4 chs,      0 cc.  Rmin & Coul turning =    2.1    7.3
   S-matrix    1 =    0.99985   0.00033 for L=   27, J=   26.5 channel on core I =   0.0 from L=   27,  Acc. loss =  0.0 D.
 Elastic phase shift   1 =    0.010   0.004 deg. for the L =   27, J =   26.5 channel.
      26.5  0.99985017  0.00033224i: elastic S-matrix  @@      0.00  0   0 F  0
 Reaction Xsec    26.5-/27 @ 1 =   0.019 , Out:   0.000#   0.004#   0.019f


 Total SPIN, PARITY =    27.5 +,      4 chs,      0 cc.  Rmin & Coul turning =    2.1    7.6
   S-matrix    1 =    0.99991   0.00021 for L=   28, J=   27.5 channel on core I =   0.0 from L=   28,  Acc. loss =  0.0 D.
 Elastic phase shift   1 =    0.006   0.003 deg. for the L =   28, J =   27.5 channel.
      27.5  0.99991173  0.00021338i: elastic S-matrix  @@      0.00  0   0 F  0
 Reaction Xsec    27.5+/28 @ 1 =   0.012 , Out:   0.000#   0.004#   0.012f


 Total SPIN, PARITY =    27.5 -,      4 chs,      0 cc.  Rmin & Coul turning =    2.1    7.6
   S-matrix    1 =    0.99985   0.00054 for L=   27, J=   27.5 channel on core I =   0.0 from L=   27,  Acc. loss =  0.0 D.
 Elastic phase shift   1 =    0.016   0.004 deg. for the L =   27, J =   27.5 channel.
      27.5  0.99985003  0.00054286i: elastic S-matrix  @@      0.02  0   0 F  0
 Reaction Xsec    27.5-/27 @ 1 =   0.020 , Out:   0.000#   0.004#   0.020f


 Total SPIN, PARITY =    28.5 +,      4 chs,      0 cc.  Rmin & Coul turning =    2.2    7.9
   S-matrix    1 =    0.99991   0.00034 for L=   28, J=   28.5 channel on core I =   0.0 from L=   28,  Acc. loss =  0.0 D.
 Elastic phase shift   1 =    0.010   0.003 deg. for the L =   28, J =   28.5 channel.
      28.5  0.99991168  0.00033759i: elastic S-matrix  @@      0.00  0   0 F  0
 Reaction Xsec    28.5+/28 @ 1 =   0.012 , Out:   0.000#   0.005#   0.012f


 Total SPIN, PARITY =    28.5 -,      4 chs,      0 cc.  Rmin & Coul turning =    2.2    7.9
   S-matrix    1 =    0.99995   0.00014 for L=   29, J=   28.5 channel on core I =   0.0 from L=   29,  Acc. loss =  0.0 D.
 Elastic phase shift   1 =    0.004   0.001 deg. for the L =   29, J =   28.5 channel.
      28.5  0.99994803  0.00013678i: elastic S-matrix  @@      0.00  0   0 F  0
 Reaction Xsec    28.5-/29 @ 1 =   7.238/, Out:   0.000#   0.005#   0.007f


 Total SPIN, PARITY =    29.5 +,      4 chs,      0 cc.  Rmin & Coul turning =    2.3    8.2
   S-matrix    1 =    0.99997   0.00009 for L=   30, J=   29.5 channel on core I =   0.0 from L=   30,  Acc. loss =  0.0 D.
 Elastic phase shift   1 =    0.003   0.001 deg. for the L =   30, J =   29.5 channel.
      29.5  0.99996942  0.00008752i: elastic S-matrix  @@      0.00  0   0 F  0
 Reaction Xsec    29.5+/30 @ 1 =   4.406/, Out:   0.000#   0.003#   0.004f


 Total SPIN, PARITY =    29.5 -,      4 chs,      0 cc.  Rmin & Coul turning =    2.3    8.2
   S-matrix    1 =    0.99995   0.00021 for L=   29, J=   29.5 channel on core I =   0.0 from L=   29,  Acc. loss =  0.0 D.
 Elastic phase shift   1 =    0.006   0.001 deg. for the L =   29, J =   29.5 channel.
      29.5  0.99994801  0.00020998i: elastic S-matrix  @@      0.00  0   0 F  0
 Reaction Xsec    29.5-/29 @ 1 =   7.488/, Out:   0.000#   0.005#   0.007f


 Total SPIN, PARITY =    30.5 +,      4 chs,      0 cc.  Rmin & Coul turning =    2.4    8.4
   S-matrix    1 =    0.99997   0.00013 for L=   30, J=   30.5 channel on core I =   0.0 from L=   30,  Acc. loss =  0.0 D.
 Elastic phase shift   1 =    0.004   0.001 deg. for the L =   30, J =   30.5 channel.
      30.5  0.99996941  0.00013065i: elastic S-matrix  @@      0.00  0   0 F  0
 Reaction Xsec    30.5+/30 @ 1 =   4.553/, Out:   0.000#   0.004#   0.005f


 Total SPIN, PARITY =    30.5 -,      4 chs,      0 cc.  Rmin & Coul turning =    2.4    8.4
   S-matrix    1 =    0.99998   0.00006 for L=   31, J=   30.5 channel on core I =   0.0 from L=   31,  Acc. loss =  0.0 D.
 Elastic phase shift   1 =    0.002   0.001 deg. for the L =   31, J =   30.5 channel.
      30.5  0.99998201  0.00005594i: elastic S-matrix  @@      0.02  0   0 F  0
 Reaction Xsec    30.5-/31 @ 1 =   2.678/, Out:   0.000#   0.002#   0.003f


 Total SPIN, PARITY =    31.5 +,      4 chs,      0 cc.  Rmin & Coul turning =    2.5    8.7
   S-matrix    1 =    0.99999   0.00004 for L=   32, J=   31.5 channel on core I =   0.0 from L=   32,  Acc. loss =  0.0 D.
 Elastic phase shift   1 =    0.001   0.000 deg. for the L =   32, J =   31.5 channel.
      31.5  0.99998943  0.00003573i: elastic S-matrix  @@      0.00  0   0 F  0
 Reaction Xsec    31.5+/32 @ 1 =   1.625/, Out:   0.000#   0.001#   0.002f


 Total SPIN, PARITY =    31.5 -,      4 chs,      0 cc.  Rmin & Coul turning =    2.5    8.7
   S-matrix    1 =    0.99998   0.00008 for L=   31, J=   31.5 channel on core I =   0.0 from L=   31,  Acc. loss =  0.0 D.
 Elastic phase shift   1 =    0.002   0.001 deg. for the L =   31, J =   31.5 channel.
      31.5  0.99998201  0.00008132i: elastic S-matrix  @@      0.00  0   0 F  0
 Reaction Xsec    31.5-/31 @ 1 =   2.764/, Out:   0.000#   0.002#   0.003f


 Total SPIN, PARITY =    32.5 +,      4 chs,      0 cc.  Rmin & Coul turning =    2.6    9.0
   S-matrix    1 =    0.99999   0.00005 for L=   32, J=   32.5 channel on core I =   0.0 from L=   32,  Acc. loss =  0.0 D.
 Elastic phase shift   1 =    0.001   0.000 deg. for the L =   32, J =   32.5 channel.
      32.5  0.99998943  0.00005067i: elastic S-matrix  @@      0.00  0   0 F  0
 Reaction Xsec    32.5+/32 @ 1 =   1.676/, Out:   0.000#   0.001#   0.002f


 Total SPIN, PARITY =    32.5 -,      4 chs,      0 cc.  Rmin & Coul turning =    2.6    9.0
   S-matrix    1 =    0.99999   0.00002 for L=   33, J=   32.5 channel on core I =   0.0 from L=   33,  Acc. loss =  0.0 D.
 Elastic phase shift   1 =    0.001   0.000 deg. for the L =   33, J =   32.5 channel.
      32.5  0.99999379  0.00002280i: elastic S-matrix  @@      0.00  0   0 F  0
 Reaction Xsec    32.5-/33 @ 1 =   0.985/, Out:   0.000#   0.000#   0.001f


 Total SPIN, PARITY =    33.5 +,      4 chs,      0 cc.  Rmin & Coul turning =    2.6    9.3
   S-matrix    1 =    1.00000   0.00001 for L=   34, J=   33.5 channel on core I =   0.0 from L=   34,  Acc. loss =  0.0 D.
 Elastic phase shift   1 =    0.000   0.000 deg. for the L =   34, J =   33.5 channel.
      33.5  0.99999635  0.00001458i: elastic S-matrix  @@      0.00  0   0 F  0
 Reaction Xsec    33.5+/34 @ 1 =   0.596/, Out:   0.000#   0.000#   0.001f


 Total SPIN, PARITY =    33.5 -,      4 chs,      0 cc.  Rmin & Coul turning =    2.6    9.3
   S-matrix    1 =    0.99999   0.00003 for L=   33, J=   33.5 channel on core I =   0.0 from L=   33,  Acc. loss =  0.0 D.
 Elastic phase shift   1 =    0.001   0.000 deg. for the L =   33, J =   33.5 channel.
      33.5  0.99999379  0.00003158i: elastic S-matrix  @@      0.00  0   0 F  0
 Reaction Xsec    33.5-/33 @ 1 =   1.015/, Out:   0.000#   0.000#   0.001f


 Total SPIN, PARITY =    34.5 +,      4 chs,      0 cc.  Rmin & Coul turning =    2.7    9.5
   S-matrix    1 =    1.00000   0.00002 for L=   34, J=   34.5 channel on core I =   0.0 from L=   34,  Acc. loss =  0.0 D.
 Elastic phase shift   1 =    0.001   0.000 deg. for the L =   34, J =   34.5 channel.
      34.5  0.99999635  0.00001974i: elastic S-matrix  @@      0.02  0   0 F  0
 Reaction Xsec    34.5+/34 @ 1 =   0.613/, Out:   0.000#   0.000#   0.001f


 Total SPIN, PARITY =    34.5 -,      4 chs,      0 cc.  Rmin & Coul turning =    2.7    9.5
   S-matrix    1 =    1.00000   0.00001 for L=   35, J=   34.5 channel on core I =   0.0 from L=   35,  Acc. loss =  0.0 D.
 Elastic phase shift   1 =    0.000   0.000 deg. for the L =   35, J =   34.5 channel.
      34.5  0.99999786  0.00000932i: elastic S-matrix  @@      0.00  0   0 F  0
 Reaction Xsec    34.5-/35 @ 1 =   0.360/, Out:   0.000#   0.000#   0.000f


 Total SPIN, PARITY =    35.5 +,      4 chs,      0 cc.  Rmin & Coul turning =    2.8    9.8
   S-matrix    1 =    1.00000   0.00001 for L=   36, J=   35.5 channel on core I =   0.0 from L=   36,  Acc. loss =  0.0 D.
 Elastic phase shift   1 =    0.000   0.000 deg. for the L =   36, J =   35.5 channel.
      35.5  0.99999874  0.00000598i: elastic S-matrix  @@      0.00  0   0 F  0
 Reaction Xsec    35.5+/36 @ 1 =   0.217/, Out:   0.000#   0.000#   0.000f


 Total SPIN, PARITY =    35.5 -,      4 chs,      0 cc.  Rmin & Coul turning =    2.8    9.8
   S-matrix    1 =    1.00000   0.00001 for L=   35, J=   35.5 channel on core I =   0.0 from L=   35,  Acc. loss =  0.0 D.
 Elastic phase shift   1 =    0.000   0.000 deg. for the L =   35, J =   35.5 channel.
      35.5  0.99999786  0.00001236i: elastic S-matrix  @@      0.00  0   0 F  0
 Reaction Xsec    35.5-/35 @ 1 =   0.370/, Out:   0.000#   0.000#   0.000f


 Total SPIN, PARITY =    36.5 +,      4 chs,      0 cc.  Rmin & Coul turning =    2.9   10.1
   S-matrix    1 =    1.00000   0.00001 for L=   36, J=   36.5 channel on core I =   0.0 from L=   36,  Acc. loss =  0.0 D.
 Elastic phase shift   1 =    0.000   0.000 deg. for the L =   36, J =   36.5 channel.
      36.5  0.99999874  0.00000776i: elastic S-matrix  @@      0.00  0   0 F  0
 Reaction Xsec    36.5+/36 @ 1 =   0.223/, Out:   0.000#   0.000#   0.000f


 Total SPIN, PARITY =    36.5 -,      4 chs,      0 cc.  Rmin & Coul turning =    2.9   10.1
   S-matrix    1 =    1.00000   0.00000 for L=   37, J=   36.5 channel on core I =   0.0 from L=   37,  Acc. loss =  0.0 D.
 Elastic phase shift   1 =    0.000   0.000 deg. for the L =   37, J =   36.5 channel.
      36.5  0.99999926  0.00000387i: elastic S-matrix  @@      0.00  0   0 F  0
 Reaction Xsec    36.5-/37 @ 1 =   0.131/, Out:   0.000#   0.000#   0.000f


 Total SPIN, PARITY =    37.5 +,      4 chs,      0 cc.  Rmin & Coul turning =    3.0   10.4
   S-matrix    1 =    1.00000   0.00000 for L=   38, J=   37.5 channel on core I =   0.0 from L=   38,  Acc. loss =  0.0 D.
 Elastic phase shift   1 =    0.000   0.000 deg. for the L =   38, J =   37.5 channel.
      37.5  0.99999957  0.00000251i: elastic S-matrix  @@      0.02  0   0 F  0
 Reaction Xsec    37.5+/38 @ 1 =   0.079/, Out:   0.000#   0.000#   0.000f


 Total SPIN, PARITY =    37.5 -,      4 chs,      0 cc.  Rmin & Coul turning =    3.0   10.4
   S-matrix    1 =    1.00000   0.00000 for L=   37, J=   37.5 channel on core I =   0.0 from L=   37,  Acc. loss =  0.0 D.
 Elastic phase shift   1 =    0.000   0.000 deg. for the L =   37, J =   37.5 channel.
      37.5  0.99999926  0.00000492i: elastic S-matrix  @@      0.00  0   0 F  0
 Reaction Xsec    37.5-/37 @ 1 =   0.135/, Out:   0.000#   0.000#   0.000f


 Total SPIN, PARITY =    38.5 +,      4 chs,      0 cc.  Rmin & Coul turning =    3.0   10.6
   S-matrix    1 =    1.00000   0.00000 for L=   38, J=   38.5 channel on core I =   0.0 from L=   38,  Acc. loss =  0.0 D.
 Elastic phase shift   1 =    0.000   0.000 deg. for the L =   38, J =   38.5 channel.
      38.5  0.99999957  0.00000312i: elastic S-matrix  @@      0.00  0   0 F  0
 Reaction Xsec    38.5+/38 @ 1 =   0.081/, Out:   0.000#   0.000#   0.000f


 Total SPIN, PARITY =    38.5 -,      4 chs,      0 cc.  Rmin & Coul turning =    3.0   10.6
   S-matrix    1 =    1.00000   0.00000 for L=   39, J=   38.5 channel on core I =   0.0 from L=   39,  Acc. loss =  0.0 D.
 Elastic phase shift   1 =    0.000   0.000 deg. for the L =   39, J =   38.5 channel.
      38.5  0.99999975  0.00000166i: elastic S-matrix  @@      0.00  0   0 F  0
 Reaction Xsec    38.5-/39 @ 1 =   0.048/, Out:   0.000#   0.000#   0.000f


 Total SPIN, PARITY =    39.5 +,      4 chs,      0 cc.  Rmin & Coul turning =    3.1   10.9
   S-matrix    1 =    1.00000   0.00000 for L=   40, J=   39.5 channel on core I =   0.0 from L=   40,  Acc. loss =  0.0 D.
 Elastic phase shift   1 =    0.000   0.000 deg. for the L =   40, J =   39.5 channel.
      39.5  0.99999985  0.00000112i: elastic S-matrix  @@      0.00  0   0 F  0
 Reaction Xsec    39.5+/40 @ 1 =   0.029/, Out:   0.000#   0.000#   0.000f


 Total SPIN, PARITY =    39.5 -,      4 chs,      0 cc.  Rmin & Coul turning =    3.1   10.9
   S-matrix    1 =    1.00000   0.00000 for L=   39, J=   39.5 channel on core I =   0.0 from L=   39,  Acc. loss =  0.0 D.
 Elastic phase shift   1 =    0.000   0.000 deg. for the L =   39, J =   39.5 channel.
      39.5  0.99999975  0.00000202i: elastic S-matrix  @@      0.00  0   0 F  0
 Reaction Xsec    39.5-/39 @ 1 =   0.049/, Out:   0.000#   0.000#   0.000f


 Total SPIN, PARITY =    40.5 +,      4 chs,      0 cc.  Rmin & Coul turning =    3.2   11.2
   S-matrix    1 =    1.00000   0.00000 for L=   40, J=   40.5 channel on core I =   0.0 from L=   40,  Acc. loss =  0.0 D.
 Elastic phase shift   1 =    0.000   0.000 deg. for the L =   40, J =   40.5 channel.
      40.5  0.99999985  0.00000133i: elastic S-matrix  @@      0.02  0   0 F  0
 Reaction Xsec    40.5+/40 @ 1 =   0.029/, Out:   0.000#   0.000#   0.000f


 Total SPIN, PARITY =    40.5 -,      4 chs,      0 cc.  Rmin & Coul turning =    3.2   11.2
   S-matrix    1 =    1.00000   0.00000 for L=   41, J=   40.5 channel on core I =   0.0 from L=   41,  Acc. loss =  0.0 D.
 Elastic phase shift   1 =    0.000   0.000 deg. for the L =   41, J =   40.5 channel.
      40.5  0.99999991  0.00000076i: elastic S-matrix  @@      0.00  0   0 F  0
 Reaction Xsec    40.5-/41 @ 1 =   0.017/, Out:   0.000#   0.000#   0.000f


 Total SPIN, PARITY =    41.5 +,      4 chs,      0 cc.  Rmin & Coul turning =    3.2   11.5
   S-matrix    1 =    1.00000   0.00000 for L=   42, J=   41.5 channel on core I =   0.0 from L=   42,  Acc. loss =  0.0 D.
 Elastic phase shift   1 =    0.000   0.000 deg. for the L =   42, J =   41.5 channel.
      41.5  0.99999995  0.00000056i: elastic S-matrix  @@      0.00  0   0 F  0
 Reaction Xsec    41.5+/42 @ 1 =   0.010/, Out:   0.000#   0.000#   0.000f


 Total SPIN, PARITY =    41.5 -,      4 chs,      0 cc.  Rmin & Coul turning =    3.2   11.5
   S-matrix    1 =    1.00000   0.00000 for L=   41, J=   41.5 channel on core I =   0.0 from L=   41,  Acc. loss =  0.0 D.
 Elastic phase shift   1 =    0.000   0.000 deg. for the L =   41, J =   41.5 channel.
      41.5  0.99999991  0.00000088i: elastic S-matrix  @@      0.00  0   0 F  0
 Reaction Xsec    41.5-/41 @ 1 =   0.018/, Out:   0.000#   0.000#   0.000f


 Total SPIN, PARITY =    42.5 +,      4 chs,      0 cc.  Rmin & Coul turning =    3.4   11.8
   S-matrix    1 =    1.00000   0.00000 for L=   42, J=   42.5 channel on core I =   0.0 from L=   42,  Acc. loss =  0.0 D.
 Elastic phase shift   1 =    0.000   0.000 deg. for the L =   42, J =   42.5 channel.
      42.5  0.99999995  0.00000063i: elastic S-matrix  @@      0.00  0   0 F  0
 Reaction Xsec    42.5+/42 @ 1 =   0.011/, Out:   0.000#   0.000#   0.000f


 Total SPIN, PARITY =    42.5 -,      4 chs,      0 cc.  Rmin & Coul turning =    3.4   11.8
   S-matrix    1 =    1.00000   0.00000 for L=   43, J=   42.5 channel on core I =   0.0 from L=   43,  Acc. loss =  0.0 D.
 Elastic phase shift   1 =    0.000   0.000 deg. for the L =   43, J =   42.5 channel.
      42.5  0.99999997  0.00000040i: elastic S-matrix  @@      0.00  0   0 F  0
 Reaction Xsec    42.5-/43 @ 1 =   6.178#, Out:   0.000#   0.000#   0.000f


 Total SPIN, PARITY =    43.5 +,      4 chs,      0 cc.  Rmin & Coul turning =    3.4   12.0
   S-matrix    1 =    1.00000   0.00000 for L=   44, J=   43.5 channel on core I =   0.0 from L=   44,  Acc. loss =  0.0 D.
 Elastic phase shift   1 =    0.000   0.000 deg. for the L =   44, J =   43.5 channel.
      43.5  0.99999998  0.00000030i: elastic S-matrix  @@      0.02  0   0 F  0
 Reaction Xsec    43.5+/44 @ 1 =   3.702#, Out:   0.000#   0.000#   0.000f


 Total SPIN, PARITY =    43.5 -,      4 chs,      0 cc.  Rmin & Coul turning =    3.4   12.0
   S-matrix    1 =    1.00000   0.00000 for L=   43, J=   43.5 channel on core I =   0.0 from L=   43,  Acc. loss =  0.0 D.
 Elastic phase shift   1 =    0.000   0.000 deg. for the L =   43, J =   43.5 channel.
0****** WARNING : ACCURACY LOSS IN ERWIN = 14.2 DIGITS, SO EXPECT ERRORS OF   0.0000 % OF UNITARITY

      43.5  0.99999997  0.00000044i: elastic S-matrix  @@      0.00  0   0 F  0
 Reaction Xsec    43.5-/43 @ 1 =   6.321#, Out:   0.000#   0.000#   0.000f


 Total SPIN, PARITY =    44.5 +,      4 chs,      0 cc.  Rmin & Coul turning =    3.5   12.3
   S-matrix    1 =    1.00000   0.00000 for L=   44, J=   44.5 channel on core I =   0.0 from L=   44,  Acc. loss =  0.0 D.
 Elastic phase shift   1 =    0.000   0.000 deg. for the L =   44, J =   44.5 channel.
      44.5  0.99999998  0.00000033i: elastic S-matrix  @@      0.00  0   0 F  0
 Reaction Xsec    44.5+/44 @ 1 =   3.786#, Out:   0.000#   0.000#   0.000f


 Total SPIN, PARITY =    44.5 -,      4 chs,      0 cc.  Rmin & Coul turning =    3.5   12.3
   S-matrix    1 =    1.00000   0.00000 for L=   45, J=   44.5 channel on core I =   0.0 from L=   45,  Acc. loss =  0.0 D.
 Elastic phase shift   1 =    0.000   0.000 deg. for the L =   45, J =   44.5 channel.
0****** WARNING : ACCURACY LOSS IN ERWIN = 14.4 DIGITS, SO EXPECT ERRORS OF   0.0000 % OF UNITARITY

      44.5  0.99999999  0.00000027i: elastic S-matrix  @@      0.00  0   0 F  0
 Reaction Xsec    44.5-/45 @ 1 =   2.216#, Out:   0.000#   0.000#   0.000f


 Total SPIN, PARITY =    45.5 +,      4 chs,      0 cc.  Rmin & Coul turning =    3.6   12.6
   S-matrix    1 =    1.00000   0.00000 for L=   46, J=   45.5 channel on core I =   0.0 from L=   46,  Acc. loss =  0.0 D.
 Elastic phase shift   1 =    0.000   0.000 deg. for the L =   46, J =   45.5 channel.
      45.5  0.99999999  0.00000020i: elastic S-matrix  @@      0.00  0   0 F  0
 Reaction Xsec    45.5+/46 @ 1 =   1.326#, Out:   0.000#   0.000#   0.000f


 Total SPIN, PARITY =    45.5 -,      4 chs,      0 cc.  Rmin & Coul turning =    3.6   12.6
   S-matrix    1 =    1.00000   0.00000 for L=   45, J=   45.5 channel on core I =   0.0 from L=   45,  Acc. loss =  0.0 D.
 Elastic phase shift   1 =    0.000   0.000 deg. for the L =   45, J =   45.5 channel.
      45.5  0.99999999  0.00000028i: elastic S-matrix  @@      0.00  0   0 F  0
 Reaction Xsec    45.5-/45 @ 1 =   2.265#, Out:   0.000#   0.000#   0.000f


 Total SPIN, PARITY =    46.5 +,      4 chs,      0 cc.  Rmin & Coul turning =    3.7   12.9
   S-matrix    1 =    1.00000   0.00000 for L=   46, J=   46.5 channel on core I =   0.0 from L=   46,  Acc. loss =  0.0 D.
 Elastic phase shift   1 =    0.000   0.000 deg. for the L =   46, J =   46.5 channel.
      46.5  0.99999999  0.00000021i: elastic S-matrix  @@      0.02  0   0 F  0
 Reaction Xsec    46.5+/46 @ 1 =   1.355#, Out:   0.000#   0.000#   0.000f


 Total SPIN, PARITY =    46.5 -,      4 chs,      0 cc.  Rmin & Coul turning =    3.7   12.9
   S-matrix    1 =    1.00000   0.00000 for L=   47, J=   46.5 channel on core I =   0.0 from L=   47,  Acc. loss =  0.0 D.
 Elastic phase shift   1 =    0.000   0.000 deg. for the L =   47, J =   46.5 channel.
0****** WARNING : ACCURACY LOSS IN ERWIN = 14.3 DIGITS, SO EXPECT ERRORS OF   0.0000 % OF UNITARITY

      46.5  1.00000000  0.00000018i: elastic S-matrix  @@      0.00  0   0 F  0
 Reaction Xsec    46.5-/47 @ 1 =   0.793#, Out:   0.000#   0.000#   0.000f


 Total SPIN, PARITY =    47.5 +,      4 chs,      0 cc.  Rmin & Coul turning =    3.8   13.1
   S-matrix    1 =    1.00000   0.00000 for L=   48, J=   47.5 channel on core I =   0.0 from L=   48,  Acc. loss =  0.0 D.
 Elastic phase shift   1 =    0.000   0.000 deg. for the L =   48, J =   47.5 channel.
0****** WARNING : ACCURACY LOSS IN ERWIN = 14.5 DIGITS, SO EXPECT ERRORS OF   0.0000 % OF UNITARITY

      47.5  1.00000000  0.00000018i: elastic S-matrix  @@      0.00  0   0 F  0
 Reaction Xsec    47.5+/48 @ 1 =   0.474#, Out:   0.000#   0.000#   0.000f


 Total SPIN, PARITY =    47.5 -,      4 chs,      0 cc.  Rmin & Coul turning =    3.8   13.1
   S-matrix    1 =    1.00000   0.00000 for L=   47, J=   47.5 channel on core I =   0.0 from L=   47,  Acc. loss =  0.0 D.
 Elastic phase shift   1 =    0.000   0.000 deg. for the L =   47, J =   47.5 channel.
      47.5  1.00000000  0.00000019i: elastic S-matrix  @@      0.00  0   0 F  0
 Reaction Xsec    47.5-/47 @ 1 =   0.810#, Out:   0.000#   0.000#   0.000f


 Total SPIN, PARITY =    48.5 +,      4 chs,      0 cc.  Rmin & Coul turning =    3.8   13.4
   S-matrix    1 =    1.00000   0.00000 for L=   48, J=   48.5 channel on core I =   0.0 from L=   48,  Acc. loss =  0.0 D.
 Elastic phase shift   1 =    0.000   0.000 deg. for the L =   48, J =   48.5 channel.
0****** WARNING : ACCURACY LOSS IN ERWIN = 14.3 DIGITS, SO EXPECT ERRORS OF   0.0000 % OF UNITARITY

      48.5  1.00000000  0.00000018i: elastic S-matrix  @@      0.00  0   0 F  0
 Reaction Xsec    48.5+/48 @ 1 =   0.484#, Out:   0.000#   0.000#   0.000f


 Total SPIN, PARITY =    48.5 -,      4 chs,      0 cc.  Rmin & Coul turning =    3.8   13.4
   S-matrix    1 =    1.00000   0.00000 for L=   49, J=   48.5 channel on core I =   0.0 from L=   49,  Acc. loss =  0.0 D.
 Elastic phase shift   1 =    0.000   0.000 deg. for the L =   49, J =   48.5 channel.
0****** WARNING : ACCURACY LOSS IN ERWIN = 14.7 DIGITS, SO EXPECT ERRORS OF   0.0000 % OF UNITARITY

      48.5  1.00000000  0.00000013i: elastic S-matrix  @@      0.00  0   0 F  0
 Reaction Xsec    48.5-/49 @ 1 =   0.283#, Out:   0.000#   0.000#   0.000f


 Total SPIN, PARITY =    49.5 +,      4 chs,      0 cc.  Rmin & Coul turning =    3.9   13.7
   S-matrix    1 =    1.00000   0.00000 for L=   50, J=   49.5 channel on core I =   0.0 from L=   50,  Acc. loss =  0.0 D.
 Elastic phase shift   1 =    0.000   0.000 deg. for the L =   50, J =   49.5 channel.
0****** WARNING : ACCURACY LOSS IN ERWIN = 14.3 DIGITS, SO EXPECT ERRORS OF   0.0000 % OF UNITARITY

      49.5  1.00000000  0.00000014i: elastic S-matrix  @@      0.00  0   0 F  0
 Reaction Xsec    49.5+/50 @ 1 =   0.169#, Out:   0.000#   0.000#   0.000f


 Total SPIN, PARITY =    49.5 -,      4 chs,      0 cc.  Rmin & Coul turning =    3.9   13.7
   S-matrix    1 =    1.00000   0.00000 for L=   49, J=   49.5 channel on core I =   0.0 from L=   49,  Acc. loss =  0.0 D.
 Elastic phase shift   1 =    0.000   0.000 deg. for the L =   49, J =   49.5 channel.
0****** WARNING : ACCURACY LOSS IN ERWIN = 14.4 DIGITS, SO EXPECT ERRORS OF   0.0000 % OF UNITARITY

      49.5  1.00000000  0.00000013i: elastic S-matrix  @@      0.02  0   0 F  0
 Reaction Xsec    49.5-/49 @ 1 =   0.289#, Out:   0.000#   0.000#   0.000f


 Total SPIN, PARITY =    50.5 +,      4 chs,      0 cc.  Rmin & Coul turning =    4.0   14.0
   S-matrix    1 =    1.00000   0.00000 for L=   50, J=   50.5 channel on core I =   0.0 from L=   50,  Acc. loss =  0.0 D.
 Elastic phase shift   1 =    0.000   0.000 deg. for the L =   50, J =   50.5 channel.
0****** WARNING : ACCURACY LOSS IN ERWIN = 14.4 DIGITS, SO EXPECT ERRORS OF   0.0000 % OF UNITARITY

      50.5  1.00000000  0.00000014i: elastic S-matrix  @@      0.00  0   0 F  0
 Reaction Xsec    50.5+/50 @ 1 =   0.172#, Out:   0.000#   0.000#   0.000f


 Total SPIN, PARITY =    50.5 -,      4 chs,      0 cc.  Rmin & Coul turning =    4.0   14.0
   S-matrix    1 =    1.00000   0.00000 for L=   51, J=   50.5 channel on core I =   0.0 from L=   51,  Acc. loss =  0.0 D.
 Elastic phase shift   1 =    0.000   0.000 deg. for the L =   51, J =   50.5 channel.
0****** WARNING : ACCURACY LOSS IN ERWIN = 14.5 DIGITS, SO EXPECT ERRORS OF   0.0000 % OF UNITARITY

      50.5  1.00000000  0.00000014i: elastic S-matrix  @@      0.00  0   0 F  0
 Reaction Xsec    50.5-/51 @ 1 =   0.101#, Out:   0.000#   0.000#   0.000f


 Total SPIN, PARITY =    51.5 +,      4 chs,      0 cc.  Rmin & Coul turning =    4.0   14.2
   S-matrix    1 =    1.00000   0.00000 for L=   52, J=   51.5 channel on core I =   0.0 from L=   52,  Acc. loss =  0.0 D.
 Elastic phase shift   1 =    0.000   0.000 deg. for the L =   52, J =   51.5 channel.
      51.5  1.00000000  0.00000010i: elastic S-matrix  @@      0.00  0   0 F  0
 Reaction Xsec    51.5+/52 @ 1 =   0.060#, Out:   0.000#   0.000#   0.000f


 Total SPIN, PARITY =    51.5 -,      4 chs,      0 cc.  Rmin & Coul turning =    4.0   14.2
   S-matrix    1 =    1.00000   0.00000 for L=   51, J=   51.5 channel on core I =   0.0 from L=   51,  Acc. loss =  0.0 D.
 Elastic phase shift   1 =    0.000   0.000 deg. for the L =   51, J =   51.5 channel.
0****** WARNING : ACCURACY LOSS IN ERWIN = 14.9 DIGITS, SO EXPECT ERRORS OF   0.0000 % OF UNITARITY

      51.5  1.00000000  0.00000014i: elastic S-matrix  @@      0.00  0   0 F  0
 Reaction Xsec    51.5-/51 @ 1 =   0.103#, Out:   0.000#   0.000#   0.000f


 Total SPIN, PARITY =    52.5 +,      4 chs,      0 cc.  Rmin & Coul turning =    4.2   14.5
   S-matrix    1 =    1.00000   0.00000 for L=   52, J=   52.5 channel on core I =   0.0 from L=   52,  Acc. loss =  0.0 D.
 Elastic phase shift   1 =    0.000   0.000 deg. for the L =   52, J =   52.5 channel.
      52.5  1.00000000  0.00000010i: elastic S-matrix  @@      0.00  0   0 F  0
 Reaction Xsec    52.5+/52 @ 1 =   0.061#, Out:   0.000#   0.000#   0.000f


 Total SPIN, PARITY =    52.5 -,      4 chs,      0 cc.  Rmin & Coul turning =    4.2   14.5
   S-matrix    1 =    1.00000   0.00000 for L=   53, J=   52.5 channel on core I =   0.0 from L=   53,  Acc. loss =  0.0 D.
 Elastic phase shift   1 =    0.000   0.000 deg. for the L =   53, J =   52.5 channel.
0****** WARNING : ACCURACY LOSS IN ERWIN = 14.2 DIGITS, SO EXPECT ERRORS OF   0.0000 % OF UNITARITY

      52.5  1.00000000  0.00000012i: elastic S-matrix  @@      0.02  0   0 F  0
 Reaction Xsec    52.5-/53 @ 1 =   0.036#, Out:   0.000#   0.000#   0.000f


 Total SPIN, PARITY =    53.5 +,      4 chs,      0 cc.  Rmin & Coul turning =    4.2   14.8
   S-matrix    1 =    1.00000   0.00000 for L=   54, J=   53.5 channel on core I =   0.0 from L=   54,  Acc. loss =  0.0 D.
 Elastic phase shift   1 =    0.000   0.000 deg. for the L =   54, J =   53.5 channel.
0****** WARNING : ACCURACY LOSS IN ERWIN = 14.2 DIGITS, SO EXPECT ERRORS OF   0.0000 % OF UNITARITY

      53.5  1.00000000  0.00000011i: elastic S-matrix  @@      0.00  0   0 F  0
 Reaction Xsec    53.5+/54 @ 1 =   0.021#, Out:   0.000#   0.000#   0.000f


 Total SPIN, PARITY =    53.5 -,      4 chs,      0 cc.  Rmin & Coul turning =    4.2   14.8
   S-matrix    1 =    1.00000   0.00000 for L=   53, J=   53.5 channel on core I =   0.0 from L=   53,  Acc. loss =  0.0 D.
 Elastic phase shift   1 =    0.000   0.000 deg. for the L =   53, J =   53.5 channel.
0****** WARNING : ACCURACY LOSS IN ERWIN = 14.3 DIGITS, SO EXPECT ERRORS OF   0.0000 % OF UNITARITY

      53.5  1.00000000  0.00000012i: elastic S-matrix  @@      0.00  0   0 F  0
 Reaction Xsec    53.5-/53 @ 1 =   0.036#, Out:   0.000#   0.000#   0.000f


 Total SPIN, PARITY =    54.5 +,      4 chs,      0 cc.  Rmin & Coul turning =    4.3   15.1
   S-matrix    1 =    1.00000   0.00000 for L=   54, J=   54.5 channel on core I =   0.0 from L=   54,  Acc. loss =  0.0 D.
 Elastic phase shift   1 =    0.000   0.000 deg. for the L =   54, J =   54.5 channel.
0****** WARNING : ACCURACY LOSS IN ERWIN = 15.3 DIGITS, SO EXPECT ERRORS OF   0.0000 % OF UNITARITY

      54.5  1.00000000  0.00000011i: elastic S-matrix  @@      0.00  0   0 F  0
 Reaction Xsec    54.5+/54 @ 1 =   0.022#, Out:   0.000#   0.000#   0.000f


 Total SPIN, PARITY =    54.5 -,      4 chs,      0 cc.  Rmin & Coul turning =    4.3   15.1
   S-matrix    1 =    1.00000   0.00000 for L=   55, J=   54.5 channel on core I =   0.0 from L=   55,  Acc. loss =  0.0 D.
 Elastic phase shift   1 =    0.000   0.000 deg. for the L =   55, J =   54.5 channel.
      54.5  1.00000000  0.00000007i: elastic S-matrix  @@      0.00  0   0 F  0
 Reaction Xsec    54.5-/55 @ 1 =   0.013#, Out:   0.000#   0.000#   0.000f


 Total SPIN, PARITY =    55.5 +,      4 chs,      0 cc.  Rmin & Coul turning =    4.4   15.3
   S-matrix    1 =    1.00000   0.00000 for L=   56, J=   55.5 channel on core I =   0.0 from L=   56,  Acc. loss =  0.0 D.
 Elastic phase shift   1 =    0.000   0.000 deg. for the L =   56, J =   55.5 channel.
0****** WARNING : ACCURACY LOSS IN ERWIN = 14.7 DIGITS, SO EXPECT ERRORS OF   0.0000 % OF UNITARITY

      55.5  1.00000000  0.00000010i: elastic S-matrix  @@      0.00  0   0 F  0
 Reaction Xsec    55.5+/56 @ 1 =   0.008#, Out:   0.000#   0.000#   0.000f


 Total SPIN, PARITY =    55.5 -,      4 chs,      0 cc.  Rmin & Coul turning =    4.4   15.3
   S-matrix    1 =    1.00000   0.00000 for L=   55, J=   55.5 channel on core I =   0.0 from L=   55,  Acc. loss =  0.0 D.
 Elastic phase shift   1 =    0.000   0.000 deg. for the L =   55, J =   55.5 channel.
      55.5  1.00000000  0.00000007i: elastic S-matrix  @@      0.00  0   0 F  0
 Reaction Xsec    55.5-/55 @ 1 =   0.013#, Out:   0.000#   0.000#   0.000f


 Total SPIN, PARITY =    56.5 +,      4 chs,      0 cc.  Rmin & Coul turning =    4.5   15.6
   S-matrix    1 =    1.00000   0.00000 for L=   56, J=   56.5 channel on core I =   0.0 from L=   56,  Acc. loss =  0.0 D.
 Elastic phase shift   1 =    0.000   0.000 deg. for the L =   56, J =   56.5 channel.
0****** WARNING : ACCURACY LOSS IN ERWIN = 14.6 DIGITS, SO EXPECT ERRORS OF   0.0000 % OF UNITARITY

      56.5  1.00000000  0.00000010i: elastic S-matrix  @@      0.02  0   0 F  0
 Reaction Xsec    56.5+/56 @ 1 =   0.008#, Out:   0.000#   0.000#   0.000f


 Total SPIN, PARITY =    56.5 -,      4 chs,      0 cc.  Rmin & Coul turning =    4.5   15.6
   S-matrix    1 =    1.00000   0.00000 for L=   57, J=   56.5 channel on core I =   0.0 from L=   57,  Acc. loss =  0.0 D.
 Elastic phase shift   1 =    0.000   0.000 deg. for the L =   57, J =   56.5 channel.
0****** WARNING : ACCURACY LOSS IN ERWIN = 14.4 DIGITS, SO EXPECT ERRORS OF   0.0000 % OF UNITARITY

      56.5  1.00000000  0.00000010i: elastic S-matrix  @@      0.00  0   0 F  0
 Reaction Xsec    56.5-/57 @ 1 =   0.004#, Out:   0.000#   0.000#   0.000f


 Total SPIN, PARITY =    57.5 +,      4 chs,      0 cc.  Rmin & Coul turning =    4.5   15.9
   S-matrix    1 =    1.00000   0.00000 for L=   58, J=   57.5 channel on core I =   0.0 from L=   58,  Acc. loss =  0.0 D.
 Elastic phase shift   1 =    0.000   0.000 deg. for the L =   58, J =   57.5 channel.
0****** WARNING : ACCURACY LOSS IN ERWIN = 14.3 DIGITS, SO EXPECT ERRORS OF   0.0000 % OF UNITARITY

      57.5  1.00000000  0.00000005i: elastic S-matrix  @@      0.00  0   0 F  0
 Reaction Xsec    57.5+/58 @ 1 =   0.003#, Out:   0.000#   0.000#   0.000f


 Total SPIN, PARITY =    57.5 -,      4 chs,      0 cc.  Rmin & Coul turning =    4.5   15.9
   S-matrix    1 =    1.00000   0.00000 for L=   57, J=   57.5 channel on core I =   0.0 from L=   57,  Acc. loss =  0.0 D.
 Elastic phase shift   1 =    0.000   0.000 deg. for the L =   57, J =   57.5 channel.
0****** WARNING : ACCURACY LOSS IN ERWIN = 14.4 DIGITS, SO EXPECT ERRORS OF   0.0000 % OF UNITARITY

      57.5  1.00000000  0.00000010i: elastic S-matrix  @@      0.00  0   0 F  0
 Reaction Xsec    57.5-/57 @ 1 =   0.005#, Out:   0.000#   0.000#   0.000f


 Total SPIN, PARITY =    58.5 +,      4 chs,      0 cc.  Rmin & Coul turning =    4.6   16.2
   S-matrix    1 =    1.00000   0.00000 for L=   58, J=   58.5 channel on core I =   0.0 from L=   58,  Acc. loss =  0.0 D.
 Elastic phase shift   1 =    0.000   0.000 deg. for the L =   58, J =   58.5 channel.
      58.5  1.00000000  0.00000006i: elastic S-matrix  @@      0.00  0   0 F  0
 Reaction Xsec    58.5+/58 @ 1 =   0.003#, Out:   0.000#   0.000#   0.000f


 Total SPIN, PARITY =    58.5 -,      4 chs,      0 cc.  Rmin & Coul turning =    4.6   16.2
   S-matrix    1 =    1.00000   0.00000 for L=   59, J=   58.5 channel on core I =   0.0 from L=   59,  Acc. loss =  0.0 D.
 Elastic phase shift   1 =    0.000   0.000 deg. for the L =   59, J =   58.5 channel.
0****** WARNING : ACCURACY LOSS IN ERWIN = 15.2 DIGITS, SO EXPECT ERRORS OF   0.0000 % OF UNITARITY

      58.5  1.00000000  0.00000007i: elastic S-matrix  @@      0.00  0   0 F  0
 Reaction Xsec    58.5-/59 @ 1 =   0.002#, Out:   0.000#   0.000#   0.000f


 Total SPIN, PARITY =    59.5 +,      4 chs,      0 cc.  Rmin & Coul turning =    4.7   16.5
   S-matrix    1 =    1.00000   0.00000 for L=   60, J=   59.5 channel on core I =   0.0 from L=   60,  Acc. loss =  0.0 D.
 Elastic phase shift   1 =    0.000   0.000 deg. for the L =   60, J =   59.5 channel.
0****** WARNING : ACCURACY LOSS IN ERWIN = 14.2 DIGITS, SO EXPECT ERRORS OF   0.0000 % OF UNITARITY

      59.5  1.00000000  0.00000009i: elastic S-matrix  @@      0.02  0   0 F  0
 Reaction Xsec    59.5+/60 @ 1 =   0.001#, Out:   0.000#   0.000#   0.000f


 Total SPIN, PARITY =    59.5 -,      4 chs,      0 cc.  Rmin & Coul turning =    4.7   16.5
   S-matrix    1 =    1.00000   0.00000 for L=   59, J=   59.5 channel on core I =   0.0 from L=   59,  Acc. loss =  0.0 D.
 Elastic phase shift   1 =    0.000   0.000 deg. for the L =   59, J =   59.5 channel.
0****** WARNING : ACCURACY LOSS IN ERWIN = 14.9 DIGITS, SO EXPECT ERRORS OF   0.0000 % OF UNITARITY

      59.5  1.00000000  0.00000007i: elastic S-matrix  @@      0.00  0   0 F  0
 Reaction Xsec    59.5-/59 @ 1 =   0.002#, Out:   0.000#   0.000#   0.000f


 Total SPIN, PARITY =    60.5 +,      4 chs,      0 cc.  Rmin & Coul turning =    4.8   16.7
   S-matrix    1 =    1.00000   0.00000 for L=   60, J=   60.5 channel on core I =   0.0 from L=   60,  Acc. loss =  0.0 D.
 Elastic phase shift   1 =    0.000   0.000 deg. for the L =   60, J =   60.5 channel.
0****** WARNING : ACCURACY LOSS IN ERWIN = 14.4 DIGITS, SO EXPECT ERRORS OF   0.0000 % OF UNITARITY

      60.5  1.00000000  0.00000009i: elastic S-matrix  @@      0.00  0   0 F  0
 Reaction Xsec    60.5+/60 @ 1 =   0.001#, Out:   0.000#   0.000#   0.000f


 Total SPIN, PARITY =    60.5 -,      4 chs,      0 cc.  Rmin & Coul turning =    4.8   16.7
   S-matrix    1 =    1.00000   0.00000 for L=   61, J=   60.5 channel on core I =   0.0 from L=   61,  Acc. loss =  0.0 D.
 Elastic phase shift   1 =    0.000   0.000 deg. for the L =   61, J =   60.5 channel.
      60.5  1.00000000  0.00000004i: elastic S-matrix  @@      0.00  0   0 F  0
 Reaction Xsec    60.5-/61 @ 1 =   0.001#, Out:   0.000#   0.000#   0.000f


 Total SPIN, PARITY =    61.5 +,      4 chs,      0 cc.  Rmin & Coul turning =    4.9   17.0
   S-matrix    1 =    1.00000   0.00000 for L=   62, J=   61.5 channel on core I =   0.0 from L=   62,  Acc. loss =  0.0 D.
 Elastic phase shift   1 =    0.000   0.000 deg. for the L =   62, J =   61.5 channel.
0****** WARNING : ACCURACY LOSS IN ERWIN = 14.3 DIGITS, SO EXPECT ERRORS OF   0.0000 % OF UNITARITY

      61.5  1.00000000  0.00000005i: elastic S-matrix  @@      0.00  0   0 F  0
 Reaction Xsec    61.5+/62 @ 1 =   0.000#, Out:   0.000#   0.000#   0.000f


 Total SPIN, PARITY =    61.5 -,      4 chs,      0 cc.  Rmin & Coul turning =    4.9   17.0
   S-matrix    1 =    1.00000   0.00000 for L=   61, J=   61.5 channel on core I =   0.0 from L=   61,  Acc. loss =  0.0 D.
 Elastic phase shift   1 =    0.000   0.000 deg. for the L =   61, J =   61.5 channel.
      61.5  1.00000000  0.00000004i: elastic S-matrix  @@      0.00  0   0 F  0
 Reaction Xsec    61.5-/61 @ 1 =   0.001#, Out:   0.000#   0.000#   0.000f


 Total SPIN, PARITY =    62.5 +,      4 chs,      0 cc.  Rmin & Coul turning =    5.0   17.3
   S-matrix    1 =    1.00000   0.00000 for L=   62, J=   62.5 channel on core I =   0.0 from L=   62,  Acc. loss =  0.0 D.
 Elastic phase shift   1 =    0.000   0.000 deg. for the L =   62, J =   62.5 channel.
0****** WARNING : ACCURACY LOSS IN ERWIN = 14.4 DIGITS, SO EXPECT ERRORS OF   0.0000 % OF UNITARITY

      62.5  1.00000000  0.00000005i: elastic S-matrix  @@      0.02  0   0 F  0
 Reaction Xsec    62.5+/62 @ 1 =   0.000#, Out:   0.000#   0.000#   0.000f


 Total SPIN, PARITY =    62.5 -,      4 chs,      0 cc.  Rmin & Coul turning =    5.0   17.3
   S-matrix    1 =    1.00000   0.00000 for L=   63, J=   62.5 channel on core I =   0.0 from L=   63,  Acc. loss =  0.0 D.
 Elastic phase shift   1 =    0.000   0.000 deg. for the L =   63, J =   62.5 channel.
0****** WARNING : ACCURACY LOSS IN ERWIN = 15.1 DIGITS, SO EXPECT ERRORS OF   0.0000 % OF UNITARITY

      62.5  1.00000000  0.00000008i: elastic S-matrix  @@      0.00  0   0 F  0
 Reaction Xsec    62.5-/63 @ 1 =   0.000#, Out:   0.000#   0.000#   0.000f


 Total SPIN, PARITY =    63.5 +,      4 chs,      0 cc.  Rmin & Coul turning =    5.0   17.6
   S-matrix    1 =    1.00000   0.00000 for L=   64, J=   63.5 channel on core I =   0.0 from L=   64,  Acc. loss =  0.0 D.
 Elastic phase shift   1 =    0.000   0.000 deg. for the L =   64, J =   63.5 channel.
      63.5  1.00000000  0.00000004i: elastic S-matrix  @@      0.00  0   0 F  0
 Reaction Xsec    63.5+/64 @ 1 =   0.000#, Out:   0.000#   0.000#   0.000f


 Total SPIN, PARITY =    63.5 -,      4 chs,      0 cc.  Rmin & Coul turning =    5.0   17.6
   S-matrix    1 =    1.00000   0.00000 for L=   63, J=   63.5 channel on core I =   0.0 from L=   63,  Acc. loss =  0.0 D.
 Elastic phase shift   1 =    0.000   0.000 deg. for the L =   63, J =   63.5 channel.
      63.5  1.00000000  0.00000008i: elastic S-matrix  @@      0.00  0   0 F  0
 Reaction Xsec    63.5-/63 @ 1 =   0.000#, Out:   0.000#   0.000#   0.000f


 Total SPIN, PARITY =    64.5 +,      4 chs,      0 cc.  Rmin & Coul turning =    5.1   17.8
   S-matrix    1 =    1.00000   0.00000 for L=   64, J=   64.5 channel on core I =   0.0 from L=   64,  Acc. loss =  0.0 D.
 Elastic phase shift   1 =    0.000   0.000 deg. for the L =   64, J =   64.5 channel.
      64.5  1.00000000  0.00000004i: elastic S-matrix  @@      0.00  0   0 F  0
 Reaction Xsec    64.5+/64 @ 1 =   0.000#, Out:   0.000#   0.000#   0.000f


 Total SPIN, PARITY =    64.5 -,      4 chs,      0 cc.  Rmin & Coul turning =    5.1   17.8
   S-matrix    1 =    1.00000   0.00000 for L=   65, J=   64.5 channel on core I =   0.0 from L=   65,  Acc. loss =  0.0 D.
 Elastic phase shift   1 =    0.000   0.000 deg. for the L =   65, J =   64.5 channel.
0****** WARNING : ACCURACY LOSS IN ERWIN = 14.8 DIGITS, SO EXPECT ERRORS OF   0.0000 % OF UNITARITY

      64.5  1.00000000  0.00000002i: elastic S-matrix  @@      0.00  0   0 F  0
 Reaction Xsec    64.5-/65 @ 1 =   0.000#, Out:   0.000#   0.000#   0.000f


 Total SPIN, PARITY =    65.5 +,      4 chs,      0 cc.  Rmin & Coul turning =    5.2   18.1
   S-matrix    1 =    1.00000   0.00000 for L=   66, J=   65.5 channel on core I =   0.0 from L=   66,  Acc. loss =  0.0 D.
 Elastic phase shift   1 =    0.000   0.000 deg. for the L =   66, J =   65.5 channel.
0****** WARNING : ACCURACY LOSS IN ERWIN = 14.4 DIGITS, SO EXPECT ERRORS OF   0.0000 % OF UNITARITY

      65.5  1.00000000  0.00000005i: elastic S-matrix  @@      0.00  0   0 F  0
 Reaction Xsec    65.5+/66 @ 1 =   0.000#, Out:   0.000#   0.000#  -0.000f


 Total SPIN, PARITY =    65.5 -,      4 chs,      0 cc.  Rmin & Coul turning =    5.2   18.1
   S-matrix    1 =    1.00000   0.00000 for L=   65, J=   65.5 channel on core I =   0.0 from L=   65,  Acc. loss =  0.0 D.
 Elastic phase shift   1 =    0.000   0.000 deg. for the L =   65, J =   65.5 channel.
0****** WARNING : ACCURACY LOSS IN ERWIN = 14.8 DIGITS, SO EXPECT ERRORS OF   0.0000 % OF UNITARITY

      65.5  1.00000000  0.00000002i: elastic S-matrix  @@      0.02  0   0 F  0
 Reaction Xsec    65.5-/65 @ 1 =   0.000#, Out:   0.000#   0.000#   0.000f


 Total SPIN, PARITY =    66.5 +,      4 chs,      0 cc.  Rmin & Coul turning =    5.2   18.4
   S-matrix    1 =    1.00000   0.00000 for L=   66, J=   66.5 channel on core I =   0.0 from L=   66,  Acc. loss =  0.0 D.
 Elastic phase shift   1 =    0.000   0.000 deg. for the L =   66, J =   66.5 channel.
0****** WARNING : ACCURACY LOSS IN ERWIN = 14.5 DIGITS, SO EXPECT ERRORS OF   0.0000 % OF UNITARITY

      66.5  1.00000000  0.00000005i: elastic S-matrix  @@      0.00  0   0 F  0
 Reaction Xsec    66.5+/66 @ 1 =   0.000#, Out:   0.000#   0.000#   0.000f


 Total SPIN, PARITY =    66.5 -,      4 chs,      0 cc.  Rmin & Coul turning =    5.2   18.4
   S-matrix    1 =    1.00000   0.00000 for L=   67, J=   66.5 channel on core I =   0.0 from L=   67,  Acc. loss =  0.0 D.
 Elastic phase shift   1 =    0.000   0.000 deg. for the L =   67, J =   66.5 channel.
      66.5  1.00000000  0.00000004i: elastic S-matrix  @@      0.00  0   0 F  0
 Reaction Xsec    66.5-/67 @ 1 =   0.000#, Out:   0.000#   0.000#  -0.000f


 Total SPIN, PARITY =    67.5 +,      4 chs,      0 cc.  Rmin & Coul turning =    5.4   18.7
   S-matrix    1 =    1.00000  -0.00000 for L=   68, J=   67.5 channel on core I =   0.0 from L=   68,  Acc. loss =  0.0 D.
 Elastic phase shift   1 =   -0.000   0.000 deg. for the L =   68, J =   67.5 channel.
0****** WARNING : ACCURACY LOSS IN ERWIN = 14.6 DIGITS, SO EXPECT ERRORS OF   0.0000 % OF UNITARITY

      67.5  1.00000000 -0.00000000i: elastic S-matrix  @@      0.00  0   0 F  0
 Reaction Xsec    67.5+/68 @ 1 =   0.000#, Out:   0.000#   0.000#  -0.000f


 Total SPIN, PARITY =    67.5 -,      4 chs,      0 cc.  Rmin & Coul turning =    5.4   18.7
   S-matrix    1 =    1.00000   0.00000 for L=   67, J=   67.5 channel on core I =   0.0 from L=   67,  Acc. loss =  0.0 D.
 Elastic phase shift   1 =    0.000   0.000 deg. for the L =   67, J =   67.5 channel.
0****** WARNING : ACCURACY LOSS IN ERWIN = 14.1 DIGITS, SO EXPECT ERRORS OF   0.0000 % OF UNITARITY

      67.5  1.00000000  0.00000004i: elastic S-matrix  @@      0.00  0   0 F  0
 Reaction Xsec    67.5-/67 @ 1 =   0.000#, Out:   0.000#   0.000#  -0.000f


 Total SPIN, PARITY =    68.5 +,      4 chs,      0 cc.  Rmin & Coul turning =    5.4   18.9
   S-matrix    1 =    1.00000  -0.00000 for L=   68, J=   68.5 channel on core I =   0.0 from L=   68,  Acc. loss =  0.0 D.
 Elastic phase shift   1 =   -0.000   0.000 deg. for the L =   68, J =   68.5 channel.
0****** WARNING : ACCURACY LOSS IN ERWIN = 14.9 DIGITS, SO EXPECT ERRORS OF   0.0000 % OF UNITARITY

      68.5  1.00000000 -0.00000000i: elastic S-matrix  @@      0.00  0   0 F  0
 Reaction Xsec    68.5+/68 @ 1 =   0.000#, Out:   0.000#   0.000#  -0.000f


 Total SPIN, PARITY =    68.5 -,      4 chs,      0 cc.  Rmin & Coul turning =    5.4   18.9
   S-matrix    1 =    1.00000   0.00000 for L=   69, J=   68.5 channel on core I =   0.0 from L=   69,  Acc. loss =  0.0 D.
 Elastic phase shift   1 =    0.000   0.000 deg. for the L =   69, J =   68.5 channel.
0****** WARNING : ACCURACY LOSS IN ERWIN = 14.7 DIGITS, SO EXPECT ERRORS OF   0.0000 % OF UNITARITY

      68.5  1.00000000  0.00000001i: elastic S-matrix  @@      0.02  0   0 F  0
 Reaction Xsec    68.5-/69 @ 1 =   0.000#, Out:   0.000#   0.000#  -0.000f


 Total SPIN, PARITY =    69.5 +,      4 chs,      0 cc.  Rmin & Coul turning =    5.5   19.2
   S-matrix    1 =    1.00000   0.00000 for L=   70, J=   69.5 channel on core I =   0.0 from L=   70,  Acc. loss =  0.0 D.
 Elastic phase shift   1 =    0.000   0.000 deg. for the L =   70, J =   69.5 channel.
      69.5  1.00000000  0.00000004i: elastic S-matrix  @@      0.00  0   0 F  0
 Reaction Xsec    69.5+/70 @ 1 =   0.000#, Out:   0.000#   0.001#  -0.000f


 Total SPIN, PARITY =    69.5 -,      4 chs,      0 cc.  Rmin & Coul turning =    5.5   19.2
   S-matrix    1 =    1.00000   0.00000 for L=   69, J=   69.5 channel on core I =   0.0 from L=   69,  Acc. loss =  0.0 D.
 Elastic phase shift   1 =    0.000   0.000 deg. for the L =   69, J =   69.5 channel.
0****** WARNING : ACCURACY LOSS IN ERWIN = 14.8 DIGITS, SO EXPECT ERRORS OF   0.0000 % OF UNITARITY

      69.5  1.00000000  0.00000001i: elastic S-matrix  @@      0.00  0   0 F  0
 Reaction Xsec    69.5-/69 @ 1 =   0.000#, Out:   0.000#   0.000#  -0.000f


 Total SPIN, PARITY =    70.5 +,      4 chs,      0 cc.  Rmin & Coul turning =    5.6   19.5
   S-matrix    1 =    1.00000   0.00000 for L=   70, J=   70.5 channel on core I =   0.0 from L=   70,  Acc. loss =  0.0 D.
 Elastic phase shift   1 =    0.000   0.000 deg. for the L =   70, J =   70.5 channel.
      70.5  1.00000000  0.00000004i: elastic S-matrix  @@      0.00  0   0 F  0
 Reaction Xsec    70.5+/70 @ 1 =   0.000#, Out:   0.000#   0.000#  -0.000f


 Total SPIN, PARITY =    70.5 -,      4 chs,      0 cc.  Rmin & Coul turning =    5.6   19.5
   S-matrix    1 =    1.00000   0.00000 for L=   71, J=   70.5 channel on core I =   0.0 from L=   71,  Acc. loss =  0.0 D.
 Elastic phase shift   1 =    0.000   0.000 deg. for the L =   71, J =   70.5 channel.
0****** WARNING : ACCURACY LOSS IN ERWIN = 14.8 DIGITS, SO EXPECT ERRORS OF   0.0000 % OF UNITARITY

      70.5  1.00000000  0.00000000i: elastic S-matrix  @@      0.00  0   0 F  0
 Reaction Xsec    70.5-/71 @ 1 =   0.000#, Out:   0.000#   0.000#  -0.000f


 Total SPIN, PARITY =    71.5 +,      4 chs,      0 cc.  Rmin & Coul turning =    5.7   19.8
   S-matrix    1 =    1.00000  -0.00000 for L=   72, J=   71.5 channel on core I =   0.0 from L=   72,  Acc. loss =  0.0 D.
 Elastic phase shift   1 =   -0.000   0.000 deg. for the L =   72, J =   71.5 channel.
0****** WARNING : ACCURACY LOSS IN ERWIN = 14.9 DIGITS, SO EXPECT ERRORS OF   0.0000 % OF UNITARITY

      71.5  1.00000000 -0.00000003i: elastic S-matrix  @@      0.00  0   0 F  0
 Reaction Xsec    71.5+/72 @ 1 =   0.000#, Out:   0.000#   0.000#  -0.000f


 Total SPIN, PARITY =    71.5 -,      4 chs,      0 cc.  Rmin & Coul turning =    5.7   19.8
   S-matrix    1 =    1.00000   0.00000 for L=   71, J=   71.5 channel on core I =   0.0 from L=   71,  Acc. loss =  0.0 D.
 Elastic phase shift   1 =    0.000   0.000 deg. for the L =   71, J =   71.5 channel.
0****** WARNING : ACCURACY LOSS IN ERWIN = 15.0 DIGITS, SO EXPECT ERRORS OF   0.0000 % OF UNITARITY

      71.5  1.00000000  0.00000000i: elastic S-matrix  @@      0.00  0   0 F  0
 Reaction Xsec    71.5-/71 @ 1 =   0.000#, Out:   0.000#   0.000#  -0.000f


 Total SPIN, PARITY =    72.5 +,      4 chs,      0 cc.  Rmin & Coul turning =    5.8   20.0
   S-matrix    1 =    1.00000  -0.00000 for L=   72, J=   72.5 channel on core I =   0.0 from L=   72,  Acc. loss =  0.0 D.
 Elastic phase shift   1 =   -0.000   0.000 deg. for the L =   72, J =   72.5 channel.
0****** WARNING : ACCURACY LOSS IN ERWIN = 14.9 DIGITS, SO EXPECT ERRORS OF   0.0000 % OF UNITARITY

      72.5  1.00000000 -0.00000003i: elastic S-matrix  @@      0.02  0   0 F  0
 Reaction Xsec    72.5+/72 @ 1 =   0.000#, Out:   0.000#   0.000#   0.000f


 Total SPIN, PARITY =    72.5 -,      4 chs,      0 cc.  Rmin & Coul turning =    5.8   20.0
   S-matrix    1 =    1.00000   0.00000 for L=   73, J=   72.5 channel on core I =   0.0 from L=   73,  Acc. loss =  0.0 D.
 Elastic phase shift   1 =    0.000   0.000 deg. for the L =   73, J =   72.5 channel.
      72.5  1.00000000  0.00000001i: elastic S-matrix  @@      0.00  0   0 F  0
 Reaction Xsec    72.5-/73 @ 1 =   0.000#, Out:   0.000#   0.000#  -0.000f


 Total SPIN, PARITY =    73.5 +,      4 chs,      0 cc.  Rmin & Coul turning =    5.8   20.3
   S-matrix    1 =    1.00000   0.00000 for L=   74, J=   73.5 channel on core I =   0.0 from L=   74,  Acc. loss =  0.0 D.
 Elastic phase shift   1 =    0.000   0.000 deg. for the L =   74, J =   73.5 channel.
0****** WARNING : ACCURACY LOSS IN ERWIN = 14.7 DIGITS, SO EXPECT ERRORS OF   0.0000 % OF UNITARITY

      73.5  1.00000000  0.00000002i: elastic S-matrix  @@      0.00  0   0 F  0
 Reaction Xsec    73.5+/74 @ 1 =   0.000#, Out:   0.000#   0.000#   0.000f


 Total SPIN, PARITY =    73.5 -,      4 chs,      0 cc.  Rmin & Coul turning =    5.8   20.3
   S-matrix    1 =    1.00000   0.00000 for L=   73, J=   73.5 channel on core I =   0.0 from L=   73,  Acc. loss =  0.0 D.
 Elastic phase shift   1 =    0.000   0.000 deg. for the L =   73, J =   73.5 channel.
0****** WARNING : ACCURACY LOSS IN ERWIN = 15.0 DIGITS, SO EXPECT ERRORS OF   0.0000 % OF UNITARITY

      73.5  1.00000000  0.00000001i: elastic S-matrix  @@      0.00  0   0 F  0
 Reaction Xsec    73.5-/73 @ 1 =   0.000#, Out:   0.000#   0.000#   0.000f


 Total SPIN, PARITY =    74.5 +,      4 chs,      0 cc.  Rmin & Coul turning =    5.9   20.6
   S-matrix    1 =    1.00000   0.00000 for L=   74, J=   74.5 channel on core I =   0.0 from L=   74,  Acc. loss =  0.0 D.
 Elastic phase shift   1 =    0.000   0.000 deg. for the L =   74, J =   74.5 channel.
      74.5  1.00000000  0.00000002i: elastic S-matrix  @@      0.00  0   0 F  0
 Reaction Xsec    74.5+/74 @ 1 =   0.000#, Out:   0.000#   0.000#   0.000f


 Total SPIN, PARITY =    74.5 -,      4 chs,      0 cc.  Rmin & Coul turning =    5.9   20.6
   S-matrix    1 =    1.00000  -0.00000 for L=   75, J=   74.5 channel on core I =   0.0 from L=   75,  Acc. loss =  0.0 D.
 Elastic phase shift   1 =   -0.000   0.000 deg. for the L =   75, J =   74.5 channel.
0****** WARNING : ACCURACY LOSS IN ERWIN = 14.8 DIGITS, SO EXPECT ERRORS OF   0.0000 % OF UNITARITY

      74.5  1.00000000 -0.00000002i: elastic S-matrix  @@      0.00  0   0 F  0
 Reaction Xsec    74.5-/75 @ 1 =   0.000#, Out:   0.000#   0.000#  -0.000f


 Total SPIN, PARITY =    75.5 +,      4 chs,      0 cc.  Rmin & Coul turning =    6.0   20.9
   S-matrix    1 =    1.00000  -0.00000 for L=   76, J=   75.5 channel on core I =   0.0 from L=   76,  Acc. loss =  0.0 D.
 Elastic phase shift   1 =   -0.000   0.000 deg. for the L =   76, J =   75.5 channel.
      75.5  1.00000000 -0.00000004i: elastic S-matrix  @@      0.02  0   0 F  0
 Reaction Xsec    75.5+/76 @ 1 =   0.000#, Out:   0.000#   0.000#  -0.000f


 Total SPIN, PARITY =    75.5 -,      4 chs,      0 cc.  Rmin & Coul turning =    6.0   20.9
   S-matrix    1 =    1.00000  -0.00000 for L=   75, J=   75.5 channel on core I =   0.0 from L=   75,  Acc. loss =  0.0 D.
 Elastic phase shift   1 =   -0.000   0.000 deg. for the L =   75, J =   75.5 channel.
0****** WARNING : ACCURACY LOSS IN ERWIN = 15.0 DIGITS, SO EXPECT ERRORS OF   0.0000 % OF UNITARITY

      75.5  1.00000000 -0.00000002i: elastic S-matrix  @@      0.00  0   0 F  0
 Reaction Xsec    75.5-/75 @ 1 =   0.000#, Out:   0.000#   0.000#  -0.000f


 Total SPIN, PARITY =    76.5 +,      4 chs,      0 cc.  Rmin & Coul turning =    6.1   21.2
   S-matrix    1 =    1.00000  -0.00000 for L=   76, J=   76.5 channel on core I =   0.0 from L=   76,  Acc. loss =  0.0 D.
 Elastic phase shift   1 =   -0.000   0.000 deg. for the L =   76, J =   76.5 channel.
0****** WARNING : ACCURACY LOSS IN ERWIN = 14.4 DIGITS, SO EXPECT ERRORS OF   0.0000 % OF UNITARITY

      76.5  1.00000000 -0.00000004i: elastic S-matrix  @@      0.00  0   0 F  0
 Reaction Xsec    76.5+/76 @ 1 =   0.000#, Out:   0.000#   0.000#  -0.000f


 Total SPIN, PARITY =    76.5 -,      4 chs,      0 cc.  Rmin & Coul turning =    6.1   21.2
   S-matrix    1 =    1.00000  -0.00000 for L=   77, J=   76.5 channel on core I =   0.0 from L=   77,  Acc. loss =  0.0 D.
 Elastic phase shift   1 =   -0.000   0.000 deg. for the L =   77, J =   76.5 channel.
0****** WARNING : ACCURACY LOSS IN ERWIN = 14.3 DIGITS, SO EXPECT ERRORS OF   0.0000 % OF UNITARITY

      76.5  1.00000000 -0.00000000i: elastic S-matrix  @@      0.00  0   0 F  0
 Reaction Xsec    76.5-/77 @ 1 =   0.000#, Out:   0.000#   0.000#  -0.000f


 Total SPIN, PARITY =    77.5 +,      4 chs,      0 cc.  Rmin & Coul turning =    6.2   21.4
   S-matrix    1 =    1.00000   0.00000 for L=   78, J=   77.5 channel on core I =   0.0 from L=   78,  Acc. loss =  0.0 D.
 Elastic phase shift   1 =    0.000   0.000 deg. for the L =   78, J =   77.5 channel.
0****** WARNING : ACCURACY LOSS IN ERWIN = 14.7 DIGITS, SO EXPECT ERRORS OF   0.0000 % OF UNITARITY

      77.5  1.00000000  0.00000001i: elastic S-matrix  @@      0.00  0   0 F  0
 Reaction Xsec    77.5+/78 @ 1 =   0.000#, Out:   0.000#   0.000#  -0.000f


 Total SPIN, PARITY =    77.5 -,      4 chs,      0 cc.  Rmin & Coul turning =    6.2   21.4
   S-matrix    1 =    1.00000  -0.00000 for L=   77, J=   77.5 channel on core I =   0.0 from L=   77,  Acc. loss =  0.0 D.
 Elastic phase shift   1 =   -0.000   0.000 deg. for the L =   77, J =   77.5 channel.
      77.5  1.00000000 -0.00000000i: elastic S-matrix  @@      0.00  0   0 F  0
 Reaction Xsec    77.5-/77 @ 1 =   0.000#, Out:   0.000#   0.000#  -0.000f


 Total SPIN, PARITY =    78.5 +,      4 chs,      0 cc.  Rmin & Coul turning =    6.2   21.7
   S-matrix    1 =    1.00000   0.00000 for L=   78, J=   78.5 channel on core I =   0.0 from L=   78,  Acc. loss =  0.0 D.
 Elastic phase shift   1 =    0.000   0.000 deg. for the L =   78, J =   78.5 channel.
0****** WARNING : ACCURACY LOSS IN ERWIN = 14.9 DIGITS, SO EXPECT ERRORS OF   0.0000 % OF UNITARITY

      78.5  1.00000000  0.00000001i: elastic S-matrix  @@      0.00  0   0 F  0
 Reaction Xsec    78.5+/78 @ 1 =   0.000#, Out:   0.000#   0.000#  -0.000f


 Total SPIN, PARITY =    78.5 -,      4 chs,      0 cc.  Rmin & Coul turning =    6.2   21.7
   S-matrix    1 =    1.00000  -0.00000 for L=   79, J=   78.5 channel on core I =   0.0 from L=   79,  Acc. loss =  0.0 D.
 Elastic phase shift   1 =   -0.000   0.000 deg. for the L =   79, J =   78.5 channel.
0****** WARNING : ACCURACY LOSS IN ERWIN = 14.7 DIGITS, SO EXPECT ERRORS OF   0.0000 % OF UNITARITY

      78.5  1.00000000 -0.00000004i: elastic S-matrix  @@      0.02  0   0 F  0
 Reaction Xsec    78.5-/79 @ 1 =   0.000#, Out:   0.000#   0.000#  -0.000f


 Total SPIN, PARITY =    79.5 +,      4 chs,      0 cc.  Rmin & Coul turning =    6.3   22.0
   S-matrix    1 =    1.00000  -0.00000 for L=   80, J=   79.5 channel on core I =   0.0 from L=   80,  Acc. loss =  0.0 D.
 Elastic phase shift   1 =   -0.000   0.000 deg. for the L =   80, J =   79.5 channel.
0****** WARNING : ACCURACY LOSS IN ERWIN = 14.5 DIGITS, SO EXPECT ERRORS OF   0.0000 % OF UNITARITY

      79.5  1.00000000 -0.00000006i: elastic S-matrix  @@      0.00  0   0 F  0
 Reaction Xsec    79.5+/80 @ 1 =   0.000#, Out:   0.000#   0.000#  -0.000f


 Total SPIN, PARITY =    79.5 -,      4 chs,      0 cc.  Rmin & Coul turning =    6.3   22.0
   S-matrix    1 =    1.00000  -0.00000 for L=   79, J=   79.5 channel on core I =   0.0 from L=   79,  Acc. loss =  0.0 D.
 Elastic phase shift   1 =   -0.000   0.000 deg. for the L =   79, J =   79.5 channel.
0****** WARNING : ACCURACY LOSS IN ERWIN = 14.9 DIGITS, SO EXPECT ERRORS OF   0.0000 % OF UNITARITY

      79.5  1.00000000 -0.00000004i: elastic S-matrix  @@      0.00  0   0 F  0
 Reaction Xsec    79.5-/79 @ 1 =   0.000#, Out:   0.000#   0.000#  -0.000f


 Total SPIN, PARITY =    80.5 +,      4 chs,      0 cc.  Rmin & Coul turning =    6.4   22.3
   S-matrix    1 =    1.00000  -0.00000 for L=   80, J=   80.5 channel on core I =   0.0 from L=   80,  Acc. loss =  0.0 D.
 Elastic phase shift   1 =   -0.000   0.000 deg. for the L =   80, J =   80.5 channel.
      80.5  1.00000000 -0.00000006i: elastic S-matrix  @@      0.00  0   0 F  0
 Reaction Xsec    80.5+/80 @ 1 =   0.000#, Out:   0.000#   0.000#  -0.000f


 Total SPIN, PARITY =    80.5 -,      4 chs,      0 cc.  Rmin & Coul turning =    6.4   22.3
   S-matrix    1 =    1.00000  -0.00000 for L=   81, J=   80.5 channel on core I =   0.0 from L=   81,  Acc. loss =  0.0 D.
 Elastic phase shift   1 =   -0.000   0.000 deg. for the L =   81, J =   80.5 channel.
0****** WARNING : ACCURACY LOSS IN ERWIN = 14.3 DIGITS, SO EXPECT ERRORS OF   0.0000 % OF UNITARITY

      80.5  1.00000000 -0.00000003i: elastic S-matrix  @@      0.00  0   0 F  0
 Reaction Xsec    80.5-/81 @ 1 =   0.000#, Out:   0.000#   0.000#  -0.000f

 Finished all CC sets @   0.515625000    
0CUMULATIVE REACTION cross section                 =  171.28464  <L> =    10.63  <L**2> =    130.4
0CUMULATIVE outgoing cross sections in partition 1 :    0.00000
0CUMULATIVE outgoing cross sections in partition 2 :    0.00194
0Cumulative ABSORBTION by Imaginary Potentials     =  171.28270  <L> =    10.63  <L**2> =    130.4
   Fusion for specific p        M-states :  171.282705  171.282705
0CUMULATIVE OUTGOING cross section                 =    0.00194
 To convert to S-factors (MeV.mb = keV.b),  multiply by  3.5216E+02


 CROSS SECTIONS FOR OUTGOING p        & 4He      in state #   1 with spins & parities 0.5  + &  0.0  +;  0

     0.01 deg.: X-S =   7.6523E+11 mb/sr,
+                                         /R =   9.9987E-01
     1.00 deg.: X-S =  2928.030801 mb/sr,
+                                         /R =   3.8257E-01
     2.00 deg.: X-S =  2455.625690 mb/sr,
+                                         /R =   5.1327E+00
     3.00 deg.: X-S =  3057.274065 mb/sr,
+                                         /R =   3.2343E+01
     4.00 deg.: X-S =  3079.945856 mb/sr,
+                                         /R =   1.0294E+02
     5.00 deg.: X-S =  2859.744926 mb/sr,
+                                         /R =   2.3324E+02
     6.00 deg.: X-S =  2529.955450 mb/sr,
+                                         /R =   4.2764E+02
     7.00 deg.: X-S =  2156.437134 mb/sr,
+                                         /R =   6.7484E+02
     8.00 deg.: X-S =  1778.781507 mb/sr,
+                                         /R =   9.4891E+02
     9.00 deg.: X-S =  1422.624113 mb/sr,
+                                         /R =   1.2146E+03
    10.00 deg.: X-S =  1103.990380 mb/sr,
+                                         /R =   1.4352E+03
    11.00 deg.: X-S =   831.426115 mb/sr,
+                                         /R =   1.5808E+03
    12.00 deg.: X-S =   607.591489 mb/sr,
+                                         /R =   1.6342E+03
    13.00 deg.: X-S =   430.759080 mb/sr,
+                                         /R =   1.5938E+03
    14.00 deg.: X-S =   296.252024 mb/sr,
+                                         /R =   1.4723E+03
    15.00 deg.: X-S =   197.742678 mb/sr,
+                                         /R =   1.2932E+03
    16.00 deg.: X-S =   128.326994 mb/sr,
+                                         /R =   1.0847E+03
    17.00 deg.: X-S =    81.324579 mb/sr,
+                                         /R =   8.7457E+02
    18.00 deg.: X-S =    50.797844 mb/sr,
+                                         /R =   6.8539E+02
    19.00 deg.: X-S =    31.820028 mb/sr,
+                                         /R =   5.3199E+02
    20.00 deg.: X-S =    20.544593 mb/sr,
+                                         /R =   4.2086E+02
    21.00 deg.: X-S =    14.136629 mb/sr,
+                                         /R =   3.5127E+02
    22.00 deg.: X-S =    10.623907 mb/sr,
+                                         /R =   3.1728E+02
    23.00 deg.: X-S =     8.715206 mb/sr,
+                                         /R =   3.1021E+02
    24.00 deg.: X-S =     7.620279 mb/sr,
+                                         /R =   3.2081E+02
    25.00 deg.: X-S =     6.892524 mb/sr,
+                                         /R =   3.4079E+02
    26.00 deg.: X-S =     6.304078 mb/sr,
+                                         /R =   3.6369E+02
    27.00 deg.: X-S =     5.754829 mb/sr,
+                                         /R =   3.8507E+02
    28.00 deg.: X-S =     5.211597 mb/sr,
+                                         /R =   4.0219E+02
    29.00 deg.: X-S =     4.671212 mb/sr,
+                                         /R =   4.1361E+02
    30.00 deg.: X-S =     4.140629 mb/sr,
+                                         /R =   4.1861E+02
    31.00 deg.: X-S =     3.627961 mb/sr,
+                                         /R =   4.1689E+02
    32.00 deg.: X-S =     3.139652 mb/sr,
+                                         /R =   4.0832E+02
    33.00 deg.: X-S =     2.680446 mb/sr,
+                                         /R =   3.9295E+02
    34.00 deg.: X-S =     2.254166 mb/sr,
+                                         /R =   3.7110E+02
    35.00 deg.: X-S =     1.864299 mb/sr,
+                                         /R =   3.4344E+02
    36.00 deg.: X-S =     1.514111 mb/sr,
+                                         /R =   3.1106E+02
    37.00 deg.: X-S =     1.206340 mb/sr,
+                                         /R =   2.7551E+02
    38.00 deg.: X-S =     0.942706 mb/sr,
+                                         /R =   2.3862E+02
    39.00 deg.: X-S =     0.723459 mb/sr,
+                                         /R =   2.0238E+02
    40.00 deg.: X-S =     0.547135 mb/sr,
+                                         /R =   1.6868E+02
    41.00 deg.: X-S =     0.410569 mb/sr,
+                                         /R =   1.3914E+02
    42.00 deg.: X-S =     0.309162 mb/sr,
+                                         /R =   1.1489E+02
    43.00 deg.: X-S =     0.237329 mb/sr,
+                                         /R =   9.6475E+01
    44.00 deg.: X-S =     0.189025 mb/sr,
+                                         /R =   8.3866E+01
    45.00 deg.: X-S =     0.158274 mb/sr,
+                                         /R =   7.6477E+01
    46.00 deg.: X-S =     0.139602 mb/sr,
+                                         /R =   7.3311E+01
    47.00 deg.: X-S =     0.128363 mb/sr,
+                                         /R =   7.3114E+01
    48.00 deg.: X-S =     0.120912 mb/sr,
+                                         /R =   7.4557E+01
    49.00 deg.: X-S =     0.114645 mb/sr,
+                                         /R =   7.6388E+01
    50.00 deg.: X-S =     0.107929 mb/sr,
+                                         /R =   7.7570E+01
    51.00 deg.: X-S =     0.099959 mb/sr,
+                                         /R =   7.7361E+01
    52.00 deg.: X-S =     0.090563 mb/sr,
+                                         /R =   7.5350E+01
    53.00 deg.: X-S =     0.080007 mb/sr,
+                                         /R =   7.1450E+01
    54.00 deg.: X-S =     0.068802 mb/sr,
+                                         /R =   6.5849E+01
    55.00 deg.: X-S =     0.057548 mb/sr,
+                                         /R =   5.8941E+01
    56.00 deg.: X-S =     0.046818 mb/sr,
+                                         /R =   5.1240E+01
    57.00 deg.: X-S =     0.037075 mb/sr,
+                                         /R =   4.3301E+01
    58.00 deg.: X-S =     0.028637 mb/sr,
+                                         /R =   3.5644E+01
    59.00 deg.: X-S =     0.021665 mb/sr,
+                                         /R =   2.8700E+01
    60.00 deg.: X-S =     0.016177 mb/sr,
+                                         /R =   2.2779E+01
    61.00 deg.: X-S =     0.012073 mb/sr,
+                                         /R =   1.8049E+01
    62.00 deg.: X-S =     0.009175 mb/sr,
+                                         /R =   1.4546E+01
    63.00 deg.: X-S =     0.007260 mb/sr,
+                                         /R =   1.2190E+01
    64.00 deg.: X-S =     0.006087 mb/sr,
+                                         /R =   1.0815E+01
    65.00 deg.: X-S =     0.005432 mb/sr,
+                                         /R =   1.0200E+01
    66.00 deg.: X-S =     0.005096 mb/sr,
+                                         /R =   1.0102E+01
    67.00 deg.: X-S =     0.004919 mb/sr,
+                                         /R =   1.0285E+01
    68.00 deg.: X-S =     0.004786 mb/sr,
+                                         /R =   1.0544E+01
    69.00 deg.: X-S =     0.004623 mb/sr,
+                                         /R =   1.0719E+01
    70.00 deg.: X-S =     0.004388 mb/sr,
+                                         /R =   1.0701E+01
    71.00 deg.: X-S =     0.004072 mb/sr,
+                                         /R =   1.0433E+01
    72.00 deg.: X-S =     0.003683 mb/sr,
+                                         /R =   9.9058E+00
    73.00 deg.: X-S =     0.003244 mb/sr,
+                                         /R =   9.1486E+00
    74.00 deg.: X-S =     0.002780 mb/sr,
+                                         /R =   8.2155E+00
    75.00 deg.: X-S =     0.002319 mb/sr,
+                                         /R =   7.1754E+00
    76.00 deg.: X-S =     0.001885 mb/sr,
+                                         /R =   6.1013E+00
    77.00 deg.: X-S =     0.001496 mb/sr,
+                                         /R =   5.0605E+00
    78.00 deg.: X-S =     0.001163 mb/sr,
+                                         /R =   4.1082E+00
    79.00 deg.: X-S =     0.000890 mb/sr,
+                                         /R =   3.2838E+00
    80.00 deg.: X-S =     0.000679 mb/sr,
+                                         /R =   2.6097E+00
    81.00 deg.: X-S =     0.000522 mb/sr,
+                                         /R =   2.0921E+00
    82.00 deg.: X-S =     0.000413 mb/sr,
+                                         /R =   1.7231E+00
    83.00 deg.: X-S =     0.000342 mb/sr,
+                                         /R =   1.4841E+00
    84.00 deg.: X-S =     0.000299 mb/sr,
+                                         /R =   1.3499E+00
    85.00 deg.: X-S =     0.000275 mb/sr,
+                                         /R =   1.2924E+00
    86.00 deg.: X-S =     0.000263 mb/sr,
+                                         /R =   1.2830E+00
    87.00 deg.: X-S =     0.000256 mb/sr,
+                                         /R =   1.2966E+00
    88.00 deg.: X-S =     0.000250 mb/sr,
+                                         /R =   1.3126E+00
    89.00 deg.: X-S =     0.000242 mb/sr,
+                                         /R =   1.3159E+00
    90.00 deg.: X-S =     0.000230 mb/sr,
+                                         /R =   1.2968E+00
    91.00 deg.: X-S =     0.000215 mb/sr,
+                                         /R =   1.2509E+00
    92.00 deg.: X-S =     0.000195 mb/sr,
+                                         /R =   1.1786E+00
    93.00 deg.: X-S =     0.000174 mb/sr,
+                                         /R =   1.0842E+00
    94.00 deg.: X-S =     0.000151 mb/sr,
+                                         /R =   9.7338E-01
    95.00 deg.: X-S =     0.000128 mb/sr,
+                                         /R =   8.5291E-01
    96.00 deg.: X-S =     0.000106 mb/sr,
+                                         /R =   7.2988E-01
    97.00 deg.: X-S =   8.6200E-05 mb/sr,
+                                         /R =   6.1108E-01
    98.00 deg.: X-S =   6.8673E-05 mb/sr,
+                                         /R =   5.0196E-01
    99.00 deg.: X-S =   5.3918E-05 mb/sr,
+                                         /R =   4.0614E-01
   100.00 deg.: X-S =   4.1978E-05 mb/sr,
+                                         /R =   3.2569E-01
   101.00 deg.: X-S =   3.2729E-05 mb/sr,
+                                         /R =   2.6141E-01
   102.00 deg.: X-S =   2.5899E-05 mb/sr,
+                                         /R =   2.1284E-01
   103.00 deg.: X-S =   2.1107E-05 mb/sr,
+                                         /R =   1.7839E-01
   104.00 deg.: X-S =   1.7932E-05 mb/sr,
+                                         /R =   1.5578E-01
   105.00 deg.: X-S =   1.5968E-05 mb/sr,
+                                         /R =   1.4252E-01
   106.00 deg.: X-S =   1.4842E-05 mb/sr,
+                                         /R =   1.3603E-01
   107.00 deg.: X-S =   1.4220E-05 mb/sr,
+                                         /R =   1.3378E-01
   108.00 deg.: X-S =   1.3831E-05 mb/sr,
+                                         /R =   1.3349E-01
   109.00 deg.: X-S =   1.3481E-05 mb/sr,
+                                         /R =   1.3343E-01
   110.00 deg.: X-S =   1.3051E-05 mb/sr,
+                                         /R =   1.3239E-01
   111.00 deg.: X-S =   1.2474E-05 mb/sr,
+                                         /R =   1.2964E-01
   112.00 deg.: X-S =   1.1724E-05 mb/sr,
+                                         /R =   1.2478E-01
   113.00 deg.: X-S =   1.0804E-05 mb/sr,
+                                         /R =   1.1770E-01
   114.00 deg.: X-S =   9.7448E-06 mb/sr,
+                                         /R =   1.0862E-01
   115.00 deg.: X-S =   8.5922E-06 mb/sr,
+                                         /R =   9.7945E-02
   116.00 deg.: X-S =   7.4022E-06 mb/sr,
+                                         /R =   8.6259E-02
   117.00 deg.: X-S =   6.2301E-06 mb/sr,
+                                         /R =   7.4186E-02
   118.00 deg.: X-S =   5.1204E-06 mb/sr,
+                                         /R =   6.2278E-02
   119.00 deg.: X-S =   4.1043E-06 mb/sr,
+                                         /R =   5.0966E-02
   120.00 deg.: X-S =   3.2036E-06 mb/sr,
+                                         /R =   4.0599E-02
   121.00 deg.: X-S =   2.4339E-06 mb/sr,
+                                         /R =   3.1467E-02
   122.00 deg.: X-S =   1.8029E-06 mb/sr,
+                                         /R =   2.3769E-02
   123.00 deg.: X-S =   1.3083E-06 mb/sr,
+                                         /R =   1.7582E-02
   124.00 deg.: X-S =   9.3985E-07 mb/sr,
+                                         /R =   1.2869E-02
   125.00 deg.: X-S =   6.8317E-07 mb/sr,
+                                         /R =   9.5281E-03
   126.00 deg.: X-S =   5.2199E-07 mb/sr,
+                                         /R =   7.4123E-03
   127.00 deg.: X-S =   4.3880E-07 mb/sr,
+                                         /R =   6.3415E-03
   128.00 deg.: X-S =   4.1606E-07 mb/sr,
+                                         /R =   6.1173E-03
   129.00 deg.: X-S =   4.3748E-07 mb/sr,
+                                         /R =   6.5415E-03
   130.00 deg.: X-S =   4.8824E-07 mb/sr,
+                                         /R =   7.4216E-03
   131.00 deg.: X-S =   5.5517E-07 mb/sr,
+                                         /R =   8.5759E-03
   132.00 deg.: X-S =   6.2767E-07 mb/sr,
+                                         /R =   9.8495E-03
   133.00 deg.: X-S =   6.9820E-07 mb/sr,
+                                         /R =   1.1126E-02
   134.00 deg.: X-S =   7.6165E-07 mb/sr,
+                                         /R =   1.2320E-02
   135.00 deg.: X-S =   8.1435E-07 mb/sr,
+                                         /R =   1.3367E-02
   136.00 deg.: X-S =   8.5394E-07 mb/sr,
+                                         /R =   1.4219E-02
   137.00 deg.: X-S =   8.7965E-07 mb/sr,
+                                         /R =   1.4852E-02
   138.00 deg.: X-S =   8.9193E-07 mb/sr,
+                                         /R =   1.5265E-02
   139.00 deg.: X-S =   8.9184E-07 mb/sr,
+                                         /R =   1.5467E-02
   140.00 deg.: X-S =   8.8087E-07 mb/sr,
+                                         /R =   1.5475E-02
   141.00 deg.: X-S =   8.6099E-07 mb/sr,
+                                         /R =   1.5316E-02
   142.00 deg.: X-S =   8.3445E-07 mb/sr,
+                                         /R =   1.5026E-02
   143.00 deg.: X-S =   8.0335E-07 mb/sr,
+                                         /R =   1.4638E-02
   144.00 deg.: X-S =   7.6947E-07 mb/sr,
+                                         /R =   1.4183E-02
   145.00 deg.: X-S =   7.3450E-07 mb/sr,
+                                         /R =   1.3691E-02
   146.00 deg.: X-S =   7.0002E-07 mb/sr,
+                                         /R =   1.3191E-02
   147.00 deg.: X-S =   6.6730E-07 mb/sr,
+                                         /R =   1.2707E-02
   148.00 deg.: X-S =   6.3722E-07 mb/sr,
+                                         /R =   1.2258E-02
   149.00 deg.: X-S =   6.1049E-07 mb/sr,
+                                         /R =   1.1860E-02
   150.00 deg.: X-S =   5.8773E-07 mb/sr,
+                                         /R =   1.1527E-02
   151.00 deg.: X-S =   5.6934E-07 mb/sr,
+                                         /R =   1.1269E-02
   152.00 deg.: X-S =   5.5541E-07 mb/sr,
+                                         /R =   1.1092E-02
   153.00 deg.: X-S =   5.4582E-07 mb/sr,
+                                         /R =   1.0994E-02
   154.00 deg.: X-S =   5.4050E-07 mb/sr,
+                                         /R =   1.0976E-02
   155.00 deg.: X-S =   5.3933E-07 mb/sr,
+                                         /R =   1.1039E-02
   156.00 deg.: X-S =   5.4199E-07 mb/sr,
+                                         /R =   1.1178E-02
   157.00 deg.: X-S =   5.4802E-07 mb/sr,
+                                         /R =   1.1385E-02
   158.00 deg.: X-S =   5.5692E-07 mb/sr,
+                                         /R =   1.1650E-02
   159.00 deg.: X-S =   5.6829E-07 mb/sr,
+                                         /R =   1.1967E-02
   160.00 deg.: X-S =   5.8180E-07 mb/sr,
+                                         /R =   1.2329E-02
   161.00 deg.: X-S =   5.9694E-07 mb/sr,
+                                         /R =   1.2726E-02
   162.00 deg.: X-S =   6.1311E-07 mb/sr,
+                                         /R =   1.3146E-02
   163.00 deg.: X-S =   6.2983E-07 mb/sr,
+                                         /R =   1.3577E-02
   164.00 deg.: X-S =   6.4682E-07 mb/sr,
+                                         /R =   1.4014E-02
   165.00 deg.: X-S =   6.6385E-07 mb/sr,
+                                         /R =   1.4451E-02
   166.00 deg.: X-S =   6.8049E-07 mb/sr,
+                                         /R =   1.4880E-02
   167.00 deg.: X-S =   6.9628E-07 mb/sr,
+                                         /R =   1.5288E-02
   168.00 deg.: X-S =   7.1103E-07 mb/sr,
+                                         /R =   1.5671E-02
   169.00 deg.: X-S =   7.2483E-07 mb/sr,
+                                         /R =   1.6032E-02
   170.00 deg.: X-S =   7.3759E-07 mb/sr,
+                                         /R =   1.6367E-02
   171.00 deg.: X-S =   7.4896E-07 mb/sr,
+                                         /R =   1.6667E-02
   172.00 deg.: X-S =   7.5878E-07 mb/sr,
+                                         /R =   1.6929E-02
   173.00 deg.: X-S =   7.6731E-07 mb/sr,
+                                         /R =   1.7159E-02
   174.00 deg.: X-S =   7.7482E-07 mb/sr,
+                                         /R =   1.7361E-02
   175.00 deg.: X-S =   7.8111E-07 mb/sr,
+                                         /R =   1.7531E-02
   176.00 deg.: X-S =   7.8585E-07 mb/sr,
+                                         /R =   1.7662E-02
   177.00 deg.: X-S =   7.8928E-07 mb/sr,
+                                         /R =   1.7758E-02
   178.00 deg.: X-S =   7.9198E-07 mb/sr,
+                                         /R =   1.7833E-02
   179.00 deg.: X-S =   7.9404E-07 mb/sr,
+                                         /R =   1.7887E-02
   179.99 deg.: X-S =   7.9486E-07 mb/sr,
+                                         /R =   1.7908E-02
                                           Integrated********** mb, over [   0.000, 180.000] at   400.0000 MeV 

 CROSS SECTIONS FOR OUTGOING d        & 3He      in state #   1 with spins & parities 1.0  + &  0.5  +;  0

     0.00 deg.: X-S =     0.005635 mb/sr,
+                                         REAC   1.9398E-03 mb
     1.00 deg.: X-S =     0.005634 mb/sr,
     2.00 deg.: X-S =     0.005628 mb/sr,
     3.00 deg.: X-S =     0.005618 mb/sr,
     4.00 deg.: X-S =     0.005600 mb/sr,
     5.00 deg.: X-S =     0.005572 mb/sr,
     6.00 deg.: X-S =     0.005530 mb/sr,
     7.00 deg.: X-S =     0.005468 mb/sr,
     8.00 deg.: X-S =     0.005381 mb/sr,
     9.00 deg.: X-S =     0.005264 mb/sr,
    10.00 deg.: X-S =     0.005111 mb/sr,
    11.00 deg.: X-S =     0.004915 mb/sr,
    12.00 deg.: X-S =     0.004673 mb/sr,
    13.00 deg.: X-S =     0.004386 mb/sr,
    14.00 deg.: X-S =     0.004057 mb/sr,
    15.00 deg.: X-S =     0.003693 mb/sr,
    16.00 deg.: X-S =     0.003307 mb/sr,
    17.00 deg.: X-S =     0.002913 mb/sr,
    18.00 deg.: X-S =     0.002528 mb/sr,
    19.00 deg.: X-S =     0.002163 mb/sr,
    20.00 deg.: X-S =     0.001829 mb/sr,
    21.00 deg.: X-S =     0.001529 mb/sr,
    22.00 deg.: X-S =     0.001266 mb/sr,
    23.00 deg.: X-S =     0.001040 mb/sr,
    24.00 deg.: X-S =     0.000848 mb/sr,
    25.00 deg.: X-S =     0.000686 mb/sr,
    26.00 deg.: X-S =     0.000547 mb/sr,
    27.00 deg.: X-S =     0.000429 mb/sr,
    28.00 deg.: X-S =     0.000329 mb/sr,
    29.00 deg.: X-S =     0.000247 mb/sr,
    30.00 deg.: X-S =     0.000181 mb/sr,
    31.00 deg.: X-S =     0.000128 mb/sr,
    32.00 deg.: X-S =   8.7243E-05 mb/sr,
    33.00 deg.: X-S =   5.7420E-05 mb/sr,
    34.00 deg.: X-S =   3.7059E-05 mb/sr,
    35.00 deg.: X-S =   2.4248E-05 mb/sr,
    36.00 deg.: X-S =   1.6860E-05 mb/sr,
    37.00 deg.: X-S =   1.2962E-05 mb/sr,
    38.00 deg.: X-S =   1.1040E-05 mb/sr,
    39.00 deg.: X-S =   1.0077E-05 mb/sr,
    40.00 deg.: X-S =   9.5657E-06 mb/sr,
    41.00 deg.: X-S =   9.4086E-06 mb/sr,
    42.00 deg.: X-S =   9.7197E-06 mb/sr,
    43.00 deg.: X-S =   1.0624E-05 mb/sr,
    44.00 deg.: X-S =   1.2088E-05 mb/sr,
    45.00 deg.: X-S =   1.3805E-05 mb/sr,
    46.00 deg.: X-S =   1.5217E-05 mb/sr,
    47.00 deg.: X-S =   1.5750E-05 mb/sr,
    48.00 deg.: X-S =   1.5111E-05 mb/sr,
    49.00 deg.: X-S =   1.3449E-05 mb/sr,
    50.00 deg.: X-S =   1.1277E-05 mb/sr,
    51.00 deg.: X-S =   9.2620E-06 mb/sr,
    52.00 deg.: X-S =   7.9978E-06 mb/sr,
    53.00 deg.: X-S =   7.8235E-06 mb/sr,
    54.00 deg.: X-S =   8.7094E-06 mb/sr,
    55.00 deg.: X-S =   1.0274E-05 mb/sr,
    56.00 deg.: X-S =   1.1959E-05 mb/sr,
    57.00 deg.: X-S =   1.3261E-05 mb/sr,
    58.00 deg.: X-S =   1.3891E-05 mb/sr,
    59.00 deg.: X-S =   1.3811E-05 mb/sr,
    60.00 deg.: X-S =   1.3184E-05 mb/sr,
    61.00 deg.: X-S =   1.2256E-05 mb/sr,
    62.00 deg.: X-S =   1.1257E-05 mb/sr,
    63.00 deg.: X-S =   1.0353E-05 mb/sr,
    64.00 deg.: X-S =   9.6259E-06 mb/sr,
    65.00 deg.: X-S =   9.0260E-06 mb/sr,
    66.00 deg.: X-S =   8.3716E-06 mb/sr,
    67.00 deg.: X-S =   7.4828E-06 mb/sr,
    68.00 deg.: X-S =   6.3461E-06 mb/sr,
    69.00 deg.: X-S =   5.1051E-06 mb/sr,
    70.00 deg.: X-S =   3.9063E-06 mb/sr,
    71.00 deg.: X-S =   2.8221E-06 mb/sr,
    72.00 deg.: X-S =   1.9094E-06 mb/sr,
    73.00 deg.: X-S =   1.2468E-06 mb/sr,
    74.00 deg.: X-S =   8.7662E-07 mb/sr,
    75.00 deg.: X-S =   7.7203E-07 mb/sr,
    76.00 deg.: X-S =   8.8755E-07 mb/sr,
    77.00 deg.: X-S =   1.1894E-06 mb/sr,
    78.00 deg.: X-S =   1.6143E-06 mb/sr,
    79.00 deg.: X-S =   2.0584E-06 mb/sr,
    80.00 deg.: X-S =   2.4491E-06 mb/sr,
    81.00 deg.: X-S =   2.7865E-06 mb/sr,
    82.00 deg.: X-S =   3.0800E-06 mb/sr,
    83.00 deg.: X-S =   3.2859E-06 mb/sr,
    84.00 deg.: X-S =   3.3557E-06 mb/sr,
    85.00 deg.: X-S =   3.3235E-06 mb/sr,
    86.00 deg.: X-S =   3.2864E-06 mb/sr,
    87.00 deg.: X-S =   3.3143E-06 mb/sr,
    88.00 deg.: X-S =   3.4230E-06 mb/sr,
    89.00 deg.: X-S =   3.6187E-06 mb/sr,
    90.00 deg.: X-S =   3.9034E-06 mb/sr,
    91.00 deg.: X-S =   4.2237E-06 mb/sr,
    92.00 deg.: X-S =   4.4772E-06 mb/sr,
    93.00 deg.: X-S =   4.5934E-06 mb/sr,
    94.00 deg.: X-S =   4.5651E-06 mb/sr,
    95.00 deg.: X-S =   4.3965E-06 mb/sr,
    96.00 deg.: X-S =   4.0844E-06 mb/sr,
    97.00 deg.: X-S =   3.6894E-06 mb/sr,
    98.00 deg.: X-S =   3.3777E-06 mb/sr,
    99.00 deg.: X-S =   3.3334E-06 mb/sr,
   100.00 deg.: X-S =   3.6428E-06 mb/sr,
   101.00 deg.: X-S =   4.2841E-06 mb/sr,
   102.00 deg.: X-S =   5.1843E-06 mb/sr,
   103.00 deg.: X-S =   6.2344E-06 mb/sr,
   104.00 deg.: X-S =   7.2623E-06 mb/sr,
   105.00 deg.: X-S =   8.0552E-06 mb/sr,
   106.00 deg.: X-S =   8.4561E-06 mb/sr,
   107.00 deg.: X-S =   8.4413E-06 mb/sr,
   108.00 deg.: X-S =   8.1038E-06 mb/sr,
   109.00 deg.: X-S =   7.5819E-06 mb/sr,
   110.00 deg.: X-S =   7.0296E-06 mb/sr,
   111.00 deg.: X-S =   6.6534E-06 mb/sr,
   112.00 deg.: X-S =   6.7046E-06 mb/sr,
   113.00 deg.: X-S =   7.3437E-06 mb/sr,
   114.00 deg.: X-S =   8.5051E-06 mb/sr,
   115.00 deg.: X-S =   9.9383E-06 mb/sr,
   116.00 deg.: X-S =   1.1382E-05 mb/sr,
   117.00 deg.: X-S =   1.2642E-05 mb/sr,
   118.00 deg.: X-S =   1.3515E-05 mb/sr,
   119.00 deg.: X-S =   1.3794E-05 mb/sr,
   120.00 deg.: X-S =   1.3410E-05 mb/sr,
   121.00 deg.: X-S =   1.2506E-05 mb/sr,
   122.00 deg.: X-S =   1.1318E-05 mb/sr,
   123.00 deg.: X-S =   1.0051E-05 mb/sr,
   124.00 deg.: X-S =   8.9244E-06 mb/sr,
   125.00 deg.: X-S =   8.2069E-06 mb/sr,
   126.00 deg.: X-S =   8.0819E-06 mb/sr,
   127.00 deg.: X-S =   8.5071E-06 mb/sr,
   128.00 deg.: X-S =   9.2935E-06 mb/sr,
   129.00 deg.: X-S =   1.0271E-05 mb/sr,
   130.00 deg.: X-S =   1.1290E-05 mb/sr,
   131.00 deg.: X-S =   1.2134E-05 mb/sr,
   132.00 deg.: X-S =   1.2572E-05 mb/sr,
   133.00 deg.: X-S =   1.2506E-05 mb/sr,
   134.00 deg.: X-S =   1.1989E-05 mb/sr,
   135.00 deg.: X-S =   1.1118E-05 mb/sr,
   136.00 deg.: X-S =   1.0013E-05 mb/sr,
   137.00 deg.: X-S =   8.8600E-06 mb/sr,
   138.00 deg.: X-S =   7.8728E-06 mb/sr,
   139.00 deg.: X-S =   7.1742E-06 mb/sr,
   140.00 deg.: X-S =   6.7683E-06 mb/sr,
   141.00 deg.: X-S =   6.6320E-06 mb/sr,
   142.00 deg.: X-S =   6.7608E-06 mb/sr,
   143.00 deg.: X-S =   7.1062E-06 mb/sr,
   144.00 deg.: X-S =   7.5328E-06 mb/sr,
   145.00 deg.: X-S =   7.8753E-06 mb/sr,
   146.00 deg.: X-S =   8.0242E-06 mb/sr,
   147.00 deg.: X-S =   7.9496E-06 mb/sr,
   148.00 deg.: X-S =   7.6640E-06 mb/sr,
   149.00 deg.: X-S =   7.1895E-06 mb/sr,
   150.00 deg.: X-S =   6.5645E-06 mb/sr,
   151.00 deg.: X-S =   5.8617E-06 mb/sr,
   152.00 deg.: X-S =   5.1763E-06 mb/sr,
   153.00 deg.: X-S =   4.5775E-06 mb/sr,
   154.00 deg.: X-S =   4.0846E-06 mb/sr,
   155.00 deg.: X-S =   3.7088E-06 mb/sr,
   156.00 deg.: X-S =   3.4809E-06 mb/sr,
   157.00 deg.: X-S =   3.4090E-06 mb/sr,
   158.00 deg.: X-S =   3.4378E-06 mb/sr,
   159.00 deg.: X-S =   3.4893E-06 mb/sr,
   160.00 deg.: X-S =   3.5381E-06 mb/sr,
   161.00 deg.: X-S =   3.5936E-06 mb/sr,
   162.00 deg.: X-S =   3.6291E-06 mb/sr,
   163.00 deg.: X-S =   3.5951E-06 mb/sr,
   164.00 deg.: X-S =   3.4855E-06 mb/sr,
   165.00 deg.: X-S =   3.3420E-06 mb/sr,
   166.00 deg.: X-S =   3.1811E-06 mb/sr,
   167.00 deg.: X-S =   2.9751E-06 mb/sr,
   168.00 deg.: X-S =   2.7218E-06 mb/sr,
   169.00 deg.: X-S =   2.4666E-06 mb/sr,
   170.00 deg.: X-S =   2.2424E-06 mb/sr,
   171.00 deg.: X-S =   2.0236E-06 mb/sr,
   172.00 deg.: X-S =   1.7771E-06 mb/sr,
   173.00 deg.: X-S =   1.5240E-06 mb/sr,
   174.00 deg.: X-S =   1.3094E-06 mb/sr,
   175.00 deg.: X-S =   1.1440E-06 mb/sr,
   176.00 deg.: X-S =   9.9598E-07 mb/sr,
   177.00 deg.: X-S =   8.4442E-07 mb/sr,
   178.00 deg.: X-S =   7.0881E-07 mb/sr,
   179.00 deg.: X-S =   6.1550E-07 mb/sr,
   180.00 deg.: X-S =   5.8161E-07 mb/sr,
                                           Integrated    0.0019 mb, over [   0.000, 180.000] at   400.0000 MeV 
 Finished all xsecs @   0.531250000    

  The following files have been created:
   3:local copy of User input.            6:standard output.                   
   7:elastic  S-matrix elements.         12:transfer kernels.                  
  13:total cross sections/state.         16:tables of cross sections.          
  35:Astrophysics S-factors  / Ecm.      38:cross sections for each J/pi.      
  39:cross sections for each Ecm.        40:all cross sectns. for each Elab.   
  45:scat phase shift as E functions.    46:bs wave functions & ANC ratios.    
  56:Fusion for each Jtotal.             75:S-factors for lab energies.        
 201:Separate cross sections.           202:Separate cross sections.           

 PARAMETERS : MAXQRN   MFNL   MLOC  LMAX1 MCLIST
    ALLOWED :      2     16     12    100      6
    REQUIRED:      1      2     12     83      4


 ACCURACY ANALYSIS at   400.000 MeV :

  Elastic h*k = 0.181 so OK       compared with 0.200

   Real(S-el) > 0.01 first at J =       0.5
   Real(S-el) > 0.10 first at J =       0.5
   Real(S-el) > 0.50 first at J =       4.5
   Real(S-el) > 0.90 first at J =      13.5
   Real(S-el) > 0.99 first at J =      18.5
   R-turn =    22.26 fm    at J =      80.5

 Forward-angle excitation cut off below   0.022 deg by max JT =      80.5
                              and below   0.016 deg by max R.


 1: Recommended RNL: non-local width >  11.80 cf:  10.00 fm: OK      
    Recommended CENTRE: centration   ~   2.30 cf:   0.00 fm

 Total CPU  0 time =       0.53 seconds
