 FRESCO - FRES 3.4: Coupled Reaction Channels
 Assuming NAMELIST input.

 4He(p,d)3He  E=200 MeV  Q=-18.353  [he4_p_d_he3]                                

   0.050  30.000   0.250   0.100  10.000   0.000   0.000   0.000   0.000   0.000

 Centre-of-mass Range is    602 * 0.0500 fm., Maximum at  30.00 fm., Interpolating NL forms every  0.25 fm.
 Non - locality width is    101 * 0.1000 fm., Maximum of  10.00 fm., Centred at  0.00 fm.
 2-Nucleon Separation of      0 * 0.2500 fm., Maximum of   0.00 fm., Minimum at  0.00 fm.
 Maximum single particle bins of 30.0000 fm.
               M,Mint =          601         601


 Range of total J is     0.0 <= J <=    80.0 (at least     0.0) and Absorbtion =>    -1.0000 mb.
 Dry Run = F, CC set limits =  0  0, Relativistic kinematics = a, Both/Far/Near Analyses =  1                     

 Cross Sections (and up to T0 for 0=projectile) for Theta from   0.0 to 180.0 in steps of  1.0 degrees, DGAM=0,  Coordinates = 0 (Mads)

 Lower Radial Cutoff = maximum of -1.60*L*h &       0.0 fm.,  Lower Cutoff for Couplings =   0.0  fm.


 Iterate Couplings between   1 and   1 times, to  0.000 % if sooner.                                          
  Block solved exactly =   0 chs., with Pade = 0 & Isocen =  =0, NOSOL = F, initwf =  0
  NL quadrature with   18 Gaussian points, Calculate multipoles up to    86 from   0
  M-transfers for lp+lt greater than or equal to  6, Angular Integration Cutoff below  2.7778 %


 Trace switches are :  CHANS =  1, LISTCC =  0, TRENEG =  0, CDETR =  0, SMATS =  2, XSTABL =  1, NLPL =  0

                       WAVES =  0, LAMPL =  0, VEFF =  0, KFUS =  0, WDISK =  0, BPM =  0, MELFIL =  0

                       CDCC =  0, NFUS =  0

 Using unit mass = 1.000000 amu and 1/fine-structure constant = 137.03599 ( 1.000000 * true ) with hc = 197.32705 MeV.fm,
  thus 2*amu/hbar^2 = 0.0478450 = 1/20.9008 and Coulomb constant = 0.1574855 so e^2 = 1.43997, and nuclear magneton= 0.1261183

 Now pre-scan input and save to file 3



 *********** PARTITION NUMBER  1 ******************************************************************************************

   PROJ=p          MASS=  1.0000 Z=   1.0,        # STATES=    1T, TARG=4He      MASS=  4.0000 Z=   2.0,     Q-VALUE =   0.0000 MEV.

     1:  J= 0.5+ (B# 1), E=  0.0000, K= 0.5              Potl#  1       J= 0.0+ (B# 1), E=  0.0000, K= 0.0    


 *********** PARTITION NUMBER  2 ******************************************************************************************

   PROJ=d          MASS=  2.0000 Z=   1.0,        # STATES=    1T, TARG=3He      MASS=  3.0000 Z=   2.0,     Q-VALUE = -18.3530 MEV.

     1:  J= 1.0+ (B# 1), E=  0.0000, K= 0.0              Potl#  2       J= 0.5+ (B# 1), E=  0.0000, K= 0.5    
0****** WARNING : COMPARED WITH PARTITION  1, THIS PARTITION HAS TOTAL MASS & CHARGE EXCESSES  -0.01970 &   0.0000


 ************************************************************************************************************************************

 The following POTENTIALS are defined :

  KP#       TYPE      IT    SHAPE      at     V1        r1        a1        V2        r2        a2        A-in     A-used


                                            A#1       A#2        r0c       ac                                                h @ 1
    1    0=Coulomb       0=CHARGE (WS)  1     1.000     4.000    1.3000    0.0000    0.0000    0.0000     0.000    17.322   0.05000

    1    1=Volume        0=Woods-Saxon  2   48.0000    1.1500    0.5700    0.0000    1.1500    0.5700     0.000    17.322

    1    2=Surface       0=Woods-Saxon  3    0.0000    0.0000    0.0000    6.0000    1.3000    0.5000     0.000    17.322

    1    3=Projtl S.O.   0=Woods-Saxon  4    5.5000    1.0000    0.5000    0.0000    0.0000    0.0000     0.000    17.322
   --------------------------------------------------------------------------------------------------------------------

                                            A#1       A#2        r0c       ac                                                h @ 2
    2    0=Coulomb       0=CHARGE (WS)  5     2.000     3.000    1.3000    0.0000    0.0000    0.0000     0.000    19.731   0.05000

    2    1=Volume        0=Woods-Saxon  6   88.0000    1.1700    0.7900    0.0000    1.1700    0.7900     0.000    19.731

    2    2=Surface       0=Woods-Saxon  7    0.0000    0.0000    0.0000   12.0000    1.3300    0.7400     0.000    19.731

    2    3=Projtl S.O.   0=Woods-Saxon  8    7.0000    1.0700    0.6600    0.0000    0.0000    0.0000     0.000    19.731
   --------------------------------------------------------------------------------------------------------------------

    3    1=Volume        0=Woods-Saxon  9   50.0000    1.2500    0.6500    0.0000    0.0000    0.0000     0.000    19.731

    3    3=Projtl S.O.   0=Woods-Saxon 10    6.0000    1.2500    0.6500    0.0000    0.0000    0.0000     0.000    19.731
   --------------------------------------------------------------------------------------------------------------------

    4    1=Volume        0=Woods-Saxon 11   50.0000    1.2500    0.6500    0.0000    0.0000    0.0000     0.000    19.731

    4    3=Projtl S.O.   0=Woods-Saxon 12    6.0000    1.2500    0.6500    0.0000    0.0000    0.0000     0.000    19.731


 ************************************************************************************************************************************

 The following SINGLE-PARTICLE FORM FACTORS are constructed :


 No.   P1 P2 IN KIND T N  L  S1 IA J/S  IB BIND XFER  BE    SC PC FIL AFRAC Adjust  to  Z  Mass   K     Norm    rms      D0     D   ANC/Gsp

    1:  2  1  2  0     1  0 0.5  1 0.5   0   3   0  20.5780  1  0  0 0.0000 VR  0.7942; 0. 1.000 0.8593 1.0000  2.472 -417.8 -957.1  9.6885

    2:  1  2  1  0     1  0 0.5  1 0.5   0   4   0   2.2246  1  0  0 0.0000 VR  0.3377; 0. 1.000 0.2307 1.0000  4.770 -154.2 -167.5  1.1301

 ************************************************************************************************************************************

 TWO-way COUPLING # 1 for partitions  2 <-  1 of KIND  7,   0 -1  5 -1 -1 & P1,P2 =    0.0000   0.0000 : for J <=    80.5 & R <  29.8 fm.


 data =  2  1  1  1  1.0000,  so  < [4He      #  1] / [3He      #  1]  * Eigen-form #  1>  =   1.0000            BE = 20.578     1

 data =  1  1  1  2  1.0000,  so  < [d        #  1] / [p        #  1]  * Eigen-form #  2>  =   1.0000            BE =  2.225     2
 KNT =   1, KNP =   2: NK,NG,loc=   1   1   1  13  T  T  F

     So FINITE-RANGE TRANSFER : IP1 = 0 (POST    ), IP2=-1 =COMPLEX     ,  for   1 pairs of bound states summed into   1 pairs
      The main coupling potential is that binding the transferred particle to the 3He      core.

          Using between p        & 3He      the potential No.   5, and subtracting optical potential No.  2

   A real*8 is            8  bytes
   NLL,NLN,NLO =         120         121         101
0File   9 needs RL =   24240    REAL*8 numbers, and NR =    88. i.e.    17.06 Megabytes
   File            9  RECL =      193920
0RECOMMENDED NON-LOCAL WIDTH IS GREATER THAN   11.80 FM.,  RECOMMENDED CENTRATION   2.30, after    0.06 secs.
0Relative non-local usages (rms) are
    0.003   0.005   0.007   0.011   0.015   0.019   0.030   0.038   0.053   0.071   0.087   0.132   0.167   0.230   0.306
    0.372   0.541   0.676   0.908   1.186   1.427   1.994   2.455   3.183   4.044   4.788   6.329   7.600   9.380  11.433
   13.201  16.309  18.918  22.174  25.808  28.940  33.725  37.803  42.471  47.501  51.832  57.646  62.619  67.805  73.082
   77.548  82.589  86.793  90.536  93.845  96.417  98.292  99.496 100.000  99.858  99.142  97.885  96.129  93.931  91.325
   88.381  85.138  81.660  77.998  74.205  70.347  66.460  62.589  58.777  55.047  51.439  47.968  44.652  41.499  38.517
   35.707  33.067  30.594  28.284  26.128  24.121  22.254  20.521  18.913  17.422  16.042  14.764  13.583  12.491  11.482
   10.551   9.693   8.902   8.173   7.502   6.884   6.317   5.796   5.317   4.878   4.476

 Incoming partition  1 in excitation state # 1,   Laboratory Energy given for partition  1 Nucleus 1 in Excitation pair 1

0Lab. ENERGY ranges :

   from    200.000     to   0.00000     in     0 intervals
   from    0.00000     to   0.00000     in     0 intervals
   from    0.00000     to   0.00000     in     0 intervals

 Largest real,imaginary parts of any form factor at R=   29.50 are   4.88E-02  3.00E-14 MeV
 Finished all Couplings @    7.81250000E-02          12

 Symmetric Hamiltonian
1***********************************************************************************************************************************
************************************************************************************************************************************

        INCOMING p        ;    LABORATORY p        ENERGY =   200.00     MeV.

 ***********************************************************************************************************************************
 ***********************************************************************************************************************************


  NOTE: Coulomb excitation cut off below   0.031 deg by JTMAX, and below   0.033 deg by Rmax

 Allocate arrays for            3  channels, of which            3  need wfs.

 ######################################################################################################################
 #                                                                                                                    #
 # Total SPIN and PARITY =     0.5 +,      3 channels,    0 in 1st block.  Rmin & Coul turning =    0.0    0.0 fm.  #
 #                                                                                                                    #
 ######################################################################################################################



    C Projectl Target   #   EX.   (L  Proj) J  + Targ = Jtotal     E-cm      Re K     Re Eta     RM*K            CH
    1 p        4He      #    1: I   0 0.5    0.5  0.0     0.5   165.78607   2.51905   0.02188   75.5716  -0.02548   0.49942 1 1 1   1
    2 d        3He      #    1:     0 1.0    1.0  0.5     0.5   141.98541   2.85516   0.02896   85.6549   0.30908  -0.39313 2 1 2   1
    3 d        3He      #    1:     2 1.0    1.0  0.5     0.5   141.98541   2.85516   0.02896   85.6549  -0.33901   0.36778 2 1 2   1
   S-matrix    1 =   -0.46499   0.70115 for L=    0, J=    0.5 channel on core I =   0.0 from L=    0,  Acc. loss =  0.0 D.
 Elastic phase shift   1 =   61.776   4.950 deg. for the L =    0, J =    0.5 channel.
       0.5 -0.46498790  0.70115376i: elastic S-matrix  @@      0.00  0   0 F  0
 Reaction Xsec     0.5+/ 0 @ 1 =   1.446 , Out:   0.000#   0.722/   1.446f


 Total SPIN, PARITY =     0.5 -,      3 chs,      0 cc.  Rmin & Coul turning =    0.0    0.0
   S-matrix    1 =   -0.29819   0.78178 for L=    1, J=    0.5 channel on core I =   0.0 from L=    1,  Acc. loss =  0.0 D.
 Elastic phase shift   1 =   55.439   5.107 deg. for the L =    1, J =    0.5 channel.
       0.5 -0.29818509  0.78177523i: elastic S-matrix  @@      0.00  0   0 F  0
 Reaction Xsec     0.5-/ 1 @ 1 =   1.485 , Out:   0.000#   0.584/   1.484f

 Allocate arrays for            4  channels, of which            4  need wfs.

 Total SPIN, PARITY =     1.5 +,      4 chs,      0 cc.  Rmin & Coul turning =    0.1    0.6
   S-matrix    1 =   -0.15668   0.81788 for L=    2, J=    1.5 channel on core I =   0.0 from L=    2,  Acc. loss =  0.0 D.
 Elastic phase shift   1 =   50.422   5.243 deg. for the L =    2, J =    1.5 channel.
       1.5 -0.15668168  0.81788251i: elastic S-matrix  @@      0.02  0   0 F  0
 Reaction Xsec     1.5+/ 2 @ 1 =   3.035 , Out:   0.000#   0.699/   3.034f


 Total SPIN, PARITY =     1.5 -,      4 chs,      0 cc.  Rmin & Coul turning =    0.1    0.6
   S-matrix    1 =   -0.45723   0.70227 for L=    1, J=    1.5 channel on core I =   0.0 from L=    1,  Acc. loss =  0.0 D.
 Elastic phase shift   1 =   61.534   5.063 deg. for the L =    1, J =    1.5 channel.
       1.5 -0.45723459  0.70227129i: elastic S-matrix  @@      0.00  0   0 F  0
 Reaction Xsec     1.5-/ 1 @ 1 =   2.948 , Out:   0.000#   1.297/   2.947f


 Total SPIN, PARITY =     2.5 +,      4 chs,      0 cc.  Rmin & Coul turning =    0.2    1.0
   S-matrix    1 =   -0.44257   0.70781 for L=    2, J=    2.5 channel on core I =   0.0 from L=    2,  Acc. loss =  0.0 D.
 Elastic phase shift   1 =   61.008   5.173 deg. for the L =    2, J =    2.5 channel.
       2.5 -0.44256925  0.70781397i: elastic S-matrix  @@      0.00  0   0 F  0
 Reaction Xsec     2.5+/ 2 @ 1 =   4.502 , Out:   0.000#   1.342/   4.501f


 Total SPIN, PARITY =     2.5 -,      4 chs,      0 cc.  Rmin & Coul turning =    0.2    1.0
   S-matrix    1 =    0.02371   0.82197 for L=    3, J=    2.5 channel on core I =   0.0 from L=    3,  Acc. loss =  0.0 D.
 Elastic phase shift   1 =   44.174   5.605 deg. for the L =    3, J =    2.5 channel.
       2.5  0.02371413  0.82196908i: elastic S-matrix  @@      0.00  0   0 F  0
 Reaction Xsec     2.5-/ 3 @ 1 =   4.809 , Out:   0.000#   0.577/   4.809f


 Total SPIN, PARITY =     3.5 +,      4 chs,      0 cc.  Rmin & Coul turning =    0.2    1.4
   S-matrix    1 =    0.24799   0.77033 for L=    4, J=    3.5 channel on core I =   0.0 from L=    4,  Acc. loss =  0.0 D.
 Elastic phase shift   1 =   36.078   6.063 deg. for the L =    4, J =    3.5 channel.
       3.5  0.24798632  0.77032556i: elastic S-matrix  @@      0.00  0   0 F  0
 Reaction Xsec     3.5+/ 4 @ 1 =   6.834 , Out:   0.000#   0.482/   6.834f


 Total SPIN, PARITY =     3.5 -,      4 chs,      0 cc.  Rmin & Coul turning =    0.2    1.4
   S-matrix    1 =   -0.40803   0.71925 for L=    3, J=    3.5 channel on core I =   0.0 from L=    3,  Acc. loss =  0.0 D.
 Elastic phase shift   1 =   59.783   5.444 deg. for the L =    3, J =    3.5 channel.
       3.5 -0.40803020  0.71925171i: elastic S-matrix  @@      0.00  0   0 F  0
 Reaction Xsec     3.5-/ 3 @ 1 =   6.262 , Out:   0.000#   1.203/   6.260f


 Total SPIN, PARITY =     4.5 +,      4 chs,      0 cc.  Rmin & Coul turning =    0.3    1.8
   S-matrix    1 =   -0.34836   0.73621 for L=    4, J=    4.5 channel on core I =   0.0 from L=    4,  Acc. loss =  0.0 D.
 Elastic phase shift   1 =   57.661   5.879 deg. for the L =    4, J =    4.5 channel.
       4.5 -0.34835992  0.73621435i: elastic S-matrix  @@      0.02  0   0 F  0
 Reaction Xsec     4.5+/ 4 @ 1 =   8.333 , Out:   0.000#   1.145/   8.332f


 Total SPIN, PARITY =     4.5 -,      4 chs,      0 cc.  Rmin & Coul turning =    0.3    1.8
   S-matrix    1 =    0.46500   0.63830 for L=    5, J=    4.5 channel on core I =   0.0 from L=    5,  Acc. loss =  0.0 D.
 Elastic phase shift   1 =   26.963   6.763 deg. for the L =    5, J =    4.5 channel.
       4.5  0.46499903  0.63829814i: elastic S-matrix  @@      0.00  0   0 F  0
 Reaction Xsec     4.5-/ 5 @ 1 =   9.316 , Out:   0.000#   0.467/   9.316f


 Total SPIN, PARITY =     5.5 +,      4 chs,      0 cc.  Rmin & Coul turning =    0.4    2.2
   S-matrix    1 =    0.59872   0.46384 for L=    6, J=    5.5 channel on core I =   0.0 from L=    6,  Acc. loss =  0.0 D.
 Elastic phase shift   1 =   18.883   7.961 deg. for the L =    6, J =    5.5 channel.
       5.5  0.59871904  0.46384306i: elastic S-matrix  @@      0.00  0   0 F  0
 Reaction Xsec     5.5+/ 6 @ 1 =  12.666 , Out:   0.000#   0.451/  12.665f


 Total SPIN, PARITY =     5.5 -,      4 chs,      0 cc.  Rmin & Coul turning =    0.4    2.2
   S-matrix    1 =   -0.24990   0.76343 for L=    5, J=    5.5 channel on core I =   0.0 from L=    5,  Acc. loss =  0.0 D.
 Elastic phase shift   1 =   54.063   6.275 deg. for the L =    5, J =    5.5 channel.
       5.5 -0.24989870  0.76342829i: elastic S-matrix  @@      0.00  0   0 F  0
 Reaction Xsec     5.5-/ 5 @ 1 =  10.537 , Out:   0.000#   1.190/  10.536f


 Total SPIN, PARITY =     6.5 +,      4 chs,      0 cc.  Rmin & Coul turning =    0.5    2.6
   S-matrix    1 =   -0.06596   0.77240 for L=    6, J=    6.5 channel on core I =   0.0 from L=    6,  Acc. loss =  0.0 D.
 Elastic phase shift   1 =   47.440   7.294 deg. for the L =    6, J =    6.5 channel.
       6.5 -0.06595880  0.77240422i: elastic S-matrix  @@      0.00  0   0 F  0
 Reaction Xsec     6.5+/ 6 @ 1 =  13.829 , Out:   0.000#   1.228/  13.828f


 Total SPIN, PARITY =     6.5 -,      4 chs,      0 cc.  Rmin & Coul turning =    0.5    2.6
   S-matrix    1 =    0.67673   0.31728 for L=    7, J=    6.5 channel on core I =   0.0 from L=    7,  Acc. loss =  0.0 D.
 Elastic phase shift   1 =   12.560   8.340 deg. for the L =    7, J =    6.5 channel.
       6.5  0.67673005  0.31728474i: elastic S-matrix  @@      0.02  0   0 F  0
 Reaction Xsec     6.5-/ 7 @ 1 =  15.296 , Out:   0.000#   0.403/  15.295f


 Total SPIN, PARITY =     7.5 +,      4 chs,      0 cc.  Rmin & Coul turning =    0.6    3.0
   S-matrix    1 =    0.75069   0.21346 for L=    8, J=    7.5 channel on core I =   0.0 from L=    8,  Acc. loss =  0.0 D.
 Elastic phase shift   1 =    7.937   7.101 deg. for the L =    8, J =    7.5 channel.
       7.5  0.75068989  0.21346330i: elastic S-matrix  @@      0.00  0   0 F  0
 Reaction Xsec     7.5+/ 8 @ 1 =  15.482 , Out:   0.000#   0.394/  15.482f


 Total SPIN, PARITY =     7.5 -,      4 chs,      0 cc.  Rmin & Coul turning =    0.6    3.0
   S-matrix    1 =    0.21326   0.70542 for L=    7, J=    7.5 channel on core I =   0.0 from L=    7,  Acc. loss =  0.0 D.
 Elastic phase shift   1 =   36.589   8.744 deg. for the L =    7, J =    7.5 channel.
       7.5  0.21326119  0.70541711i: elastic S-matrix  @@      0.00  0   0 F  0
 Reaction Xsec     7.5-/ 7 @ 1 =  18.096 , Out:   0.000#   1.068/  18.095f


 Total SPIN, PARITY =     8.5 +,      4 chs,      0 cc.  Rmin & Coul turning =    0.6    3.4
   S-matrix    1 =    0.50470   0.54992 for L=    8, J=    8.5 channel on core I =   0.0 from L=    8,  Acc. loss =  0.0 D.
 Elastic phase shift   1 =   23.728   8.379 deg. for the L =    8, J =    8.5 channel.
       8.5  0.50470223  0.54992119i: elastic S-matrix  @@      0.00  0   0 F  0
 Reaction Xsec     8.5+/ 8 @ 1 =  19.733 , Out:   0.000#   0.860/  19.732f


 Total SPIN, PARITY =     8.5 -,      4 chs,      0 cc.  Rmin & Coul turning =    0.6    3.4
   S-matrix    1 =    0.82756   0.14131 for L=    9, J=    8.5 channel on core I =   0.0 from L=    9,  Acc. loss =  0.0 D.
 Elastic phase shift   1 =    4.845   5.011 deg. for the L =    9, J =    8.5 channel.
       8.5  0.82755516  0.14131489i: elastic S-matrix  @@      0.00  0   0 F  0
 Reaction Xsec     8.5-/ 9 @ 1 =  13.152 , Out:   0.000#   0.408/  13.152f


 Total SPIN, PARITY =     9.5 +,      4 chs,      0 cc.  Rmin & Coul turning =    0.7    3.8
   S-matrix    1 =    0.89366   0.09052 for L=   10, J=    9.5 channel on core I =   0.0 from L=   10,  Acc. loss =  0.0 D.
 Elastic phase shift   1 =    2.892   3.075 deg. for the L =   10, J =    9.5 channel.
       9.5  0.89366353  0.09051539i: elastic S-matrix  @@      0.02  0   0 F  0
 Reaction Xsec     9.5+/10 @ 1 =   9.564 , Out:   0.000#   0.390/   9.563f


 Total SPIN, PARITY =     9.5 -,      4 chs,      0 cc.  Rmin & Coul turning =    0.7    3.8
   S-matrix    1 =    0.72388   0.36849 for L=    9, J=    9.5 channel on core I =   0.0 from L=    9,  Acc. loss =  0.0 D.
 Elastic phase shift   1 =   13.489   5.957 deg. for the L =    9, J =    9.5 channel.
       9.5  0.72387848  0.36848884i: elastic S-matrix  @@      0.00  0   0 F  0
 Reaction Xsec     9.5-/ 9 @ 1 =  16.843 , Out:   0.000#   0.719/  16.843f


 Total SPIN, PARITY =    10.5 +,      4 chs,      0 cc.  Rmin & Coul turning =    0.8    4.2
   S-matrix    1 =    0.85707   0.22113 for L=   10, J=   10.5 channel on core I =   0.0 from L=   10,  Acc. loss =  0.0 D.
 Elastic phase shift   1 =    7.233   3.495 deg. for the L =   10, J =   10.5 channel.
      10.5  0.85707279  0.22112659i: elastic S-matrix  @@      0.00  0   0 F  0
 Reaction Xsec    10.5+/10 @ 1 =  11.792 , Out:   0.000#   0.566/  11.791f


 Total SPIN, PARITY =    10.5 -,      4 chs,      0 cc.  Rmin & Coul turning =    0.8    4.2
   S-matrix    1 =    0.94034   0.05541 for L=   11, J=   10.5 channel on core I =   0.0 from L=   11,  Acc. loss =  0.0 D.
 Elastic phase shift   1 =    1.686   1.713 deg. for the L =   11, J =   10.5 channel.
      10.5  0.94034296  0.05540946i: elastic S-matrix  @@      0.00  0   0 F  0
 Reaction Xsec    10.5-/11 @ 1 =   6.137 , Out:   0.000#   0.386/   6.136f


 Total SPIN, PARITY =    11.5 +,      4 chs,      0 cc.  Rmin & Coul turning =    0.9    4.6
   S-matrix    1 =    0.96871   0.03246 for L=   12, J=   11.5 channel on core I =   0.0 from L=   12,  Acc. loss =  0.0 D.
 Elastic phase shift   1 =    0.960   0.895 deg. for the L =   12, J =   11.5 channel.
      11.5  0.96871064  0.03245869i: elastic S-matrix  @@      0.00  0   0 F  0
 Reaction Xsec    11.5+/12 @ 1 =   3.597 , Out:   0.000#   0.324/   3.597f


 Total SPIN, PARITY =    11.5 -,      4 chs,      0 cc.  Rmin & Coul turning =    0.9    4.6
   S-matrix    1 =    0.92898   0.12372 for L=   11, J=   11.5 channel on core I =   0.0 from L=   11,  Acc. loss =  0.0 D.
 Elastic phase shift   1 =    3.793   1.859 deg. for the L =   11, J =   11.5 channel.
      11.5  0.92897964  0.12371566i: elastic S-matrix  @@      0.00  0   0 F  0
 Reaction Xsec    11.5-/11 @ 1 =   7.230 , Out:   0.000#   0.546/   7.229f


 Total SPIN, PARITY =    12.5 +,      4 chs,      0 cc.  Rmin & Coul turning =    1.0    5.0
   S-matrix    1 =    0.96548   0.06642 for L=   12, J=   12.5 channel on core I =   0.0 from L=   12,  Acc. loss =  0.0 D.
 Elastic phase shift   1 =    1.968   0.939 deg. for the L =   12, J =   12.5 channel.
      12.5  0.96547598  0.06641843i: elastic S-matrix  @@      0.02  0   0 F  0
 Reaction Xsec    12.5+/12 @ 1 =   4.083 , Out:   0.000#   0.445/   4.083f


 Total SPIN, PARITY =    12.5 -,      4 chs,      0 cc.  Rmin & Coul turning =    1.0    5.0
   S-matrix    1 =    0.98429   0.01837 for L=   13, J=   12.5 channel on core I =   0.0 from L=   13,  Acc. loss =  0.0 D.
 Elastic phase shift   1 =    0.535   0.449 deg. for the L =   13, J =   12.5 channel.
      12.5  0.98428668  0.01837205i: elastic S-matrix  @@      0.00  0   0 F  0
 Reaction Xsec    12.5-/13 @ 1 =   1.985 , Out:   0.000#   0.230/   1.985f


 Total SPIN, PARITY =    13.5 +,      4 chs,      0 cc.  Rmin & Coul turning =    1.0    5.4
   S-matrix    1 =    0.99231   0.01015 for L=   14, J=   13.5 channel on core I =   0.0 from L=   14,  Acc. loss =  0.0 D.
 Elastic phase shift   1 =    0.293   0.220 deg. for the L =   14, J =   13.5 channel.
      13.5  0.99231313  0.01015402i: elastic S-matrix  @@      0.00  0   0 F  0
 Reaction Xsec    13.5+/14 @ 1 =   1.054 , Out:   0.000#   0.150/   1.054f


 Total SPIN, PARITY =    13.5 -,      4 chs,      0 cc.  Rmin & Coul turning =    1.0    5.4
   S-matrix    1 =    0.98342   0.03484 for L=   13, J=   13.5 channel on core I =   0.0 from L=   13,  Acc. loss =  0.0 D.
 Elastic phase shift   1 =    1.015   0.461 deg. for the L =   13, J =   13.5 channel.
      13.5  0.98341684  0.03484311i: elastic S-matrix  @@      0.00  0   0 F  0
 Reaction Xsec    13.5-/13 @ 1 =   2.196 , Out:   0.000#   0.286/   2.195f


 Total SPIN, PARITY =    14.5 +,      4 chs,      0 cc.  Rmin & Coul turning =    1.1    5.8
   S-matrix    1 =    0.99209   0.01805 for L=   14, J=   14.5 channel on core I =   0.0 from L=   14,  Acc. loss =  0.0 D.
 Elastic phase shift   1 =    0.521   0.223 deg. for the L =   14, J =   14.5 channel.
      14.5  0.99208762  0.01805138i: elastic S-matrix  @@      0.00  0   0 F  0
 Reaction Xsec    14.5+/14 @ 1 =   1.146 , Out:   0.000#   0.175/   1.146f


 Total SPIN, PARITY =    14.5 -,      4 chs,      0 cc.  Rmin & Coul turning =    1.1    5.8
   S-matrix    1 =    0.99630   0.00552 for L=   15, J=   14.5 channel on core I =   0.0 from L=   15,  Acc. loss =  0.0 D.
 Elastic phase shift   1 =    0.159   0.106 deg. for the L =   15, J =   14.5 channel.
      14.5  0.99629643  0.00552396i: elastic S-matrix  @@      0.00  0   0 F  0
 Reaction Xsec    14.5-/15 @ 1 =   0.547 , Out:   0.000#   0.091/   0.547f


 Total SPIN, PARITY =    15.5 +,      4 chs,      0 cc.  Rmin & Coul turning =    1.2    6.2
   S-matrix    1 =    0.99823   0.00297 for L=   16, J=   15.5 channel on core I =   0.0 from L=   16,  Acc. loss =  0.0 D.
 Elastic phase shift   1 =    0.085   0.051 deg. for the L =   16, J =   15.5 channel.
      15.5  0.99823108  0.00297341i: elastic S-matrix  @@      0.02  0   0 F  0
 Reaction Xsec    15.5+/16 @ 1 =   0.279 , Out:   0.000#   0.052/   0.279f


 Total SPIN, PARITY =    15.5 -,      4 chs,      0 cc.  Rmin & Coul turning =    1.2    6.2
   S-matrix    1 =    0.99624   0.00929 for L=   15, J=   15.5 channel on core I =   0.0 from L=   15,  Acc. loss =  0.0 D.
 Elastic phase shift   1 =    0.267   0.107 deg. for the L =   15, J =   15.5 channel.
      15.5  0.99623933  0.00928994i: elastic S-matrix  @@      0.00  0   0 F  0
 Reaction Xsec    15.5-/15 @ 1 =   0.588 , Out:   0.000#   0.102/   0.588f


 Total SPIN, PARITY =    16.5 +,      4 chs,      0 cc.  Rmin & Coul turning =    1.2    6.6
   S-matrix    1 =    0.99822   0.00476 for L=   16, J=   16.5 channel on core I =   0.0 from L=   16,  Acc. loss =  0.0 D.
 Elastic phase shift   1 =    0.137   0.051 deg. for the L =   16, J =   16.5 channel.
      16.5  0.99821685  0.00476408i: elastic S-matrix  @@      0.00  0   0 F  0
 Reaction Xsec    16.5+/16 @ 1 =   0.298 , Out:   0.000#   0.057/   0.298f


 Total SPIN, PARITY =    16.5 -,      4 chs,      0 cc.  Rmin & Coul turning =    1.2    6.6
   S-matrix    1 =    0.99916   0.00159 for L=   17, J=   16.5 channel on core I =   0.0 from L=   17,  Acc. loss =  0.0 D.
 Elastic phase shift   1 =    0.046   0.024 deg. for the L =   17, J =   16.5 channel.
      16.5  0.99915939  0.00158863i: elastic S-matrix  @@      0.00  0   0 F  0
 Reaction Xsec    16.5-/17 @ 1 =   0.141 , Out:   0.000#   0.028/   0.141f


 Total SPIN, PARITY =    17.5 +,      4 chs,      0 cc.  Rmin & Coul turning =    1.4    7.0
   S-matrix    1 =    0.99960   0.00084 for L=   18, J=   17.5 channel on core I =   0.0 from L=   18,  Acc. loss =  0.0 D.
 Elastic phase shift   1 =    0.024   0.011 deg. for the L =   18, J =   17.5 channel.
      17.5  0.99960177  0.00084408i: elastic S-matrix  @@      0.00  0   0 F  0
 Reaction Xsec    17.5+/18 @ 1 =   0.071 , Out:   0.000#   0.013/   0.071f


 Total SPIN, PARITY =    17.5 -,      4 chs,      0 cc.  Rmin & Coul turning =    1.4    7.0
   S-matrix    1 =    0.99916   0.00244 for L=   17, J=   17.5 channel on core I =   0.0 from L=   17,  Acc. loss =  0.0 D.
 Elastic phase shift   1 =    0.070   0.024 deg. for the L =   17, J =   17.5 channel.
      17.5  0.99915588  0.00243848i: elastic S-matrix  @@      0.00  0   0 F  0
 Reaction Xsec    17.5-/17 @ 1 =   0.150 , Out:   0.000#   0.030/   0.150f


 Total SPIN, PARITY =    18.5 +,      4 chs,      0 cc.  Rmin & Coul turning =    1.4    7.4
   S-matrix    1 =    0.99960   0.00125 for L=   18, J=   18.5 channel on core I =   0.0 from L=   18,  Acc. loss =  0.0 D.
 Elastic phase shift   1 =    0.036   0.011 deg. for the L =   18, J =   18.5 channel.
      18.5  0.99960091  0.00124681i: elastic S-matrix  @@      0.02  0   0 F  0
 Reaction Xsec    18.5+/18 @ 1 =   0.075 , Out:   0.000#   0.014/   0.075f


 Total SPIN, PARITY =    18.5 -,      4 chs,      0 cc.  Rmin & Coul turning =    1.4    7.4
   S-matrix    1 =    0.99981   0.00045 for L=   19, J=   18.5 channel on core I =   0.0 from L=   19,  Acc. loss =  0.0 D.
 Elastic phase shift   1 =    0.013   0.005 deg. for the L =   19, J =   18.5 channel.
      18.5  0.99981173  0.00044652i: elastic S-matrix  @@      0.00  0   0 F  0
 Reaction Xsec    18.5-/19 @ 1 =   0.035 , Out:   0.000#   5.380#   0.035f


 Total SPIN, PARITY =    19.5 +,      4 chs,      0 cc.  Rmin & Coul turning =    1.5    7.7
   S-matrix    1 =    0.99991   0.00024 for L=   20, J=   19.5 channel on core I =   0.0 from L=   20,  Acc. loss =  0.0 D.
 Elastic phase shift   1 =    0.007   0.003 deg. for the L =   20, J =   19.5 channel.
      19.5  0.99991113  0.00023538i: elastic S-matrix  @@      0.00  0   0 F  0
 Reaction Xsec    19.5+/20 @ 1 =   0.018 , Out:   0.000#   1.663#   0.018f


 Total SPIN, PARITY =    19.5 -,      4 chs,      0 cc.  Rmin & Coul turning =    1.5    7.7
   S-matrix    1 =    0.99981   0.00064 for L=   19, J=   19.5 channel on core I =   0.0 from L=   19,  Acc. loss =  0.0 D.
 Elastic phase shift   1 =    0.018   0.005 deg. for the L =   19, J =   19.5 channel.
      19.5  0.99981152  0.00063713i: elastic S-matrix  @@      0.00  0   0 F  0
 Reaction Xsec    19.5-/19 @ 1 =   0.037 , Out:   0.000#   5.667#   0.037f


 Total SPIN, PARITY =    20.5 +,      4 chs,      0 cc.  Rmin & Coul turning =    1.6    8.1
   S-matrix    1 =    0.99991   0.00033 for L=   20, J=   20.5 channel on core I =   0.0 from L=   20,  Acc. loss =  0.0 D.
 Elastic phase shift   1 =    0.009   0.003 deg. for the L =   20, J =   20.5 channel.
      20.5  0.99991107  0.00032548i: elastic S-matrix  @@      0.00  0   0 F  0
 Reaction Xsec    20.5+/20 @ 1 =   0.018 , Out:   0.000#   1.741#   0.018f


 Total SPIN, PARITY =    20.5 -,      4 chs,      0 cc.  Rmin & Coul turning =    1.6    8.1
   S-matrix    1 =    0.99996   0.00012 for L=   21, J=   20.5 channel on core I =   0.0 from L=   21,  Acc. loss =  0.0 D.
 Elastic phase shift   1 =    0.004   0.001 deg. for the L =   21, J =   20.5 channel.
      20.5  0.99995810  0.00012370i: elastic S-matrix  @@      0.00  0   0 F  0
 Reaction Xsec    20.5-/21 @ 1 =   8.711/, Out:   0.000#   0.288#   0.009f


 Total SPIN, PARITY =    21.5 +,      4 chs,      0 cc.  Rmin & Coul turning =    1.7    8.5
   S-matrix    1 =    0.99998   0.00006 for L=   22, J=   21.5 channel on core I =   0.0 from L=   22,  Acc. loss =  0.0 D.
 Elastic phase shift   1 =    0.002   0.001 deg. for the L =   22, J =   21.5 channel.
      21.5  0.99998026  0.00006486i: elastic S-matrix  @@      0.02  0   0 F  0
 Reaction Xsec    21.5+/22 @ 1 =   4.299/, Out:   0.000#   0.002#   0.004f


 Total SPIN, PARITY =    21.5 -,      4 chs,      0 cc.  Rmin & Coul turning =    1.7    8.5
   S-matrix    1 =    0.99996   0.00017 for L=   21, J=   21.5 channel on core I =   0.0 from L=   21,  Acc. loss =  0.0 D.
 Elastic phase shift   1 =    0.005   0.001 deg. for the L =   21, J =   21.5 channel.
      21.5  0.99995808  0.00016625i: elastic S-matrix  @@      0.00  0   0 F  0
 Reaction Xsec    21.5-/21 @ 1 =   9.128/, Out:   0.000#   0.299#   0.009f


 Total SPIN, PARITY =    22.5 +,      4 chs,      0 cc.  Rmin & Coul turning =    1.8    8.9
   S-matrix    1 =    0.99998   0.00008 for L=   22, J=   22.5 channel on core I =   0.0 from L=   22,  Acc. loss =  0.0 D.
 Elastic phase shift   1 =    0.002   0.001 deg. for the L =   22, J =   22.5 channel.
      22.5  0.99998026  0.00008493i: elastic S-matrix  @@      0.00  0   0 F  0
 Reaction Xsec    22.5+/22 @ 1 =   4.495/, Out:   0.000#   0.002#   0.004f


 Total SPIN, PARITY =    22.5 -,      4 chs,      0 cc.  Rmin & Coul turning =    1.8    8.9
   S-matrix    1 =    0.99999   0.00003 for L=   23, J=   22.5 channel on core I =   0.0 from L=   23,  Acc. loss =  0.0 D.
 Elastic phase shift   1 =    0.001   0.000 deg. for the L =   23, J =   22.5 channel.
      22.5  0.99999071  0.00003394i: elastic S-matrix  @@      0.00  0   0 F  0
 Reaction Xsec    22.5-/23 @ 1 =   2.115/, Out:   0.000#   0.042#   0.002f


 Total SPIN, PARITY =    23.5 +,      4 chs,      0 cc.  Rmin & Coul turning =    1.8    9.3
   S-matrix    1 =    1.00000   0.00002 for L=   24, J=   23.5 channel on core I =   0.0 from L=   24,  Acc. loss =  0.0 D.
 Elastic phase shift   1 =    0.001   0.000 deg. for the L =   24, J =   23.5 channel.
      23.5  0.99999563  0.00001774i: elastic S-matrix  @@      0.00  0   0 F  0
 Reaction Xsec    23.5+/24 @ 1 =   1.038/, Out:   0.000#   0.076#   0.001f


 Total SPIN, PARITY =    23.5 -,      4 chs,      0 cc.  Rmin & Coul turning =    1.8    9.3
   S-matrix    1 =    0.99999   0.00004 for L=   23, J=   23.5 channel on core I =   0.0 from L=   23,  Acc. loss =  0.0 D.
 Elastic phase shift   1 =    0.001   0.000 deg. for the L =   23, J =   23.5 channel.
      23.5  0.99999071  0.00004339i: elastic S-matrix  @@      0.00  0   0 F  0
 Reaction Xsec    23.5-/23 @ 1 =   2.207/, Out:   0.000#   0.044#   0.002f


 Total SPIN, PARITY =    24.5 +,      4 chs,      0 cc.  Rmin & Coul turning =    1.9    9.7
   S-matrix    1 =    1.00000   0.00002 for L=   24, J=   24.5 channel on core I =   0.0 from L=   24,  Acc. loss =  0.0 D.
 Elastic phase shift   1 =    0.001   0.000 deg. for the L =   24, J =   24.5 channel.
      24.5  0.99999563  0.00002219i: elastic S-matrix  @@      0.02  0   0 F  0
 Reaction Xsec    24.5+/24 @ 1 =   1.081/, Out:   0.000#   0.079#   0.001f


 Total SPIN, PARITY =    24.5 -,      4 chs,      0 cc.  Rmin & Coul turning =    1.9    9.7
   S-matrix    1 =    1.00000   0.00001 for L=   25, J=   24.5 channel on core I =   0.0 from L=   25,  Acc. loss =  0.0 D.
 Elastic phase shift   1 =    0.000   0.000 deg. for the L =   25, J =   24.5 channel.
      24.5  0.99999795  0.00000927i: elastic S-matrix  @@      0.00  0   0 F  0
 Reaction Xsec    24.5-/25 @ 1 =   0.508/, Out:   0.000#   0.058#   0.001f


 Total SPIN, PARITY =    25.5 +,      4 chs,      0 cc.  Rmin & Coul turning =    2.0   10.1
   S-matrix    1 =    1.00000   0.00000 for L=   26, J=   25.5 channel on core I =   0.0 from L=   26,  Acc. loss =  0.0 D.
 Elastic phase shift   1 =    0.000   0.000 deg. for the L =   26, J =   25.5 channel.
      25.5  0.99999904  0.00000485i: elastic S-matrix  @@      0.00  0   0 F  0
 Reaction Xsec    25.5+/26 @ 1 =   0.248/, Out:   0.000#   0.027#   0.000f


 Total SPIN, PARITY =    25.5 -,      4 chs,      0 cc.  Rmin & Coul turning =    2.0   10.1
   S-matrix    1 =    1.00000   0.00001 for L=   25, J=   25.5 channel on core I =   0.0 from L=   25,  Acc. loss =  0.0 D.
 Elastic phase shift   1 =    0.000   0.000 deg. for the L =   25, J =   25.5 channel.
      25.5  0.99999795  0.00001137i: elastic S-matrix  @@      0.00  0   0 F  0
 Reaction Xsec    25.5-/25 @ 1 =   0.528/, Out:   0.000#   0.060#   0.001f


 Total SPIN, PARITY =    26.5 +,      4 chs,      0 cc.  Rmin & Coul turning =    2.1   10.5
   S-matrix    1 =    1.00000   0.00001 for L=   26, J=   26.5 channel on core I =   0.0 from L=   26,  Acc. loss =  0.0 D.
 Elastic phase shift   1 =    0.000   0.000 deg. for the L =   26, J =   26.5 channel.
      26.5  0.99999904  0.00000583i: elastic S-matrix  @@      0.00  0   0 F  0
 Reaction Xsec    26.5+/26 @ 1 =   0.258/, Out:   0.000#   0.028#   0.000f


 Total SPIN, PARITY =    26.5 -,      4 chs,      0 cc.  Rmin & Coul turning =    2.1   10.5
   S-matrix    1 =    1.00000   0.00000 for L=   27, J=   26.5 channel on core I =   0.0 from L=   27,  Acc. loss =  0.0 D.
 Elastic phase shift   1 =    0.000   0.000 deg. for the L =   27, J =   26.5 channel.
      26.5  0.99999955  0.00000255i: elastic S-matrix  @@      0.00  0   0 F  0
 Reaction Xsec    26.5-/27 @ 1 =   0.121/, Out:   0.000#   0.009#   0.000f


 Total SPIN, PARITY =    27.5 +,      4 chs,      0 cc.  Rmin & Coul turning =    2.1   10.9
   S-matrix    1 =    1.00000   0.00000 for L=   28, J=   27.5 channel on core I =   0.0 from L=   28,  Acc. loss =  0.0 D.
 Elastic phase shift   1 =    0.000   0.000 deg. for the L =   28, J =   27.5 channel.
      27.5  0.99999979  0.00000135i: elastic S-matrix  @@      0.02  0   0 F  0
 Reaction Xsec    27.5+/28 @ 1 =   0.059/, Out:   0.000#   0.002#   0.000f


 Total SPIN, PARITY =    27.5 -,      4 chs,      0 cc.  Rmin & Coul turning =    2.1   10.9
   S-matrix    1 =    1.00000   0.00000 for L=   27, J=   27.5 channel on core I =   0.0 from L=   27,  Acc. loss =  0.0 D.
 Elastic phase shift   1 =    0.000   0.000 deg. for the L =   27, J =   27.5 channel.
      27.5  0.99999955  0.00000301i: elastic S-matrix  @@      0.00  0   0 F  0
 Reaction Xsec    27.5-/27 @ 1 =   0.125/, Out:   0.000#   0.009#   0.000f


 Total SPIN, PARITY =    28.5 +,      4 chs,      0 cc.  Rmin & Coul turning =    2.2   11.3
   S-matrix    1 =    1.00000   0.00000 for L=   28, J=   28.5 channel on core I =   0.0 from L=   28,  Acc. loss =  0.0 D.
 Elastic phase shift   1 =    0.000   0.000 deg. for the L =   28, J =   28.5 channel.
      28.5  0.99999979  0.00000157i: elastic S-matrix  @@      0.00  0   0 F  0
 Reaction Xsec    28.5+/28 @ 1 =   0.061/, Out:   0.000#   0.002#   0.000f


 Total SPIN, PARITY =    28.5 -,      4 chs,      0 cc.  Rmin & Coul turning =    2.2   11.3
   S-matrix    1 =    1.00000   0.00000 for L=   29, J=   28.5 channel on core I =   0.0 from L=   29,  Acc. loss =  0.0 D.
 Elastic phase shift   1 =    0.000   0.000 deg. for the L =   29, J =   28.5 channel.
      28.5  0.99999990  0.00000073i: elastic S-matrix  @@      0.00  0   0 F  0
 Reaction Xsec    28.5-/29 @ 1 =   0.029/, Out:   0.000#   0.000#   0.000f


 Total SPIN, PARITY =    29.5 +,      4 chs,      0 cc.  Rmin & Coul turning =    2.3   11.7
   S-matrix    1 =    1.00000   0.00000 for L=   30, J=   29.5 channel on core I =   0.0 from L=   30,  Acc. loss =  0.0 D.
 Elastic phase shift   1 =    0.000   0.000 deg. for the L =   30, J =   29.5 channel.
      29.5  0.99999995  0.00000041i: elastic S-matrix  @@      0.00  0   0 F  0
 Reaction Xsec    29.5+/30 @ 1 =   0.014/, Out:   0.000#   0.000#   0.000f


 Total SPIN, PARITY =    29.5 -,      4 chs,      0 cc.  Rmin & Coul turning =    2.3   11.7
   S-matrix    1 =    1.00000   0.00000 for L=   29, J=   29.5 channel on core I =   0.0 from L=   29,  Acc. loss =  0.0 D.
 Elastic phase shift   1 =    0.000   0.000 deg. for the L =   29, J =   29.5 channel.
      29.5  0.99999990  0.00000083i: elastic S-matrix  @@      0.00  0   0 F  0
 Reaction Xsec    29.5-/29 @ 1 =   0.030/, Out:   0.000#   0.000#   0.000f


 Total SPIN, PARITY =    30.5 +,      4 chs,      0 cc.  Rmin & Coul turning =    2.4   12.1
   S-matrix    1 =    1.00000   0.00000 for L=   30, J=   30.5 channel on core I =   0.0 from L=   30,  Acc. loss =  0.0 D.
 Elastic phase shift   1 =    0.000   0.000 deg. for the L =   30, J =   30.5 channel.
      30.5  0.99999995  0.00000045i: elastic S-matrix  @@      0.00  0   0 F  0
 Reaction Xsec    30.5+/30 @ 1 =   0.014/, Out:   0.000#   0.000#   0.000f


 Total SPIN, PARITY =    30.5 -,      4 chs,      0 cc.  Rmin & Coul turning =    2.4   12.1
   S-matrix    1 =    1.00000   0.00000 for L=   31, J=   30.5 channel on core I =   0.0 from L=   31,  Acc. loss =  0.0 D.
 Elastic phase shift   1 =    0.000   0.000 deg. for the L =   31, J =   30.5 channel.
      30.5  0.99999998  0.00000023i: elastic S-matrix  @@      0.02  0   0 F  0
 Reaction Xsec    30.5-/31 @ 1 =   6.686#, Out:   0.000#   0.000#   0.000f


 Total SPIN, PARITY =    31.5 +,      4 chs,      0 cc.  Rmin & Coul turning =    2.5   12.5
   S-matrix    1 =    1.00000   0.00000 for L=   32, J=   31.5 channel on core I =   0.0 from L=   32,  Acc. loss =  0.0 D.
 Elastic phase shift   1 =    0.000   0.000 deg. for the L =   32, J =   31.5 channel.
      31.5  0.99999999  0.00000014i: elastic S-matrix  @@      0.00  0   0 F  0
 Reaction Xsec    31.5+/32 @ 1 =   3.230#, Out:   0.000#   0.000#   0.000f


 Total SPIN, PARITY =    31.5 -,      4 chs,      0 cc.  Rmin & Coul turning =    2.5   12.5
   S-matrix    1 =    1.00000   0.00000 for L=   31, J=   31.5 channel on core I =   0.0 from L=   31,  Acc. loss =  0.0 D.
 Elastic phase shift   1 =    0.000   0.000 deg. for the L =   31, J =   31.5 channel.
      31.5  0.99999998  0.00000025i: elastic S-matrix  @@      0.00  0   0 F  0
 Reaction Xsec    31.5-/31 @ 1 =   6.902#, Out:   0.000#   0.000#   0.000f


 Total SPIN, PARITY =    32.5 +,      4 chs,      0 cc.  Rmin & Coul turning =    2.6   12.9
   S-matrix    1 =    1.00000   0.00000 for L=   32, J=   32.5 channel on core I =   0.0 from L=   32,  Acc. loss =  0.0 D.
 Elastic phase shift   1 =    0.000   0.000 deg. for the L =   32, J =   32.5 channel.
      32.5  0.99999999  0.00000016i: elastic S-matrix  @@      0.00  0   0 F  0
 Reaction Xsec    32.5+/32 @ 1 =   3.331#, Out:   0.000#   0.000#   0.000f


 Total SPIN, PARITY =    32.5 -,      4 chs,      0 cc.  Rmin & Coul turning =    2.6   12.9
   S-matrix    1 =    1.00000   0.00000 for L=   33, J=   32.5 channel on core I =   0.0 from L=   33,  Acc. loss =  0.0 D.
 Elastic phase shift   1 =    0.000   0.000 deg. for the L =   33, J =   32.5 channel.
      32.5  1.00000000  0.00000010i: elastic S-matrix  @@      0.00  0   0 F  0
 Reaction Xsec    32.5-/33 @ 1 =   1.558#, Out:   0.000#   0.000#   0.000f


 Total SPIN, PARITY =    33.5 +,      4 chs,      0 cc.  Rmin & Coul turning =    2.6   13.3
   S-matrix    1 =    1.00000   0.00000 for L=   34, J=   33.5 channel on core I =   0.0 from L=   34,  Acc. loss =  0.0 D.
 Elastic phase shift   1 =    0.000   0.000 deg. for the L =   34, J =   33.5 channel.
      33.5  1.00000000  0.00000006i: elastic S-matrix  @@      0.00  0   0 F  0
 Reaction Xsec    33.5+/34 @ 1 =   0.751#, Out:   0.000#   0.000#   0.000f


 Total SPIN, PARITY =    33.5 -,      4 chs,      0 cc.  Rmin & Coul turning =    2.6   13.3
   S-matrix    1 =    1.00000   0.00000 for L=   33, J=   33.5 channel on core I =   0.0 from L=   33,  Acc. loss =  0.0 D.
 Elastic phase shift   1 =    0.000   0.000 deg. for the L =   33, J =   33.5 channel.
0****** WARNING : ACCURACY LOSS IN ERWIN = 14.6 DIGITS, SO EXPECT ERRORS OF   0.0000 % OF UNITARITY

      33.5  1.00000000  0.00000010i: elastic S-matrix  @@      0.02  0   0 F  0
 Reaction Xsec    33.5-/33 @ 1 =   1.605#, Out:   0.000#   0.000#   0.000f


 Total SPIN, PARITY =    34.5 +,      4 chs,      0 cc.  Rmin & Coul turning =    2.7   13.7
   S-matrix    1 =    1.00000   0.00000 for L=   34, J=   34.5 channel on core I =   0.0 from L=   34,  Acc. loss =  0.0 D.
 Elastic phase shift   1 =    0.000   0.000 deg. for the L =   34, J =   34.5 channel.
      34.5  1.00000000  0.00000007i: elastic S-matrix  @@      0.00  0   0 F  0
 Reaction Xsec    34.5+/34 @ 1 =   0.773#, Out:   0.000#   0.000#   0.000f


 Total SPIN, PARITY =    34.5 -,      4 chs,      0 cc.  Rmin & Coul turning =    2.7   13.7
   S-matrix    1 =    1.00000   0.00000 for L=   35, J=   34.5 channel on core I =   0.0 from L=   35,  Acc. loss =  0.0 D.
 Elastic phase shift   1 =    0.000   0.000 deg. for the L =   35, J =   34.5 channel.
      34.5  1.00000000  0.00000006i: elastic S-matrix  @@      0.00  0   0 F  0
 Reaction Xsec    34.5-/35 @ 1 =   0.361#, Out:   0.000#   0.000#   0.000f


 Total SPIN, PARITY =    35.5 +,      4 chs,      0 cc.  Rmin & Coul turning =    2.8   14.1
   S-matrix    1 =    1.00000   0.00000 for L=   36, J=   35.5 channel on core I =   0.0 from L=   36,  Acc. loss =  0.0 D.
 Elastic phase shift   1 =    0.000   0.000 deg. for the L =   36, J =   35.5 channel.
      35.5  1.00000000  0.00000005i: elastic S-matrix  @@      0.00  0   0 F  0
 Reaction Xsec    35.5+/36 @ 1 =   0.174#, Out:   0.000#   0.000#   0.000f


 Total SPIN, PARITY =    35.5 -,      4 chs,      0 cc.  Rmin & Coul turning =    2.8   14.1
   S-matrix    1 =    1.00000   0.00000 for L=   35, J=   35.5 channel on core I =   0.0 from L=   35,  Acc. loss =  0.0 D.
 Elastic phase shift   1 =    0.000   0.000 deg. for the L =   35, J =   35.5 channel.
      35.5  1.00000000  0.00000006i: elastic S-matrix  @@      0.00  0   0 F  0
 Reaction Xsec    35.5-/35 @ 1 =   0.371#, Out:   0.000#   0.000#   0.000f


 Total SPIN, PARITY =    36.5 +,      4 chs,      0 cc.  Rmin & Coul turning =    2.9   14.5
   S-matrix    1 =    1.00000   0.00000 for L=   36, J=   36.5 channel on core I =   0.0 from L=   36,  Acc. loss =  0.0 D.
 Elastic phase shift   1 =    0.000   0.000 deg. for the L =   36, J =   36.5 channel.
0****** WARNING : ACCURACY LOSS IN ERWIN = 14.3 DIGITS, SO EXPECT ERRORS OF   0.0000 % OF UNITARITY

      36.5  1.00000000  0.00000005i: elastic S-matrix  @@      0.00  0   0 F  0
 Reaction Xsec    36.5+/36 @ 1 =   0.178#, Out:   0.000#   0.000#   0.000f


 Total SPIN, PARITY =    36.5 -,      4 chs,      0 cc.  Rmin & Coul turning =    2.9   14.5
   S-matrix    1 =    1.00000   0.00000 for L=   37, J=   36.5 channel on core I =   0.0 from L=   37,  Acc. loss =  0.0 D.
 Elastic phase shift   1 =    0.000   0.000 deg. for the L =   37, J =   36.5 channel.
      36.5  1.00000000  0.00000003i: elastic S-matrix  @@      0.02  0   0 F  0
 Reaction Xsec    36.5-/37 @ 1 =   0.083#, Out:   0.000#   0.000#   0.000f


 Total SPIN, PARITY =    37.5 +,      4 chs,      0 cc.  Rmin & Coul turning =    3.0   14.9
   S-matrix    1 =    1.00000   0.00000 for L=   38, J=   37.5 channel on core I =   0.0 from L=   38,  Acc. loss =  0.0 D.
 Elastic phase shift   1 =    0.000   0.000 deg. for the L =   38, J =   37.5 channel.
0****** WARNING : ACCURACY LOSS IN ERWIN = 14.2 DIGITS, SO EXPECT ERRORS OF   0.0000 % OF UNITARITY

      37.5  1.00000000  0.00000004i: elastic S-matrix  @@      0.00  0   0 F  0
 Reaction Xsec    37.5+/38 @ 1 =   0.040#, Out:   0.000#   0.000#   0.000f


 Total SPIN, PARITY =    37.5 -,      4 chs,      0 cc.  Rmin & Coul turning =    3.0   14.9
   S-matrix    1 =    1.00000   0.00000 for L=   37, J=   37.5 channel on core I =   0.0 from L=   37,  Acc. loss =  0.0 D.
 Elastic phase shift   1 =    0.000   0.000 deg. for the L =   37, J =   37.5 channel.
      37.5  1.00000000  0.00000003i: elastic S-matrix  @@      0.00  0   0 F  0
 Reaction Xsec    37.5-/37 @ 1 =   0.086#, Out:   0.000#   0.000#   0.000f


 Total SPIN, PARITY =    38.5 +,      4 chs,      0 cc.  Rmin & Coul turning =    3.0   15.3
   S-matrix    1 =    1.00000   0.00000 for L=   38, J=   38.5 channel on core I =   0.0 from L=   38,  Acc. loss =  0.0 D.
 Elastic phase shift   1 =    0.000   0.000 deg. for the L =   38, J =   38.5 channel.
0****** WARNING : ACCURACY LOSS IN ERWIN = 14.2 DIGITS, SO EXPECT ERRORS OF   0.0000 % OF UNITARITY

      38.5  1.00000000  0.00000004i: elastic S-matrix  @@      0.00  0   0 F  0
 Reaction Xsec    38.5+/38 @ 1 =   0.041#, Out:   0.000#   0.000#   0.000f


 Total SPIN, PARITY =    38.5 -,      4 chs,      0 cc.  Rmin & Coul turning =    3.0   15.3
   S-matrix    1 =    1.00000   0.00000 for L=   39, J=   38.5 channel on core I =   0.0 from L=   39,  Acc. loss =  0.0 D.
 Elastic phase shift   1 =    0.000   0.000 deg. for the L =   39, J =   38.5 channel.
0****** WARNING : ACCURACY LOSS IN ERWIN = 14.4 DIGITS, SO EXPECT ERRORS OF   0.0000 % OF UNITARITY

      38.5  1.00000000  0.00000003i: elastic S-matrix  @@      0.00  0   0 F  0
 Reaction Xsec    38.5-/39 @ 1 =   0.019#, Out:   0.000#   0.000#   0.000f


 Total SPIN, PARITY =    39.5 +,      4 chs,      0 cc.  Rmin & Coul turning =    3.1   15.7
   S-matrix    1 =    1.00000   0.00000 for L=   40, J=   39.5 channel on core I =   0.0 from L=   40,  Acc. loss =  0.0 D.
 Elastic phase shift   1 =    0.000   0.000 deg. for the L =   40, J =   39.5 channel.
      39.5  1.00000000  0.00000002i: elastic S-matrix  @@      0.00  0   0 F  0
 Reaction Xsec    39.5+/40 @ 1 =   0.009#, Out:   0.000#   0.000#   0.000f


 Total SPIN, PARITY =    39.5 -,      4 chs,      0 cc.  Rmin & Coul turning =    3.1   15.7
   S-matrix    1 =    1.00000   0.00000 for L=   39, J=   39.5 channel on core I =   0.0 from L=   39,  Acc. loss =  0.0 D.
 Elastic phase shift   1 =    0.000   0.000 deg. for the L =   39, J =   39.5 channel.
0****** WARNING : ACCURACY LOSS IN ERWIN = 14.5 DIGITS, SO EXPECT ERRORS OF   0.0000 % OF UNITARITY

      39.5  1.00000000  0.00000003i: elastic S-matrix  @@      0.02  0   0 F  0
 Reaction Xsec    39.5-/39 @ 1 =   0.020#, Out:   0.000#   0.000#   0.000f


 Total SPIN, PARITY =    40.5 +,      4 chs,      0 cc.  Rmin & Coul turning =    3.2   16.1
   S-matrix    1 =    1.00000   0.00000 for L=   40, J=   40.5 channel on core I =   0.0 from L=   40,  Acc. loss =  0.0 D.
 Elastic phase shift   1 =    0.000   0.000 deg. for the L =   40, J =   40.5 channel.
      40.5  1.00000000  0.00000002i: elastic S-matrix  @@      0.00  0   0 F  0
 Reaction Xsec    40.5+/40 @ 1 =   0.009#, Out:   0.000#   0.000#   0.000f


 Total SPIN, PARITY =    40.5 -,      4 chs,      0 cc.  Rmin & Coul turning =    3.2   16.1
   S-matrix    1 =    1.00000   0.00000 for L=   41, J=   40.5 channel on core I =   0.0 from L=   41,  Acc. loss =  0.0 D.
 Elastic phase shift   1 =    0.000   0.000 deg. for the L =   41, J =   40.5 channel.
0****** WARNING : ACCURACY LOSS IN ERWIN = 14.1 DIGITS, SO EXPECT ERRORS OF   0.0000 % OF UNITARITY

      40.5  1.00000000  0.00000003i: elastic S-matrix  @@      0.00  0   0 F  0
 Reaction Xsec    40.5-/41 @ 1 =   0.004#, Out:   0.000#   0.000#   0.000f


 Total SPIN, PARITY =    41.5 +,      4 chs,      0 cc.  Rmin & Coul turning =    3.2   16.5
   S-matrix    1 =    1.00000   0.00000 for L=   42, J=   41.5 channel on core I =   0.0 from L=   42,  Acc. loss =  0.0 D.
 Elastic phase shift   1 =    0.000   0.000 deg. for the L =   42, J =   41.5 channel.
0****** WARNING : ACCURACY LOSS IN ERWIN = 14.4 DIGITS, SO EXPECT ERRORS OF   0.0000 % OF UNITARITY

      41.5  1.00000000  0.00000003i: elastic S-matrix  @@      0.00  0   0 F  0
 Reaction Xsec    41.5+/42 @ 1 =   0.002#, Out:   0.000#   0.000#   0.000f


 Total SPIN, PARITY =    41.5 -,      4 chs,      0 cc.  Rmin & Coul turning =    3.2   16.5
   S-matrix    1 =    1.00000   0.00000 for L=   41, J=   41.5 channel on core I =   0.0 from L=   41,  Acc. loss =  0.0 D.
 Elastic phase shift   1 =    0.000   0.000 deg. for the L =   41, J =   41.5 channel.
      41.5  1.00000000  0.00000003i: elastic S-matrix  @@      0.00  0   0 F  0
 Reaction Xsec    41.5-/41 @ 1 =   0.004#, Out:   0.000#   0.000#   0.000f


 Total SPIN, PARITY =    42.5 +,      4 chs,      0 cc.  Rmin & Coul turning =    3.4   16.9
   S-matrix    1 =    1.00000   0.00000 for L=   42, J=   42.5 channel on core I =   0.0 from L=   42,  Acc. loss =  0.0 D.
 Elastic phase shift   1 =    0.000   0.000 deg. for the L =   42, J =   42.5 channel.
      42.5  1.00000000  0.00000003i: elastic S-matrix  @@      0.00  0   0 F  0
 Reaction Xsec    42.5+/42 @ 1 =   0.002#, Out:   0.000#   0.000#   0.000f


 Total SPIN, PARITY =    42.5 -,      4 chs,      0 cc.  Rmin & Coul turning =    3.4   16.9
   S-matrix    1 =    1.00000   0.00000 for L=   43, J=   42.5 channel on core I =   0.0 from L=   43,  Acc. loss =  0.0 D.
 Elastic phase shift   1 =    0.000   0.000 deg. for the L =   43, J =   42.5 channel.
      42.5  1.00000000  0.00000001i: elastic S-matrix  @@      0.02  0   0 F  0
 Reaction Xsec    42.5-/43 @ 1 =   0.001#, Out:   0.000#   0.001#   0.000f


 Total SPIN, PARITY =    43.5 +,      4 chs,      0 cc.  Rmin & Coul turning =    3.4   17.3
   S-matrix    1 =    1.00000   0.00000 for L=   44, J=   43.5 channel on core I =   0.0 from L=   44,  Acc. loss =  0.0 D.
 Elastic phase shift   1 =    0.000   0.000 deg. for the L =   44, J =   43.5 channel.
      43.5  1.00000000  0.00000001i: elastic S-matrix  @@      0.00  0   0 F  0
 Reaction Xsec    43.5+/44 @ 1 =   0.000#, Out:   0.000#   0.004#  -0.000f


 Total SPIN, PARITY =    43.5 -,      4 chs,      0 cc.  Rmin & Coul turning =    3.4   17.3
   S-matrix    1 =    1.00000   0.00000 for L=   43, J=   43.5 channel on core I =   0.0 from L=   43,  Acc. loss =  0.0 D.
 Elastic phase shift   1 =    0.000   0.000 deg. for the L =   43, J =   43.5 channel.
0****** WARNING : ACCURACY LOSS IN ERWIN = 14.2 DIGITS, SO EXPECT ERRORS OF   0.0000 % OF UNITARITY

      43.5  1.00000000  0.00000001i: elastic S-matrix  @@      0.00  0   0 F  0
 Reaction Xsec    43.5-/43 @ 1 =   0.001#, Out:   0.000#   0.000#   0.000f


 Total SPIN, PARITY =    44.5 +,      4 chs,      0 cc.  Rmin & Coul turning =    3.5   17.7
   S-matrix    1 =    1.00000   0.00000 for L=   44, J=   44.5 channel on core I =   0.0 from L=   44,  Acc. loss =  0.0 D.
 Elastic phase shift   1 =    0.000   0.000 deg. for the L =   44, J =   44.5 channel.
0****** WARNING : ACCURACY LOSS IN ERWIN = 14.6 DIGITS, SO EXPECT ERRORS OF   0.0000 % OF UNITARITY

      44.5  1.00000000  0.00000001i: elastic S-matrix  @@      0.00  0   0 F  0
 Reaction Xsec    44.5+/44 @ 1 =   0.000#, Out:   0.000#   0.000#   0.000f


 Total SPIN, PARITY =    44.5 -,      4 chs,      0 cc.  Rmin & Coul turning =    3.5   17.7
   S-matrix    1 =    1.00000   0.00000 for L=   45, J=   44.5 channel on core I =   0.0 from L=   45,  Acc. loss =  0.0 D.
 Elastic phase shift   1 =    0.000   0.000 deg. for the L =   45, J =   44.5 channel.
0****** WARNING : ACCURACY LOSS IN ERWIN = 14.9 DIGITS, SO EXPECT ERRORS OF   0.0000 % OF UNITARITY

      44.5  1.00000000  0.00000002i: elastic S-matrix  @@      0.00  0   0 F  0
 Reaction Xsec    44.5-/45 @ 1 =   0.000#, Out:   0.000#   0.001#  -0.000f


 Total SPIN, PARITY =    45.5 +,      4 chs,      0 cc.  Rmin & Coul turning =    3.6   18.1
   S-matrix    1 =    1.00000   0.00000 for L=   46, J=   45.5 channel on core I =   0.0 from L=   46,  Acc. loss =  0.0 D.
 Elastic phase shift   1 =    0.000   0.000 deg. for the L =   46, J =   45.5 channel.
      45.5  1.00000000  0.00000001i: elastic S-matrix  @@      0.02  0   0 F  0
 Reaction Xsec    45.5+/46 @ 1 =   0.000#, Out:   0.000#   0.000#   0.000f


 Total SPIN, PARITY =    45.5 -,      4 chs,      0 cc.  Rmin & Coul turning =    3.6   18.1
   S-matrix    1 =    1.00000   0.00000 for L=   45, J=   45.5 channel on core I =   0.0 from L=   45,  Acc. loss =  0.0 D.
 Elastic phase shift   1 =    0.000   0.000 deg. for the L =   45, J =   45.5 channel.
0****** WARNING : ACCURACY LOSS IN ERWIN = 14.6 DIGITS, SO EXPECT ERRORS OF   0.0000 % OF UNITARITY

      45.5  1.00000000  0.00000002i: elastic S-matrix  @@      0.00  0   0 F  0
 Reaction Xsec    45.5-/45 @ 1 =   0.000#, Out:   0.000#   0.000#   0.000f


 Total SPIN, PARITY =    46.5 +,      4 chs,      0 cc.  Rmin & Coul turning =    3.7   18.5
   S-matrix    1 =    1.00000   0.00000 for L=   46, J=   46.5 channel on core I =   0.0 from L=   46,  Acc. loss =  0.0 D.
 Elastic phase shift   1 =    0.000   0.000 deg. for the L =   46, J =   46.5 channel.
      46.5  1.00000000  0.00000001i: elastic S-matrix  @@      0.00  0   0 F  0
 Reaction Xsec    46.5+/46 @ 1 =   0.000#, Out:   0.000#   0.000#   0.000f


 Total SPIN, PARITY =    46.5 -,      4 chs,      0 cc.  Rmin & Coul turning =    3.7   18.5
   S-matrix    1 =    1.00000   0.00000 for L=   47, J=   46.5 channel on core I =   0.0 from L=   47,  Acc. loss =  0.0 D.
 Elastic phase shift   1 =    0.000   0.000 deg. for the L =   47, J =   46.5 channel.
      46.5  1.00000000  0.00000000i: elastic S-matrix  @@      0.00  0   0 F  0
 Reaction Xsec    46.5-/47 @ 1 =   0.000#, Out:   0.000#   0.001#  -0.000f


 Total SPIN, PARITY =    47.5 +,      4 chs,      0 cc.  Rmin & Coul turning =    3.8   18.9
   S-matrix    1 =    1.00000   0.00000 for L=   48, J=   47.5 channel on core I =   0.0 from L=   48,  Acc. loss =  0.0 D.
 Elastic phase shift   1 =    0.000   0.000 deg. for the L =   48, J =   47.5 channel.
0****** WARNING : ACCURACY LOSS IN ERWIN = 14.6 DIGITS, SO EXPECT ERRORS OF   0.0000 % OF UNITARITY

      47.5  1.00000000  0.00000001i: elastic S-matrix  @@      0.00  0   0 F  0
 Reaction Xsec    47.5+/48 @ 1 =   0.000#, Out:   0.000#   0.006#  -0.000f


 Total SPIN, PARITY =    47.5 -,      4 chs,      0 cc.  Rmin & Coul turning =    3.8   18.9
   S-matrix    1 =    1.00000   0.00000 for L=   47, J=   47.5 channel on core I =   0.0 from L=   47,  Acc. loss =  0.0 D.
 Elastic phase shift   1 =    0.000   0.000 deg. for the L =   47, J =   47.5 channel.
      47.5  1.00000000  0.00000000i: elastic S-matrix  @@      0.00  0   0 F  0
 Reaction Xsec    47.5-/47 @ 1 =   0.000#, Out:   0.000#   0.000#   0.000f


 Total SPIN, PARITY =    48.5 +,      4 chs,      0 cc.  Rmin & Coul turning =    3.8   19.3
   S-matrix    1 =    1.00000   0.00000 for L=   48, J=   48.5 channel on core I =   0.0 from L=   48,  Acc. loss =  0.0 D.
 Elastic phase shift   1 =    0.000   0.000 deg. for the L =   48, J =   48.5 channel.
0****** WARNING : ACCURACY LOSS IN ERWIN = 14.7 DIGITS, SO EXPECT ERRORS OF   0.0000 % OF UNITARITY

      48.5  1.00000000  0.00000001i: elastic S-matrix  @@      0.00  0   0 F  0
 Reaction Xsec    48.5+/48 @ 1 =   0.000#, Out:   0.000#   0.000#   0.000f


 Total SPIN, PARITY =    48.5 -,      4 chs,      0 cc.  Rmin & Coul turning =    3.8   19.3
   S-matrix    1 =    1.00000   0.00000 for L=   49, J=   48.5 channel on core I =   0.0 from L=   49,  Acc. loss =  0.0 D.
 Elastic phase shift   1 =    0.000   0.000 deg. for the L =   49, J =   48.5 channel.
      48.5  1.00000000  0.00000001i: elastic S-matrix  @@      0.02  0   0 F  0
 Reaction Xsec    48.5-/49 @ 1 =   0.000#, Out:   0.000#   0.000#  -0.000f


 Total SPIN, PARITY =    49.5 +,      4 chs,      0 cc.  Rmin & Coul turning =    3.9   19.7
   S-matrix    1 =    1.00000  -0.00000 for L=   50, J=   49.5 channel on core I =   0.0 from L=   50,  Acc. loss =  0.0 D.
 Elastic phase shift   1 =   -0.000   0.000 deg. for the L =   50, J =   49.5 channel.
      49.5  1.00000000 -0.00000001i: elastic S-matrix  @@      0.00  0   0 F  0
 Reaction Xsec    49.5+/50 @ 1 =   0.000#, Out:   0.000#   0.000#  -0.000f


 Total SPIN, PARITY =    49.5 -,      4 chs,      0 cc.  Rmin & Coul turning =    3.9   19.7
   S-matrix    1 =    1.00000   0.00000 for L=   49, J=   49.5 channel on core I =   0.0 from L=   49,  Acc. loss =  0.0 D.
 Elastic phase shift   1 =    0.000   0.000 deg. for the L =   49, J =   49.5 channel.
0****** WARNING : ACCURACY LOSS IN ERWIN = 14.2 DIGITS, SO EXPECT ERRORS OF   0.0000 % OF UNITARITY

      49.5  1.00000000  0.00000001i: elastic S-matrix  @@      0.00  0   0 F  0
 Reaction Xsec    49.5-/49 @ 1 =   0.000#, Out:   0.000#   0.000#  -0.000f


 Total SPIN, PARITY =    50.5 +,      4 chs,      0 cc.  Rmin & Coul turning =    4.0   20.1
   S-matrix    1 =    1.00000  -0.00000 for L=   50, J=   50.5 channel on core I =   0.0 from L=   50,  Acc. loss =  0.0 D.
 Elastic phase shift   1 =   -0.000   0.000 deg. for the L =   50, J =   50.5 channel.
      50.5  1.00000000 -0.00000001i: elastic S-matrix  @@      0.00  0   0 F  0
 Reaction Xsec    50.5+/50 @ 1 =   0.000#, Out:   0.000#   0.000#  -0.000f


 Total SPIN, PARITY =    50.5 -,      4 chs,      0 cc.  Rmin & Coul turning =    4.0   20.1
   S-matrix    1 =    1.00000  -0.00000 for L=   51, J=   50.5 channel on core I =   0.0 from L=   51,  Acc. loss =  0.0 D.
 Elastic phase shift   1 =   -0.000   0.000 deg. for the L =   51, J =   50.5 channel.
0****** WARNING : ACCURACY LOSS IN ERWIN = 14.6 DIGITS, SO EXPECT ERRORS OF   0.0000 % OF UNITARITY

      50.5  1.00000000 -0.00000001i: elastic S-matrix  @@      0.00  0   0 F  0
 Reaction Xsec    50.5-/51 @ 1 =   0.000#, Out:   0.000#   0.003#  -0.000f


 Total SPIN, PARITY =    51.5 +,      4 chs,      0 cc.  Rmin & Coul turning =    4.0   20.5
   S-matrix    1 =    1.00000   0.00000 for L=   52, J=   51.5 channel on core I =   0.0 from L=   52,  Acc. loss =  0.0 D.
 Elastic phase shift   1 =    0.000   0.000 deg. for the L =   52, J =   51.5 channel.
0****** WARNING : ACCURACY LOSS IN ERWIN = 14.2 DIGITS, SO EXPECT ERRORS OF   0.0000 % OF UNITARITY

      51.5  1.00000000  0.00000001i: elastic S-matrix  @@      0.02  0   0 F  0
 Reaction Xsec    51.5+/52 @ 1 =   0.000#, Out:   0.000#   0.000#  -0.000f


 Total SPIN, PARITY =    51.5 -,      4 chs,      0 cc.  Rmin & Coul turning =    4.0   20.5
   S-matrix    1 =    1.00000  -0.00000 for L=   51, J=   51.5 channel on core I =   0.0 from L=   51,  Acc. loss =  0.0 D.
 Elastic phase shift   1 =   -0.000   0.000 deg. for the L =   51, J =   51.5 channel.
0****** WARNING : ACCURACY LOSS IN ERWIN = 14.3 DIGITS, SO EXPECT ERRORS OF   0.0000 % OF UNITARITY

      51.5  1.00000000 -0.00000001i: elastic S-matrix  @@      0.00  0   0 F  0
 Reaction Xsec    51.5-/51 @ 1 =   0.000#, Out:   0.000#   0.000#  -0.000f


 Total SPIN, PARITY =    52.5 +,      4 chs,      0 cc.  Rmin & Coul turning =    4.2   20.8
   S-matrix    1 =    1.00000   0.00000 for L=   52, J=   52.5 channel on core I =   0.0 from L=   52,  Acc. loss =  0.0 D.
 Elastic phase shift   1 =    0.000   0.000 deg. for the L =   52, J =   52.5 channel.
0****** WARNING : ACCURACY LOSS IN ERWIN = 14.2 DIGITS, SO EXPECT ERRORS OF   0.0000 % OF UNITARITY

      52.5  1.00000000  0.00000001i: elastic S-matrix  @@      0.00  0   0 F  0
 Reaction Xsec    52.5+/52 @ 1 =   0.000#, Out:   0.000#   0.000#  -0.000f


 Total SPIN, PARITY =    52.5 -,      4 chs,      0 cc.  Rmin & Coul turning =    4.2   20.8
   S-matrix    1 =    1.00000  -0.00000 for L=   53, J=   52.5 channel on core I =   0.0 from L=   53,  Acc. loss =  0.0 D.
 Elastic phase shift   1 =   -0.000   0.000 deg. for the L =   53, J =   52.5 channel.
      52.5  1.00000000 -0.00000000i: elastic S-matrix  @@      0.00  0   0 F  0
 Reaction Xsec    52.5-/53 @ 1 =   0.000#, Out:   0.000#   0.000#  -0.000f


 Total SPIN, PARITY =    53.5 +,      4 chs,      0 cc.  Rmin & Coul turning =    4.2   21.2
   S-matrix    1 =    1.00000  -0.00000 for L=   54, J=   53.5 channel on core I =   0.0 from L=   54,  Acc. loss =  0.0 D.
 Elastic phase shift   1 =   -0.000   0.000 deg. for the L =   54, J =   53.5 channel.
0****** WARNING : ACCURACY LOSS IN ERWIN = 14.3 DIGITS, SO EXPECT ERRORS OF   0.0000 % OF UNITARITY

      53.5  1.00000000 -0.00000002i: elastic S-matrix  @@      0.00  0   0 F  0
 Reaction Xsec    53.5+/54 @ 1 =   0.000#, Out:   0.000#   0.003#  -0.000f


 Total SPIN, PARITY =    53.5 -,      4 chs,      0 cc.  Rmin & Coul turning =    4.2   21.2
   S-matrix    1 =    1.00000  -0.00000 for L=   53, J=   53.5 channel on core I =   0.0 from L=   53,  Acc. loss =  0.0 D.
 Elastic phase shift   1 =   -0.000   0.000 deg. for the L =   53, J =   53.5 channel.
      53.5  1.00000000 -0.00000000i: elastic S-matrix  @@      0.00  0   0 F  0
 Reaction Xsec    53.5-/53 @ 1 =   0.000#, Out:   0.000#   0.000#  -0.000f


 Total SPIN, PARITY =    54.5 +,      4 chs,      0 cc.  Rmin & Coul turning =    4.3   21.6
   S-matrix    1 =    1.00000  -0.00000 for L=   54, J=   54.5 channel on core I =   0.0 from L=   54,  Acc. loss =  0.0 D.
 Elastic phase shift   1 =   -0.000   0.000 deg. for the L =   54, J =   54.5 channel.
0****** WARNING : ACCURACY LOSS IN ERWIN = 14.6 DIGITS, SO EXPECT ERRORS OF   0.0000 % OF UNITARITY

      54.5  1.00000000 -0.00000002i: elastic S-matrix  @@      0.02  0   0 F  0
 Reaction Xsec    54.5+/54 @ 1 =   0.000#, Out:   0.000#   0.000#  -0.000f


 Total SPIN, PARITY =    54.5 -,      4 chs,      0 cc.  Rmin & Coul turning =    4.3   21.6
   S-matrix    1 =    1.00000  -0.00000 for L=   55, J=   54.5 channel on core I =   0.0 from L=   55,  Acc. loss =  0.0 D.
 Elastic phase shift   1 =   -0.000   0.000 deg. for the L =   55, J =   54.5 channel.
0****** WARNING : ACCURACY LOSS IN ERWIN = 14.4 DIGITS, SO EXPECT ERRORS OF   0.0000 % OF UNITARITY

      54.5  1.00000000 -0.00000001i: elastic S-matrix  @@      0.00  0   0 F  0
 Reaction Xsec    54.5-/55 @ 1 =   0.000#, Out:   0.000#   0.011#  -0.000f


 Total SPIN, PARITY =    55.5 +,      4 chs,      0 cc.  Rmin & Coul turning =    4.4   22.0
   S-matrix    1 =    1.00000  -0.00000 for L=   56, J=   55.5 channel on core I =   0.0 from L=   56,  Acc. loss =  0.0 D.
 Elastic phase shift   1 =   -0.000   0.000 deg. for the L =   56, J =   55.5 channel.
0****** WARNING : ACCURACY LOSS IN ERWIN = 15.0 DIGITS, SO EXPECT ERRORS OF   0.0000 % OF UNITARITY

      55.5  1.00000000 -0.00000000i: elastic S-matrix  @@      0.00  0   0 F  0
 Reaction Xsec    55.5+/56 @ 1 =   0.000#, Out:   0.000#   0.003#  -0.000f


 Total SPIN, PARITY =    55.5 -,      4 chs,      0 cc.  Rmin & Coul turning =    4.4   22.0
   S-matrix    1 =    1.00000  -0.00000 for L=   55, J=   55.5 channel on core I =   0.0 from L=   55,  Acc. loss =  0.0 D.
 Elastic phase shift   1 =   -0.000   0.000 deg. for the L =   55, J =   55.5 channel.
0****** WARNING : ACCURACY LOSS IN ERWIN = 14.4 DIGITS, SO EXPECT ERRORS OF   0.0000 % OF UNITARITY

      55.5  1.00000000 -0.00000001i: elastic S-matrix  @@      0.00  0   0 F  0
 Reaction Xsec    55.5-/55 @ 1 =   0.000#, Out:   0.000#   0.001#  -0.000f


 Total SPIN, PARITY =    56.5 +,      4 chs,      0 cc.  Rmin & Coul turning =    4.5   22.4
   S-matrix    1 =    1.00000  -0.00000 for L=   56, J=   56.5 channel on core I =   0.0 from L=   56,  Acc. loss =  0.0 D.
 Elastic phase shift   1 =   -0.000   0.000 deg. for the L =   56, J =   56.5 channel.
0****** WARNING : ACCURACY LOSS IN ERWIN = 14.3 DIGITS, SO EXPECT ERRORS OF   0.0000 % OF UNITARITY

      56.5  1.00000000 -0.00000000i: elastic S-matrix  @@      0.00  0   0 F  0
 Reaction Xsec    56.5+/56 @ 1 =   0.000#, Out:   0.000#   0.001#  -0.000f


 Total SPIN, PARITY =    56.5 -,      4 chs,      0 cc.  Rmin & Coul turning =    4.5   22.4
   S-matrix    1 =    1.00000  -0.00000 for L=   57, J=   56.5 channel on core I =   0.0 from L=   57,  Acc. loss =  0.0 D.
 Elastic phase shift   1 =   -0.000   0.000 deg. for the L =   57, J =   56.5 channel.
      56.5  1.00000000 -0.00000001i: elastic S-matrix  @@      0.00  0   0 F  0
 Reaction Xsec    56.5-/57 @ 1 =   0.000#, Out:   0.000#   0.017#  -0.000f


 Total SPIN, PARITY =    57.5 +,      4 chs,      0 cc.  Rmin & Coul turning =    4.5   22.8
   S-matrix    1 =    1.00000  -0.00000 for L=   58, J=   57.5 channel on core I =   0.0 from L=   58,  Acc. loss =  0.0 D.
 Elastic phase shift   1 =   -0.000   0.000 deg. for the L =   58, J =   57.5 channel.
      57.5  1.00000000 -0.00000002i: elastic S-matrix  @@      0.02  0   0 F  0
 Reaction Xsec    57.5+/58 @ 1 =   0.000#, Out:   0.000#   0.033#  -0.000f


 Total SPIN, PARITY =    57.5 -,      4 chs,      0 cc.  Rmin & Coul turning =    4.5   22.8
   S-matrix    1 =    1.00000  -0.00000 for L=   57, J=   57.5 channel on core I =   0.0 from L=   57,  Acc. loss =  0.0 D.
 Elastic phase shift   1 =   -0.000  -0.000 deg. for the L =   57, J =   57.5 channel.
      57.5  1.00000000 -0.00000001i: elastic S-matrix  @@      0.00  0   0 F  0
 Reaction Xsec    57.5-/57 @ 1 =  -0.000#, Out:   0.000#   0.006#  -0.000f


 Total SPIN, PARITY =    58.5 +,      4 chs,      0 cc.  Rmin & Coul turning =    4.6   23.2
   S-matrix    1 =    1.00000  -0.00000 for L=   58, J=   58.5 channel on core I =   0.0 from L=   58,  Acc. loss =  0.0 D.
 Elastic phase shift   1 =   -0.000   0.000 deg. for the L =   58, J =   58.5 channel.
0****** WARNING : ACCURACY LOSS IN ERWIN = 14.3 DIGITS, SO EXPECT ERRORS OF   0.0000 % OF UNITARITY

      58.5  1.00000000 -0.00000002i: elastic S-matrix  @@      0.00  0   0 F  0
 Reaction Xsec    58.5+/58 @ 1 =   0.000#, Out:   0.000#   0.030#  -0.000f


 Total SPIN, PARITY =    58.5 -,      4 chs,      0 cc.  Rmin & Coul turning =    4.6   23.2
   S-matrix    1 =    1.00000  -0.00000 for L=   59, J=   58.5 channel on core I =   0.0 from L=   59,  Acc. loss =  0.0 D.
 Elastic phase shift   1 =   -0.000   0.000 deg. for the L =   59, J =   58.5 channel.
0****** WARNING : ACCURACY LOSS IN ERWIN = 14.4 DIGITS, SO EXPECT ERRORS OF   0.0001 % OF UNITARITY

      58.5  1.00000000 -0.00000003i: elastic S-matrix  @@      0.00  0   0 F  0
 Reaction Xsec    58.5-/59 @ 1 =   0.000#, Out:   0.000#   0.014#  -0.000f


 Total SPIN, PARITY =    59.5 +,      4 chs,      0 cc.  Rmin & Coul turning =    4.7   23.6
   S-matrix    1 =    1.00000  -0.00000 for L=   60, J=   59.5 channel on core I =   0.0 from L=   60,  Acc. loss =  0.0 D.
 Elastic phase shift   1 =   -0.000   0.000 deg. for the L =   60, J =   59.5 channel.
      59.5  1.00000000 -0.00000002i: elastic S-matrix  @@      0.00  0   0 F  0
 Reaction Xsec    59.5+/60 @ 1 =   0.000#, Out:   0.000#   0.171#  -0.000f


 Total SPIN, PARITY =    59.5 -,      4 chs,      0 cc.  Rmin & Coul turning =    4.7   23.6
   S-matrix    1 =    1.00000  -0.00000 for L=   59, J=   59.5 channel on core I =   0.0 from L=   59,  Acc. loss =  0.0 D.
 Elastic phase shift   1 =   -0.000   0.000 deg. for the L =   59, J =   59.5 channel.
0****** WARNING : ACCURACY LOSS IN ERWIN = 14.3 DIGITS, SO EXPECT ERRORS OF   0.0000 % OF UNITARITY

      59.5  1.00000000 -0.00000003i: elastic S-matrix  @@      0.00  0   0 F  0
 Reaction Xsec    59.5-/59 @ 1 =   0.000#, Out:   0.000#   0.002#  -0.000f


 Total SPIN, PARITY =    60.5 +,      4 chs,      0 cc.  Rmin & Coul turning =    4.8   24.0
   S-matrix    1 =    1.00000  -0.00000 for L=   60, J=   60.5 channel on core I =   0.0 from L=   60,  Acc. loss =  0.0 D.
 Elastic phase shift   1 =   -0.000   0.000 deg. for the L =   60, J =   60.5 channel.
      60.5  1.00000000 -0.00000002i: elastic S-matrix  @@      0.00  0   0 F  0
 Reaction Xsec    60.5+/60 @ 1 =   0.000#, Out:   0.000#   0.009#  -0.000f


 Total SPIN, PARITY =    60.5 -,      4 chs,      0 cc.  Rmin & Coul turning =    4.8   24.0
   S-matrix    1 =    1.00000  -0.00000 for L=   61, J=   60.5 channel on core I =   0.0 from L=   61,  Acc. loss =  0.0 D.
 Elastic phase shift   1 =   -0.000   0.000 deg. for the L =   61, J =   60.5 channel.
      60.5  1.00000000 -0.00000001i: elastic S-matrix  @@      0.02  0   0 F  0
 Reaction Xsec    60.5-/61 @ 1 =   0.000#, Out:   0.000#   0.043#  -0.000f


 Total SPIN, PARITY =    61.5 +,      4 chs,      0 cc.  Rmin & Coul turning =    4.9   24.4
   S-matrix    1 =    1.00000  -0.00000 for L=   62, J=   61.5 channel on core I =   0.0 from L=   62,  Acc. loss =  0.0 D.
 Elastic phase shift   1 =   -0.000   0.000 deg. for the L =   62, J =   61.5 channel.
0****** WARNING : ACCURACY LOSS IN ERWIN = 14.6 DIGITS, SO EXPECT ERRORS OF   0.0001 % OF UNITARITY

      61.5  1.00000000 -0.00000002i: elastic S-matrix  @@      0.00  0   0 F  0
 Reaction Xsec    61.5+/62 @ 1 =   0.000#, Out:   0.000#   0.018#  -0.000f


 Total SPIN, PARITY =    61.5 -,      4 chs,      0 cc.  Rmin & Coul turning =    4.9   24.4
   S-matrix    1 =    1.00000  -0.00000 for L=   61, J=   61.5 channel on core I =   0.0 from L=   61,  Acc. loss =  0.0 D.
 Elastic phase shift   1 =   -0.000   0.000 deg. for the L =   61, J =   61.5 channel.
      61.5  1.00000000 -0.00000001i: elastic S-matrix  @@      0.00  0   0 F  0
 Reaction Xsec    61.5-/61 @ 1 =   0.000#, Out:   0.000#   0.017#  -0.000f


 Total SPIN, PARITY =    62.5 +,      4 chs,      0 cc.  Rmin & Coul turning =    5.0   24.8
   S-matrix    1 =    1.00000  -0.00000 for L=   62, J=   62.5 channel on core I =   0.0 from L=   62,  Acc. loss =  0.0 D.
 Elastic phase shift   1 =   -0.000   0.000 deg. for the L =   62, J =   62.5 channel.
      62.5  1.00000000 -0.00000002i: elastic S-matrix  @@      0.00  0   0 F  0
 Reaction Xsec    62.5+/62 @ 1 =   0.000#, Out:   0.000#   0.002#  -0.000f


 Total SPIN, PARITY =    62.5 -,      4 chs,      0 cc.  Rmin & Coul turning =    5.0   24.8
   S-matrix    1 =    1.00000  -0.00000 for L=   63, J=   62.5 channel on core I =   0.0 from L=   63,  Acc. loss =  0.0 D.
 Elastic phase shift   1 =   -0.000  -0.000 deg. for the L =   63, J =   62.5 channel.
0****** WARNING : ACCURACY LOSS IN ERWIN = 14.7 DIGITS, SO EXPECT ERRORS OF   0.0003 % OF UNITARITY

      62.5  1.00000000 -0.00000003i: elastic S-matrix  @@      0.00  0   0 F  0
 Reaction Xsec    62.5-/63 @ 1 =  -0.000#, Out:   0.000#   1.288#  -0.000f


 Total SPIN, PARITY =    63.5 +,      4 chs,      0 cc.  Rmin & Coul turning =    5.0   25.2
   S-matrix    1 =    1.00000  -0.00000 for L=   64, J=   63.5 channel on core I =   0.0 from L=   64,  Acc. loss =  0.0 D.
 Elastic phase shift   1 =   -0.000   0.000 deg. for the L =   64, J =   63.5 channel.
0****** WARNING : ACCURACY LOSS IN ERWIN = 14.5 DIGITS, SO EXPECT ERRORS OF   0.0000 % OF UNITARITY

      63.5  1.00000000 -0.00000003i: elastic S-matrix  @@      0.00  0   0 F  0
 Reaction Xsec    63.5+/64 @ 1 =   0.000#, Out:   0.000#   0.002#  -0.000f


 Total SPIN, PARITY =    63.5 -,      4 chs,      0 cc.  Rmin & Coul turning =    5.0   25.2
   S-matrix    1 =    1.00000  -0.00000 for L=   63, J=   63.5 channel on core I =   0.0 from L=   63,  Acc. loss =  0.0 D.
 Elastic phase shift   1 =   -0.000   0.000 deg. for the L =   63, J =   63.5 channel.
0****** WARNING : ACCURACY LOSS IN ERWIN = 14.2 DIGITS, SO EXPECT ERRORS OF   0.0000 % OF UNITARITY

      63.5  1.00000000 -0.00000003i: elastic S-matrix  @@      0.00  0   0 F  0
 Reaction Xsec    63.5-/63 @ 1 =   0.000#, Out:   0.000#   0.004#  -0.000f


 Total SPIN, PARITY =    64.5 +,      4 chs,      0 cc.  Rmin & Coul turning =    5.1   25.6
   S-matrix    1 =    1.00000  -0.00000 for L=   64, J=   64.5 channel on core I =   0.0 from L=   64,  Acc. loss =  0.0 D.
 Elastic phase shift   1 =   -0.000   0.000 deg. for the L =   64, J =   64.5 channel.
0****** WARNING : ACCURACY LOSS IN ERWIN = 14.7 DIGITS, SO EXPECT ERRORS OF   0.0001 % OF UNITARITY

      64.5  1.00000000 -0.00000003i: elastic S-matrix  @@      0.02  0   0 F  0
 Reaction Xsec    64.5+/64 @ 1 =   0.000#, Out:   0.000#   0.008#  -0.000f


 Total SPIN, PARITY =    64.5 -,      4 chs,      0 cc.  Rmin & Coul turning =    5.1   25.6
   S-matrix    1 =    1.00000  -0.00000 for L=   65, J=   64.5 channel on core I =   0.0 from L=   65,  Acc. loss =  0.0 D.
 Elastic phase shift   1 =   -0.000   0.000 deg. for the L =   65, J =   64.5 channel.
      64.5  1.00000000 -0.00000003i: elastic S-matrix  @@      0.00  0   0 F  0
 Reaction Xsec    64.5-/65 @ 1 =   0.000#, Out:   0.000#   0.071#  -0.000f


 Total SPIN, PARITY =    65.5 +,      4 chs,      0 cc.  Rmin & Coul turning =    5.2   26.0
   S-matrix    1 =    1.00000  -0.00000 for L=   66, J=   65.5 channel on core I =   0.0 from L=   66,  Acc. loss =  0.0 D.
 Elastic phase shift   1 =   -0.000   0.000 deg. for the L =   66, J =   65.5 channel.
0****** WARNING : ACCURACY LOSS IN ERWIN = 14.4 DIGITS, SO EXPECT ERRORS OF   0.0001 % OF UNITARITY

      65.5  1.00000000 -0.00000002i: elastic S-matrix  @@      0.00  0   0 F  0
 Reaction Xsec    65.5+/66 @ 1 =   0.000#, Out:   0.000#   0.271#  -0.000f


 Total SPIN, PARITY =    65.5 -,      4 chs,      0 cc.  Rmin & Coul turning =    5.2   26.0
   S-matrix    1 =    1.00000  -0.00000 for L=   65, J=   65.5 channel on core I =   0.0 from L=   65,  Acc. loss =  0.0 D.
 Elastic phase shift   1 =   -0.000   0.000 deg. for the L =   65, J =   65.5 channel.
0****** WARNING : ACCURACY LOSS IN ERWIN = 14.3 DIGITS, SO EXPECT ERRORS OF   0.0000 % OF UNITARITY

      65.5  1.00000000 -0.00000003i: elastic S-matrix  @@      0.00  0   0 F  0
 Reaction Xsec    65.5-/65 @ 1 =   0.000#, Out:   0.000#   0.000#  -0.000f


 Total SPIN, PARITY =    66.5 +,      4 chs,      0 cc.  Rmin & Coul turning =    5.2   26.4
   S-matrix    1 =    1.00000  -0.00000 for L=   66, J=   66.5 channel on core I =   0.0 from L=   66,  Acc. loss =  0.0 D.
 Elastic phase shift   1 =   -0.000   0.000 deg. for the L =   66, J =   66.5 channel.
      66.5  1.00000000 -0.00000002i: elastic S-matrix  @@      0.00  0   0 F  0
 Reaction Xsec    66.5+/66 @ 1 =   0.000#, Out:   0.000#   0.026#  -0.000f


 Total SPIN, PARITY =    66.5 -,      4 chs,      0 cc.  Rmin & Coul turning =    5.2   26.4
   S-matrix    1 =    1.00000  -0.00000 for L=   67, J=   66.5 channel on core I =   0.0 from L=   67,  Acc. loss =  0.0 D.
 Elastic phase shift   1 =   -0.000   0.000 deg. for the L =   67, J =   66.5 channel.
0****** WARNING : ACCURACY LOSS IN ERWIN = 14.3 DIGITS, SO EXPECT ERRORS OF   0.0001 % OF UNITARITY

      66.5  1.00000000 -0.00000001i: elastic S-matrix  @@      0.00  0   0 F  0
 Reaction Xsec    66.5-/67 @ 1 =   0.000#, Out:   0.000#   0.020#  -0.000f


 Total SPIN, PARITY =    67.5 +,      4 chs,      0 cc.  Rmin & Coul turning =    5.4   26.8
   S-matrix    1 =    1.00000  -0.00000 for L=   68, J=   67.5 channel on core I =   0.0 from L=   68,  Acc. loss =  0.0 D.
 Elastic phase shift   1 =   -0.000   0.000 deg. for the L =   68, J =   67.5 channel.
0****** WARNING : ACCURACY LOSS IN ERWIN = 14.7 DIGITS, SO EXPECT ERRORS OF   0.0001 % OF UNITARITY

      67.5  1.00000000 -0.00000002i: elastic S-matrix  @@      0.00  0   0 F  0
 Reaction Xsec    67.5+/68 @ 1 =   0.000#, Out:   0.000#   0.014#  -0.000f


 Total SPIN, PARITY =    67.5 -,      4 chs,      0 cc.  Rmin & Coul turning =    5.4   26.8
   S-matrix    1 =    1.00000  -0.00000 for L=   67, J=   67.5 channel on core I =   0.0 from L=   67,  Acc. loss =  0.0 D.
 Elastic phase shift   1 =   -0.000   0.000 deg. for the L =   67, J =   67.5 channel.
0****** WARNING : ACCURACY LOSS IN ERWIN = 14.2 DIGITS, SO EXPECT ERRORS OF   0.0001 % OF UNITARITY

      67.5  1.00000000 -0.00000001i: elastic S-matrix  @@      0.02  0   0 F  0
 Reaction Xsec    67.5-/67 @ 1 =   0.000#, Out:   0.000#   0.026#  -0.000f


 Total SPIN, PARITY =    68.5 +,      4 chs,      0 cc.  Rmin & Coul turning =    5.4   27.2
   S-matrix    1 =    1.00000  -0.00000 for L=   68, J=   68.5 channel on core I =   0.0 from L=   68,  Acc. loss =  0.0 D.
 Elastic phase shift   1 =   -0.000  -0.000 deg. for the L =   68, J =   68.5 channel.
0****** WARNING : ACCURACY LOSS IN ERWIN = 14.7 DIGITS, SO EXPECT ERRORS OF   0.0001 % OF UNITARITY

      68.5  1.00000000 -0.00000002i: elastic S-matrix  @@      0.00  0   0 F  0
 Reaction Xsec    68.5+/68 @ 1 =  -0.000#, Out:   0.000#   0.014#  -0.000f


 Total SPIN, PARITY =    68.5 -,      4 chs,      0 cc.  Rmin & Coul turning =    5.4   27.2
   S-matrix    1 =    1.00000  -0.00000 for L=   69, J=   68.5 channel on core I =   0.0 from L=   69,  Acc. loss =  0.0 D.
 Elastic phase shift   1 =   -0.000  -0.000 deg. for the L =   69, J =   68.5 channel.
0****** WARNING : ACCURACY LOSS IN ERWIN = 14.3 DIGITS, SO EXPECT ERRORS OF   0.0001 % OF UNITARITY

      68.5  1.00000000 -0.00000003i: elastic S-matrix  @@      0.00  0   0 F  0
 Reaction Xsec    68.5-/69 @ 1 =  -0.000#, Out:   0.000#   0.069#  -0.000f


 Total SPIN, PARITY =    69.5 +,      4 chs,      0 cc.  Rmin & Coul turning =    5.5   27.6
   S-matrix    1 =    1.00000  -0.00000 for L=   70, J=   69.5 channel on core I =   0.0 from L=   70,  Acc. loss =  0.0 D.
 Elastic phase shift   1 =   -0.000   0.000 deg. for the L =   70, J =   69.5 channel.
      69.5  1.00000000 -0.00000003i: elastic S-matrix  @@      0.00  0   0 F  0
 Reaction Xsec    69.5+/70 @ 1 =   0.000#, Out:   0.000#   0.819#  -0.000f


 Total SPIN, PARITY =    69.5 -,      4 chs,      0 cc.  Rmin & Coul turning =    5.5   27.6
   S-matrix    1 =    1.00000  -0.00000 for L=   69, J=   69.5 channel on core I =   0.0 from L=   69,  Acc. loss =  0.0 D.
 Elastic phase shift   1 =   -0.000  -0.000 deg. for the L =   69, J =   69.5 channel.
0****** WARNING : ACCURACY LOSS IN ERWIN = 14.6 DIGITS, SO EXPECT ERRORS OF   0.0000 % OF UNITARITY

      69.5  1.00000000 -0.00000003i: elastic S-matrix  @@      0.00  0   0 F  0
 Reaction Xsec    69.5-/69 @ 1 =  -0.000#, Out:   0.000#   0.004#  -0.000f


 Total SPIN, PARITY =    70.5 +,      4 chs,      0 cc.  Rmin & Coul turning =    5.6   28.0
   S-matrix    1 =    1.00000  -0.00000 for L=   70, J=   70.5 channel on core I =   0.0 from L=   70,  Acc. loss =  0.0 D.
 Elastic phase shift   1 =   -0.000   0.000 deg. for the L =   70, J =   70.5 channel.
      70.5  1.00000000 -0.00000003i: elastic S-matrix  @@      0.00  0   0 F  0
 Reaction Xsec    70.5+/70 @ 1 =   0.000#, Out:   0.000#   0.060#  -0.000f


 Total SPIN, PARITY =    70.5 -,      4 chs,      0 cc.  Rmin & Coul turning =    5.6   28.0
   S-matrix    1 =    1.00000  -0.00000 for L=   71, J=   70.5 channel on core I =   0.0 from L=   71,  Acc. loss =  0.0 D.
 Elastic phase shift   1 =   -0.000   0.000 deg. for the L =   71, J =   70.5 channel.
0****** WARNING : ACCURACY LOSS IN ERWIN = 14.7 DIGITS, SO EXPECT ERRORS OF   0.0001 % OF UNITARITY

      70.5  1.00000000 -0.00000003i: elastic S-matrix  @@      0.02  0   0 F  0
 Reaction Xsec    70.5-/71 @ 1 =   0.000#, Out:   0.000#   0.007#  -0.000f


 Total SPIN, PARITY =    71.5 +,      4 chs,      0 cc.  Rmin & Coul turning =    5.7   28.4
   S-matrix    1 =    1.00000  -0.00000 for L=   72, J=   71.5 channel on core I =   0.0 from L=   72,  Acc. loss =  0.0 D.
 Elastic phase shift   1 =   -0.000   0.000 deg. for the L =   72, J =   71.5 channel.
0****** WARNING : ACCURACY LOSS IN ERWIN = 14.4 DIGITS, SO EXPECT ERRORS OF   0.0001 % OF UNITARITY

      71.5  1.00000000 -0.00000002i: elastic S-matrix  @@      0.00  0   0 F  0
 Reaction Xsec    71.5+/72 @ 1 =   0.000#, Out:   0.000#   0.033#  -0.000f


 Total SPIN, PARITY =    71.5 -,      4 chs,      0 cc.  Rmin & Coul turning =    5.7   28.4
   S-matrix    1 =    1.00000  -0.00000 for L=   71, J=   71.5 channel on core I =   0.0 from L=   71,  Acc. loss =  0.0 D.
 Elastic phase shift   1 =   -0.000   0.000 deg. for the L =   71, J =   71.5 channel.
      71.5  1.00000000 -0.00000003i: elastic S-matrix  @@      0.00  0   0 F  0
 Reaction Xsec    71.5-/71 @ 1 =   0.000#, Out:   0.000#   0.379#  -0.000f


 Total SPIN, PARITY =    72.5 +,      4 chs,      0 cc.  Rmin & Coul turning =    5.8   28.8
   S-matrix    1 =    1.00000  -0.00000 for L=   72, J=   72.5 channel on core I =   0.0 from L=   72,  Acc. loss =  0.0 D.
 Elastic phase shift   1 =   -0.000   0.000 deg. for the L =   72, J =   72.5 channel.
      72.5  1.00000000 -0.00000002i: elastic S-matrix  @@      0.00  0   0 F  0
 Reaction Xsec    72.5+/72 @ 1 =   0.000#, Out:   0.000#   0.002#  -0.000f


 Total SPIN, PARITY =    72.5 -,      4 chs,      0 cc.  Rmin & Coul turning =    5.8   28.8
   S-matrix    1 =    1.00000  -0.00000 for L=   73, J=   72.5 channel on core I =   0.0 from L=   73,  Acc. loss =  0.0 D.
 Elastic phase shift   1 =   -0.000   0.000 deg. for the L =   73, J =   72.5 channel.
0****** WARNING : ACCURACY LOSS IN ERWIN = 15.1 DIGITS, SO EXPECT ERRORS OF   0.0001 % OF UNITARITY

      72.5  1.00000000 -0.00000001i: elastic S-matrix  @@      0.00  0   0 F  0
 Reaction Xsec    72.5-/73 @ 1 =   0.000#, Out:   0.000#   0.000#  -0.000f


 Total SPIN, PARITY =    73.5 +,      4 chs,      0 cc.  Rmin & Coul turning =    5.8   29.2
   S-matrix    1 =    1.00000  -0.00000 for L=   74, J=   73.5 channel on core I =   0.0 from L=   74,  Acc. loss =  0.0 D.
 Elastic phase shift   1 =   -0.000   0.000 deg. for the L =   74, J =   73.5 channel.
0****** WARNING : ACCURACY LOSS IN ERWIN = 14.1 DIGITS, SO EXPECT ERRORS OF   0.0000 % OF UNITARITY

      73.5  1.00000000 -0.00000001i: elastic S-matrix  @@      0.00  0   0 F  0
 Reaction Xsec    73.5+/74 @ 1 =   0.000#, Out:   0.000#   0.000#  -0.000f


 Total SPIN, PARITY =    73.5 -,      4 chs,      0 cc.  Rmin & Coul turning =    5.8   29.2
   S-matrix    1 =    1.00000  -0.00000 for L=   73, J=   73.5 channel on core I =   0.0 from L=   73,  Acc. loss =  0.0 D.
 Elastic phase shift   1 =   -0.000  -0.000 deg. for the L =   73, J =   73.5 channel.
0****** WARNING : ACCURACY LOSS IN ERWIN = 14.9 DIGITS, SO EXPECT ERRORS OF   0.0000 % OF UNITARITY

      73.5  1.00000000 -0.00000001i: elastic S-matrix  @@      0.00  0   0 F  0
 Reaction Xsec    73.5-/73 @ 1 =  -0.000#, Out:   0.000#   0.000#  -0.000f


 Total SPIN, PARITY =    74.5 +,      4 chs,      0 cc.  Rmin & Coul turning =    5.9   29.6
   S-matrix    1 =    1.00000  -0.00000 for L=   74, J=   74.5 channel on core I =   0.0 from L=   74,  Acc. loss =  0.0 D.
 Elastic phase shift   1 =   -0.000  -0.000 deg. for the L =   74, J =   74.5 channel.
      74.5  1.00000000 -0.00000001i: elastic S-matrix  @@      0.02  0   0 F  0
 Reaction Xsec    74.5+/74 @ 1 =  -0.000#, Out:   0.000#   0.000#  -0.000f


 Total SPIN, PARITY =    74.5 -,      4 chs,      0 cc.  Rmin & Coul turning =    5.9   29.6
   S-matrix    1 =    1.00000  -0.00000 for L=   75, J=   74.5 channel on core I =   0.0 from L=   75,  Acc. loss =  0.0 D.
 Elastic phase shift   1 =   -0.000   0.000 deg. for the L =   75, J =   74.5 channel.
      74.5  1.00000000 -0.00000000i: elastic S-matrix  @@      0.00  0   0 F  0
 Reaction Xsec    74.5-/75 @ 1 =   0.000#, Out:   0.000#   0.002#  -0.000f


 Total SPIN, PARITY =    75.5 +,      4 chs,      0 cc.  Rmin & Coul turning =    6.0   30.0
   S-matrix    1 =    1.00000  -0.00000 for L=   76, J=   75.5 channel on core I =   0.0 from L=   76,  Acc. loss =  0.0 D.
 Elastic phase shift   1 =   -0.000  -0.000 deg. for the L =   76, J =   75.5 channel.
      75.5  1.00000000 -0.00000000i: elastic S-matrix  @@      0.00  0   0 F  0
 Reaction Xsec    75.5+/76 @ 1 =  -0.000#, Out:   0.000#   0.002#  -0.000f


 Total SPIN, PARITY =    75.5 -,      4 chs,      0 cc.  Rmin & Coul turning =    6.0   30.0
   S-matrix    1 =    1.00000  -0.00000 for L=   75, J=   75.5 channel on core I =   0.0 from L=   75,  Acc. loss =  0.0 D.
 Elastic phase shift   1 =   -0.000   0.000 deg. for the L =   75, J =   75.5 channel.
0****** WARNING : ACCURACY LOSS IN ERWIN = 15.0 DIGITS, SO EXPECT ERRORS OF   0.0000 % OF UNITARITY

      75.5  1.00000000 -0.00000000i: elastic S-matrix  @@      0.00  0   0 F  0
 Reaction Xsec    75.5-/75 @ 1 =   0.000#, Out:   0.000#   0.001#  -0.000f


 Total SPIN, PARITY =    76.5 +,      4 chs,      0 cc.  Rmin & Coul turning =    6.1   30.4
   S-matrix    1 =    1.00000  -0.00000 for L=   76, J=   76.5 channel on core I =   0.0 from L=   76,  Acc. loss =  0.0 D.
 Elastic phase shift   1 =   -0.000  -0.000 deg. for the L =   76, J =   76.5 channel.
      76.5  1.00000000 -0.00000000i: elastic S-matrix  @@      0.00  0   0 F  0
 Reaction Xsec    76.5+/76 @ 1 =  -0.000#, Out:   0.000#   0.041#  -0.000f


 Total SPIN, PARITY =    76.5 -,      4 chs,      0 cc.  Rmin & Coul turning =    6.1   30.4
   S-matrix    1 =    1.00000   0.00000 for L=   77, J=   76.5 channel on core I =   0.0 from L=   77,  Acc. loss =  0.0 D.
 Elastic phase shift   1 =    0.000   0.000 deg. for the L =   77, J =   76.5 channel.
      76.5  1.00000000  0.00000000i: elastic S-matrix  @@      0.00  0   0 F  0
 Reaction Xsec    76.5-/77 @ 1 =   0.000#, Out:   0.000#   0.006#  -0.000f


 Total SPIN, PARITY =    77.5 +,      4 chs,      0 cc.  Rmin & Coul turning =    6.2   30.8
   S-matrix    1 =    1.00000   0.00000 for L=   78, J=   77.5 channel on core I =   0.0 from L=   78,  Acc. loss =  0.0 D.
 Elastic phase shift   1 =    0.000   0.000 deg. for the L =   78, J =   77.5 channel.
0****** WARNING : ACCURACY LOSS IN ERWIN = 14.4 DIGITS, SO EXPECT ERRORS OF   0.0000 % OF UNITARITY

      77.5  1.00000000  0.00000000i: elastic S-matrix  @@      0.00  0   0 F  0
 Reaction Xsec    77.5+/78 @ 1 =   0.000#, Out:   0.000#   0.009#  -0.000f


 Total SPIN, PARITY =    77.5 -,      4 chs,      0 cc.  Rmin & Coul turning =    6.2   30.8
   S-matrix    1 =    1.00000   0.00000 for L=   77, J=   77.5 channel on core I =   0.0 from L=   77,  Acc. loss =  0.0 D.
 Elastic phase shift   1 =    0.000  -0.000 deg. for the L =   77, J =   77.5 channel.
0****** WARNING : ACCURACY LOSS IN ERWIN = 14.5 DIGITS, SO EXPECT ERRORS OF   0.0000 % OF UNITARITY

      77.5  1.00000000  0.00000000i: elastic S-matrix  @@      0.02  0   0 F  0
 Reaction Xsec    77.5-/77 @ 1 =  -0.000#, Out:   0.000#   0.026#  -0.000f


 Total SPIN, PARITY =    78.5 +,      4 chs,      0 cc.  Rmin & Coul turning =    6.2   31.2
   S-matrix    1 =    1.00000   0.00000 for L=   78, J=   78.5 channel on core I =   0.0 from L=   78,  Acc. loss =  0.0 D.
 Elastic phase shift   1 =    0.000   0.000 deg. for the L =   78, J =   78.5 channel.
0****** WARNING : ACCURACY LOSS IN ERWIN = 14.4 DIGITS, SO EXPECT ERRORS OF   0.0000 % OF UNITARITY

      78.5  1.00000000  0.00000000i: elastic S-matrix  @@      0.00  0   0 F  0
 Reaction Xsec    78.5+/78 @ 1 =   0.000#, Out:   0.000#   0.000#  -0.000f


 Total SPIN, PARITY =    78.5 -,      4 chs,      0 cc.  Rmin & Coul turning =    6.2   31.2
   S-matrix    1 =    1.00000   0.00000 for L=   79, J=   78.5 channel on core I =   0.0 from L=   79,  Acc. loss =  0.0 D.
 Elastic phase shift   1 =    0.000   0.000 deg. for the L =   79, J =   78.5 channel.
      78.5  1.00000000  0.00000000i: elastic S-matrix  @@      0.00  0   0 F  0
 Reaction Xsec    78.5-/79 @ 1 =   0.000#, Out:   0.000#   0.029#  -0.000f


 Total SPIN, PARITY =    79.5 +,      4 chs,      0 cc.  Rmin & Coul turning =    6.3   31.6
   S-matrix    1 =    1.00000   0.00000 for L=   80, J=   79.5 channel on core I =   0.0 from L=   80,  Acc. loss =  0.0 D.
 Elastic phase shift   1 =    0.000   0.000 deg. for the L =   80, J =   79.5 channel.
0****** WARNING : ACCURACY LOSS IN ERWIN = 14.2 DIGITS, SO EXPECT ERRORS OF   0.0000 % OF UNITARITY

      79.5  1.00000000  0.00000000i: elastic S-matrix  @@      0.00  0   0 F  0
 Reaction Xsec    79.5+/80 @ 1 =   0.000#, Out:   0.000#   0.004#  -0.000f


 Total SPIN, PARITY =    79.5 -,      4 chs,      0 cc.  Rmin & Coul turning =    6.3   31.6
   S-matrix    1 =    1.00000   0.00000 for L=   79, J=   79.5 channel on core I =   0.0 from L=   79,  Acc. loss =  0.0 D.
 Elastic phase shift   1 =    0.000  -0.000 deg. for the L =   79, J =   79.5 channel.
0****** WARNING : ACCURACY LOSS IN ERWIN = 14.5 DIGITS, SO EXPECT ERRORS OF   0.0000 % OF UNITARITY

      79.5  1.00000000  0.00000000i: elastic S-matrix  @@      0.00  0   0 F  0
 Reaction Xsec    79.5-/79 @ 1 =  -0.000#, Out:   0.000#   0.000#  -0.000f


 Total SPIN, PARITY =    80.5 +,      4 chs,      0 cc.  Rmin & Coul turning =    6.4   32.0
   S-matrix    1 =    1.00000   0.00000 for L=   80, J=   80.5 channel on core I =   0.0 from L=   80,  Acc. loss =  0.0 D.
 Elastic phase shift   1 =    0.000  -0.000 deg. for the L =   80, J =   80.5 channel.
0****** WARNING : ACCURACY LOSS IN ERWIN = 14.2 DIGITS, SO EXPECT ERRORS OF   0.0000 % OF UNITARITY

      80.5  1.00000000  0.00000000i: elastic S-matrix  @@      0.00  0   0 F  0
 Reaction Xsec    80.5+/80 @ 1 =  -0.000#, Out:   0.000#   0.014#  -0.000f


 Total SPIN, PARITY =    80.5 -,      4 chs,      0 cc.  Rmin & Coul turning =    6.4   32.0
   S-matrix    1 =    1.00000   0.00000 for L=   81, J=   80.5 channel on core I =   0.0 from L=   81,  Acc. loss =  0.0 D.
 Elastic phase shift   1 =    0.000  -0.000 deg. for the L =   81, J =   80.5 channel.
0****** WARNING : ACCURACY LOSS IN ERWIN = 14.4 DIGITS, SO EXPECT ERRORS OF   0.0000 % OF UNITARITY

      80.5  1.00000000  0.00000000i: elastic S-matrix  @@      0.00  0   0 F  0
 Reaction Xsec    80.5-/81 @ 1 =  -0.000#, Out:   0.000#   0.004#  -0.000f

 Finished all CC sets @   0.484375000    
0CUMULATIVE REACTION cross section                 =  235.68148  <L> =     7.40  <L**2> =     63.5
0CUMULATIVE outgoing cross sections in partition 1 :    0.00000
0CUMULATIVE outgoing cross sections in partition 2 :    0.01914
0Cumulative ABSORBTION by Imaginary Potentials     =  235.66233  <L> =     7.40  <L**2> =     63.5
   Fusion for specific p        M-states :  235.662333  235.662333
0CUMULATIVE OUTGOING cross section                 =    0.01914
 To convert to S-factors (MeV.mb = keV.b),  multiply by  1.8358E+02


 CROSS SECTIONS FOR OUTGOING p        & 4He      in state #   1 with spins & parities 0.5  + &  0.0  +;  0

     0.01 deg.: X-S =   3.2519E+12 mb/sr,
+                                         /R =   9.9994E-01
     1.00 deg.: X-S =   2.0412E+04 mb/sr,
+                                         /R =   6.2762E-01
     2.00 deg.: X-S =  1944.874729 mb/sr,
+                                         /R =   9.5668E-01
     3.00 deg.: X-S =  2369.389794 mb/sr,
+                                         /R =   5.8988E+00
     4.00 deg.: X-S =  2674.949693 mb/sr,
+                                         /R =   2.1040E+01
     5.00 deg.: X-S =  2734.457641 mb/sr,
+                                         /R =   5.2486E+01
     6.00 deg.: X-S =  2653.357234 mb/sr,
+                                         /R =   1.0555E+02
     7.00 deg.: X-S =  2491.814398 mb/sr,
+                                         /R =   1.8351E+02
     8.00 deg.: X-S =  2283.916112 mb/sr,
+                                         /R =   2.8673E+02
     9.00 deg.: X-S =  2051.235664 mb/sr,
+                                         /R =   4.1214E+02
    10.00 deg.: X-S =  1808.781309 mb/sr,
+                                         /R =   5.5338E+02
    11.00 deg.: X-S =  1567.568254 mb/sr,
+                                         /R =   7.0141E+02
    12.00 deg.: X-S =  1335.783313 mb/sr,
+                                         /R =   8.4552E+02
    13.00 deg.: X-S =  1119.366337 mb/sr,
+                                         /R =   9.7467E+02
    14.00 deg.: X-S =   922.358783 mb/sr,
+                                         /R =   1.0788E+03
    15.00 deg.: X-S =   747.169639 mb/sr,
+                                         /R =   1.1499E+03
    16.00 deg.: X-S =   594.820256 mb/sr,
+                                         /R =   1.1832E+03
    17.00 deg.: X-S =   465.188751 mb/sr,
+                                         /R =   1.1773E+03
    18.00 deg.: X-S =   357.255477 mb/sr,
+                                         /R =   1.1344E+03
    19.00 deg.: X-S =   269.342527 mb/sr,
+                                         /R =   1.0597E+03
    20.00 deg.: X-S =   199.337677 mb/sr,
+                                         /R =   9.6100E+02
    21.00 deg.: X-S =   144.893929 mb/sr,
+                                         /R =   8.4729E+02
    22.00 deg.: X-S =   103.598283 mb/sr,
+                                         /R =   7.2812E+02
    23.00 deg.: X-S =    73.106216 mb/sr,
+                                         /R =   6.1239E+02
    24.00 deg.: X-S =    51.241155 mb/sr,
+                                         /R =   5.0768E+02
    25.00 deg.: X-S =    36.060647 mb/sr,
+                                         /R =   4.1960E+02
    26.00 deg.: X-S =    25.892864 mb/sr,
+                                         /R =   3.5155E+02
    27.00 deg.: X-S =    19.348306 mb/sr,
+                                         /R =   3.0467E+02
    28.00 deg.: X-S =    15.312114 mb/sr,
+                                         /R =   2.7809E+02
    29.00 deg.: X-S =    12.922404 mb/sr,
+                                         /R =   2.6927E+02
    30.00 deg.: X-S =    11.539679 mb/sr,
+                                         /R =   2.7456E+02
    31.00 deg.: X-S =    10.711711 mb/sr,
+                                         /R =   2.8967E+02
    32.00 deg.: X-S =    10.137428 mb/sr,
+                                         /R =   3.1026E+02
    33.00 deg.: X-S =     9.632464 mb/sr,
+                                         /R =   3.3232E+02
    34.00 deg.: X-S =     9.098185 mb/sr,
+                                         /R =   3.5249E+02
    35.00 deg.: X-S =     8.495236 mb/sr,
+                                         /R =   3.6829E+02
    36.00 deg.: X-S =     7.822069 mb/sr,
+                                         /R =   3.7818E+02
    37.00 deg.: X-S =     7.098366 mb/sr,
+                                         /R =   3.8152E+02
    38.00 deg.: X-S =     6.352975 mb/sr,
+                                         /R =   3.7844E+02
    39.00 deg.: X-S =     5.615744 mb/sr,
+                                         /R =   3.6969E+02
    40.00 deg.: X-S =     4.912546 mb/sr,
+                                         /R =   3.5642E+02
    41.00 deg.: X-S =     4.262773 mb/sr,
+                                         /R =   3.3997E+02
    42.00 deg.: X-S =     3.678613 mb/sr,
+                                         /R =   3.2170E+02
    43.00 deg.: X-S =     3.165497 mb/sr,
+                                         /R =   3.0283E+02
    44.00 deg.: X-S =     2.723236 mb/sr,
+                                         /R =   2.8434E+02
    45.00 deg.: X-S =     2.347471 mb/sr,
+                                         /R =   2.6694E+02
    46.00 deg.: X-S =     2.031147 mb/sr,
+                                         /R =   2.5102E+02
    47.00 deg.: X-S =     1.765846 mb/sr,
+                                         /R =   2.3670E+02
    48.00 deg.: X-S =     1.542862 mb/sr,
+                                         /R =   2.2389E+02
    49.00 deg.: X-S =     1.353999 mb/sr,
+                                         /R =   2.1231E+02
    50.00 deg.: X-S =     1.192083 mb/sr,
+                                         /R =   2.0163E+02
    51.00 deg.: X-S =     1.051215 mb/sr,
+                                         /R =   1.9146E+02
    52.00 deg.: X-S =     0.926839 mb/sr,
+                                         /R =   1.8148E+02
    53.00 deg.: X-S =     0.815650 mb/sr,
+                                         /R =   1.7142E+02
    54.00 deg.: X-S =     0.715417 mb/sr,
+                                         /R =   1.6114E+02
    55.00 deg.: X-S =     0.624750 mb/sr,
+                                         /R =   1.5058E+02
    56.00 deg.: X-S =     0.542865 mb/sr,
+                                         /R =   1.3982E+02
    57.00 deg.: X-S =     0.469357 mb/sr,
+                                         /R =   1.2901E+02
    58.00 deg.: X-S =     0.404012 mb/sr,
+                                         /R =   1.1834E+02
    59.00 deg.: X-S =     0.346663 mb/sr,
+                                         /R =   1.0807E+02
    60.00 deg.: X-S =     0.297081 mb/sr,
+                                         /R =   9.8448E+01
    61.00 deg.: X-S =     0.254926 mb/sr,
+                                         /R =   8.9690E+01
    62.00 deg.: X-S =     0.219715 mb/sr,
+                                         /R =   8.1973E+01
    63.00 deg.: X-S =     0.190832 mb/sr,
+                                         /R =   7.5413E+01
    64.00 deg.: X-S =     0.167553 mb/sr,
+                                         /R =   7.0056E+01
    65.00 deg.: X-S =     0.149081 mb/sr,
+                                         /R =   6.5878E+01
    66.00 deg.: X-S =     0.134592 mb/sr,
+                                         /R =   6.2792E+01
    67.00 deg.: X-S =     0.123274 mb/sr,
+                                         /R =   6.0657E+01
    68.00 deg.: X-S =     0.114361 mb/sr,
+                                         /R =   5.9289E+01
    69.00 deg.: X-S =     0.107167 mb/sr,
+                                         /R =   5.8483E+01
    70.00 deg.: X-S =     0.101105 mb/sr,
+                                         /R =   5.8022E+01
    71.00 deg.: X-S =     0.095694 mb/sr,
+                                         /R =   5.7697E+01
    72.00 deg.: X-S =     0.090569 mb/sr,
+                                         /R =   5.7320E+01
    73.00 deg.: X-S =     0.085469 mb/sr,
+                                         /R =   5.6730E+01
    74.00 deg.: X-S =     0.080235 mb/sr,
+                                         /R =   5.5804E+01
    75.00 deg.: X-S =     0.074789 mb/sr,
+                                         /R =   5.4460E+01
    76.00 deg.: X-S =     0.069125 mb/sr,
+                                         /R =   5.2657E+01
    77.00 deg.: X-S =     0.063286 mb/sr,
+                                         /R =   5.0391E+01
    78.00 deg.: X-S =     0.057352 mb/sr,
+                                         /R =   4.7697E+01
    79.00 deg.: X-S =     0.051424 mb/sr,
+                                         /R =   4.4634E+01
    80.00 deg.: X-S =     0.045610 mb/sr,
+                                         /R =   4.1284E+01
    81.00 deg.: X-S =     0.040015 mb/sr,
+                                         /R =   3.7744E+01
    82.00 deg.: X-S =     0.034731 mb/sr,
+                                         /R =   3.4115E+01
    83.00 deg.: X-S =     0.029838 mb/sr,
+                                         /R =   3.0499E+01
    84.00 deg.: X-S =     0.025393 mb/sr,
+                                         /R =   2.6990E+01
    85.00 deg.: X-S =     0.021432 mb/sr,
+                                         /R =   2.3673E+01
    86.00 deg.: X-S =     0.017972 mb/sr,
+                                         /R =   2.0615E+01
    87.00 deg.: X-S =     0.015010 mb/sr,
+                                         /R =   1.7868E+01
    88.00 deg.: X-S =     0.012527 mb/sr,
+                                         /R =   1.5466E+01
    89.00 deg.: X-S =     0.010492 mb/sr,
+                                         /R =   1.3426E+01
    90.00 deg.: X-S =     0.008862 mb/sr,
+                                         /R =   1.1747E+01
    91.00 deg.: X-S =     0.007589 mb/sr,
+                                         /R =   1.0414E+01
    92.00 deg.: X-S =     0.006622 mb/sr,
+                                         /R =   9.4016E+00
    93.00 deg.: X-S =     0.005909 mb/sr,
+                                         /R =   8.6737E+00
    94.00 deg.: X-S =     0.005398 mb/sr,
+                                         /R =   8.1885E+00
    95.00 deg.: X-S =     0.005043 mb/sr,
+                                         /R =   7.9003E+00
    96.00 deg.: X-S =     0.004800 mb/sr,
+                                         /R =   7.7628E+00
    97.00 deg.: X-S =     0.004634 mb/sr,
+                                         /R =   7.7310E+00
    98.00 deg.: X-S =     0.004513 mb/sr,
+                                         /R =   7.7631E+00
    99.00 deg.: X-S =     0.004412 mb/sr,
+                                         /R =   7.8220E+00
   100.00 deg.: X-S =     0.004314 mb/sr,
+                                         /R =   7.8761E+00
   101.00 deg.: X-S =     0.004203 mb/sr,
+                                         /R =   7.9003E+00
   102.00 deg.: X-S =     0.004072 mb/sr,
+                                         /R =   7.8757E+00
   103.00 deg.: X-S =     0.003916 mb/sr,
+                                         /R =   7.7895E+00
   104.00 deg.: X-S =     0.003735 mb/sr,
+                                         /R =   7.6352E+00
   105.00 deg.: X-S =     0.003528 mb/sr,
+                                         /R =   7.4111E+00
   106.00 deg.: X-S =     0.003301 mb/sr,
+                                         /R =   7.1201E+00
   107.00 deg.: X-S =     0.003057 mb/sr,
+                                         /R =   6.7689E+00
   108.00 deg.: X-S =     0.002803 mb/sr,
+                                         /R =   6.3664E+00
   109.00 deg.: X-S =     0.002543 mb/sr,
+                                         /R =   5.9237E+00
   110.00 deg.: X-S =     0.002284 mb/sr,
+                                         /R =   5.4528E+00
   111.00 deg.: X-S =     0.002030 mb/sr,
+                                         /R =   4.9659E+00
   112.00 deg.: X-S =     0.001787 mb/sr,
+                                         /R =   4.4749E+00
   113.00 deg.: X-S =     0.001557 mb/sr,
+                                         /R =   3.9909E+00
   114.00 deg.: X-S =     0.001343 mb/sr,
+                                         /R =   3.5238E+00
   115.00 deg.: X-S =     0.001149 mb/sr,
+                                         /R =   3.0818E+00
   116.00 deg.: X-S =     0.000974 mb/sr,
+                                         /R =   2.6717E+00
   117.00 deg.: X-S =     0.000820 mb/sr,
+                                         /R =   2.2984E+00
   118.00 deg.: X-S =     0.000687 mb/sr,
+                                         /R =   1.9652E+00
   119.00 deg.: X-S =     0.000573 mb/sr,
+                                         /R =   1.6738E+00
   120.00 deg.: X-S =     0.000478 mb/sr,
+                                         /R =   1.4244E+00
   121.00 deg.: X-S =     0.000400 mb/sr,
+                                         /R =   1.2160E+00
   122.00 deg.: X-S =     0.000337 mb/sr,
+                                         /R =   1.0465E+00
   123.00 deg.: X-S =     0.000289 mb/sr,
+                                         /R =   9.1307E-01
   124.00 deg.: X-S =     0.000252 mb/sr,
+                                         /R =   8.1208E-01
   125.00 deg.: X-S =     0.000225 mb/sr,
+                                         /R =   7.3960E-01
   126.00 deg.: X-S =     0.000207 mb/sr,
+                                         /R =   6.9149E-01
   127.00 deg.: X-S =     0.000195 mb/sr,
+                                         /R =   6.6351E-01
   128.00 deg.: X-S =     0.000188 mb/sr,
+                                         /R =   6.5156E-01
   129.00 deg.: X-S =     0.000185 mb/sr,
+                                         /R =   6.5173E-01
   130.00 deg.: X-S =     0.000185 mb/sr,
+                                         /R =   6.6042E-01
   131.00 deg.: X-S =     0.000186 mb/sr,
+                                         /R =   6.7441E-01
   132.00 deg.: X-S =     0.000187 mb/sr,
+                                         /R =   6.9089E-01
   133.00 deg.: X-S =     0.000189 mb/sr,
+                                         /R =   7.0747E-01
   134.00 deg.: X-S =     0.000190 mb/sr,
+                                         /R =   7.2223E-01
   135.00 deg.: X-S =     0.000190 mb/sr,
+                                         /R =   7.3368E-01
   136.00 deg.: X-S =     0.000189 mb/sr,
+                                         /R =   7.4071E-01
   137.00 deg.: X-S =     0.000187 mb/sr,
+                                         /R =   7.4261E-01
   138.00 deg.: X-S =     0.000183 mb/sr,
+                                         /R =   7.3899E-01
   139.00 deg.: X-S =     0.000179 mb/sr,
+                                         /R =   7.2977E-01
   140.00 deg.: X-S =     0.000173 mb/sr,
+                                         /R =   7.1509E-01
   141.00 deg.: X-S =     0.000166 mb/sr,
+                                         /R =   6.9530E-01
   142.00 deg.: X-S =     0.000158 mb/sr,
+                                         /R =   6.7092E-01
   143.00 deg.: X-S =     0.000150 mb/sr,
+                                         /R =   6.4256E-01
   144.00 deg.: X-S =     0.000141 mb/sr,
+                                         /R =   6.1093E-01
   145.00 deg.: X-S =     0.000131 mb/sr,
+                                         /R =   5.7679E-01
   146.00 deg.: X-S =     0.000122 mb/sr,
+                                         /R =   5.4088E-01
   147.00 deg.: X-S =     0.000112 mb/sr,
+                                         /R =   5.0396E-01
   148.00 deg.: X-S =     0.000103 mb/sr,
+                                         /R =   4.6677E-01
   149.00 deg.: X-S =   9.4046E-05 mb/sr,
+                                         /R =   4.2997E-01
   150.00 deg.: X-S =   8.5403E-05 mb/sr,
+                                         /R =   3.9418E-01
   151.00 deg.: X-S =   7.7275E-05 mb/sr,
+                                         /R =   3.5996E-01
   152.00 deg.: X-S =   6.9746E-05 mb/sr,
+                                         /R =   3.2778E-01
   153.00 deg.: X-S =   6.2878E-05 mb/sr,
+                                         /R =   2.9804E-01
   154.00 deg.: X-S =   5.6717E-05 mb/sr,
+                                         /R =   2.7106E-01
   155.00 deg.: X-S =   5.1291E-05 mb/sr,
+                                         /R =   2.4707E-01
   156.00 deg.: X-S =   4.6613E-05 mb/sr,
+                                         /R =   2.2624E-01
   157.00 deg.: X-S =   4.2682E-05 mb/sr,
+                                         /R =   2.0867E-01
   158.00 deg.: X-S =   3.9484E-05 mb/sr,
+                                         /R =   1.9438E-01
   159.00 deg.: X-S =   3.6993E-05 mb/sr,
+                                         /R =   1.8333E-01
   160.00 deg.: X-S =   3.5176E-05 mb/sr,
+                                         /R =   1.7543E-01
   161.00 deg.: X-S =   3.3988E-05 mb/sr,
+                                         /R =   1.7053E-01
   162.00 deg.: X-S =   3.3380E-05 mb/sr,
+                                         /R =   1.6843E-01
   163.00 deg.: X-S =   3.3298E-05 mb/sr,
+                                         /R =   1.6892E-01
   164.00 deg.: X-S =   3.3680E-05 mb/sr,
+                                         /R =   1.7173E-01
   165.00 deg.: X-S =   3.4465E-05 mb/sr,
+                                         /R =   1.7657E-01
   166.00 deg.: X-S =   3.5588E-05 mb/sr,
+                                         /R =   1.8313E-01
   167.00 deg.: X-S =   3.6985E-05 mb/sr,
+                                         /R =   1.9110E-01
   168.00 deg.: X-S =   3.8589E-05 mb/sr,
+                                         /R =   2.0016E-01
   169.00 deg.: X-S =   4.0337E-05 mb/sr,
+                                         /R =   2.0996E-01
   170.00 deg.: X-S =   4.2168E-05 mb/sr,
+                                         /R =   2.2020E-01
   171.00 deg.: X-S =   4.4022E-05 mb/sr,
+                                         /R =   2.3054E-01
   172.00 deg.: X-S =   4.5842E-05 mb/sr,
+                                         /R =   2.4070E-01
   173.00 deg.: X-S =   4.7578E-05 mb/sr,
+                                         /R =   2.5039E-01
   174.00 deg.: X-S =   4.9183E-05 mb/sr,
+                                         /R =   2.5935E-01
   175.00 deg.: X-S =   5.0614E-05 mb/sr,
+                                         /R =   2.6734E-01
   176.00 deg.: X-S =   5.1836E-05 mb/sr,
+                                         /R =   2.7417E-01
   177.00 deg.: X-S =   5.2818E-05 mb/sr,
+                                         /R =   2.7967E-01
   178.00 deg.: X-S =   5.3537E-05 mb/sr,
+                                         /R =   2.8369E-01
   179.00 deg.: X-S =   5.3975E-05 mb/sr,
+                                         /R =   2.8614E-01
   179.99 deg.: X-S =   5.4122E-05 mb/sr,
+                                         /R =   2.8696E-01
                                           Integrated********** mb, over [   0.000, 180.000] at   200.0000 MeV 

 CROSS SECTIONS FOR OUTGOING d        & 3He      in state #   1 with spins & parities 1.0  + &  0.5  +;  0

     0.00 deg.: X-S =     0.024669 mb/sr,
+                                         REAC   1.9143E-02 mb
     1.00 deg.: X-S =     0.024255 mb/sr,
     2.00 deg.: X-S =     0.023141 mb/sr,
     3.00 deg.: X-S =     0.021689 mb/sr,
     4.00 deg.: X-S =     0.020491 mb/sr,
     5.00 deg.: X-S =     0.020146 mb/sr,
     6.00 deg.: X-S =     0.020867 mb/sr,
     7.00 deg.: X-S =     0.022586 mb/sr,
     8.00 deg.: X-S =     0.025360 mb/sr,
     9.00 deg.: X-S =     0.029303 mb/sr,
    10.00 deg.: X-S =     0.034099 mb/sr,
    11.00 deg.: X-S =     0.038830 mb/sr,
    12.00 deg.: X-S =     0.042499 mb/sr,
    13.00 deg.: X-S =     0.044668 mb/sr,
    14.00 deg.: X-S =     0.045395 mb/sr,
    15.00 deg.: X-S =     0.044725 mb/sr,
    16.00 deg.: X-S =     0.042554 mb/sr,
    17.00 deg.: X-S =     0.038979 mb/sr,
    18.00 deg.: X-S =     0.034507 mb/sr,
    19.00 deg.: X-S =     0.029774 mb/sr,
    20.00 deg.: X-S =     0.025189 mb/sr,
    21.00 deg.: X-S =     0.020923 mb/sr,
    22.00 deg.: X-S =     0.017102 mb/sr,
    23.00 deg.: X-S =     0.013863 mb/sr,
    24.00 deg.: X-S =     0.011249 mb/sr,
    25.00 deg.: X-S =     0.009177 mb/sr,
    26.00 deg.: X-S =     0.007514 mb/sr,
    27.00 deg.: X-S =     0.006154 mb/sr,
    28.00 deg.: X-S =     0.005022 mb/sr,
    29.00 deg.: X-S =     0.004067 mb/sr,
    30.00 deg.: X-S =     0.003274 mb/sr,
    31.00 deg.: X-S =     0.002633 mb/sr,
    32.00 deg.: X-S =     0.002115 mb/sr,
    33.00 deg.: X-S =     0.001674 mb/sr,
    34.00 deg.: X-S =     0.001291 mb/sr,
    35.00 deg.: X-S =     0.000987 mb/sr,
    36.00 deg.: X-S =     0.000777 mb/sr,
    37.00 deg.: X-S =     0.000630 mb/sr,
    38.00 deg.: X-S =     0.000503 mb/sr,
    39.00 deg.: X-S =     0.000393 mb/sr,
    40.00 deg.: X-S =     0.000326 mb/sr,
    41.00 deg.: X-S =     0.000305 mb/sr,
    42.00 deg.: X-S =     0.000294 mb/sr,
    43.00 deg.: X-S =     0.000269 mb/sr,
    44.00 deg.: X-S =     0.000246 mb/sr,
    45.00 deg.: X-S =     0.000250 mb/sr,
    46.00 deg.: X-S =     0.000270 mb/sr,
    47.00 deg.: X-S =     0.000270 mb/sr,
    48.00 deg.: X-S =     0.000243 mb/sr,
    49.00 deg.: X-S =     0.000215 mb/sr,
    50.00 deg.: X-S =     0.000207 mb/sr,
    51.00 deg.: X-S =     0.000207 mb/sr,
    52.00 deg.: X-S =     0.000188 mb/sr,
    53.00 deg.: X-S =     0.000150 mb/sr,
    54.00 deg.: X-S =     0.000118 mb/sr,
    55.00 deg.: X-S =     0.000104 mb/sr,
    56.00 deg.: X-S =   9.7744E-05 mb/sr,
    57.00 deg.: X-S =   8.2847E-05 mb/sr,
    58.00 deg.: X-S =   6.1127E-05 mb/sr,
    59.00 deg.: X-S =   4.4296E-05 mb/sr,
    60.00 deg.: X-S =   3.6249E-05 mb/sr,
    61.00 deg.: X-S =   3.2635E-05 mb/sr,
    62.00 deg.: X-S =   2.7202E-05 mb/sr,
    63.00 deg.: X-S =   1.9947E-05 mb/sr,
    64.00 deg.: X-S =   1.4765E-05 mb/sr,
    65.00 deg.: X-S =   1.1906E-05 mb/sr,
    66.00 deg.: X-S =   1.0423E-05 mb/sr,
    67.00 deg.: X-S =   9.1635E-06 mb/sr,
    68.00 deg.: X-S =   7.5742E-06 mb/sr,
    69.00 deg.: X-S =   6.6095E-06 mb/sr,
    70.00 deg.: X-S =   5.8521E-06 mb/sr,
    71.00 deg.: X-S =   5.0691E-06 mb/sr,
    72.00 deg.: X-S =   4.7188E-06 mb/sr,
    73.00 deg.: X-S =   4.3962E-06 mb/sr,
    74.00 deg.: X-S =   4.2355E-06 mb/sr,
    75.00 deg.: X-S =   4.2971E-06 mb/sr,
    76.00 deg.: X-S =   4.1335E-06 mb/sr,
    77.00 deg.: X-S =   3.9166E-06 mb/sr,
    78.00 deg.: X-S =   3.7144E-06 mb/sr,
    79.00 deg.: X-S =   3.4600E-06 mb/sr,
    80.00 deg.: X-S =   3.6479E-06 mb/sr,
    81.00 deg.: X-S =   3.9085E-06 mb/sr,
    82.00 deg.: X-S =   3.5876E-06 mb/sr,
    83.00 deg.: X-S =   3.2521E-06 mb/sr,
    84.00 deg.: X-S =   3.1737E-06 mb/sr,
    85.00 deg.: X-S =   3.3298E-06 mb/sr,
    86.00 deg.: X-S =   3.5429E-06 mb/sr,
    87.00 deg.: X-S =   3.1111E-06 mb/sr,
    88.00 deg.: X-S =   2.4897E-06 mb/sr,
    89.00 deg.: X-S =   2.4230E-06 mb/sr,
    90.00 deg.: X-S =   2.3273E-06 mb/sr,
    91.00 deg.: X-S =   2.1411E-06 mb/sr,
    92.00 deg.: X-S =   1.9317E-06 mb/sr,
    93.00 deg.: X-S =   1.4895E-06 mb/sr,
    94.00 deg.: X-S =   1.4063E-06 mb/sr,
    95.00 deg.: X-S =   1.1274E-06 mb/sr,
    96.00 deg.: X-S =   7.1721E-07 mb/sr,
    97.00 deg.: X-S =   7.9003E-07 mb/sr,
    98.00 deg.: X-S =   7.8432E-07 mb/sr,
    99.00 deg.: X-S =   1.0599E-06 mb/sr,
   100.00 deg.: X-S =   1.0023E-06 mb/sr,
   101.00 deg.: X-S =   6.7901E-07 mb/sr,
   102.00 deg.: X-S =   8.7816E-07 mb/sr,
   103.00 deg.: X-S =   8.2814E-07 mb/sr,
   104.00 deg.: X-S =   1.1926E-06 mb/sr,
   105.00 deg.: X-S =   1.4323E-06 mb/sr,
   106.00 deg.: X-S =   9.5751E-07 mb/sr,
   107.00 deg.: X-S =   9.2167E-07 mb/sr,
   108.00 deg.: X-S =   6.7727E-07 mb/sr,
   109.00 deg.: X-S =   6.9598E-07 mb/sr,
   110.00 deg.: X-S =   1.1332E-06 mb/sr,
   111.00 deg.: X-S =   7.9903E-07 mb/sr,
   112.00 deg.: X-S =   4.5660E-07 mb/sr,
   113.00 deg.: X-S =   1.6822E-07 mb/sr,
   114.00 deg.: X-S =   6.3806E-08 mb/sr,
   115.00 deg.: X-S =   6.3192E-07 mb/sr,
   116.00 deg.: X-S =   9.3000E-07 mb/sr,
   117.00 deg.: X-S =   8.0007E-07 mb/sr,
   118.00 deg.: X-S =   5.4116E-07 mb/sr,
   119.00 deg.: X-S =   4.1752E-07 mb/sr,
   120.00 deg.: X-S =   7.2015E-07 mb/sr,
   121.00 deg.: X-S =   1.1832E-06 mb/sr,
   122.00 deg.: X-S =   1.4500E-06 mb/sr,
   123.00 deg.: X-S =   1.2108E-06 mb/sr,
   124.00 deg.: X-S =   8.4679E-07 mb/sr,
   125.00 deg.: X-S =   7.5903E-07 mb/sr,
   126.00 deg.: X-S =   8.1897E-07 mb/sr,
   127.00 deg.: X-S =   9.6310E-07 mb/sr,
   128.00 deg.: X-S =   8.7195E-07 mb/sr,
   129.00 deg.: X-S =   5.9331E-07 mb/sr,
   130.00 deg.: X-S =   4.1463E-07 mb/sr,
   131.00 deg.: X-S =   4.2417E-07 mb/sr,
   132.00 deg.: X-S =   4.8142E-07 mb/sr,
   133.00 deg.: X-S =   3.0026E-07 mb/sr,
   134.00 deg.: X-S =   3.4487E-07 mb/sr,
   135.00 deg.: X-S =   4.5767E-07 mb/sr,
   136.00 deg.: X-S =   3.8704E-07 mb/sr,
   137.00 deg.: X-S =   4.2275E-07 mb/sr,
   138.00 deg.: X-S =   2.0817E-07 mb/sr,
   139.00 deg.: X-S =   4.3448E-07 mb/sr,
   140.00 deg.: X-S =   1.0842E-06 mb/sr,
   141.00 deg.: X-S =   9.1932E-07 mb/sr,
   142.00 deg.: X-S =   4.5891E-07 mb/sr,
   143.00 deg.: X-S =   1.6614E-07 mb/sr,
   144.00 deg.: X-S =   3.1808E-07 mb/sr,
   145.00 deg.: X-S =   1.4029E-06 mb/sr,
   146.00 deg.: X-S =   1.7936E-06 mb/sr,
   147.00 deg.: X-S =   8.4944E-07 mb/sr,
   148.00 deg.: X-S =   1.8299E-07 mb/sr,
   149.00 deg.: X-S =   4.0498E-07 mb/sr,
   150.00 deg.: X-S =   1.4927E-06 mb/sr,
   151.00 deg.: X-S =   2.1442E-06 mb/sr,
   152.00 deg.: X-S =   1.3203E-06 mb/sr,
   153.00 deg.: X-S =   4.6482E-07 mb/sr,
   154.00 deg.: X-S =   6.6430E-07 mb/sr,
   155.00 deg.: X-S =   1.6665E-06 mb/sr,
   156.00 deg.: X-S =   1.9937E-06 mb/sr,
   157.00 deg.: X-S =   1.3052E-06 mb/sr,
   158.00 deg.: X-S =   9.0301E-07 mb/sr,
   159.00 deg.: X-S =   7.9253E-07 mb/sr,
   160.00 deg.: X-S =   1.1565E-06 mb/sr,
   161.00 deg.: X-S =   1.2551E-06 mb/sr,
   162.00 deg.: X-S =   7.2822E-07 mb/sr,
   163.00 deg.: X-S =   1.0794E-06 mb/sr,
   164.00 deg.: X-S =   1.0471E-06 mb/sr,
   165.00 deg.: X-S =   5.6888E-07 mb/sr,
   166.00 deg.: X-S =   5.1449E-07 mb/sr,
   167.00 deg.: X-S =   2.2834E-07 mb/sr,
   168.00 deg.: X-S =   8.9596E-07 mb/sr,
   169.00 deg.: X-S =   1.3499E-06 mb/sr,
   170.00 deg.: X-S =   9.5298E-07 mb/sr,
   171.00 deg.: X-S =   9.7582E-07 mb/sr,
   172.00 deg.: X-S =   4.9542E-07 mb/sr,
   173.00 deg.: X-S =   7.5970E-07 mb/sr,
   174.00 deg.: X-S =   2.0991E-06 mb/sr,
   175.00 deg.: X-S =   1.9345E-06 mb/sr,
   176.00 deg.: X-S =   1.7306E-06 mb/sr,
   177.00 deg.: X-S =   2.6677E-06 mb/sr,
   178.00 deg.: X-S =   2.6238E-06 mb/sr,
   179.00 deg.: X-S =   3.7558E-06 mb/sr,
   180.00 deg.: X-S =   5.3646E-06 mb/sr,
                                           Integrated    0.0191 mb, over [   0.000, 180.000] at   200.0000 MeV 
 Finished all xsecs @   0.500000000    

  The following files have been created:
   3:local copy of User input.            6:standard output.                   
   7:elastic  S-matrix elements.         12:transfer kernels.                  
  13:total cross sections/state.         16:tables of cross sections.          
  35:Astrophysics S-factors  / Ecm.      38:cross sections for each J/pi.      
  39:cross sections for each Ecm.        40:all cross sectns. for each Elab.   
  45:scat phase shift as E functions.    46:bs wave functions & ANC ratios.    
  56:Fusion for each Jtotal.             75:S-factors for lab energies.        
 201:Separate cross sections.           202:Separate cross sections.           

 PARAMETERS : MAXQRN   MFNL   MLOC  LMAX1 MCLIST
    ALLOWED :      2     16     12    100      6
    REQUIRED:      1      2     12     83      4


 ACCURACY ANALYSIS at   200.000 MeV :

  Elastic h*k = 0.126 so OK       compared with 0.200

   Real(S-el) > 0.01 first at J =       2.5
   Real(S-el) > 0.10 first at J =       3.5
   Real(S-el) > 0.50 first at J =       5.5
   Real(S-el) > 0.90 first at J =      10.5
   Real(S-el) > 0.99 first at J =      13.5
   R-turn =    31.96 fm    at J =      80.5

 Forward-angle excitation cut off below   0.031 deg by max JT =      80.5
                              and below   0.033 deg by max R.


 1: Recommended RNL: non-local width >  11.80 cf:  10.00 fm: OK      
    Recommended CENTRE: centration   ~   2.30 cf:   0.00 fm

 Total CPU  0 time =       0.50 seconds
