 FRESCO - FRES 3.4: Coupled Reaction Channels
 Assuming NAMELIST input.

 4He(p,d)3He  E=140 MeV  Q=-18.353  [he4_p_d_he3]                                

   0.050  30.000   0.250   0.100  10.000   0.000   0.000   0.000   0.000   0.000

 Centre-of-mass Range is    602 * 0.0500 fm., Maximum at  30.00 fm., Interpolating NL forms every  0.25 fm.
 Non - locality width is    101 * 0.1000 fm., Maximum of  10.00 fm., Centred at  0.00 fm.
 2-Nucleon Separation of      0 * 0.2500 fm., Maximum of   0.00 fm., Minimum at  0.00 fm.
 Maximum single particle bins of 30.0000 fm.
               M,Mint =          601         601


 Range of total J is     0.0 <= J <=    80.0 (at least     0.0) and Absorbtion =>    -1.0000 mb.
 Dry Run = F, CC set limits =  0  0, Relativistic kinematics = a, Both/Far/Near Analyses =  1                     

 Cross Sections (and up to T0 for 0=projectile) for Theta from   0.0 to 180.0 in steps of  1.0 degrees, DGAM=0,  Coordinates = 0 (Mads)

 Lower Radial Cutoff = maximum of -1.60*L*h &       0.0 fm.,  Lower Cutoff for Couplings =   0.0  fm.


 Iterate Couplings between   1 and   1 times, to  0.000 % if sooner.                                          
  Block solved exactly =   0 chs., with Pade = 0 & Isocen =  =0, NOSOL = F, initwf =  0
  NL quadrature with   18 Gaussian points, Calculate multipoles up to    86 from   0
  M-transfers for lp+lt greater than or equal to  6, Angular Integration Cutoff below  2.7778 %


 Trace switches are :  CHANS =  1, LISTCC =  0, TRENEG =  0, CDETR =  0, SMATS =  2, XSTABL =  1, NLPL =  0

                       WAVES =  0, LAMPL =  0, VEFF =  0, KFUS =  0, WDISK =  0, BPM =  0, MELFIL =  0

                       CDCC =  0, NFUS =  0

 Using unit mass = 1.000000 amu and 1/fine-structure constant = 137.03599 ( 1.000000 * true ) with hc = 197.32705 MeV.fm,
  thus 2*amu/hbar^2 = 0.0478450 = 1/20.9008 and Coulomb constant = 0.1574855 so e^2 = 1.43997, and nuclear magneton= 0.1261183

 Now pre-scan input and save to file 3



 *********** PARTITION NUMBER  1 ******************************************************************************************

   PROJ=p          MASS=  1.0000 Z=   1.0,        # STATES=    1T, TARG=4He      MASS=  4.0000 Z=   2.0,     Q-VALUE =   0.0000 MEV.

     1:  J= 0.5+ (B# 1), E=  0.0000, K= 0.5              Potl#  1       J= 0.0+ (B# 1), E=  0.0000, K= 0.0    


 *********** PARTITION NUMBER  2 ******************************************************************************************

   PROJ=d          MASS=  2.0000 Z=   1.0,        # STATES=    1T, TARG=3He      MASS=  3.0000 Z=   2.0,     Q-VALUE = -18.3530 MEV.

     1:  J= 1.0+ (B# 1), E=  0.0000, K= 0.0              Potl#  2       J= 0.5+ (B# 1), E=  0.0000, K= 0.5    
0****** WARNING : COMPARED WITH PARTITION  1, THIS PARTITION HAS TOTAL MASS & CHARGE EXCESSES  -0.01970 &   0.0000


 ************************************************************************************************************************************

 The following POTENTIALS are defined :

  KP#       TYPE      IT    SHAPE      at     V1        r1        a1        V2        r2        a2        A-in     A-used


                                            A#1       A#2        r0c       ac                                                h @ 1
    1    0=Coulomb       0=CHARGE (WS)  1     1.000     4.000    1.3000    0.0000    0.0000    0.0000     0.000    17.322   0.05000

    1    1=Volume        0=Woods-Saxon  2   48.0000    1.1500    0.5700    0.0000    1.1500    0.5700     0.000    17.322

    1    2=Surface       0=Woods-Saxon  3    0.0000    0.0000    0.0000    6.0000    1.3000    0.5000     0.000    17.322

    1    3=Projtl S.O.   0=Woods-Saxon  4    5.5000    1.0000    0.5000    0.0000    0.0000    0.0000     0.000    17.322
   --------------------------------------------------------------------------------------------------------------------

                                            A#1       A#2        r0c       ac                                                h @ 2
    2    0=Coulomb       0=CHARGE (WS)  5     2.000     3.000    1.3000    0.0000    0.0000    0.0000     0.000    19.731   0.05000

    2    1=Volume        0=Woods-Saxon  6   88.0000    1.1700    0.7900    0.0000    1.1700    0.7900     0.000    19.731

    2    2=Surface       0=Woods-Saxon  7    0.0000    0.0000    0.0000   12.0000    1.3300    0.7400     0.000    19.731

    2    3=Projtl S.O.   0=Woods-Saxon  8    7.0000    1.0700    0.6600    0.0000    0.0000    0.0000     0.000    19.731
   --------------------------------------------------------------------------------------------------------------------

    3    1=Volume        0=Woods-Saxon  9   50.0000    1.2500    0.6500    0.0000    0.0000    0.0000     0.000    19.731

    3    3=Projtl S.O.   0=Woods-Saxon 10    6.0000    1.2500    0.6500    0.0000    0.0000    0.0000     0.000    19.731
   --------------------------------------------------------------------------------------------------------------------

    4    1=Volume        0=Woods-Saxon 11   50.0000    1.2500    0.6500    0.0000    0.0000    0.0000     0.000    19.731

    4    3=Projtl S.O.   0=Woods-Saxon 12    6.0000    1.2500    0.6500    0.0000    0.0000    0.0000     0.000    19.731


 ************************************************************************************************************************************

 The following SINGLE-PARTICLE FORM FACTORS are constructed :


 No.   P1 P2 IN KIND T N  L  S1 IA J/S  IB BIND XFER  BE    SC PC FIL AFRAC Adjust  to  Z  Mass   K     Norm    rms      D0     D   ANC/Gsp

    1:  2  1  2  0     1  0 0.5  1 0.5   0   3   0  20.5780  1  0  0 0.0000 VR  0.7942; 0. 1.000 0.8593 1.0000  2.472 -417.8 -957.1  9.6885

    2:  1  2  1  0     1  0 0.5  1 0.5   0   4   0   2.2246  1  0  0 0.0000 VR  0.3377; 0. 1.000 0.2307 1.0000  4.770 -154.2 -167.5  1.1301

 ************************************************************************************************************************************

 TWO-way COUPLING # 1 for partitions  2 <-  1 of KIND  7,   0 -1  5 -1 -1 & P1,P2 =    0.0000   0.0000 : for J <=    80.5 & R <  29.8 fm.


 data =  2  1  1  1  1.0000,  so  < [4He      #  1] / [3He      #  1]  * Eigen-form #  1>  =   1.0000            BE = 20.578     1

 data =  1  1  1  2  1.0000,  so  < [d        #  1] / [p        #  1]  * Eigen-form #  2>  =   1.0000            BE =  2.225     2
 KNT =   1, KNP =   2: NK,NG,loc=   1   1   1  13  T  T  F

     So FINITE-RANGE TRANSFER : IP1 = 0 (POST    ), IP2=-1 =COMPLEX     ,  for   1 pairs of bound states summed into   1 pairs
      The main coupling potential is that binding the transferred particle to the 3He      core.

          Using between p        & 3He      the potential No.   5, and subtracting optical potential No.  2

   A real*8 is            8  bytes
   NLL,NLN,NLO =         120         121         101
0File   9 needs RL =   24240    REAL*8 numbers, and NR =    88. i.e.    17.06 Megabytes
   File            9  RECL =      193920
0RECOMMENDED NON-LOCAL WIDTH IS GREATER THAN   11.80 FM.,  RECOMMENDED CENTRATION   2.30, after    0.06 secs.
0Relative non-local usages (rms) are
    0.003   0.005   0.007   0.011   0.015   0.019   0.030   0.038   0.053   0.071   0.087   0.132   0.167   0.230   0.306
    0.372   0.541   0.676   0.908   1.186   1.427   1.994   2.455   3.183   4.044   4.788   6.329   7.600   9.380  11.433
   13.201  16.309  18.918  22.174  25.808  28.940  33.725  37.803  42.471  47.501  51.832  57.646  62.619  67.805  73.082
   77.548  82.589  86.793  90.536  93.845  96.417  98.292  99.496 100.000  99.858  99.142  97.885  96.129  93.931  91.325
   88.381  85.138  81.660  77.998  74.205  70.347  66.460  62.589  58.777  55.047  51.439  47.968  44.652  41.499  38.517
   35.707  33.067  30.594  28.284  26.128  24.121  22.254  20.521  18.913  17.422  16.042  14.764  13.583  12.491  11.482
   10.551   9.693   8.902   8.173   7.502   6.884   6.317   5.796   5.317   4.878   4.476

 Incoming partition  1 in excitation state # 1,   Laboratory Energy given for partition  1 Nucleus 1 in Excitation pair 1

0Lab. ENERGY ranges :

   from    140.000     to   0.00000     in     0 intervals
   from    0.00000     to   0.00000     in     0 intervals
   from    0.00000     to   0.00000     in     0 intervals

 Largest real,imaginary parts of any form factor at R=   29.50 are   4.88E-02  3.00E-14 MeV
 Finished all Couplings @    6.25000000E-02          12

 Symmetric Hamiltonian
1***********************************************************************************************************************************
************************************************************************************************************************************

        INCOMING p        ;    LABORATORY p        ENERGY =   140.00     MeV.

 ***********************************************************************************************************************************
 ***********************************************************************************************************************************


  NOTE: Coulomb excitation cut off below   0.037 deg by JTMAX, and below   0.048 deg by Rmax

 Allocate arrays for            3  channels, of which            3  need wfs.

 ######################################################################################################################
 #                                                                                                                    #
 # Total SPIN and PARITY =     0.5 +,      3 channels,    0 in 1st block.  Rmin & Coul turning =    0.0    0.0 fm.  #
 #                                                                                                                    #
 ######################################################################################################################



    C Projectl Target   #   EX.   (L  Proj) J  + Targ = Jtotal     E-cm      Re K     Re Eta     RM*K            CH
    1 p        4He      #    1: I   0 0.5    0.5  0.0     0.5   114.89093   2.09704   0.02628   62.9111   0.03146   0.49911 1 1 1   1
    2 d        3He      #    1:     0 1.0    1.0  0.5     0.5    93.79785   2.32063   0.03563   69.6188  -0.15133   0.47668 2 1 2   1
    3 d        3He      #    1:     2 1.0    1.0  0.5     0.5    93.79785   2.32063   0.03563   69.6188   0.19663  -0.46002 2 1 2   1
   S-matrix    1 =   -0.66722   0.46561 for L=    0, J=    0.5 channel on core I =   0.0 from L=    0,  Acc. loss =  0.0 D.
 Elastic phase shift   1 =   72.546   5.909 deg. for the L =    0, J =    0.5 channel.
       0.5 -0.66722080  0.46561204i: elastic S-matrix  @@      0.02  0   0 F  0
 Reaction Xsec     0.5+/ 0 @ 1 =   2.415 , Out:   0.000#   1.552/   2.413f


 Total SPIN, PARITY =     0.5 -,      3 chs,      0 cc.  Rmin & Coul turning =    0.0    0.0
   S-matrix    1 =   -0.51296   0.62876 for L=    1, J=    0.5 channel on core I =   0.0 from L=    1,  Acc. loss =  0.0 D.
 Elastic phase shift   1 =   64.604   5.985 deg. for the L =    1, J =    0.5 channel.
       0.5 -0.51296499  0.62876081i: elastic S-matrix  @@      0.00  0   0 F  0
 Reaction Xsec     0.5-/ 1 @ 1 =   2.440 , Out:   0.000#   1.071/   2.439f

 Allocate arrays for            4  channels, of which            4  need wfs.

 Total SPIN, PARITY =     1.5 +,      4 chs,      0 cc.  Rmin & Coul turning =    0.1    0.7
   S-matrix    1 =   -0.34741   0.72084 for L=    2, J=    1.5 channel on core I =   0.0 from L=    2,  Acc. loss =  0.0 D.
 Elastic phase shift   1 =   57.866   6.386 deg. for the L =    2, J =    1.5 channel.
       1.5 -0.34740996  0.72083518i: elastic S-matrix  @@      0.00  0   0 F  0
 Reaction Xsec     1.5+/ 2 @ 1 =   5.139 , Out:   0.000#   1.766/   5.138f


 Total SPIN, PARITY =     1.5 -,      4 chs,      0 cc.  Rmin & Coul turning =    0.1    0.7
   S-matrix    1 =   -0.65352   0.48297 for L=    1, J=    1.5 channel on core I =   0.0 from L=    1,  Acc. loss =  0.0 D.
 Elastic phase shift   1 =   71.767   5.944 deg. for the L =    1, J =    1.5 channel.
       1.5 -0.65351514  0.48297135i: elastic S-matrix  @@      0.00  0   0 F  0
 Reaction Xsec     1.5-/ 1 @ 1 =   4.853 , Out:   0.000#   2.178/   4.851f


 Total SPIN, PARITY =     2.5 +,      4 chs,      0 cc.  Rmin & Coul turning =    0.2    1.2
   S-matrix    1 =   -0.62275   0.51134 for L=    2, J=    2.5 channel on core I =   0.0 from L=    2,  Acc. loss =  0.0 D.
 Elastic phase shift   1 =   70.305   6.186 deg. for the L =    2, J =    2.5 channel.
       2.5 -0.62274551  0.51134143i: elastic S-matrix  @@      0.00  0   0 F  0
 Reaction Xsec     2.5+/ 2 @ 1 =   7.517 , Out:   0.000#   2.683/   7.514f


 Total SPIN, PARITY =     2.5 -,      4 chs,      0 cc.  Rmin & Coul turning =    0.2    1.2
   S-matrix    1 =   -0.09553   0.77983 for L=    3, J=    2.5 channel on core I =   0.0 from L=    3,  Acc. loss =  0.0 D.
 Elastic phase shift   1 =   48.492   6.911 deg. for the L =    3, J =    2.5 channel.
       2.5 -0.09552888  0.77983433i: elastic S-matrix  @@      0.00  0   0 F  0
 Reaction Xsec     2.5-/ 3 @ 1 =   8.203 , Out:   0.000#   2.368/   8.200f


 Total SPIN, PARITY =     3.5 +,      4 chs,      0 cc.  Rmin & Coul turning =    0.2    1.7
   S-matrix    1 =    0.21866   0.73328 for L=    4, J=    3.5 channel on core I =   0.0 from L=    4,  Acc. loss =  0.0 D.
 Elastic phase shift   1 =   36.698   7.667 deg. for the L =    4, J =    3.5 channel.
       3.5  0.21865984  0.73327877i: elastic S-matrix  @@      0.02  0   0 F  0
 Reaction Xsec     3.5+/ 4 @ 1 =  11.844 , Out:   0.000#   2.824/  11.842f


 Total SPIN, PARITY =     3.5 -,      4 chs,      0 cc.  Rmin & Coul turning =    0.2    1.7
   S-matrix    1 =   -0.55776   0.55813 for L=    3, J=    3.5 channel on core I =   0.0 from L=    3,  Acc. loss =  0.0 D.
 Elastic phase shift   1 =   67.491   6.787 deg. for the L =    3, J =    3.5 channel.
       3.5 -0.55776407  0.55812530i: elastic S-matrix  @@      0.00  0   0 F  0
 Reaction Xsec     3.5-/ 3 @ 1 =  10.784 , Out:   0.000#   3.152/  10.781f


 Total SPIN, PARITY =     4.5 +,      4 chs,      0 cc.  Rmin & Coul turning =    0.3    2.1
   S-matrix    1 =   -0.46163   0.63170 for L=    4, J=    4.5 channel on core I =   0.0 from L=    4,  Acc. loss =  0.0 D.
 Elastic phase shift   1 =   63.079   7.030 deg. for the L =    4, J =    4.5 channel.
       4.5 -0.46162662  0.63170357i: elastic S-matrix  @@      0.00  0   0 F  0
 Reaction Xsec     4.5+/ 4 @ 1 =  13.854 , Out:   0.000#   3.495/  13.850f


 Total SPIN, PARITY =     4.5 -,      4 chs,      0 cc.  Rmin & Coul turning =    0.3    2.1
   S-matrix    1 =    0.45481   0.54602 for L=    5, J=    4.5 channel on core I =   0.0 from L=    5,  Acc. loss =  0.0 D.
 Elastic phase shift   1 =   25.103   9.786 deg. for the L =    5, J =    4.5 channel.
       4.5  0.45481257  0.54601741i: elastic S-matrix  @@      0.00  0   0 F  0
 Reaction Xsec     4.5-/ 5 @ 1 =  17.682 , Out:   0.000#   2.612/  17.679f


 Total SPIN, PARITY =     5.5 +,      4 chs,      0 cc.  Rmin & Coul turning =    0.4    2.6
   S-matrix    1 =    0.60633   0.35778 for L=    6, J=    5.5 channel on core I =   0.0 from L=    6,  Acc. loss =  0.0 D.
 Elastic phase shift   1 =   15.272  10.054 deg. for the L =    6, J =    5.5 channel.
       5.5  0.60632648  0.35778013i: elastic S-matrix  @@      0.00  0   0 F  0
 Reaction Xsec     5.5+/ 6 @ 1 =  21.619 , Out:   0.000#   2.737/  21.616f


 Total SPIN, PARITY =     5.5 -,      4 chs,      0 cc.  Rmin & Coul turning =    0.4    2.6
   S-matrix    1 =   -0.24483   0.69813 for L=    5, J=    5.5 channel on core I =   0.0 from L=    5,  Acc. loss =  0.0 D.
 Elastic phase shift   1 =   54.663   8.633 deg. for the L =    5, J =    5.5 channel.
       5.5 -0.24482947  0.69813436i: elastic S-matrix  @@      0.02  0   0 F  0
 Reaction Xsec     5.5-/ 5 @ 1 =  19.403 , Out:   0.000#   2.742/  19.400f


 Total SPIN, PARITY =     6.5 +,      4 chs,      0 cc.  Rmin & Coul turning =    0.5    3.1
   S-matrix    1 =    0.13659   0.66507 for L=    6, J=    6.5 channel on core I =   0.0 from L=    6,  Acc. loss =  0.0 D.
 Elastic phase shift   1 =   39.197  11.092 deg. for the L =    6, J =    6.5 channel.
       6.5  0.13659348  0.66507291i: elastic S-matrix  @@      0.00  0   0 F  0
 Reaction Xsec     6.5+/ 6 @ 1 =  26.955 , Out:   0.000#   1.356/  26.954f


 Total SPIN, PARITY =     6.5 -,      4 chs,      0 cc.  Rmin & Coul turning =    0.5    3.1
   S-matrix    1 =    0.73750   0.22391 for L=    7, J=    6.5 channel on core I =   0.0 from L=    7,  Acc. loss =  0.0 D.
 Elastic phase shift   1 =    8.444   7.460 deg. for the L =    7, J =    6.5 channel.
       6.5  0.73750471  0.22390586i: elastic S-matrix  @@      0.00  0   0 F  0
 Reaction Xsec     6.5-/ 7 @ 1 =  20.301 , Out:   0.000#   3.763/  20.297f


 Total SPIN, PARITY =     7.5 +,      4 chs,      0 cc.  Rmin & Coul turning =    0.6    3.6
   S-matrix    1 =    0.84769   0.13399 for L=    8, J=    7.5 channel on core I =   0.0 from L=    8,  Acc. loss =  0.0 D.
 Elastic phase shift   1 =    4.491   4.380 deg. for the L =    8, J =    7.5 channel.
       7.5  0.84768779  0.13399417i: elastic S-matrix  @@      0.00  0   0 F  0
 Reaction Xsec     7.5+/ 8 @ 1 =  15.058 , Out:   0.000#   4.671/  15.053f


 Total SPIN, PARITY =     7.5 -,      4 chs,      0 cc.  Rmin & Coul turning =    0.6    3.6
   S-matrix    1 =    0.52637   0.49488 for L=    7, J=    7.5 channel on core I =   0.0 from L=    7,  Acc. loss =  0.0 D.
 Elastic phase shift   1 =   21.617   9.313 deg. for the L =    7, J =    7.5 channel.
       7.5  0.52636665  0.49488011i: elastic S-matrix  @@      0.00  0   0 F  0
 Reaction Xsec     7.5-/ 7 @ 1 =  27.320 , Out:   0.000#   1.209/  27.319f


 Total SPIN, PARITY =     8.5 +,      4 chs,      0 cc.  Rmin & Coul turning =    0.6    4.1
   S-matrix    1 =    0.77883   0.29487 for L=    8, J=    8.5 channel on core I =   0.0 from L=    8,  Acc. loss =  0.0 D.
 Elastic phase shift   1 =   10.369   5.242 deg. for the L =    8, J =    8.5 channel.
       8.5  0.77882790  0.29487062i: elastic S-matrix  @@      0.00  0   0 F  0
 Reaction Xsec     8.5+/ 8 @ 1 =  19.705 , Out:   0.000#   1.905/  19.703f


 Total SPIN, PARITY =     8.5 -,      4 chs,      0 cc.  Rmin & Coul turning =    0.6    4.1
   S-matrix    1 =    0.92227   0.07524 for L=    9, J=    8.5 channel on core I =   0.0 from L=    9,  Acc. loss =  0.0 D.
 Elastic phase shift   1 =    2.332   2.223 deg. for the L =    9, J =    8.5 channel.
       8.5  0.92227315  0.07523715i: elastic S-matrix  @@      0.02  0   0 F  0
 Reaction Xsec     8.5-/ 9 @ 1 =   9.243 , Out:   0.000#   4.442/   9.238f


 Total SPIN, PARITY =     9.5 +,      4 chs,      0 cc.  Rmin & Coul turning =    0.7    4.5
   S-matrix    1 =    0.96382   0.03964 for L=   10, J=    9.5 channel on core I =   0.0 from L=   10,  Acc. loss =  0.0 D.
 Elastic phase shift   1 =    1.178   1.031 deg. for the L =   10, J =    9.5 channel.
       9.5  0.96382227  0.03963787i: elastic S-matrix  @@      0.00  0   0 F  0
 Reaction Xsec     9.5+/10 @ 1 =   4.963 , Out:   0.000#   3.196/   4.960f


 Total SPIN, PARITY =     9.5 -,      4 chs,      0 cc.  Rmin & Coul turning =    0.7    4.5
   S-matrix    1 =    0.90418   0.15289 for L=    9, J=    9.5 channel on core I =   0.0 from L=    9,  Acc. loss =  0.0 D.
 Elastic phase shift   1 =    4.799   2.482 deg. for the L =    9, J =    9.5 channel.
       9.5  0.90417689  0.15289287i: elastic S-matrix  @@      0.00  0   0 F  0
 Reaction Xsec     9.5-/ 9 @ 1 =  11.365 , Out:   0.000#   2.498/  11.363f


 Total SPIN, PARITY =    10.5 +,      4 chs,      0 cc.  Rmin & Coul turning =    0.8    5.0
   S-matrix    1 =    0.95965   0.07369 for L=   10, J=   10.5 channel on core I =   0.0 from L=   10,  Acc. loss =  0.0 D.
 Elastic phase shift   1 =    2.195   1.096 deg. for the L =   10, J =   10.5 channel.
      10.5  0.95965316  0.07368714i: elastic S-matrix  @@      0.00  0   0 F  0
 Reaction Xsec    10.5+/10 @ 1 =   5.787 , Out:   0.000#   2.521/   5.784f


 Total SPIN, PARITY =    10.5 -,      4 chs,      0 cc.  Rmin & Coul turning =    0.8    5.0
   S-matrix    1 =    0.98409   0.01991 for L=   11, J=   10.5 channel on core I =   0.0 from L=   11,  Acc. loss =  0.0 D.
 Elastic phase shift   1 =    0.580   0.453 deg. for the L =   11, J =   10.5 channel.
      10.5  0.98409420  0.01991013i: elastic S-matrix  @@      0.00  0   0 F  0
 Reaction Xsec    10.5-/11 @ 1 =   2.449 , Out:   0.000#   1.750/   2.447f


 Total SPIN, PARITY =    11.5 +,      4 chs,      0 cc.  Rmin & Coul turning =    0.9    5.5
   S-matrix    1 =    0.99323   0.00970 for L=   12, J=   11.5 channel on core I =   0.0 from L=   12,  Acc. loss =  0.0 D.
 Elastic phase shift   1 =    0.280   0.193 deg. for the L =   12, J =   11.5 channel.
      11.5  0.99323082  0.00969963i: elastic S-matrix  @@      0.02  0   0 F  0
 Reaction Xsec    11.5+/12 @ 1 =   1.149 , Out:   0.000#   0.708/   1.148f


 Total SPIN, PARITY =    11.5 -,      4 chs,      0 cc.  Rmin & Coul turning =    0.9    5.5
   S-matrix    1 =    0.98321   0.03426 for L=   11, J=   11.5 channel on core I =   0.0 from L=   11,  Acc. loss =  0.0 D.
 Elastic phase shift   1 =    0.998   0.468 deg. for the L =   11, J =   11.5 channel.
      11.5  0.98320551  0.03426387i: elastic S-matrix  @@      0.00  0   0 F  0
 Reaction Xsec    11.5-/11 @ 1 =   2.755 , Out:   0.000#   1.689/   2.753f


 Total SPIN, PARITY =    12.5 +,      4 chs,      0 cc.  Rmin & Coul turning =    1.0    6.0
   S-matrix    1 =    0.99305   0.01566 for L=   12, J=   12.5 channel on core I =   0.0 from L=   12,  Acc. loss =  0.0 D.
 Elastic phase shift   1 =    0.452   0.196 deg. for the L =   12, J =   12.5 channel.
      12.5  0.99305004  0.01566235i: elastic S-matrix  @@      0.00  0   0 F  0
 Reaction Xsec    12.5+/12 @ 1 =   1.264 , Out:   0.000#   0.730/   1.263f


 Total SPIN, PARITY =    12.5 -,      4 chs,      0 cc.  Rmin & Coul turning =    1.0    6.0
   S-matrix    1 =    0.99717   0.00464 for L=   13, J=   12.5 channel on core I =   0.0 from L=   13,  Acc. loss =  0.0 D.
 Elastic phase shift   1 =    0.133   0.081 deg. for the L =   13, J =   12.5 channel.
      12.5  0.99717013  0.00463805i: elastic S-matrix  @@      0.00  0   0 F  0
 Reaction Xsec    12.5-/13 @ 1 =   0.523 , Out:   0.000#   0.195/   0.523f


 Total SPIN, PARITY =    13.5 +,      4 chs,      0 cc.  Rmin & Coul turning =    1.0    6.4
   S-matrix    1 =    0.99883   0.00219 for L=   14, J=   13.5 channel on core I =   0.0 from L=   14,  Acc. loss =  0.0 D.
 Elastic phase shift   1 =    0.063   0.034 deg. for the L =   14, J =   13.5 channel.
      13.5  0.99882841  0.00219203i: elastic S-matrix  @@      0.00  0   0 F  0
 Reaction Xsec    13.5+/14 @ 1 =   0.234 , Out:   0.000#   0.025/   0.234f


 Total SPIN, PARITY =    13.5 -,      4 chs,      0 cc.  Rmin & Coul turning =    1.0    6.4
   S-matrix    1 =    0.99713   0.00710 for L=   13, J=   13.5 channel on core I =   0.0 from L=   13,  Acc. loss =  0.0 D.
 Elastic phase shift   1 =    0.204   0.081 deg. for the L =   13, J =   13.5 channel.
      13.5  0.99713442  0.00710142i: elastic S-matrix  @@      0.00  0   0 F  0
 Reaction Xsec    13.5-/13 @ 1 =   0.567 , Out:   0.000#   0.202/   0.567f


 Total SPIN, PARITY =    14.5 +,      4 chs,      0 cc.  Rmin & Coul turning =    1.1    6.9
   S-matrix    1 =    0.99882   0.00321 for L=   14, J=   14.5 channel on core I =   0.0 from L=   14,  Acc. loss =  0.0 D.
 Elastic phase shift   1 =    0.092   0.034 deg. for the L =   14, J =   14.5 channel.
      14.5  0.99882149  0.00320712i: elastic S-matrix  @@      0.02  0   0 F  0
 Reaction Xsec    14.5+/14 @ 1 =   0.251 , Out:   0.000#   0.025/   0.251f


 Total SPIN, PARITY =    14.5 -,      4 chs,      0 cc.  Rmin & Coul turning =    1.1    6.9
   S-matrix    1 =    0.99952   0.00103 for L=   15, J=   14.5 channel on core I =   0.0 from L=   15,  Acc. loss =  0.0 D.
 Elastic phase shift   1 =    0.029   0.014 deg. for the L =   15, J =   14.5 channel.
      14.5  0.99951758  0.00102791i: elastic S-matrix  @@      0.00  0   0 F  0
 Reaction Xsec    14.5-/15 @ 1 =   0.103 , Out:   0.000#   0.472#   0.103f


 Total SPIN, PARITY =    15.5 +,      4 chs,      0 cc.  Rmin & Coul turning =    1.2    7.4
   S-matrix    1 =    0.99980   0.00048 for L=   16, J=   15.5 channel on core I =   0.0 from L=   16,  Acc. loss =  0.0 D.
 Elastic phase shift   1 =    0.014   0.006 deg. for the L =   16, J =   15.5 channel.
      15.5  0.99980201  0.00047926i: elastic S-matrix  @@      0.00  0   0 F  0
 Reaction Xsec    15.5+/16 @ 1 =   0.045 , Out:   0.000#   0.011/   0.045f


 Total SPIN, PARITY =    15.5 -,      4 chs,      0 cc.  Rmin & Coul turning =    1.2    7.4
   S-matrix    1 =    0.99952   0.00145 for L=   15, J=   15.5 channel on core I =   0.0 from L=   15,  Acc. loss =  0.0 D.
 Elastic phase shift   1 =    0.041   0.014 deg. for the L =   15, J =   15.5 channel.
      15.5  0.99951626  0.00144547i: elastic S-matrix  @@      0.00  0   0 F  0
 Reaction Xsec    15.5-/15 @ 1 =   0.110 , Out:   0.000#   0.608#   0.110f


 Total SPIN, PARITY =    16.5 +,      4 chs,      0 cc.  Rmin & Coul turning =    1.2    7.9
   S-matrix    1 =    0.99980   0.00065 for L=   16, J=   16.5 channel on core I =   0.0 from L=   16,  Acc. loss =  0.0 D.
 Elastic phase shift   1 =    0.019   0.006 deg. for the L =   16, J =   16.5 channel.
      16.5  0.99980176  0.00065076i: elastic S-matrix  @@      0.00  0   0 F  0
 Reaction Xsec    16.5+/16 @ 1 =   0.048 , Out:   0.000#   0.012/   0.048f


 Total SPIN, PARITY =    16.5 -,      4 chs,      0 cc.  Rmin & Coul turning =    1.2    7.9
   S-matrix    1 =    0.99992   0.00022 for L=   17, J=   16.5 channel on core I =   0.0 from L=   17,  Acc. loss =  0.0 D.
 Elastic phase shift   1 =    0.006   0.002 deg. for the L =   17, J =   16.5 channel.
      16.5  0.99991893  0.00022246i: elastic S-matrix  @@      0.00  0   0 F  0
 Reaction Xsec    16.5-/17 @ 1 =   0.020 , Out:   0.000#   0.016/   0.020f


 Total SPIN, PARITY =    17.5 +,      4 chs,      0 cc.  Rmin & Coul turning =    1.4    8.4
   S-matrix    1 =    0.99997   0.00010 for L=   18, J=   17.5 channel on core I =   0.0 from L=   18,  Acc. loss =  0.0 D.
 Elastic phase shift   1 =    0.003   0.001 deg. for the L =   18, J =   17.5 channel.
      17.5  0.99996686  0.00010288i: elastic S-matrix  @@      0.02  0   0 F  0
 Reaction Xsec    17.5+/18 @ 1 =   8.522/, Out:   0.000#   0.012/   0.009f


 Total SPIN, PARITY =    17.5 -,      4 chs,      0 cc.  Rmin & Coul turning =    1.4    8.4
   S-matrix    1 =    0.99992   0.00029 for L=   17, J=   17.5 channel on core I =   0.0 from L=   17,  Acc. loss =  0.0 D.
 Elastic phase shift   1 =    0.008   0.002 deg. for the L =   17, J =   17.5 channel.
      17.5  0.99991888  0.00029279i: elastic S-matrix  @@      0.00  0   0 F  0
 Reaction Xsec    17.5-/17 @ 1 =   0.021 , Out:   0.000#   0.017/   0.021f


 Total SPIN, PARITY =    18.5 +,      4 chs,      0 cc.  Rmin & Coul turning =    1.4    8.8
   S-matrix    1 =    0.99997   0.00013 for L=   18, J=   18.5 channel on core I =   0.0 from L=   18,  Acc. loss =  0.0 D.
 Elastic phase shift   1 =    0.004   0.001 deg. for the L =   18, J =   18.5 channel.
      18.5  0.99996685  0.00013168i: elastic S-matrix  @@      0.00  0   0 F  0
 Reaction Xsec    18.5+/18 @ 1 =   8.997/, Out:   0.000#   0.012/   0.009f


 Total SPIN, PARITY =    18.5 -,      4 chs,      0 cc.  Rmin & Coul turning =    1.4    8.8
   S-matrix    1 =    0.99999   0.00005 for L=   19, J=   18.5 channel on core I =   0.0 from L=   19,  Acc. loss =  0.0 D.
 Elastic phase shift   1 =    0.001   0.000 deg. for the L =   19, J =   18.5 channel.
      18.5  0.99998647  0.00004744i: elastic S-matrix  @@      0.00  0   0 F  0
 Reaction Xsec    18.5-/19 @ 1 =   3.673/, Out:   0.000#   5.173#   0.004f


 Total SPIN, PARITY =    19.5 +,      4 chs,      0 cc.  Rmin & Coul turning =    1.5    9.3
   S-matrix    1 =    0.99999   0.00002 for L=   20, J=   19.5 channel on core I =   0.0 from L=   20,  Acc. loss =  0.0 D.
 Elastic phase shift   1 =    0.001   0.000 deg. for the L =   20, J =   19.5 channel.
      19.5  0.99999448  0.00002183i: elastic S-matrix  @@      0.00  0   0 F  0
 Reaction Xsec    19.5+/20 @ 1 =   1.576/, Out:   0.000#   1.455#   0.002f


 Total SPIN, PARITY =    19.5 -,      4 chs,      0 cc.  Rmin & Coul turning =    1.5    9.3
   S-matrix    1 =    0.99999   0.00006 for L=   19, J=   19.5 channel on core I =   0.0 from L=   19,  Acc. loss =  0.0 D.
 Elastic phase shift   1 =    0.002   0.000 deg. for the L =   19, J =   19.5 channel.
      19.5  0.99998647  0.00005922i: elastic S-matrix  @@      0.00  0   0 F  0
 Reaction Xsec    19.5-/19 @ 1 =   3.866/, Out:   0.000#   5.444#   0.004f


 Total SPIN, PARITY =    20.5 +,      4 chs,      0 cc.  Rmin & Coul turning =    1.6    9.8
   S-matrix    1 =    0.99999   0.00003 for L=   20, J=   20.5 channel on core I =   0.0 from L=   20,  Acc. loss =  0.0 D.
 Elastic phase shift   1 =    0.001   0.000 deg. for the L =   20, J =   20.5 channel.
      20.5  0.99999448  0.00002664i: elastic S-matrix  @@      0.02  0   0 F  0
 Reaction Xsec    20.5+/20 @ 1 =   1.655/, Out:   0.000#   1.526#   0.002f


 Total SPIN, PARITY =    20.5 -,      4 chs,      0 cc.  Rmin & Coul turning =    1.6    9.8
   S-matrix    1 =    1.00000   0.00001 for L=   21, J=   20.5 channel on core I =   0.0 from L=   21,  Acc. loss =  0.0 D.
 Elastic phase shift   1 =    0.000   0.000 deg. for the L =   21, J =   20.5 channel.
      20.5  0.99999775  0.00001003i: elastic S-matrix  @@      0.00  0   0 F  0
 Reaction Xsec    20.5-/21 @ 1 =   0.674/, Out:   0.000#   0.208#   0.001f


 Total SPIN, PARITY =    21.5 +,      4 chs,      0 cc.  Rmin & Coul turning =    1.7   10.3
   S-matrix    1 =    1.00000   0.00000 for L=   22, J=   21.5 channel on core I =   0.0 from L=   22,  Acc. loss =  0.0 D.
 Elastic phase shift   1 =    0.000   0.000 deg. for the L =   22, J =   21.5 channel.
      21.5  0.99999909  0.00000461i: elastic S-matrix  @@      0.00  0   0 F  0
 Reaction Xsec    21.5+/22 @ 1 =   0.287/, Out:   0.000#   0.003#   0.000f


 Total SPIN, PARITY =    21.5 -,      4 chs,      0 cc.  Rmin & Coul turning =    1.7   10.3
   S-matrix    1 =    1.00000   0.00001 for L=   21, J=   21.5 channel on core I =   0.0 from L=   21,  Acc. loss =  0.0 D.
 Elastic phase shift   1 =    0.000   0.000 deg. for the L =   21, J =   21.5 channel.
      21.5  0.99999775  0.00001199i: elastic S-matrix  @@      0.00  0   0 F  0
 Reaction Xsec    21.5-/21 @ 1 =   0.706/, Out:   0.000#   0.218#   0.001f


 Total SPIN, PARITY =    22.5 +,      4 chs,      0 cc.  Rmin & Coul turning =    1.8   10.7
   S-matrix    1 =    1.00000   0.00001 for L=   22, J=   22.5 channel on core I =   0.0 from L=   22,  Acc. loss =  0.0 D.
 Elastic phase shift   1 =    0.000   0.000 deg. for the L =   22, J =   22.5 channel.
      22.5  0.99999909  0.00000541i: elastic S-matrix  @@      0.00  0   0 F  0
 Reaction Xsec    22.5+/22 @ 1 =   0.300/, Out:   0.000#   0.003#   0.000f


 Total SPIN, PARITY =    22.5 -,      4 chs,      0 cc.  Rmin & Coul turning =    1.8   10.7
   S-matrix    1 =    1.00000   0.00000 for L=   23, J=   22.5 channel on core I =   0.0 from L=   23,  Acc. loss =  0.0 D.
 Elastic phase shift   1 =    0.000   0.000 deg. for the L =   23, J =   22.5 channel.
      22.5  0.99999963  0.00000213i: elastic S-matrix  @@      0.00  0   0 F  0
 Reaction Xsec    22.5-/23 @ 1 =   0.122/, Out:   0.000#   0.010#   0.000f


 Total SPIN, PARITY =    23.5 +,      4 chs,      0 cc.  Rmin & Coul turning =    1.8   11.2
   S-matrix    1 =    1.00000   0.00000 for L=   24, J=   23.5 channel on core I =   0.0 from L=   24,  Acc. loss =  0.0 D.
 Elastic phase shift   1 =    0.000   0.000 deg. for the L =   24, J =   23.5 channel.
      23.5  0.99999985  0.00000098i: elastic S-matrix  @@      0.02  0   0 F  0
 Reaction Xsec    23.5+/24 @ 1 =   0.052/, Out:   0.000#   0.015#   0.000f


 Total SPIN, PARITY =    23.5 -,      4 chs,      0 cc.  Rmin & Coul turning =    1.8   11.2
   S-matrix    1 =    1.00000   0.00000 for L=   23, J=   23.5 channel on core I =   0.0 from L=   23,  Acc. loss =  0.0 D.
 Elastic phase shift   1 =    0.000   0.000 deg. for the L =   23, J =   23.5 channel.
      23.5  0.99999963  0.00000245i: elastic S-matrix  @@      0.00  0   0 F  0
 Reaction Xsec    23.5-/23 @ 1 =   0.127/, Out:   0.000#   0.011#   0.000f


 Total SPIN, PARITY =    24.5 +,      4 chs,      0 cc.  Rmin & Coul turning =    1.9   11.7
   S-matrix    1 =    1.00000   0.00000 for L=   24, J=   24.5 channel on core I =   0.0 from L=   24,  Acc. loss =  0.0 D.
 Elastic phase shift   1 =    0.000   0.000 deg. for the L =   24, J =   24.5 channel.
      24.5  0.99999985  0.00000112i: elastic S-matrix  @@      0.00  0   0 F  0
 Reaction Xsec    24.5+/24 @ 1 =   0.054/, Out:   0.000#   0.015#   0.000f


 Total SPIN, PARITY =    24.5 -,      4 chs,      0 cc.  Rmin & Coul turning =    1.9   11.7
   S-matrix    1 =    1.00000   0.00000 for L=   25, J=   24.5 channel on core I =   0.0 from L=   25,  Acc. loss =  0.0 D.
 Elastic phase shift   1 =    0.000   0.000 deg. for the L =   25, J =   24.5 channel.
      24.5  0.99999994  0.00000047i: elastic S-matrix  @@      0.00  0   0 F  0
 Reaction Xsec    24.5-/25 @ 1 =   0.022/, Out:   0.000#   0.008#   0.000f


 Total SPIN, PARITY =    25.5 +,      4 chs,      0 cc.  Rmin & Coul turning =    2.0   12.2
   S-matrix    1 =    1.00000   0.00000 for L=   26, J=   25.5 channel on core I =   0.0 from L=   26,  Acc. loss =  0.0 D.
 Elastic phase shift   1 =    0.000   0.000 deg. for the L =   26, J =   25.5 channel.
      25.5  0.99999998  0.00000023i: elastic S-matrix  @@      0.00  0   0 F  0
 Reaction Xsec    25.5+/26 @ 1 =   9.234#, Out:   0.000#   0.004#   0.000f


 Total SPIN, PARITY =    25.5 -,      4 chs,      0 cc.  Rmin & Coul turning =    2.0   12.2
   S-matrix    1 =    1.00000   0.00000 for L=   25, J=   25.5 channel on core I =   0.0 from L=   25,  Acc. loss =  0.0 D.
 Elastic phase shift   1 =    0.000   0.000 deg. for the L =   25, J =   25.5 channel.
      25.5  0.99999994  0.00000052i: elastic S-matrix  @@      0.00  0   0 F  0
 Reaction Xsec    25.5-/25 @ 1 =   0.023/, Out:   0.000#   0.009#   0.000f


 Total SPIN, PARITY =    26.5 +,      4 chs,      0 cc.  Rmin & Coul turning =    2.1   12.6
   S-matrix    1 =    1.00000   0.00000 for L=   26, J=   26.5 channel on core I =   0.0 from L=   26,  Acc. loss =  0.0 D.
 Elastic phase shift   1 =    0.000   0.000 deg. for the L =   26, J =   26.5 channel.
      26.5  0.99999998  0.00000025i: elastic S-matrix  @@      0.02  0   0 F  0
 Reaction Xsec    26.5+/26 @ 1 =   9.589#, Out:   0.000#   0.003#   0.000f


 Total SPIN, PARITY =    26.5 -,      4 chs,      0 cc.  Rmin & Coul turning =    2.1   12.6
   S-matrix    1 =    1.00000   0.00000 for L=   27, J=   26.5 channel on core I =   0.0 from L=   27,  Acc. loss =  0.0 D.
 Elastic phase shift   1 =    0.000   0.000 deg. for the L =   27, J =   26.5 channel.
      26.5  0.99999999  0.00000012i: elastic S-matrix  @@      0.00  0   0 F  0
 Reaction Xsec    26.5-/27 @ 1 =   3.887#, Out:   0.000#   0.001#   0.000f


 Total SPIN, PARITY =    27.5 +,      4 chs,      0 cc.  Rmin & Coul turning =    2.1   13.1
   S-matrix    1 =    1.00000   0.00000 for L=   28, J=   27.5 channel on core I =   0.0 from L=   28,  Acc. loss =  0.0 D.
 Elastic phase shift   1 =    0.000   0.000 deg. for the L =   28, J =   27.5 channel.
      27.5  1.00000000  0.00000007i: elastic S-matrix  @@      0.00  0   0 F  0
 Reaction Xsec    27.5+/28 @ 1 =   1.633#, Out:   0.000#   0.000#   0.000f


 Total SPIN, PARITY =    27.5 -,      4 chs,      0 cc.  Rmin & Coul turning =    2.1   13.1
   S-matrix    1 =    1.00000   0.00000 for L=   27, J=   27.5 channel on core I =   0.0 from L=   27,  Acc. loss =  0.0 D.
 Elastic phase shift   1 =    0.000   0.000 deg. for the L =   27, J =   27.5 channel.
      27.5  0.99999999  0.00000012i: elastic S-matrix  @@      0.00  0   0 F  0
 Reaction Xsec    27.5-/27 @ 1 =   4.031#, Out:   0.000#   0.001#   0.000f


 Total SPIN, PARITY =    28.5 +,      4 chs,      0 cc.  Rmin & Coul turning =    2.2   13.6
   S-matrix    1 =    1.00000   0.00000 for L=   28, J=   28.5 channel on core I =   0.0 from L=   28,  Acc. loss =  0.0 D.
 Elastic phase shift   1 =    0.000   0.000 deg. for the L =   28, J =   28.5 channel.
      28.5  1.00000000  0.00000007i: elastic S-matrix  @@      0.00  0   0 F  0
 Reaction Xsec    28.5+/28 @ 1 =   1.691#, Out:   0.000#   0.000#   0.000f


 Total SPIN, PARITY =    28.5 -,      4 chs,      0 cc.  Rmin & Coul turning =    2.2   13.6
   S-matrix    1 =    1.00000   0.00000 for L=   29, J=   28.5 channel on core I =   0.0 from L=   29,  Acc. loss =  0.0 D.
 Elastic phase shift   1 =    0.000   0.000 deg. for the L =   29, J =   28.5 channel.
      28.5  1.00000000  0.00000004i: elastic S-matrix  @@      0.00  0   0 F  0
 Reaction Xsec    28.5-/29 @ 1 =   0.685#, Out:   0.000#   0.001#   0.000f


 Total SPIN, PARITY =    29.5 +,      4 chs,      0 cc.  Rmin & Coul turning =    2.3   14.1
   S-matrix    1 =    1.00000   0.00000 for L=   30, J=   29.5 channel on core I =   0.0 from L=   30,  Acc. loss =  0.0 D.
 Elastic phase shift   1 =    0.000   0.000 deg. for the L =   30, J =   29.5 channel.
      29.5  1.00000000  0.00000003i: elastic S-matrix  @@      0.02  0   0 F  0
 Reaction Xsec    29.5+/30 @ 1 =   0.287#, Out:   0.000#   0.000#   0.000f


 Total SPIN, PARITY =    29.5 -,      4 chs,      0 cc.  Rmin & Coul turning =    2.3   14.1
   S-matrix    1 =    1.00000   0.00000 for L=   29, J=   29.5 channel on core I =   0.0 from L=   29,  Acc. loss =  0.0 D.
 Elastic phase shift   1 =    0.000   0.000 deg. for the L =   29, J =   29.5 channel.
      29.5  1.00000000  0.00000004i: elastic S-matrix  @@      0.00  0   0 F  0
 Reaction Xsec    29.5-/29 @ 1 =   0.708#, Out:   0.000#   0.000#   0.000f


 Total SPIN, PARITY =    30.5 +,      4 chs,      0 cc.  Rmin & Coul turning =    2.4   14.6
   S-matrix    1 =    1.00000   0.00000 for L=   30, J=   30.5 channel on core I =   0.0 from L=   30,  Acc. loss =  0.0 D.
 Elastic phase shift   1 =    0.000   0.000 deg. for the L =   30, J =   30.5 channel.
      30.5  1.00000000  0.00000003i: elastic S-matrix  @@      0.00  0   0 F  0
 Reaction Xsec    30.5+/30 @ 1 =   0.296#, Out:   0.000#   0.000#   0.000f


 Total SPIN, PARITY =    30.5 -,      4 chs,      0 cc.  Rmin & Coul turning =    2.4   14.6
   S-matrix    1 =    1.00000   0.00000 for L=   31, J=   30.5 channel on core I =   0.0 from L=   31,  Acc. loss =  0.0 D.
 Elastic phase shift   1 =    0.000   0.000 deg. for the L =   31, J =   30.5 channel.
0****** WARNING : ACCURACY LOSS IN ERWIN = 14.4 DIGITS, SO EXPECT ERRORS OF   0.0000 % OF UNITARITY

      30.5  1.00000000  0.00000003i: elastic S-matrix  @@      0.00  0   0 F  0
 Reaction Xsec    30.5-/31 @ 1 =   0.120#, Out:   0.000#   0.000#   0.000f


 Total SPIN, PARITY =    31.5 +,      4 chs,      0 cc.  Rmin & Coul turning =    2.5   15.0
   S-matrix    1 =    1.00000   0.00000 for L=   32, J=   31.5 channel on core I =   0.0 from L=   32,  Acc. loss =  0.0 D.
 Elastic phase shift   1 =    0.000   0.000 deg. for the L =   32, J =   31.5 channel.
0****** WARNING : ACCURACY LOSS IN ERWIN = 14.2 DIGITS, SO EXPECT ERRORS OF   0.0000 % OF UNITARITY

      31.5  1.00000000  0.00000002i: elastic S-matrix  @@      0.00  0   0 F  0
 Reaction Xsec    31.5+/32 @ 1 =   0.050#, Out:   0.000#   0.003#   0.000f


 Total SPIN, PARITY =    31.5 -,      4 chs,      0 cc.  Rmin & Coul turning =    2.5   15.0
   S-matrix    1 =    1.00000   0.00000 for L=   31, J=   31.5 channel on core I =   0.0 from L=   31,  Acc. loss =  0.0 D.
 Elastic phase shift   1 =    0.000   0.000 deg. for the L =   31, J =   31.5 channel.
      31.5  1.00000000  0.00000003i: elastic S-matrix  @@      0.00  0   0 F  0
 Reaction Xsec    31.5-/31 @ 1 =   0.124#, Out:   0.000#   0.000#   0.000f


 Total SPIN, PARITY =    32.5 +,      4 chs,      0 cc.  Rmin & Coul turning =    2.6   15.5
   S-matrix    1 =    1.00000   0.00000 for L=   32, J=   32.5 channel on core I =   0.0 from L=   32,  Acc. loss =  0.0 D.
 Elastic phase shift   1 =    0.000   0.000 deg. for the L =   32, J =   32.5 channel.
0****** WARNING : ACCURACY LOSS IN ERWIN = 14.5 DIGITS, SO EXPECT ERRORS OF   0.0000 % OF UNITARITY

      32.5  1.00000000  0.00000002i: elastic S-matrix  @@      0.00  0   0 F  0
 Reaction Xsec    32.5+/32 @ 1 =   0.052#, Out:   0.000#   0.000#   0.000f


 Total SPIN, PARITY =    32.5 -,      4 chs,      0 cc.  Rmin & Coul turning =    2.6   15.5
   S-matrix    1 =    1.00000   0.00000 for L=   33, J=   32.5 channel on core I =   0.0 from L=   33,  Acc. loss =  0.0 D.
 Elastic phase shift   1 =    0.000   0.000 deg. for the L =   33, J =   32.5 channel.
      32.5  1.00000000  0.00000001i: elastic S-matrix  @@      0.02  0   0 F  0
 Reaction Xsec    32.5-/33 @ 1 =   0.021#, Out:   0.000#   0.000#   0.000f


 Total SPIN, PARITY =    33.5 +,      4 chs,      0 cc.  Rmin & Coul turning =    2.6   16.0
   S-matrix    1 =    1.00000   0.00000 for L=   34, J=   33.5 channel on core I =   0.0 from L=   34,  Acc. loss =  0.0 D.
 Elastic phase shift   1 =    0.000   0.000 deg. for the L =   34, J =   33.5 channel.
0****** WARNING : ACCURACY LOSS IN ERWIN = 14.7 DIGITS, SO EXPECT ERRORS OF   0.0000 % OF UNITARITY

      33.5  1.00000000  0.00000002i: elastic S-matrix  @@      0.00  0   0 F  0
 Reaction Xsec    33.5+/34 @ 1 =   0.009#, Out:   0.000#   0.000#   0.000f


 Total SPIN, PARITY =    33.5 -,      4 chs,      0 cc.  Rmin & Coul turning =    2.6   16.0
   S-matrix    1 =    1.00000   0.00000 for L=   33, J=   33.5 channel on core I =   0.0 from L=   33,  Acc. loss =  0.0 D.
 Elastic phase shift   1 =    0.000   0.000 deg. for the L =   33, J =   33.5 channel.
      33.5  1.00000000  0.00000001i: elastic S-matrix  @@      0.00  0   0 F  0
 Reaction Xsec    33.5-/33 @ 1 =   0.021#, Out:   0.000#   0.000#   0.000f


 Total SPIN, PARITY =    34.5 +,      4 chs,      0 cc.  Rmin & Coul turning =    2.7   16.5
   S-matrix    1 =    1.00000   0.00000 for L=   34, J=   34.5 channel on core I =   0.0 from L=   34,  Acc. loss =  0.0 D.
 Elastic phase shift   1 =    0.000   0.000 deg. for the L =   34, J =   34.5 channel.
0****** WARNING : ACCURACY LOSS IN ERWIN = 14.3 DIGITS, SO EXPECT ERRORS OF   0.0000 % OF UNITARITY

      34.5  1.00000000  0.00000002i: elastic S-matrix  @@      0.00  0   0 F  0
 Reaction Xsec    34.5+/34 @ 1 =   0.009#, Out:   0.000#   0.000#   0.000f


 Total SPIN, PARITY =    34.5 -,      4 chs,      0 cc.  Rmin & Coul turning =    2.7   16.5
   S-matrix    1 =    1.00000   0.00000 for L=   35, J=   34.5 channel on core I =   0.0 from L=   35,  Acc. loss =  0.0 D.
 Elastic phase shift   1 =    0.000   0.000 deg. for the L =   35, J =   34.5 channel.
0****** WARNING : ACCURACY LOSS IN ERWIN = 14.9 DIGITS, SO EXPECT ERRORS OF   0.0000 % OF UNITARITY

      34.5  1.00000000  0.00000001i: elastic S-matrix  @@      0.00  0   0 F  0
 Reaction Xsec    34.5-/35 @ 1 =   0.004#, Out:   0.000#   0.001#   0.000f


 Total SPIN, PARITY =    35.5 +,      4 chs,      0 cc.  Rmin & Coul turning =    2.8   16.9
   S-matrix    1 =    1.00000   0.00000 for L=   36, J=   35.5 channel on core I =   0.0 from L=   36,  Acc. loss =  0.0 D.
 Elastic phase shift   1 =    0.000   0.000 deg. for the L =   36, J =   35.5 channel.
      35.5  1.00000000  0.00000001i: elastic S-matrix  @@      0.00  0   0 F  0
 Reaction Xsec    35.5+/36 @ 1 =   0.001#, Out:   0.000#   0.001#   0.000f


 Total SPIN, PARITY =    35.5 -,      4 chs,      0 cc.  Rmin & Coul turning =    2.8   16.9
   S-matrix    1 =    1.00000   0.00000 for L=   35, J=   35.5 channel on core I =   0.0 from L=   35,  Acc. loss =  0.0 D.
 Elastic phase shift   1 =    0.000   0.000 deg. for the L =   35, J =   35.5 channel.
0****** WARNING : ACCURACY LOSS IN ERWIN = 14.3 DIGITS, SO EXPECT ERRORS OF   0.0000 % OF UNITARITY

      35.5  1.00000000  0.00000001i: elastic S-matrix  @@      0.02  0   0 F  0
 Reaction Xsec    35.5-/35 @ 1 =   0.004#, Out:   0.000#   0.000#   0.000f


 Total SPIN, PARITY =    36.5 +,      4 chs,      0 cc.  Rmin & Coul turning =    2.9   17.4
   S-matrix    1 =    1.00000   0.00000 for L=   36, J=   36.5 channel on core I =   0.0 from L=   36,  Acc. loss =  0.0 D.
 Elastic phase shift   1 =    0.000   0.000 deg. for the L =   36, J =   36.5 channel.
      36.5  1.00000000  0.00000001i: elastic S-matrix  @@      0.00  0   0 F  0
 Reaction Xsec    36.5+/36 @ 1 =   0.002#, Out:   0.000#   0.001#   0.000f


 Total SPIN, PARITY =    36.5 -,      4 chs,      0 cc.  Rmin & Coul turning =    2.9   17.4
   S-matrix    1 =    1.00000   0.00000 for L=   37, J=   36.5 channel on core I =   0.0 from L=   37,  Acc. loss =  0.0 D.
 Elastic phase shift   1 =    0.000   0.000 deg. for the L =   37, J =   36.5 channel.
0****** WARNING : ACCURACY LOSS IN ERWIN = 14.1 DIGITS, SO EXPECT ERRORS OF   0.0000 % OF UNITARITY

      36.5  1.00000000  0.00000001i: elastic S-matrix  @@      0.00  0   0 F  0
 Reaction Xsec    36.5-/37 @ 1 =   0.001#, Out:   0.000#   0.006#  -0.000f


 Total SPIN, PARITY =    37.5 +,      4 chs,      0 cc.  Rmin & Coul turning =    3.0   17.9
   S-matrix    1 =    1.00000   0.00000 for L=   38, J=   37.5 channel on core I =   0.0 from L=   38,  Acc. loss =  0.0 D.
 Elastic phase shift   1 =    0.000   0.000 deg. for the L =   38, J =   37.5 channel.
      37.5  1.00000000  0.00000001i: elastic S-matrix  @@      0.00  0   0 F  0
 Reaction Xsec    37.5+/38 @ 1 =   0.000#, Out:   0.000#   0.030#  -0.000f


 Total SPIN, PARITY =    37.5 -,      4 chs,      0 cc.  Rmin & Coul turning =    3.0   17.9
   S-matrix    1 =    1.00000   0.00000 for L=   37, J=   37.5 channel on core I =   0.0 from L=   37,  Acc. loss =  0.0 D.
 Elastic phase shift   1 =    0.000   0.000 deg. for the L =   37, J =   37.5 channel.
      37.5  1.00000000  0.00000001i: elastic S-matrix  @@      0.00  0   0 F  0
 Reaction Xsec    37.5-/37 @ 1 =   0.001#, Out:   0.000#   0.000#   0.000f


 Total SPIN, PARITY =    38.5 +,      4 chs,      0 cc.  Rmin & Coul turning =    3.0   18.4
   S-matrix    1 =    1.00000   0.00000 for L=   38, J=   38.5 channel on core I =   0.0 from L=   38,  Acc. loss =  0.0 D.
 Elastic phase shift   1 =    0.000   0.000 deg. for the L =   38, J =   38.5 channel.
0****** WARNING : ACCURACY LOSS IN ERWIN = 14.4 DIGITS, SO EXPECT ERRORS OF   0.0000 % OF UNITARITY

      38.5  1.00000000  0.00000001i: elastic S-matrix  @@      0.02  0   0 F  0
 Reaction Xsec    38.5+/38 @ 1 =   0.000#, Out:   0.000#   0.000#   0.000f


 Total SPIN, PARITY =    38.5 -,      4 chs,      0 cc.  Rmin & Coul turning =    3.0   18.4
   S-matrix    1 =    1.00000  -0.00000 for L=   39, J=   38.5 channel on core I =   0.0 from L=   39,  Acc. loss =  0.0 D.
 Elastic phase shift   1 =   -0.000   0.000 deg. for the L =   39, J =   38.5 channel.
      38.5  1.00000000 -0.00000000i: elastic S-matrix  @@      0.00  0   0 F  0
 Reaction Xsec    38.5-/39 @ 1 =   0.000#, Out:   0.000#   0.001#  -0.000f


 Total SPIN, PARITY =    39.5 +,      4 chs,      0 cc.  Rmin & Coul turning =    3.1   18.8
   S-matrix    1 =    1.00000   0.00000 for L=   40, J=   39.5 channel on core I =   0.0 from L=   40,  Acc. loss =  0.0 D.
 Elastic phase shift   1 =    0.000   0.000 deg. for the L =   40, J =   39.5 channel.
      39.5  1.00000000  0.00000000i: elastic S-matrix  @@      0.00  0   0 F  0
 Reaction Xsec    39.5+/40 @ 1 =   0.000#, Out:   0.000#   0.000#  -0.000f


 Total SPIN, PARITY =    39.5 -,      4 chs,      0 cc.  Rmin & Coul turning =    3.1   18.8
   S-matrix    1 =    1.00000  -0.00000 for L=   39, J=   39.5 channel on core I =   0.0 from L=   39,  Acc. loss =  0.0 D.
 Elastic phase shift   1 =   -0.000   0.000 deg. for the L =   39, J =   39.5 channel.
0****** WARNING : ACCURACY LOSS IN ERWIN = 14.1 DIGITS, SO EXPECT ERRORS OF   0.0000 % OF UNITARITY

      39.5  1.00000000 -0.00000000i: elastic S-matrix  @@      0.00  0   0 F  0
 Reaction Xsec    39.5-/39 @ 1 =   0.000#, Out:   0.000#   0.000#   0.000f


 Total SPIN, PARITY =    40.5 +,      4 chs,      0 cc.  Rmin & Coul turning =    3.2   19.3
   S-matrix    1 =    1.00000   0.00000 for L=   40, J=   40.5 channel on core I =   0.0 from L=   40,  Acc. loss =  0.0 D.
 Elastic phase shift   1 =    0.000   0.000 deg. for the L =   40, J =   40.5 channel.
0****** WARNING : ACCURACY LOSS IN ERWIN = 14.3 DIGITS, SO EXPECT ERRORS OF   0.0000 % OF UNITARITY

      40.5  1.00000000  0.00000000i: elastic S-matrix  @@      0.00  0   0 F  0
 Reaction Xsec    40.5+/40 @ 1 =   0.000#, Out:   0.000#   0.000#   0.000f


 Total SPIN, PARITY =    40.5 -,      4 chs,      0 cc.  Rmin & Coul turning =    3.2   19.3
   S-matrix    1 =    1.00000   0.00000 for L=   41, J=   40.5 channel on core I =   0.0 from L=   41,  Acc. loss =  0.0 D.
 Elastic phase shift   1 =    0.000   0.000 deg. for the L =   41, J =   40.5 channel.
      40.5  1.00000000  0.00000001i: elastic S-matrix  @@      0.00  0   0 F  0
 Reaction Xsec    40.5-/41 @ 1 =   0.000#, Out:   0.000#   0.025#  -0.000f


 Total SPIN, PARITY =    41.5 +,      4 chs,      0 cc.  Rmin & Coul turning =    3.2   19.8
   S-matrix    1 =    1.00000  -0.00000 for L=   42, J=   41.5 channel on core I =   0.0 from L=   42,  Acc. loss =  0.0 D.
 Elastic phase shift   1 =   -0.000   0.000 deg. for the L =   42, J =   41.5 channel.
0****** WARNING : ACCURACY LOSS IN ERWIN = 14.4 DIGITS, SO EXPECT ERRORS OF   0.0000 % OF UNITARITY

      41.5  1.00000000 -0.00000000i: elastic S-matrix  @@      0.02  0   0 F  0
 Reaction Xsec    41.5+/42 @ 1 =   0.000#, Out:   0.000#   0.001#  -0.000f


 Total SPIN, PARITY =    41.5 -,      4 chs,      0 cc.  Rmin & Coul turning =    3.2   19.8
   S-matrix    1 =    1.00000   0.00000 for L=   41, J=   41.5 channel on core I =   0.0 from L=   41,  Acc. loss =  0.0 D.
 Elastic phase shift   1 =    0.000   0.000 deg. for the L =   41, J =   41.5 channel.
      41.5  1.00000000  0.00000001i: elastic S-matrix  @@      0.00  0   0 F  0
 Reaction Xsec    41.5-/41 @ 1 =   0.000#, Out:   0.000#   0.000#  -0.000f


 Total SPIN, PARITY =    42.5 +,      4 chs,      0 cc.  Rmin & Coul turning =    3.4   20.3
   S-matrix    1 =    1.00000  -0.00000 for L=   42, J=   42.5 channel on core I =   0.0 from L=   42,  Acc. loss =  0.0 D.
 Elastic phase shift   1 =   -0.000   0.000 deg. for the L =   42, J =   42.5 channel.
      42.5  1.00000000 -0.00000000i: elastic S-matrix  @@      0.00  0   0 F  0
 Reaction Xsec    42.5+/42 @ 1 =   0.000#, Out:   0.000#   0.004#  -0.000f


 Total SPIN, PARITY =    42.5 -,      4 chs,      0 cc.  Rmin & Coul turning =    3.4   20.3
   S-matrix    1 =    1.00000  -0.00000 for L=   43, J=   42.5 channel on core I =   0.0 from L=   43,  Acc. loss =  0.0 D.
 Elastic phase shift   1 =   -0.000   0.000 deg. for the L =   43, J =   42.5 channel.
      42.5  1.00000000 -0.00000001i: elastic S-matrix  @@      0.00  0   0 F  0
 Reaction Xsec    42.5-/43 @ 1 =   0.000#, Out:   0.000#   0.035#  -0.000f


 Total SPIN, PARITY =    43.5 +,      4 chs,      0 cc.  Rmin & Coul turning =    3.4   20.8
   S-matrix    1 =    1.00000  -0.00000 for L=   44, J=   43.5 channel on core I =   0.0 from L=   44,  Acc. loss =  0.0 D.
 Elastic phase shift   1 =   -0.000   0.000 deg. for the L =   44, J =   43.5 channel.
      43.5  1.00000000 -0.00000000i: elastic S-matrix  @@      0.00  0   0 F  0
 Reaction Xsec    43.5+/44 @ 1 =   0.000#, Out:   0.000#   0.170#  -0.000f


 Total SPIN, PARITY =    43.5 -,      4 chs,      0 cc.  Rmin & Coul turning =    3.4   20.8
   S-matrix    1 =    1.00000  -0.00000 for L=   43, J=   43.5 channel on core I =   0.0 from L=   43,  Acc. loss =  0.0 D.
 Elastic phase shift   1 =   -0.000   0.000 deg. for the L =   43, J =   43.5 channel.
      43.5  1.00000000 -0.00000001i: elastic S-matrix  @@      0.00  0   0 F  0
 Reaction Xsec    43.5-/43 @ 1 =   0.000#, Out:   0.000#   0.029#  -0.000f


 Total SPIN, PARITY =    44.5 +,      4 chs,      0 cc.  Rmin & Coul turning =    3.5   21.2
   S-matrix    1 =    1.00000  -0.00000 for L=   44, J=   44.5 channel on core I =   0.0 from L=   44,  Acc. loss =  0.0 D.
 Elastic phase shift   1 =   -0.000   0.000 deg. for the L =   44, J =   44.5 channel.
0****** WARNING : ACCURACY LOSS IN ERWIN = 14.9 DIGITS, SO EXPECT ERRORS OF   0.0000 % OF UNITARITY

      44.5  1.00000000 -0.00000000i: elastic S-matrix  @@      0.00  0   0 F  0
 Reaction Xsec    44.5+/44 @ 1 =   0.000#, Out:   0.000#   0.001#  -0.000f


 Total SPIN, PARITY =    44.5 -,      4 chs,      0 cc.  Rmin & Coul turning =    3.5   21.2
   S-matrix    1 =    1.00000   0.00000 for L=   45, J=   44.5 channel on core I =   0.0 from L=   45,  Acc. loss =  0.0 D.
 Elastic phase shift   1 =    0.000   0.000 deg. for the L =   45, J =   44.5 channel.
      44.5  1.00000000  0.00000000i: elastic S-matrix  @@      0.02  0   0 F  0
 Reaction Xsec    44.5-/45 @ 1 =   0.000#, Out:   0.000#   0.526#  -0.000f


 Total SPIN, PARITY =    45.5 +,      4 chs,      0 cc.  Rmin & Coul turning =    3.6   21.7
   S-matrix    1 =    1.00000  -0.00000 for L=   46, J=   45.5 channel on core I =   0.0 from L=   46,  Acc. loss =  0.0 D.
 Elastic phase shift   1 =   -0.000   0.000 deg. for the L =   46, J =   45.5 channel.
      45.5  1.00000000 -0.00000001i: elastic S-matrix  @@      0.00  0   0 F  0
 Reaction Xsec    45.5+/46 @ 1 =   0.000#, Out:   0.000#   0.002#  -0.000f


 Total SPIN, PARITY =    45.5 -,      4 chs,      0 cc.  Rmin & Coul turning =    3.6   21.7
   S-matrix    1 =    1.00000   0.00000 for L=   45, J=   45.5 channel on core I =   0.0 from L=   45,  Acc. loss =  0.0 D.
 Elastic phase shift   1 =    0.000   0.000 deg. for the L =   45, J =   45.5 channel.
0****** WARNING : ACCURACY LOSS IN ERWIN = 14.2 DIGITS, SO EXPECT ERRORS OF   0.0000 % OF UNITARITY

      45.5  1.00000000  0.00000000i: elastic S-matrix  @@      0.00  0   0 F  0
 Reaction Xsec    45.5-/45 @ 1 =   0.000#, Out:   0.000#   0.001#  -0.000f


 Total SPIN, PARITY =    46.5 +,      4 chs,      0 cc.  Rmin & Coul turning =    3.7   22.2
   S-matrix    1 =    1.00000  -0.00000 for L=   46, J=   46.5 channel on core I =   0.0 from L=   46,  Acc. loss =  0.0 D.
 Elastic phase shift   1 =   -0.000   0.000 deg. for the L =   46, J =   46.5 channel.
      46.5  1.00000000 -0.00000001i: elastic S-matrix  @@      0.00  0   0 F  0
 Reaction Xsec    46.5+/46 @ 1 =   0.000#, Out:   0.000#   0.003#  -0.000f


 Total SPIN, PARITY =    46.5 -,      4 chs,      0 cc.  Rmin & Coul turning =    3.7   22.2
   S-matrix    1 =    1.00000  -0.00000 for L=   47, J=   46.5 channel on core I =   0.0 from L=   47,  Acc. loss =  0.0 D.
 Elastic phase shift   1 =   -0.000   0.000 deg. for the L =   47, J =   46.5 channel.
      46.5  1.00000000 -0.00000001i: elastic S-matrix  @@      0.00  0   0 F  0
 Reaction Xsec    46.5-/47 @ 1 =   0.000#, Out:   0.000#   0.031#  -0.000f


 Total SPIN, PARITY =    47.5 +,      4 chs,      0 cc.  Rmin & Coul turning =    3.8   22.7
   S-matrix    1 =    1.00000  -0.00000 for L=   48, J=   47.5 channel on core I =   0.0 from L=   48,  Acc. loss =  0.0 D.
 Elastic phase shift   1 =   -0.000   0.000 deg. for the L =   48, J =   47.5 channel.
0****** WARNING : ACCURACY LOSS IN ERWIN = 14.3 DIGITS, SO EXPECT ERRORS OF   0.0002 % OF UNITARITY

      47.5  1.00000000 -0.00000001i: elastic S-matrix  @@      0.00  0   0 F  0
 Reaction Xsec    47.5+/48 @ 1 =   0.000#, Out:   0.000#   0.061#  -0.000f


 Total SPIN, PARITY =    47.5 -,      4 chs,      0 cc.  Rmin & Coul turning =    3.8   22.7
   S-matrix    1 =    1.00000  -0.00000 for L=   47, J=   47.5 channel on core I =   0.0 from L=   47,  Acc. loss =  0.0 D.
 Elastic phase shift   1 =   -0.000   0.000 deg. for the L =   47, J =   47.5 channel.
      47.5  1.00000000 -0.00000001i: elastic S-matrix  @@      0.02  0   0 F  0
 Reaction Xsec    47.5-/47 @ 1 =   0.000#, Out:   0.000#   0.000#  -0.000f


 Total SPIN, PARITY =    48.5 +,      4 chs,      0 cc.  Rmin & Coul turning =    3.8   23.1
   S-matrix    1 =    1.00000  -0.00000 for L=   48, J=   48.5 channel on core I =   0.0 from L=   48,  Acc. loss =  0.0 D.
 Elastic phase shift   1 =   -0.000   0.000 deg. for the L =   48, J =   48.5 channel.
0****** WARNING : ACCURACY LOSS IN ERWIN = 14.2 DIGITS, SO EXPECT ERRORS OF   0.0000 % OF UNITARITY

      48.5  1.00000000 -0.00000001i: elastic S-matrix  @@      0.00  0   0 F  0
 Reaction Xsec    48.5+/48 @ 1 =   0.000#, Out:   0.000#   0.001#  -0.000f


 Total SPIN, PARITY =    48.5 -,      4 chs,      0 cc.  Rmin & Coul turning =    3.8   23.1
   S-matrix    1 =    1.00000  -0.00000 for L=   49, J=   48.5 channel on core I =   0.0 from L=   49,  Acc. loss =  0.0 D.
 Elastic phase shift   1 =   -0.000   0.000 deg. for the L =   49, J =   48.5 channel.
0****** WARNING : ACCURACY LOSS IN ERWIN = 15.1 DIGITS, SO EXPECT ERRORS OF   0.0000 % OF UNITARITY

      48.5  1.00000000 -0.00000000i: elastic S-matrix  @@      0.00  0   0 F  0
 Reaction Xsec    48.5-/49 @ 1 =   0.000#, Out:   0.000#   0.011#  -0.000f


 Total SPIN, PARITY =    49.5 +,      4 chs,      0 cc.  Rmin & Coul turning =    3.9   23.6
   S-matrix    1 =    1.00000  -0.00000 for L=   50, J=   49.5 channel on core I =   0.0 from L=   50,  Acc. loss =  0.0 D.
 Elastic phase shift   1 =   -0.000  -0.000 deg. for the L =   50, J =   49.5 channel.
      49.5  1.00000000 -0.00000001i: elastic S-matrix  @@      0.00  0   0 F  0
 Reaction Xsec    49.5+/50 @ 1 =  -0.000#, Out:   0.000#   0.046#  -0.000f


 Total SPIN, PARITY =    49.5 -,      4 chs,      0 cc.  Rmin & Coul turning =    3.9   23.6
   S-matrix    1 =    1.00000  -0.00000 for L=   49, J=   49.5 channel on core I =   0.0 from L=   49,  Acc. loss =  0.0 D.
 Elastic phase shift   1 =   -0.000   0.000 deg. for the L =   49, J =   49.5 channel.
0****** WARNING : ACCURACY LOSS IN ERWIN = 14.3 DIGITS, SO EXPECT ERRORS OF   0.0000 % OF UNITARITY

      49.5  1.00000000 -0.00000000i: elastic S-matrix  @@      0.00  0   0 F  0
 Reaction Xsec    49.5-/49 @ 1 =   0.000#, Out:   0.000#   0.004#  -0.000f


 Total SPIN, PARITY =    50.5 +,      4 chs,      0 cc.  Rmin & Coul turning =    4.0   24.1
   S-matrix    1 =    1.00000  -0.00000 for L=   50, J=   50.5 channel on core I =   0.0 from L=   50,  Acc. loss =  0.0 D.
 Elastic phase shift   1 =   -0.000   0.000 deg. for the L =   50, J =   50.5 channel.
0****** WARNING : ACCURACY LOSS IN ERWIN = 14.2 DIGITS, SO EXPECT ERRORS OF   0.0000 % OF UNITARITY

      50.5  1.00000000 -0.00000001i: elastic S-matrix  @@      0.00  0   0 F  0
 Reaction Xsec    50.5+/50 @ 1 =   0.000#, Out:   0.000#   0.001#  -0.000f


 Total SPIN, PARITY =    50.5 -,      4 chs,      0 cc.  Rmin & Coul turning =    4.0   24.1
   S-matrix    1 =    1.00000  -0.00000 for L=   51, J=   50.5 channel on core I =   0.0 from L=   51,  Acc. loss =  0.0 D.
 Elastic phase shift   1 =   -0.000   0.000 deg. for the L =   51, J =   50.5 channel.
0****** WARNING : ACCURACY LOSS IN ERWIN = 14.3 DIGITS, SO EXPECT ERRORS OF   0.0000 % OF UNITARITY

      50.5  1.00000000 -0.00000001i: elastic S-matrix  @@      0.02  0   0 F  0
 Reaction Xsec    50.5-/51 @ 1 =   0.000#, Out:   0.000#   0.301#  -0.000f


 Total SPIN, PARITY =    51.5 +,      4 chs,      0 cc.  Rmin & Coul turning =    4.0   24.6
   S-matrix    1 =    1.00000  -0.00000 for L=   52, J=   51.5 channel on core I =   0.0 from L=   52,  Acc. loss =  0.0 D.
 Elastic phase shift   1 =   -0.000   0.000 deg. for the L =   52, J =   51.5 channel.
0****** WARNING : ACCURACY LOSS IN ERWIN = 14.3 DIGITS, SO EXPECT ERRORS OF   0.0000 % OF UNITARITY

      51.5  1.00000000 -0.00000002i: elastic S-matrix  @@      0.00  0   0 F  0
 Reaction Xsec    51.5+/52 @ 1 =   0.000#, Out:   0.000#   0.010#  -0.000f


 Total SPIN, PARITY =    51.5 -,      4 chs,      0 cc.  Rmin & Coul turning =    4.0   24.6
   S-matrix    1 =    1.00000  -0.00000 for L=   51, J=   51.5 channel on core I =   0.0 from L=   51,  Acc. loss =  0.0 D.
 Elastic phase shift   1 =   -0.000  -0.000 deg. for the L =   51, J =   51.5 channel.
      51.5  1.00000000 -0.00000001i: elastic S-matrix  @@      0.00  0   0 F  0
 Reaction Xsec    51.5-/51 @ 1 =  -0.000#, Out:   0.000#   0.040#  -0.000f


 Total SPIN, PARITY =    52.5 +,      4 chs,      0 cc.  Rmin & Coul turning =    4.2   25.0
   S-matrix    1 =    1.00000  -0.00000 for L=   52, J=   52.5 channel on core I =   0.0 from L=   52,  Acc. loss =  0.0 D.
 Elastic phase shift   1 =   -0.000   0.000 deg. for the L =   52, J =   52.5 channel.
0****** WARNING : ACCURACY LOSS IN ERWIN = 14.4 DIGITS, SO EXPECT ERRORS OF   0.0000 % OF UNITARITY

      52.5  1.00000000 -0.00000002i: elastic S-matrix  @@      0.00  0   0 F  0
 Reaction Xsec    52.5+/52 @ 1 =   0.000#, Out:   0.000#   0.043#  -0.000f


 Total SPIN, PARITY =    52.5 -,      4 chs,      0 cc.  Rmin & Coul turning =    4.2   25.0
   S-matrix    1 =    1.00000  -0.00000 for L=   53, J=   52.5 channel on core I =   0.0 from L=   53,  Acc. loss =  0.0 D.
 Elastic phase shift   1 =   -0.000   0.000 deg. for the L =   53, J =   52.5 channel.
      52.5  1.00000000 -0.00000002i: elastic S-matrix  @@      0.00  0   0 F  0
 Reaction Xsec    52.5-/53 @ 1 =   0.000#, Out:   0.000#   0.024#  -0.000f


 Total SPIN, PARITY =    53.5 +,      4 chs,      0 cc.  Rmin & Coul turning =    4.2   25.5
   S-matrix    1 =    1.00000  -0.00000 for L=   54, J=   53.5 channel on core I =   0.0 from L=   54,  Acc. loss =  0.0 D.
 Elastic phase shift   1 =   -0.000   0.000 deg. for the L =   54, J =   53.5 channel.
0****** WARNING : ACCURACY LOSS IN ERWIN = 15.2 DIGITS, SO EXPECT ERRORS OF   0.0001 % OF UNITARITY

      53.5  1.00000000 -0.00000001i: elastic S-matrix  @@      0.00  0   0 F  0
 Reaction Xsec    53.5+/54 @ 1 =   0.000#, Out:   0.000#   0.259#  -0.000f


 Total SPIN, PARITY =    53.5 -,      4 chs,      0 cc.  Rmin & Coul turning =    4.2   25.5
   S-matrix    1 =    1.00000  -0.00000 for L=   53, J=   53.5 channel on core I =   0.0 from L=   53,  Acc. loss =  0.0 D.
 Elastic phase shift   1 =   -0.000   0.000 deg. for the L =   53, J =   53.5 channel.
0****** WARNING : ACCURACY LOSS IN ERWIN = 14.7 DIGITS, SO EXPECT ERRORS OF   0.0000 % OF UNITARITY

      53.5  1.00000000 -0.00000002i: elastic S-matrix  @@      0.00  0   0 F  0
 Reaction Xsec    53.5-/53 @ 1 =   0.000#, Out:   0.000#   0.006#  -0.000f


 Total SPIN, PARITY =    54.5 +,      4 chs,      0 cc.  Rmin & Coul turning =    4.3   26.0
   S-matrix    1 =    1.00000  -0.00000 for L=   54, J=   54.5 channel on core I =   0.0 from L=   54,  Acc. loss =  0.0 D.
 Elastic phase shift   1 =   -0.000   0.000 deg. for the L =   54, J =   54.5 channel.
      54.5  1.00000000 -0.00000001i: elastic S-matrix  @@      0.02  0   0 F  0
 Reaction Xsec    54.5+/54 @ 1 =   0.000#, Out:   0.000#   0.065#  -0.000f


 Total SPIN, PARITY =    54.5 -,      4 chs,      0 cc.  Rmin & Coul turning =    4.3   26.0
   S-matrix    1 =    1.00000  -0.00000 for L=   55, J=   54.5 channel on core I =   0.0 from L=   55,  Acc. loss =  0.0 D.
 Elastic phase shift   1 =   -0.000  -0.000 deg. for the L =   55, J =   54.5 channel.
      54.5  1.00000000 -0.00000001i: elastic S-matrix  @@      0.00  0   0 F  0
 Reaction Xsec    54.5-/55 @ 1 =  -0.000#, Out:   0.000#   0.211#  -0.000f


 Total SPIN, PARITY =    55.5 +,      4 chs,      0 cc.  Rmin & Coul turning =    4.4   26.5
   S-matrix    1 =    1.00000  -0.00000 for L=   56, J=   55.5 channel on core I =   0.0 from L=   56,  Acc. loss =  0.0 D.
 Elastic phase shift   1 =   -0.000   0.000 deg. for the L =   56, J =   55.5 channel.
0****** WARNING : ACCURACY LOSS IN ERWIN = 14.2 DIGITS, SO EXPECT ERRORS OF   0.0002 % OF UNITARITY

      55.5  1.00000000 -0.00000001i: elastic S-matrix  @@      0.00  0   0 F  0
 Reaction Xsec    55.5+/56 @ 1 =   0.000#, Out:   0.000#   0.695#  -0.000f


 Total SPIN, PARITY =    55.5 -,      4 chs,      0 cc.  Rmin & Coul turning =    4.4   26.5
   S-matrix    1 =    1.00000  -0.00000 for L=   55, J=   55.5 channel on core I =   0.0 from L=   55,  Acc. loss =  0.0 D.
 Elastic phase shift   1 =   -0.000   0.000 deg. for the L =   55, J =   55.5 channel.
      55.5  1.00000000 -0.00000001i: elastic S-matrix  @@      0.00  0   0 F  0
 Reaction Xsec    55.5-/55 @ 1 =   0.000#, Out:   0.000#   0.793#  -0.000f


 Total SPIN, PARITY =    56.5 +,      4 chs,      0 cc.  Rmin & Coul turning =    4.5   27.0
   S-matrix    1 =    1.00000  -0.00000 for L=   56, J=   56.5 channel on core I =   0.0 from L=   56,  Acc. loss =  0.0 D.
 Elastic phase shift   1 =   -0.000   0.000 deg. for the L =   56, J =   56.5 channel.
      56.5  1.00000000 -0.00000001i: elastic S-matrix  @@      0.00  0   0 F  0
 Reaction Xsec    56.5+/56 @ 1 =   0.000#, Out:   0.000#   0.103#  -0.000f


 Total SPIN, PARITY =    56.5 -,      4 chs,      0 cc.  Rmin & Coul turning =    4.5   27.0
   S-matrix    1 =    1.00000  -0.00000 for L=   57, J=   56.5 channel on core I =   0.0 from L=   57,  Acc. loss =  0.0 D.
 Elastic phase shift   1 =   -0.000  -0.000 deg. for the L =   57, J =   56.5 channel.
      56.5  1.00000000 -0.00000002i: elastic S-matrix  @@      0.00  0   0 F  0
 Reaction Xsec    56.5-/57 @ 1 =  -0.000#, Out:   0.000#   0.012/  -0.000f


 Total SPIN, PARITY =    57.5 +,      4 chs,      0 cc.  Rmin & Coul turning =    4.5   27.4
   S-matrix    1 =    1.00000  -0.00000 for L=   58, J=   57.5 channel on core I =   0.0 from L=   58,  Acc. loss =  0.0 D.
 Elastic phase shift   1 =   -0.000   0.000 deg. for the L =   58, J =   57.5 channel.
0****** WARNING : ACCURACY LOSS IN ERWIN = 14.3 DIGITS, SO EXPECT ERRORS OF   0.0004 % OF UNITARITY

      57.5  1.00000000 -0.00000002i: elastic S-matrix  @@      0.02  0   0 F  0
 Reaction Xsec    57.5+/58 @ 1 =   0.000#, Out:   0.000#   0.426#  -0.000f


 Total SPIN, PARITY =    57.5 -,      4 chs,      0 cc.  Rmin & Coul turning =    4.5   27.4
   S-matrix    1 =    1.00000  -0.00000 for L=   57, J=   57.5 channel on core I =   0.0 from L=   57,  Acc. loss =  0.0 D.
 Elastic phase shift   1 =   -0.000   0.000 deg. for the L =   57, J =   57.5 channel.
0****** WARNING : ACCURACY LOSS IN ERWIN = 14.7 DIGITS, SO EXPECT ERRORS OF   0.0002 % OF UNITARITY

      57.5  1.00000000 -0.00000002i: elastic S-matrix  @@      0.00  0   0 F  0
 Reaction Xsec    57.5-/57 @ 1 =   0.000#, Out:   0.000#   0.034#  -0.000f


 Total SPIN, PARITY =    58.5 +,      4 chs,      0 cc.  Rmin & Coul turning =    4.6   27.9
   S-matrix    1 =    1.00000  -0.00000 for L=   58, J=   58.5 channel on core I =   0.0 from L=   58,  Acc. loss =  0.0 D.
 Elastic phase shift   1 =   -0.000   0.000 deg. for the L =   58, J =   58.5 channel.
0****** WARNING : ACCURACY LOSS IN ERWIN = 14.3 DIGITS, SO EXPECT ERRORS OF   0.0003 % OF UNITARITY

      58.5  1.00000000 -0.00000002i: elastic S-matrix  @@      0.00  0   0 F  0
 Reaction Xsec    58.5+/58 @ 1 =   0.000#, Out:   0.000#   1.201#  -0.000f


 Total SPIN, PARITY =    58.5 -,      4 chs,      0 cc.  Rmin & Coul turning =    4.6   27.9
   S-matrix    1 =    1.00000  -0.00000 for L=   59, J=   58.5 channel on core I =   0.0 from L=   59,  Acc. loss =  0.0 D.
 Elastic phase shift   1 =   -0.000   0.000 deg. for the L =   59, J =   58.5 channel.
      58.5  1.00000000 -0.00000001i: elastic S-matrix  @@      0.00  0   0 F  0
 Reaction Xsec    58.5-/59 @ 1 =   0.000#, Out:   0.000#   2.692#  -0.000f


 Total SPIN, PARITY =    59.5 +,      4 chs,      0 cc.  Rmin & Coul turning =    4.7   28.4
   S-matrix    1 =    1.00000  -0.00000 for L=   60, J=   59.5 channel on core I =   0.0 from L=   60,  Acc. loss =  0.0 D.
 Elastic phase shift   1 =   -0.000  -0.000 deg. for the L =   60, J =   59.5 channel.
0****** WARNING : ACCURACY LOSS IN ERWIN = 14.3 DIGITS, SO EXPECT ERRORS OF   0.0005 % OF UNITARITY

      59.5  1.00000000 -0.00000001i: elastic S-matrix  @@      0.00  0   0 F  0
 Reaction Xsec    59.5+/60 @ 1 =  -0.000#, Out:   0.000#   6.069#  -0.000f


 Total SPIN, PARITY =    59.5 -,      4 chs,      0 cc.  Rmin & Coul turning =    4.7   28.4
   S-matrix    1 =    1.00000  -0.00000 for L=   59, J=   59.5 channel on core I =   0.0 from L=   59,  Acc. loss =  0.0 D.
 Elastic phase shift   1 =   -0.000   0.000 deg. for the L =   59, J =   59.5 channel.
0****** WARNING : ACCURACY LOSS IN ERWIN = 14.4 DIGITS, SO EXPECT ERRORS OF   0.0001 % OF UNITARITY

      59.5  1.00000000 -0.00000001i: elastic S-matrix  @@      0.00  0   0 F  0
 Reaction Xsec    59.5-/59 @ 1 =   0.000#, Out:   0.000#   0.018#  -0.000f


 Total SPIN, PARITY =    60.5 +,      4 chs,      0 cc.  Rmin & Coul turning =    4.8   28.9
   S-matrix    1 =    1.00000  -0.00000 for L=   60, J=   60.5 channel on core I =   0.0 from L=   60,  Acc. loss =  0.0 D.
 Elastic phase shift   1 =   -0.000   0.000 deg. for the L =   60, J =   60.5 channel.
0****** WARNING : ACCURACY LOSS IN ERWIN = 15.2 DIGITS, SO EXPECT ERRORS OF   0.0001 % OF UNITARITY

      60.5  1.00000000 -0.00000001i: elastic S-matrix  @@      0.00  0   0 F  0
 Reaction Xsec    60.5+/60 @ 1 =   0.000#, Out:   0.000#   0.106#  -0.000f


 Total SPIN, PARITY =    60.5 -,      4 chs,      0 cc.  Rmin & Coul turning =    4.8   28.9
   S-matrix    1 =    1.00000  -0.00000 for L=   61, J=   60.5 channel on core I =   0.0 from L=   61,  Acc. loss =  0.0 D.
 Elastic phase shift   1 =   -0.000   0.000 deg. for the L =   61, J =   60.5 channel.
      60.5  1.00000000 -0.00000001i: elastic S-matrix  @@      0.02  0   0 F  0
 Reaction Xsec    60.5-/61 @ 1 =   0.000#, Out:   0.000#   2.491#  -0.000f


 Total SPIN, PARITY =    61.5 +,      4 chs,      0 cc.  Rmin & Coul turning =    4.9   29.3
   S-matrix    1 =    1.00000  -0.00000 for L=   62, J=   61.5 channel on core I =   0.0 from L=   62,  Acc. loss =  0.0 D.
 Elastic phase shift   1 =   -0.000  -0.000 deg. for the L =   62, J =   61.5 channel.
0****** WARNING : ACCURACY LOSS IN ERWIN = 14.4 DIGITS, SO EXPECT ERRORS OF   0.0006 % OF UNITARITY

      61.5  1.00000000 -0.00000000i: elastic S-matrix  @@      0.00  0   0 F  0
 Reaction Xsec    61.5+/62 @ 1 =  -0.000#, Out:   0.000#   1.569#  -0.000f


 Total SPIN, PARITY =    61.5 -,      4 chs,      0 cc.  Rmin & Coul turning =    4.9   29.3
   S-matrix    1 =    1.00000  -0.00000 for L=   61, J=   61.5 channel on core I =   0.0 from L=   61,  Acc. loss =  0.0 D.
 Elastic phase shift   1 =   -0.000  -0.000 deg. for the L =   61, J =   61.5 channel.
      61.5  1.00000000 -0.00000001i: elastic S-matrix  @@      0.00  0   0 F  0
 Reaction Xsec    61.5-/61 @ 1 =  -0.000#, Out:   0.000#   0.489#  -0.000f


 Total SPIN, PARITY =    62.5 +,      4 chs,      0 cc.  Rmin & Coul turning =    5.0   29.8
   S-matrix    1 =    1.00000  -0.00000 for L=   62, J=   62.5 channel on core I =   0.0 from L=   62,  Acc. loss =  0.0 D.
 Elastic phase shift   1 =   -0.000  -0.000 deg. for the L =   62, J =   62.5 channel.
0****** WARNING : ACCURACY LOSS IN ERWIN = 14.3 DIGITS, SO EXPECT ERRORS OF   0.0001 % OF UNITARITY

      62.5  1.00000000 -0.00000000i: elastic S-matrix  @@      0.00  0   0 F  0
 Reaction Xsec    62.5+/62 @ 1 =  -0.000#, Out:   0.000#   0.041#  -0.000f


 Total SPIN, PARITY =    62.5 -,      4 chs,      0 cc.  Rmin & Coul turning =    5.0   29.8
   S-matrix    1 =    1.00000  -0.00000 for L=   63, J=   62.5 channel on core I =   0.0 from L=   63,  Acc. loss =  0.0 D.
 Elastic phase shift   1 =   -0.000   0.000 deg. for the L =   63, J =   62.5 channel.
0****** WARNING : ACCURACY LOSS IN ERWIN = 14.6 DIGITS, SO EXPECT ERRORS OF   0.0016 % OF UNITARITY

      62.5  1.00000000 -0.00000000i: elastic S-matrix  @@      0.00  0   0 F  0
 Reaction Xsec    62.5-/63 @ 1 =   0.000#, Out:   0.000#   9.684#  -0.000f


 Total SPIN, PARITY =    63.5 +,      4 chs,      0 cc.  Rmin & Coul turning =    5.0   30.3
   S-matrix    1 =    1.00000  -0.00000 for L=   64, J=   63.5 channel on core I =   0.0 from L=   64,  Acc. loss =  0.0 D.
 Elastic phase shift   1 =   -0.000   0.000 deg. for the L =   64, J =   63.5 channel.
      63.5  1.00000000 -0.00000000i: elastic S-matrix  @@      0.00  0   0 F  0
 Reaction Xsec    63.5+/64 @ 1 =   0.000#, Out:   0.000#   5.849#  -0.000f


 Total SPIN, PARITY =    63.5 -,      4 chs,      0 cc.  Rmin & Coul turning =    5.0   30.3
   S-matrix    1 =    1.00000  -0.00000 for L=   63, J=   63.5 channel on core I =   0.0 from L=   63,  Acc. loss =  0.0 D.
 Elastic phase shift   1 =   -0.000  -0.000 deg. for the L =   63, J =   63.5 channel.
0****** WARNING : ACCURACY LOSS IN ERWIN = 14.4 DIGITS, SO EXPECT ERRORS OF   0.0002 % OF UNITARITY

      63.5  1.00000000 -0.00000000i: elastic S-matrix  @@      0.00  0   0 F  0
 Reaction Xsec    63.5-/63 @ 1 =  -0.000#, Out:   0.000#   1.351#  -0.000f


 Total SPIN, PARITY =    64.5 +,      4 chs,      0 cc.  Rmin & Coul turning =    5.1   30.8
   S-matrix    1 =    1.00000  -0.00000 for L=   64, J=   64.5 channel on core I =   0.0 from L=   64,  Acc. loss =  0.0 D.
 Elastic phase shift   1 =   -0.000  -0.000 deg. for the L =   64, J =   64.5 channel.
0****** WARNING : ACCURACY LOSS IN ERWIN = 14.4 DIGITS, SO EXPECT ERRORS OF   0.0005 % OF UNITARITY

      64.5  1.00000000 -0.00000000i: elastic S-matrix  @@      0.02  0   0 F  0
 Reaction Xsec    64.5+/64 @ 1 =  -0.000#, Out:   0.000#   6.866#  -0.000f


 Total SPIN, PARITY =    64.5 -,      4 chs,      0 cc.  Rmin & Coul turning =    5.1   30.8
   S-matrix    1 =    1.00000   0.00000 for L=   65, J=   64.5 channel on core I =   0.0 from L=   65,  Acc. loss =  0.0 D.
 Elastic phase shift   1 =    0.000   0.000 deg. for the L =   65, J =   64.5 channel.
0****** WARNING : ACCURACY LOSS IN ERWIN = 14.2 DIGITS, SO EXPECT ERRORS OF   0.0010 % OF UNITARITY

      64.5  1.00000000  0.00000000i: elastic S-matrix  @@      0.00  0   0 F  0
 Reaction Xsec    64.5-/65 @ 1 =   0.000#, Out:   0.000#   8.069#  -0.000f


 Total SPIN, PARITY =    65.5 +,      4 chs,      0 cc.  Rmin & Coul turning =    5.2   31.2
   S-matrix    1 =    1.00000   0.00000 for L=   66, J=   65.5 channel on core I =   0.0 from L=   66,  Acc. loss =  0.0 D.
 Elastic phase shift   1 =    0.000   0.000 deg. for the L =   66, J =   65.5 channel.
0****** WARNING : ACCURACY LOSS IN ERWIN = 14.3 DIGITS, SO EXPECT ERRORS OF   0.0014 % OF UNITARITY

      65.5  1.00000000  0.00000000i: elastic S-matrix  @@      0.00  0   0 F  0
 Reaction Xsec    65.5+/66 @ 1 =   0.000#, Out:   0.000#   0.023/  -0.000f


 Total SPIN, PARITY =    65.5 -,      4 chs,      0 cc.  Rmin & Coul turning =    5.2   31.2
   S-matrix    1 =    1.00000   0.00000 for L=   65, J=   65.5 channel on core I =   0.0 from L=   65,  Acc. loss =  0.0 D.
 Elastic phase shift   1 =    0.000   0.000 deg. for the L =   65, J =   65.5 channel.
0****** WARNING : ACCURACY LOSS IN ERWIN = 14.6 DIGITS, SO EXPECT ERRORS OF   0.0002 % OF UNITARITY

      65.5  1.00000000  0.00000000i: elastic S-matrix  @@      0.00  0   0 F  0
 Reaction Xsec    65.5-/65 @ 1 =   0.000#, Out:   0.000#   0.141#  -0.000f


 Total SPIN, PARITY =    66.5 +,      4 chs,      0 cc.  Rmin & Coul turning =    5.2   31.7
   S-matrix    1 =    1.00000   0.00000 for L=   66, J=   66.5 channel on core I =   0.0 from L=   66,  Acc. loss =  0.0 D.
 Elastic phase shift   1 =    0.000   0.000 deg. for the L =   66, J =   66.5 channel.
0****** WARNING : ACCURACY LOSS IN ERWIN = 14.4 DIGITS, SO EXPECT ERRORS OF   0.0004 % OF UNITARITY

      66.5  1.00000000  0.00000000i: elastic S-matrix  @@      0.00  0   0 F  0
 Reaction Xsec    66.5+/66 @ 1 =   0.000#, Out:   0.000#   0.592#  -0.000f


 Total SPIN, PARITY =    66.5 -,      4 chs,      0 cc.  Rmin & Coul turning =    5.2   31.7
   S-matrix    1 =    1.00000   0.00000 for L=   67, J=   66.5 channel on core I =   0.0 from L=   67,  Acc. loss =  0.0 D.
 Elastic phase shift   1 =    0.000   0.000 deg. for the L =   67, J =   66.5 channel.
0****** WARNING : ACCURACY LOSS IN ERWIN = 14.1 DIGITS, SO EXPECT ERRORS OF   0.0004 % OF UNITARITY

      66.5  1.00000000  0.00000000i: elastic S-matrix  @@      0.00  0   0 F  0
 Reaction Xsec    66.5-/67 @ 1 =   0.000#, Out:   0.000#   0.587#  -0.000f


 Total SPIN, PARITY =    67.5 +,      4 chs,      0 cc.  Rmin & Coul turning =    5.4   32.2
   S-matrix    1 =    1.00000   0.00000 for L=   68, J=   67.5 channel on core I =   0.0 from L=   68,  Acc. loss =  0.0 D.
 Elastic phase shift   1 =    0.000   0.000 deg. for the L =   68, J =   67.5 channel.
0****** WARNING : ACCURACY LOSS IN ERWIN = 14.8 DIGITS, SO EXPECT ERRORS OF   0.0007 % OF UNITARITY

      67.5  1.00000000  0.00000000i: elastic S-matrix  @@      0.02  0   0 F  0
 Reaction Xsec    67.5+/68 @ 1 =   0.000#, Out:   0.000#   0.146#  -0.000f


 Total SPIN, PARITY =    67.5 -,      4 chs,      0 cc.  Rmin & Coul turning =    5.4   32.2
   S-matrix    1 =    1.00000   0.00000 for L=   67, J=   67.5 channel on core I =   0.0 from L=   67,  Acc. loss =  0.0 D.
 Elastic phase shift   1 =    0.000  -0.000 deg. for the L =   67, J =   67.5 channel.
0****** WARNING : ACCURACY LOSS IN ERWIN = 15.8 DIGITS, SO EXPECT ERRORS OF   0.0005 % OF UNITARITY

      67.5  1.00000000  0.00000000i: elastic S-matrix  @@      0.00  0   0 F  0
 Reaction Xsec    67.5-/67 @ 1 =  -0.000#, Out:   0.000#   0.029#  -0.000f


 Total SPIN, PARITY =    68.5 +,      4 chs,      0 cc.  Rmin & Coul turning =    5.4   32.7
   S-matrix    1 =    1.00000   0.00000 for L=   68, J=   68.5 channel on core I =   0.0 from L=   68,  Acc. loss =  0.0 D.
 Elastic phase shift   1 =    0.000   0.000 deg. for the L =   68, J =   68.5 channel.
0****** WARNING : ACCURACY LOSS IN ERWIN = 14.8 DIGITS, SO EXPECT ERRORS OF   0.0006 % OF UNITARITY

      68.5  1.00000000  0.00000000i: elastic S-matrix  @@      0.00  0   0 F  0
 Reaction Xsec    68.5+/68 @ 1 =   0.000#, Out:   0.000#   0.647#  -0.000f


 Total SPIN, PARITY =    68.5 -,      4 chs,      0 cc.  Rmin & Coul turning =    5.4   32.7
   S-matrix    1 =    1.00000   0.00000 for L=   69, J=   68.5 channel on core I =   0.0 from L=   69,  Acc. loss =  0.0 D.
 Elastic phase shift   1 =    0.000   0.000 deg. for the L =   69, J =   68.5 channel.
0****** WARNING : ACCURACY LOSS IN ERWIN = 14.9 DIGITS, SO EXPECT ERRORS OF   0.0007 % OF UNITARITY

      68.5  1.00000000  0.00000000i: elastic S-matrix  @@      0.00  0   0 F  0
 Reaction Xsec    68.5-/69 @ 1 =   0.000#, Out:   0.000#   0.119#  -0.000f


 Total SPIN, PARITY =    69.5 +,      4 chs,      0 cc.  Rmin & Coul turning =    5.5   33.2
   S-matrix    1 =    1.00000   0.00000 for L=   70, J=   69.5 channel on core I =   0.0 from L=   70,  Acc. loss =  0.0 D.
 Elastic phase shift   1 =    0.000   0.000 deg. for the L =   70, J =   69.5 channel.
0****** WARNING : ACCURACY LOSS IN ERWIN = 14.5 DIGITS, SO EXPECT ERRORS OF   0.0005 % OF UNITARITY

      69.5  1.00000000  0.00000000i: elastic S-matrix  @@      0.00  0   0 F  0
 Reaction Xsec    69.5+/70 @ 1 =   0.000#, Out:   0.000#   0.884#  -0.000f


 Total SPIN, PARITY =    69.5 -,      4 chs,      0 cc.  Rmin & Coul turning =    5.5   33.2
   S-matrix    1 =    1.00000   0.00000 for L=   69, J=   69.5 channel on core I =   0.0 from L=   69,  Acc. loss =  0.0 D.
 Elastic phase shift   1 =    0.000   0.000 deg. for the L =   69, J =   69.5 channel.
0****** WARNING : ACCURACY LOSS IN ERWIN = 14.9 DIGITS, SO EXPECT ERRORS OF   0.0002 % OF UNITARITY

      69.5  1.00000000  0.00000000i: elastic S-matrix  @@      0.00  0   0 F  0
 Reaction Xsec    69.5-/69 @ 1 =   0.000#, Out:   0.000#   0.037#  -0.000f


 Total SPIN, PARITY =    70.5 +,      4 chs,      0 cc.  Rmin & Coul turning =    5.6   33.6
   S-matrix    1 =    1.00000   0.00000 for L=   70, J=   70.5 channel on core I =   0.0 from L=   70,  Acc. loss =  0.0 D.
 Elastic phase shift   1 =    0.000   0.000 deg. for the L =   70, J =   70.5 channel.
0****** WARNING : ACCURACY LOSS IN ERWIN = 14.2 DIGITS, SO EXPECT ERRORS OF   0.0002 % OF UNITARITY

      70.5  1.00000000  0.00000000i: elastic S-matrix  @@      0.00  0   0 F  0
 Reaction Xsec    70.5+/70 @ 1 =   0.000#, Out:   0.000#   0.270#  -0.000f


 Total SPIN, PARITY =    70.5 -,      4 chs,      0 cc.  Rmin & Coul turning =    5.6   33.6
   S-matrix    1 =    1.00000   0.00000 for L=   71, J=   70.5 channel on core I =   0.0 from L=   71,  Acc. loss =  0.0 D.
 Elastic phase shift   1 =    0.000   0.000 deg. for the L =   71, J =   70.5 channel.
0****** WARNING : ACCURACY LOSS IN ERWIN = 14.9 DIGITS, SO EXPECT ERRORS OF   0.0002 % OF UNITARITY

      70.5  1.00000000  0.00000000i: elastic S-matrix  @@      0.02  0   0 F  0
 Reaction Xsec    70.5-/71 @ 1 =   0.000#, Out:   0.000#   0.065#  -0.000f


 Total SPIN, PARITY =    71.5 +,      4 chs,      0 cc.  Rmin & Coul turning =    5.7   34.1
   S-matrix    1 =    1.00000   0.00000 for L=   72, J=   71.5 channel on core I =   0.0 from L=   72,  Acc. loss =  0.0 D.
 Elastic phase shift   1 =    0.000   0.000 deg. for the L =   72, J =   71.5 channel.
0****** WARNING : ACCURACY LOSS IN ERWIN = 14.6 DIGITS, SO EXPECT ERRORS OF   0.0001 % OF UNITARITY

      71.5  1.00000000  0.00000000i: elastic S-matrix  @@      0.00  0   0 F  0
 Reaction Xsec    71.5+/72 @ 1 =   0.000#, Out:   0.000#   0.011#  -0.000f


 Total SPIN, PARITY =    71.5 -,      4 chs,      0 cc.  Rmin & Coul turning =    5.7   34.1
   S-matrix    1 =    1.00000   0.00000 for L=   71, J=   71.5 channel on core I =   0.0 from L=   71,  Acc. loss =  0.0 D.
 Elastic phase shift   1 =    0.000   0.000 deg. for the L =   71, J =   71.5 channel.
0****** WARNING : ACCURACY LOSS IN ERWIN = 14.4 DIGITS, SO EXPECT ERRORS OF   0.0002 % OF UNITARITY

      71.5  1.00000000  0.00000000i: elastic S-matrix  @@      0.00  0   0 F  0
 Reaction Xsec    71.5-/71 @ 1 =   0.000#, Out:   0.000#   0.073#  -0.000f


 Total SPIN, PARITY =    72.5 +,      4 chs,      0 cc.  Rmin & Coul turning =    5.8   34.6
   S-matrix    1 =    1.00000   0.00000 for L=   72, J=   72.5 channel on core I =   0.0 from L=   72,  Acc. loss =  0.0 D.
 Elastic phase shift   1 =    0.000   0.000 deg. for the L =   72, J =   72.5 channel.
0****** WARNING : ACCURACY LOSS IN ERWIN = 15.1 DIGITS, SO EXPECT ERRORS OF   0.0000 % OF UNITARITY

      72.5  1.00000000  0.00000000i: elastic S-matrix  @@      0.00  0   0 F  0
 Reaction Xsec    72.5+/72 @ 1 =   0.000#, Out:   0.000#   0.000#  -0.000f


 Total SPIN, PARITY =    72.5 -,      4 chs,      0 cc.  Rmin & Coul turning =    5.8   34.6
   S-matrix    1 =    1.00000   0.00000 for L=   73, J=   72.5 channel on core I =   0.0 from L=   73,  Acc. loss =  0.0 D.
 Elastic phase shift   1 =    0.000   0.000 deg. for the L =   73, J =   72.5 channel.
0****** WARNING : ACCURACY LOSS IN ERWIN = 14.5 DIGITS, SO EXPECT ERRORS OF   0.0000 % OF UNITARITY

      72.5  1.00000000  0.00000000i: elastic S-matrix  @@      0.00  0   0 F  0
 Reaction Xsec    72.5-/73 @ 1 =   0.000#, Out:   0.000#   0.001#  -0.000f


 Total SPIN, PARITY =    73.5 +,      4 chs,      0 cc.  Rmin & Coul turning =    5.8   35.1
   S-matrix    1 =    1.00000   0.00000 for L=   74, J=   73.5 channel on core I =   0.0 from L=   74,  Acc. loss =  0.0 D.
 Elastic phase shift   1 =    0.000   0.000 deg. for the L =   74, J =   73.5 channel.
0****** WARNING : ACCURACY LOSS IN ERWIN = 14.7 DIGITS, SO EXPECT ERRORS OF   0.0000 % OF UNITARITY

      73.5  1.00000000  0.00000000i: elastic S-matrix  @@      0.00  0   0 F  0
 Reaction Xsec    73.5+/74 @ 1 =   0.000#, Out:   0.000#   0.000#  -0.000f


 Total SPIN, PARITY =    73.5 -,      4 chs,      0 cc.  Rmin & Coul turning =    5.8   35.1
   S-matrix    1 =    1.00000   0.00000 for L=   73, J=   73.5 channel on core I =   0.0 from L=   73,  Acc. loss =  0.0 D.
 Elastic phase shift   1 =    0.000   0.000 deg. for the L =   73, J =   73.5 channel.
0****** WARNING : ACCURACY LOSS IN ERWIN = 15.0 DIGITS, SO EXPECT ERRORS OF   0.0000 % OF UNITARITY

      73.5  1.00000000  0.00000000i: elastic S-matrix  @@      0.00  0   0 F  0
 Reaction Xsec    73.5-/73 @ 1 =   0.000#, Out:   0.000#   0.000#  -0.000f


 Total SPIN, PARITY =    74.5 +,      4 chs,      0 cc.  Rmin & Coul turning =    5.9   35.5
   S-matrix    1 =    1.00000   0.00000 for L=   74, J=   74.5 channel on core I =   0.0 from L=   74,  Acc. loss =  0.0 D.
 Elastic phase shift   1 =    0.000   0.000 deg. for the L =   74, J =   74.5 channel.
0****** WARNING : ACCURACY LOSS IN ERWIN = 15.6 DIGITS, SO EXPECT ERRORS OF   0.0000 % OF UNITARITY

      74.5  1.00000000  0.00000000i: elastic S-matrix  @@      0.02  0   0 F  0
 Reaction Xsec    74.5+/74 @ 1 =   0.000#, Out:   0.000#   0.000#  -0.000f


 Total SPIN, PARITY =    74.5 -,      4 chs,      0 cc.  Rmin & Coul turning =    5.9   35.5
   S-matrix    1 =    1.00000   0.00000 for L=   75, J=   74.5 channel on core I =   0.0 from L=   75,  Acc. loss =  0.0 D.
 Elastic phase shift   1 =    0.000  -0.000 deg. for the L =   75, J =   74.5 channel.
0****** WARNING : ACCURACY LOSS IN ERWIN = 15.1 DIGITS, SO EXPECT ERRORS OF   0.0000 % OF UNITARITY

      74.5  1.00000000  0.00000000i: elastic S-matrix  @@      0.00  0   0 F  0
 Reaction Xsec    74.5-/75 @ 1 =  -0.000#, Out:   0.000#   0.000#  -0.000f


 Total SPIN, PARITY =    75.5 +,      4 chs,      0 cc.  Rmin & Coul turning =    6.0   36.0
   S-matrix    1 =    1.00000   0.00000 for L=   76, J=   75.5 channel on core I =   0.0 from L=   76,  Acc. loss =  0.0 D.
 Elastic phase shift   1 =    0.000   0.000 deg. for the L =   76, J =   75.5 channel.
0****** WARNING : ACCURACY LOSS IN ERWIN = 15.0 DIGITS, SO EXPECT ERRORS OF   0.0000 % OF UNITARITY

      75.5  1.00000000  0.00000000i: elastic S-matrix  @@      0.00  0   0 F  0
 Reaction Xsec    75.5+/76 @ 1 =   0.000#, Out:   0.000#   0.000#  -0.000f


 Total SPIN, PARITY =    75.5 -,      4 chs,      0 cc.  Rmin & Coul turning =    6.0   36.0
   S-matrix    1 =    1.00000   0.00000 for L=   75, J=   75.5 channel on core I =   0.0 from L=   75,  Acc. loss =  0.0 D.
 Elastic phase shift   1 =    0.000   0.000 deg. for the L =   75, J =   75.5 channel.
0****** WARNING : ACCURACY LOSS IN ERWIN = 15.0 DIGITS, SO EXPECT ERRORS OF   0.0000 % OF UNITARITY

      75.5  1.00000000  0.00000000i: elastic S-matrix  @@      0.00  0   0 F  0
 Reaction Xsec    75.5-/75 @ 1 =   0.000#, Out:   0.000#   0.000#  -0.000f


 Total SPIN, PARITY =    76.5 +,      4 chs,      0 cc.  Rmin & Coul turning =    6.1   36.5
   S-matrix    1 =    1.00000   0.00000 for L=   76, J=   76.5 channel on core I =   0.0 from L=   76,  Acc. loss =  0.0 D.
 Elastic phase shift   1 =    0.000   0.000 deg. for the L =   76, J =   76.5 channel.
0****** WARNING : ACCURACY LOSS IN ERWIN = 15.6 DIGITS, SO EXPECT ERRORS OF   0.0000 % OF UNITARITY

      76.5  1.00000000  0.00000000i: elastic S-matrix  @@      0.00  0   0 F  0
 Reaction Xsec    76.5+/76 @ 1 =   0.000#, Out:   0.000#   0.000#  -0.000f


 Total SPIN, PARITY =    76.5 -,      4 chs,      0 cc.  Rmin & Coul turning =    6.1   36.5
   S-matrix    1 =    1.00000   0.00000 for L=   77, J=   76.5 channel on core I =   0.0 from L=   77,  Acc. loss =  0.0 D.
 Elastic phase shift   1 =    0.000   0.000 deg. for the L =   77, J =   76.5 channel.
0****** WARNING : ACCURACY LOSS IN ERWIN = 15.5 DIGITS, SO EXPECT ERRORS OF   0.0000 % OF UNITARITY

      76.5  1.00000000  0.00000000i: elastic S-matrix  @@      0.00  0   0 F  0
 Reaction Xsec    76.5-/77 @ 1 =   0.000#, Out:   0.000#   0.000#   0.000f


 Total SPIN, PARITY =    77.5 +,      4 chs,      0 cc.  Rmin & Coul turning =    6.2   37.0
   S-matrix    1 =    1.00000   0.00000 for L=   78, J=   77.5 channel on core I =   0.0 from L=   78,  Acc. loss =  0.0 D.
 Elastic phase shift   1 =    0.000   0.000 deg. for the L =   78, J =   77.5 channel.
0****** WARNING : ACCURACY LOSS IN ERWIN = 14.9 DIGITS, SO EXPECT ERRORS OF   0.0000 % OF UNITARITY

      77.5  1.00000000  0.00000000i: elastic S-matrix  @@      0.00  0   0 F  0
 Reaction Xsec    77.5+/78 @ 1 =   0.000#, Out:   0.000#   0.000#  -0.000f


 Total SPIN, PARITY =    77.5 -,      4 chs,      0 cc.  Rmin & Coul turning =    6.2   37.0
   S-matrix    1 =    1.00000   0.00000 for L=   77, J=   77.5 channel on core I =   0.0 from L=   77,  Acc. loss =  0.0 D.
 Elastic phase shift   1 =    0.000   0.000 deg. for the L =   77, J =   77.5 channel.
0****** WARNING : ACCURACY LOSS IN ERWIN = 15.3 DIGITS, SO EXPECT ERRORS OF   0.0000 % OF UNITARITY

      77.5  1.00000000  0.00000000i: elastic S-matrix  @@      0.02  0   0 F  0
 Reaction Xsec    77.5-/77 @ 1 =   0.000#, Out:   0.000#   0.000#  -0.000f


 Total SPIN, PARITY =    78.5 +,      4 chs,      0 cc.  Rmin & Coul turning =    6.2   37.4
   S-matrix    1 =    1.00000   0.00000 for L=   78, J=   78.5 channel on core I =   0.0 from L=   78,  Acc. loss =  0.0 D.
 Elastic phase shift   1 =    0.000   0.000 deg. for the L =   78, J =   78.5 channel.
0****** WARNING : ACCURACY LOSS IN ERWIN = 15.5 DIGITS, SO EXPECT ERRORS OF   0.0000 % OF UNITARITY

      78.5  1.00000000  0.00000000i: elastic S-matrix  @@      0.00  0   0 F  0
 Reaction Xsec    78.5+/78 @ 1 =   0.000#, Out:   0.000#   0.000#   0.000f


 Total SPIN, PARITY =    78.5 -,      4 chs,      0 cc.  Rmin & Coul turning =    6.2   37.4
   S-matrix    1 =    1.00000   0.00000 for L=   79, J=   78.5 channel on core I =   0.0 from L=   79,  Acc. loss =  0.0 D.
 Elastic phase shift   1 =    0.000  -0.000 deg. for the L =   79, J =   78.5 channel.
0****** WARNING : ACCURACY LOSS IN ERWIN = 14.9 DIGITS, SO EXPECT ERRORS OF   0.0000 % OF UNITARITY

      78.5  1.00000000  0.00000000i: elastic S-matrix  @@      0.00  0   0 F  0
 Reaction Xsec    78.5-/79 @ 1 =  -0.000#, Out:   0.000#   0.000#  -0.000f


 Total SPIN, PARITY =    79.5 +,      4 chs,      0 cc.  Rmin & Coul turning =    6.3   37.9
   S-matrix    1 =    1.00000   0.00000 for L=   80, J=   79.5 channel on core I =   0.0 from L=   80,  Acc. loss =  0.0 D.
 Elastic phase shift   1 =    0.000   0.000 deg. for the L =   80, J =   79.5 channel.
0****** WARNING : ACCURACY LOSS IN ERWIN = 15.3 DIGITS, SO EXPECT ERRORS OF   0.0000 % OF UNITARITY

      79.5  1.00000000  0.00000000i: elastic S-matrix  @@      0.00  0   0 F  0
 Reaction Xsec    79.5+/80 @ 1 =   0.000#, Out:   0.000#   0.000#  -0.000f


 Total SPIN, PARITY =    79.5 -,      4 chs,      0 cc.  Rmin & Coul turning =    6.3   37.9
   S-matrix    1 =    1.00000   0.00000 for L=   79, J=   79.5 channel on core I =   0.0 from L=   79,  Acc. loss =  0.0 D.
 Elastic phase shift   1 =    0.000   0.000 deg. for the L =   79, J =   79.5 channel.
0****** WARNING : ACCURACY LOSS IN ERWIN = 15.1 DIGITS, SO EXPECT ERRORS OF   0.0000 % OF UNITARITY

      79.5  1.00000000  0.00000000i: elastic S-matrix  @@      0.00  0   0 F  0
 Reaction Xsec    79.5-/79 @ 1 =   0.000#, Out:   0.000#   0.000#  -0.000f


 Total SPIN, PARITY =    80.5 +,      4 chs,      0 cc.  Rmin & Coul turning =    6.4   38.4
   S-matrix    1 =    1.00000   0.00000 for L=   80, J=   80.5 channel on core I =   0.0 from L=   80,  Acc. loss =  0.0 D.
 Elastic phase shift   1 =    0.000  -0.000 deg. for the L =   80, J =   80.5 channel.
0****** WARNING : ACCURACY LOSS IN ERWIN = 15.3 DIGITS, SO EXPECT ERRORS OF   0.0000 % OF UNITARITY

      80.5  1.00000000  0.00000000i: elastic S-matrix  @@      0.00  0   0 F  0
 Reaction Xsec    80.5+/80 @ 1 =  -0.000#, Out:   0.000#   0.000#  -0.000f


 Total SPIN, PARITY =    80.5 -,      4 chs,      0 cc.  Rmin & Coul turning =    6.4   38.4
   S-matrix    1 =    1.00000   0.00000 for L=   81, J=   80.5 channel on core I =   0.0 from L=   81,  Acc. loss =  0.0 D.
 Elastic phase shift   1 =    0.000   0.000 deg. for the L =   81, J =   80.5 channel.
0****** WARNING : ACCURACY LOSS IN ERWIN = 15.1 DIGITS, SO EXPECT ERRORS OF   0.0000 % OF UNITARITY

      80.5  1.00000000  0.00000000i: elastic S-matrix  @@      0.00  0   0 F  0
 Reaction Xsec    80.5-/81 @ 1 =   0.000#, Out:   0.000#   0.000#   0.000f

 Finished all CC sets @   0.468750000    
0CUMULATIVE REACTION cross section                 =  276.01756  <L> =     6.17  <L**2> =     44.3
0CUMULATIVE outgoing cross sections in partition 1 :    0.00000
0CUMULATIVE outgoing cross sections in partition 2 :    0.06025
0Cumulative ABSORBTION by Imaginary Potentials     =  275.95731  <L> =     6.17  <L**2> =     44.3
   Fusion for specific p        M-states :  275.957306  275.957306
0CUMULATIVE OUTGOING cross section                 =    0.06025
 To convert to S-factors (MeV.mb = keV.b),  multiply by  1.3211E+02


 CROSS SECTIONS FOR OUTGOING p        & 4He      in state #   1 with spins & parities 0.5  + &  0.0  +;  0

     0.01 deg.: X-S =   6.7712E+12 mb/sr,
+                                         /R =   9.9996E-01
     1.00 deg.: X-S =   5.0788E+04 mb/sr,
+                                         /R =   7.4999E-01
     2.00 deg.: X-S =  2794.929310 mb/sr,
+                                         /R =   6.6027E-01
     3.00 deg.: X-S =  2091.385573 mb/sr,
+                                         /R =   2.5006E+00
     4.00 deg.: X-S =  2355.253637 mb/sr,
+                                         /R =   8.8970E+00
     5.00 deg.: X-S =  2489.397933 mb/sr,
+                                         /R =   2.2948E+01
     6.00 deg.: X-S =  2499.514662 mb/sr,
+                                         /R =   4.7751E+01
     7.00 deg.: X-S =  2429.013740 mb/sr,
+                                         /R =   8.5913E+01
     8.00 deg.: X-S =  2307.059281 mb/sr,
+                                         /R =   1.3910E+02
     9.00 deg.: X-S =  2152.378223 mb/sr,
+                                         /R =   2.0769E+02
    10.00 deg.: X-S =  1977.755745 mb/sr,
+                                         /R =   2.9059E+02
    11.00 deg.: X-S =  1792.517495 mb/sr,
+                                         /R =   3.8520E+02
    12.00 deg.: X-S =  1603.791733 mb/sr,
+                                         /R =   4.8754E+02
    13.00 deg.: X-S =  1417.152032 mb/sr,
+                                         /R =   5.9262E+02
    14.00 deg.: X-S =  1236.956397 mb/sr,
+                                         /R =   6.9480E+02
    15.00 deg.: X-S =  1066.541074 mb/sr,
+                                         /R =   7.8831E+02
    16.00 deg.: X-S =   908.348258 mb/sr,
+                                         /R =   8.6776E+02
    17.00 deg.: X-S =   764.027094 mb/sr,
+                                         /R =   9.2863E+02
    18.00 deg.: X-S =   634.526776 mb/sr,
+                                         /R =   9.6763E+02
    19.00 deg.: X-S =   520.189646 mb/sr,
+                                         /R =   9.8294E+02
    20.00 deg.: X-S =   420.846334 mb/sr,
+                                         /R =   9.7439E+02
    21.00 deg.: X-S =   335.911937 mb/sr,
+                                         /R =   9.4338E+02
    22.00 deg.: X-S =   264.480768 mb/sr,
+                                         /R =   8.9272E+02
    23.00 deg.: X-S =   205.416747 mb/sr,
+                                         /R =   8.2639E+02
    24.00 deg.: X-S =   157.436717 mb/sr,
+                                         /R =   7.4912E+02
    25.00 deg.: X-S =   119.184438 mb/sr,
+                                         /R =   6.6603E+02
    26.00 deg.: X-S =    89.293736 mb/sr,
+                                         /R =   5.8224E+02
    27.00 deg.: X-S =    66.439986 mb/sr,
+                                         /R =   5.0246E+02
    28.00 deg.: X-S =    49.379794 mb/sr,
+                                         /R =   4.3070E+02
    29.00 deg.: X-S =    36.979318 mb/sr,
+                                         /R =   3.7007E+02
    30.00 deg.: X-S =    28.232180 mb/sr,
+                                         /R =   3.2259E+02
    31.00 deg.: X-S =    22.268225 mb/sr,
+                                         /R =   2.8921E+02
    32.00 deg.: X-S =    18.354631 mb/sr,
+                                         /R =   2.6979E+02
    33.00 deg.: X-S =    15.890922 mb/sr,
+                                         /R =   2.6330E+02
    34.00 deg.: X-S =    14.399438 mb/sr,
+                                         /R =   2.6793E+02
    35.00 deg.: X-S =    13.512705 mb/sr,
+                                         /R =   2.8134E+02
    36.00 deg.: X-S =    12.959012 mb/sr,
+                                         /R =   3.0090E+02
    37.00 deg.: X-S =    12.547290 mb/sr,
+                                         /R =   3.2388E+02
    38.00 deg.: X-S =    12.152179 mb/sr,
+                                         /R =   3.4766E+02
    39.00 deg.: X-S =    11.699957 mb/sr,
+                                         /R =   3.6991E+02
    40.00 deg.: X-S =    11.155810 mb/sr,
+                                         /R =   3.8872E+02
    41.00 deg.: X-S =    10.512722 mb/sr,
+                                         /R =   4.0267E+02
    42.00 deg.: X-S =     9.782145 mb/sr,
+                                         /R =   4.1085E+02
    43.00 deg.: X-S =     8.986440 mb/sr,
+                                         /R =   4.1287E+02
    44.00 deg.: X-S =     8.153015 mb/sr,
+                                         /R =   4.0883E+02
    45.00 deg.: X-S =     7.310006 mb/sr,
+                                         /R =   3.9921E+02
    46.00 deg.: X-S =     6.483303 mb/sr,
+                                         /R =   3.8480E+02
    47.00 deg.: X-S =     5.694702 mb/sr,
+                                         /R =   3.6660E+02
    48.00 deg.: X-S =     4.960966 mb/sr,
+                                         /R =   3.4574E+02
    49.00 deg.: X-S =     4.293583 mb/sr,
+                                         /R =   3.2334E+02
    50.00 deg.: X-S =     3.699017 mb/sr,
+                                         /R =   3.0047E+02
    51.00 deg.: X-S =     3.179305 mb/sr,
+                                         /R =   2.7810E+02
    52.00 deg.: X-S =     2.732822 mb/sr,
+                                         /R =   2.5698E+02
    53.00 deg.: X-S =     2.355147 mb/sr,
+                                         /R =   2.3771E+02
    54.00 deg.: X-S =     2.039901 mb/sr,
+                                         /R =   2.2066E+02
    55.00 deg.: X-S =     1.779537 mb/sr,
+                                         /R =   2.0600E+02
    56.00 deg.: X-S =     1.566006 mb/sr,
+                                         /R =   1.9371E+02
    57.00 deg.: X-S =     1.391309 mb/sr,
+                                         /R =   1.8366E+02
    58.00 deg.: X-S =     1.247914 mb/sr,
+                                         /R =   1.7555E+02
    59.00 deg.: X-S =     1.129043 mb/sr,
+                                         /R =   1.6904E+02
    60.00 deg.: X-S =     1.028846 mb/sr,
+                                         /R =   1.6374E+02
    61.00 deg.: X-S =     0.942480 mb/sr,
+                                         /R =   1.5925E+02
    62.00 deg.: X-S =     0.866106 mb/sr,
+                                         /R =   1.5519E+02
    63.00 deg.: X-S =     0.796826 mb/sr,
+                                         /R =   1.5123E+02
    64.00 deg.: X-S =     0.732579 mb/sr,
+                                         /R =   1.4710E+02
    65.00 deg.: X-S =     0.672018 mb/sr,
+                                         /R =   1.4262E+02
    66.00 deg.: X-S =     0.614368 mb/sr,
+                                         /R =   1.3765E+02
    67.00 deg.: X-S =     0.559294 mb/sr,
+                                         /R =   1.3217E+02
    68.00 deg.: X-S =     0.506766 mb/sr,
+                                         /R =   1.2618E+02
    69.00 deg.: X-S =     0.456953 mb/sr,
+                                         /R =   1.1976E+02
    70.00 deg.: X-S =     0.410123 mb/sr,
+                                         /R =   1.1303E+02
    71.00 deg.: X-S =     0.366566 mb/sr,
+                                         /R =   1.0614E+02
    72.00 deg.: X-S =     0.326543 mb/sr,
+                                         /R =   9.9253E+01
    73.00 deg.: X-S =     0.290243 mb/sr,
+                                         /R =   9.2521E+01
    74.00 deg.: X-S =     0.257763 mb/sr,
+                                         /R =   8.6099E+01
    75.00 deg.: X-S =     0.229099 mb/sr,
+                                         /R =   8.0120E+01
    76.00 deg.: X-S =     0.204149 mb/sr,
+                                         /R =   7.4687E+01
    77.00 deg.: X-S =     0.182719 mb/sr,
+                                         /R =   6.9873E+01
    78.00 deg.: X-S =     0.164543 mb/sr,
+                                         /R =   6.5719E+01
    79.00 deg.: X-S =     0.149298 mb/sr,
+                                         /R =   6.2234E+01
    80.00 deg.: X-S =     0.136626 mb/sr,
+                                         /R =   5.9392E+01
    81.00 deg.: X-S =     0.126150 mb/sr,
+                                         /R =   5.7147E+01
    82.00 deg.: X-S =     0.117494 mb/sr,
+                                         /R =   5.5426E+01
    83.00 deg.: X-S =     0.110295 mb/sr,
+                                         /R =   5.4143E+01
    84.00 deg.: X-S =     0.104218 mb/sr,
+                                         /R =   5.3200E+01
    85.00 deg.: X-S =     0.098962 mb/sr,
+                                         /R =   5.2496E+01
    86.00 deg.: X-S =     0.094269 mb/sr,
+                                         /R =   5.1931E+01
    87.00 deg.: X-S =     0.089924 mb/sr,
+                                         /R =   5.1410E+01
    88.00 deg.: X-S =     0.085756 mb/sr,
+                                         /R =   5.0849E+01
    89.00 deg.: X-S =     0.081641 mb/sr,
+                                         /R =   5.0174E+01
    90.00 deg.: X-S =     0.077490 mb/sr,
+                                         /R =   4.9330E+01
    91.00 deg.: X-S =     0.073253 mb/sr,
+                                         /R =   4.8275E+01
    92.00 deg.: X-S =     0.068910 mb/sr,
+                                         /R =   4.6983E+01
    93.00 deg.: X-S =     0.064464 mb/sr,
+                                         /R =   4.5446E+01
    94.00 deg.: X-S =     0.059941 mb/sr,
+                                         /R =   4.3668E+01
    95.00 deg.: X-S =     0.055377 mb/sr,
+                                         /R =   4.1666E+01
    96.00 deg.: X-S =     0.050819 mb/sr,
+                                         /R =   3.9468E+01
    97.00 deg.: X-S =     0.046318 mb/sr,
+                                         /R =   3.7111E+01
    98.00 deg.: X-S =     0.041926 mb/sr,
+                                         /R =   3.4636E+01
    99.00 deg.: X-S =     0.037691 mb/sr,
+                                         /R =   3.2088E+01
   100.00 deg.: X-S =     0.033657 mb/sr,
+                                         /R =   2.9513E+01
   101.00 deg.: X-S =     0.029862 mb/sr,
+                                         /R =   2.6957E+01
   102.00 deg.: X-S =     0.026336 mb/sr,
+                                         /R =   2.4461E+01
   103.00 deg.: X-S =     0.023100 mb/sr,
+                                         /R =   2.2065E+01
   104.00 deg.: X-S =     0.020168 mb/sr,
+                                         /R =   1.9802E+01
   105.00 deg.: X-S =     0.017544 mb/sr,
+                                         /R =   1.7698E+01
   106.00 deg.: X-S =     0.015228 mb/sr,
+                                         /R =   1.5775E+01
   107.00 deg.: X-S =     0.013211 mb/sr,
+                                         /R =   1.4046E+01
   108.00 deg.: X-S =     0.011478 mb/sr,
+                                         /R =   1.2521E+01
   109.00 deg.: X-S =     0.010012 mb/sr,
+                                         /R =   1.1199E+01
   110.00 deg.: X-S =     0.008791 mb/sr,
+                                         /R =   1.0079E+01
   111.00 deg.: X-S =     0.007791 mb/sr,
+                                         /R =   9.1514E+00
   112.00 deg.: X-S =     0.006986 mb/sr,
+                                         /R =   8.4039E+00
   113.00 deg.: X-S =     0.006352 mb/sr,
+                                         /R =   7.8210E+00
   114.00 deg.: X-S =     0.005862 mb/sr,
+                                         /R =   7.3849E+00
   115.00 deg.: X-S =     0.005492 mb/sr,
+                                         /R =   7.0760E+00
   116.00 deg.: X-S =     0.005219 mb/sr,
+                                         /R =   6.8741E+00
   117.00 deg.: X-S =     0.005022 mb/sr,
+                                         /R =   6.7588E+00
   118.00 deg.: X-S =     0.004882 mb/sr,
+                                         /R =   6.7104E+00
   119.00 deg.: X-S =     0.004781 mb/sr,
+                                         /R =   6.7099E+00
   120.00 deg.: X-S =     0.004706 mb/sr,
+                                         /R =   6.7401E+00
   121.00 deg.: X-S =     0.004644 mb/sr,
+                                         /R =   6.7852E+00
   122.00 deg.: X-S =     0.004585 mb/sr,
+                                         /R =   6.8317E+00
   123.00 deg.: X-S =     0.004522 mb/sr,
+                                         /R =   6.8680E+00
   124.00 deg.: X-S =     0.004449 mb/sr,
+                                         /R =   6.8847E+00
   125.00 deg.: X-S =     0.004361 mb/sr,
+                                         /R =   6.8745E+00
   126.00 deg.: X-S =     0.004257 mb/sr,
+                                         /R =   6.8321E+00
   127.00 deg.: X-S =     0.004135 mb/sr,
+                                         /R =   6.7543E+00
   128.00 deg.: X-S =     0.003995 mb/sr,
+                                         /R =   6.6393E+00
   129.00 deg.: X-S =     0.003839 mb/sr,
+                                         /R =   6.4872E+00
   130.00 deg.: X-S =     0.003666 mb/sr,
+                                         /R =   6.2991E+00
   131.00 deg.: X-S =     0.003481 mb/sr,
+                                         /R =   6.0775E+00
   132.00 deg.: X-S =     0.003285 mb/sr,
+                                         /R =   5.8256E+00
   133.00 deg.: X-S =     0.003080 mb/sr,
+                                         /R =   5.5474E+00
   134.00 deg.: X-S =     0.002870 mb/sr,
+                                         /R =   5.2473E+00
   135.00 deg.: X-S =     0.002657 mb/sr,
+                                         /R =   4.9301E+00
   136.00 deg.: X-S =     0.002445 mb/sr,
+                                         /R =   4.6007E+00
   137.00 deg.: X-S =     0.002234 mb/sr,
+                                         /R =   4.2639E+00
   138.00 deg.: X-S =     0.002029 mb/sr,
+                                         /R =   3.9247E+00
   139.00 deg.: X-S =     0.001830 mb/sr,
+                                         /R =   3.5876E+00
   140.00 deg.: X-S =     0.001640 mb/sr,
+                                         /R =   3.2569E+00
   141.00 deg.: X-S =     0.001461 mb/sr,
+                                         /R =   2.9366E+00
   142.00 deg.: X-S =     0.001292 mb/sr,
+                                         /R =   2.6302E+00
   143.00 deg.: X-S =     0.001137 mb/sr,
+                                         /R =   2.3409E+00
   144.00 deg.: X-S =     0.000994 mb/sr,
+                                         /R =   2.0715E+00
   145.00 deg.: X-S =     0.000866 mb/sr,
+                                         /R =   1.8243E+00
   146.00 deg.: X-S =     0.000752 mb/sr,
+                                         /R =   1.6010E+00
   147.00 deg.: X-S =     0.000652 mb/sr,
+                                         /R =   1.4033E+00
   148.00 deg.: X-S =     0.000567 mb/sr,
+                                         /R =   1.2321E+00
   149.00 deg.: X-S =     0.000496 mb/sr,
+                                         /R =   1.0882E+00
   150.00 deg.: X-S =     0.000438 mb/sr,
+                                         /R =   9.7192E-01
   151.00 deg.: X-S =     0.000395 mb/sr,
+                                         /R =   8.8322E-01
   152.00 deg.: X-S =     0.000364 mb/sr,
+                                         /R =   8.2185E-01
   153.00 deg.: X-S =     0.000346 mb/sr,
+                                         /R =   7.8723E-01
   154.00 deg.: X-S =     0.000339 mb/sr,
+                                         /R =   7.7853E-01
   155.00 deg.: X-S =     0.000344 mb/sr,
+                                         /R =   7.9470E-01
   156.00 deg.: X-S =     0.000358 mb/sr,
+                                         /R =   8.3445E-01
   157.00 deg.: X-S =     0.000382 mb/sr,
+                                         /R =   8.9632E-01
   158.00 deg.: X-S =     0.000414 mb/sr,
+                                         /R =   9.7866E-01
   159.00 deg.: X-S =     0.000454 mb/sr,
+                                         /R =   1.0797E+00
   160.00 deg.: X-S =     0.000500 mb/sr,
+                                         /R =   1.1974E+00
   161.00 deg.: X-S =     0.000552 mb/sr,
+                                         /R =   1.3298E+00
   162.00 deg.: X-S =     0.000609 mb/sr,
+                                         /R =   1.4747E+00
   163.00 deg.: X-S =     0.000669 mb/sr,
+                                         /R =   1.6298E+00
   164.00 deg.: X-S =     0.000732 mb/sr,
+                                         /R =   1.7929E+00
   165.00 deg.: X-S =     0.000797 mb/sr,
+                                         /R =   1.9616E+00
   166.00 deg.: X-S =     0.000863 mb/sr,
+                                         /R =   2.1336E+00
   167.00 deg.: X-S =     0.000929 mb/sr,
+                                         /R =   2.3063E+00
   168.00 deg.: X-S =     0.000995 mb/sr,
+                                         /R =   2.4776E+00
   169.00 deg.: X-S =     0.001058 mb/sr,
+                                         /R =   2.6451E+00
   170.00 deg.: X-S =     0.001119 mb/sr,
+                                         /R =   2.8065E+00
   171.00 deg.: X-S =     0.001177 mb/sr,
+                                         /R =   2.9598E+00
   172.00 deg.: X-S =     0.001230 mb/sr,
+                                         /R =   3.1029E+00
   173.00 deg.: X-S =     0.001280 mb/sr,
+                                         /R =   3.2339E+00
   174.00 deg.: X-S =     0.001323 mb/sr,
+                                         /R =   3.3512E+00
   175.00 deg.: X-S =     0.001361 mb/sr,
+                                         /R =   3.4531E+00
   176.00 deg.: X-S =     0.001393 mb/sr,
+                                         /R =   3.5383E+00
   177.00 deg.: X-S =     0.001418 mb/sr,
+                                         /R =   3.6058E+00
   178.00 deg.: X-S =     0.001436 mb/sr,
+                                         /R =   3.6547E+00
   179.00 deg.: X-S =     0.001447 mb/sr,
+                                         /R =   3.6843E+00
   179.99 deg.: X-S =     0.001451 mb/sr,
+                                         /R =   3.6942E+00
                                           Integrated********** mb, over [   0.000, 180.000] at   140.0000 MeV 

 CROSS SECTIONS FOR OUTGOING d        & 3He      in state #   1 with spins & parities 1.0  + &  0.5  +;  0

     0.00 deg.: X-S =     0.108235 mb/sr,
+                                         REAC   6.0251E-02 mb
     1.00 deg.: X-S =     0.108091 mb/sr,
     2.00 deg.: X-S =     0.105857 mb/sr,
     3.00 deg.: X-S =     0.098599 mb/sr,
     4.00 deg.: X-S =     0.086347 mb/sr,
     5.00 deg.: X-S =     0.072430 mb/sr,
     6.00 deg.: X-S =     0.060102 mb/sr,
     7.00 deg.: X-S =     0.050092 mb/sr,
     8.00 deg.: X-S =     0.041462 mb/sr,
     9.00 deg.: X-S =     0.034123 mb/sr,
    10.00 deg.: X-S =     0.029627 mb/sr,
    11.00 deg.: X-S =     0.029125 mb/sr,
    12.00 deg.: X-S =     0.032109 mb/sr,
    13.00 deg.: X-S =     0.037954 mb/sr,
    14.00 deg.: X-S =     0.047055 mb/sr,
    15.00 deg.: X-S =     0.059494 mb/sr,
    16.00 deg.: X-S =     0.073169 mb/sr,
    17.00 deg.: X-S =     0.084330 mb/sr,
    18.00 deg.: X-S =     0.090946 mb/sr,
    19.00 deg.: X-S =     0.094600 mb/sr,
    20.00 deg.: X-S =     0.097614 mb/sr,
    21.00 deg.: X-S =     0.099394 mb/sr,
    22.00 deg.: X-S =     0.096851 mb/sr,
    23.00 deg.: X-S =     0.088172 mb/sr,
    24.00 deg.: X-S =     0.075504 mb/sr,
    25.00 deg.: X-S =     0.063039 mb/sr,
    26.00 deg.: X-S =     0.052843 mb/sr,
    27.00 deg.: X-S =     0.043937 mb/sr,
    28.00 deg.: X-S =     0.034875 mb/sr,
    29.00 deg.: X-S =     0.025888 mb/sr,
    30.00 deg.: X-S =     0.018542 mb/sr,
    31.00 deg.: X-S =     0.013778 mb/sr,
    32.00 deg.: X-S =     0.011010 mb/sr,
    33.00 deg.: X-S =     0.009226 mb/sr,
    34.00 deg.: X-S =     0.007969 mb/sr,
    35.00 deg.: X-S =     0.007181 mb/sr,
    36.00 deg.: X-S =     0.006754 mb/sr,
    37.00 deg.: X-S =     0.006394 mb/sr,
    38.00 deg.: X-S =     0.005942 mb/sr,
    39.00 deg.: X-S =     0.005507 mb/sr,
    40.00 deg.: X-S =     0.005148 mb/sr,
    41.00 deg.: X-S =     0.004750 mb/sr,
    42.00 deg.: X-S =     0.004184 mb/sr,
    43.00 deg.: X-S =     0.003481 mb/sr,
    44.00 deg.: X-S =     0.002850 mb/sr,
    45.00 deg.: X-S =     0.002404 mb/sr,
    46.00 deg.: X-S =     0.002066 mb/sr,
    47.00 deg.: X-S =     0.001732 mb/sr,
    48.00 deg.: X-S =     0.001359 mb/sr,
    49.00 deg.: X-S =     0.001015 mb/sr,
    50.00 deg.: X-S =     0.000799 mb/sr,
    51.00 deg.: X-S =     0.000687 mb/sr,
    52.00 deg.: X-S =     0.000607 mb/sr,
    53.00 deg.: X-S =     0.000509 mb/sr,
    54.00 deg.: X-S =     0.000383 mb/sr,
    55.00 deg.: X-S =     0.000291 mb/sr,
    56.00 deg.: X-S =     0.000266 mb/sr,
    57.00 deg.: X-S =     0.000258 mb/sr,
    58.00 deg.: X-S =     0.000240 mb/sr,
    59.00 deg.: X-S =     0.000196 mb/sr,
    60.00 deg.: X-S =     0.000148 mb/sr,
    61.00 deg.: X-S =     0.000141 mb/sr,
    62.00 deg.: X-S =     0.000154 mb/sr,
    63.00 deg.: X-S =     0.000149 mb/sr,
    64.00 deg.: X-S =     0.000128 mb/sr,
    65.00 deg.: X-S =   9.8758E-05 mb/sr,
    66.00 deg.: X-S =   8.9565E-05 mb/sr,
    67.00 deg.: X-S =     0.000104 mb/sr,
    68.00 deg.: X-S =     0.000105 mb/sr,
    69.00 deg.: X-S =   9.3973E-05 mb/sr,
    70.00 deg.: X-S =   8.5887E-05 mb/sr,
    71.00 deg.: X-S =   8.2127E-05 mb/sr,
    72.00 deg.: X-S =   9.2041E-05 mb/sr,
    73.00 deg.: X-S =   9.3263E-05 mb/sr,
    74.00 deg.: X-S =   7.5909E-05 mb/sr,
    75.00 deg.: X-S =   7.0845E-05 mb/sr,
    76.00 deg.: X-S =   7.5098E-05 mb/sr,
    77.00 deg.: X-S =   7.8180E-05 mb/sr,
    78.00 deg.: X-S =   8.0624E-05 mb/sr,
    79.00 deg.: X-S =   6.7974E-05 mb/sr,
    80.00 deg.: X-S =   5.6582E-05 mb/sr,
    81.00 deg.: X-S =   6.1585E-05 mb/sr,
    82.00 deg.: X-S =   6.1973E-05 mb/sr,
    83.00 deg.: X-S =   5.5488E-05 mb/sr,
    84.00 deg.: X-S =   4.8914E-05 mb/sr,
    85.00 deg.: X-S =   4.5229E-05 mb/sr,
    86.00 deg.: X-S =   4.9762E-05 mb/sr,
    87.00 deg.: X-S =   5.0071E-05 mb/sr,
    88.00 deg.: X-S =   4.1319E-05 mb/sr,
    89.00 deg.: X-S =   3.2514E-05 mb/sr,
    90.00 deg.: X-S =   3.2030E-05 mb/sr,
    91.00 deg.: X-S =   4.3288E-05 mb/sr,
    92.00 deg.: X-S =   4.4966E-05 mb/sr,
    93.00 deg.: X-S =   3.3284E-05 mb/sr,
    94.00 deg.: X-S =   2.8404E-05 mb/sr,
    95.00 deg.: X-S =   2.5634E-05 mb/sr,
    96.00 deg.: X-S =   2.9490E-05 mb/sr,
    97.00 deg.: X-S =   3.8342E-05 mb/sr,
    98.00 deg.: X-S =   2.8998E-05 mb/sr,
    99.00 deg.: X-S =   2.2442E-05 mb/sr,
   100.00 deg.: X-S =   2.9597E-05 mb/sr,
   101.00 deg.: X-S =   2.5848E-05 mb/sr,
   102.00 deg.: X-S =   2.1013E-05 mb/sr,
   103.00 deg.: X-S =   1.7433E-05 mb/sr,
   104.00 deg.: X-S =   9.6396E-06 mb/sr,
   105.00 deg.: X-S =   1.8007E-05 mb/sr,
   106.00 deg.: X-S =   2.7589E-05 mb/sr,
   107.00 deg.: X-S =   1.8499E-05 mb/sr,
   108.00 deg.: X-S =   8.9044E-06 mb/sr,
   109.00 deg.: X-S =   3.7572E-06 mb/sr,
   110.00 deg.: X-S =   4.3287E-06 mb/sr,
   111.00 deg.: X-S =   1.4650E-05 mb/sr,
   112.00 deg.: X-S =   1.7206E-05 mb/sr,
   113.00 deg.: X-S =   8.6844E-06 mb/sr,
   114.00 deg.: X-S =   2.9836E-06 mb/sr,
   115.00 deg.: X-S =   1.8056E-06 mb/sr,
   116.00 deg.: X-S =   4.7563E-06 mb/sr,
   117.00 deg.: X-S =   9.0357E-06 mb/sr,
   118.00 deg.: X-S =   8.2129E-06 mb/sr,
   119.00 deg.: X-S =   5.8452E-06 mb/sr,
   120.00 deg.: X-S =   5.3247E-06 mb/sr,
   121.00 deg.: X-S =   4.5347E-06 mb/sr,
   122.00 deg.: X-S =   5.3555E-06 mb/sr,
   123.00 deg.: X-S =   7.1422E-06 mb/sr,
   124.00 deg.: X-S =   6.3606E-06 mb/sr,
   125.00 deg.: X-S =   6.3611E-06 mb/sr,
   126.00 deg.: X-S =   8.0979E-06 mb/sr,
   127.00 deg.: X-S =   7.0588E-06 mb/sr,
   128.00 deg.: X-S =   7.4944E-06 mb/sr,
   129.00 deg.: X-S =   1.0191E-05 mb/sr,
   130.00 deg.: X-S =   7.4544E-06 mb/sr,
   131.00 deg.: X-S =   7.1993E-06 mb/sr,
   132.00 deg.: X-S =   1.0846E-05 mb/sr,
   133.00 deg.: X-S =   7.4076E-06 mb/sr,
   134.00 deg.: X-S =   9.2998E-06 mb/sr,
   135.00 deg.: X-S =   1.3666E-05 mb/sr,
   136.00 deg.: X-S =   6.8206E-06 mb/sr,
   137.00 deg.: X-S =   9.0965E-06 mb/sr,
   138.00 deg.: X-S =   1.2557E-05 mb/sr,
   139.00 deg.: X-S =   4.8432E-06 mb/sr,
   140.00 deg.: X-S =   1.0190E-05 mb/sr,
   141.00 deg.: X-S =   1.1570E-05 mb/sr,
   142.00 deg.: X-S =   3.7223E-06 mb/sr,
   143.00 deg.: X-S =   1.0458E-05 mb/sr,
   144.00 deg.: X-S =   8.0328E-06 mb/sr,
   145.00 deg.: X-S =   3.3758E-06 mb/sr,
   146.00 deg.: X-S =   1.1903E-05 mb/sr,
   147.00 deg.: X-S =   6.1642E-06 mb/sr,
   148.00 deg.: X-S =   3.6960E-06 mb/sr,
   149.00 deg.: X-S =   8.9164E-06 mb/sr,
   150.00 deg.: X-S =   2.6706E-06 mb/sr,
   151.00 deg.: X-S =   6.7058E-06 mb/sr,
   152.00 deg.: X-S =   8.9309E-06 mb/sr,
   153.00 deg.: X-S =   1.3368E-06 mb/sr,
   154.00 deg.: X-S =   5.1488E-06 mb/sr,
   155.00 deg.: X-S =   5.3715E-06 mb/sr,
   156.00 deg.: X-S =   6.2120E-06 mb/sr,
   157.00 deg.: X-S =   1.1887E-05 mb/sr,
   158.00 deg.: X-S =   6.1468E-06 mb/sr,
   159.00 deg.: X-S =   4.3697E-06 mb/sr,
   160.00 deg.: X-S =   6.2431E-06 mb/sr,
   161.00 deg.: X-S =   8.0976E-06 mb/sr,
   162.00 deg.: X-S =   1.5536E-05 mb/sr,
   163.00 deg.: X-S =   1.3340E-05 mb/sr,
   164.00 deg.: X-S =   1.0290E-05 mb/sr,
   165.00 deg.: X-S =   1.0128E-05 mb/sr,
   166.00 deg.: X-S =   1.1010E-05 mb/sr,
   167.00 deg.: X-S =   2.3830E-05 mb/sr,
   168.00 deg.: X-S =   2.3248E-05 mb/sr,
   169.00 deg.: X-S =   1.9233E-05 mb/sr,
   170.00 deg.: X-S =   2.7807E-05 mb/sr,
   171.00 deg.: X-S =   2.0465E-05 mb/sr,
   172.00 deg.: X-S =   3.3526E-05 mb/sr,
   173.00 deg.: X-S =   5.9215E-05 mb/sr,
   174.00 deg.: X-S =   4.7337E-05 mb/sr,
   175.00 deg.: X-S =   6.0833E-05 mb/sr,
   176.00 deg.: X-S =   8.4214E-05 mb/sr,
   177.00 deg.: X-S =   7.9597E-05 mb/sr,
   178.00 deg.: X-S =     0.000189 mb/sr,
   179.00 deg.: X-S =     0.000419 mb/sr,
   180.00 deg.: X-S =     0.000539 mb/sr,
                                           Integrated    0.0602 mb, over [   0.000, 180.000] at   140.0000 MeV 
 Finished all xsecs @   0.484375000    

  The following files have been created:
   3:local copy of User input.            6:standard output.                   
   7:elastic  S-matrix elements.         12:transfer kernels.                  
  13:total cross sections/state.         16:tables of cross sections.          
  35:Astrophysics S-factors  / Ecm.      38:cross sections for each J/pi.      
  39:cross sections for each Ecm.        40:all cross sectns. for each Elab.   
  45:scat phase shift as E functions.    46:bs wave functions & ANC ratios.    
  56:Fusion for each Jtotal.             75:S-factors for lab energies.        
 201:Separate cross sections.           202:Separate cross sections.           

 PARAMETERS : MAXQRN   MFNL   MLOC  LMAX1 MCLIST
    ALLOWED :      2     16     12    100      6
    REQUIRED:      1      2     12     83      4


 ACCURACY ANALYSIS at   140.000 MeV :

  Elastic h*k = 0.105 so OK       compared with 0.200

   Real(S-el) > 0.01 first at J =       3.5
   Real(S-el) > 0.10 first at J =       3.5
   Real(S-el) > 0.50 first at J =       5.5
   Real(S-el) > 0.90 first at J =       8.5
   Real(S-el) > 0.99 first at J =      11.5
   R-turn =    38.40 fm    at J =      80.5

 Forward-angle excitation cut off below   0.037 deg by max JT =      80.5
                              and below   0.048 deg by max R.


 1: Recommended RNL: non-local width >  11.80 cf:  10.00 fm: OK      
    Recommended CENTRE: centration   ~   2.30 cf:   0.00 fm

 Total CPU  0 time =       0.48 seconds
