 FRESCO - FRES 3.4: Coupled Reaction Channels
 Assuming NAMELIST input.

 4He(p,d)3He  E=80 MeV  Q=-18.353  [he4_p_d_he3]                                 

   0.050  30.000   0.250   0.100  10.000   0.000   0.000   0.000   0.000   0.000

 Centre-of-mass Range is    602 * 0.0500 fm., Maximum at  30.00 fm., Interpolating NL forms every  0.25 fm.
 Non - locality width is    101 * 0.1000 fm., Maximum of  10.00 fm., Centred at  0.00 fm.
 2-Nucleon Separation of      0 * 0.2500 fm., Maximum of   0.00 fm., Minimum at  0.00 fm.
 Maximum single particle bins of 30.0000 fm.
               M,Mint =          601         601


 Range of total J is     0.0 <= J <=    80.0 (at least     0.0) and Absorbtion =>    -1.0000 mb.
 Dry Run = F, CC set limits =  0  0, Relativistic kinematics = a, Both/Far/Near Analyses =  1                     

 Cross Sections (and up to T0 for 0=projectile) for Theta from   0.0 to 180.0 in steps of  1.0 degrees, DGAM=0,  Coordinates = 0 (Mads)

 Lower Radial Cutoff = maximum of -1.60*L*h &       0.0 fm.,  Lower Cutoff for Couplings =   0.0  fm.


 Iterate Couplings between   1 and   1 times, to  0.000 % if sooner.                                          
  Block solved exactly =   0 chs., with Pade = 0 & Isocen =  =0, NOSOL = F, initwf =  0
  NL quadrature with   18 Gaussian points, Calculate multipoles up to    86 from   0
  M-transfers for lp+lt greater than or equal to  6, Angular Integration Cutoff below  2.7778 %


 Trace switches are :  CHANS =  1, LISTCC =  0, TRENEG =  0, CDETR =  0, SMATS =  2, XSTABL =  1, NLPL =  0

                       WAVES =  0, LAMPL =  0, VEFF =  0, KFUS =  0, WDISK =  0, BPM =  0, MELFIL =  0

                       CDCC =  0, NFUS =  0

 Using unit mass = 1.000000 amu and 1/fine-structure constant = 137.03599 ( 1.000000 * true ) with hc = 197.32705 MeV.fm,
  thus 2*amu/hbar^2 = 0.0478450 = 1/20.9008 and Coulomb constant = 0.1574855 so e^2 = 1.43997, and nuclear magneton= 0.1261183

 Now pre-scan input and save to file 3



 *********** PARTITION NUMBER  1 ******************************************************************************************

   PROJ=p          MASS=  1.0000 Z=   1.0,        # STATES=    1T, TARG=4He      MASS=  4.0000 Z=   2.0,     Q-VALUE =   0.0000 MEV.

     1:  J= 0.5+ (B# 1), E=  0.0000, K= 0.5              Potl#  1       J= 0.0+ (B# 1), E=  0.0000, K= 0.0    


 *********** PARTITION NUMBER  2 ******************************************************************************************

   PROJ=d          MASS=  2.0000 Z=   1.0,        # STATES=    1T, TARG=3He      MASS=  3.0000 Z=   2.0,     Q-VALUE = -18.3530 MEV.

     1:  J= 1.0+ (B# 1), E=  0.0000, K= 0.0              Potl#  2       J= 0.5+ (B# 1), E=  0.0000, K= 0.5    
0****** WARNING : COMPARED WITH PARTITION  1, THIS PARTITION HAS TOTAL MASS & CHARGE EXCESSES  -0.01970 &   0.0000


 ************************************************************************************************************************************

 The following POTENTIALS are defined :

  KP#       TYPE      IT    SHAPE      at     V1        r1        a1        V2        r2        a2        A-in     A-used


                                            A#1       A#2        r0c       ac                                                h @ 1
    1    0=Coulomb       0=CHARGE (WS)  1     1.000     4.000    1.3000    0.0000    0.0000    0.0000     0.000    17.322   0.05000

    1    1=Volume        0=Woods-Saxon  2   48.0000    1.1500    0.5700    0.0000    1.1500    0.5700     0.000    17.322

    1    2=Surface       0=Woods-Saxon  3    0.0000    0.0000    0.0000    6.0000    1.3000    0.5000     0.000    17.322

    1    3=Projtl S.O.   0=Woods-Saxon  4    5.5000    1.0000    0.5000    0.0000    0.0000    0.0000     0.000    17.322
   --------------------------------------------------------------------------------------------------------------------

                                            A#1       A#2        r0c       ac                                                h @ 2
    2    0=Coulomb       0=CHARGE (WS)  5     2.000     3.000    1.3000    0.0000    0.0000    0.0000     0.000    19.731   0.05000

    2    1=Volume        0=Woods-Saxon  6   88.0000    1.1700    0.7900    0.0000    1.1700    0.7900     0.000    19.731

    2    2=Surface       0=Woods-Saxon  7    0.0000    0.0000    0.0000   12.0000    1.3300    0.7400     0.000    19.731

    2    3=Projtl S.O.   0=Woods-Saxon  8    7.0000    1.0700    0.6600    0.0000    0.0000    0.0000     0.000    19.731
   --------------------------------------------------------------------------------------------------------------------

    3    1=Volume        0=Woods-Saxon  9   50.0000    1.2500    0.6500    0.0000    0.0000    0.0000     0.000    19.731

    3    3=Projtl S.O.   0=Woods-Saxon 10    6.0000    1.2500    0.6500    0.0000    0.0000    0.0000     0.000    19.731
   --------------------------------------------------------------------------------------------------------------------

    4    1=Volume        0=Woods-Saxon 11   50.0000    1.2500    0.6500    0.0000    0.0000    0.0000     0.000    19.731

    4    3=Projtl S.O.   0=Woods-Saxon 12    6.0000    1.2500    0.6500    0.0000    0.0000    0.0000     0.000    19.731


 ************************************************************************************************************************************

 The following SINGLE-PARTICLE FORM FACTORS are constructed :


 No.   P1 P2 IN KIND T N  L  S1 IA J/S  IB BIND XFER  BE    SC PC FIL AFRAC Adjust  to  Z  Mass   K     Norm    rms      D0     D   ANC/Gsp

    1:  2  1  2  0     1  0 0.5  1 0.5   0   3   0  20.5780  1  0  0 0.0000 VR  0.7942; 0. 1.000 0.8593 1.0000  2.472 -417.8 -957.1  9.6885

    2:  1  2  1  0     1  0 0.5  1 0.5   0   4   0   2.2246  1  0  0 0.0000 VR  0.3377; 0. 1.000 0.2307 1.0000  4.770 -154.2 -167.5  1.1301

 ************************************************************************************************************************************

 TWO-way COUPLING # 1 for partitions  2 <-  1 of KIND  7,   0 -1  5 -1 -1 & P1,P2 =    0.0000   0.0000 : for J <=    80.5 & R <  29.8 fm.


 data =  2  1  1  1  1.0000,  so  < [4He      #  1] / [3He      #  1]  * Eigen-form #  1>  =   1.0000            BE = 20.578     1

 data =  1  1  1  2  1.0000,  so  < [d        #  1] / [p        #  1]  * Eigen-form #  2>  =   1.0000            BE =  2.225     2
 KNT =   1, KNP =   2: NK,NG,loc=   1   1   1  13  T  T  F

     So FINITE-RANGE TRANSFER : IP1 = 0 (POST    ), IP2=-1 =COMPLEX     ,  for   1 pairs of bound states summed into   1 pairs
      The main coupling potential is that binding the transferred particle to the 3He      core.

          Using between p        & 3He      the potential No.   5, and subtracting optical potential No.  2

   A real*8 is            8  bytes
   NLL,NLN,NLO =         120         121         101
0File   9 needs RL =   24240    REAL*8 numbers, and NR =    88. i.e.    17.06 Megabytes
   File            9  RECL =      193920
0RECOMMENDED NON-LOCAL WIDTH IS GREATER THAN   11.80 FM.,  RECOMMENDED CENTRATION   2.30, after    0.06 secs.
0Relative non-local usages (rms) are
    0.003   0.005   0.007   0.011   0.015   0.019   0.030   0.038   0.053   0.071   0.087   0.132   0.167   0.230   0.306
    0.372   0.541   0.676   0.908   1.186   1.427   1.994   2.455   3.183   4.044   4.788   6.329   7.600   9.380  11.433
   13.201  16.309  18.918  22.174  25.808  28.940  33.725  37.803  42.471  47.501  51.832  57.646  62.619  67.805  73.082
   77.548  82.589  86.793  90.536  93.845  96.417  98.292  99.496 100.000  99.858  99.142  97.885  96.129  93.931  91.325
   88.381  85.138  81.660  77.998  74.205  70.347  66.460  62.589  58.777  55.047  51.439  47.968  44.652  41.499  38.517
   35.707  33.067  30.594  28.284  26.128  24.121  22.254  20.521  18.913  17.422  16.042  14.764  13.583  12.491  11.482
   10.551   9.693   8.902   8.173   7.502   6.884   6.317   5.796   5.317   4.878   4.476

 Incoming partition  1 in excitation state # 1,   Laboratory Energy given for partition  1 Nucleus 1 in Excitation pair 1

0Lab. ENERGY ranges :

   from    80.0000     to   0.00000     in     0 intervals
   from    0.00000     to   0.00000     in     0 intervals
   from    0.00000     to   0.00000     in     0 intervals

 Largest real,imaginary parts of any form factor at R=   29.50 are   4.88E-02  3.00E-14 MeV
 Finished all Couplings @    7.81250000E-02          12

 Symmetric Hamiltonian
1***********************************************************************************************************************************
************************************************************************************************************************************

        INCOMING p        ;    LABORATORY p        ENERGY =   80.000     MeV.

 ***********************************************************************************************************************************
 ***********************************************************************************************************************************


  NOTE: Coulomb excitation cut off below   0.050 deg by JTMAX, and below   0.085 deg by Rmax

 Allocate arrays for            3  channels, of which            3  need wfs.

 ######################################################################################################################
 #                                                                                                                    #
 # Total SPIN and PARITY =     0.5 +,      3 channels,    0 in 1st block.  Rmin & Coul turning =    0.0    0.0 fm.  #
 #                                                                                                                    #
 ######################################################################################################################



    C Projectl Target   #   EX.   (L  Proj) J  + Targ = Jtotal     E-cm      Re K     Re Eta     RM*K            CH
    1 p        4He      #    1: I   0 0.5    0.5  0.0     0.5    64.96291   1.57687   0.03495   47.3061   0.00154  -0.50018 1 1 1   1
    2 d        3He      #    1:     0 1.0    1.0  0.5     0.5    45.68356   1.61953   0.05105   48.5859   0.46608  -0.18174 2 1 2   1
    3 d        3He      #    1:     2 1.0    1.0  0.5     0.5    45.68356   1.61953   0.05105   48.5859  -0.48700   0.11582 2 1 2   1
   S-matrix    1 =   -0.77155  -0.04432 for L=    0, J=    0.5 channel on core I =   0.0 from L=    0,  Acc. loss =  0.0 D.
 Elastic phase shift   1 =  -88.356   7.383 deg. for the L =    0, J =    0.5 channel.
       0.5 -0.77154590 -0.04432449i: elastic S-matrix  @@      0.00  0   0 F  0
 Reaction Xsec     0.5+/ 0 @ 1 =   5.089 , Out:   0.000#   0.014    5.075f


 Total SPIN, PARITY =     0.5 -,      3 chs,      0 cc.  Rmin & Coul turning =    0.0    0.0
   S-matrix    1 =   -0.72048   0.23480 for L=    1, J=    0.5 channel on core I =   0.0 from L=    1,  Acc. loss =  0.0 D.
 Elastic phase shift   1 =   80.975   7.946 deg. for the L =    1, J =    0.5 channel.
       0.5 -0.72047623  0.23480303i: elastic S-matrix  @@      0.00  0   0 F  0
 Reaction Xsec     0.5-/ 1 @ 1 =   5.380 , Out:   0.000#   9.792/   5.370f

 Allocate arrays for            4  channels, of which            4  need wfs.

 Total SPIN, PARITY =     1.5 +,      4 chs,      0 cc.  Rmin & Coul turning =    0.1    0.9
   S-matrix    1 =   -0.55255   0.49733 for L=    2, J=    1.5 channel on core I =   0.0 from L=    2,  Acc. loss =  0.0 D.
 Elastic phase shift   1 =   69.005   8.494 deg. for the L =    2, J =    1.5 channel.
       1.5 -0.55255075  0.49733492i: elastic S-matrix  @@      0.00  0   0 F  0
 Reaction Xsec     1.5+/ 2 @ 1 =  11.304 , Out:   0.000#   0.016   11.288f


 Total SPIN, PARITY =     1.5 -,      4 chs,      0 cc.  Rmin & Coul turning =    0.1    0.9
   S-matrix    1 =   -0.76640   0.00476 for L=    1, J=    1.5 channel on core I =   0.0 from L=    1,  Acc. loss =  0.0 D.
 Elastic phase shift   1 =   89.822   7.621 deg. for the L =    1, J =    1.5 channel.
       1.5 -0.76640011  0.00475852i: elastic S-matrix  @@      0.00  0   0 F  0
 Reaction Xsec     1.5-/ 1 @ 1 =  10.426 , Out:   0.000#   0.017   10.409f


 Total SPIN, PARITY =     2.5 +,      4 chs,      0 cc.  Rmin & Coul turning =    0.2    1.6
   S-matrix    1 =   -0.72893   0.12821 for L=    2, J=    2.5 channel on core I =   0.0 from L=    2,  Acc. loss =  0.0 D.
 Elastic phase shift   1 =   85.012   8.621 deg. for the L =    2, J =    2.5 channel.
       2.5 -0.72893498  0.12821371i: elastic S-matrix  @@      0.02  0   0 F  0
 Reaction Xsec     2.5+/ 2 @ 1 =  17.141 , Out:   0.000#   0.015   17.125f


 Total SPIN, PARITY =     2.5 -,      4 chs,      0 cc.  Rmin & Coul turning =    0.2    1.6
   S-matrix    1 =   -0.19276   0.69297 for L=    3, J=    2.5 channel on core I =   0.0 from L=    3,  Acc. loss =  0.0 D.
 Elastic phase shift   1 =   52.772   9.440 deg. for the L =    3, J =    2.5 channel.
       2.5 -0.19275880  0.69296584i: elastic S-matrix  @@      0.00  0   0 F  0
 Reaction Xsec     2.5-/ 3 @ 1 =  18.294 , Out:   0.000#   0.017   18.277f


 Total SPIN, PARITY =     3.5 +,      4 chs,      0 cc.  Rmin & Coul turning =    0.2    2.2
   S-matrix    1 =    0.24793   0.55140 for L=    4, J=    3.5 channel on core I =   0.0 from L=    4,  Acc. loss =  0.0 D.
 Elastic phase shift   1 =   32.895  14.417 deg. for the L =    4, J =    3.5 channel.
       3.5  0.24792760  0.55139660i: elastic S-matrix  @@      0.00  0   0 F  0
 Reaction Xsec     3.5+/ 4 @ 1 =  32.066 , Out:   0.000#   0.021   32.045f


 Total SPIN, PARITY =     3.5 -,      4 chs,      0 cc.  Rmin & Coul turning =    0.2    2.2
   S-matrix    1 =   -0.69549   0.29036 for L=    3, J=    3.5 channel on core I =   0.0 from L=    3,  Acc. loss =  0.0 D.
 Elastic phase shift   1 =   78.670   8.102 deg. for the L =    3, J =    3.5 channel.
       3.5 -0.69549111  0.29036299i: elastic S-matrix  @@      0.00  0   0 F  0
 Reaction Xsec     3.5-/ 3 @ 1 =  21.831 , Out:   0.000#   0.013   21.818f


 Total SPIN, PARITY =     4.5 +,      4 chs,      0 cc.  Rmin & Coul turning =    0.3    2.9
   S-matrix    1 =   -0.41758   0.49437 for L=    4, J=    4.5 channel on core I =   0.0 from L=    4,  Acc. loss =  0.0 D.
 Elastic phase shift   1 =   65.093  12.468 deg. for the L =    4, J =    4.5 channel.
       4.5 -0.41757708  0.49436808i: elastic S-matrix  @@      0.00  0   0 F  0
 Reaction Xsec     4.5+/ 4 @ 1 =  36.718 , Out:   0.000#   7.569/  36.710f


 Total SPIN, PARITY =     4.5 -,      4 chs,      0 cc.  Rmin & Coul turning =    0.3    2.9
   S-matrix    1 =    0.57821   0.33433 for L=    5, J=    4.5 channel on core I =   0.0 from L=    5,  Acc. loss =  0.0 D.
 Elastic phase shift   1 =   15.018  11.563 deg. for the L =    5, J =    4.5 channel.
       4.5  0.57820834  0.33432588i: elastic S-matrix  @@      0.02  0   0 F  0
 Reaction Xsec     4.5-/ 5 @ 1 =  34.991 , Out:   0.000#   0.023   34.968f


 Total SPIN, PARITY =     5.5 +,      4 chs,      0 cc.  Rmin & Coul turning =    0.4    3.5
   S-matrix    1 =    0.80213   0.17728 for L=    6, J=    5.5 channel on core I =   0.0 from L=    6,  Acc. loss =  0.0 D.
 Elastic phase shift   1 =    6.231   5.633 deg. for the L =    6, J =    5.5 channel.
       5.5  0.80213369  0.17727848i: elastic S-matrix  @@      0.00  0   0 F  0
 Reaction Xsec     5.5+/ 6 @ 1 =  24.649 , Out:   0.000#   0.016   24.633f


 Total SPIN, PARITY =     5.5 -,      4 chs,      0 cc.  Rmin & Coul turning =    0.4    3.5
   S-matrix    1 =    0.20153   0.54740 for L=    5, J=    5.5 channel on core I =   0.0 from L=    5,  Acc. loss =  0.0 D.
 Elastic phase shift   1 =   34.894  15.442 deg. for the L =    5, J =    5.5 channel.
       5.5  0.20153225  0.54740206i: elastic S-matrix  @@      0.00  0   0 F  0
 Reaction Xsec     5.5-/ 5 @ 1 =  50.013 , Out:   0.000#   7.806/  50.005f


 Total SPIN, PARITY =     6.5 +,      4 chs,      0 cc.  Rmin & Coul turning =    0.5    4.1
   S-matrix    1 =    0.70028   0.33503 for L=    6, J=    6.5 channel on core I =   0.0 from L=    6,  Acc. loss =  0.0 D.
 Elastic phase shift   1 =   12.784   7.254 deg. for the L =    6, J =    6.5 channel.
       6.5  0.70028288  0.33503000i: elastic S-matrix  @@      0.00  0   0 F  0
 Reaction Xsec     6.5+/ 6 @ 1 =  35.143 , Out:   0.000#   6.041/  35.137f


 Total SPIN, PARITY =     6.5 -,      4 chs,      0 cc.  Rmin & Coul turning =    0.5    4.1
   S-matrix    1 =    0.92171   0.08223 for L=    7, J=    6.5 channel on core I =   0.0 from L=    7,  Acc. loss =  0.0 D.
 Elastic phase shift   1 =    2.549   2.222 deg. for the L =    7, J =    6.5 channel.
       6.5  0.92170741  0.08223424i: elastic S-matrix  @@      0.00  0   0 F  0
 Reaction Xsec     6.5-/ 7 @ 1 =  12.708 , Out:   0.000#   6.986/  12.701f


 Total SPIN, PARITY =     7.5 +,      4 chs,      0 cc.  Rmin & Coul turning =    0.6    4.8
   S-matrix    1 =    0.97223   0.03431 for L=    8, J=    7.5 channel on core I =   0.0 from L=    8,  Acc. loss =  0.0 D.
 Elastic phase shift   1 =    1.011   0.789 deg. for the L =    8, J =    7.5 channel.
       7.5  0.97222901  0.03431455i: elastic S-matrix  @@      0.00  0   0 F  0
 Reaction Xsec     7.5+/ 8 @ 1 =   5.417 , Out:   0.000#   0.992/   5.416f


 Total SPIN, PARITY =     7.5 -,      4 chs,      0 cc.  Rmin & Coul turning =    0.6    4.8
   S-matrix    1 =    0.90365   0.14529 for L=    7, J=    7.5 channel on core I =   0.0 from L=    7,  Acc. loss =  0.0 D.
 Elastic phase shift   1 =    4.567   2.537 deg. for the L =    7, J =    7.5 channel.
       7.5  0.90365172  0.14529093i: elastic S-matrix  @@      0.02  0   0 F  0
 Reaction Xsec     7.5-/ 7 @ 1 =  16.405 , Out:   0.000#   0.011   16.394f


 Total SPIN, PARITY =     8.5 +,      4 chs,      0 cc.  Rmin & Coul turning =    0.6    5.4
   S-matrix    1 =    0.96955   0.05535 for L=    8, J=    8.5 channel on core I =   0.0 from L=    8,  Acc. loss =  0.0 D.
 Elastic phase shift   1 =    1.634   0.839 deg. for the L =    8, J =    8.5 channel.
       8.5  0.96955388  0.05534876i: elastic S-matrix  @@      0.00  0   0 F  0
 Reaction Xsec     8.5+/ 8 @ 1 =   6.470 , Out:   0.000#   5.585/   6.465f


 Total SPIN, PARITY =     8.5 -,      4 chs,      0 cc.  Rmin & Coul turning =    0.6    5.4
   S-matrix    1 =    0.99072   0.01345 for L=    9, J=    8.5 channel on core I =   0.0 from L=    9,  Acc. loss =  0.0 D.
 Elastic phase shift   1 =    0.389   0.264 deg. for the L =    9, J =    8.5 channel.
       8.5  0.99071940  0.01344664i: elastic S-matrix  @@      0.00  0   0 F  0
 Reaction Xsec     8.5-/ 9 @ 1 =   2.080 , Out:   0.000#   0.239/   2.080f


 Total SPIN, PARITY =     9.5 +,      4 chs,      0 cc.  Rmin & Coul turning =    0.7    6.0
   S-matrix    1 =    0.99699   0.00510 for L=   10, J=    9.5 channel on core I =   0.0 from L=   10,  Acc. loss =  0.0 D.
 Elastic phase shift   1 =    0.146   0.086 deg. for the L =   10, J =    9.5 channel.
       9.5  0.99699452  0.00509675i: elastic S-matrix  @@      0.00  0   0 F  0
 Reaction Xsec     9.5+/10 @ 1 =   0.755 , Out:   0.000#   0.840/   0.754f


 Total SPIN, PARITY =     9.5 -,      4 chs,      0 cc.  Rmin & Coul turning =    0.7    6.0
   S-matrix    1 =    0.99035   0.02015 for L=    9, J=    9.5 channel on core I =   0.0 from L=    9,  Acc. loss =  0.0 D.
 Elastic phase shift   1 =    0.583   0.272 deg. for the L =    9, J =    9.5 channel.
       9.5  0.99035311  0.02014923i: elastic S-matrix  @@      0.00  0   0 F  0
 Reaction Xsec     9.5-/ 9 @ 1 =   2.375 , Out:   0.000#   0.152/   2.374f


 Total SPIN, PARITY =    10.5 +,      4 chs,      0 cc.  Rmin & Coul turning =    0.8    6.7
   S-matrix    1 =    0.99695   0.00721 for L=   10, J=   10.5 channel on core I =   0.0 from L=   10,  Acc. loss =  0.0 D.
 Elastic phase shift   1 =    0.207   0.087 deg. for the L =   10, J =   10.5 channel.
      10.5  0.99694649  0.00721239i: elastic S-matrix  @@      0.02  0   0 F  0
 Reaction Xsec    10.5+/10 @ 1 =   0.840 , Out:   0.000#   0.536/   0.840f


 Total SPIN, PARITY =    10.5 -,      4 chs,      0 cc.  Rmin & Coul turning =    0.8    6.7
   S-matrix    1 =    0.99904   0.00190 for L=   11, J=   10.5 channel on core I =   0.0 from L=   11,  Acc. loss =  0.0 D.
 Elastic phase shift   1 =    0.054   0.027 deg. for the L =   11, J =   10.5 channel.
      10.5  0.99904277  0.00189744i: elastic S-matrix  @@      0.00  0   0 F  0
 Reaction Xsec    10.5-/11 @ 1 =   0.265 , Out:   0.000#   0.595/   0.265f


 Total SPIN, PARITY =    11.5 +,      4 chs,      0 cc.  Rmin & Coul turning =    0.9    7.3
   S-matrix    1 =    0.99970   0.00070 for L=   12, J=   11.5 channel on core I =   0.0 from L=   12,  Acc. loss =  0.0 D.
 Elastic phase shift   1 =    0.020   0.009 deg. for the L =   12, J =   11.5 channel.
      11.5  0.99969787  0.00069883i: elastic S-matrix  @@      0.00  0   0 F  0
 Reaction Xsec    11.5+/12 @ 1 =   0.092 , Out:   0.000#   0.149/   0.091f


 Total SPIN, PARITY =    11.5 -,      4 chs,      0 cc.  Rmin & Coul turning =    0.9    7.3
   S-matrix    1 =    0.99904   0.00256 for L=   11, J=   11.5 channel on core I =   0.0 from L=   11,  Acc. loss =  0.0 D.
 Elastic phase shift   1 =    0.074   0.028 deg. for the L =   11, J =   11.5 channel.
      11.5  0.99903665  0.00256393i: elastic S-matrix  @@      0.00  0   0 F  0
 Reaction Xsec    11.5-/11 @ 1 =   0.291 , Out:   0.000#   0.527/   0.290f


 Total SPIN, PARITY =    12.5 +,      4 chs,      0 cc.  Rmin & Coul turning =    1.0    7.9
   S-matrix    1 =    0.99970   0.00091 for L=   12, J=   12.5 channel on core I =   0.0 from L=   12,  Acc. loss =  0.0 D.
 Elastic phase shift   1 =    0.026   0.009 deg. for the L =   12, J =   12.5 channel.
      12.5  0.99969711  0.00090852i: elastic S-matrix  @@      0.00  0   0 F  0
 Reaction Xsec    12.5+/12 @ 1 =   0.099 , Out:   0.000#   0.140/   0.099f


 Total SPIN, PARITY =    12.5 -,      4 chs,      0 cc.  Rmin & Coul turning =    1.0    7.9
   S-matrix    1 =    0.99991   0.00026 for L=   13, J=   12.5 channel on core I =   0.0 from L=   13,  Acc. loss =  0.0 D.
 Elastic phase shift   1 =    0.007   0.003 deg. for the L =   13, J =   12.5 channel.
      12.5  0.99990514  0.00025550i: elastic S-matrix  @@      0.00  0   0 F  0
 Reaction Xsec    12.5-/13 @ 1 =   0.031 , Out:   0.000#   2.567#   0.031f


 Total SPIN, PARITY =    13.5 +,      4 chs,      0 cc.  Rmin & Coul turning =    1.0    8.6
   S-matrix    1 =    0.99997   0.00009 for L=   14, J=   13.5 channel on core I =   0.0 from L=   14,  Acc. loss =  0.0 D.
 Elastic phase shift   1 =    0.003   0.001 deg. for the L =   14, J =   13.5 channel.
      13.5  0.99997032  0.00009290i: elastic S-matrix  @@      0.00  0   0 F  0
 Reaction Xsec    13.5+/14 @ 1 =   0.010 , Out:   0.000#   0.015/   0.010f


 Total SPIN, PARITY =    13.5 -,      4 chs,      0 cc.  Rmin & Coul turning =    1.0    8.6
   S-matrix    1 =    0.99991   0.00032 for L=   13, J=   13.5 channel on core I =   0.0 from L=   13,  Acc. loss =  0.0 D.
 Elastic phase shift   1 =    0.009   0.003 deg. for the L =   13, J =   13.5 channel.
      13.5  0.99990504  0.00032136i: elastic S-matrix  @@      0.02  0   0 F  0
 Reaction Xsec    13.5-/13 @ 1 =   0.034 , Out:   0.000#   1.868#   0.034f


 Total SPIN, PARITY =    14.5 +,      4 chs,      0 cc.  Rmin & Coul turning =    1.1    9.2
   S-matrix    1 =    0.99997   0.00011 for L=   14, J=   14.5 channel on core I =   0.0 from L=   14,  Acc. loss =  0.0 D.
 Elastic phase shift   1 =    0.003   0.001 deg. for the L =   14, J =   14.5 channel.
      14.5  0.99997030  0.00011355i: elastic S-matrix  @@      0.00  0   0 F  0
 Reaction Xsec    14.5+/14 @ 1 =   0.011 , Out:   0.000#   0.017/   0.011f


 Total SPIN, PARITY =    14.5 -,      4 chs,      0 cc.  Rmin & Coul turning =    1.1    9.2
   S-matrix    1 =    0.99999   0.00003 for L=   15, J=   14.5 channel on core I =   0.0 from L=   15,  Acc. loss =  0.0 D.
 Elastic phase shift   1 =    0.001   0.000 deg. for the L =   15, J =   14.5 channel.
      14.5  0.99999073  0.00003363i: elastic S-matrix  @@      0.00  0   0 F  0
 Reaction Xsec    14.5-/15 @ 1 =   3.512/, Out:   0.000#   0.024/   0.003f


 Total SPIN, PARITY =    15.5 +,      4 chs,      0 cc.  Rmin & Coul turning =    1.2    9.8
   S-matrix    1 =    1.00000   0.00001 for L=   16, J=   15.5 channel on core I =   0.0 from L=   16,  Acc. loss =  0.0 D.
 Elastic phase shift   1 =    0.000   0.000 deg. for the L =   16, J =   15.5 channel.
      15.5  0.99999711  0.00001214i: elastic S-matrix  @@      0.00  0   0 F  0
 Reaction Xsec    15.5+/16 @ 1 =   1.167/, Out:   0.000#   0.014/   0.001f


 Total SPIN, PARITY =    15.5 -,      4 chs,      0 cc.  Rmin & Coul turning =    1.2    9.8
   S-matrix    1 =    0.99999   0.00004 for L=   15, J=   15.5 channel on core I =   0.0 from L=   15,  Acc. loss =  0.0 D.
 Elastic phase shift   1 =    0.001   0.000 deg. for the L =   15, J =   15.5 channel.
      15.5  0.99999073  0.00004009i: elastic S-matrix  @@      0.02  0   0 F  0
 Reaction Xsec    15.5-/15 @ 1 =   3.746/, Out:   0.000#   0.026/   0.004f


 Total SPIN, PARITY =    16.5 +,      4 chs,      0 cc.  Rmin & Coul turning =    1.2   10.5
   S-matrix    1 =    1.00000   0.00001 for L=   16, J=   16.5 channel on core I =   0.0 from L=   16,  Acc. loss =  0.0 D.
 Elastic phase shift   1 =    0.000   0.000 deg. for the L =   16, J =   16.5 channel.
      16.5  0.99999711  0.00001415i: elastic S-matrix  @@      0.00  0   0 F  0
 Reaction Xsec    16.5+/16 @ 1 =   1.240/, Out:   0.000#   0.015/   0.001f


 Total SPIN, PARITY =    16.5 -,      4 chs,      0 cc.  Rmin & Coul turning =    1.2   10.5
   S-matrix    1 =    1.00000   0.00000 for L=   17, J=   16.5 channel on core I =   0.0 from L=   17,  Acc. loss =  0.0 D.
 Elastic phase shift   1 =    0.000   0.000 deg. for the L =   17, J =   16.5 channel.
      16.5  0.99999910  0.00000437i: elastic S-matrix  @@      0.00  0   0 F  0
 Reaction Xsec    16.5-/17 @ 1 =   0.386/, Out:   0.000#   5.122#   0.000f


 Total SPIN, PARITY =    17.5 +,      4 chs,      0 cc.  Rmin & Coul turning =    1.4   11.1
   S-matrix    1 =    1.00000   0.00000 for L=   18, J=   17.5 channel on core I =   0.0 from L=   18,  Acc. loss =  0.0 D.
 Elastic phase shift   1 =    0.000   0.000 deg. for the L =   18, J =   17.5 channel.
      17.5  0.99999972  0.00000158i: elastic S-matrix  @@      0.00  0   0 F  0
 Reaction Xsec    17.5+/18 @ 1 =   0.127/, Out:   0.000#   1.323#   0.000f


 Total SPIN, PARITY =    17.5 -,      4 chs,      0 cc.  Rmin & Coul turning =    1.4   11.1
   S-matrix    1 =    1.00000   0.00000 for L=   17, J=   17.5 channel on core I =   0.0 from L=   17,  Acc. loss =  0.0 D.
 Elastic phase shift   1 =    0.000   0.000 deg. for the L =   17, J =   17.5 channel.
      17.5  0.99999910  0.00000500i: elastic S-matrix  @@      0.00  0   0 F  0
 Reaction Xsec    17.5-/17 @ 1 =   0.408/, Out:   0.000#   5.436#   0.000f


 Total SPIN, PARITY =    18.5 +,      4 chs,      0 cc.  Rmin & Coul turning =    1.4   11.7
   S-matrix    1 =    1.00000   0.00000 for L=   18, J=   18.5 channel on core I =   0.0 from L=   18,  Acc. loss =  0.0 D.
 Elastic phase shift   1 =    0.000   0.000 deg. for the L =   18, J =   18.5 channel.
      18.5  0.99999972  0.00000177i: elastic S-matrix  @@      0.00  0   0 F  0
 Reaction Xsec    18.5+/18 @ 1 =   0.134/, Out:   0.000#   1.398#   0.000f


 Total SPIN, PARITY =    18.5 -,      4 chs,      0 cc.  Rmin & Coul turning =    1.4   11.7
   S-matrix    1 =    1.00000   0.00000 for L=   19, J=   18.5 channel on core I =   0.0 from L=   19,  Acc. loss =  0.0 D.
 Elastic phase shift   1 =    0.000   0.000 deg. for the L =   19, J =   18.5 channel.
      18.5  0.99999991  0.00000057i: elastic S-matrix  @@      0.02  0   0 F  0
 Reaction Xsec    18.5-/19 @ 1 =   0.042/, Out:   0.000#   0.265#   0.000f


 Total SPIN, PARITY =    19.5 +,      4 chs,      0 cc.  Rmin & Coul turning =    1.5   12.4
   S-matrix    1 =    1.00000   0.00000 for L=   20, J=   19.5 channel on core I =   0.0 from L=   20,  Acc. loss =  0.0 D.
 Elastic phase shift   1 =    0.000   0.000 deg. for the L =   20, J =   19.5 channel.
      19.5  0.99999997  0.00000021i: elastic S-matrix  @@      0.00  0   0 F  0
 Reaction Xsec    19.5+/20 @ 1 =   0.014/, Out:   0.000#   0.046#   0.000f


 Total SPIN, PARITY =    19.5 -,      4 chs,      0 cc.  Rmin & Coul turning =    1.5   12.4
   S-matrix    1 =    1.00000   0.00000 for L=   19, J=   19.5 channel on core I =   0.0 from L=   19,  Acc. loss =  0.0 D.
 Elastic phase shift   1 =    0.000   0.000 deg. for the L =   19, J =   19.5 channel.
      19.5  0.99999991  0.00000063i: elastic S-matrix  @@      0.00  0   0 F  0
 Reaction Xsec    19.5-/19 @ 1 =   0.044/, Out:   0.000#   0.279#   0.000f


 Total SPIN, PARITY =    20.5 +,      4 chs,      0 cc.  Rmin & Coul turning =    1.6   13.0
   S-matrix    1 =    1.00000   0.00000 for L=   20, J=   20.5 channel on core I =   0.0 from L=   20,  Acc. loss =  0.0 D.
 Elastic phase shift   1 =    0.000   0.000 deg. for the L =   20, J =   20.5 channel.
      20.5  0.99999997  0.00000023i: elastic S-matrix  @@      0.00  0   0 F  0
 Reaction Xsec    20.5+/20 @ 1 =   0.014/, Out:   0.000#   0.046#   0.000f


 Total SPIN, PARITY =    20.5 -,      4 chs,      0 cc.  Rmin & Coul turning =    1.6   13.0
   S-matrix    1 =    1.00000   0.00000 for L=   21, J=   20.5 channel on core I =   0.0 from L=   21,  Acc. loss =  0.0 D.
 Elastic phase shift   1 =    0.000   0.000 deg. for the L =   21, J =   20.5 channel.
      20.5  0.99999999  0.00000008i: elastic S-matrix  @@      0.00  0   0 F  0
 Reaction Xsec    20.5-/21 @ 1 =   4.398#, Out:   0.000#   0.006#   0.000f


 Total SPIN, PARITY =    21.5 +,      4 chs,      0 cc.  Rmin & Coul turning =    1.7   13.7
   S-matrix    1 =    1.00000   0.00000 for L=   22, J=   21.5 channel on core I =   0.0 from L=   22,  Acc. loss =  0.0 D.
 Elastic phase shift   1 =    0.000   0.000 deg. for the L =   22, J =   21.5 channel.
      21.5  1.00000000  0.00000003i: elastic S-matrix  @@      0.00  0   0 F  0
 Reaction Xsec    21.5+/22 @ 1 =   1.424#, Out:   0.000#   0.001#   0.000f


 Total SPIN, PARITY =    21.5 -,      4 chs,      0 cc.  Rmin & Coul turning =    1.7   13.7
   S-matrix    1 =    1.00000   0.00000 for L=   21, J=   21.5 channel on core I =   0.0 from L=   21,  Acc. loss =  0.0 D.
 Elastic phase shift   1 =    0.000   0.000 deg. for the L =   21, J =   21.5 channel.
      21.5  0.99999999  0.00000009i: elastic S-matrix  @@      0.02  0   0 F  0
 Reaction Xsec    21.5-/21 @ 1 =   4.607#, Out:   0.000#   0.006#   0.000f


 Total SPIN, PARITY =    22.5 +,      4 chs,      0 cc.  Rmin & Coul turning =    1.8   14.3
   S-matrix    1 =    1.00000   0.00000 for L=   22, J=   22.5 channel on core I =   0.0 from L=   22,  Acc. loss =  0.0 D.
 Elastic phase shift   1 =    0.000   0.000 deg. for the L =   22, J =   22.5 channel.
      22.5  1.00000000  0.00000004i: elastic S-matrix  @@      0.00  0   0 F  0
 Reaction Xsec    22.5+/22 @ 1 =   1.489#, Out:   0.000#   0.001#   0.000f


 Total SPIN, PARITY =    22.5 -,      4 chs,      0 cc.  Rmin & Coul turning =    1.8   14.3
   S-matrix    1 =    1.00000   0.00000 for L=   23, J=   22.5 channel on core I =   0.0 from L=   23,  Acc. loss =  0.0 D.
 Elastic phase shift   1 =    0.000   0.000 deg. for the L =   23, J =   22.5 channel.
0****** WARNING : ACCURACY LOSS IN ERWIN = 14.6 DIGITS, SO EXPECT ERRORS OF   0.0000 % OF UNITARITY

      22.5  1.00000000  0.00000002i: elastic S-matrix  @@      0.00  0   0 F  0
 Reaction Xsec    22.5-/23 @ 1 =   0.460#, Out:   0.000#   0.000#   0.000f


 Total SPIN, PARITY =    23.5 +,      4 chs,      0 cc.  Rmin & Coul turning =    1.8   14.9
   S-matrix    1 =    1.00000   0.00000 for L=   24, J=   23.5 channel on core I =   0.0 from L=   24,  Acc. loss =  0.0 D.
 Elastic phase shift   1 =    0.000   0.000 deg. for the L =   24, J =   23.5 channel.
0****** WARNING : ACCURACY LOSS IN ERWIN = 14.9 DIGITS, SO EXPECT ERRORS OF   0.0000 % OF UNITARITY

      23.5  1.00000000  0.00000001i: elastic S-matrix  @@      0.00  0   0 F  0
 Reaction Xsec    23.5+/24 @ 1 =   0.148#, Out:   0.000#   0.000#   0.000f


 Total SPIN, PARITY =    23.5 -,      4 chs,      0 cc.  Rmin & Coul turning =    1.8   14.9
   S-matrix    1 =    1.00000   0.00000 for L=   23, J=   23.5 channel on core I =   0.0 from L=   23,  Acc. loss =  0.0 D.
 Elastic phase shift   1 =    0.000   0.000 deg. for the L =   23, J =   23.5 channel.
      23.5  1.00000000  0.00000002i: elastic S-matrix  @@      0.00  0   0 F  0
 Reaction Xsec    23.5-/23 @ 1 =   0.480#, Out:   0.000#   0.000#   0.000f


 Total SPIN, PARITY =    24.5 +,      4 chs,      0 cc.  Rmin & Coul turning =    1.9   15.6
   S-matrix    1 =    1.00000   0.00000 for L=   24, J=   24.5 channel on core I =   0.0 from L=   24,  Acc. loss =  0.0 D.
 Elastic phase shift   1 =    0.000   0.000 deg. for the L =   24, J =   24.5 channel.
      24.5  1.00000000  0.00000001i: elastic S-matrix  @@      0.00  0   0 F  0
 Reaction Xsec    24.5+/24 @ 1 =   0.154#, Out:   0.000#   0.000#   0.000f


 Total SPIN, PARITY =    24.5 -,      4 chs,      0 cc.  Rmin & Coul turning =    1.9   15.6
   S-matrix    1 =    1.00000   0.00000 for L=   25, J=   24.5 channel on core I =   0.0 from L=   25,  Acc. loss =  0.0 D.
 Elastic phase shift   1 =    0.000   0.000 deg. for the L =   25, J =   24.5 channel.
      24.5  1.00000000  0.00000001i: elastic S-matrix  @@      0.02  0   0 F  0
 Reaction Xsec    24.5-/25 @ 1 =   0.048#, Out:   0.000#   0.001#   0.000f


 Total SPIN, PARITY =    25.5 +,      4 chs,      0 cc.  Rmin & Coul turning =    2.0   16.2
   S-matrix    1 =    1.00000   0.00000 for L=   26, J=   25.5 channel on core I =   0.0 from L=   26,  Acc. loss =  0.0 D.
 Elastic phase shift   1 =    0.000   0.000 deg. for the L =   26, J =   25.5 channel.
0****** WARNING : ACCURACY LOSS IN ERWIN = 14.2 DIGITS, SO EXPECT ERRORS OF   0.0000 % OF UNITARITY

      25.5  1.00000000  0.00000000i: elastic S-matrix  @@      0.00  0   0 F  0
 Reaction Xsec    25.5+/26 @ 1 =   0.015#, Out:   0.000#   0.001#   0.000f


 Total SPIN, PARITY =    25.5 -,      4 chs,      0 cc.  Rmin & Coul turning =    2.0   16.2
   S-matrix    1 =    1.00000   0.00000 for L=   25, J=   25.5 channel on core I =   0.0 from L=   25,  Acc. loss =  0.0 D.
 Elastic phase shift   1 =    0.000   0.000 deg. for the L =   25, J =   25.5 channel.
      25.5  1.00000000  0.00000001i: elastic S-matrix  @@      0.00  0   0 F  0
 Reaction Xsec    25.5-/25 @ 1 =   0.049#, Out:   0.000#   0.000#   0.000f


 Total SPIN, PARITY =    26.5 +,      4 chs,      0 cc.  Rmin & Coul turning =    2.1   16.8
   S-matrix    1 =    1.00000   0.00000 for L=   26, J=   26.5 channel on core I =   0.0 from L=   26,  Acc. loss =  0.0 D.
 Elastic phase shift   1 =    0.000   0.000 deg. for the L =   26, J =   26.5 channel.
      26.5  1.00000000  0.00000000i: elastic S-matrix  @@      0.00  0   0 F  0
 Reaction Xsec    26.5+/26 @ 1 =   0.016#, Out:   0.000#   0.000#   0.000f


 Total SPIN, PARITY =    26.5 -,      4 chs,      0 cc.  Rmin & Coul turning =    2.1   16.8
   S-matrix    1 =    1.00000   0.00000 for L=   27, J=   26.5 channel on core I =   0.0 from L=   27,  Acc. loss =  0.0 D.
 Elastic phase shift   1 =    0.000   0.000 deg. for the L =   27, J =   26.5 channel.
      26.5  1.00000000  0.00000001i: elastic S-matrix  @@      0.00  0   0 F  0
 Reaction Xsec    26.5-/27 @ 1 =   0.005#, Out:   0.000#   0.006#  -0.000f


 Total SPIN, PARITY =    27.5 +,      4 chs,      0 cc.  Rmin & Coul turning =    2.1   17.5
   S-matrix    1 =    1.00000   0.00000 for L=   28, J=   27.5 channel on core I =   0.0 from L=   28,  Acc. loss =  0.0 D.
 Elastic phase shift   1 =    0.000   0.000 deg. for the L =   28, J =   27.5 channel.
      27.5  1.00000000  0.00000000i: elastic S-matrix  @@      0.00  0   0 F  0
 Reaction Xsec    27.5+/28 @ 1 =   0.002#, Out:   0.000#   0.190#  -0.000f


 Total SPIN, PARITY =    27.5 -,      4 chs,      0 cc.  Rmin & Coul turning =    2.1   17.5
   S-matrix    1 =    1.00000   0.00000 for L=   27, J=   27.5 channel on core I =   0.0 from L=   27,  Acc. loss =  0.0 D.
 Elastic phase shift   1 =    0.000   0.000 deg. for the L =   27, J =   27.5 channel.
      27.5  1.00000000  0.00000001i: elastic S-matrix  @@      0.02  0   0 F  0
 Reaction Xsec    27.5-/27 @ 1 =   0.005#, Out:   0.000#   0.002#   0.000f


 Total SPIN, PARITY =    28.5 +,      4 chs,      0 cc.  Rmin & Coul turning =    2.2   18.1
   S-matrix    1 =    1.00000   0.00000 for L=   28, J=   28.5 channel on core I =   0.0 from L=   28,  Acc. loss =  0.0 D.
 Elastic phase shift   1 =    0.000   0.000 deg. for the L =   28, J =   28.5 channel.
0****** WARNING : ACCURACY LOSS IN ERWIN = 14.2 DIGITS, SO EXPECT ERRORS OF   0.0000 % OF UNITARITY

      28.5  1.00000000  0.00000000i: elastic S-matrix  @@      0.00  0   0 F  0
 Reaction Xsec    28.5+/28 @ 1 =   0.002#, Out:   0.000#   0.001#   0.000f


 Total SPIN, PARITY =    28.5 -,      4 chs,      0 cc.  Rmin & Coul turning =    2.2   18.1
   S-matrix    1 =    1.00000  -0.00000 for L=   29, J=   28.5 channel on core I =   0.0 from L=   29,  Acc. loss =  0.0 D.
 Elastic phase shift   1 =   -0.000   0.000 deg. for the L =   29, J =   28.5 channel.
      28.5  1.00000000 -0.00000000i: elastic S-matrix  @@      0.00  0   0 F  0
 Reaction Xsec    28.5-/29 @ 1 =   0.000#, Out:   0.000#   0.529#  -0.000f


 Total SPIN, PARITY =    29.5 +,      4 chs,      0 cc.  Rmin & Coul turning =    2.3   18.7
   S-matrix    1 =    1.00000   0.00000 for L=   30, J=   29.5 channel on core I =   0.0 from L=   30,  Acc. loss =  0.0 D.
 Elastic phase shift   1 =    0.000   0.000 deg. for the L =   30, J =   29.5 channel.
0****** WARNING : ACCURACY LOSS IN ERWIN = 14.1 DIGITS, SO EXPECT ERRORS OF   0.0000 % OF UNITARITY

      29.5  1.00000000  0.00000000i: elastic S-matrix  @@      0.00  0   0 F  0
 Reaction Xsec    29.5+/30 @ 1 =   0.000#, Out:   0.000#   0.003#  -0.000f


 Total SPIN, PARITY =    29.5 -,      4 chs,      0 cc.  Rmin & Coul turning =    2.3   18.7
   S-matrix    1 =    1.00000  -0.00000 for L=   29, J=   29.5 channel on core I =   0.0 from L=   29,  Acc. loss =  0.0 D.
 Elastic phase shift   1 =   -0.000   0.000 deg. for the L =   29, J =   29.5 channel.
0****** WARNING : ACCURACY LOSS IN ERWIN = 14.7 DIGITS, SO EXPECT ERRORS OF   0.0000 % OF UNITARITY

      29.5  1.00000000 -0.00000000i: elastic S-matrix  @@      0.00  0   0 F  0
 Reaction Xsec    29.5-/29 @ 1 =   0.001#, Out:   0.000#   0.006#  -0.000f


 Total SPIN, PARITY =    30.5 +,      4 chs,      0 cc.  Rmin & Coul turning =    2.4   19.4
   S-matrix    1 =    1.00000   0.00000 for L=   30, J=   30.5 channel on core I =   0.0 from L=   30,  Acc. loss =  0.0 D.
 Elastic phase shift   1 =    0.000   0.000 deg. for the L =   30, J =   30.5 channel.
0****** WARNING : ACCURACY LOSS IN ERWIN = 14.3 DIGITS, SO EXPECT ERRORS OF   0.0000 % OF UNITARITY

      30.5  1.00000000  0.00000000i: elastic S-matrix  @@      0.00  0   0 F  0
 Reaction Xsec    30.5+/30 @ 1 =   0.000#, Out:   0.000#   0.001#  -0.000f


 Total SPIN, PARITY =    30.5 -,      4 chs,      0 cc.  Rmin & Coul turning =    2.4   19.4
   S-matrix    1 =    1.00000   0.00000 for L=   31, J=   30.5 channel on core I =   0.0 from L=   31,  Acc. loss =  0.0 D.
 Elastic phase shift   1 =    0.000   0.000 deg. for the L =   31, J =   30.5 channel.
      30.5  1.00000000  0.00000000i: elastic S-matrix  @@      0.02  0   0 F  0
 Reaction Xsec    30.5-/31 @ 1 =   0.000#, Out:   0.000#   0.698#  -0.000f


 Total SPIN, PARITY =    31.5 +,      4 chs,      0 cc.  Rmin & Coul turning =    2.5   20.0
   S-matrix    1 =    1.00000  -0.00000 for L=   32, J=   31.5 channel on core I =   0.0 from L=   32,  Acc. loss =  0.0 D.
 Elastic phase shift   1 =   -0.000   0.000 deg. for the L =   32, J =   31.5 channel.
      31.5  1.00000000 -0.00000000i: elastic S-matrix  @@      0.00  0   0 F  0
 Reaction Xsec    31.5+/32 @ 1 =   0.000#, Out:   0.000#   8.801#  -0.000f


 Total SPIN, PARITY =    31.5 -,      4 chs,      0 cc.  Rmin & Coul turning =    2.5   20.0
   S-matrix    1 =    1.00000   0.00000 for L=   31, J=   31.5 channel on core I =   0.0 from L=   31,  Acc. loss =  0.0 D.
 Elastic phase shift   1 =    0.000   0.000 deg. for the L =   31, J =   31.5 channel.
      31.5  1.00000000  0.00000000i: elastic S-matrix  @@      0.00  0   0 F  0
 Reaction Xsec    31.5-/31 @ 1 =   0.000#, Out:   0.000#   0.005#  -0.000f


 Total SPIN, PARITY =    32.5 +,      4 chs,      0 cc.  Rmin & Coul turning =    2.6   20.6
   S-matrix    1 =    1.00000  -0.00000 for L=   32, J=   32.5 channel on core I =   0.0 from L=   32,  Acc. loss =  0.0 D.
 Elastic phase shift   1 =   -0.000   0.000 deg. for the L =   32, J =   32.5 channel.
      32.5  1.00000000 -0.00000000i: elastic S-matrix  @@      0.00  0   0 F  0
 Reaction Xsec    32.5+/32 @ 1 =   0.000#, Out:   0.000#   0.097#  -0.000f


 Total SPIN, PARITY =    32.5 -,      4 chs,      0 cc.  Rmin & Coul turning =    2.6   20.6
   S-matrix    1 =    1.00000  -0.00000 for L=   33, J=   32.5 channel on core I =   0.0 from L=   33,  Acc. loss =  0.0 D.
 Elastic phase shift   1 =   -0.000   0.000 deg. for the L =   33, J =   32.5 channel.
      32.5  1.00000000 -0.00000000i: elastic S-matrix  @@      0.00  0   0 F  0
 Reaction Xsec    32.5-/33 @ 1 =   0.000#, Out:   0.000#   3.779#  -0.000f


 Total SPIN, PARITY =    33.5 +,      4 chs,      0 cc.  Rmin & Coul turning =    2.6   21.3
   S-matrix    1 =    1.00000  -0.00000 for L=   34, J=   33.5 channel on core I =   0.0 from L=   34,  Acc. loss =  0.0 D.
 Elastic phase shift   1 =   -0.000   0.000 deg. for the L =   34, J =   33.5 channel.
0****** WARNING : ACCURACY LOSS IN ERWIN = 14.4 DIGITS, SO EXPECT ERRORS OF   0.0001 % OF UNITARITY

      33.5  1.00000000 -0.00000000i: elastic S-matrix  @@      0.00  0   0 F  0
 Reaction Xsec    33.5+/34 @ 1 =   0.000#, Out:   0.000#   0.233#  -0.000f


 Total SPIN, PARITY =    33.5 -,      4 chs,      0 cc.  Rmin & Coul turning =    2.6   21.3
   S-matrix    1 =    1.00000  -0.00000 for L=   33, J=   33.5 channel on core I =   0.0 from L=   33,  Acc. loss =  0.0 D.
 Elastic phase shift   1 =   -0.000   0.000 deg. for the L =   33, J =   33.5 channel.
      33.5  1.00000000 -0.00000000i: elastic S-matrix  @@      0.02  0   0 F  0
 Reaction Xsec    33.5-/33 @ 1 =   0.000#, Out:   0.000#   0.264#  -0.000f


 Total SPIN, PARITY =    34.5 +,      4 chs,      0 cc.  Rmin & Coul turning =    2.7   21.9
   S-matrix    1 =    1.00000  -0.00000 for L=   34, J=   34.5 channel on core I =   0.0 from L=   34,  Acc. loss =  0.0 D.
 Elastic phase shift   1 =   -0.000   0.000 deg. for the L =   34, J =   34.5 channel.
0****** WARNING : ACCURACY LOSS IN ERWIN = 14.3 DIGITS, SO EXPECT ERRORS OF   0.0000 % OF UNITARITY

      34.5  1.00000000 -0.00000000i: elastic S-matrix  @@      0.00  0   0 F  0
 Reaction Xsec    34.5+/34 @ 1 =   0.000#, Out:   0.000#   0.001#  -0.000f


 Total SPIN, PARITY =    34.5 -,      4 chs,      0 cc.  Rmin & Coul turning =    2.7   21.9
   S-matrix    1 =    1.00000  -0.00000 for L=   35, J=   34.5 channel on core I =   0.0 from L=   35,  Acc. loss =  0.0 D.
 Elastic phase shift   1 =   -0.000   0.000 deg. for the L =   35, J =   34.5 channel.
0****** WARNING : ACCURACY LOSS IN ERWIN = 14.4 DIGITS, SO EXPECT ERRORS OF   0.0005 % OF UNITARITY

      34.5  1.00000000 -0.00000000i: elastic S-matrix  @@      0.00  0   0 F  0
 Reaction Xsec    34.5-/35 @ 1 =   0.000#, Out:   0.000#   0.035/  -0.000f


 Total SPIN, PARITY =    35.5 +,      4 chs,      0 cc.  Rmin & Coul turning =    2.8   22.5
   S-matrix    1 =    1.00000  -0.00000 for L=   36, J=   35.5 channel on core I =   0.0 from L=   36,  Acc. loss =  0.0 D.
 Elastic phase shift   1 =   -0.000   0.000 deg. for the L =   36, J =   35.5 channel.
      35.5  1.00000000 -0.00000000i: elastic S-matrix  @@      0.00  0   0 F  0
 Reaction Xsec    35.5+/36 @ 1 =   0.000#, Out:   0.000#   5.328#  -0.000f


 Total SPIN, PARITY =    35.5 -,      4 chs,      0 cc.  Rmin & Coul turning =    2.8   22.5
   S-matrix    1 =    1.00000  -0.00000 for L=   35, J=   35.5 channel on core I =   0.0 from L=   35,  Acc. loss =  0.0 D.
 Elastic phase shift   1 =   -0.000  -0.000 deg. for the L =   35, J =   35.5 channel.
0****** WARNING : ACCURACY LOSS IN ERWIN = 14.5 DIGITS, SO EXPECT ERRORS OF   0.0000 % OF UNITARITY

      35.5  1.00000000 -0.00000000i: elastic S-matrix  @@      0.00  0   0 F  0
 Reaction Xsec    35.5-/35 @ 1 =  -0.000#, Out:   0.000#   0.071#  -0.000f


 Total SPIN, PARITY =    36.5 +,      4 chs,      0 cc.  Rmin & Coul turning =    2.9   23.2
   S-matrix    1 =    1.00000  -0.00000 for L=   36, J=   36.5 channel on core I =   0.0 from L=   36,  Acc. loss =  0.0 D.
 Elastic phase shift   1 =   -0.000   0.000 deg. for the L =   36, J =   36.5 channel.
      36.5  1.00000000 -0.00000000i: elastic S-matrix  @@      0.00  0   0 F  0
 Reaction Xsec    36.5+/36 @ 1 =   0.000#, Out:   0.000#   3.573#  -0.000f


 Total SPIN, PARITY =    36.5 -,      4 chs,      0 cc.  Rmin & Coul turning =    2.9   23.2
   S-matrix    1 =    1.00000  -0.00000 for L=   37, J=   36.5 channel on core I =   0.0 from L=   37,  Acc. loss =  0.0 D.
 Elastic phase shift   1 =   -0.000  -0.000 deg. for the L =   37, J =   36.5 channel.
      36.5  1.00000000 -0.00000001i: elastic S-matrix  @@      0.00  0   0 F  0
 Reaction Xsec    36.5-/37 @ 1 =  -0.000#, Out:   0.000#   0.035/  -0.000f


 Total SPIN, PARITY =    37.5 +,      4 chs,      0 cc.  Rmin & Coul turning =    3.0   23.8
   S-matrix    1 =    1.00000  -0.00000 for L=   38, J=   37.5 channel on core I =   0.0 from L=   38,  Acc. loss =  0.0 D.
 Elastic phase shift   1 =   -0.000   0.000 deg. for the L =   38, J =   37.5 channel.
0****** WARNING : ACCURACY LOSS IN ERWIN = 14.4 DIGITS, SO EXPECT ERRORS OF   0.0024 % OF UNITARITY

      37.5  1.00000000 -0.00000001i: elastic S-matrix  @@      0.02  0   0 F  0
 Reaction Xsec    37.5+/38 @ 1 =   0.000#, Out:   0.000#   0.023/  -0.000f


 Total SPIN, PARITY =    37.5 -,      4 chs,      0 cc.  Rmin & Coul turning =    3.0   23.8
   S-matrix    1 =    1.00000  -0.00000 for L=   37, J=   37.5 channel on core I =   0.0 from L=   37,  Acc. loss =  0.0 D.
 Elastic phase shift   1 =   -0.000   0.000 deg. for the L =   37, J =   37.5 channel.
0****** WARNING : ACCURACY LOSS IN ERWIN = 14.4 DIGITS, SO EXPECT ERRORS OF   0.0001 % OF UNITARITY

      37.5  1.00000000 -0.00000001i: elastic S-matrix  @@      0.00  0   0 F  0
 Reaction Xsec    37.5-/37 @ 1 =   0.000#, Out:   0.000#   0.181#  -0.000f


 Total SPIN, PARITY =    38.5 +,      4 chs,      0 cc.  Rmin & Coul turning =    3.0   24.4
   S-matrix    1 =    1.00000  -0.00000 for L=   38, J=   38.5 channel on core I =   0.0 from L=   38,  Acc. loss =  0.0 D.
 Elastic phase shift   1 =   -0.000   0.000 deg. for the L =   38, J =   38.5 channel.
      38.5  1.00000000 -0.00000001i: elastic S-matrix  @@      0.00  0   0 F  0
 Reaction Xsec    38.5+/38 @ 1 =   0.000#, Out:   0.000#   1.749#  -0.000f


 Total SPIN, PARITY =    38.5 -,      4 chs,      0 cc.  Rmin & Coul turning =    3.0   24.4
   S-matrix    1 =    1.00000  -0.00000 for L=   39, J=   38.5 channel on core I =   0.0 from L=   39,  Acc. loss =  0.0 D.
 Elastic phase shift   1 =   -0.000  -0.000 deg. for the L =   39, J =   38.5 channel.
0****** WARNING : ACCURACY LOSS IN ERWIN = 14.2 DIGITS, SO EXPECT ERRORS OF   0.0003 % OF UNITARITY

      38.5  1.00000000 -0.00000000i: elastic S-matrix  @@      0.00  0   0 F  0
 Reaction Xsec    38.5-/39 @ 1 =  -0.000#, Out:   0.000#   0.931#  -0.000f


 Total SPIN, PARITY =    39.5 +,      4 chs,      0 cc.  Rmin & Coul turning =    3.1   25.1
   S-matrix    1 =    1.00000  -0.00000 for L=   40, J=   39.5 channel on core I =   0.0 from L=   40,  Acc. loss =  0.0 D.
 Elastic phase shift   1 =   -0.000   0.000 deg. for the L =   40, J =   39.5 channel.
0****** WARNING : ACCURACY LOSS IN ERWIN = 14.3 DIGITS, SO EXPECT ERRORS OF   0.0001 % OF UNITARITY

      39.5  1.00000000 -0.00000000i: elastic S-matrix  @@      0.00  0   0 F  0
 Reaction Xsec    39.5+/40 @ 1 =   0.000#, Out:   0.000#   0.121#  -0.000f


 Total SPIN, PARITY =    39.5 -,      4 chs,      0 cc.  Rmin & Coul turning =    3.1   25.1
   S-matrix    1 =    1.00000  -0.00000 for L=   39, J=   39.5 channel on core I =   0.0 from L=   39,  Acc. loss =  0.0 D.
 Elastic phase shift   1 =   -0.000  -0.000 deg. for the L =   39, J =   39.5 channel.
      39.5  1.00000000 -0.00000000i: elastic S-matrix  @@      0.02  0   0 F  0
 Reaction Xsec    39.5-/39 @ 1 =  -0.000#, Out:   0.000#   1.943#  -0.000f


 Total SPIN, PARITY =    40.5 +,      4 chs,      0 cc.  Rmin & Coul turning =    3.2   25.7
   S-matrix    1 =    1.00000  -0.00000 for L=   40, J=   40.5 channel on core I =   0.0 from L=   40,  Acc. loss =  0.0 D.
 Elastic phase shift   1 =   -0.000   0.000 deg. for the L =   40, J =   40.5 channel.
0****** WARNING : ACCURACY LOSS IN ERWIN = 14.2 DIGITS, SO EXPECT ERRORS OF   0.0000 % OF UNITARITY

      40.5  1.00000000 -0.00000000i: elastic S-matrix  @@      0.00  0   0 F  0
 Reaction Xsec    40.5+/40 @ 1 =   0.000#, Out:   0.000#   0.004#  -0.000f


 Total SPIN, PARITY =    40.5 -,      4 chs,      0 cc.  Rmin & Coul turning =    3.2   25.7
   S-matrix    1 =    1.00000  -0.00000 for L=   41, J=   40.5 channel on core I =   0.0 from L=   41,  Acc. loss =  0.0 D.
 Elastic phase shift   1 =   -0.000   0.000 deg. for the L =   41, J =   40.5 channel.
      40.5  1.00000000 -0.00000000i: elastic S-matrix  @@      0.00  0   0 F  0
 Reaction Xsec    40.5-/41 @ 1 =   0.000#, Out:   0.000#   0.115/  -0.000f


 Total SPIN, PARITY =    41.5 +,      4 chs,      0 cc.  Rmin & Coul turning =    3.2   26.3
   S-matrix    1 =    1.00000  -0.00000 for L=   42, J=   41.5 channel on core I =   0.0 from L=   42,  Acc. loss =  0.0 D.
 Elastic phase shift   1 =   -0.000  -0.000 deg. for the L =   42, J =   41.5 channel.
0****** WARNING : ACCURACY LOSS IN ERWIN = 14.5 DIGITS, SO EXPECT ERRORS OF   0.0007 % OF UNITARITY

      41.5  1.00000000 -0.00000001i: elastic S-matrix  @@      0.00  0   0 F  0
 Reaction Xsec    41.5+/42 @ 1 =  -0.000#, Out:   0.000#   0.015/  -0.000f


 Total SPIN, PARITY =    41.5 -,      4 chs,      0 cc.  Rmin & Coul turning =    3.2   26.3
   S-matrix    1 =    1.00000  -0.00000 for L=   41, J=   41.5 channel on core I =   0.0 from L=   41,  Acc. loss =  0.0 D.
 Elastic phase shift   1 =   -0.000   0.000 deg. for the L =   41, J =   41.5 channel.
      41.5  1.00000000 -0.00000000i: elastic S-matrix  @@      0.00  0   0 F  0
 Reaction Xsec    41.5-/41 @ 1 =   0.000#, Out:   0.000#   0.701#  -0.000f


 Total SPIN, PARITY =    42.5 +,      4 chs,      0 cc.  Rmin & Coul turning =    3.4   27.0
   S-matrix    1 =    1.00000  -0.00000 for L=   42, J=   42.5 channel on core I =   0.0 from L=   42,  Acc. loss =  0.0 D.
 Elastic phase shift   1 =   -0.000   0.000 deg. for the L =   42, J =   42.5 channel.
0****** WARNING : ACCURACY LOSS IN ERWIN = 14.1 DIGITS, SO EXPECT ERRORS OF   0.0005 % OF UNITARITY

      42.5  1.00000000 -0.00000001i: elastic S-matrix  @@      0.00  0   0 F  0
 Reaction Xsec    42.5+/42 @ 1 =   0.000#, Out:   0.000#   4.775#  -0.000f


 Total SPIN, PARITY =    42.5 -,      4 chs,      0 cc.  Rmin & Coul turning =    3.4   27.0
   S-matrix    1 =    1.00000  -0.00000 for L=   43, J=   42.5 channel on core I =   0.0 from L=   43,  Acc. loss =  0.0 D.
 Elastic phase shift   1 =   -0.000   0.000 deg. for the L =   43, J =   42.5 channel.
      42.5  1.00000000 -0.00000001i: elastic S-matrix  @@      0.02  0   0 F  0
 Reaction Xsec    42.5-/43 @ 1 =   0.000#, Out:   0.000#   0.086/  -0.000f


 Total SPIN, PARITY =    43.5 +,      4 chs,      0 cc.  Rmin & Coul turning =    3.4   27.6
   S-matrix    1 =    1.00000  -0.00000 for L=   44, J=   43.5 channel on core I =   0.0 from L=   44,  Acc. loss =  0.0 D.
 Elastic phase shift   1 =   -0.000   0.000 deg. for the L =   44, J =   43.5 channel.
0****** WARNING : ACCURACY LOSS IN ERWIN = 14.2 DIGITS, SO EXPECT ERRORS OF   0.0059 % OF UNITARITY

      43.5  1.00000000 -0.00000001i: elastic S-matrix  @@      0.00  0   0 F  0
 Reaction Xsec    43.5+/44 @ 1 =   0.000#, Out:   0.000#   0.984/  -0.001f


 Total SPIN, PARITY =    43.5 -,      4 chs,      0 cc.  Rmin & Coul turning =    3.4   27.6
   S-matrix    1 =    1.00000  -0.00000 for L=   43, J=   43.5 channel on core I =   0.0 from L=   43,  Acc. loss =  0.0 D.
 Elastic phase shift   1 =   -0.000   0.000 deg. for the L =   43, J =   43.5 channel.
      43.5  1.00000000 -0.00000001i: elastic S-matrix  @@      0.00  0   0 F  0
 Reaction Xsec    43.5-/43 @ 1 =   0.000#, Out:   0.000#   0.153/  -0.000f


 Total SPIN, PARITY =    44.5 +,      4 chs,      0 cc.  Rmin & Coul turning =    3.5   28.2
   S-matrix    1 =    1.00000  -0.00000 for L=   44, J=   44.5 channel on core I =   0.0 from L=   44,  Acc. loss =  0.0 D.
 Elastic phase shift   1 =   -0.000   0.000 deg. for the L =   44, J =   44.5 channel.
0****** WARNING : ACCURACY LOSS IN ERWIN = 14.6 DIGITS, SO EXPECT ERRORS OF   0.0006 % OF UNITARITY

      44.5  1.00000000 -0.00000001i: elastic S-matrix  @@      0.00  0   0 F  0
 Reaction Xsec    44.5+/44 @ 1 =   0.000#, Out:   0.000#   1.111#  -0.000f


 Total SPIN, PARITY =    44.5 -,      4 chs,      0 cc.  Rmin & Coul turning =    3.5   28.2
   S-matrix    1 =    1.00000  -0.00000 for L=   45, J=   44.5 channel on core I =   0.0 from L=   45,  Acc. loss =  0.0 D.
 Elastic phase shift   1 =   -0.000  -0.000 deg. for the L =   45, J =   44.5 channel.
      44.5  1.00000000 -0.00000000i: elastic S-matrix  @@      0.00  0   0 F  0
 Reaction Xsec    44.5-/45 @ 1 =  -0.000#, Out:   0.000#   1.012/  -0.001f


 Total SPIN, PARITY =    45.5 +,      4 chs,      0 cc.  Rmin & Coul turning =    3.6   28.9
   S-matrix    1 =    1.00000  -0.00000 for L=   46, J=   45.5 channel on core I =   0.0 from L=   46,  Acc. loss =  0.0 D.
 Elastic phase shift   1 =   -0.000   0.000 deg. for the L =   46, J =   45.5 channel.
      45.5  1.00000000 -0.00000000i: elastic S-matrix  @@      0.00  0   0 F  0
 Reaction Xsec    45.5+/46 @ 1 =   0.000#, Out:   0.000#   6.721#  -0.000f


 Total SPIN, PARITY =    45.5 -,      4 chs,      0 cc.  Rmin & Coul turning =    3.6   28.9
   S-matrix    1 =    1.00000  -0.00000 for L=   45, J=   45.5 channel on core I =   0.0 from L=   45,  Acc. loss =  0.0 D.
 Elastic phase shift   1 =   -0.000  -0.000 deg. for the L =   45, J =   45.5 channel.
      45.5  1.00000000 -0.00000000i: elastic S-matrix  @@      0.02  0   0 F  0
 Reaction Xsec    45.5-/45 @ 1 =  -0.000#, Out:   0.000#   0.046/  -0.000f


 Total SPIN, PARITY =    46.5 +,      4 chs,      0 cc.  Rmin & Coul turning =    3.7   29.5
   S-matrix    1 =    1.00000  -0.00000 for L=   46, J=   46.5 channel on core I =   0.0 from L=   46,  Acc. loss =  0.0 D.
 Elastic phase shift   1 =   -0.000  -0.000 deg. for the L =   46, J =   46.5 channel.
0****** WARNING : ACCURACY LOSS IN ERWIN = 14.1 DIGITS, SO EXPECT ERRORS OF   0.0005 % OF UNITARITY

      46.5  1.00000000 -0.00000000i: elastic S-matrix  @@      0.00  0   0 F  0
 Reaction Xsec    46.5+/46 @ 1 =  -0.000#, Out:   0.000#   0.013/  -0.000f


 Total SPIN, PARITY =    46.5 -,      4 chs,      0 cc.  Rmin & Coul turning =    3.7   29.5
   S-matrix    1 =    1.00000  -0.00000 for L=   47, J=   46.5 channel on core I =   0.0 from L=   47,  Acc. loss =  0.0 D.
 Elastic phase shift   1 =   -0.000   0.000 deg. for the L =   47, J =   46.5 channel.
0****** WARNING : ACCURACY LOSS IN ERWIN = 14.4 DIGITS, SO EXPECT ERRORS OF   0.0017 % OF UNITARITY

      46.5  1.00000000 -0.00000000i: elastic S-matrix  @@      0.00  0   0 F  0
 Reaction Xsec    46.5-/47 @ 1 =   0.000#, Out:   0.000#   0.022/  -0.000f


 Total SPIN, PARITY =    47.5 +,      4 chs,      0 cc.  Rmin & Coul turning =    3.8   30.1
   S-matrix    1 =    1.00000  -0.00000 for L=   48, J=   47.5 channel on core I =   0.0 from L=   48,  Acc. loss =  0.0 D.
 Elastic phase shift   1 =   -0.000   0.000 deg. for the L =   48, J =   47.5 channel.
0****** WARNING : ACCURACY LOSS IN ERWIN = 14.9 DIGITS, SO EXPECT ERRORS OF   0.0054 % OF UNITARITY

      47.5  1.00000000 -0.00000000i: elastic S-matrix  @@      0.00  0   0 F  0
 Reaction Xsec    47.5+/48 @ 1 =   0.000#, Out:   0.000#   0.078/  -0.000f


 Total SPIN, PARITY =    47.5 -,      4 chs,      0 cc.  Rmin & Coul turning =    3.8   30.1
   S-matrix    1 =    1.00000  -0.00000 for L=   47, J=   47.5 channel on core I =   0.0 from L=   47,  Acc. loss =  0.0 D.
 Elastic phase shift   1 =   -0.000   0.000 deg. for the L =   47, J =   47.5 channel.
0****** WARNING : ACCURACY LOSS IN ERWIN = 14.7 DIGITS, SO EXPECT ERRORS OF   0.0002 % OF UNITARITY

      47.5  1.00000000 -0.00000000i: elastic S-matrix  @@      0.00  0   0 F  0
 Reaction Xsec    47.5-/47 @ 1 =   0.000#, Out:   0.000#   0.079#  -0.000f


 Total SPIN, PARITY =    48.5 +,      4 chs,      0 cc.  Rmin & Coul turning =    3.8   30.8
   S-matrix    1 =    1.00000  -0.00000 for L=   48, J=   48.5 channel on core I =   0.0 from L=   48,  Acc. loss =  0.0 D.
 Elastic phase shift   1 =   -0.000   0.000 deg. for the L =   48, J =   48.5 channel.
0****** WARNING : ACCURACY LOSS IN ERWIN = 14.8 DIGITS, SO EXPECT ERRORS OF   0.0004 % OF UNITARITY

      48.5  1.00000000 -0.00000000i: elastic S-matrix  @@      0.00  0   0 F  0
 Reaction Xsec    48.5+/48 @ 1 =   0.000#, Out:   0.000#   0.214#  -0.000f


 Total SPIN, PARITY =    48.5 -,      4 chs,      0 cc.  Rmin & Coul turning =    3.8   30.8
   S-matrix    1 =    1.00000   0.00000 for L=   49, J=   48.5 channel on core I =   0.0 from L=   49,  Acc. loss =  0.0 D.
 Elastic phase shift   1 =    0.000   0.000 deg. for the L =   49, J =   48.5 channel.
0****** WARNING : ACCURACY LOSS IN ERWIN = 14.4 DIGITS, SO EXPECT ERRORS OF   0.0007 % OF UNITARITY

      48.5  1.00000000  0.00000000i: elastic S-matrix  @@      0.00  0   0 F  0
 Reaction Xsec    48.5-/49 @ 1 =   0.000#, Out:   0.000#   6.613#  -0.000f


 Total SPIN, PARITY =    49.5 +,      4 chs,      0 cc.  Rmin & Coul turning =    3.9   31.4
   S-matrix    1 =    1.00000   0.00000 for L=   50, J=   49.5 channel on core I =   0.0 from L=   50,  Acc. loss =  0.0 D.
 Elastic phase shift   1 =    0.000   0.000 deg. for the L =   50, J =   49.5 channel.
0****** WARNING : ACCURACY LOSS IN ERWIN = 14.7 DIGITS, SO EXPECT ERRORS OF   0.0009 % OF UNITARITY

      49.5  1.00000000  0.00000000i: elastic S-matrix  @@      0.02  0   0 F  0
 Reaction Xsec    49.5+/50 @ 1 =   0.000#, Out:   0.000#   0.896#  -0.000f


 Total SPIN, PARITY =    49.5 -,      4 chs,      0 cc.  Rmin & Coul turning =    3.9   31.4
   S-matrix    1 =    1.00000   0.00000 for L=   49, J=   49.5 channel on core I =   0.0 from L=   49,  Acc. loss =  0.0 D.
 Elastic phase shift   1 =    0.000   0.000 deg. for the L =   49, J =   49.5 channel.
0****** WARNING : ACCURACY LOSS IN ERWIN = 14.7 DIGITS, SO EXPECT ERRORS OF   0.0006 % OF UNITARITY

      49.5  1.00000000  0.00000000i: elastic S-matrix  @@      0.00  0   0 F  0
 Reaction Xsec    49.5-/49 @ 1 =   0.000#, Out:   0.000#   1.280#  -0.000f


 Total SPIN, PARITY =    50.5 +,      4 chs,      0 cc.  Rmin & Coul turning =    4.0   32.0
   S-matrix    1 =    1.00000   0.00000 for L=   50, J=   50.5 channel on core I =   0.0 from L=   50,  Acc. loss =  0.0 D.
 Elastic phase shift   1 =    0.000   0.000 deg. for the L =   50, J =   50.5 channel.
0****** WARNING : ACCURACY LOSS IN ERWIN = 14.6 DIGITS, SO EXPECT ERRORS OF   0.0003 % OF UNITARITY

      50.5  1.00000000  0.00000000i: elastic S-matrix  @@      0.00  0   0 F  0
 Reaction Xsec    50.5+/50 @ 1 =   0.000#, Out:   0.000#   0.141#  -0.000f


 Total SPIN, PARITY =    50.5 -,      4 chs,      0 cc.  Rmin & Coul turning =    4.0   32.0
   S-matrix    1 =    1.00000   0.00000 for L=   51, J=   50.5 channel on core I =   0.0 from L=   51,  Acc. loss =  0.0 D.
 Elastic phase shift   1 =    0.000   0.000 deg. for the L =   51, J =   50.5 channel.
0****** WARNING : ACCURACY LOSS IN ERWIN = 14.7 DIGITS, SO EXPECT ERRORS OF   0.0009 % OF UNITARITY

      50.5  1.00000000  0.00000000i: elastic S-matrix  @@      0.00  0   0 F  0
 Reaction Xsec    50.5-/51 @ 1 =   0.000#, Out:   0.000#   0.742#  -0.000f


 Total SPIN, PARITY =    51.5 +,      4 chs,      0 cc.  Rmin & Coul turning =    4.0   32.7
   S-matrix    1 =    1.00000   0.00000 for L=   52, J=   51.5 channel on core I =   0.0 from L=   52,  Acc. loss =  0.0 D.
 Elastic phase shift   1 =    0.000   0.000 deg. for the L =   52, J =   51.5 channel.
0****** WARNING : ACCURACY LOSS IN ERWIN = 14.7 DIGITS, SO EXPECT ERRORS OF   0.0002 % OF UNITARITY

      51.5  1.00000000  0.00000000i: elastic S-matrix  @@      0.00  0   0 F  0
 Reaction Xsec    51.5+/52 @ 1 =   0.000#, Out:   0.000#   0.021#  -0.000f


 Total SPIN, PARITY =    51.5 -,      4 chs,      0 cc.  Rmin & Coul turning =    4.0   32.7
   S-matrix    1 =    1.00000   0.00000 for L=   51, J=   51.5 channel on core I =   0.0 from L=   51,  Acc. loss =  0.0 D.
 Elastic phase shift   1 =    0.000   0.000 deg. for the L =   51, J =   51.5 channel.
0****** WARNING : ACCURACY LOSS IN ERWIN = 14.9 DIGITS, SO EXPECT ERRORS OF   0.0002 % OF UNITARITY

      51.5  1.00000000  0.00000000i: elastic S-matrix  @@      0.00  0   0 F  0
 Reaction Xsec    51.5-/51 @ 1 =   0.000#, Out:   0.000#   0.190#  -0.000f


 Total SPIN, PARITY =    52.5 +,      4 chs,      0 cc.  Rmin & Coul turning =    4.2   33.3
   S-matrix    1 =    1.00000   0.00000 for L=   52, J=   52.5 channel on core I =   0.0 from L=   52,  Acc. loss =  0.0 D.
 Elastic phase shift   1 =    0.000   0.000 deg. for the L =   52, J =   52.5 channel.
0****** WARNING : ACCURACY LOSS IN ERWIN = 14.9 DIGITS, SO EXPECT ERRORS OF   0.0001 % OF UNITARITY

      52.5  1.00000000  0.00000000i: elastic S-matrix  @@      0.02  0   0 F  0
 Reaction Xsec    52.5+/52 @ 1 =   0.000#, Out:   0.000#   0.017#  -0.000f


 Total SPIN, PARITY =    52.5 -,      4 chs,      0 cc.  Rmin & Coul turning =    4.2   33.3
   S-matrix    1 =    1.00000   0.00000 for L=   53, J=   52.5 channel on core I =   0.0 from L=   53,  Acc. loss =  0.0 D.
 Elastic phase shift   1 =    0.000   0.000 deg. for the L =   53, J =   52.5 channel.
0****** WARNING : ACCURACY LOSS IN ERWIN = 14.7 DIGITS, SO EXPECT ERRORS OF   0.0000 % OF UNITARITY

      52.5  1.00000000  0.00000000i: elastic S-matrix  @@      0.00  0   0 F  0
 Reaction Xsec    52.5-/53 @ 1 =   0.000#, Out:   0.000#   0.003#  -0.000f


 Total SPIN, PARITY =    53.5 +,      4 chs,      0 cc.  Rmin & Coul turning =    4.2   33.9
   S-matrix    1 =    1.00000   0.00000 for L=   54, J=   53.5 channel on core I =   0.0 from L=   54,  Acc. loss =  0.0 D.
 Elastic phase shift   1 =    0.000   0.000 deg. for the L =   54, J =   53.5 channel.
0****** WARNING : ACCURACY LOSS IN ERWIN = 14.8 DIGITS, SO EXPECT ERRORS OF   0.0001 % OF UNITARITY

      53.5  1.00000000  0.00000000i: elastic S-matrix  @@      0.00  0   0 F  0
 Reaction Xsec    53.5+/54 @ 1 =   0.000#, Out:   0.000#   0.023#  -0.000f


 Total SPIN, PARITY =    53.5 -,      4 chs,      0 cc.  Rmin & Coul turning =    4.2   33.9
   S-matrix    1 =    1.00000   0.00000 for L=   53, J=   53.5 channel on core I =   0.0 from L=   53,  Acc. loss =  0.0 D.
 Elastic phase shift   1 =    0.000   0.000 deg. for the L =   53, J =   53.5 channel.
0****** WARNING : ACCURACY LOSS IN ERWIN = 14.6 DIGITS, SO EXPECT ERRORS OF   0.0000 % OF UNITARITY

      53.5  1.00000000  0.00000000i: elastic S-matrix  @@      0.00  0   0 F  0
 Reaction Xsec    53.5-/53 @ 1 =   0.000#, Out:   0.000#   0.000#  -0.000f


 Total SPIN, PARITY =    54.5 +,      4 chs,      0 cc.  Rmin & Coul turning =    4.3   34.6
   S-matrix    1 =    1.00000   0.00000 for L=   54, J=   54.5 channel on core I =   0.0 from L=   54,  Acc. loss =  0.0 D.
 Elastic phase shift   1 =    0.000   0.000 deg. for the L =   54, J =   54.5 channel.
0****** WARNING : ACCURACY LOSS IN ERWIN = 14.7 DIGITS, SO EXPECT ERRORS OF   0.0000 % OF UNITARITY

      54.5  1.00000000  0.00000000i: elastic S-matrix  @@      0.00  0   0 F  0
 Reaction Xsec    54.5+/54 @ 1 =   0.000#, Out:   0.000#   0.001#  -0.000f


 Total SPIN, PARITY =    54.5 -,      4 chs,      0 cc.  Rmin & Coul turning =    4.3   34.6
   S-matrix    1 =    1.00000   0.00000 for L=   55, J=   54.5 channel on core I =   0.0 from L=   55,  Acc. loss =  0.0 D.
 Elastic phase shift   1 =    0.000   0.000 deg. for the L =   55, J =   54.5 channel.
0****** WARNING : ACCURACY LOSS IN ERWIN = 16.0 DIGITS, SO EXPECT ERRORS OF   0.0000 % OF UNITARITY

      54.5  1.00000000  0.00000000i: elastic S-matrix  @@      0.00  0   0 F  0
 Reaction Xsec    54.5-/55 @ 1 =   0.000#, Out:   0.000#   0.000#  -0.000f


 Total SPIN, PARITY =    55.5 +,      4 chs,      0 cc.  Rmin & Coul turning =    4.4   35.2
   S-matrix    1 =    1.00000   0.00000 for L=   56, J=   55.5 channel on core I =   0.0 from L=   56,  Acc. loss =  0.0 D.
 Elastic phase shift   1 =    0.000  -0.000 deg. for the L =   56, J =   55.5 channel.
0****** WARNING : ACCURACY LOSS IN ERWIN = 14.9 DIGITS, SO EXPECT ERRORS OF   0.0000 % OF UNITARITY

      55.5  1.00000000  0.00000000i: elastic S-matrix  @@      0.00  0   0 F  0
 Reaction Xsec    55.5+/56 @ 1 =  -0.000#, Out:   0.000#   0.000#  -0.000f


 Total SPIN, PARITY =    55.5 -,      4 chs,      0 cc.  Rmin & Coul turning =    4.4   35.2
   S-matrix    1 =    1.00000   0.00000 for L=   55, J=   55.5 channel on core I =   0.0 from L=   55,  Acc. loss =  0.0 D.
 Elastic phase shift   1 =    0.000  -0.000 deg. for the L =   55, J =   55.5 channel.
0****** WARNING : ACCURACY LOSS IN ERWIN = 15.1 DIGITS, SO EXPECT ERRORS OF   0.0000 % OF UNITARITY

      55.5  1.00000000  0.00000000i: elastic S-matrix  @@      0.02  0   0 F  0
 Reaction Xsec    55.5-/55 @ 1 =  -0.000#, Out:   0.000#   0.000#  -0.000f


 Total SPIN, PARITY =    56.5 +,      4 chs,      0 cc.  Rmin & Coul turning =    4.5   35.9
   S-matrix    1 =    1.00000   0.00000 for L=   56, J=   56.5 channel on core I =   0.0 from L=   56,  Acc. loss =  0.0 D.
 Elastic phase shift   1 =    0.000   0.000 deg. for the L =   56, J =   56.5 channel.
0****** WARNING : ACCURACY LOSS IN ERWIN = 14.8 DIGITS, SO EXPECT ERRORS OF   0.0000 % OF UNITARITY

      56.5  1.00000000  0.00000000i: elastic S-matrix  @@      0.00  0   0 F  0
 Reaction Xsec    56.5+/56 @ 1 =   0.000#, Out:   0.000#   0.000#  -0.000f


 Total SPIN, PARITY =    56.5 -,      4 chs,      0 cc.  Rmin & Coul turning =    4.5   35.9
   S-matrix    1 =    1.00000   0.00000 for L=   57, J=   56.5 channel on core I =   0.0 from L=   57,  Acc. loss =  0.0 D.
 Elastic phase shift   1 =    0.000   0.000 deg. for the L =   57, J =   56.5 channel.
0****** WARNING : ACCURACY LOSS IN ERWIN = 14.9 DIGITS, SO EXPECT ERRORS OF   0.0000 % OF UNITARITY

      56.5  1.00000000  0.00000000i: elastic S-matrix  @@      0.00  0   0 F  0
 Reaction Xsec    56.5-/57 @ 1 =   0.000#, Out:   0.000#   0.000#  -0.000f


 Total SPIN, PARITY =    57.5 +,      4 chs,      0 cc.  Rmin & Coul turning =    4.5   36.5
   S-matrix    1 =    1.00000   0.00000 for L=   58, J=   57.5 channel on core I =   0.0 from L=   58,  Acc. loss =  0.0 D.
 Elastic phase shift   1 =    0.000  -0.000 deg. for the L =   58, J =   57.5 channel.
0****** WARNING : ACCURACY LOSS IN ERWIN = 15.5 DIGITS, SO EXPECT ERRORS OF   0.0000 % OF UNITARITY

      57.5  1.00000000  0.00000000i: elastic S-matrix  @@      0.00  0   0 F  0
 Reaction Xsec    57.5+/58 @ 1 =  -0.000#, Out:   0.000#   0.000#  -0.000f


 Total SPIN, PARITY =    57.5 -,      4 chs,      0 cc.  Rmin & Coul turning =    4.5   36.5
   S-matrix    1 =    1.00000   0.00000 for L=   57, J=   57.5 channel on core I =   0.0 from L=   57,  Acc. loss =  0.0 D.
 Elastic phase shift   1 =    0.000   0.000 deg. for the L =   57, J =   57.5 channel.
0****** WARNING : ACCURACY LOSS IN ERWIN = 15.1 DIGITS, SO EXPECT ERRORS OF   0.0000 % OF UNITARITY

      57.5  1.00000000  0.00000000i: elastic S-matrix  @@      0.00  0   0 F  0
 Reaction Xsec    57.5-/57 @ 1 =   0.000#, Out:   0.000#   0.000#  -0.000f


 Total SPIN, PARITY =    58.5 +,      4 chs,      0 cc.  Rmin & Coul turning =    4.6   37.1
   S-matrix    1 =    1.00000   0.00000 for L=   58, J=   58.5 channel on core I =   0.0 from L=   58,  Acc. loss =  0.0 D.
 Elastic phase shift   1 =    0.000   0.000 deg. for the L =   58, J =   58.5 channel.
0****** WARNING : ACCURACY LOSS IN ERWIN = 15.5 DIGITS, SO EXPECT ERRORS OF   0.0000 % OF UNITARITY

      58.5  1.00000000  0.00000000i: elastic S-matrix  @@      0.00  0   0 F  0
 Reaction Xsec    58.5+/58 @ 1 =   0.000#, Out:   0.000#   0.000#  -0.000f


 Total SPIN, PARITY =    58.5 -,      4 chs,      0 cc.  Rmin & Coul turning =    4.6   37.1
   S-matrix    1 =    1.00000   0.00000 for L=   59, J=   58.5 channel on core I =   0.0 from L=   59,  Acc. loss =  0.0 D.
 Elastic phase shift   1 =    0.000  -0.000 deg. for the L =   59, J =   58.5 channel.
0****** WARNING : ACCURACY LOSS IN ERWIN = 15.3 DIGITS, SO EXPECT ERRORS OF   0.0000 % OF UNITARITY

      58.5  1.00000000  0.00000000i: elastic S-matrix  @@      0.02  0   0 F  0
 Reaction Xsec    58.5-/59 @ 1 =  -0.000#, Out:   0.000#   0.000#  -0.000f


 Total SPIN, PARITY =    59.5 +,      4 chs,      0 cc.  Rmin & Coul turning =    4.7   37.8
   S-matrix    1 =    1.00000   0.00000 for L=   60, J=   59.5 channel on core I =   0.0 from L=   60,  Acc. loss =  0.0 D.
 Elastic phase shift   1 =    0.000  -0.000 deg. for the L =   60, J =   59.5 channel.
0****** WARNING : ACCURACY LOSS IN ERWIN = 15.2 DIGITS, SO EXPECT ERRORS OF   0.0000 % OF UNITARITY

      59.5  1.00000000  0.00000000i: elastic S-matrix  @@      0.00  0   0 F  0
 Reaction Xsec    59.5+/60 @ 1 =  -0.000#, Out:   0.000#   0.000#  -0.000f


 Total SPIN, PARITY =    59.5 -,      4 chs,      0 cc.  Rmin & Coul turning =    4.7   37.8
   S-matrix    1 =    1.00000   0.00000 for L=   59, J=   59.5 channel on core I =   0.0 from L=   59,  Acc. loss =  0.0 D.
 Elastic phase shift   1 =    0.000   0.000 deg. for the L =   59, J =   59.5 channel.
0****** WARNING : ACCURACY LOSS IN ERWIN = 16.2 DIGITS, SO EXPECT ERRORS OF   0.0000 % OF UNITARITY

      59.5  1.00000000  0.00000000i: elastic S-matrix  @@      0.00  0   0 F  0
 Reaction Xsec    59.5-/59 @ 1 =   0.000#, Out:   0.000#   0.000#  -0.000f


 Total SPIN, PARITY =    60.5 +,      4 chs,      0 cc.  Rmin & Coul turning =    4.8   38.4
   S-matrix    1 =    1.00000   0.00000 for L=   60, J=   60.5 channel on core I =   0.0 from L=   60,  Acc. loss =  0.0 D.
 Elastic phase shift   1 =    0.000   0.000 deg. for the L =   60, J =   60.5 channel.
0****** WARNING : ACCURACY LOSS IN ERWIN = 15.1 DIGITS, SO EXPECT ERRORS OF   0.0000 % OF UNITARITY

      60.5  1.00000000  0.00000000i: elastic S-matrix  @@      0.00  0   0 F  0
 Reaction Xsec    60.5+/60 @ 1 =   0.000#, Out:   0.000#   0.000#  -0.000f


 Total SPIN, PARITY =    60.5 -,      4 chs,      0 cc.  Rmin & Coul turning =    4.8   38.4
   S-matrix    1 =    1.00000   0.00000 for L=   61, J=   60.5 channel on core I =   0.0 from L=   61,  Acc. loss =  0.0 D.
 Elastic phase shift   1 =    0.000  -0.000 deg. for the L =   61, J =   60.5 channel.
0****** WARNING : ACCURACY LOSS IN ERWIN = 15.7 DIGITS, SO EXPECT ERRORS OF   0.0000 % OF UNITARITY

      60.5  1.00000000  0.00000000i: elastic S-matrix  @@      0.00  0   0 F  0
 Reaction Xsec    60.5-/61 @ 1 =  -0.000#, Out:   0.000#   0.000#  -0.000f


 Total SPIN, PARITY =    61.5 +,      4 chs,      0 cc.  Rmin & Coul turning =    4.9   39.0
   S-matrix    1 =    1.00000   0.00000 for L=   62, J=   61.5 channel on core I =   0.0 from L=   62,  Acc. loss =  0.0 D.
 Elastic phase shift   1 =    0.000   0.000 deg. for the L =   62, J =   61.5 channel.
0****** WARNING : ACCURACY LOSS IN ERWIN = 14.8 DIGITS, SO EXPECT ERRORS OF   0.0000 % OF UNITARITY

      61.5  1.00000000  0.00000000i: elastic S-matrix  @@      0.00  0   0 F  0
 Reaction Xsec    61.5+/62 @ 1 =   0.000#, Out:   0.000#   0.000#  -0.000f


 Total SPIN, PARITY =    61.5 -,      4 chs,      0 cc.  Rmin & Coul turning =    4.9   39.0
   S-matrix    1 =    1.00000   0.00000 for L=   61, J=   61.5 channel on core I =   0.0 from L=   61,  Acc. loss =  0.0 D.
 Elastic phase shift   1 =    0.000   0.000 deg. for the L =   61, J =   61.5 channel.
0****** WARNING : ACCURACY LOSS IN ERWIN = 15.8 DIGITS, SO EXPECT ERRORS OF   0.0000 % OF UNITARITY

      61.5  1.00000000  0.00000000i: elastic S-matrix  @@      0.00  0   0 F  0
 Reaction Xsec    61.5-/61 @ 1 =   0.000#, Out:   0.000#   0.000#  -0.000f


 Total SPIN, PARITY =    62.5 +,      4 chs,      0 cc.  Rmin & Coul turning =    5.0   39.7
   S-matrix    1 =    1.00000   0.00000 for L=   62, J=   62.5 channel on core I =   0.0 from L=   62,  Acc. loss =  0.0 D.
 Elastic phase shift   1 =    0.000   0.000 deg. for the L =   62, J =   62.5 channel.
0****** WARNING : ACCURACY LOSS IN ERWIN = 14.5 DIGITS, SO EXPECT ERRORS OF   0.0000 % OF UNITARITY

      62.5  1.00000000  0.00000000i: elastic S-matrix  @@      0.02  0   0 F  0
 Reaction Xsec    62.5+/62 @ 1 =   0.000#, Out:   0.000#   0.000#   0.000f


 Total SPIN, PARITY =    62.5 -,      4 chs,      0 cc.  Rmin & Coul turning =    5.0   39.7
   S-matrix    1 =    1.00000   0.00000 for L=   63, J=   62.5 channel on core I =   0.0 from L=   63,  Acc. loss =  0.0 D.
 Elastic phase shift   1 =    0.000  -0.000 deg. for the L =   63, J =   62.5 channel.
0****** WARNING : ACCURACY LOSS IN ERWIN = 15.2 DIGITS, SO EXPECT ERRORS OF   0.0000 % OF UNITARITY

      62.5  1.00000000  0.00000000i: elastic S-matrix  @@      0.00  0   0 F  0
 Reaction Xsec    62.5-/63 @ 1 =  -0.000#, Out:   0.000#   0.000#  -0.000f


 Total SPIN, PARITY =    63.5 +,      4 chs,      0 cc.  Rmin & Coul turning =    5.0   40.3
   S-matrix    1 =    1.00000   0.00000 for L=   64, J=   63.5 channel on core I =   0.0 from L=   64,  Acc. loss =  0.0 D.
 Elastic phase shift   1 =    0.000   0.000 deg. for the L =   64, J =   63.5 channel.
      63.5  1.00000000  0.00000000i: elastic S-matrix  @@      0.00  0   0 F  0
 Reaction Xsec    63.5+/64 @ 1 =   0.000#, Out:   0.000#   0.000#   0.000f


 Total SPIN, PARITY =    63.5 -,      4 chs,      0 cc.  Rmin & Coul turning =    5.0   40.3
   S-matrix    1 =    1.00000   0.00000 for L=   63, J=   63.5 channel on core I =   0.0 from L=   63,  Acc. loss =  0.0 D.
 Elastic phase shift   1 =    0.000   0.000 deg. for the L =   63, J =   63.5 channel.
      63.5  1.00000000  0.00000000i: elastic S-matrix  @@      0.00  0   0 F  0
 Reaction Xsec    63.5-/63 @ 1 =   0.000#, Out:   0.000#   0.000#   0.000f


 Total SPIN, PARITY =    64.5 +,      4 chs,      0 cc.  Rmin & Coul turning =    5.1   40.9
   S-matrix    1 =    1.00000   0.00000 for L=   64, J=   64.5 channel on core I =   0.0 from L=   64,  Acc. loss =  0.0 D.
 Elastic phase shift   1 =    0.000   0.000 deg. for the L =   64, J =   64.5 channel.
      64.5  1.00000000  0.00000000i: elastic S-matrix  @@      0.00  0   0 F  0
 Reaction Xsec    64.5+/64 @ 1 =   0.000#, Out:   0.000#   0.000#  -0.000f


 Total SPIN, PARITY =    64.5 -,      4 chs,      0 cc.  Rmin & Coul turning =    5.1   40.9
   S-matrix    1 =    1.00000   0.00000 for L=   65, J=   64.5 channel on core I =   0.0 from L=   65,  Acc. loss =  0.0 D.
 Elastic phase shift   1 =    0.000   0.000 deg. for the L =   65, J =   64.5 channel.
      64.5  1.00000000  0.00000000i: elastic S-matrix  @@      0.00  0   0 F  0
 Reaction Xsec    64.5-/65 @ 1 =   0.000#, Out:   0.000#   0.000#  -0.000f


 Total SPIN, PARITY =    65.5 +,      4 chs,      0 cc.  Rmin & Coul turning =    5.2   41.6
   S-matrix    1 =    1.00000   0.00000 for L=   66, J=   65.5 channel on core I =   0.0 from L=   66,  Acc. loss =  0.0 D.
 Elastic phase shift   1 =    0.000   0.000 deg. for the L =   66, J =   65.5 channel.
      65.5  1.00000000  0.00000000i: elastic S-matrix  @@      0.02  0   0 F  0
 Reaction Xsec    65.5+/66 @ 1 =   0.000#, Out:   0.000#   0.000#  -0.000f


 Total SPIN, PARITY =    65.5 -,      4 chs,      0 cc.  Rmin & Coul turning =    5.2   41.6
   S-matrix    1 =    1.00000   0.00000 for L=   65, J=   65.5 channel on core I =   0.0 from L=   65,  Acc. loss =  0.0 D.
 Elastic phase shift   1 =    0.000   0.000 deg. for the L =   65, J =   65.5 channel.
      65.5  1.00000000  0.00000000i: elastic S-matrix  @@      0.00  0   0 F  0
 Reaction Xsec    65.5-/65 @ 1 =   0.000#, Out:   0.000#   0.000#  -0.000f


 Total SPIN, PARITY =    66.5 +,      4 chs,      0 cc.  Rmin & Coul turning =    5.2   42.2
   S-matrix    1 =    1.00000   0.00000 for L=   66, J=   66.5 channel on core I =   0.0 from L=   66,  Acc. loss =  0.0 D.
 Elastic phase shift   1 =    0.000   0.000 deg. for the L =   66, J =   66.5 channel.
      66.5  1.00000000  0.00000000i: elastic S-matrix  @@      0.00  0   0 F  0
 Reaction Xsec    66.5+/66 @ 1 =   0.000#, Out:   0.000#   0.000#  -0.000f


 Total SPIN, PARITY =    66.5 -,      4 chs,      0 cc.  Rmin & Coul turning =    5.2   42.2
   S-matrix    1 =    1.00000   0.00000 for L=   67, J=   66.5 channel on core I =   0.0 from L=   67,  Acc. loss =  0.0 D.
 Elastic phase shift   1 =    0.000   0.000 deg. for the L =   67, J =   66.5 channel.
      66.5  1.00000000  0.00000000i: elastic S-matrix  @@      0.00  0   0 F  0
 Reaction Xsec    66.5-/67 @ 1 =   0.000#, Out:   0.000#   0.000#   0.000f


 Total SPIN, PARITY =    67.5 +,      4 chs,      0 cc.  Rmin & Coul turning =    5.4   42.8
   S-matrix    1 =    1.00000   0.00000 for L=   68, J=   67.5 channel on core I =   0.0 from L=   68,  Acc. loss =  0.0 D.
 Elastic phase shift   1 =    0.000   0.000 deg. for the L =   68, J =   67.5 channel.
      67.5  1.00000000  0.00000000i: elastic S-matrix  @@      0.00  0   0 F  0
 Reaction Xsec    67.5+/68 @ 1 =   0.000#, Out:   0.000#   0.000#  -0.000f


 Total SPIN, PARITY =    67.5 -,      4 chs,      0 cc.  Rmin & Coul turning =    5.4   42.8
   S-matrix    1 =    1.00000   0.00000 for L=   67, J=   67.5 channel on core I =   0.0 from L=   67,  Acc. loss =  0.0 D.
 Elastic phase shift   1 =    0.000   0.000 deg. for the L =   67, J =   67.5 channel.
      67.5  1.00000000  0.00000000i: elastic S-matrix  @@      0.00  0   0 F  0
 Reaction Xsec    67.5-/67 @ 1 =   0.000#, Out:   0.000#   0.000#  -0.000f


 Total SPIN, PARITY =    68.5 +,      4 chs,      0 cc.  Rmin & Coul turning =    5.4   43.5
   S-matrix    1 =    1.00000  -0.00000 for L=   68, J=   68.5 channel on core I =   0.0 from L=   68,  Acc. loss =  0.0 D.
 Elastic phase shift   1 =   -0.000   0.000 deg. for the L =   68, J =   68.5 channel.
      68.5  1.00000000 -0.00000000i: elastic S-matrix  @@      0.00  0   0 F  0
 Reaction Xsec    68.5+/68 @ 1 =   0.000#, Out:   0.000#   0.000#  -0.000f


 Total SPIN, PARITY =    68.5 -,      4 chs,      0 cc.  Rmin & Coul turning =    5.4   43.5
   S-matrix    1 =    1.00000   0.00000 for L=   69, J=   68.5 channel on core I =   0.0 from L=   69,  Acc. loss =  0.0 D.
 Elastic phase shift   1 =    0.000   0.000 deg. for the L =   69, J =   68.5 channel.
      68.5  1.00000000  0.00000000i: elastic S-matrix  @@      0.02  0   0 F  0
 Reaction Xsec    68.5-/69 @ 1 =   0.000#, Out:   0.000#   0.000#   0.000f


 Total SPIN, PARITY =    69.5 +,      4 chs,      0 cc.  Rmin & Coul turning =    5.5   44.1
   S-matrix    1 =    1.00000   0.00000 for L=   70, J=   69.5 channel on core I =   0.0 from L=   70,  Acc. loss =  0.0 D.
 Elastic phase shift   1 =    0.000   0.000 deg. for the L =   70, J =   69.5 channel.
      69.5  1.00000000  0.00000000i: elastic S-matrix  @@      0.00  0   0 F  0
 Reaction Xsec    69.5+/70 @ 1 =   0.000#, Out:   0.000#   0.000#  -0.000f


 Total SPIN, PARITY =    69.5 -,      4 chs,      0 cc.  Rmin & Coul turning =    5.5   44.1
   S-matrix    1 =    1.00000   0.00000 for L=   69, J=   69.5 channel on core I =   0.0 from L=   69,  Acc. loss =  0.0 D.
 Elastic phase shift   1 =    0.000   0.000 deg. for the L =   69, J =   69.5 channel.
      69.5  1.00000000  0.00000000i: elastic S-matrix  @@      0.00  0   0 F  0
 Reaction Xsec    69.5-/69 @ 1 =   0.000#, Out:   0.000#   0.000#  -0.000f


 Total SPIN, PARITY =    70.5 +,      4 chs,      0 cc.  Rmin & Coul turning =    5.6   44.7
   S-matrix    1 =    1.00000   0.00000 for L=   70, J=   70.5 channel on core I =   0.0 from L=   70,  Acc. loss =  0.0 D.
 Elastic phase shift   1 =    0.000   0.000 deg. for the L =   70, J =   70.5 channel.
      70.5  1.00000000  0.00000000i: elastic S-matrix  @@      0.00  0   0 F  0
 Reaction Xsec    70.5+/70 @ 1 =   0.000#, Out:   0.000#   0.000#  -0.000f


 Total SPIN, PARITY =    70.5 -,      4 chs,      0 cc.  Rmin & Coul turning =    5.6   44.7
   S-matrix    1 =    1.00000   0.00000 for L=   71, J=   70.5 channel on core I =   0.0 from L=   71,  Acc. loss =  0.0 D.
 Elastic phase shift   1 =    0.000   0.000 deg. for the L =   71, J =   70.5 channel.
      70.5  1.00000000  0.00000000i: elastic S-matrix  @@      0.00  0   0 F  0
 Reaction Xsec    70.5-/71 @ 1 =   0.000#, Out:   0.000#   0.000#  -0.000f


 Total SPIN, PARITY =    71.5 +,      4 chs,      0 cc.  Rmin & Coul turning =    5.7   45.4
   S-matrix    1 =    1.00000   0.00000 for L=   72, J=   71.5 channel on core I =   0.0 from L=   72,  Acc. loss =  0.0 D.
 Elastic phase shift   1 =    0.000   0.000 deg. for the L =   72, J =   71.5 channel.
      71.5  1.00000000  0.00000000i: elastic S-matrix  @@      0.00  0   0 F  0
 Reaction Xsec    71.5+/72 @ 1 =   0.000#, Out:   0.000#   0.000#  -0.000f


 Total SPIN, PARITY =    71.5 -,      4 chs,      0 cc.  Rmin & Coul turning =    5.7   45.4
   S-matrix    1 =    1.00000   0.00000 for L=   71, J=   71.5 channel on core I =   0.0 from L=   71,  Acc. loss =  0.0 D.
 Elastic phase shift   1 =    0.000   0.000 deg. for the L =   71, J =   71.5 channel.
      71.5  1.00000000  0.00000000i: elastic S-matrix  @@      0.00  0   0 F  0
 Reaction Xsec    71.5-/71 @ 1 =   0.000#, Out:   0.000#   0.000#  -0.000f


 Total SPIN, PARITY =    72.5 +,      4 chs,      0 cc.  Rmin & Coul turning =    5.8   46.0
   S-matrix    1 =    1.00000  -0.00000 for L=   72, J=   72.5 channel on core I =   0.0 from L=   72,  Acc. loss =  0.0 D.
 Elastic phase shift   1 =   -0.000   0.000 deg. for the L =   72, J =   72.5 channel.
      72.5  1.00000000 -0.00000000i: elastic S-matrix  @@      0.02  0   0 F  0
 Reaction Xsec    72.5+/72 @ 1 =   0.000#, Out:   0.000#   0.000#  -0.000f


 Total SPIN, PARITY =    72.5 -,      4 chs,      0 cc.  Rmin & Coul turning =    5.8   46.0
   S-matrix    1 =    1.00000  -0.00000 for L=   73, J=   72.5 channel on core I =   0.0 from L=   73,  Acc. loss =  0.0 D.
 Elastic phase shift   1 =   -0.000   0.000 deg. for the L =   73, J =   72.5 channel.
      72.5  1.00000000 -0.00000000i: elastic S-matrix  @@      0.00  0   0 F  0
 Reaction Xsec    72.5-/73 @ 1 =   0.000#, Out:   0.000#   0.000#  -0.000f


 Total SPIN, PARITY =    73.5 +,      4 chs,      0 cc.  Rmin & Coul turning =    5.8   46.6
   S-matrix    1 =    1.00000  -0.00000 for L=   74, J=   73.5 channel on core I =   0.0 from L=   74,  Acc. loss =  0.0 D.
 Elastic phase shift   1 =   -0.000   0.000 deg. for the L =   74, J =   73.5 channel.
      73.5  1.00000000 -0.00000000i: elastic S-matrix  @@      0.00  0   0 F  0
 Reaction Xsec    73.5+/74 @ 1 =   0.000#, Out:   0.000#   0.000#  -0.000f


 Total SPIN, PARITY =    73.5 -,      4 chs,      0 cc.  Rmin & Coul turning =    5.8   46.6
   S-matrix    1 =    1.00000   0.00000 for L=   73, J=   73.5 channel on core I =   0.0 from L=   73,  Acc. loss =  0.0 D.
 Elastic phase shift   1 =    0.000   0.000 deg. for the L =   73, J =   73.5 channel.
      73.5  1.00000000  0.00000000i: elastic S-matrix  @@      0.00  0   0 F  0
 Reaction Xsec    73.5-/73 @ 1 =   0.000#, Out:   0.000#   0.000#  -0.000f


 Total SPIN, PARITY =    74.5 +,      4 chs,      0 cc.  Rmin & Coul turning =    5.9   47.3
   S-matrix    1 =    1.00000   0.00000 for L=   74, J=   74.5 channel on core I =   0.0 from L=   74,  Acc. loss =  0.0 D.
 Elastic phase shift   1 =    0.000   0.000 deg. for the L =   74, J =   74.5 channel.
      74.5  1.00000000  0.00000000i: elastic S-matrix  @@      0.00  0   0 F  0
 Reaction Xsec    74.5+/74 @ 1 =   0.000#, Out:   0.000#   0.000#  -0.000f


 Total SPIN, PARITY =    74.5 -,      4 chs,      0 cc.  Rmin & Coul turning =    5.9   47.3
   S-matrix    1 =    1.00000  -0.00000 for L=   75, J=   74.5 channel on core I =   0.0 from L=   75,  Acc. loss =  0.0 D.
 Elastic phase shift   1 =   -0.000   0.000 deg. for the L =   75, J =   74.5 channel.
      74.5  1.00000000 -0.00000000i: elastic S-matrix  @@      0.00  0   0 F  0
 Reaction Xsec    74.5-/75 @ 1 =   0.000#, Out:   0.000#   0.000#  -0.000f


 Total SPIN, PARITY =    75.5 +,      4 chs,      0 cc.  Rmin & Coul turning =    6.0   47.9
   S-matrix    1 =    1.00000   0.00000 for L=   76, J=   75.5 channel on core I =   0.0 from L=   76,  Acc. loss =  0.0 D.
 Elastic phase shift   1 =    0.000   0.000 deg. for the L =   76, J =   75.5 channel.
      75.5  1.00000000  0.00000000i: elastic S-matrix  @@      0.02  0   0 F  0
 Reaction Xsec    75.5+/76 @ 1 =   0.000#, Out:   0.000#   0.000#  -0.000f


 Total SPIN, PARITY =    75.5 -,      4 chs,      0 cc.  Rmin & Coul turning =    6.0   47.9
   S-matrix    1 =    1.00000   0.00000 for L=   75, J=   75.5 channel on core I =   0.0 from L=   75,  Acc. loss =  0.0 D.
 Elastic phase shift   1 =    0.000   0.000 deg. for the L =   75, J =   75.5 channel.
      75.5  1.00000000  0.00000000i: elastic S-matrix  @@      0.00  0   0 F  0
 Reaction Xsec    75.5-/75 @ 1 =   0.000#, Out:   0.000#   0.000#  -0.000f


 Total SPIN, PARITY =    76.5 +,      4 chs,      0 cc.  Rmin & Coul turning =    6.1   48.5
   S-matrix    1 =    1.00000   0.00000 for L=   76, J=   76.5 channel on core I =   0.0 from L=   76,  Acc. loss =  0.0 D.
 Elastic phase shift   1 =    0.000   0.000 deg. for the L =   76, J =   76.5 channel.
      76.5  1.00000000  0.00000000i: elastic S-matrix  @@      0.00  0   0 F  0
 Reaction Xsec    76.5+/76 @ 1 =   0.000#, Out:   0.000#   0.000#  -0.000f


 Total SPIN, PARITY =    76.5 -,      4 chs,      0 cc.  Rmin & Coul turning =    6.1   48.5
   S-matrix    1 =    1.00000   0.00000 for L=   77, J=   76.5 channel on core I =   0.0 from L=   77,  Acc. loss =  0.0 D.
 Elastic phase shift   1 =    0.000   0.000 deg. for the L =   77, J =   76.5 channel.
      76.5  1.00000000  0.00000000i: elastic S-matrix  @@      0.00  0   0 F  0
 Reaction Xsec    76.5-/77 @ 1 =   0.000#, Out:   0.000#   0.000#  -0.000f


 Total SPIN, PARITY =    77.5 +,      4 chs,      0 cc.  Rmin & Coul turning =    6.2   49.2
   S-matrix    1 =    1.00000  -0.00000 for L=   78, J=   77.5 channel on core I =   0.0 from L=   78,  Acc. loss =  0.0 D.
 Elastic phase shift   1 =   -0.000   0.000 deg. for the L =   78, J =   77.5 channel.
      77.5  1.00000000 -0.00000000i: elastic S-matrix  @@      0.00  0   0 F  0
 Reaction Xsec    77.5+/78 @ 1 =   0.000#, Out:   0.000#   0.000#   0.000f


 Total SPIN, PARITY =    77.5 -,      4 chs,      0 cc.  Rmin & Coul turning =    6.2   49.2
   S-matrix    1 =    1.00000   0.00000 for L=   77, J=   77.5 channel on core I =   0.0 from L=   77,  Acc. loss =  0.0 D.
 Elastic phase shift   1 =    0.000   0.000 deg. for the L =   77, J =   77.5 channel.
      77.5  1.00000000  0.00000000i: elastic S-matrix  @@      0.00  0   0 F  0
 Reaction Xsec    77.5-/77 @ 1 =   0.000#, Out:   0.000#   0.000#  -0.000f


 Total SPIN, PARITY =    78.5 +,      4 chs,      0 cc.  Rmin & Coul turning =    6.2   49.8
   S-matrix    1 =    1.00000  -0.00000 for L=   78, J=   78.5 channel on core I =   0.0 from L=   78,  Acc. loss =  0.0 D.
 Elastic phase shift   1 =   -0.000   0.000 deg. for the L =   78, J =   78.5 channel.
      78.5  1.00000000 -0.00000000i: elastic S-matrix  @@      0.00  0   0 F  0
 Reaction Xsec    78.5+/78 @ 1 =   0.000#, Out:   0.000#   0.000#   0.000f


 Total SPIN, PARITY =    78.5 -,      4 chs,      0 cc.  Rmin & Coul turning =    6.2   49.8
   S-matrix    1 =    1.00000  -0.00000 for L=   79, J=   78.5 channel on core I =   0.0 from L=   79,  Acc. loss =  0.0 D.
 Elastic phase shift   1 =   -0.000   0.000 deg. for the L =   79, J =   78.5 channel.
      78.5  1.00000000 -0.00000000i: elastic S-matrix  @@      0.02  0   0 F  0
 Reaction Xsec    78.5-/79 @ 1 =   0.000#, Out:   0.000#   0.000#   0.000f


 Total SPIN, PARITY =    79.5 +,      4 chs,      0 cc.  Rmin & Coul turning =    6.3   50.4
   S-matrix    1 =    1.00000  -0.00000 for L=   80, J=   79.5 channel on core I =   0.0 from L=   80,  Acc. loss =  0.0 D.
 Elastic phase shift   1 =   -0.000   0.000 deg. for the L =   80, J =   79.5 channel.
      79.5  1.00000000 -0.00000000i: elastic S-matrix  @@      0.00  0   0 F  0
 Reaction Xsec    79.5+/80 @ 1 =   0.000#, Out:   0.000#   0.000#   0.000f


 Total SPIN, PARITY =    79.5 -,      4 chs,      0 cc.  Rmin & Coul turning =    6.3   50.4
   S-matrix    1 =    1.00000  -0.00000 for L=   79, J=   79.5 channel on core I =   0.0 from L=   79,  Acc. loss =  0.0 D.
 Elastic phase shift   1 =   -0.000   0.000 deg. for the L =   79, J =   79.5 channel.
      79.5  1.00000000 -0.00000000i: elastic S-matrix  @@      0.00  0   0 F  0
 Reaction Xsec    79.5-/79 @ 1 =   0.000#, Out:   0.000#   0.000#   0.000f


 Total SPIN, PARITY =    80.5 +,      4 chs,      0 cc.  Rmin & Coul turning =    6.4   51.1
   S-matrix    1 =    1.00000  -0.00000 for L=   80, J=   80.5 channel on core I =   0.0 from L=   80,  Acc. loss =  0.0 D.
 Elastic phase shift   1 =   -0.000   0.000 deg. for the L =   80, J =   80.5 channel.
      80.5  1.00000000 -0.00000000i: elastic S-matrix  @@      0.00  0   0 F  0
 Reaction Xsec    80.5+/80 @ 1 =   0.000#, Out:   0.000#   0.000#   0.000f


 Total SPIN, PARITY =    80.5 -,      4 chs,      0 cc.  Rmin & Coul turning =    6.4   51.1
   S-matrix    1 =    1.00000  -0.00000 for L=   81, J=   80.5 channel on core I =   0.0 from L=   81,  Acc. loss =  0.0 D.
 Elastic phase shift   1 =   -0.000   0.000 deg. for the L =   81, J =   80.5 channel.
      80.5  1.00000000 -0.00000000i: elastic S-matrix  @@      0.00  0   0 F  0
 Reaction Xsec    80.5-/81 @ 1 =   0.000#, Out:   0.000#   0.000#   0.000f

 Finished all CC sets @   0.484375000    
0CUMULATIVE REACTION cross section                 =  350.93879  <L> =     4.68  <L**2> =     25.6
0CUMULATIVE outgoing cross sections in partition 1 :    0.00000
0CUMULATIVE outgoing cross sections in partition 2 :    0.21327
0Cumulative ABSORBTION by Imaginary Potentials     =  350.72553  <L> =     4.69  <L**2> =     25.6
   Fusion for specific p        M-states :  350.725527  350.725527
0CUMULATIVE OUTGOING cross section                 =    0.21327
 To convert to S-factors (MeV.mb = keV.b),  multiply by  7.9718E+01


 CROSS SECTIONS FOR OUTGOING p        & 4He      in state #   1 with spins & parities 0.5  + &  0.0  +;  0

     0.01 deg.: X-S =   2.1179E+13 mb/sr,
+                                         /R =   9.9998E-01
     1.00 deg.: X-S =   1.8667E+05 mb/sr,
+                                         /R =   8.8130E-01
     2.00 deg.: X-S =  9561.345150 mb/sr,
+                                         /R =   7.2215E-01
     3.00 deg.: X-S =  2640.015016 mb/sr,
+                                         /R =   1.0092E+00
     4.00 deg.: X-S =  2054.212722 mb/sr,
+                                         /R =   2.4809E+00
     5.00 deg.: X-S =  2058.717327 mb/sr,
+                                         /R =   6.0674E+00
     6.00 deg.: X-S =  2096.707003 mb/sr,
+                                         /R =   1.2806E+01
     7.00 deg.: X-S =  2099.934510 mb/sr,
+                                         /R =   2.3746E+01
     8.00 deg.: X-S =  2067.022512 mb/sr,
+                                         /R =   3.9845E+01
     9.00 deg.: X-S =  2005.536039 mb/sr,
+                                         /R =   6.1872E+01
    10.00 deg.: X-S =  1922.759987 mb/sr,
+                                         /R =   9.0323E+01
    11.00 deg.: X-S =  1824.546581 mb/sr,
+                                         /R =   1.2535E+02
    12.00 deg.: X-S =  1715.515286 mb/sr,
+                                         /R =   1.6673E+02
    13.00 deg.: X-S =  1599.375729 mb/sr,
+                                         /R =   2.1383E+02
    14.00 deg.: X-S =  1479.171335 mb/sr,
+                                         /R =   2.6563E+02
    15.00 deg.: X-S =  1357.438678 mb/sr,
+                                         /R =   3.2077E+02
    16.00 deg.: X-S =  1236.307332 mb/sr,
+                                         /R =   3.7760E+02
    17.00 deg.: X-S =  1117.562307 mb/sr,
+                                         /R =   4.3428E+02
    18.00 deg.: X-S =  1002.684369 mb/sr,
+                                         /R =   4.8886E+02
    19.00 deg.: X-S =   892.878067 mb/sr,
+                                         /R =   5.3941E+02
    20.00 deg.: X-S =   789.093519 mb/sr,
+                                         /R =   5.8411E+02
    21.00 deg.: X-S =   692.045594 mb/sr,
+                                         /R =   6.2138E+02
    22.00 deg.: X-S =   602.232538 mb/sr,
+                                         /R =   6.4990E+02
    23.00 deg.: X-S =   519.955096 mb/sr,
+                                         /R =   6.6877E+02
    24.00 deg.: X-S =   445.336520 mb/sr,
+                                         /R =   6.7747E+02
    25.00 deg.: X-S =   378.343452 mb/sr,
+                                         /R =   6.7596E+02
    26.00 deg.: X-S =   318.807443 mb/sr,
+                                         /R =   6.6461E+02
    27.00 deg.: X-S =   266.446697 mb/sr,
+                                         /R =   6.4423E+02
    28.00 deg.: X-S =   220.887597 mb/sr,
+                                         /R =   6.1597E+02
    29.00 deg.: X-S =   181.685563 mb/sr,
+                                         /R =   5.8131E+02
    30.00 deg.: X-S =   148.344811 mb/sr,
+                                         /R =   5.4193E+02
    31.00 deg.: X-S =   120.336658 mb/sr,
+                                         /R =   4.9967E+02
    32.00 deg.: X-S =    97.116075 mb/sr,
+                                         /R =   4.5638E+02
    33.00 deg.: X-S =    78.136297 mb/sr,
+                                         /R =   4.1391E+02
    34.00 deg.: X-S =    62.861340 mb/sr,
+                                         /R =   3.7395E+02
    35.00 deg.: X-S =    50.776393 mb/sr,
+                                         /R =   3.3800E+02
    36.00 deg.: X-S =    41.396097 mb/sr,
+                                         /R =   3.0731E+02
    37.00 deg.: X-S =    34.270786 mb/sr,
+                                         /R =   2.8282E+02
    38.00 deg.: X-S =    28.990833 mb/sr,
+                                         /R =   2.6516E+02
    39.00 deg.: X-S =    25.189260 mb/sr,
+                                         /R =   2.5461E+02
    40.00 deg.: X-S =    22.542813 mb/sr,
+                                         /R =   2.5113E+02
    41.00 deg.: X-S =    20.771718 mb/sr,
+                                         /R =   2.5437E+02
    42.00 deg.: X-S =    19.638337 mb/sr,
+                                         /R =   2.6370E+02
    43.00 deg.: X-S =    18.944940 mb/sr,
+                                         /R =   2.7828E+02
    44.00 deg.: X-S =    18.530810 mb/sr,
+                                         /R =   2.9709E+02
    45.00 deg.: X-S =    18.268874 mb/sr,
+                                         /R =   3.1898E+02
    46.00 deg.: X-S =    18.062044 mb/sr,
+                                         /R =   3.4274E+02
    47.00 deg.: X-S =    17.839415 mb/sr,
+                                         /R =   3.6717E+02
    48.00 deg.: X-S =    17.552468 mb/sr,
+                                         /R =   3.9109E+02
    49.00 deg.: X-S =    17.171382 mb/sr,
+                                         /R =   4.1343E+02
    50.00 deg.: X-S =    16.681540 mb/sr,
+                                         /R =   4.3323E+02
    51.00 deg.: X-S =    16.080307 mb/sr,
+                                         /R =   4.4970E+02
    52.00 deg.: X-S =    15.374113 mb/sr,
+                                         /R =   4.6222E+02
    53.00 deg.: X-S =    14.575881 mb/sr,
+                                         /R =   4.7036E+02
    54.00 deg.: X-S =    13.702799 mb/sr,
+                                         /R =   4.7390E+02
    55.00 deg.: X-S =    12.774451 mb/sr,
+                                         /R =   4.7277E+02
    56.00 deg.: X-S =    11.811285 mb/sr,
+                                         /R =   4.6711E+02
    57.00 deg.: X-S =    10.833393 mb/sr,
+                                         /R =   4.5720E+02
    58.00 deg.: X-S =     9.859595 mb/sr,
+                                         /R =   4.4344E+02
    59.00 deg.: X-S =     8.906776 mb/sr,
+                                         /R =   4.2635E+02
    60.00 deg.: X-S =     7.989454 mb/sr,
+                                         /R =   4.0652E+02
    61.00 deg.: X-S =     7.119545 mb/sr,
+                                         /R =   3.8460E+02
    62.00 deg.: X-S =     6.306281 mb/sr,
+                                         /R =   3.6126E+02
    63.00 deg.: X-S =     5.556271 mb/sr,
+                                         /R =   3.3714E+02
    64.00 deg.: X-S =     4.873648 mb/sr,
+                                         /R =   3.1288E+02
    65.00 deg.: X-S =     4.260294 mb/sr,
+                                         /R =   2.8906E+02
    66.00 deg.: X-S =     3.716115 mb/sr,
+                                         /R =   2.6620E+02
    67.00 deg.: X-S =     3.239337 mb/sr,
+                                         /R =   2.4474E+02
    68.00 deg.: X-S =     2.826823 mb/sr,
+                                         /R =   2.2503E+02
    69.00 deg.: X-S =     2.474371 mb/sr,
+                                         /R =   2.0733E+02
    70.00 deg.: X-S =     2.177014 mb/sr,
+                                         /R =   1.9183E+02
    71.00 deg.: X-S =     1.929282 mb/sr,
+                                         /R =   1.7861E+02
    72.00 deg.: X-S =     1.725447 mb/sr,
+                                         /R =   1.6767E+02
    73.00 deg.: X-S =     1.559729 mb/sr,
+                                         /R =   1.5896E+02
    74.00 deg.: X-S =     1.426467 mb/sr,
+                                         /R =   1.5234E+02
    75.00 deg.: X-S =     1.320268 mb/sr,
+                                         /R =   1.4762E+02
    76.00 deg.: X-S =     1.236104 mb/sr,
+                                         /R =   1.4458E+02
    77.00 deg.: X-S =     1.169400 mb/sr,
+                                         /R =   1.4297E+02
    78.00 deg.: X-S =     1.116078 mb/sr,
+                                         /R =   1.4252E+02
    79.00 deg.: X-S =     1.072585 mb/sr,
+                                         /R =   1.4294E+02
    80.00 deg.: X-S =     1.035896 mb/sr,
+                                         /R =   1.4397E+02
    81.00 deg.: X-S =     1.003508 mb/sr,
+                                         /R =   1.4534E+02
    82.00 deg.: X-S =     0.973406 mb/sr,
+                                         /R =   1.4681E+02
    83.00 deg.: X-S =     0.944034 mb/sr,
+                                         /R =   1.4816E+02
    84.00 deg.: X-S =     0.914249 mb/sr,
+                                         /R =   1.4921E+02
    85.00 deg.: X-S =     0.883269 mb/sr,
+                                         /R =   1.4980E+02
    86.00 deg.: X-S =     0.850629 mb/sr,
+                                         /R =   1.4982E+02
    87.00 deg.: X-S =     0.816127 mb/sr,
+                                         /R =   1.4917E+02
    88.00 deg.: X-S =     0.779772 mb/sr,
+                                         /R =   1.4782E+02
    89.00 deg.: X-S =     0.741744 mb/sr,
+                                         /R =   1.4574E+02
    90.00 deg.: X-S =     0.702344 mb/sr,
+                                         /R =   1.4295E+02
    91.00 deg.: X-S =     0.661960 mb/sr,
+                                         /R =   1.3947E+02
    92.00 deg.: X-S =     0.621028 mb/sr,
+                                         /R =   1.3537E+02
    93.00 deg.: X-S =     0.580009 mb/sr,
+                                         /R =   1.3073E+02
    94.00 deg.: X-S =     0.539361 mb/sr,
+                                         /R =   1.2563E+02
    95.00 deg.: X-S =     0.499519 mb/sr,
+                                         /R =   1.2016E+02
    96.00 deg.: X-S =     0.460882 mb/sr,
+                                         /R =   1.1444E+02
    97.00 deg.: X-S =     0.423803 mb/sr,
+                                         /R =   1.0856E+02
    98.00 deg.: X-S =     0.388576 mb/sr,
+                                         /R =   1.0263E+02
    99.00 deg.: X-S =     0.355442 mb/sr,
+                                         /R =   9.6747E+01
   100.00 deg.: X-S =     0.324577 mb/sr,
+                                         /R =   9.0996E+01
   101.00 deg.: X-S =     0.296101 mb/sr,
+                                         /R =   8.5458E+01
   102.00 deg.: X-S =     0.270078 mb/sr,
+                                         /R =   8.0202E+01
   103.00 deg.: X-S =     0.246520 mb/sr,
+                                         /R =   7.5286E+01
   104.00 deg.: X-S =     0.225393 mb/sr,
+                                         /R =   7.0755E+01
   105.00 deg.: X-S =     0.206625 mb/sr,
+                                         /R =   6.6640E+01
   106.00 deg.: X-S =     0.190106 mb/sr,
+                                         /R =   6.2962E+01
   107.00 deg.: X-S =     0.175703 mb/sr,
+                                         /R =   5.9729E+01
   108.00 deg.: X-S =     0.163260 mb/sr,
+                                         /R =   5.6937E+01
   109.00 deg.: X-S =     0.152606 mb/sr,
+                                         /R =   5.4576E+01
   110.00 deg.: X-S =     0.143560 mb/sr,
+                                         /R =   5.2624E+01
   111.00 deg.: X-S =     0.135940 mb/sr,
+                                         /R =   5.1051E+01
   112.00 deg.: X-S =     0.129559 mb/sr,
+                                         /R =   4.9826E+01
   113.00 deg.: X-S =     0.124239 mb/sr,
+                                         /R =   4.8907E+01
   114.00 deg.: X-S =     0.119805 mb/sr,
+                                         /R =   4.8253E+01
   115.00 deg.: X-S =     0.116094 mb/sr,
+                                         /R =   4.7820E+01
   116.00 deg.: X-S =     0.112955 mb/sr,
+                                         /R =   4.7564E+01
   117.00 deg.: X-S =     0.110249 mb/sr,
+                                         /R =   4.7438E+01
   118.00 deg.: X-S =     0.107852 mb/sr,
+                                         /R =   4.7400E+01
   119.00 deg.: X-S =     0.105654 mb/sr,
+                                         /R =   4.7408E+01
   120.00 deg.: X-S =     0.103560 mb/sr,
+                                         /R =   4.7425E+01
   121.00 deg.: X-S =     0.101491 mb/sr,
+                                         /R =   4.7413E+01
   122.00 deg.: X-S =     0.099379 mb/sr,
+                                         /R =   4.7343E+01
   123.00 deg.: X-S =     0.097172 mb/sr,
+                                         /R =   4.7187E+01
   124.00 deg.: X-S =     0.094829 mb/sr,
+                                         /R =   4.6921E+01
   125.00 deg.: X-S =     0.092323 mb/sr,
+                                         /R =   4.6528E+01
   126.00 deg.: X-S =     0.089634 mb/sr,
+                                         /R =   4.5992E+01
   127.00 deg.: X-S =     0.086753 mb/sr,
+                                         /R =   4.5304E+01
   128.00 deg.: X-S =     0.083680 mb/sr,
+                                         /R =   4.4458E+01
   129.00 deg.: X-S =     0.080422 mb/sr,
+                                         /R =   4.3453E+01
   130.00 deg.: X-S =     0.076991 mb/sr,
+                                         /R =   4.2289E+01
   131.00 deg.: X-S =     0.073404 mb/sr,
+                                         /R =   4.0973E+01
   132.00 deg.: X-S =     0.069684 mb/sr,
+                                         /R =   3.9513E+01
   133.00 deg.: X-S =     0.065855 mb/sr,
+                                         /R =   3.7920E+01
   134.00 deg.: X-S =     0.061945 mb/sr,
+                                         /R =   3.6208E+01
   135.00 deg.: X-S =     0.057983 mb/sr,
+                                         /R =   3.4391E+01
   136.00 deg.: X-S =     0.053999 mb/sr,
+                                         /R =   3.2489E+01
   137.00 deg.: X-S =     0.050024 mb/sr,
+                                         /R =   3.0519E+01
   138.00 deg.: X-S =     0.046088 mb/sr,
+                                         /R =   2.8502E+01
   139.00 deg.: X-S =     0.042221 mb/sr,
+                                         /R =   2.6459E+01
   140.00 deg.: X-S =     0.038453 mb/sr,
+                                         /R =   2.4410E+01
   141.00 deg.: X-S =     0.034811 mb/sr,
+                                         /R =   2.2376E+01
   142.00 deg.: X-S =     0.031321 mb/sr,
+                                         /R =   2.0380E+01
   143.00 deg.: X-S =     0.028008 mb/sr,
+                                         /R =   1.8442E+01
   144.00 deg.: X-S =     0.024895 mb/sr,
+                                         /R =   1.6581E+01
   145.00 deg.: X-S =     0.022000 mb/sr,
+                                         /R =   1.4818E+01
   146.00 deg.: X-S =     0.019342 mb/sr,
+                                         /R =   1.3170E+01
   147.00 deg.: X-S =     0.016937 mb/sr,
+                                         /R =   1.1654E+01
   148.00 deg.: X-S =     0.014796 mb/sr,
+                                         /R =   1.0285E+01
   149.00 deg.: X-S =     0.012930 mb/sr,
+                                         /R =   9.0764E+00
   150.00 deg.: X-S =     0.011345 mb/sr,
+                                         /R =   8.0400E+00
   151.00 deg.: X-S =     0.010046 mb/sr,
+                                         /R =   7.1851E+00
   152.00 deg.: X-S =     0.009034 mb/sr,
+                                         /R =   6.5189E+00
   153.00 deg.: X-S =     0.008308 mb/sr,
+                                         /R =   6.0464E+00
   154.00 deg.: X-S =     0.007863 mb/sr,
+                                         /R =   5.7702E+00
   155.00 deg.: X-S =     0.007693 mb/sr,
+                                         /R =   5.6903E+00
   156.00 deg.: X-S =     0.007789 mb/sr,
+                                         /R =   5.8045E+00
   157.00 deg.: X-S =     0.008136 mb/sr,
+                                         /R =   6.1079E+00
   158.00 deg.: X-S =     0.008723 mb/sr,
+                                         /R =   6.5935E+00
   159.00 deg.: X-S =     0.009530 mb/sr,
+                                         /R =   7.2516E+00
   160.00 deg.: X-S =     0.010539 mb/sr,
+                                         /R =   8.0705E+00
   161.00 deg.: X-S =     0.011730 mb/sr,
+                                         /R =   9.0362E+00
   162.00 deg.: X-S =     0.013079 mb/sr,
+                                         /R =   1.0133E+01
   163.00 deg.: X-S =     0.014562 mb/sr,
+                                         /R =   1.1343E+01
   164.00 deg.: X-S =     0.016155 mb/sr,
+                                         /R =   1.2647E+01
   165.00 deg.: X-S =     0.017830 mb/sr,
+                                         /R =   1.4025E+01
   166.00 deg.: X-S =     0.019562 mb/sr,
+                                         /R =   1.5456E+01
   167.00 deg.: X-S =     0.021322 mb/sr,
+                                         /R =   1.6917E+01
   168.00 deg.: X-S =     0.023085 mb/sr,
+                                         /R =   1.8385E+01
   169.00 deg.: X-S =     0.024822 mb/sr,
+                                         /R =   1.9839E+01
   170.00 deg.: X-S =     0.026509 mb/sr,
+                                         /R =   2.1255E+01
   171.00 deg.: X-S =     0.028121 mb/sr,
+                                         /R =   2.2612E+01
   172.00 deg.: X-S =     0.029632 mb/sr,
+                                         /R =   2.3890E+01
   173.00 deg.: X-S =     0.031022 mb/sr,
+                                         /R =   2.5068E+01
   174.00 deg.: X-S =     0.032271 mb/sr,
+                                         /R =   2.6128E+01
   175.00 deg.: X-S =     0.033359 mb/sr,
+                                         /R =   2.7055E+01
   176.00 deg.: X-S =     0.034272 mb/sr,
+                                         /R =   2.7833E+01
   177.00 deg.: X-S =     0.034995 mb/sr,
+                                         /R =   2.8451E+01
   178.00 deg.: X-S =     0.035520 mb/sr,
+                                         /R =   2.8900E+01
   179.00 deg.: X-S =     0.035838 mb/sr,
+                                         /R =   2.9172E+01
   179.99 deg.: X-S =     0.035944 mb/sr,
+                                         /R =   2.9263E+01
                                           Integrated********** mb, over [   0.000, 180.000] at    80.0000 MeV 

 CROSS SECTIONS FOR OUTGOING d        & 3He      in state #   1 with spins & parities 1.0  + &  0.5  +;  0

     0.00 deg.: X-S =     0.249841 mb/sr,
+                                         REAC   2.1327E-01 mb
     1.00 deg.: X-S =     0.249741 mb/sr,
     2.00 deg.: X-S =     0.248164 mb/sr,
     3.00 deg.: X-S =     0.244145 mb/sr,
     4.00 deg.: X-S =     0.240226 mb/sr,
     5.00 deg.: X-S =     0.239388 mb/sr,
     6.00 deg.: X-S =     0.239794 mb/sr,
     7.00 deg.: X-S =     0.235837 mb/sr,
     8.00 deg.: X-S =     0.224543 mb/sr,
     9.00 deg.: X-S =     0.208615 mb/sr,
    10.00 deg.: X-S =     0.193089 mb/sr,
    11.00 deg.: X-S =     0.181199 mb/sr,
    12.00 deg.: X-S =     0.173680 mb/sr,
    13.00 deg.: X-S =     0.169519 mb/sr,
    14.00 deg.: X-S =     0.165983 mb/sr,
    15.00 deg.: X-S =     0.159587 mb/sr,
    16.00 deg.: X-S =     0.148775 mb/sr,
    17.00 deg.: X-S =     0.135376 mb/sr,
    18.00 deg.: X-S =     0.122780 mb/sr,
    19.00 deg.: X-S =     0.113122 mb/sr,
    20.00 deg.: X-S =     0.106511 mb/sr,
    21.00 deg.: X-S =     0.101976 mb/sr,
    22.00 deg.: X-S =     0.098303 mb/sr,
    23.00 deg.: X-S =     0.094551 mb/sr,
    24.00 deg.: X-S =     0.090739 mb/sr,
    25.00 deg.: X-S =     0.088012 mb/sr,
    26.00 deg.: X-S =     0.087654 mb/sr,
    27.00 deg.: X-S =     0.089901 mb/sr,
    28.00 deg.: X-S =     0.093865 mb/sr,
    29.00 deg.: X-S =     0.098328 mb/sr,
    30.00 deg.: X-S =     0.102274 mb/sr,
    31.00 deg.: X-S =     0.104962 mb/sr,
    32.00 deg.: X-S =     0.106008 mb/sr,
    33.00 deg.: X-S =     0.105477 mb/sr,
    34.00 deg.: X-S =     0.103669 mb/sr,
    35.00 deg.: X-S =     0.100762 mb/sr,
    36.00 deg.: X-S =     0.096761 mb/sr,
    37.00 deg.: X-S =     0.091706 mb/sr,
    38.00 deg.: X-S =     0.085729 mb/sr,
    39.00 deg.: X-S =     0.078936 mb/sr,
    40.00 deg.: X-S =     0.071384 mb/sr,
    41.00 deg.: X-S =     0.063231 mb/sr,
    42.00 deg.: X-S =     0.054821 mb/sr,
    43.00 deg.: X-S =     0.046566 mb/sr,
    44.00 deg.: X-S =     0.038820 mb/sr,
    45.00 deg.: X-S =     0.031883 mb/sr,
    46.00 deg.: X-S =     0.026021 mb/sr,
    47.00 deg.: X-S =     0.021364 mb/sr,
    48.00 deg.: X-S =     0.017791 mb/sr,
    49.00 deg.: X-S =     0.014986 mb/sr,
    50.00 deg.: X-S =     0.012640 mb/sr,
    51.00 deg.: X-S =     0.010570 mb/sr,
    52.00 deg.: X-S =     0.008688 mb/sr,
    53.00 deg.: X-S =     0.006974 mb/sr,
    54.00 deg.: X-S =     0.005517 mb/sr,
    55.00 deg.: X-S =     0.004456 mb/sr,
    56.00 deg.: X-S =     0.003791 mb/sr,
    57.00 deg.: X-S =     0.003336 mb/sr,
    58.00 deg.: X-S =     0.002912 mb/sr,
    59.00 deg.: X-S =     0.002525 mb/sr,
    60.00 deg.: X-S =     0.002274 mb/sr,
    61.00 deg.: X-S =     0.002182 mb/sr,
    62.00 deg.: X-S =     0.002220 mb/sr,
    63.00 deg.: X-S =     0.002379 mb/sr,
    64.00 deg.: X-S =     0.002621 mb/sr,
    65.00 deg.: X-S =     0.002835 mb/sr,
    66.00 deg.: X-S =     0.002972 mb/sr,
    67.00 deg.: X-S =     0.003147 mb/sr,
    68.00 deg.: X-S =     0.003478 mb/sr,
    69.00 deg.: X-S =     0.003894 mb/sr,
    70.00 deg.: X-S =     0.004202 mb/sr,
    71.00 deg.: X-S =     0.004299 mb/sr,
    72.00 deg.: X-S =     0.004211 mb/sr,
    73.00 deg.: X-S =     0.004017 mb/sr,
    74.00 deg.: X-S =     0.003819 mb/sr,
    75.00 deg.: X-S =     0.003729 mb/sr,
    76.00 deg.: X-S =     0.003746 mb/sr,
    77.00 deg.: X-S =     0.003704 mb/sr,
    78.00 deg.: X-S =     0.003430 mb/sr,
    79.00 deg.: X-S =     0.002933 mb/sr,
    80.00 deg.: X-S =     0.002380 mb/sr,
    81.00 deg.: X-S =     0.001934 mb/sr,
    82.00 deg.: X-S =     0.001667 mb/sr,
    83.00 deg.: X-S =     0.001552 mb/sr,
    84.00 deg.: X-S =     0.001481 mb/sr,
    85.00 deg.: X-S =     0.001334 mb/sr,
    86.00 deg.: X-S =     0.001105 mb/sr,
    87.00 deg.: X-S =     0.000914 mb/sr,
    88.00 deg.: X-S =     0.000851 mb/sr,
    89.00 deg.: X-S =     0.000869 mb/sr,
    90.00 deg.: X-S =     0.000852 mb/sr,
    91.00 deg.: X-S =     0.000749 mb/sr,
    92.00 deg.: X-S =     0.000597 mb/sr,
    93.00 deg.: X-S =     0.000496 mb/sr,
    94.00 deg.: X-S =     0.000587 mb/sr,
    95.00 deg.: X-S =     0.000965 mb/sr,
    96.00 deg.: X-S =     0.001515 mb/sr,
    97.00 deg.: X-S =     0.001911 mb/sr,
    98.00 deg.: X-S =     0.001888 mb/sr,
    99.00 deg.: X-S =     0.001514 mb/sr,
   100.00 deg.: X-S =     0.001103 mb/sr,
   101.00 deg.: X-S =     0.000925 mb/sr,
   102.00 deg.: X-S =     0.001068 mb/sr,
   103.00 deg.: X-S =     0.001491 mb/sr,
   104.00 deg.: X-S =     0.002022 mb/sr,
   105.00 deg.: X-S =     0.002339 mb/sr,
   106.00 deg.: X-S =     0.002185 mb/sr,
   107.00 deg.: X-S =     0.001664 mb/sr,
   108.00 deg.: X-S =     0.001176 mb/sr,
   109.00 deg.: X-S =     0.001005 mb/sr,
   110.00 deg.: X-S =     0.001106 mb/sr,
   111.00 deg.: X-S =     0.001319 mb/sr,
   112.00 deg.: X-S =     0.001536 mb/sr,
   113.00 deg.: X-S =     0.001625 mb/sr,
   114.00 deg.: X-S =     0.001438 mb/sr,
   115.00 deg.: X-S =     0.001040 mb/sr,
   116.00 deg.: X-S =     0.000723 mb/sr,
   117.00 deg.: X-S =     0.000682 mb/sr,
   118.00 deg.: X-S =     0.000803 mb/sr,
   119.00 deg.: X-S =     0.000891 mb/sr,
   120.00 deg.: X-S =     0.000907 mb/sr,
   121.00 deg.: X-S =     0.000873 mb/sr,
   122.00 deg.: X-S =     0.000748 mb/sr,
   123.00 deg.: X-S =     0.000551 mb/sr,
   124.00 deg.: X-S =     0.000447 mb/sr,
   125.00 deg.: X-S =     0.000534 mb/sr,
   126.00 deg.: X-S =     0.000665 mb/sr,
   127.00 deg.: X-S =     0.000653 mb/sr,
   128.00 deg.: X-S =     0.000533 mb/sr,
   129.00 deg.: X-S =     0.000468 mb/sr,
   130.00 deg.: X-S =     0.000489 mb/sr,
   131.00 deg.: X-S =     0.000517 mb/sr,
   132.00 deg.: X-S =     0.000557 mb/sr,
   133.00 deg.: X-S =     0.000644 mb/sr,
   134.00 deg.: X-S =     0.000669 mb/sr,
   135.00 deg.: X-S =     0.000507 mb/sr,
   136.00 deg.: X-S =     0.000298 mb/sr,
   137.00 deg.: X-S =     0.000323 mb/sr,
   138.00 deg.: X-S =     0.000580 mb/sr,
   139.00 deg.: X-S =     0.000781 mb/sr,
   140.00 deg.: X-S =     0.000784 mb/sr,
   141.00 deg.: X-S =     0.000707 mb/sr,
   142.00 deg.: X-S =     0.000595 mb/sr,
   143.00 deg.: X-S =     0.000359 mb/sr,
   144.00 deg.: X-S =     0.000151 mb/sr,
   145.00 deg.: X-S =     0.000316 mb/sr,
   146.00 deg.: X-S =     0.000798 mb/sr,
   147.00 deg.: X-S =     0.001067 mb/sr,
   148.00 deg.: X-S =     0.000874 mb/sr,
   149.00 deg.: X-S =     0.000583 mb/sr,
   150.00 deg.: X-S =     0.000496 mb/sr,
   151.00 deg.: X-S =     0.000420 mb/sr,
   152.00 deg.: X-S =     0.000246 mb/sr,
   153.00 deg.: X-S =     0.000324 mb/sr,
   154.00 deg.: X-S =     0.000770 mb/sr,
   155.00 deg.: X-S =     0.001030 mb/sr,
   156.00 deg.: X-S =     0.000737 mb/sr,
   157.00 deg.: X-S =     0.000388 mb/sr,
   158.00 deg.: X-S =     0.000496 mb/sr,
   159.00 deg.: X-S =     0.000719 mb/sr,
   160.00 deg.: X-S =     0.000569 mb/sr,
   161.00 deg.: X-S =     0.000368 mb/sr,
   162.00 deg.: X-S =     0.000573 mb/sr,
   163.00 deg.: X-S =     0.000800 mb/sr,
   164.00 deg.: X-S =     0.000557 mb/sr,
   165.00 deg.: X-S =     0.000327 mb/sr,
   166.00 deg.: X-S =     0.000736 mb/sr,
   167.00 deg.: X-S =     0.001251 mb/sr,
   168.00 deg.: X-S =     0.001045 mb/sr,
   169.00 deg.: X-S =     0.000569 mb/sr,
   170.00 deg.: X-S =     0.000737 mb/sr,
   171.00 deg.: X-S =     0.001142 mb/sr,
   172.00 deg.: X-S =     0.000921 mb/sr,
   173.00 deg.: X-S =     0.000742 mb/sr,
   174.00 deg.: X-S =     0.001717 mb/sr,
   175.00 deg.: X-S =     0.002842 mb/sr,
   176.00 deg.: X-S =     0.002411 mb/sr,
   177.00 deg.: X-S =     0.001843 mb/sr,
   178.00 deg.: X-S =     0.004543 mb/sr,
   179.00 deg.: X-S =     0.010045 mb/sr,
   180.00 deg.: X-S =     0.013000 mb/sr,
                                           Integrated    0.2132 mb, over [   0.000, 180.000] at    80.0000 MeV 
 Finished all xsecs @   0.500000000    

  The following files have been created:
   3:local copy of User input.            6:standard output.                   
   7:elastic  S-matrix elements.         12:transfer kernels.                  
  13:total cross sections/state.         16:tables of cross sections.          
  35:Astrophysics S-factors  / Ecm.      38:cross sections for each J/pi.      
  39:cross sections for each Ecm.        40:all cross sectns. for each Elab.   
  45:scat phase shift as E functions.    46:bs wave functions & ANC ratios.    
  56:Fusion for each Jtotal.             75:S-factors for lab energies.        
 201:Separate cross sections.           202:Separate cross sections.           

 PARAMETERS : MAXQRN   MFNL   MLOC  LMAX1 MCLIST
    ALLOWED :      2     16     12    100      6
    REQUIRED:      1      2     12     83      4


 ACCURACY ANALYSIS at    80.000 MeV :

  Elastic h*k = 0.079 so OK       compared with 0.200

   Real(S-el) > 0.01 first at J =       3.5
   Real(S-el) > 0.10 first at J =       3.5
   Real(S-el) > 0.50 first at J =       4.5
   Real(S-el) > 0.90 first at J =       6.5
   Real(S-el) > 0.99 first at J =       8.5
   R-turn =    51.07 fm    at J =      80.5

 Forward-angle excitation cut off below   0.049 deg by max JT =      80.5
                              and below   0.085 deg by max R.


 1: Recommended RNL: non-local width >  11.80 cf:  10.00 fm: OK      
    Recommended CENTRE: centration   ~   2.30 cf:   0.00 fm

 Total CPU  0 time =       0.50 seconds
