 FRESCO - FRES 3.4: Coupled Reaction Channels
 Assuming NAMELIST input.

 4He(p,d)3He  E=350 MeV  Q=-18.353  [he4_p_d_he3]                                

   0.050  30.000   0.250   0.100  10.000   0.000   0.000   0.000   0.000   0.000

 Centre-of-mass Range is    602 * 0.0500 fm., Maximum at  30.00 fm., Interpolating NL forms every  0.25 fm.
 Non - locality width is    101 * 0.1000 fm., Maximum of  10.00 fm., Centred at  0.00 fm.
 2-Nucleon Separation of      0 * 0.2500 fm., Maximum of   0.00 fm., Minimum at  0.00 fm.
 Maximum single particle bins of 30.0000 fm.
               M,Mint =          601         601


 Range of total J is     0.0 <= J <=    80.0 (at least     0.0) and Absorbtion =>    -1.0000 mb.
 Dry Run = F, CC set limits =  0  0, Relativistic kinematics = a, Both/Far/Near Analyses =  1                     

 Cross Sections (and up to T0 for 0=projectile) for Theta from   0.0 to 180.0 in steps of  1.0 degrees, DGAM=0,  Coordinates = 0 (Mads)

 Lower Radial Cutoff = maximum of -1.60*L*h &       0.0 fm.,  Lower Cutoff for Couplings =   0.0  fm.


 Iterate Couplings between   1 and   1 times, to  0.000 % if sooner.                                          
  Block solved exactly =   0 chs., with Pade = 0 & Isocen =  =0, NOSOL = F, initwf =  0
  NL quadrature with   18 Gaussian points, Calculate multipoles up to    86 from   0
  M-transfers for lp+lt greater than or equal to  6, Angular Integration Cutoff below  2.7778 %


 Trace switches are :  CHANS =  1, LISTCC =  0, TRENEG =  0, CDETR =  0, SMATS =  2, XSTABL =  1, NLPL =  0

                       WAVES =  0, LAMPL =  0, VEFF =  0, KFUS =  0, WDISK =  0, BPM =  0, MELFIL =  0

                       CDCC =  0, NFUS =  0

 Using unit mass = 1.000000 amu and 1/fine-structure constant = 137.03599 ( 1.000000 * true ) with hc = 197.32705 MeV.fm,
  thus 2*amu/hbar^2 = 0.0478450 = 1/20.9008 and Coulomb constant = 0.1574855 so e^2 = 1.43997, and nuclear magneton= 0.1261183

 Now pre-scan input and save to file 3



 *********** PARTITION NUMBER  1 ******************************************************************************************

   PROJ=p          MASS=  1.0000 Z=   1.0,        # STATES=    1T, TARG=4He      MASS=  4.0000 Z=   2.0,     Q-VALUE =   0.0000 MEV.

     1:  J= 0.5+ (B# 1), E=  0.0000, K= 0.5              Potl#  1       J= 0.0+ (B# 1), E=  0.0000, K= 0.0    


 *********** PARTITION NUMBER  2 ******************************************************************************************

   PROJ=d          MASS=  2.0000 Z=   1.0,        # STATES=    1T, TARG=3He      MASS=  3.0000 Z=   2.0,     Q-VALUE = -18.3530 MEV.

     1:  J= 1.0+ (B# 1), E=  0.0000, K= 0.0              Potl#  2       J= 0.5+ (B# 1), E=  0.0000, K= 0.5    
0****** WARNING : COMPARED WITH PARTITION  1, THIS PARTITION HAS TOTAL MASS & CHARGE EXCESSES  -0.01970 &   0.0000


 ************************************************************************************************************************************

 The following POTENTIALS are defined :

  KP#       TYPE      IT    SHAPE      at     V1        r1        a1        V2        r2        a2        A-in     A-used


                                            A#1       A#2        r0c       ac                                                h @ 1
    1    0=Coulomb       0=CHARGE (WS)  1     1.000     4.000    1.3000    0.0000    0.0000    0.0000     0.000    17.322   0.05000

    1    1=Volume        0=Woods-Saxon  2   48.0000    1.1500    0.5700    0.0000    1.1500    0.5700     0.000    17.322

    1    2=Surface       0=Woods-Saxon  3    0.0000    0.0000    0.0000    6.0000    1.3000    0.5000     0.000    17.322

    1    3=Projtl S.O.   0=Woods-Saxon  4    5.5000    1.0000    0.5000    0.0000    0.0000    0.0000     0.000    17.322
   --------------------------------------------------------------------------------------------------------------------

                                            A#1       A#2        r0c       ac                                                h @ 2
    2    0=Coulomb       0=CHARGE (WS)  5     2.000     3.000    1.3000    0.0000    0.0000    0.0000     0.000    19.731   0.05000

    2    1=Volume        0=Woods-Saxon  6   88.0000    1.1700    0.7900    0.0000    1.1700    0.7900     0.000    19.731

    2    2=Surface       0=Woods-Saxon  7    0.0000    0.0000    0.0000   12.0000    1.3300    0.7400     0.000    19.731

    2    3=Projtl S.O.   0=Woods-Saxon  8    7.0000    1.0700    0.6600    0.0000    0.0000    0.0000     0.000    19.731
   --------------------------------------------------------------------------------------------------------------------

    3    1=Volume        0=Woods-Saxon  9   50.0000    1.2500    0.6500    0.0000    0.0000    0.0000     0.000    19.731

    3    3=Projtl S.O.   0=Woods-Saxon 10    6.0000    1.2500    0.6500    0.0000    0.0000    0.0000     0.000    19.731
   --------------------------------------------------------------------------------------------------------------------

    4    1=Volume        0=Woods-Saxon 11   50.0000    1.2500    0.6500    0.0000    0.0000    0.0000     0.000    19.731

    4    3=Projtl S.O.   0=Woods-Saxon 12    6.0000    1.2500    0.6500    0.0000    0.0000    0.0000     0.000    19.731


 ************************************************************************************************************************************

 The following SINGLE-PARTICLE FORM FACTORS are constructed :


 No.   P1 P2 IN KIND T N  L  S1 IA J/S  IB BIND XFER  BE    SC PC FIL AFRAC Adjust  to  Z  Mass   K     Norm    rms      D0     D   ANC/Gsp

    1:  2  1  2  0     1  0 0.5  1 0.5   0   3   0  20.5780  1  0  0 0.0000 VR  0.7942; 0. 1.000 0.8593 1.0000  2.472 -417.8 -957.1  9.6885

    2:  1  2  1  0     1  0 0.5  1 0.5   0   4   0   2.2246  1  0  0 0.0000 VR  0.3377; 0. 1.000 0.2307 1.0000  4.770 -154.2 -167.5  1.1301

 ************************************************************************************************************************************

 TWO-way COUPLING # 1 for partitions  2 <-  1 of KIND  7,   0 -1  5 -1 -1 & P1,P2 =    0.0000   0.0000 : for J <=    80.5 & R <  29.8 fm.


 data =  2  1  1  1  1.0000,  so  < [4He      #  1] / [3He      #  1]  * Eigen-form #  1>  =   1.0000            BE = 20.578     1

 data =  1  1  1  2  1.0000,  so  < [d        #  1] / [p        #  1]  * Eigen-form #  2>  =   1.0000            BE =  2.225     2
 KNT =   1, KNP =   2: NK,NG,loc=   1   1   1  13  T  T  F

     So FINITE-RANGE TRANSFER : IP1 = 0 (POST    ), IP2=-1 =COMPLEX     ,  for   1 pairs of bound states summed into   1 pairs
      The main coupling potential is that binding the transferred particle to the 3He      core.

          Using between p        & 3He      the potential No.   5, and subtracting optical potential No.  2

   A real*8 is            8  bytes
   NLL,NLN,NLO =         120         121         101
0File   9 needs RL =   24240    REAL*8 numbers, and NR =    88. i.e.    17.06 Megabytes
   File            9  RECL =      193920
0RECOMMENDED NON-LOCAL WIDTH IS GREATER THAN   11.80 FM.,  RECOMMENDED CENTRATION   2.30, after    0.04 secs.
0Relative non-local usages (rms) are
    0.003   0.005   0.007   0.011   0.015   0.019   0.030   0.038   0.053   0.071   0.087   0.132   0.167   0.230   0.306
    0.372   0.541   0.676   0.908   1.186   1.427   1.994   2.455   3.183   4.044   4.788   6.329   7.600   9.380  11.433
   13.201  16.309  18.918  22.174  25.808  28.940  33.725  37.803  42.471  47.501  51.832  57.646  62.619  67.805  73.082
   77.548  82.589  86.793  90.536  93.845  96.417  98.292  99.496 100.000  99.858  99.142  97.885  96.129  93.931  91.325
   88.381  85.138  81.660  77.998  74.205  70.347  66.460  62.589  58.777  55.047  51.439  47.968  44.652  41.499  38.517
   35.707  33.067  30.594  28.284  26.128  24.121  22.254  20.521  18.913  17.422  16.042  14.764  13.583  12.491  11.482
   10.551   9.693   8.902   8.173   7.502   6.884   6.317   5.796   5.317   4.878   4.476

 Incoming partition  1 in excitation state # 1,   Laboratory Energy given for partition  1 Nucleus 1 in Excitation pair 1

0Lab. ENERGY ranges :

   from    350.000     to   0.00000     in     0 intervals
   from    0.00000     to   0.00000     in     0 intervals
   from    0.00000     to   0.00000     in     0 intervals

 Largest real,imaginary parts of any form factor at R=   29.50 are   4.88E-02  3.00E-14 MeV
 Finished all Couplings @    7.81250000E-02          12

 Symmetric Hamiltonian
1***********************************************************************************************************************************
************************************************************************************************************************************

        INCOMING p        ;    LABORATORY p        ENERGY =   350.00     MeV.

 ***********************************************************************************************************************************
 ***********************************************************************************************************************************


  NOTE: Coulomb excitation cut off below   0.023 deg by JTMAX, and below   0.019 deg by Rmax

 Allocate arrays for            3  channels, of which            3  need wfs.

 ######################################################################################################################
 #                                                                                                                    #
 # Total SPIN and PARITY =     0.5 +,      3 channels,    0 in 1st block.  Rmin & Coul turning =    0.0    0.0 fm.  #
 #                                                                                                                    #
 ######################################################################################################################



    C Projectl Target   #   EX.   (L  Proj) J  + Targ = Jtotal     E-cm      Re K     Re Eta     RM*K            CH
    1 p        4He      #    1: I   0 0.5    0.5  0.0     0.5   296.90474   3.37110   0.01635  101.1331  -0.24231   0.43741 1 1 1   1
    2 d        3He      #    1:     0 1.0    1.0  0.5     0.5   262.74817   3.88400   0.02129  116.5199   0.07605  -0.49423 2 1 2   1
    3 d        3He      #    1:     2 1.0    1.0  0.5     0.5   262.74817   3.88400   0.02129  116.5199  -0.10443   0.48908 2 1 2   1
   S-matrix    1 =   -0.07281   0.87303 for L=    0, J=    0.5 channel on core I =   0.0 from L=    0,  Acc. loss =  0.0 D.
 Elastic phase shift   1 =   47.384   3.791 deg. for the L =    0, J =    0.5 channel.
       0.5 -0.07281170  0.87303332i: elastic S-matrix  @@      0.00  0   0 F  0
 Reaction Xsec     0.5+/ 0 @ 1 =   0.643 , Out:   0.000#   0.017/   0.643f


 Total SPIN, PARITY =     0.5 -,      3 chs,      0 cc.  Rmin & Coul turning =    0.0    0.0
   S-matrix    1 =    0.06577   0.87200 for L=    1, J=    0.5 channel on core I =   0.0 from L=    1,  Acc. loss =  0.0 D.
 Elastic phase shift   1 =   42.843   3.842 deg. for the L =    1, J =    0.5 channel.
       0.5  0.06576955  0.87200125i: elastic S-matrix  @@      0.00  0   0 F  0
 Reaction Xsec     0.5-/ 1 @ 1 =   0.650 , Out:   0.000#   0.018/   0.650f

 Allocate arrays for            4  channels, of which            4  need wfs.

 Total SPIN, PARITY =     1.5 +,      4 chs,      0 cc.  Rmin & Coul turning =    0.1    0.4
   S-matrix    1 =    0.15900   0.85745 for L=    2, J=    1.5 channel on core I =   0.0 from L=    2,  Acc. loss =  0.0 D.
 Elastic phase shift   1 =   39.747   3.922 deg. for the L =    2, J =    1.5 channel.
       1.5  0.15900229  0.85744959i: elastic S-matrix  @@      0.00  0   0 F  0
 Reaction Xsec     1.5+/ 2 @ 1 =   1.324 , Out:   0.000#   0.031/   1.324f


 Total SPIN, PARITY =     1.5 -,      4 chs,      0 cc.  Rmin & Coul turning =    0.1    0.4
   S-matrix    1 =   -0.07783   0.87157 for L=    1, J=    1.5 channel on core I =   0.0 from L=    1,  Acc. loss =  0.0 D.
 Elastic phase shift   1 =   47.551   3.824 deg. for the L =    1, J =    1.5 channel.
       1.5 -0.07782602  0.87156974i: elastic S-matrix  @@      0.00  0   0 F  0
 Reaction Xsec     1.5-/ 1 @ 1 =   1.295 , Out:   0.000#   0.039/   1.295f


 Total SPIN, PARITY =     2.5 +,      4 chs,      0 cc.  Rmin & Coul turning =    0.2    0.7
   S-matrix    1 =   -0.08360   0.86908 for L=    2, J=    2.5 channel on core I =   0.0 from L=    2,  Acc. loss =  0.0 D.
 Elastic phase shift   1 =   47.748   3.888 deg. for the L =    2, J =    2.5 channel.
       2.5 -0.08360487  0.86907687i: elastic S-matrix  @@      0.00  0   0 F  0
 Reaction Xsec     2.5+/ 2 @ 1 =   1.971 , Out:   0.000#   0.053/   1.971f


 Total SPIN, PARITY =     2.5 -,      4 chs,      0 cc.  Rmin & Coul turning =    0.2    0.7
   S-matrix    1 =    0.26396   0.82691 for L=    3, J=    2.5 channel on core I =   0.0 from L=    3,  Acc. loss =  0.0 D.
 Elastic phase shift   1 =   36.148   4.055 deg. for the L =    3, J =    2.5 channel.
       2.5  0.26395657  0.82690658i: elastic S-matrix  @@      0.02  0   0 F  0
 Reaction Xsec     2.5-/ 3 @ 1 =   2.045 , Out:   0.000#   0.032/   2.045f


 Total SPIN, PARITY =     3.5 +,      4 chs,      0 cc.  Rmin & Coul turning =    0.2    1.0
   S-matrix    1 =    0.38163   0.77354 for L=    4, J=    3.5 channel on core I =   0.0 from L=    4,  Acc. loss =  0.0 D.
 Elastic phase shift   1 =   31.870   4.236 deg. for the L =    4, J =    3.5 channel.
       3.5  0.38163249  0.77354076i: elastic S-matrix  @@      0.00  0   0 F  0
 Reaction Xsec     3.5+/ 4 @ 1 =   2.831 , Out:   0.000#   0.030/   2.831f


 Total SPIN, PARITY =     3.5 -,      4 chs,      0 cc.  Rmin & Coul turning =    0.2    1.0
   S-matrix    1 =   -0.08350   0.86558 for L=    3, J=    3.5 channel on core I =   0.0 from L=    3,  Acc. loss =  0.0 D.
 Elastic phase shift   1 =   47.755   4.003 deg. for the L =    3, J =    3.5 channel.
       3.5 -0.08349617  0.86558308i: elastic S-matrix  @@      0.00  0   0 F  0
 Reaction Xsec     3.5-/ 3 @ 1 =   2.696 , Out:   0.000#   0.051/   2.696f


 Total SPIN, PARITY =     4.5 +,      4 chs,      0 cc.  Rmin & Coul turning =    0.3    1.3
   S-matrix    1 =   -0.07395   0.86178 for L=    4, J=    4.5 channel on core I =   0.0 from L=    4,  Acc. loss =  0.0 D.
 Elastic phase shift   1 =   47.452   4.156 deg. for the L =    4, J =    4.5 channel.
       4.5 -0.07395407  0.86177878i: elastic S-matrix  @@      0.00  0   0 F  0
 Reaction Xsec     4.5+/ 4 @ 1 =   3.481 , Out:   0.000#   0.043/   3.481f


 Total SPIN, PARITY =     4.5 -,      4 chs,      0 cc.  Rmin & Coul turning =    0.3    1.3
   S-matrix    1 =    0.50626   0.68843 for L=    5, J=    4.5 channel on core I =   0.0 from L=    5,  Acc. loss =  0.0 D.
 Elastic phase shift   1 =   26.835   4.503 deg. for the L =    5, J =    4.5 channel.
       4.5  0.50625837  0.68842992i: elastic S-matrix  @@      0.00  0   0 F  0
 Reaction Xsec     4.5-/ 5 @ 1 =   3.729 , Out:   0.000#   0.027/   3.729f


 Total SPIN, PARITY =     5.5 +,      4 chs,      0 cc.  Rmin & Coul turning =    0.4    1.6
   S-matrix    1 =    0.62392   0.56849 for L=    6, J=    5.5 channel on core I =   0.0 from L=    6,  Acc. loss =  0.0 D.
 Elastic phase shift   1 =   21.169   4.856 deg. for the L =    6, J =    5.5 channel.
       5.5  0.62392206  0.56849067i: elastic S-matrix  @@      0.02  0   0 F  0
 Reaction Xsec     5.5+/ 6 @ 1 =   4.769 , Out:   0.000#   0.024/   4.769f


 Total SPIN, PARITY =     5.5 -,      4 chs,      0 cc.  Rmin & Coul turning =    0.4    1.6
   S-matrix    1 =   -0.05206   0.85673 for L=    5, J=    5.5 channel on core I =   0.0 from L=    5,  Acc. loss =  0.0 D.
 Elastic phase shift   1 =   46.739   4.377 deg. for the L =    5, J =    5.5 channel.
       5.5 -0.05205680  0.85672625i: elastic S-matrix  @@      0.00  0   0 F  0
 Reaction Xsec     5.5-/ 5 @ 1 =   4.367 , Out:   0.000#   0.040/   4.367f


 Total SPIN, PARITY =     6.5 +,      4 chs,      0 cc.  Rmin & Coul turning =    0.5    1.9
   S-matrix    1 =   -0.01194   0.84943 for L=    6, J=    6.5 channel on core I =   0.0 from L=    6,  Acc. loss =  0.0 D.
 Elastic phase shift   1 =   45.403   4.672 deg. for the L =    6, J =    6.5 channel.
       6.5 -0.01194048  0.84943399i: elastic S-matrix  @@      0.02  0   0 F  0
 Reaction Xsec     6.5+/ 6 @ 1 =   5.386 , Out:   0.000#   0.041/   5.386f


 Total SPIN, PARITY =     6.5 -,      4 chs,      0 cc.  Rmin & Coul turning =    0.5    1.9
   S-matrix    1 =    0.71024   0.43166 for L=    7, J=    6.5 channel on core I =   0.0 from L=    7,  Acc. loss =  0.0 D.
 Elastic phase shift   1 =   15.645   5.299 deg. for the L =    7, J =    6.5 channel.
       6.5  0.71023725  0.43166122i: elastic S-matrix  @@      0.00  0   0 F  0
 Reaction Xsec     6.5-/ 7 @ 1 =   5.984 , Out:   0.000#   0.022/   5.984f


 Total SPIN, PARITY =     7.5 +,      4 chs,      0 cc.  Rmin & Coul turning =    0.6    2.2
   S-matrix    1 =    0.75516   0.31074 for L=    8, J=    7.5 channel on core I =   0.0 from L=    8,  Acc. loss =  0.0 D.
 Elastic phase shift   1 =   11.183   5.804 deg. for the L =    8, J =    7.5 channel.
       7.5  0.75516126  0.31074405i: elastic S-matrix  @@      0.00  0   0 F  0
 Reaction Xsec     7.5+/ 8 @ 1 =   7.368 , Out:   0.000#   0.022/   7.368f


 Total SPIN, PARITY =     7.5 -,      4 chs,      0 cc.  Rmin & Coul turning =    0.6    2.2
   S-matrix    1 =    0.05955   0.83709 for L=    7, J=    7.5 channel on core I =   0.0 from L=    7,  Acc. loss =  0.0 D.
 Elastic phase shift   1 =   42.965   5.022 deg. for the L =    7, J =    7.5 channel.
       7.5  0.05955271  0.83708610i: elastic S-matrix  @@      0.00  0   0 F  0
 Reaction Xsec     7.5-/ 7 @ 1 =   6.540 , Out:   0.000#   0.051/   6.540f


 Total SPIN, PARITY =     8.5 +,      4 chs,      0 cc.  Rmin & Coul turning =    0.6    2.5
   S-matrix    1 =    0.17735   0.80557 for L=    8, J=    8.5 channel on core I =   0.0 from L=    8,  Acc. loss =  0.0 D.
 Elastic phase shift   1 =   38.792   5.516 deg. for the L =    8, J =    8.5 channel.
       8.5  0.17734940  0.80556710i: elastic S-matrix  @@      0.02  0   0 F  0
 Reaction Xsec     8.5+/ 8 @ 1 =   7.952 , Out:   0.000#   0.066/   7.952f


 Total SPIN, PARITY =     8.5 -,      4 chs,      0 cc.  Rmin & Coul turning =    0.6    2.5
   S-matrix    1 =    0.77694   0.22285 for L=    9, J=    8.5 channel on core I =   0.0 from L=    9,  Acc. loss =  0.0 D.
 Elastic phase shift   1 =    8.002   6.098 deg. for the L =    9, J =    8.5 channel.
       8.5  0.77694317  0.22284696i: elastic S-matrix  @@      0.00  0   0 F  0
 Reaction Xsec     8.5-/ 9 @ 1 =   8.626 , Out:   0.000#   0.012/   8.626f


 Total SPIN, PARITY =     9.5 +,      4 chs,      0 cc.  Rmin & Coul turning =    0.7    2.8
   S-matrix    1 =    0.79842   0.16323 for L=   10, J=    9.5 channel on core I =   0.0 from L=   10,  Acc. loss =  0.0 D.
 Elastic phase shift   1 =    5.777   5.863 deg. for the L =   10, J =    9.5 channel.
       9.5  0.79842177  0.16323473i: elastic S-matrix  @@      0.00  0   0 F  0
 Reaction Xsec     9.5+/10 @ 1 =   9.285 , Out:   0.000#   0.021/   9.285f


 Total SPIN, PARITY =     9.5 -,      4 chs,      0 cc.  Rmin & Coul turning =    0.7    2.8
   S-matrix    1 =    0.33881   0.73310 for L=    9, J=    9.5 channel on core I =   0.0 from L=    9,  Acc. loss =  0.0 D.
 Elastic phase shift   1 =   32.598   6.121 deg. for the L =    9, J =    9.5 channel.
       9.5  0.33880845  0.73310314i: elastic S-matrix  @@      0.00  0   0 F  0
 Reaction Xsec     9.5-/ 9 @ 1 =   9.614 , Out:   0.000#   0.030/   9.614f


 Total SPIN, PARITY =    10.5 +,      4 chs,      0 cc.  Rmin & Coul turning =    0.8    3.1
   S-matrix    1 =    0.51423   0.61418 for L=   10, J=   10.5 channel on core I =   0.0 from L=   10,  Acc. loss =  0.0 D.
 Elastic phase shift   1 =   25.031   6.356 deg. for the L =   10, J =   10.5 channel.
      10.5  0.51423112  0.61418354i: elastic S-matrix  @@      0.00  0   0 F  0
 Reaction Xsec    10.5+/10 @ 1 =  10.897 , Out:   0.000#   0.070/  10.897f


 Total SPIN, PARITY =    10.5 -,      4 chs,      0 cc.  Rmin & Coul turning =    0.8    3.1
   S-matrix    1 =    0.82915   0.12161 for L=   11, J=   10.5 channel on core I =   0.0 from L=   11,  Acc. loss =  0.0 D.
 Elastic phase shift   1 =    4.172   5.062 deg. for the L =   11, J =   10.5 channel.
      10.5  0.82915361  0.12161026i: elastic S-matrix  @@      0.02  0   0 F  0
 Reaction Xsec    10.5-/11 @ 1 =   9.053 , Out:   0.000#   9.302#   9.053f


 Total SPIN, PARITY =    11.5 +,      4 chs,      0 cc.  Rmin & Coul turning =    0.9    3.4
   S-matrix    1 =    0.86666   0.09072 for L=   12, J=   11.5 channel on core I =   0.0 from L=   12,  Acc. loss =  0.0 D.
 Elastic phase shift   1 =    2.988   3.944 deg. for the L =   12, J =   11.5 channel.
      11.5  0.86665624  0.09072343i: elastic S-matrix  @@      0.00  0   0 F  0
 Reaction Xsec    11.5+/12 @ 1 =   7.984 , Out:   0.000#   0.746#   7.984f


 Total SPIN, PARITY =    11.5 -,      4 chs,      0 cc.  Rmin & Coul turning =    0.9    3.4
   S-matrix    1 =    0.66877   0.47169 for L=   11, J=   11.5 channel on core I =   0.0 from L=   11,  Acc. loss =  0.0 D.
 Elastic phase shift   1 =   17.598   5.742 deg. for the L =   11, J =   11.5 channel.
      11.5  0.66876539  0.47168910i: elastic S-matrix  @@      0.00  0   0 F  0
 Reaction Xsec    11.5-/11 @ 1 =  10.956 , Out:   0.000#   0.034/  10.956f


 Total SPIN, PARITY =    12.5 +,      4 chs,      0 cc.  Rmin & Coul turning =    1.0    3.7
   S-matrix    1 =    0.78608   0.33665 for L=   12, J=   12.5 channel on core I =   0.0 from L=   12,  Acc. loss =  0.0 D.
 Elastic phase shift   1 =   11.592   4.483 deg. for the L =   12, J =   12.5 channel.
      12.5  0.78607915  0.33665235i: elastic S-matrix  @@      0.00  0   0 F  0
 Reaction Xsec    12.5+/12 @ 1 =   9.658 , Out:   0.000#   1.044#   9.658f


 Total SPIN, PARITY =    12.5 -,      4 chs,      0 cc.  Rmin & Coul turning =    1.0    3.7
   S-matrix    1 =    0.90394   0.06671 for L=   13, J=   12.5 channel on core I =   0.0 from L=   13,  Acc. loss =  0.0 D.
 Elastic phase shift   1 =    2.110   2.815 deg. for the L =   13, J =   12.5 channel.
      12.5  0.90394138  0.06671143i: elastic S-matrix  @@      0.00  0   0 F  0
 Reaction Xsec    12.5-/13 @ 1 =   6.413 , Out:   0.000#   6.572#   6.413f


 Total SPIN, PARITY =    13.5 +,      4 chs,      0 cc.  Rmin & Coul turning =    1.0    4.0
   S-matrix    1 =    0.93539   0.04783 for L=   14, J=   13.5 channel on core I =   0.0 from L=   14,  Acc. loss =  0.0 D.
 Elastic phase shift   1 =    1.464   1.876 deg. for the L =   14, J =   13.5 channel.
      13.5  0.93538654  0.04782975i: elastic S-matrix  @@      0.00  0   0 F  0
 Reaction Xsec    13.5+/14 @ 1 =   4.751 , Out:   0.000#   5.347#   4.751f


 Total SPIN, PARITY =    13.5 -,      4 chs,      0 cc.  Rmin & Coul turning =    1.0    4.0
   S-matrix    1 =    0.86715   0.22737 for L=   13, J=   13.5 channel on core I =   0.0 from L=   13,  Acc. loss =  0.0 D.
 Elastic phase shift   1 =    7.346   3.131 deg. for the L =   13, J =   13.5 channel.
      13.5  0.86715483  0.22737324i: elastic S-matrix  @@      0.02  0   0 F  0
 Reaction Xsec    13.5-/13 @ 1 =   7.599 , Out:   0.000#   0.015/   7.599f


 Total SPIN, PARITY =    14.5 +,      4 chs,      0 cc.  Rmin & Coul turning =    1.1    4.3
   S-matrix    1 =    0.91985   0.14762 for L=   14, J=   14.5 channel on core I =   0.0 from L=   14,  Acc. loss =  0.0 D.
 Elastic phase shift   1 =    4.559   2.029 deg. for the L =   14, J =   14.5 channel.
      14.5  0.91984609  0.14761550i: elastic S-matrix  @@      0.00  0   0 F  0
 Reaction Xsec    14.5+/14 @ 1 =   5.477 , Out:   0.000#   0.011/   5.477f


 Total SPIN, PARITY =    14.5 -,      4 chs,      0 cc.  Rmin & Coul turning =    1.1    4.3
   S-matrix    1 =    0.95881   0.03331 for L=   15, J=   14.5 channel on core I =   0.0 from L=   15,  Acc. loss =  0.0 D.
 Elastic phase shift   1 =    0.995   1.188 deg. for the L =   15, J =   14.5 channel.
      14.5  0.95881080  0.03331151i: elastic S-matrix  @@      0.00  0   0 F  0
 Reaction Xsec    14.5-/15 @ 1 =   3.300 , Out:   0.000#   3.112#   3.300f


 Total SPIN, PARITY =    15.5 +,      4 chs,      0 cc.  Rmin & Coul turning =    1.2    4.6
   S-matrix    1 =    0.97475   0.02258 for L=   16, J=   15.5 channel on core I =   0.0 from L=   16,  Acc. loss =  0.0 D.
 Elastic phase shift   1 =    0.664   0.725 deg. for the L =   16, J =   15.5 channel.
      15.5  0.97475304  0.02258354i: elastic S-matrix  @@      0.00  0   0 F  0
 Reaction Xsec    15.5+/16 @ 1 =   2.183 , Out:   0.000#   3.512#   2.183f


 Total SPIN, PARITY =    15.5 -,      4 chs,      0 cc.  Rmin & Coul turning =    1.2    4.6
   S-matrix    1 =    0.95263   0.09325 for L=   15, J=   15.5 channel on core I =   0.0 from L=   15,  Acc. loss =  0.0 D.
 Elastic phase shift   1 =    2.795   1.254 deg. for the L =   15, J =   15.5 channel.
      15.5  0.95263235  0.09324692i: elastic S-matrix  @@      0.00  0   0 F  0
 Reaction Xsec    15.5-/15 @ 1 =   3.706 , Out:   0.000#   4.474#   3.706f


 Total SPIN, PARITY =    16.5 +,      4 chs,      0 cc.  Rmin & Coul turning =    1.2    4.9
   S-matrix    1 =    0.97241   0.05783 for L=   16, J=   16.5 channel on core I =   0.0 from L=   16,  Acc. loss =  0.0 D.
 Elastic phase shift   1 =    1.702   0.751 deg. for the L =   16, J =   16.5 channel.
      16.5  0.97240552  0.05783294i: elastic S-matrix  @@      0.00  0   0 F  0
 Reaction Xsec    16.5+/16 @ 1 =   2.401 , Out:   0.000#   6.702#   2.401f


 Total SPIN, PARITY =    16.5 -,      4 chs,      0 cc.  Rmin & Coul turning =    1.2    4.9
   S-matrix    1 =    0.98494   0.01498 for L=   17, J=   16.5 channel on core I =   0.0 from L=   17,  Acc. loss =  0.0 D.
 Elastic phase shift   1 =    0.436   0.431 deg. for the L =   17, J =   16.5 channel.
      16.5  0.98493849  0.01497623i: elastic S-matrix  @@      0.02  0   0 F  0
 Reaction Xsec    16.5-/17 @ 1 =   1.394 , Out:   0.000#   1.127#   1.394f


 Total SPIN, PARITY =    17.5 +,      4 chs,      0 cc.  Rmin & Coul turning =    1.4    5.2
   S-matrix    1 =    0.99117   0.00977 for L=   18, J=   17.5 channel on core I =   0.0 from L=   18,  Acc. loss =  0.0 D.
 Elastic phase shift   1 =    0.282   0.253 deg. for the L =   18, J =   17.5 channel.
      17.5  0.99117464  0.00976516i: elastic S-matrix  @@      0.00  0   0 F  0
 Reaction Xsec    17.5+/18 @ 1 =   0.870 , Out:   0.000#   0.149#   0.870f


 Total SPIN, PARITY =    17.5 -,      4 chs,      0 cc.  Rmin & Coul turning =    1.4    5.2
   S-matrix    1 =    0.98408   0.03545 for L=   17, J=   17.5 channel on core I =   0.0 from L=   17,  Acc. loss =  0.0 D.
 Elastic phase shift   1 =    1.031   0.441 deg. for the L =   17, J =   17.5 channel.
      17.5  0.98407508  0.03544527i: elastic S-matrix  @@      0.00  0   0 F  0
 Reaction Xsec    17.5-/17 @ 1 =   1.510 , Out:   0.000#   1.975#   1.510f


 Total SPIN, PARITY =    18.5 +,      4 chs,      0 cc.  Rmin & Coul turning =    1.4    5.5
   S-matrix    1 =    0.99086   0.02156 for L=   18, J=   18.5 channel on core I =   0.0 from L=   18,  Acc. loss =  0.0 D.
 Elastic phase shift   1 =    0.623   0.256 deg. for the L =   18, J =   18.5 channel.
      18.5  0.99086419  0.02156210i: elastic S-matrix  @@      0.00  0   0 F  0
 Reaction Xsec    18.5+/18 @ 1 =   0.931 , Out:   0.000#   0.231#   0.931f


 Total SPIN, PARITY =    18.5 -,      4 chs,      0 cc.  Rmin & Coul turning =    1.4    5.5
   S-matrix    1 =    0.99489   0.00629 for L=   19, J=   18.5 channel on core I =   0.0 from L=   19,  Acc. loss =  0.0 D.
 Elastic phase shift   1 =    0.181   0.146 deg. for the L =   19, J =   18.5 channel.
      18.5  0.99488818  0.00628792i: elastic S-matrix  @@      0.00  0   0 F  0
 Reaction Xsec    18.5-/19 @ 1 =   0.534 , Out:   0.000#   0.062#   0.534f


 Total SPIN, PARITY =    19.5 +,      4 chs,      0 cc.  Rmin & Coul turning =    1.5    5.8
   S-matrix    1 =    0.99706   0.00401 for L=   20, J=   19.5 channel on core I =   0.0 from L=   20,  Acc. loss =  0.0 D.
 Elastic phase shift   1 =    0.115   0.084 deg. for the L =   20, J =   19.5 channel.
      19.5  0.99706080  0.00401131i: elastic S-matrix  @@      0.00  0   0 F  0
 Reaction Xsec    19.5+/20 @ 1 =   0.324 , Out:   0.000#   0.013#   0.324f


 Total SPIN, PARITY =    19.5 -,      4 chs,      0 cc.  Rmin & Coul turning =    1.5    5.8
   S-matrix    1 =    0.99478   0.01306 for L=   19, J=   19.5 channel on core I =   0.0 from L=   19,  Acc. loss =  0.0 D.
 Elastic phase shift   1 =    0.376   0.148 deg. for the L =   19, J =   19.5 channel.
      19.5  0.99477828  0.01305620i: elastic S-matrix  @@      0.02  0   0 F  0
 Reaction Xsec    19.5-/19 @ 1 =   0.566 , Out:   0.000#   0.162#   0.566f


 Total SPIN, PARITY =    20.5 +,      4 chs,      0 cc.  Rmin & Coul turning =    1.6    6.1
   S-matrix    1 =    0.99702   0.00788 for L=   20, J=   20.5 channel on core I =   0.0 from L=   20,  Acc. loss =  0.0 D.
 Elastic phase shift   1 =    0.227   0.085 deg. for the L =   20, J =   20.5 channel.
      20.5  0.99702231  0.00788350i: elastic S-matrix  @@      0.00  0   0 F  0
 Reaction Xsec    20.5+/20 @ 1 =   0.342 , Out:   0.000#   0.023#   0.342f


 Total SPIN, PARITY =    20.5 -,      4 chs,      0 cc.  Rmin & Coul turning =    1.6    6.1
   S-matrix    1 =    0.99832   0.00254 for L=   21, J=   20.5 channel on core I =   0.0 from L=   21,  Acc. loss =  0.0 D.
 Elastic phase shift   1 =    0.073   0.048 deg. for the L =   21, J =   20.5 channel.
      20.5  0.99831789  0.00254098i: elastic S-matrix  @@      0.00  0   0 F  0
 Reaction Xsec    20.5-/21 @ 1 =   0.195 , Out:   0.000#   0.024#   0.195f


 Total SPIN, PARITY =    21.5 +,      4 chs,      0 cc.  Rmin & Coul turning =    1.7    6.4
   S-matrix    1 =    0.99904   0.00160 for L=   22, J=   21.5 channel on core I =   0.0 from L=   22,  Acc. loss =  0.0 D.
 Elastic phase shift   1 =    0.046   0.027 deg. for the L =   22, J =   21.5 channel.
      21.5  0.99904023  0.00160077i: elastic S-matrix  @@      0.00  0   0 F  0
 Reaction Xsec    21.5+/22 @ 1 =   0.117 , Out:   0.000#   0.053#   0.117f


 Total SPIN, PARITY =    21.5 -,      4 chs,      0 cc.  Rmin & Coul turning =    1.7    6.4
   S-matrix    1 =    0.99830   0.00475 for L=   21, J=   21.5 channel on core I =   0.0 from L=   21,  Acc. loss =  0.0 D.
 Elastic phase shift   1 =    0.136   0.048 deg. for the L =   21, J =   21.5 channel.
      21.5  0.99830450  0.00475207i: elastic S-matrix  @@      0.00  0   0 F  0
 Reaction Xsec    21.5-/21 @ 1 =   0.205 , Out:   0.000#   0.018#   0.205f


 Total SPIN, PARITY =    22.5 +,      4 chs,      0 cc.  Rmin & Coul turning =    1.8    6.7
   S-matrix    1 =    0.99904   0.00286 for L=   22, J=   22.5 channel on core I =   0.0 from L=   22,  Acc. loss =  0.0 D.
 Elastic phase shift   1 =    0.082   0.028 deg. for the L =   22, J =   22.5 channel.
      22.5  0.99903560  0.00286157i: elastic S-matrix  @@      0.00  0   0 F  0
 Reaction Xsec    22.5+/22 @ 1 =   0.122 , Out:   0.000#   0.058#   0.122f


 Total SPIN, PARITY =    22.5 -,      4 chs,      0 cc.  Rmin & Coul turning =    1.8    6.7
   S-matrix    1 =    0.99945   0.00100 for L=   23, J=   22.5 channel on core I =   0.0 from L=   23,  Acc. loss =  0.0 D.
 Elastic phase shift   1 =    0.029   0.016 deg. for the L =   23, J =   22.5 channel.
      22.5  0.99945349  0.00100400i: elastic S-matrix  @@      0.02  0   0 F  0
 Reaction Xsec    22.5-/23 @ 1 =   0.069 , Out:   0.000#   0.052#   0.069f


 Total SPIN, PARITY =    23.5 +,      4 chs,      0 cc.  Rmin & Coul turning =    1.8    7.0
   S-matrix    1 =    0.99969   0.00063 for L=   24, J=   23.5 channel on core I =   0.0 from L=   24,  Acc. loss =  0.0 D.
 Elastic phase shift   1 =    0.018   0.009 deg. for the L =   24, J =   23.5 channel.
      23.5  0.99968926  0.00062743i: elastic S-matrix  @@      0.00  0   0 F  0
 Reaction Xsec    23.5+/24 @ 1 =   0.041 , Out:   0.000#   0.033#   0.041f


 Total SPIN, PARITY =    23.5 -,      4 chs,      0 cc.  Rmin & Coul turning =    1.8    7.0
   S-matrix    1 =    0.99945   0.00172 for L=   23, J=   23.5 channel on core I =   0.0 from L=   23,  Acc. loss =  0.0 D.
 Elastic phase shift   1 =    0.049   0.016 deg. for the L =   23, J =   23.5 channel.
      23.5  0.99945190  0.00172213i: elastic S-matrix  @@      0.00  0   0 F  0
 Reaction Xsec    23.5-/23 @ 1 =   0.073 , Out:   0.000#   0.058#   0.073f


 Total SPIN, PARITY =    24.5 +,      4 chs,      0 cc.  Rmin & Coul turning =    1.9    7.3
   S-matrix    1 =    0.99969   0.00104 for L=   24, J=   24.5 channel on core I =   0.0 from L=   24,  Acc. loss =  0.0 D.
 Elastic phase shift   1 =    0.030   0.009 deg. for the L =   24, J =   24.5 channel.
      24.5  0.99968871  0.00103606i: elastic S-matrix  @@      0.00  0   0 F  0
 Reaction Xsec    24.5+/24 @ 1 =   0.043 , Out:   0.000#   0.036#   0.043f


 Total SPIN, PARITY =    24.5 -,      4 chs,      0 cc.  Rmin & Coul turning =    1.9    7.3
   S-matrix    1 =    0.99982   0.00039 for L=   25, J=   24.5 channel on core I =   0.0 from L=   25,  Acc. loss =  0.0 D.
 Elastic phase shift   1 =    0.011   0.005 deg. for the L =   25, J =   24.5 channel.
      24.5  0.99982350  0.00039088i: elastic S-matrix  @@      0.00  0   0 F  0
 Reaction Xsec    24.5-/25 @ 1 =   0.024 , Out:   0.000#   0.019#   0.024f


 Total SPIN, PARITY =    25.5 +,      4 chs,      0 cc.  Rmin & Coul turning =    2.0    7.6
   S-matrix    1 =    0.99990   0.00024 for L=   26, J=   25.5 channel on core I =   0.0 from L=   26,  Acc. loss =  0.0 D.
 Elastic phase shift   1 =    0.007   0.003 deg. for the L =   26, J =   25.5 channel.
      25.5  0.99989984  0.00024289i: elastic S-matrix  @@      0.00  0   0 F  0
 Reaction Xsec    25.5+/26 @ 1 =   0.014 , Out:   0.000#   0.012#   0.014f


 Total SPIN, PARITY =    25.5 -,      4 chs,      0 cc.  Rmin & Coul turning =    2.0    7.6
   S-matrix    1 =    0.99982   0.00062 for L=   25, J=   25.5 channel on core I =   0.0 from L=   25,  Acc. loss =  0.0 D.
 Elastic phase shift   1 =    0.018   0.005 deg. for the L =   25, J =   25.5 channel.
      25.5  0.99982332  0.00062321i: elastic S-matrix  @@      0.02  0   0 F  0
 Reaction Xsec    25.5-/25 @ 1 =   0.025 , Out:   0.000#   0.020#   0.025f


 Total SPIN, PARITY =    26.5 +,      4 chs,      0 cc.  Rmin & Coul turning =    2.1    7.9
   S-matrix    1 =    0.99990   0.00037 for L=   26, J=   26.5 channel on core I =   0.0 from L=   26,  Acc. loss =  0.0 D.
 Elastic phase shift   1 =    0.011   0.003 deg. for the L =   26, J =   26.5 channel.
      26.5  0.99989978  0.00037488i: elastic S-matrix  @@      0.00  0   0 F  0
 Reaction Xsec    26.5+/26 @ 1 =   0.015 , Out:   0.000#   0.012#   0.015f


 Total SPIN, PARITY =    26.5 -,      4 chs,      0 cc.  Rmin & Coul turning =    2.1    7.9
   S-matrix    1 =    0.99994   0.00015 for L=   27, J=   26.5 channel on core I =   0.0 from L=   27,  Acc. loss =  0.0 D.
 Elastic phase shift   1 =    0.004   0.002 deg. for the L =   27, J =   26.5 channel.
      26.5  0.99994320  0.00015058i: elastic S-matrix  @@      0.00  0   0 F  0
 Reaction Xsec    26.5-/27 @ 1 =   8.477/, Out:   0.000#   0.007#   0.008f


 Total SPIN, PARITY =    27.5 +,      4 chs,      0 cc.  Rmin & Coul turning =    2.1    8.2
   S-matrix    1 =    0.99997   0.00009 for L=   28, J=   27.5 channel on core I =   0.0 from L=   28,  Acc. loss =  0.0 D.
 Elastic phase shift   1 =    0.003   0.001 deg. for the L =   28, J =   27.5 channel.
      27.5  0.99996781  0.00009318i: elastic S-matrix  @@      0.00  0   0 F  0
 Reaction Xsec    27.5+/28 @ 1 =   4.982/, Out:   0.000#   0.003#   0.005f


 Total SPIN, PARITY =    27.5 -,      4 chs,      0 cc.  Rmin & Coul turning =    2.1    8.2
   S-matrix    1 =    0.99994   0.00023 for L=   27, J=   27.5 channel on core I =   0.0 from L=   27,  Acc. loss =  0.0 D.
 Elastic phase shift   1 =    0.006   0.002 deg. for the L =   27, J =   27.5 channel.
      27.5  0.99994318  0.00022552i: elastic S-matrix  @@      0.00  0   0 F  0
 Reaction Xsec    27.5-/27 @ 1 =   8.792/, Out:   0.000#   0.007#   0.009f


 Total SPIN, PARITY =    28.5 +,      4 chs,      0 cc.  Rmin & Coul turning =    2.2    8.5
   S-matrix    1 =    0.99997   0.00014 for L=   28, J=   28.5 channel on core I =   0.0 from L=   28,  Acc. loss =  0.0 D.
 Elastic phase shift   1 =    0.004   0.001 deg. for the L =   28, J =   28.5 channel.
      28.5  0.99996780  0.00013570i: elastic S-matrix  @@      0.00  0   0 F  0
 Reaction Xsec    28.5+/28 @ 1 =   5.161/, Out:   0.000#   0.003#   0.005f


 Total SPIN, PARITY =    28.5 -,      4 chs,      0 cc.  Rmin & Coul turning =    2.2    8.5
   S-matrix    1 =    0.99998   0.00006 for L=   29, J=   28.5 channel on core I =   0.0 from L=   29,  Acc. loss =  0.0 D.
 Elastic phase shift   1 =    0.002   0.001 deg. for the L =   29, J =   28.5 channel.
      28.5  0.99998177  0.00005759i: elastic S-matrix  @@      0.02  0   0 F  0
 Reaction Xsec    28.5-/29 @ 1 =   2.923/, Out:   0.000#   0.001#   0.003f


 Total SPIN, PARITY =    29.5 +,      4 chs,      0 cc.  Rmin & Coul turning =    2.3    8.8
   S-matrix    1 =    0.99999   0.00004 for L=   30, J=   29.5 channel on core I =   0.0 from L=   30,  Acc. loss =  0.0 D.
 Elastic phase shift   1 =    0.001   0.000 deg. for the L =   30, J =   29.5 channel.
      29.5  0.99998968  0.00003554i: elastic S-matrix  @@      0.00  0   0 F  0
 Reaction Xsec    29.5+/30 @ 1 =   1.712/, Out:   0.000#   0.000#   0.002f


 Total SPIN, PARITY =    29.5 -,      4 chs,      0 cc.  Rmin & Coul turning =    2.3    8.8
   S-matrix    1 =    0.99998   0.00008 for L=   29, J=   29.5 channel on core I =   0.0 from L=   29,  Acc. loss =  0.0 D.
 Elastic phase shift   1 =    0.002   0.001 deg. for the L =   29, J =   29.5 channel.
      29.5  0.99998177  0.00008169i: elastic S-matrix  @@      0.00  0   0 F  0
 Reaction Xsec    29.5-/29 @ 1 =   3.024/, Out:   0.000#   0.001#   0.003f


 Total SPIN, PARITY =    30.5 +,      4 chs,      0 cc.  Rmin & Coul turning =    2.4    9.1
   S-matrix    1 =    0.99999   0.00005 for L=   30, J=   30.5 channel on core I =   0.0 from L=   30,  Acc. loss =  0.0 D.
 Elastic phase shift   1 =    0.001   0.000 deg. for the L =   30, J =   30.5 channel.
      30.5  0.99998968  0.00004920i: elastic S-matrix  @@      0.00  0   0 F  0
 Reaction Xsec    30.5+/30 @ 1 =   1.769/, Out:   0.000#   0.000#   0.002f


 Total SPIN, PARITY =    30.5 -,      4 chs,      0 cc.  Rmin & Coul turning =    2.4    9.1
   S-matrix    1 =    0.99999   0.00002 for L=   31, J=   30.5 channel on core I =   0.0 from L=   31,  Acc. loss =  0.0 D.
 Elastic phase shift   1 =    0.001   0.000 deg. for the L =   31, J =   30.5 channel.
      30.5  0.99999416  0.00002194i: elastic S-matrix  @@      0.00  0   0 F  0
 Reaction Xsec    30.5-/31 @ 1 =   1.001/, Out:   0.000#   0.000#   0.001f


 Total SPIN, PARITY =    31.5 +,      4 chs,      0 cc.  Rmin & Coul turning =    2.5    9.3
   S-matrix    1 =    1.00000   0.00001 for L=   32, J=   31.5 channel on core I =   0.0 from L=   32,  Acc. loss =  0.0 D.
 Elastic phase shift   1 =    0.000   0.000 deg. for the L =   32, J =   31.5 channel.
      31.5  0.99999670  0.00001354i: elastic S-matrix  @@      0.00  0   0 F  0
 Reaction Xsec    31.5+/32 @ 1 =   0.584/, Out:   0.000#   0.000#   0.001f


 Total SPIN, PARITY =    31.5 -,      4 chs,      0 cc.  Rmin & Coul turning =    2.5    9.3
   S-matrix    1 =    0.99999   0.00003 for L=   31, J=   31.5 channel on core I =   0.0 from L=   31,  Acc. loss =  0.0 D.
 Elastic phase shift   1 =    0.001   0.000 deg. for the L =   31, J =   31.5 channel.
      31.5  0.99999416  0.00002968i: elastic S-matrix  @@      0.02  0   0 F  0
 Reaction Xsec    31.5-/31 @ 1 =   1.033/, Out:   0.000#   0.000#   0.001f


 Total SPIN, PARITY =    32.5 +,      4 chs,      0 cc.  Rmin & Coul turning =    2.6    9.6
   S-matrix    1 =    1.00000   0.00002 for L=   32, J=   32.5 channel on core I =   0.0 from L=   32,  Acc. loss =  0.0 D.
 Elastic phase shift   1 =    0.001   0.000 deg. for the L =   32, J =   32.5 channel.
      32.5  0.99999670  0.00001792i: elastic S-matrix  @@      0.00  0   0 F  0
 Reaction Xsec    32.5+/32 @ 1 =   0.603/, Out:   0.000#   0.000#   0.001f


 Total SPIN, PARITY =    32.5 -,      4 chs,      0 cc.  Rmin & Coul turning =    2.6    9.6
   S-matrix    1 =    1.00000   0.00001 for L=   33, J=   32.5 channel on core I =   0.0 from L=   33,  Acc. loss =  0.0 D.
 Elastic phase shift   1 =    0.000   0.000 deg. for the L =   33, J =   32.5 channel.
      32.5  0.99999813  0.00000837i: elastic S-matrix  @@      0.00  0   0 F  0
 Reaction Xsec    32.5-/33 @ 1 =   0.341/, Out:   0.000#   0.000#   0.000f


 Total SPIN, PARITY =    33.5 +,      4 chs,      0 cc.  Rmin & Coul turning =    2.6    9.9
   S-matrix    1 =    1.00000   0.00001 for L=   34, J=   33.5 channel on core I =   0.0 from L=   34,  Acc. loss =  0.0 D.
 Elastic phase shift   1 =    0.000   0.000 deg. for the L =   34, J =   33.5 channel.
      33.5  0.99999895  0.00000520i: elastic S-matrix  @@      0.02  0   0 F  0
 Reaction Xsec    33.5+/34 @ 1 =   0.198/, Out:   0.000#   0.000#   0.000f


 Total SPIN, PARITY =    33.5 -,      4 chs,      0 cc.  Rmin & Coul turning =    2.6    9.9
   S-matrix    1 =    1.00000   0.00001 for L=   33, J=   33.5 channel on core I =   0.0 from L=   33,  Acc. loss =  0.0 D.
 Elastic phase shift   1 =    0.000   0.000 deg. for the L =   33, J =   33.5 channel.
      33.5  0.99999813  0.00001085i: elastic S-matrix  @@      0.00  0   0 F  0
 Reaction Xsec    33.5-/33 @ 1 =   0.351/, Out:   0.000#   0.000#   0.000f


 Total SPIN, PARITY =    34.5 +,      4 chs,      0 cc.  Rmin & Coul turning =    2.7   10.2
   S-matrix    1 =    1.00000   0.00001 for L=   34, J=   34.5 channel on core I =   0.0 from L=   34,  Acc. loss =  0.0 D.
 Elastic phase shift   1 =    0.000   0.000 deg. for the L =   34, J =   34.5 channel.
      34.5  0.99999895  0.00000660i: elastic S-matrix  @@      0.00  0   0 F  0
 Reaction Xsec    34.5+/34 @ 1 =   0.204/, Out:   0.000#   0.000#   0.000f


 Total SPIN, PARITY =    34.5 -,      4 chs,      0 cc.  Rmin & Coul turning =    2.7   10.2
   S-matrix    1 =    1.00000   0.00000 for L=   35, J=   34.5 channel on core I =   0.0 from L=   35,  Acc. loss =  0.0 D.
 Elastic phase shift   1 =    0.000   0.000 deg. for the L =   35, J =   34.5 channel.
      34.5  0.99999940  0.00000323i: elastic S-matrix  @@      0.00  0   0 F  0
 Reaction Xsec    34.5-/35 @ 1 =   0.115/, Out:   0.000#   0.000#   0.000f


 Total SPIN, PARITY =    35.5 +,      4 chs,      0 cc.  Rmin & Coul turning =    2.8   10.5
   S-matrix    1 =    1.00000   0.00000 for L=   36, J=   35.5 channel on core I =   0.0 from L=   36,  Acc. loss =  0.0 D.
 Elastic phase shift   1 =    0.000   0.000 deg. for the L =   36, J =   35.5 channel.
      35.5  0.99999966  0.00000205i: elastic S-matrix  @@      0.00  0   0 F  0
 Reaction Xsec    35.5+/36 @ 1 =   0.067/, Out:   0.000#   0.000#   0.000f


 Total SPIN, PARITY =    35.5 -,      4 chs,      0 cc.  Rmin & Coul turning =    2.8   10.5
   S-matrix    1 =    1.00000   0.00000 for L=   35, J=   35.5 channel on core I =   0.0 from L=   35,  Acc. loss =  0.0 D.
 Elastic phase shift   1 =    0.000   0.000 deg. for the L =   35, J =   35.5 channel.
      35.5  0.99999940  0.00000403i: elastic S-matrix  @@      0.00  0   0 F  0
 Reaction Xsec    35.5-/35 @ 1 =   0.119/, Out:   0.000#   0.000#   0.000f


 Total SPIN, PARITY =    36.5 +,      4 chs,      0 cc.  Rmin & Coul turning =    2.9   10.8
   S-matrix    1 =    1.00000   0.00000 for L=   36, J=   36.5 channel on core I =   0.0 from L=   36,  Acc. loss =  0.0 D.
 Elastic phase shift   1 =    0.000   0.000 deg. for the L =   36, J =   36.5 channel.
      36.5  0.99999966  0.00000250i: elastic S-matrix  @@      0.00  0   0 F  0
 Reaction Xsec    36.5+/36 @ 1 =   0.069/, Out:   0.000#   0.000#   0.000f


 Total SPIN, PARITY =    36.5 -,      4 chs,      0 cc.  Rmin & Coul turning =    2.9   10.8
   S-matrix    1 =    1.00000   0.00000 for L=   37, J=   36.5 channel on core I =   0.0 from L=   37,  Acc. loss =  0.0 D.
 Elastic phase shift   1 =    0.000   0.000 deg. for the L =   37, J =   36.5 channel.
0****** WARNING : ACCURACY LOSS IN ERWIN = 14.2 DIGITS, SO EXPECT ERRORS OF   0.0000 % OF UNITARITY

      36.5  0.99999981  0.00000131i: elastic S-matrix  @@      0.02  0   0 F  0
 Reaction Xsec    36.5-/37 @ 1 =   0.039/, Out:   0.000#   0.000#   0.000f


 Total SPIN, PARITY =    37.5 +,      4 chs,      0 cc.  Rmin & Coul turning =    3.0   11.1
   S-matrix    1 =    1.00000   0.00000 for L=   38, J=   37.5 channel on core I =   0.0 from L=   38,  Acc. loss =  0.0 D.
 Elastic phase shift   1 =    0.000   0.000 deg. for the L =   38, J =   37.5 channel.
0****** WARNING : ACCURACY LOSS IN ERWIN = 14.7 DIGITS, SO EXPECT ERRORS OF   0.0000 % OF UNITARITY

      37.5  0.99999989  0.00000085i: elastic S-matrix  @@      0.00  0   0 F  0
 Reaction Xsec    37.5+/38 @ 1 =   0.023/, Out:   0.000#   0.000#   0.000f


 Total SPIN, PARITY =    37.5 -,      4 chs,      0 cc.  Rmin & Coul turning =    3.0   11.1
   S-matrix    1 =    1.00000   0.00000 for L=   37, J=   37.5 channel on core I =   0.0 from L=   37,  Acc. loss =  0.0 D.
 Elastic phase shift   1 =    0.000   0.000 deg. for the L =   37, J =   37.5 channel.
      37.5  0.99999981  0.00000156i: elastic S-matrix  @@      0.00  0   0 F  0
 Reaction Xsec    37.5-/37 @ 1 =   0.040/, Out:   0.000#   0.000#   0.000f


 Total SPIN, PARITY =    38.5 +,      4 chs,      0 cc.  Rmin & Coul turning =    3.0   11.4
   S-matrix    1 =    1.00000   0.00000 for L=   38, J=   38.5 channel on core I =   0.0 from L=   38,  Acc. loss =  0.0 D.
 Elastic phase shift   1 =    0.000   0.000 deg. for the L =   38, J =   38.5 channel.
      38.5  0.99999989  0.00000099i: elastic S-matrix  @@      0.00  0   0 F  0
 Reaction Xsec    38.5+/38 @ 1 =   0.023/, Out:   0.000#   0.000#   0.000f


 Total SPIN, PARITY =    38.5 -,      4 chs,      0 cc.  Rmin & Coul turning =    3.0   11.4
   S-matrix    1 =    1.00000   0.00000 for L=   39, J=   38.5 channel on core I =   0.0 from L=   39,  Acc. loss =  0.0 D.
 Elastic phase shift   1 =    0.000   0.000 deg. for the L =   39, J =   38.5 channel.
0****** WARNING : ACCURACY LOSS IN ERWIN = 14.2 DIGITS, SO EXPECT ERRORS OF   0.0000 % OF UNITARITY

      38.5  0.99999994  0.00000059i: elastic S-matrix  @@      0.00  0   0 F  0
 Reaction Xsec    38.5-/39 @ 1 =   0.013/, Out:   0.000#   0.000#   0.000f


 Total SPIN, PARITY =    39.5 +,      4 chs,      0 cc.  Rmin & Coul turning =    3.1   11.7
   S-matrix    1 =    1.00000   0.00000 for L=   40, J=   39.5 channel on core I =   0.0 from L=   40,  Acc. loss =  0.0 D.
 Elastic phase shift   1 =    0.000   0.000 deg. for the L =   40, J =   39.5 channel.
      39.5  0.99999997  0.00000040i: elastic S-matrix  @@      0.00  0   0 F  0
 Reaction Xsec    39.5+/40 @ 1 =   7.539#, Out:   0.000#   0.000#   0.000f


 Total SPIN, PARITY =    39.5 -,      4 chs,      0 cc.  Rmin & Coul turning =    3.1   11.7
   S-matrix    1 =    1.00000   0.00000 for L=   39, J=   39.5 channel on core I =   0.0 from L=   39,  Acc. loss =  0.0 D.
 Elastic phase shift   1 =    0.000   0.000 deg. for the L =   39, J =   39.5 channel.
      39.5  0.99999994  0.00000067i: elastic S-matrix  @@      0.02  0   0 F  0
 Reaction Xsec    39.5-/39 @ 1 =   0.013/, Out:   0.000#   0.000#   0.000f


 Total SPIN, PARITY =    40.5 +,      4 chs,      0 cc.  Rmin & Coul turning =    3.2   12.0
   S-matrix    1 =    1.00000   0.00000 for L=   40, J=   40.5 channel on core I =   0.0 from L=   40,  Acc. loss =  0.0 D.
 Elastic phase shift   1 =    0.000   0.000 deg. for the L =   40, J =   40.5 channel.
      40.5  0.99999997  0.00000044i: elastic S-matrix  @@      0.00  0   0 F  0
 Reaction Xsec    40.5+/40 @ 1 =   7.727#, Out:   0.000#   0.000#   0.000f


 Total SPIN, PARITY =    40.5 -,      4 chs,      0 cc.  Rmin & Coul turning =    3.2   12.0
   S-matrix    1 =    1.00000   0.00000 for L=   41, J=   40.5 channel on core I =   0.0 from L=   41,  Acc. loss =  0.0 D.
 Elastic phase shift   1 =    0.000   0.000 deg. for the L =   41, J =   40.5 channel.
      40.5  0.99999998  0.00000029i: elastic S-matrix  @@      0.00  0   0 F  0
 Reaction Xsec    40.5-/41 @ 1 =   4.356#, Out:   0.000#   0.000#   0.000f


 Total SPIN, PARITY =    41.5 +,      4 chs,      0 cc.  Rmin & Coul turning =    3.2   12.3
   S-matrix    1 =    1.00000   0.00000 for L=   42, J=   41.5 channel on core I =   0.0 from L=   42,  Acc. loss =  0.0 D.
 Elastic phase shift   1 =    0.000   0.000 deg. for the L =   42, J =   41.5 channel.
      41.5  0.99999999  0.00000024i: elastic S-matrix  @@      0.00  0   0 F  0
 Reaction Xsec    41.5+/42 @ 1 =   2.515#, Out:   0.000#   0.000#   0.000f


 Total SPIN, PARITY =    41.5 -,      4 chs,      0 cc.  Rmin & Coul turning =    3.2   12.3
   S-matrix    1 =    1.00000   0.00000 for L=   41, J=   41.5 channel on core I =   0.0 from L=   41,  Acc. loss =  0.0 D.
 Elastic phase shift   1 =    0.000   0.000 deg. for the L =   41, J =   41.5 channel.
      41.5  0.99999998  0.00000032i: elastic S-matrix  @@      0.00  0   0 F  0
 Reaction Xsec    41.5-/41 @ 1 =   4.463#, Out:   0.000#   0.000#   0.000f


 Total SPIN, PARITY =    42.5 +,      4 chs,      0 cc.  Rmin & Coul turning =    3.4   12.6
   S-matrix    1 =    1.00000   0.00000 for L=   42, J=   42.5 channel on core I =   0.0 from L=   42,  Acc. loss =  0.0 D.
 Elastic phase shift   1 =    0.000   0.000 deg. for the L =   42, J =   42.5 channel.
0****** WARNING : ACCURACY LOSS IN ERWIN = 14.3 DIGITS, SO EXPECT ERRORS OF   0.0000 % OF UNITARITY

      42.5  0.99999999  0.00000025i: elastic S-matrix  @@      0.00  0   0 F  0
 Reaction Xsec    42.5+/42 @ 1 =   2.575#, Out:   0.000#   0.000#   0.000f


 Total SPIN, PARITY =    42.5 -,      4 chs,      0 cc.  Rmin & Coul turning =    3.4   12.6
   S-matrix    1 =    1.00000   0.00000 for L=   43, J=   42.5 channel on core I =   0.0 from L=   43,  Acc. loss =  0.0 D.
 Elastic phase shift   1 =    0.000   0.000 deg. for the L =   43, J =   42.5 channel.
      42.5  0.99999999  0.00000017i: elastic S-matrix  @@      0.02  0   0 F  0
 Reaction Xsec    42.5-/43 @ 1 =   1.451#, Out:   0.000#   0.000#   0.000f


 Total SPIN, PARITY =    43.5 +,      4 chs,      0 cc.  Rmin & Coul turning =    3.4   12.9
   S-matrix    1 =    1.00000   0.00000 for L=   44, J=   43.5 channel on core I =   0.0 from L=   44,  Acc. loss =  0.0 D.
 Elastic phase shift   1 =    0.000   0.000 deg. for the L =   44, J =   43.5 channel.
0****** WARNING : ACCURACY LOSS IN ERWIN = 14.2 DIGITS, SO EXPECT ERRORS OF   0.0000 % OF UNITARITY

      43.5  1.00000000  0.00000016i: elastic S-matrix  @@      0.00  0   0 F  0
 Reaction Xsec    43.5+/44 @ 1 =   0.836#, Out:   0.000#   0.000#   0.000f


 Total SPIN, PARITY =    43.5 -,      4 chs,      0 cc.  Rmin & Coul turning =    3.4   12.9
   S-matrix    1 =    1.00000   0.00000 for L=   43, J=   43.5 channel on core I =   0.0 from L=   43,  Acc. loss =  0.0 D.
 Elastic phase shift   1 =    0.000   0.000 deg. for the L =   43, J =   43.5 channel.
      43.5  0.99999999  0.00000018i: elastic S-matrix  @@      0.00  0   0 F  0
 Reaction Xsec    43.5-/43 @ 1 =   1.485#, Out:   0.000#   0.000#   0.000f


 Total SPIN, PARITY =    44.5 +,      4 chs,      0 cc.  Rmin & Coul turning =    3.5   13.2
   S-matrix    1 =    1.00000   0.00000 for L=   44, J=   44.5 channel on core I =   0.0 from L=   44,  Acc. loss =  0.0 D.
 Elastic phase shift   1 =    0.000   0.000 deg. for the L =   44, J =   44.5 channel.
      44.5  1.00000000  0.00000016i: elastic S-matrix  @@      0.00  0   0 F  0
 Reaction Xsec    44.5+/44 @ 1 =   0.855#, Out:   0.000#   0.000#   0.000f


 Total SPIN, PARITY =    44.5 -,      4 chs,      0 cc.  Rmin & Coul turning =    3.5   13.2
   S-matrix    1 =    1.00000   0.00000 for L=   45, J=   44.5 channel on core I =   0.0 from L=   45,  Acc. loss =  0.0 D.
 Elastic phase shift   1 =    0.000   0.000 deg. for the L =   45, J =   44.5 channel.
      44.5  1.00000000  0.00000014i: elastic S-matrix  @@      0.00  0   0 F  0
 Reaction Xsec    44.5-/45 @ 1 =   0.482#, Out:   0.000#   0.000#   0.000f


 Total SPIN, PARITY =    45.5 +,      4 chs,      0 cc.  Rmin & Coul turning =    3.6   13.5
   S-matrix    1 =    1.00000   0.00000 for L=   46, J=   45.5 channel on core I =   0.0 from L=   46,  Acc. loss =  0.0 D.
 Elastic phase shift   1 =    0.000   0.000 deg. for the L =   46, J =   45.5 channel.
0****** WARNING : ACCURACY LOSS IN ERWIN = 14.4 DIGITS, SO EXPECT ERRORS OF   0.0000 % OF UNITARITY

      45.5  1.00000000  0.00000010i: elastic S-matrix  @@      0.00  0   0 F  0
 Reaction Xsec    45.5+/46 @ 1 =   0.277#, Out:   0.000#   0.000#   0.000f


 Total SPIN, PARITY =    45.5 -,      4 chs,      0 cc.  Rmin & Coul turning =    3.6   13.5
   S-matrix    1 =    1.00000   0.00000 for L=   45, J=   45.5 channel on core I =   0.0 from L=   45,  Acc. loss =  0.0 D.
 Elastic phase shift   1 =    0.000   0.000 deg. for the L =   45, J =   45.5 channel.
      45.5  1.00000000  0.00000015i: elastic S-matrix  @@      0.00  0   0 F  0
 Reaction Xsec    45.5-/45 @ 1 =   0.492#, Out:   0.000#   0.000#   0.000f


 Total SPIN, PARITY =    46.5 +,      4 chs,      0 cc.  Rmin & Coul turning =    3.7   13.8
   S-matrix    1 =    1.00000   0.00000 for L=   46, J=   46.5 channel on core I =   0.0 from L=   46,  Acc. loss =  0.0 D.
 Elastic phase shift   1 =    0.000   0.000 deg. for the L =   46, J =   46.5 channel.
0****** WARNING : ACCURACY LOSS IN ERWIN = 14.5 DIGITS, SO EXPECT ERRORS OF   0.0000 % OF UNITARITY

      46.5  1.00000000  0.00000011i: elastic S-matrix  @@      0.02  0   0 F  0
 Reaction Xsec    46.5+/46 @ 1 =   0.283#, Out:   0.000#   0.000#   0.000f


 Total SPIN, PARITY =    46.5 -,      4 chs,      0 cc.  Rmin & Coul turning =    3.7   13.8
   S-matrix    1 =    1.00000   0.00000 for L=   47, J=   46.5 channel on core I =   0.0 from L=   47,  Acc. loss =  0.0 D.
 Elastic phase shift   1 =    0.000   0.000 deg. for the L =   47, J =   46.5 channel.
0****** WARNING : ACCURACY LOSS IN ERWIN = 14.6 DIGITS, SO EXPECT ERRORS OF   0.0000 % OF UNITARITY

      46.5  1.00000000  0.00000012i: elastic S-matrix  @@      0.00  0   0 F  0
 Reaction Xsec    46.5-/47 @ 1 =   0.159#, Out:   0.000#   0.000#   0.000f


 Total SPIN, PARITY =    47.5 +,      4 chs,      0 cc.  Rmin & Coul turning =    3.8   14.1
   S-matrix    1 =    1.00000   0.00000 for L=   48, J=   47.5 channel on core I =   0.0 from L=   48,  Acc. loss =  0.0 D.
 Elastic phase shift   1 =    0.000   0.000 deg. for the L =   48, J =   47.5 channel.
      47.5  1.00000000  0.00000011i: elastic S-matrix  @@      0.00  0   0 F  0
 Reaction Xsec    47.5+/48 @ 1 =   0.092#, Out:   0.000#   0.000#   0.000f


 Total SPIN, PARITY =    47.5 -,      4 chs,      0 cc.  Rmin & Coul turning =    3.8   14.1
   S-matrix    1 =    1.00000   0.00000 for L=   47, J=   47.5 channel on core I =   0.0 from L=   47,  Acc. loss =  0.0 D.
 Elastic phase shift   1 =    0.000   0.000 deg. for the L =   47, J =   47.5 channel.
0****** WARNING : ACCURACY LOSS IN ERWIN = 14.5 DIGITS, SO EXPECT ERRORS OF   0.0000 % OF UNITARITY

      47.5  1.00000000  0.00000012i: elastic S-matrix  @@      0.00  0   0 F  0
 Reaction Xsec    47.5-/47 @ 1 =   0.163#, Out:   0.000#   0.000#   0.000f


 Total SPIN, PARITY =    48.5 +,      4 chs,      0 cc.  Rmin & Coul turning =    3.8   14.4
   S-matrix    1 =    1.00000   0.00000 for L=   48, J=   48.5 channel on core I =   0.0 from L=   48,  Acc. loss =  0.0 D.
 Elastic phase shift   1 =    0.000   0.000 deg. for the L =   48, J =   48.5 channel.
      48.5  1.00000000  0.00000011i: elastic S-matrix  @@      0.00  0   0 F  0
 Reaction Xsec    48.5+/48 @ 1 =   0.094#, Out:   0.000#   0.000#   0.000f


 Total SPIN, PARITY =    48.5 -,      4 chs,      0 cc.  Rmin & Coul turning =    3.8   14.4
   S-matrix    1 =    1.00000   0.00000 for L=   49, J=   48.5 channel on core I =   0.0 from L=   49,  Acc. loss =  0.0 D.
 Elastic phase shift   1 =    0.000   0.000 deg. for the L =   49, J =   48.5 channel.
0****** WARNING : ACCURACY LOSS IN ERWIN = 14.4 DIGITS, SO EXPECT ERRORS OF   0.0000 % OF UNITARITY

      48.5  1.00000000  0.00000008i: elastic S-matrix  @@      0.00  0   0 F  0
 Reaction Xsec    48.5-/49 @ 1 =   0.053#, Out:   0.000#   0.000#   0.000f


 Total SPIN, PARITY =    49.5 +,      4 chs,      0 cc.  Rmin & Coul turning =    3.9   14.7
   S-matrix    1 =    1.00000   0.00000 for L=   50, J=   49.5 channel on core I =   0.0 from L=   50,  Acc. loss =  0.0 D.
 Elastic phase shift   1 =    0.000   0.000 deg. for the L =   50, J =   49.5 channel.
0****** WARNING : ACCURACY LOSS IN ERWIN = 14.4 DIGITS, SO EXPECT ERRORS OF   0.0000 % OF UNITARITY

      49.5  1.00000000  0.00000009i: elastic S-matrix  @@      0.02  0   0 F  0
 Reaction Xsec    49.5+/50 @ 1 =   0.030#, Out:   0.000#   0.000#   0.000f


 Total SPIN, PARITY =    49.5 -,      4 chs,      0 cc.  Rmin & Coul turning =    3.9   14.7
   S-matrix    1 =    1.00000   0.00000 for L=   49, J=   49.5 channel on core I =   0.0 from L=   49,  Acc. loss =  0.0 D.
 Elastic phase shift   1 =    0.000   0.000 deg. for the L =   49, J =   49.5 channel.
0****** WARNING : ACCURACY LOSS IN ERWIN = 14.9 DIGITS, SO EXPECT ERRORS OF   0.0000 % OF UNITARITY

      49.5  1.00000000  0.00000008i: elastic S-matrix  @@      0.00  0   0 F  0
 Reaction Xsec    49.5-/49 @ 1 =   0.054#, Out:   0.000#   0.000#   0.000f


 Total SPIN, PARITY =    50.5 +,      4 chs,      0 cc.  Rmin & Coul turning =    4.0   15.0
   S-matrix    1 =    1.00000   0.00000 for L=   50, J=   50.5 channel on core I =   0.0 from L=   50,  Acc. loss =  0.0 D.
 Elastic phase shift   1 =    0.000   0.000 deg. for the L =   50, J =   50.5 channel.
0****** WARNING : ACCURACY LOSS IN ERWIN = 14.2 DIGITS, SO EXPECT ERRORS OF   0.0000 % OF UNITARITY

      50.5  1.00000000  0.00000009i: elastic S-matrix  @@      0.00  0   0 F  0
 Reaction Xsec    50.5+/50 @ 1 =   0.031#, Out:   0.000#   0.000#   0.000f


 Total SPIN, PARITY =    50.5 -,      4 chs,      0 cc.  Rmin & Coul turning =    4.0   15.0
   S-matrix    1 =    1.00000   0.00000 for L=   51, J=   50.5 channel on core I =   0.0 from L=   51,  Acc. loss =  0.0 D.
 Elastic phase shift   1 =    0.000   0.000 deg. for the L =   51, J =   50.5 channel.
0****** WARNING : ACCURACY LOSS IN ERWIN = 14.3 DIGITS, SO EXPECT ERRORS OF   0.0000 % OF UNITARITY

      50.5  1.00000000  0.00000009i: elastic S-matrix  @@      0.00  0   0 F  0
 Reaction Xsec    50.5-/51 @ 1 =   0.017#, Out:   0.000#   0.000#   0.000f


 Total SPIN, PARITY =    51.5 +,      4 chs,      0 cc.  Rmin & Coul turning =    4.0   15.3
   S-matrix    1 =    1.00000   0.00000 for L=   52, J=   51.5 channel on core I =   0.0 from L=   52,  Acc. loss =  0.0 D.
 Elastic phase shift   1 =    0.000   0.000 deg. for the L =   52, J =   51.5 channel.
0****** WARNING : ACCURACY LOSS IN ERWIN = 14.4 DIGITS, SO EXPECT ERRORS OF   0.0000 % OF UNITARITY

      51.5  1.00000000  0.00000006i: elastic S-matrix  @@      0.00  0   0 F  0
 Reaction Xsec    51.5+/52 @ 1 =   0.010#, Out:   0.000#   0.000#   0.000f


 Total SPIN, PARITY =    51.5 -,      4 chs,      0 cc.  Rmin & Coul turning =    4.0   15.3
   S-matrix    1 =    1.00000   0.00000 for L=   51, J=   51.5 channel on core I =   0.0 from L=   51,  Acc. loss =  0.0 D.
 Elastic phase shift   1 =    0.000   0.000 deg. for the L =   51, J =   51.5 channel.
      51.5  1.00000000  0.00000009i: elastic S-matrix  @@      0.00  0   0 F  0
 Reaction Xsec    51.5-/51 @ 1 =   0.018#, Out:   0.000#   0.000#   0.000f


 Total SPIN, PARITY =    52.5 +,      4 chs,      0 cc.  Rmin & Coul turning =    4.2   15.6
   S-matrix    1 =    1.00000   0.00000 for L=   52, J=   52.5 channel on core I =   0.0 from L=   52,  Acc. loss =  0.0 D.
 Elastic phase shift   1 =    0.000   0.000 deg. for the L =   52, J =   52.5 channel.
0****** WARNING : ACCURACY LOSS IN ERWIN = 14.7 DIGITS, SO EXPECT ERRORS OF   0.0000 % OF UNITARITY

      52.5  1.00000000  0.00000006i: elastic S-matrix  @@      0.00  0   0 F  0
 Reaction Xsec    52.5+/52 @ 1 =   0.010#, Out:   0.000#   0.000#   0.000f


 Total SPIN, PARITY =    52.5 -,      4 chs,      0 cc.  Rmin & Coul turning =    4.2   15.6
   S-matrix    1 =    1.00000   0.00000 for L=   53, J=   52.5 channel on core I =   0.0 from L=   53,  Acc. loss =  0.0 D.
 Elastic phase shift   1 =    0.000   0.000 deg. for the L =   53, J =   52.5 channel.
0****** WARNING : ACCURACY LOSS IN ERWIN = 14.5 DIGITS, SO EXPECT ERRORS OF   0.0000 % OF UNITARITY

      52.5  1.00000000  0.00000008i: elastic S-matrix  @@      0.02  0   0 F  0
 Reaction Xsec    52.5-/53 @ 1 =   0.006#, Out:   0.000#   0.000#   0.000f


 Total SPIN, PARITY =    53.5 +,      4 chs,      0 cc.  Rmin & Coul turning =    4.2   15.9
   S-matrix    1 =    1.00000   0.00000 for L=   54, J=   53.5 channel on core I =   0.0 from L=   54,  Acc. loss =  0.0 D.
 Elastic phase shift   1 =    0.000   0.000 deg. for the L =   54, J =   53.5 channel.
0****** WARNING : ACCURACY LOSS IN ERWIN = 14.3 DIGITS, SO EXPECT ERRORS OF   0.0000 % OF UNITARITY

      53.5  1.00000000  0.00000007i: elastic S-matrix  @@      0.00  0   0 F  0
 Reaction Xsec    53.5+/54 @ 1 =   0.003#, Out:   0.000#   0.000#   0.000f


 Total SPIN, PARITY =    53.5 -,      4 chs,      0 cc.  Rmin & Coul turning =    4.2   15.9
   S-matrix    1 =    1.00000   0.00000 for L=   53, J=   53.5 channel on core I =   0.0 from L=   53,  Acc. loss =  0.0 D.
 Elastic phase shift   1 =    0.000   0.000 deg. for the L =   53, J =   53.5 channel.
0****** WARNING : ACCURACY LOSS IN ERWIN = 15.2 DIGITS, SO EXPECT ERRORS OF   0.0000 % OF UNITARITY

      53.5  1.00000000  0.00000008i: elastic S-matrix  @@      0.00  0   0 F  0
 Reaction Xsec    53.5-/53 @ 1 =   0.006#, Out:   0.000#   0.000#   0.000f


 Total SPIN, PARITY =    54.5 +,      4 chs,      0 cc.  Rmin & Coul turning =    4.3   16.2
   S-matrix    1 =    1.00000   0.00000 for L=   54, J=   54.5 channel on core I =   0.0 from L=   54,  Acc. loss =  0.0 D.
 Elastic phase shift   1 =    0.000   0.000 deg. for the L =   54, J =   54.5 channel.
      54.5  1.00000000  0.00000007i: elastic S-matrix  @@      0.00  0   0 F  0
 Reaction Xsec    54.5+/54 @ 1 =   0.003#, Out:   0.000#   0.000#   0.000f


 Total SPIN, PARITY =    54.5 -,      4 chs,      0 cc.  Rmin & Coul turning =    4.3   16.2
   S-matrix    1 =    1.00000   0.00000 for L=   55, J=   54.5 channel on core I =   0.0 from L=   55,  Acc. loss =  0.0 D.
 Elastic phase shift   1 =    0.000   0.000 deg. for the L =   55, J =   54.5 channel.
0****** WARNING : ACCURACY LOSS IN ERWIN = 15.3 DIGITS, SO EXPECT ERRORS OF   0.0000 % OF UNITARITY

      54.5  1.00000000  0.00000004i: elastic S-matrix  @@      0.00  0   0 F  0
 Reaction Xsec    54.5-/55 @ 1 =   0.002#, Out:   0.000#   0.000#   0.000f


 Total SPIN, PARITY =    55.5 +,      4 chs,      0 cc.  Rmin & Coul turning =    4.4   16.5
   S-matrix    1 =    1.00000   0.00000 for L=   56, J=   55.5 channel on core I =   0.0 from L=   56,  Acc. loss =  0.0 D.
 Elastic phase shift   1 =    0.000   0.000 deg. for the L =   56, J =   55.5 channel.
0****** WARNING : ACCURACY LOSS IN ERWIN = 14.9 DIGITS, SO EXPECT ERRORS OF   0.0000 % OF UNITARITY

      55.5  1.00000000  0.00000006i: elastic S-matrix  @@      0.00  0   0 F  0
 Reaction Xsec    55.5+/56 @ 1 =   0.001#, Out:   0.000#   0.000#   0.000f


 Total SPIN, PARITY =    55.5 -,      4 chs,      0 cc.  Rmin & Coul turning =    4.4   16.5
   S-matrix    1 =    1.00000   0.00000 for L=   55, J=   55.5 channel on core I =   0.0 from L=   55,  Acc. loss =  0.0 D.
 Elastic phase shift   1 =    0.000   0.000 deg. for the L =   55, J =   55.5 channel.
0****** WARNING : ACCURACY LOSS IN ERWIN = 14.7 DIGITS, SO EXPECT ERRORS OF   0.0000 % OF UNITARITY

      55.5  1.00000000  0.00000004i: elastic S-matrix  @@      0.02  0   0 F  0
 Reaction Xsec    55.5-/55 @ 1 =   0.002#, Out:   0.000#   0.000#   0.000f


 Total SPIN, PARITY =    56.5 +,      4 chs,      0 cc.  Rmin & Coul turning =    4.5   16.8
   S-matrix    1 =    1.00000   0.00000 for L=   56, J=   56.5 channel on core I =   0.0 from L=   56,  Acc. loss =  0.0 D.
 Elastic phase shift   1 =    0.000   0.000 deg. for the L =   56, J =   56.5 channel.
      56.5  1.00000000  0.00000006i: elastic S-matrix  @@      0.00  0   0 F  0
 Reaction Xsec    56.5+/56 @ 1 =   0.001#, Out:   0.000#   0.000#   0.000f


 Total SPIN, PARITY =    56.5 -,      4 chs,      0 cc.  Rmin & Coul turning =    4.5   16.8
   S-matrix    1 =    1.00000   0.00000 for L=   57, J=   56.5 channel on core I =   0.0 from L=   57,  Acc. loss =  0.0 D.
 Elastic phase shift   1 =    0.000   0.000 deg. for the L =   57, J =   56.5 channel.
      56.5  1.00000000  0.00000007i: elastic S-matrix  @@      0.00  0   0 F  0
 Reaction Xsec    56.5-/57 @ 1 =   0.001#, Out:   0.000#   0.001#  -0.000f


 Total SPIN, PARITY =    57.5 +,      4 chs,      0 cc.  Rmin & Coul turning =    4.5   17.1
   S-matrix    1 =    1.00000   0.00000 for L=   58, J=   57.5 channel on core I =   0.0 from L=   58,  Acc. loss =  0.0 D.
 Elastic phase shift   1 =    0.000   0.000 deg. for the L =   58, J =   57.5 channel.
      57.5  1.00000000  0.00000003i: elastic S-matrix  @@      0.00  0   0 F  0
 Reaction Xsec    57.5+/58 @ 1 =   0.000#, Out:   0.000#   0.000#   0.000f


 Total SPIN, PARITY =    57.5 -,      4 chs,      0 cc.  Rmin & Coul turning =    4.5   17.1
   S-matrix    1 =    1.00000   0.00000 for L=   57, J=   57.5 channel on core I =   0.0 from L=   57,  Acc. loss =  0.0 D.
 Elastic phase shift   1 =    0.000   0.000 deg. for the L =   57, J =   57.5 channel.
0****** WARNING : ACCURACY LOSS IN ERWIN = 14.4 DIGITS, SO EXPECT ERRORS OF   0.0000 % OF UNITARITY

      57.5  1.00000000  0.00000007i: elastic S-matrix  @@      0.00  0   0 F  0
 Reaction Xsec    57.5-/57 @ 1 =   0.001#, Out:   0.000#   0.000#   0.000f


 Total SPIN, PARITY =    58.5 +,      4 chs,      0 cc.  Rmin & Coul turning =    4.6   17.4
   S-matrix    1 =    1.00000   0.00000 for L=   58, J=   58.5 channel on core I =   0.0 from L=   58,  Acc. loss =  0.0 D.
 Elastic phase shift   1 =    0.000   0.000 deg. for the L =   58, J =   58.5 channel.
0****** WARNING : ACCURACY LOSS IN ERWIN = 14.4 DIGITS, SO EXPECT ERRORS OF   0.0000 % OF UNITARITY

      58.5  1.00000000  0.00000003i: elastic S-matrix  @@      0.00  0   0 F  0
 Reaction Xsec    58.5+/58 @ 1 =   0.000#, Out:   0.000#   0.000#   0.000f


 Total SPIN, PARITY =    58.5 -,      4 chs,      0 cc.  Rmin & Coul turning =    4.6   17.4
   S-matrix    1 =    1.00000   0.00000 for L=   59, J=   58.5 channel on core I =   0.0 from L=   59,  Acc. loss =  0.0 D.
 Elastic phase shift   1 =    0.000   0.000 deg. for the L =   59, J =   58.5 channel.
      58.5  1.00000000  0.00000003i: elastic S-matrix  @@      0.02  0   0 F  0
 Reaction Xsec    58.5-/59 @ 1 =   0.000#, Out:   0.000#   0.001#  -0.000f


 Total SPIN, PARITY =    59.5 +,      4 chs,      0 cc.  Rmin & Coul turning =    4.7   17.7
   S-matrix    1 =    1.00000   0.00000 for L=   60, J=   59.5 channel on core I =   0.0 from L=   60,  Acc. loss =  0.0 D.
 Elastic phase shift   1 =    0.000   0.000 deg. for the L =   60, J =   59.5 channel.
      59.5  1.00000000  0.00000006i: elastic S-matrix  @@      0.00  0   0 F  0
 Reaction Xsec    59.5+/60 @ 1 =   0.000#, Out:   0.000#   0.000#  -0.000f


 Total SPIN, PARITY =    59.5 -,      4 chs,      0 cc.  Rmin & Coul turning =    4.7   17.7
   S-matrix    1 =    1.00000   0.00000 for L=   59, J=   59.5 channel on core I =   0.0 from L=   59,  Acc. loss =  0.0 D.
 Elastic phase shift   1 =    0.000   0.000 deg. for the L =   59, J =   59.5 channel.
      59.5  1.00000000  0.00000003i: elastic S-matrix  @@      0.00  0   0 F  0
 Reaction Xsec    59.5-/59 @ 1 =   0.000#, Out:   0.000#   0.000#   0.000f


 Total SPIN, PARITY =    60.5 +,      4 chs,      0 cc.  Rmin & Coul turning =    4.8   18.0
   S-matrix    1 =    1.00000   0.00000 for L=   60, J=   60.5 channel on core I =   0.0 from L=   60,  Acc. loss =  0.0 D.
 Elastic phase shift   1 =    0.000   0.000 deg. for the L =   60, J =   60.5 channel.
0****** WARNING : ACCURACY LOSS IN ERWIN = 14.2 DIGITS, SO EXPECT ERRORS OF   0.0000 % OF UNITARITY

      60.5  1.00000000  0.00000006i: elastic S-matrix  @@      0.02  0   0 F  0
 Reaction Xsec    60.5+/60 @ 1 =   0.000#, Out:   0.000#   0.000#   0.000f


 Total SPIN, PARITY =    60.5 -,      4 chs,      0 cc.  Rmin & Coul turning =    4.8   18.0
   S-matrix    1 =    1.00000   0.00000 for L=   61, J=   60.5 channel on core I =   0.0 from L=   61,  Acc. loss =  0.0 D.
 Elastic phase shift   1 =    0.000   0.000 deg. for the L =   61, J =   60.5 channel.
0****** WARNING : ACCURACY LOSS IN ERWIN = 14.4 DIGITS, SO EXPECT ERRORS OF   0.0000 % OF UNITARITY

      60.5  1.00000000  0.00000003i: elastic S-matrix  @@      0.00  0   0 F  0
 Reaction Xsec    60.5-/61 @ 1 =   0.000#, Out:   0.000#   0.000#   0.000f


 Total SPIN, PARITY =    61.5 +,      4 chs,      0 cc.  Rmin & Coul turning =    4.9   18.2
   S-matrix    1 =    1.00000   0.00000 for L=   62, J=   61.5 channel on core I =   0.0 from L=   62,  Acc. loss =  0.0 D.
 Elastic phase shift   1 =    0.000   0.000 deg. for the L =   62, J =   61.5 channel.
0****** WARNING : ACCURACY LOSS IN ERWIN = 14.3 DIGITS, SO EXPECT ERRORS OF   0.0000 % OF UNITARITY

      61.5  1.00000000  0.00000000i: elastic S-matrix  @@      0.00  0   0 F  0
 Reaction Xsec    61.5+/62 @ 1 =   0.000#, Out:   0.000#   0.001#  -0.000f


 Total SPIN, PARITY =    61.5 -,      4 chs,      0 cc.  Rmin & Coul turning =    4.9   18.2
   S-matrix    1 =    1.00000   0.00000 for L=   61, J=   61.5 channel on core I =   0.0 from L=   61,  Acc. loss =  0.0 D.
 Elastic phase shift   1 =    0.000   0.000 deg. for the L =   61, J =   61.5 channel.
0****** WARNING : ACCURACY LOSS IN ERWIN = 14.3 DIGITS, SO EXPECT ERRORS OF   0.0000 % OF UNITARITY

      61.5  1.00000000  0.00000003i: elastic S-matrix  @@      0.00  0   0 F  0
 Reaction Xsec    61.5-/61 @ 1 =   0.000#, Out:   0.000#   0.000#  -0.000f


 Total SPIN, PARITY =    62.5 +,      4 chs,      0 cc.  Rmin & Coul turning =    5.0   18.5
   S-matrix    1 =    1.00000   0.00000 for L=   62, J=   62.5 channel on core I =   0.0 from L=   62,  Acc. loss =  0.0 D.
 Elastic phase shift   1 =    0.000   0.000 deg. for the L =   62, J =   62.5 channel.
0****** WARNING : ACCURACY LOSS IN ERWIN = 14.4 DIGITS, SO EXPECT ERRORS OF   0.0000 % OF UNITARITY

      62.5  1.00000000  0.00000000i: elastic S-matrix  @@      0.02  0   0 F  0
 Reaction Xsec    62.5+/62 @ 1 =   0.000#, Out:   0.000#   0.000#   0.000f


 Total SPIN, PARITY =    62.5 -,      4 chs,      0 cc.  Rmin & Coul turning =    5.0   18.5
   S-matrix    1 =    1.00000   0.00000 for L=   63, J=   62.5 channel on core I =   0.0 from L=   63,  Acc. loss =  0.0 D.
 Elastic phase shift   1 =    0.000   0.000 deg. for the L =   63, J =   62.5 channel.
      62.5  1.00000000  0.00000003i: elastic S-matrix  @@      0.00  0   0 F  0
 Reaction Xsec    62.5-/63 @ 1 =   0.000#, Out:   0.000#   0.002#  -0.000f


 Total SPIN, PARITY =    63.5 +,      4 chs,      0 cc.  Rmin & Coul turning =    5.0   18.8
   S-matrix    1 =    1.00000   0.00000 for L=   64, J=   63.5 channel on core I =   0.0 from L=   64,  Acc. loss =  0.0 D.
 Elastic phase shift   1 =    0.000   0.000 deg. for the L =   64, J =   63.5 channel.
0****** WARNING : ACCURACY LOSS IN ERWIN = 14.6 DIGITS, SO EXPECT ERRORS OF   0.0000 % OF UNITARITY

      63.5  1.00000000  0.00000003i: elastic S-matrix  @@      0.00  0   0 F  0
 Reaction Xsec    63.5+/64 @ 1 =   0.000#, Out:   0.000#   0.000#  -0.000f


 Total SPIN, PARITY =    63.5 -,      4 chs,      0 cc.  Rmin & Coul turning =    5.0   18.8
   S-matrix    1 =    1.00000   0.00000 for L=   63, J=   63.5 channel on core I =   0.0 from L=   63,  Acc. loss =  0.0 D.
 Elastic phase shift   1 =    0.000   0.000 deg. for the L =   63, J =   63.5 channel.
      63.5  1.00000000  0.00000003i: elastic S-matrix  @@      0.00  0   0 F  0
 Reaction Xsec    63.5-/63 @ 1 =   0.000#, Out:   0.000#   0.000#   0.000f


 Total SPIN, PARITY =    64.5 +,      4 chs,      0 cc.  Rmin & Coul turning =    5.1   19.1
   S-matrix    1 =    1.00000   0.00000 for L=   64, J=   64.5 channel on core I =   0.0 from L=   64,  Acc. loss =  0.0 D.
 Elastic phase shift   1 =    0.000   0.000 deg. for the L =   64, J =   64.5 channel.
0****** WARNING : ACCURACY LOSS IN ERWIN = 14.9 DIGITS, SO EXPECT ERRORS OF   0.0000 % OF UNITARITY

      64.5  1.00000000  0.00000003i: elastic S-matrix  @@      0.00  0   0 F  0
 Reaction Xsec    64.5+/64 @ 1 =   0.000#, Out:   0.000#   0.000#   0.000f


 Total SPIN, PARITY =    64.5 -,      4 chs,      0 cc.  Rmin & Coul turning =    5.1   19.1
   S-matrix    1 =    1.00000  -0.00000 for L=   65, J=   64.5 channel on core I =   0.0 from L=   65,  Acc. loss =  0.0 D.
 Elastic phase shift   1 =   -0.000   0.000 deg. for the L =   65, J =   64.5 channel.
0****** WARNING : ACCURACY LOSS IN ERWIN = 14.8 DIGITS, SO EXPECT ERRORS OF   0.0000 % OF UNITARITY

      64.5  1.00000000 -0.00000001i: elastic S-matrix  @@      0.00  0   0 F  0
 Reaction Xsec    64.5-/65 @ 1 =   0.000#, Out:   0.000#   0.000#  -0.000f


 Total SPIN, PARITY =    65.5 +,      4 chs,      0 cc.  Rmin & Coul turning =    5.2   19.4
   S-matrix    1 =    1.00000  -0.00000 for L=   66, J=   65.5 channel on core I =   0.0 from L=   66,  Acc. loss =  0.0 D.
 Elastic phase shift   1 =   -0.000   0.000 deg. for the L =   66, J =   65.5 channel.
      65.5  1.00000000 -0.00000000i: elastic S-matrix  @@      0.00  0   0 F  0
 Reaction Xsec    65.5+/66 @ 1 =   0.000#, Out:   0.000#   0.000#  -0.000f


 Total SPIN, PARITY =    65.5 -,      4 chs,      0 cc.  Rmin & Coul turning =    5.2   19.4
   S-matrix    1 =    1.00000  -0.00000 for L=   65, J=   65.5 channel on core I =   0.0 from L=   65,  Acc. loss =  0.0 D.
 Elastic phase shift   1 =   -0.000   0.000 deg. for the L =   65, J =   65.5 channel.
0****** WARNING : ACCURACY LOSS IN ERWIN = 14.5 DIGITS, SO EXPECT ERRORS OF   0.0000 % OF UNITARITY

      65.5  1.00000000 -0.00000001i: elastic S-matrix  @@      0.02  0   0 F  0
 Reaction Xsec    65.5-/65 @ 1 =   0.000#, Out:   0.000#   0.000#   0.000f


 Total SPIN, PARITY =    66.5 +,      4 chs,      0 cc.  Rmin & Coul turning =    5.2   19.7
   S-matrix    1 =    1.00000  -0.00000 for L=   66, J=   66.5 channel on core I =   0.0 from L=   66,  Acc. loss =  0.0 D.
 Elastic phase shift   1 =   -0.000   0.000 deg. for the L =   66, J =   66.5 channel.
      66.5  1.00000000 -0.00000000i: elastic S-matrix  @@      0.00  0   0 F  0
 Reaction Xsec    66.5+/66 @ 1 =   0.000#, Out:   0.000#   0.000#  -0.000f


 Total SPIN, PARITY =    66.5 -,      4 chs,      0 cc.  Rmin & Coul turning =    5.2   19.7
   S-matrix    1 =    1.00000   0.00000 for L=   67, J=   66.5 channel on core I =   0.0 from L=   67,  Acc. loss =  0.0 D.
 Elastic phase shift   1 =    0.000   0.000 deg. for the L =   67, J =   66.5 channel.
0****** WARNING : ACCURACY LOSS IN ERWIN = 14.3 DIGITS, SO EXPECT ERRORS OF   0.0000 % OF UNITARITY

      66.5  1.00000000  0.00000003i: elastic S-matrix  @@      0.00  0   0 F  0
 Reaction Xsec    66.5-/67 @ 1 =   0.000#, Out:   0.000#   0.000#  -0.000f


 Total SPIN, PARITY =    67.5 +,      4 chs,      0 cc.  Rmin & Coul turning =    5.4   20.0
   S-matrix    1 =    1.00000   0.00000 for L=   68, J=   67.5 channel on core I =   0.0 from L=   68,  Acc. loss =  0.0 D.
 Elastic phase shift   1 =    0.000   0.000 deg. for the L =   68, J =   67.5 channel.
0****** WARNING : ACCURACY LOSS IN ERWIN = 14.8 DIGITS, SO EXPECT ERRORS OF   0.0000 % OF UNITARITY

      67.5  1.00000000  0.00000001i: elastic S-matrix  @@      0.00  0   0 F  0
 Reaction Xsec    67.5+/68 @ 1 =   0.000#, Out:   0.000#   0.000#  -0.000f


 Total SPIN, PARITY =    67.5 -,      4 chs,      0 cc.  Rmin & Coul turning =    5.4   20.0
   S-matrix    1 =    1.00000   0.00000 for L=   67, J=   67.5 channel on core I =   0.0 from L=   67,  Acc. loss =  0.0 D.
 Elastic phase shift   1 =    0.000   0.000 deg. for the L =   67, J =   67.5 channel.
0****** WARNING : ACCURACY LOSS IN ERWIN = 14.5 DIGITS, SO EXPECT ERRORS OF   0.0000 % OF UNITARITY

      67.5  1.00000000  0.00000003i: elastic S-matrix  @@      0.00  0   0 F  0
 Reaction Xsec    67.5-/67 @ 1 =   0.000#, Out:   0.000#   0.000#  -0.000f


 Total SPIN, PARITY =    68.5 +,      4 chs,      0 cc.  Rmin & Coul turning =    5.4   20.3
   S-matrix    1 =    1.00000   0.00000 for L=   68, J=   68.5 channel on core I =   0.0 from L=   68,  Acc. loss =  0.0 D.
 Elastic phase shift   1 =    0.000   0.000 deg. for the L =   68, J =   68.5 channel.
0****** WARNING : ACCURACY LOSS IN ERWIN = 14.3 DIGITS, SO EXPECT ERRORS OF   0.0000 % OF UNITARITY

      68.5  1.00000000  0.00000001i: elastic S-matrix  @@      0.00  0   0 F  0
 Reaction Xsec    68.5+/68 @ 1 =   0.000#, Out:   0.000#   0.000#  -0.000f


 Total SPIN, PARITY =    68.5 -,      4 chs,      0 cc.  Rmin & Coul turning =    5.4   20.3
   S-matrix    1 =    1.00000  -0.00000 for L=   69, J=   68.5 channel on core I =   0.0 from L=   69,  Acc. loss =  0.0 D.
 Elastic phase shift   1 =   -0.000   0.000 deg. for the L =   69, J =   68.5 channel.
      68.5  1.00000000 -0.00000003i: elastic S-matrix  @@      0.02  0   0 F  0
 Reaction Xsec    68.5-/69 @ 1 =   0.000#, Out:   0.000#   0.001#  -0.000f


 Total SPIN, PARITY =    69.5 +,      4 chs,      0 cc.  Rmin & Coul turning =    5.5   20.6
   S-matrix    1 =    1.00000  -0.00000 for L=   70, J=   69.5 channel on core I =   0.0 from L=   70,  Acc. loss =  0.0 D.
 Elastic phase shift   1 =   -0.000   0.000 deg. for the L =   70, J =   69.5 channel.
      69.5  1.00000000 -0.00000001i: elastic S-matrix  @@      0.00  0   0 F  0
 Reaction Xsec    69.5+/70 @ 1 =   0.000#, Out:   0.000#   0.002#  -0.000f


 Total SPIN, PARITY =    69.5 -,      4 chs,      0 cc.  Rmin & Coul turning =    5.5   20.6
   S-matrix    1 =    1.00000  -0.00000 for L=   69, J=   69.5 channel on core I =   0.0 from L=   69,  Acc. loss =  0.0 D.
 Elastic phase shift   1 =   -0.000   0.000 deg. for the L =   69, J =   69.5 channel.
      69.5  1.00000000 -0.00000003i: elastic S-matrix  @@      0.00  0   0 F  0
 Reaction Xsec    69.5-/69 @ 1 =   0.000#, Out:   0.000#   0.000#  -0.000f


 Total SPIN, PARITY =    70.5 +,      4 chs,      0 cc.  Rmin & Coul turning =    5.6   20.9
   S-matrix    1 =    1.00000  -0.00000 for L=   70, J=   70.5 channel on core I =   0.0 from L=   70,  Acc. loss =  0.0 D.
 Elastic phase shift   1 =   -0.000   0.000 deg. for the L =   70, J =   70.5 channel.
0****** WARNING : ACCURACY LOSS IN ERWIN = 14.9 DIGITS, SO EXPECT ERRORS OF   0.0000 % OF UNITARITY

      70.5  1.00000000 -0.00000001i: elastic S-matrix  @@      0.00  0   0 F  0
 Reaction Xsec    70.5+/70 @ 1 =   0.000#, Out:   0.000#   0.000#  -0.000f


 Total SPIN, PARITY =    70.5 -,      4 chs,      0 cc.  Rmin & Coul turning =    5.6   20.9
   S-matrix    1 =    1.00000   0.00000 for L=   71, J=   70.5 channel on core I =   0.0 from L=   71,  Acc. loss =  0.0 D.
 Elastic phase shift   1 =    0.000   0.000 deg. for the L =   71, J =   70.5 channel.
0****** WARNING : ACCURACY LOSS IN ERWIN = 14.7 DIGITS, SO EXPECT ERRORS OF   0.0000 % OF UNITARITY

      70.5  1.00000000  0.00000001i: elastic S-matrix  @@      0.00  0   0 F  0
 Reaction Xsec    70.5-/71 @ 1 =   0.000#, Out:   0.000#   0.001#  -0.000f


 Total SPIN, PARITY =    71.5 +,      4 chs,      0 cc.  Rmin & Coul turning =    5.7   21.2
   S-matrix    1 =    1.00000  -0.00000 for L=   72, J=   71.5 channel on core I =   0.0 from L=   72,  Acc. loss =  0.0 D.
 Elastic phase shift   1 =   -0.000   0.000 deg. for the L =   72, J =   71.5 channel.
0****** WARNING : ACCURACY LOSS IN ERWIN = 14.5 DIGITS, SO EXPECT ERRORS OF   0.0000 % OF UNITARITY

      71.5  1.00000000 -0.00000001i: elastic S-matrix  @@      0.00  0   0 F  0
 Reaction Xsec    71.5+/72 @ 1 =   0.000#, Out:   0.000#   0.001#  -0.000f


 Total SPIN, PARITY =    71.5 -,      4 chs,      0 cc.  Rmin & Coul turning =    5.7   21.2
   S-matrix    1 =    1.00000   0.00000 for L=   71, J=   71.5 channel on core I =   0.0 from L=   71,  Acc. loss =  0.0 D.
 Elastic phase shift   1 =    0.000   0.000 deg. for the L =   71, J =   71.5 channel.
      71.5  1.00000000  0.00000001i: elastic S-matrix  @@      0.00  0   0 F  0
 Reaction Xsec    71.5-/71 @ 1 =   0.000#, Out:   0.000#   0.001#  -0.000f


 Total SPIN, PARITY =    72.5 +,      4 chs,      0 cc.  Rmin & Coul turning =    5.8   21.5
   S-matrix    1 =    1.00000  -0.00000 for L=   72, J=   72.5 channel on core I =   0.0 from L=   72,  Acc. loss =  0.0 D.
 Elastic phase shift   1 =   -0.000   0.000 deg. for the L =   72, J =   72.5 channel.
0****** WARNING : ACCURACY LOSS IN ERWIN = 14.7 DIGITS, SO EXPECT ERRORS OF   0.0000 % OF UNITARITY

      72.5  1.00000000 -0.00000001i: elastic S-matrix  @@      0.02  0   0 F  0
 Reaction Xsec    72.5+/72 @ 1 =   0.000#, Out:   0.000#   0.000#  -0.000f


 Total SPIN, PARITY =    72.5 -,      4 chs,      0 cc.  Rmin & Coul turning =    5.8   21.5
   S-matrix    1 =    1.00000  -0.00000 for L=   73, J=   72.5 channel on core I =   0.0 from L=   73,  Acc. loss =  0.0 D.
 Elastic phase shift   1 =   -0.000   0.000 deg. for the L =   73, J =   72.5 channel.
      72.5  1.00000000 -0.00000005i: elastic S-matrix  @@      0.00  0   0 F  0
 Reaction Xsec    72.5-/73 @ 1 =   0.000#, Out:   0.000#   0.000#  -0.000f


 Total SPIN, PARITY =    73.5 +,      4 chs,      0 cc.  Rmin & Coul turning =    5.8   21.8
   S-matrix    1 =    1.00000  -0.00000 for L=   74, J=   73.5 channel on core I =   0.0 from L=   74,  Acc. loss =  0.0 D.
 Elastic phase shift   1 =   -0.000   0.000 deg. for the L =   74, J =   73.5 channel.
0****** WARNING : ACCURACY LOSS IN ERWIN = 14.4 DIGITS, SO EXPECT ERRORS OF   0.0000 % OF UNITARITY

      73.5  1.00000000 -0.00000003i: elastic S-matrix  @@      0.00  0   0 F  0
 Reaction Xsec    73.5+/74 @ 1 =   0.000#, Out:   0.000#   0.000#  -0.000f


 Total SPIN, PARITY =    73.5 -,      4 chs,      0 cc.  Rmin & Coul turning =    5.8   21.8
   S-matrix    1 =    1.00000  -0.00000 for L=   73, J=   73.5 channel on core I =   0.0 from L=   73,  Acc. loss =  0.0 D.
 Elastic phase shift   1 =   -0.000   0.000 deg. for the L =   73, J =   73.5 channel.
0****** WARNING : ACCURACY LOSS IN ERWIN = 14.2 DIGITS, SO EXPECT ERRORS OF   0.0000 % OF UNITARITY

      73.5  1.00000000 -0.00000005i: elastic S-matrix  @@      0.00  0   0 F  0
 Reaction Xsec    73.5-/73 @ 1 =   0.000#, Out:   0.000#   0.000#  -0.000f


 Total SPIN, PARITY =    74.5 +,      4 chs,      0 cc.  Rmin & Coul turning =    5.9   22.1
   S-matrix    1 =    1.00000  -0.00000 for L=   74, J=   74.5 channel on core I =   0.0 from L=   74,  Acc. loss =  0.0 D.
 Elastic phase shift   1 =   -0.000   0.000 deg. for the L =   74, J =   74.5 channel.
0****** WARNING : ACCURACY LOSS IN ERWIN = 14.2 DIGITS, SO EXPECT ERRORS OF   0.0000 % OF UNITARITY

      74.5  1.00000000 -0.00000003i: elastic S-matrix  @@      0.00  0   0 F  0
 Reaction Xsec    74.5+/74 @ 1 =   0.000#, Out:   0.000#   0.000#  -0.000f


 Total SPIN, PARITY =    74.5 -,      4 chs,      0 cc.  Rmin & Coul turning =    5.9   22.1
   S-matrix    1 =    1.00000  -0.00000 for L=   75, J=   74.5 channel on core I =   0.0 from L=   75,  Acc. loss =  0.0 D.
 Elastic phase shift   1 =   -0.000   0.000 deg. for the L =   75, J =   74.5 channel.
0****** WARNING : ACCURACY LOSS IN ERWIN = 14.3 DIGITS, SO EXPECT ERRORS OF   0.0000 % OF UNITARITY

      74.5  1.00000000 -0.00000000i: elastic S-matrix  @@      0.00  0   0 F  0
 Reaction Xsec    74.5-/75 @ 1 =   0.000#, Out:   0.000#   0.000#  -0.000f


 Total SPIN, PARITY =    75.5 +,      4 chs,      0 cc.  Rmin & Coul turning =    6.0   22.4
   S-matrix    1 =    1.00000  -0.00000 for L=   76, J=   75.5 channel on core I =   0.0 from L=   76,  Acc. loss =  0.0 D.
 Elastic phase shift   1 =   -0.000   0.000 deg. for the L =   76, J =   75.5 channel.
0****** WARNING : ACCURACY LOSS IN ERWIN = 14.5 DIGITS, SO EXPECT ERRORS OF   0.0000 % OF UNITARITY

      75.5  1.00000000 -0.00000001i: elastic S-matrix  @@      0.00  0   0 F  0
 Reaction Xsec    75.5+/76 @ 1 =   0.000#, Out:   0.000#   0.000#  -0.000f


 Total SPIN, PARITY =    75.5 -,      4 chs,      0 cc.  Rmin & Coul turning =    6.0   22.4
   S-matrix    1 =    1.00000  -0.00000 for L=   75, J=   75.5 channel on core I =   0.0 from L=   75,  Acc. loss =  0.0 D.
 Elastic phase shift   1 =   -0.000   0.000 deg. for the L =   75, J =   75.5 channel.
      75.5  1.00000000 -0.00000000i: elastic S-matrix  @@      0.02  0   0 F  0
 Reaction Xsec    75.5-/75 @ 1 =   0.000#, Out:   0.000#   0.000#  -0.000f


 Total SPIN, PARITY =    76.5 +,      4 chs,      0 cc.  Rmin & Coul turning =    6.1   22.7
   S-matrix    1 =    1.00000  -0.00000 for L=   76, J=   76.5 channel on core I =   0.0 from L=   76,  Acc. loss =  0.0 D.
 Elastic phase shift   1 =   -0.000  -0.000 deg. for the L =   76, J =   76.5 channel.
      76.5  1.00000000 -0.00000001i: elastic S-matrix  @@      0.00  0   0 F  0
 Reaction Xsec    76.5+/76 @ 1 =  -0.000#, Out:   0.000#   0.000#  -0.000f


 Total SPIN, PARITY =    76.5 -,      4 chs,      0 cc.  Rmin & Coul turning =    6.1   22.7
   S-matrix    1 =    1.00000  -0.00000 for L=   77, J=   76.5 channel on core I =   0.0 from L=   77,  Acc. loss =  0.0 D.
 Elastic phase shift   1 =   -0.000   0.000 deg. for the L =   77, J =   76.5 channel.
      76.5  1.00000000 -0.00000005i: elastic S-matrix  @@      0.00  0   0 F  0
 Reaction Xsec    76.5-/77 @ 1 =   0.000#, Out:   0.000#   0.000#  -0.000f


 Total SPIN, PARITY =    77.5 +,      4 chs,      0 cc.  Rmin & Coul turning =    6.2   23.0
   S-matrix    1 =    1.00000  -0.00000 for L=   78, J=   77.5 channel on core I =   0.0 from L=   78,  Acc. loss =  0.0 D.
 Elastic phase shift   1 =   -0.000   0.000 deg. for the L =   78, J =   77.5 channel.
0****** WARNING : ACCURACY LOSS IN ERWIN = 15.2 DIGITS, SO EXPECT ERRORS OF   0.0000 % OF UNITARITY

      77.5  1.00000000 -0.00000006i: elastic S-matrix  @@      0.00  0   0 F  0
 Reaction Xsec    77.5+/78 @ 1 =   0.000#, Out:   0.000#   0.000#  -0.000f


 Total SPIN, PARITY =    77.5 -,      4 chs,      0 cc.  Rmin & Coul turning =    6.2   23.0
   S-matrix    1 =    1.00000  -0.00000 for L=   77, J=   77.5 channel on core I =   0.0 from L=   77,  Acc. loss =  0.0 D.
 Elastic phase shift   1 =   -0.000   0.000 deg. for the L =   77, J =   77.5 channel.
      77.5  1.00000000 -0.00000005i: elastic S-matrix  @@      0.00  0   0 F  0
 Reaction Xsec    77.5-/77 @ 1 =   0.000#, Out:   0.000#   0.000#  -0.000f


 Total SPIN, PARITY =    78.5 +,      4 chs,      0 cc.  Rmin & Coul turning =    6.2   23.3
   S-matrix    1 =    1.00000  -0.00000 for L=   78, J=   78.5 channel on core I =   0.0 from L=   78,  Acc. loss =  0.0 D.
 Elastic phase shift   1 =   -0.000   0.000 deg. for the L =   78, J =   78.5 channel.
0****** WARNING : ACCURACY LOSS IN ERWIN = 14.1 DIGITS, SO EXPECT ERRORS OF   0.0000 % OF UNITARITY

      78.5  1.00000000 -0.00000006i: elastic S-matrix  @@      0.00  0   0 F  0
 Reaction Xsec    78.5+/78 @ 1 =   0.000#, Out:   0.000#   0.000#  -0.000f


 Total SPIN, PARITY =    78.5 -,      4 chs,      0 cc.  Rmin & Coul turning =    6.2   23.3
   S-matrix    1 =    1.00000  -0.00000 for L=   79, J=   78.5 channel on core I =   0.0 from L=   79,  Acc. loss =  0.0 D.
 Elastic phase shift   1 =   -0.000   0.000 deg. for the L =   79, J =   78.5 channel.
      78.5  1.00000000 -0.00000003i: elastic S-matrix  @@      0.00  0   0 F  0
 Reaction Xsec    78.5-/79 @ 1 =   0.000#, Out:   0.000#   0.000#  -0.000f


 Total SPIN, PARITY =    79.5 +,      4 chs,      0 cc.  Rmin & Coul turning =    6.3   23.6
   S-matrix    1 =    1.00000  -0.00000 for L=   80, J=   79.5 channel on core I =   0.0 from L=   80,  Acc. loss =  0.0 D.
 Elastic phase shift   1 =   -0.000   0.000 deg. for the L =   80, J =   79.5 channel.
      79.5  1.00000000 -0.00000001i: elastic S-matrix  @@      0.02  0   0 F  0
 Reaction Xsec    79.5+/80 @ 1 =   0.000#, Out:   0.000#   0.000#  -0.000f


 Total SPIN, PARITY =    79.5 -,      4 chs,      0 cc.  Rmin & Coul turning =    6.3   23.6
   S-matrix    1 =    1.00000  -0.00000 for L=   79, J=   79.5 channel on core I =   0.0 from L=   79,  Acc. loss =  0.0 D.
 Elastic phase shift   1 =   -0.000   0.000 deg. for the L =   79, J =   79.5 channel.
0****** WARNING : ACCURACY LOSS IN ERWIN = 14.7 DIGITS, SO EXPECT ERRORS OF   0.0000 % OF UNITARITY

      79.5  1.00000000 -0.00000003i: elastic S-matrix  @@      0.00  0   0 F  0
 Reaction Xsec    79.5-/79 @ 1 =   0.000#, Out:   0.000#   0.000#  -0.000f


 Total SPIN, PARITY =    80.5 +,      4 chs,      0 cc.  Rmin & Coul turning =    6.4   23.9
   S-matrix    1 =    1.00000  -0.00000 for L=   80, J=   80.5 channel on core I =   0.0 from L=   80,  Acc. loss =  0.0 D.
 Elastic phase shift   1 =   -0.000   0.000 deg. for the L =   80, J =   80.5 channel.
      80.5  1.00000000 -0.00000001i: elastic S-matrix  @@      0.00  0   0 F  0
 Reaction Xsec    80.5+/80 @ 1 =   0.000#, Out:   0.000#   0.000#  -0.000f


 Total SPIN, PARITY =    80.5 -,      4 chs,      0 cc.  Rmin & Coul turning =    6.4   23.9
   S-matrix    1 =    1.00000  -0.00000 for L=   81, J=   80.5 channel on core I =   0.0 from L=   81,  Acc. loss =  0.0 D.
 Elastic phase shift   1 =   -0.000   0.000 deg. for the L =   81, J =   80.5 channel.
0****** WARNING : ACCURACY LOSS IN ERWIN = 14.5 DIGITS, SO EXPECT ERRORS OF   0.0000 % OF UNITARITY

      80.5  1.00000000 -0.00000004i: elastic S-matrix  @@      0.00  0   0 F  0
 Reaction Xsec    80.5-/81 @ 1 =   0.000#, Out:   0.000#   0.000#  -0.000f

 Finished all CC sets @   0.515625000    
0CUMULATIVE REACTION cross section                 =  182.38949  <L> =     9.91  <L**2> =    113.3
0CUMULATIVE outgoing cross sections in partition 1 :    0.00000
0CUMULATIVE outgoing cross sections in partition 2 :  8.470E-04
0Cumulative ABSORBTION by Imaginary Potentials     =  182.38864  <L> =     9.91  <L**2> =    113.3
   Fusion for specific p        M-states :  182.388643  182.388643
0CUMULATIVE OUTGOING cross section                 =    0.00085
 To convert to S-factors (MeV.mb = keV.b),  multiply by  3.1029E+02


 CROSS SECTIONS FOR OUTGOING p        & 4He      in state #   1 with spins & parities 0.5  + &  0.0  +;  0

     0.01 deg.: X-S =   1.0138E+12 mb/sr,
+                                         /R =   9.9989E-01
     1.00 deg.: X-S =  4214.146258 mb/sr,
+                                         /R =   4.1559E-01
     2.00 deg.: X-S =  2279.221369 mb/sr,
+                                         /R =   3.5958E+00
     3.00 deg.: X-S =  2942.574186 mb/sr,
+                                         /R =   2.3496E+01
     4.00 deg.: X-S =  3038.035823 mb/sr,
+                                         /R =   7.6641E+01
     5.00 deg.: X-S =  2879.488093 mb/sr,
+                                         /R =   1.7727E+02
     6.00 deg.: X-S =  2600.964366 mb/sr,
+                                         /R =   3.3184E+02
     7.00 deg.: X-S =  2267.542330 mb/sr,
+                                         /R =   5.3561E+02
     8.00 deg.: X-S =  1917.731182 mb/sr,
+                                         /R =   7.7218E+02
     9.00 deg.: X-S =  1576.856317 mb/sr,
+                                         /R =   1.0161E+03
    10.00 deg.: X-S =  1261.745868 mb/sr,
+                                         /R =   1.2381E+03
    11.00 deg.: X-S =   982.755873 mb/sr,
+                                         /R =   1.4104E+03
    12.00 deg.: X-S =   745.028303 mb/sr,
+                                         /R =   1.5125E+03
    13.00 deg.: X-S =   549.575747 mb/sr,
+                                         /R =   1.5348E+03
    14.00 deg.: X-S =   394.336134 mb/sr,
+                                         /R =   1.4792E+03
    15.00 deg.: X-S =   275.183699 mb/sr,
+                                         /R =   1.3583E+03
    16.00 deg.: X-S =   186.839371 mb/sr,
+                                         /R =   1.1920E+03
    17.00 deg.: X-S =   123.627597 mb/sr,
+                                         /R =   1.0035E+03
    18.00 deg.: X-S =    80.048606 mb/sr,
+                                         /R =   8.1522E+02
    19.00 deg.: X-S =    51.161356 mb/sr,
+                                         /R =   6.4561E+02
    20.00 deg.: X-S =    32.794553 mb/sr,
+                                         /R =   5.0708E+02
    21.00 deg.: X-S =    21.617385 mb/sr,
+                                         /R =   4.0544E+02
    22.00 deg.: X-S =    15.107762 mb/sr,
+                                         /R =   3.4055E+02
    23.00 deg.: X-S =    11.455599 mb/sr,
+                                         /R =   3.0777E+02
    24.00 deg.: X-S =     9.433842 mb/sr,
+                                         /R =   2.9977E+02
    25.00 deg.: X-S =     8.262524 mb/sr,
+                                         /R =   3.0835E+02
    26.00 deg.: X-S =     7.482995 mb/sr,
+                                         /R =   3.2585E+02
    27.00 deg.: X-S =     6.852080 mb/sr,
+                                         /R =   3.4606E+02
    28.00 deg.: X-S =     6.259936 mb/sr,
+                                         /R =   3.6464E+02
    29.00 deg.: X-S =     5.671099 mb/sr,
+                                         /R =   3.7901E+02
    30.00 deg.: X-S =     5.085587 mb/sr,
+                                         /R =   3.8808E+02
    31.00 deg.: X-S =     4.515739 mb/sr,
+                                         /R =   3.9166E+02
    32.00 deg.: X-S =     3.974299 mb/sr,
+                                         /R =   3.9012E+02
    33.00 deg.: X-S =     3.469775 mb/sr,
+                                         /R =   3.8394E+02
    34.00 deg.: X-S =     3.005888 mb/sr,
+                                         /R =   3.7351E+02
    35.00 deg.: X-S =     2.582865 mb/sr,
+                                         /R =   3.5914E+02
    36.00 deg.: X-S =     2.199148 mb/sr,
+                                         /R =   3.4102E+02
    37.00 deg.: X-S =     1.852791 mb/sr,
+                                         /R =   3.1939E+02
    38.00 deg.: X-S =     1.542249 mb/sr,
+                                         /R =   2.9465E+02
    39.00 deg.: X-S =     1.266598 mb/sr,
+                                         /R =   2.6743E+02
    40.00 deg.: X-S =     1.025350 mb/sr,
+                                         /R =   2.3860E+02
    41.00 deg.: X-S =     0.818062 mb/sr,
+                                         /R =   2.0926E+02
    42.00 deg.: X-S =     0.643930 mb/sr,
+                                         /R =   1.8061E+02
    43.00 deg.: X-S =     0.501483 mb/sr,
+                                         /R =   1.5387E+02
    44.00 deg.: X-S =     0.388438 mb/sr,
+                                         /R =   1.3008E+02
    45.00 deg.: X-S =     0.301735 mb/sr,
+                                         /R =   1.1005E+02
    46.00 deg.: X-S =     0.237701 mb/sr,
+                                         /R =   9.4218E+01
    47.00 deg.: X-S =     0.192306 mb/sr,
+                                         /R =   8.2677E+01
    48.00 deg.: X-S =     0.161454 mb/sr,
+                                         /R =   7.5144E+01
    49.00 deg.: X-S =     0.141253 mb/sr,
+                                         /R =   7.1039E+01
    50.00 deg.: X-S =     0.128239 mb/sr,
+                                         /R =   6.9567E+01
    51.00 deg.: X-S =     0.119529 mb/sr,
+                                         /R =   6.9823E+01
    52.00 deg.: X-S =     0.112893 mb/sr,
+                                         /R =   7.0896E+01
    53.00 deg.: X-S =     0.106757 mb/sr,
+                                         /R =   7.1961E+01
    54.00 deg.: X-S =     0.100152 mb/sr,
+                                         /R =   7.2350E+01
    55.00 deg.: X-S =     0.092615 mb/sr,
+                                         /R =   7.1597E+01
    56.00 deg.: X-S =     0.084077 mb/sr,
+                                         /R =   6.9455E+01
    57.00 deg.: X-S =     0.074742 mb/sr,
+                                         /R =   6.5888E+01
    58.00 deg.: X-S =     0.064972 mb/sr,
+                                         /R =   6.1038E+01
    59.00 deg.: X-S =     0.055189 mb/sr,
+                                         /R =   5.5182E+01
    60.00 deg.: X-S =     0.045803 mb/sr,
+                                         /R =   4.8682E+01
    61.00 deg.: X-S =     0.037161 mb/sr,
+                                         /R =   4.1933E+01
    62.00 deg.: X-S =     0.029514 mb/sr,
+                                         /R =   3.5316E+01
    63.00 deg.: X-S =     0.023010 mb/sr,
+                                         /R =   2.9164E+01
    64.00 deg.: X-S =     0.017695 mb/sr,
+                                         /R =   2.3730E+01
    65.00 deg.: X-S =     0.013532 mb/sr,
+                                         /R =   1.9179E+01
    66.00 deg.: X-S =     0.010416 mb/sr,
+                                         /R =   1.5585E+01
    67.00 deg.: X-S =     0.008197 mb/sr,
+                                         /R =   1.2936E+01
    68.00 deg.: X-S =     0.006706 mb/sr,
+                                         /R =   1.1150E+01
    69.00 deg.: X-S =     0.005768 mb/sr,
+                                         /R =   1.0095E+01
    70.00 deg.: X-S =     0.005219 mb/sr,
+                                         /R =   9.6067E+00
    71.00 deg.: X-S =     0.004918 mb/sr,
+                                         /R =   9.5096E+00
    72.00 deg.: X-S =     0.004747 mb/sr,
+                                         /R =   9.6351E+00
    73.00 deg.: X-S =     0.004620 mb/sr,
+                                         /R =   9.8343E+00
    74.00 deg.: X-S =     0.004477 mb/sr,
+                                         /R =   9.9879E+00
    75.00 deg.: X-S =     0.004286 mb/sr,
+                                         /R =   1.0010E+01
    76.00 deg.: X-S =     0.004032 mb/sr,
+                                         /R =   9.8505E+00
    77.00 deg.: X-S =     0.003716 mb/sr,
+                                         /R =   9.4902E+00
    78.00 deg.: X-S =     0.003351 mb/sr,
+                                         /R =   8.9384E+00
    79.00 deg.: X-S =     0.002955 mb/sr,
+                                         /R =   8.2255E+00
    80.00 deg.: X-S =     0.002547 mb/sr,
+                                         /R =   7.3950E+00
    81.00 deg.: X-S =     0.002148 mb/sr,
+                                         /R =   6.4972E+00
    82.00 deg.: X-S =     0.001772 mb/sr,
+                                         /R =   5.5828E+00
    83.00 deg.: X-S =     0.001433 mb/sr,
+                                         /R =   4.6986E+00
    84.00 deg.: X-S =     0.001139 mb/sr,
+                                         /R =   3.8829E+00
    85.00 deg.: X-S =     0.000893 mb/sr,
+                                         /R =   3.1640E+00
    86.00 deg.: X-S =     0.000695 mb/sr,
+                                         /R =   2.5587E+00
    87.00 deg.: X-S =     0.000543 mb/sr,
+                                         /R =   2.0737E+00
    88.00 deg.: X-S =     0.000431 mb/sr,
+                                         /R =   1.7063E+00
    89.00 deg.: X-S =     0.000352 mb/sr,
+                                         /R =   1.4462E+00
    90.00 deg.: X-S =     0.000301 mb/sr,
+                                         /R =   1.2776E+00
    91.00 deg.: X-S =     0.000269 mb/sr,
+                                         /R =   1.1820E+00
    92.00 deg.: X-S =     0.000250 mb/sr,
+                                         /R =   1.1398E+00
    93.00 deg.: X-S =     0.000240 mb/sr,
+                                         /R =   1.1318E+00
    94.00 deg.: X-S =     0.000234 mb/sr,
+                                         /R =   1.1408E+00
    95.00 deg.: X-S =     0.000229 mb/sr,
+                                         /R =   1.1528E+00
    96.00 deg.: X-S =     0.000223 mb/sr,
+                                         /R =   1.1574E+00
    97.00 deg.: X-S =     0.000215 mb/sr,
+                                         /R =   1.1478E+00
    98.00 deg.: X-S =     0.000203 mb/sr,
+                                         /R =   1.1199E+00
    99.00 deg.: X-S =     0.000189 mb/sr,
+                                         /R =   1.0726E+00
   100.00 deg.: X-S =     0.000172 mb/sr,
+                                         /R =   1.0075E+00
   101.00 deg.: X-S =     0.000154 mb/sr,
+                                         /R =   9.2798E-01
   102.00 deg.: X-S =     0.000135 mb/sr,
+                                         /R =   8.3826E-01
   103.00 deg.: X-S =     0.000116 mb/sr,
+                                         /R =   7.4282E-01
   104.00 deg.: X-S =   9.8527E-05 mb/sr,
+                                         /R =   6.4606E-01
   105.00 deg.: X-S =   8.1955E-05 mb/sr,
+                                         /R =   5.5212E-01
   106.00 deg.: X-S =   6.7140E-05 mb/sr,
+                                         /R =   4.6448E-01
   107.00 deg.: X-S =   5.4315E-05 mb/sr,
+                                         /R =   3.8568E-01
   108.00 deg.: X-S =   4.3560E-05 mb/sr,
+                                         /R =   3.1733E-01
   109.00 deg.: X-S =   3.4823E-05 mb/sr,
+                                         /R =   2.6013E-01
   110.00 deg.: X-S =   2.7957E-05 mb/sr,
+                                         /R =   2.1406E-01
   111.00 deg.: X-S =   2.2749E-05 mb/sr,
+                                         /R =   1.7845E-01
   112.00 deg.: X-S =   1.8947E-05 mb/sr,
+                                         /R =   1.5221E-01
   113.00 deg.: X-S =   1.6278E-05 mb/sr,
+                                         /R =   1.3385E-01
   114.00 deg.: X-S =   1.4472E-05 mb/sr,
+                                         /R =   1.2176E-01
   115.00 deg.: X-S =   1.3284E-05 mb/sr,
+                                         /R =   1.1430E-01
   116.00 deg.: X-S =   1.2507E-05 mb/sr,
+                                         /R =   1.1001E-01
   117.00 deg.: X-S =   1.1971E-05 mb/sr,
+                                         /R =   1.0759E-01
   118.00 deg.: X-S =   1.1538E-05 mb/sr,
+                                         /R =   1.0592E-01
   119.00 deg.: X-S =   1.1107E-05 mb/sr,
+                                         /R =   1.0410E-01
   120.00 deg.: X-S =   1.0613E-05 mb/sr,
+                                         /R =   1.0152E-01
   121.00 deg.: X-S =   1.0025E-05 mb/sr,
+                                         /R =   9.7826E-02
   122.00 deg.: X-S =   9.3334E-06 mb/sr,
+                                         /R =   9.2877E-02
   123.00 deg.: X-S =   8.5486E-06 mb/sr,
+                                         /R =   8.6712E-02
   124.00 deg.: X-S =   7.6928E-06 mb/sr,
+                                         /R =   7.9509E-02
   125.00 deg.: X-S =   6.7951E-06 mb/sr,
+                                         /R =   7.1533E-02
   126.00 deg.: X-S =   5.8851E-06 mb/sr,
+                                         /R =   6.3077E-02
   127.00 deg.: X-S =   4.9912E-06 mb/sr,
+                                         /R =   5.4445E-02
   128.00 deg.: X-S =   4.1402E-06 mb/sr,
+                                         /R =   4.5946E-02
   129.00 deg.: X-S =   3.3561E-06 mb/sr,
+                                         /R =   3.7877E-02
   130.00 deg.: X-S =   2.6573E-06 mb/sr,
+                                         /R =   3.0488E-02
   131.00 deg.: X-S =   2.0551E-06 mb/sr,
+                                         /R =   2.3962E-02
   132.00 deg.: X-S =   1.5548E-06 mb/sr,
+                                         /R =   1.8416E-02
   133.00 deg.: X-S =   1.1565E-06 mb/sr,
+                                         /R =   1.3910E-02
   134.00 deg.: X-S =   8.5655E-07 mb/sr,
+                                         /R =   1.0458E-02
   135.00 deg.: X-S =   6.4778E-07 mb/sr,
+                                         /R =   8.0257E-03
   136.00 deg.: X-S =   5.2034E-07 mb/sr,
+                                         /R =   6.5394E-03
   137.00 deg.: X-S =   4.6251E-07 mb/sr,
+                                         /R =   5.8942E-03
   138.00 deg.: X-S =   4.6195E-07 mb/sr,
+                                         /R =   5.9675E-03
   139.00 deg.: X-S =   5.0644E-07 mb/sr,
+                                         /R =   6.6293E-03
   140.00 deg.: X-S =   5.8404E-07 mb/sr,
+                                         /R =   7.7442E-03
   141.00 deg.: X-S =   6.8336E-07 mb/sr,
+                                         /R =   9.1755E-03
   142.00 deg.: X-S =   7.9431E-07 mb/sr,
+                                         /R =   1.0796E-02
   143.00 deg.: X-S =   9.0865E-07 mb/sr,
+                                         /R =   1.2497E-02
   144.00 deg.: X-S =   1.0197E-06 mb/sr,
+                                         /R =   1.4187E-02
   145.00 deg.: X-S =   1.1220E-06 mb/sr,
+                                         /R =   1.5785E-02
   146.00 deg.: X-S =   1.2113E-06 mb/sr,
+                                         /R =   1.7228E-02
   147.00 deg.: X-S =   1.2852E-06 mb/sr,
+                                         /R =   1.8472E-02
   148.00 deg.: X-S =   1.3422E-06 mb/sr,
+                                         /R =   1.9489E-02
   149.00 deg.: X-S =   1.3819E-06 mb/sr,
+                                         /R =   2.0263E-02
   150.00 deg.: X-S =   1.4045E-06 mb/sr,
+                                         /R =   2.0791E-02
   151.00 deg.: X-S =   1.4111E-06 mb/sr,
+                                         /R =   2.1082E-02
   152.00 deg.: X-S =   1.4033E-06 mb/sr,
+                                         /R =   2.1153E-02
   153.00 deg.: X-S =   1.3829E-06 mb/sr,
+                                         /R =   2.1023E-02
   154.00 deg.: X-S =   1.3516E-06 mb/sr,
+                                         /R =   2.0718E-02
   155.00 deg.: X-S =   1.3118E-06 mb/sr,
+                                         /R =   2.0267E-02
   156.00 deg.: X-S =   1.2655E-06 mb/sr,
+                                         /R =   1.9700E-02
   157.00 deg.: X-S =   1.2144E-06 mb/sr,
+                                         /R =   1.9042E-02
   158.00 deg.: X-S =   1.1599E-06 mb/sr,
+                                         /R =   1.8315E-02
   159.00 deg.: X-S =   1.1039E-06 mb/sr,
+                                         /R =   1.7546E-02
   160.00 deg.: X-S =   1.0477E-06 mb/sr,
+                                         /R =   1.6758E-02
   161.00 deg.: X-S =   9.9218E-07 mb/sr,
+                                         /R =   1.5966E-02
   162.00 deg.: X-S =   9.3790E-07 mb/sr,
+                                         /R =   1.5178E-02
   163.00 deg.: X-S =   8.8562E-07 mb/sr,
+                                         /R =   1.4410E-02
   164.00 deg.: X-S =   8.3609E-07 mb/sr,
+                                         /R =   1.3673E-02
   165.00 deg.: X-S =   7.8950E-07 mb/sr,
+                                         /R =   1.2972E-02
   166.00 deg.: X-S =   7.4571E-07 mb/sr,
+                                         /R =   1.2307E-02
   167.00 deg.: X-S =   7.0478E-07 mb/sr,
+                                         /R =   1.1680E-02
   168.00 deg.: X-S =   6.6706E-07 mb/sr,
+                                         /R =   1.1097E-02
   169.00 deg.: X-S =   6.3262E-07 mb/sr,
+                                         /R =   1.0561E-02
   170.00 deg.: X-S =   6.0114E-07 mb/sr,
+                                         /R =   1.0068E-02
   171.00 deg.: X-S =   5.7242E-07 mb/sr,
+                                         /R =   9.6148E-03
   172.00 deg.: X-S =   5.4663E-07 mb/sr,
+                                         /R =   9.2056E-03
   173.00 deg.: X-S =   5.2400E-07 mb/sr,
+                                         /R =   8.8445E-03
   174.00 deg.: X-S =   5.0437E-07 mb/sr,
+                                         /R =   8.5302E-03
   175.00 deg.: X-S =   4.8754E-07 mb/sr,
+                                         /R =   8.2593E-03
   176.00 deg.: X-S =   4.7356E-07 mb/sr,
+                                         /R =   8.0336E-03
   177.00 deg.: X-S =   4.6270E-07 mb/sr,
+                                         /R =   7.8577E-03
   178.00 deg.: X-S =   4.5506E-07 mb/sr,
+                                         /R =   7.7337E-03
   179.00 deg.: X-S =   4.5054E-07 mb/sr,
+                                         /R =   7.6605E-03
   179.99 deg.: X-S =   4.4905E-07 mb/sr,
+                                         /R =   7.6363E-03
                                           Integrated********** mb, over [   0.000, 180.000] at   350.0000 MeV 

 CROSS SECTIONS FOR OUTGOING d        & 3He      in state #   1 with spins & parities 1.0  + &  0.5  +;  0

     0.00 deg.: X-S =     0.002422 mb/sr,
+                                         REAC   8.4700E-04 mb
     1.00 deg.: X-S =     0.002424 mb/sr,
     2.00 deg.: X-S =     0.002428 mb/sr,
     3.00 deg.: X-S =     0.002437 mb/sr,
     4.00 deg.: X-S =     0.002454 mb/sr,
     5.00 deg.: X-S =     0.002480 mb/sr,
     6.00 deg.: X-S =     0.002505 mb/sr,
     7.00 deg.: X-S =     0.002516 mb/sr,
     8.00 deg.: X-S =     0.002502 mb/sr,
     9.00 deg.: X-S =     0.002461 mb/sr,
    10.00 deg.: X-S =     0.002394 mb/sr,
    11.00 deg.: X-S =     0.002296 mb/sr,
    12.00 deg.: X-S =     0.002164 mb/sr,
    13.00 deg.: X-S =     0.002001 mb/sr,
    14.00 deg.: X-S =     0.001819 mb/sr,
    15.00 deg.: X-S =     0.001630 mb/sr,
    16.00 deg.: X-S =     0.001441 mb/sr,
    17.00 deg.: X-S =     0.001252 mb/sr,
    18.00 deg.: X-S =     0.001067 mb/sr,
    19.00 deg.: X-S =     0.000893 mb/sr,
    20.00 deg.: X-S =     0.000734 mb/sr,
    21.00 deg.: X-S =     0.000592 mb/sr,
    22.00 deg.: X-S =     0.000469 mb/sr,
    23.00 deg.: X-S =     0.000365 mb/sr,
    24.00 deg.: X-S =     0.000281 mb/sr,
    25.00 deg.: X-S =     0.000215 mb/sr,
    26.00 deg.: X-S =     0.000163 mb/sr,
    27.00 deg.: X-S =     0.000124 mb/sr,
    28.00 deg.: X-S =   9.3806E-05 mb/sr,
    29.00 deg.: X-S =   7.0693E-05 mb/sr,
    30.00 deg.: X-S =   5.2162E-05 mb/sr,
    31.00 deg.: X-S =   3.7442E-05 mb/sr,
    32.00 deg.: X-S =   2.6750E-05 mb/sr,
    33.00 deg.: X-S =   2.0059E-05 mb/sr,
    34.00 deg.: X-S =   1.6589E-05 mb/sr,
    35.00 deg.: X-S =   1.5226E-05 mb/sr,
    36.00 deg.: X-S =   1.5061E-05 mb/sr,
    37.00 deg.: X-S =   1.5468E-05 mb/sr,
    38.00 deg.: X-S =   1.5883E-05 mb/sr,
    39.00 deg.: X-S =   1.5763E-05 mb/sr,
    40.00 deg.: X-S =   1.4818E-05 mb/sr,
    41.00 deg.: X-S =   1.3244E-05 mb/sr,
    42.00 deg.: X-S =   1.1605E-05 mb/sr,
    43.00 deg.: X-S =   1.0343E-05 mb/sr,
    44.00 deg.: X-S =   9.4986E-06 mb/sr,
    45.00 deg.: X-S =   8.8859E-06 mb/sr,
    46.00 deg.: X-S =   8.3748E-06 mb/sr,
    47.00 deg.: X-S =   7.9181E-06 mb/sr,
    48.00 deg.: X-S =   7.3789E-06 mb/sr,
    49.00 deg.: X-S =   6.5819E-06 mb/sr,
    50.00 deg.: X-S =   5.5406E-06 mb/sr,
    51.00 deg.: X-S =   4.5051E-06 mb/sr,
    52.00 deg.: X-S =   3.7999E-06 mb/sr,
    53.00 deg.: X-S =   3.6057E-06 mb/sr,
    54.00 deg.: X-S =   3.9076E-06 mb/sr,
    55.00 deg.: X-S =   4.5797E-06 mb/sr,
    56.00 deg.: X-S =   5.4312E-06 mb/sr,
    57.00 deg.: X-S =   6.2363E-06 mb/sr,
    58.00 deg.: X-S =   6.7785E-06 mb/sr,
    59.00 deg.: X-S =   6.9241E-06 mb/sr,
    60.00 deg.: X-S =   6.6904E-06 mb/sr,
    61.00 deg.: X-S =   6.2059E-06 mb/sr,
    62.00 deg.: X-S =   5.6331E-06 mb/sr,
    63.00 deg.: X-S =   5.1204E-06 mb/sr,
    64.00 deg.: X-S =   4.7624E-06 mb/sr,
    65.00 deg.: X-S =   4.5705E-06 mb/sr,
    66.00 deg.: X-S =   4.4577E-06 mb/sr,
    67.00 deg.: X-S =   4.3035E-06 mb/sr,
    68.00 deg.: X-S =   4.0527E-06 mb/sr,
    69.00 deg.: X-S =   3.7159E-06 mb/sr,
    70.00 deg.: X-S =   3.3090E-06 mb/sr,
    71.00 deg.: X-S =   2.8163E-06 mb/sr,
    72.00 deg.: X-S =   2.2403E-06 mb/sr,
    73.00 deg.: X-S =   1.6675E-06 mb/sr,
    74.00 deg.: X-S =   1.2173E-06 mb/sr,
    75.00 deg.: X-S =   9.4382E-07 mb/sr,
    76.00 deg.: X-S =   8.1711E-07 mb/sr,
    77.00 deg.: X-S =   8.0790E-07 mb/sr,
    78.00 deg.: X-S =   9.4126E-07 mb/sr,
    79.00 deg.: X-S =   1.2217E-06 mb/sr,
    80.00 deg.: X-S =   1.5776E-06 mb/sr,
    81.00 deg.: X-S =   1.9283E-06 mb/sr,
    82.00 deg.: X-S =   2.2671E-06 mb/sr,
    83.00 deg.: X-S =   2.6216E-06 mb/sr,
    84.00 deg.: X-S =   2.9610E-06 mb/sr,
    85.00 deg.: X-S =   3.2247E-06 mb/sr,
    86.00 deg.: X-S =   3.4119E-06 mb/sr,
    87.00 deg.: X-S =   3.5629E-06 mb/sr,
    88.00 deg.: X-S =   3.6766E-06 mb/sr,
    89.00 deg.: X-S =   3.7196E-06 mb/sr,
    90.00 deg.: X-S =   3.6991E-06 mb/sr,
    91.00 deg.: X-S =   3.6400E-06 mb/sr,
    92.00 deg.: X-S =   3.5069E-06 mb/sr,
    93.00 deg.: X-S =   3.2547E-06 mb/sr,
    94.00 deg.: X-S =   2.9338E-06 mb/sr,
    95.00 deg.: X-S =   2.6521E-06 mb/sr,
    96.00 deg.: X-S =   2.4292E-06 mb/sr,
    97.00 deg.: X-S =   2.1975E-06 mb/sr,
    98.00 deg.: X-S =   1.9856E-06 mb/sr,
    99.00 deg.: X-S =   1.9479E-06 mb/sr,
   100.00 deg.: X-S =   2.1827E-06 mb/sr,
   101.00 deg.: X-S =   2.6256E-06 mb/sr,
   102.00 deg.: X-S =   3.1474E-06 mb/sr,
   103.00 deg.: X-S =   3.7034E-06 mb/sr,
   104.00 deg.: X-S =   4.2707E-06 mb/sr,
   105.00 deg.: X-S =   4.7372E-06 mb/sr,
   106.00 deg.: X-S =   4.9817E-06 mb/sr,
   107.00 deg.: X-S =   4.9855E-06 mb/sr,
   108.00 deg.: X-S =   4.8329E-06 mb/sr,
   109.00 deg.: X-S =   4.6062E-06 mb/sr,
   110.00 deg.: X-S =   4.3397E-06 mb/sr,
   111.00 deg.: X-S =   4.1115E-06 mb/sr,
   112.00 deg.: X-S =   4.0585E-06 mb/sr,
   113.00 deg.: X-S =   4.2885E-06 mb/sr,
   114.00 deg.: X-S =   4.8145E-06 mb/sr,
   115.00 deg.: X-S =   5.5590E-06 mb/sr,
   116.00 deg.: X-S =   6.4158E-06 mb/sr,
   117.00 deg.: X-S =   7.2606E-06 mb/sr,
   118.00 deg.: X-S =   7.9414E-06 mb/sr,
   119.00 deg.: X-S =   8.3234E-06 mb/sr,
   120.00 deg.: X-S =   8.3456E-06 mb/sr,
   121.00 deg.: X-S =   8.0310E-06 mb/sr,
   122.00 deg.: X-S =   7.4404E-06 mb/sr,
   123.00 deg.: X-S =   6.6656E-06 mb/sr,
   124.00 deg.: X-S =   5.8575E-06 mb/sr,
   125.00 deg.: X-S =   5.1991E-06 mb/sr,
   126.00 deg.: X-S =   4.8134E-06 mb/sr,
   127.00 deg.: X-S =   4.7016E-06 mb/sr,
   128.00 deg.: X-S =   4.8187E-06 mb/sr,
   129.00 deg.: X-S =   5.1522E-06 mb/sr,
   130.00 deg.: X-S =   5.6784E-06 mb/sr,
   131.00 deg.: X-S =   6.2764E-06 mb/sr,
   132.00 deg.: X-S =   6.7423E-06 mb/sr,
   133.00 deg.: X-S =   6.9334E-06 mb/sr,
   134.00 deg.: X-S =   6.8533E-06 mb/sr,
   135.00 deg.: X-S =   6.5693E-06 mb/sr,
   136.00 deg.: X-S =   6.1127E-06 mb/sr,
   137.00 deg.: X-S =   5.4996E-06 mb/sr,
   138.00 deg.: X-S =   4.8249E-06 mb/sr,
   139.00 deg.: X-S =   4.2604E-06 mb/sr,
   140.00 deg.: X-S =   3.9108E-06 mb/sr,
   141.00 deg.: X-S =   3.7436E-06 mb/sr,
   142.00 deg.: X-S =   3.7117E-06 mb/sr,
   143.00 deg.: X-S =   3.8545E-06 mb/sr,
   144.00 deg.: X-S =   4.2039E-06 mb/sr,
   145.00 deg.: X-S =   4.6342E-06 mb/sr,
   146.00 deg.: X-S =   4.9385E-06 mb/sr,
   147.00 deg.: X-S =   5.0656E-06 mb/sr,
   148.00 deg.: X-S =   5.1154E-06 mb/sr,
   149.00 deg.: X-S =   5.1049E-06 mb/sr,
   150.00 deg.: X-S =   4.9114E-06 mb/sr,
   151.00 deg.: X-S =   4.4880E-06 mb/sr,
   152.00 deg.: X-S =   3.9916E-06 mb/sr,
   153.00 deg.: X-S =   3.5697E-06 mb/sr,
   154.00 deg.: X-S =   3.1843E-06 mb/sr,
   155.00 deg.: X-S =   2.7847E-06 mb/sr,
   156.00 deg.: X-S =   2.4784E-06 mb/sr,
   157.00 deg.: X-S =   2.3845E-06 mb/sr,
   158.00 deg.: X-S =   2.4093E-06 mb/sr,
   159.00 deg.: X-S =   2.3858E-06 mb/sr,
   160.00 deg.: X-S =   2.3517E-06 mb/sr,
   161.00 deg.: X-S =   2.4602E-06 mb/sr,
   162.00 deg.: X-S =   2.6806E-06 mb/sr,
   163.00 deg.: X-S =   2.7894E-06 mb/sr,
   164.00 deg.: X-S =   2.7101E-06 mb/sr,
   165.00 deg.: X-S =   2.6067E-06 mb/sr,
   166.00 deg.: X-S =   2.5913E-06 mb/sr,
   167.00 deg.: X-S =   2.5583E-06 mb/sr,
   168.00 deg.: X-S =   2.3663E-06 mb/sr,
   169.00 deg.: X-S =   2.0824E-06 mb/sr,
   170.00 deg.: X-S =   1.8585E-06 mb/sr,
   171.00 deg.: X-S =   1.7047E-06 mb/sr,
   172.00 deg.: X-S =   1.5320E-06 mb/sr,
   173.00 deg.: X-S =   1.3076E-06 mb/sr,
   174.00 deg.: X-S =   1.1177E-06 mb/sr,
   175.00 deg.: X-S =   1.0037E-06 mb/sr,
   176.00 deg.: X-S =   9.0423E-07 mb/sr,
   177.00 deg.: X-S =   7.9198E-07 mb/sr,
   178.00 deg.: X-S =   6.8998E-07 mb/sr,
   179.00 deg.: X-S =   6.3822E-07 mb/sr,
   180.00 deg.: X-S =   6.3099E-07 mb/sr,
                                           Integrated    0.0008 mb, over [   0.000, 180.000] at   350.0000 MeV 
 Finished all xsecs @   0.531250000    

  The following files have been created:
   3:local copy of User input.            6:standard output.                   
   7:elastic  S-matrix elements.         12:transfer kernels.                  
  13:total cross sections/state.         16:tables of cross sections.          
  35:Astrophysics S-factors  / Ecm.      38:cross sections for each J/pi.      
  39:cross sections for each Ecm.        40:all cross sectns. for each Elab.   
  45:scat phase shift as E functions.    46:bs wave functions & ANC ratios.    
  56:Fusion for each Jtotal.             75:S-factors for lab energies.        
 201:Separate cross sections.           202:Separate cross sections.           

 PARAMETERS : MAXQRN   MFNL   MLOC  LMAX1 MCLIST
    ALLOWED :      2     16     12    100      6
    REQUIRED:      1      2     12     83      4


 ACCURACY ANALYSIS at   350.000 MeV :

  Elastic h*k = 0.169 so OK       compared with 0.200

   Real(S-el) > 0.01 first at J =       0.5
   Real(S-el) > 0.10 first at J =       1.5
   Real(S-el) > 0.50 first at J =       4.5
   Real(S-el) > 0.90 first at J =      12.5
   Real(S-el) > 0.99 first at J =      17.5
   R-turn =    23.88 fm    at J =      80.5

 Forward-angle excitation cut off below   0.023 deg by max JT =      80.5
                              and below   0.019 deg by max R.


 1: Recommended RNL: non-local width >  11.80 cf:  10.00 fm: OK      
    Recommended CENTRE: centration   ~   2.30 cf:   0.00 fm

 Total CPU  0 time =       0.53 seconds
