 FRESCO - FRES 3.4: Coupled Reaction Channels
 Assuming NAMELIST input.

 4He(p,d)3He  E=320 MeV  Q=-18.353  [he4_p_d_he3]                                

   0.050  30.000   0.250   0.100  10.000   0.000   0.000   0.000   0.000   0.000

 Centre-of-mass Range is    602 * 0.0500 fm., Maximum at  30.00 fm., Interpolating NL forms every  0.25 fm.
 Non - locality width is    101 * 0.1000 fm., Maximum of  10.00 fm., Centred at  0.00 fm.
 2-Nucleon Separation of      0 * 0.2500 fm., Maximum of   0.00 fm., Minimum at  0.00 fm.
 Maximum single particle bins of 30.0000 fm.
               M,Mint =          601         601


 Range of total J is     0.0 <= J <=    80.0 (at least     0.0) and Absorbtion =>    -1.0000 mb.
 Dry Run = F, CC set limits =  0  0, Relativistic kinematics = a, Both/Far/Near Analyses =  1                     

 Cross Sections (and up to T0 for 0=projectile) for Theta from   0.0 to 180.0 in steps of  1.0 degrees, DGAM=0,  Coordinates = 0 (Mads)

 Lower Radial Cutoff = maximum of -1.60*L*h &       0.0 fm.,  Lower Cutoff for Couplings =   0.0  fm.


 Iterate Couplings between   1 and   1 times, to  0.000 % if sooner.                                          
  Block solved exactly =   0 chs., with Pade = 0 & Isocen =  =0, NOSOL = F, initwf =  0
  NL quadrature with   18 Gaussian points, Calculate multipoles up to    86 from   0
  M-transfers for lp+lt greater than or equal to  6, Angular Integration Cutoff below  2.7778 %


 Trace switches are :  CHANS =  1, LISTCC =  0, TRENEG =  0, CDETR =  0, SMATS =  2, XSTABL =  1, NLPL =  0

                       WAVES =  0, LAMPL =  0, VEFF =  0, KFUS =  0, WDISK =  0, BPM =  0, MELFIL =  0

                       CDCC =  0, NFUS =  0

 Using unit mass = 1.000000 amu and 1/fine-structure constant = 137.03599 ( 1.000000 * true ) with hc = 197.32705 MeV.fm,
  thus 2*amu/hbar^2 = 0.0478450 = 1/20.9008 and Coulomb constant = 0.1574855 so e^2 = 1.43997, and nuclear magneton= 0.1261183

 Now pre-scan input and save to file 3



 *********** PARTITION NUMBER  1 ******************************************************************************************

   PROJ=p          MASS=  1.0000 Z=   1.0,        # STATES=    1T, TARG=4He      MASS=  4.0000 Z=   2.0,     Q-VALUE =   0.0000 MEV.

     1:  J= 0.5+ (B# 1), E=  0.0000, K= 0.5              Potl#  1       J= 0.0+ (B# 1), E=  0.0000, K= 0.0    


 *********** PARTITION NUMBER  2 ******************************************************************************************

   PROJ=d          MASS=  2.0000 Z=   1.0,        # STATES=    1T, TARG=3He      MASS=  3.0000 Z=   2.0,     Q-VALUE = -18.3530 MEV.

     1:  J= 1.0+ (B# 1), E=  0.0000, K= 0.0              Potl#  2       J= 0.5+ (B# 1), E=  0.0000, K= 0.5    
0****** WARNING : COMPARED WITH PARTITION  1, THIS PARTITION HAS TOTAL MASS & CHARGE EXCESSES  -0.01970 &   0.0000


 ************************************************************************************************************************************

 The following POTENTIALS are defined :

  KP#       TYPE      IT    SHAPE      at     V1        r1        a1        V2        r2        a2        A-in     A-used


                                            A#1       A#2        r0c       ac                                                h @ 1
    1    0=Coulomb       0=CHARGE (WS)  1     1.000     4.000    1.3000    0.0000    0.0000    0.0000     0.000    17.322   0.05000

    1    1=Volume        0=Woods-Saxon  2   48.0000    1.1500    0.5700    0.0000    1.1500    0.5700     0.000    17.322

    1    2=Surface       0=Woods-Saxon  3    0.0000    0.0000    0.0000    6.0000    1.3000    0.5000     0.000    17.322

    1    3=Projtl S.O.   0=Woods-Saxon  4    5.5000    1.0000    0.5000    0.0000    0.0000    0.0000     0.000    17.322
   --------------------------------------------------------------------------------------------------------------------

                                            A#1       A#2        r0c       ac                                                h @ 2
    2    0=Coulomb       0=CHARGE (WS)  5     2.000     3.000    1.3000    0.0000    0.0000    0.0000     0.000    19.731   0.05000

    2    1=Volume        0=Woods-Saxon  6   88.0000    1.1700    0.7900    0.0000    1.1700    0.7900     0.000    19.731

    2    2=Surface       0=Woods-Saxon  7    0.0000    0.0000    0.0000   12.0000    1.3300    0.7400     0.000    19.731

    2    3=Projtl S.O.   0=Woods-Saxon  8    7.0000    1.0700    0.6600    0.0000    0.0000    0.0000     0.000    19.731
   --------------------------------------------------------------------------------------------------------------------

    3    1=Volume        0=Woods-Saxon  9   50.0000    1.2500    0.6500    0.0000    0.0000    0.0000     0.000    19.731

    3    3=Projtl S.O.   0=Woods-Saxon 10    6.0000    1.2500    0.6500    0.0000    0.0000    0.0000     0.000    19.731
   --------------------------------------------------------------------------------------------------------------------

    4    1=Volume        0=Woods-Saxon 11   50.0000    1.2500    0.6500    0.0000    0.0000    0.0000     0.000    19.731

    4    3=Projtl S.O.   0=Woods-Saxon 12    6.0000    1.2500    0.6500    0.0000    0.0000    0.0000     0.000    19.731


 ************************************************************************************************************************************

 The following SINGLE-PARTICLE FORM FACTORS are constructed :


 No.   P1 P2 IN KIND T N  L  S1 IA J/S  IB BIND XFER  BE    SC PC FIL AFRAC Adjust  to  Z  Mass   K     Norm    rms      D0     D   ANC/Gsp

    1:  2  1  2  0     1  0 0.5  1 0.5   0   3   0  20.5780  1  0  0 0.0000 VR  0.7942; 0. 1.000 0.8593 1.0000  2.472 -417.8 -957.1  9.6885

    2:  1  2  1  0     1  0 0.5  1 0.5   0   4   0   2.2246  1  0  0 0.0000 VR  0.3377; 0. 1.000 0.2307 1.0000  4.770 -154.2 -167.5  1.1301

 ************************************************************************************************************************************

 TWO-way COUPLING # 1 for partitions  2 <-  1 of KIND  7,   0 -1  5 -1 -1 & P1,P2 =    0.0000   0.0000 : for J <=    80.5 & R <  29.8 fm.


 data =  2  1  1  1  1.0000,  so  < [4He      #  1] / [3He      #  1]  * Eigen-form #  1>  =   1.0000            BE = 20.578     1

 data =  1  1  1  2  1.0000,  so  < [d        #  1] / [p        #  1]  * Eigen-form #  2>  =   1.0000            BE =  2.225     2
 KNT =   1, KNP =   2: NK,NG,loc=   1   1   1  13  T  T  F

     So FINITE-RANGE TRANSFER : IP1 = 0 (POST    ), IP2=-1 =COMPLEX     ,  for   1 pairs of bound states summed into   1 pairs
      The main coupling potential is that binding the transferred particle to the 3He      core.

          Using between p        & 3He      the potential No.   5, and subtracting optical potential No.  2

   A real*8 is            8  bytes
   NLL,NLN,NLO =         120         121         101
0File   9 needs RL =   24240    REAL*8 numbers, and NR =    88. i.e.    17.06 Megabytes
   File            9  RECL =      193920
0RECOMMENDED NON-LOCAL WIDTH IS GREATER THAN   11.80 FM.,  RECOMMENDED CENTRATION   2.30, after    0.06 secs.
0Relative non-local usages (rms) are
    0.003   0.005   0.007   0.011   0.015   0.019   0.030   0.038   0.053   0.071   0.087   0.132   0.167   0.230   0.306
    0.372   0.541   0.676   0.908   1.186   1.427   1.994   2.455   3.183   4.044   4.788   6.329   7.600   9.380  11.433
   13.201  16.309  18.918  22.174  25.808  28.940  33.725  37.803  42.471  47.501  51.832  57.646  62.619  67.805  73.082
   77.548  82.589  86.793  90.536  93.845  96.417  98.292  99.496 100.000  99.858  99.142  97.885  96.129  93.931  91.325
   88.381  85.138  81.660  77.998  74.205  70.347  66.460  62.589  58.777  55.047  51.439  47.968  44.652  41.499  38.517
   35.707  33.067  30.594  28.284  26.128  24.121  22.254  20.521  18.913  17.422  16.042  14.764  13.583  12.491  11.482
   10.551   9.693   8.902   8.173   7.502   6.884   6.317   5.796   5.317   4.878   4.476

 Incoming partition  1 in excitation state # 1,   Laboratory Energy given for partition  1 Nucleus 1 in Excitation pair 1

0Lab. ENERGY ranges :

   from    320.000     to   0.00000     in     0 intervals
   from    0.00000     to   0.00000     in     0 intervals
   from    0.00000     to   0.00000     in     0 intervals

 Largest real,imaginary parts of any form factor at R=   29.50 are   4.88E-02  3.00E-14 MeV
 Finished all Couplings @    7.81250000E-02          12

 Symmetric Hamiltonian
1***********************************************************************************************************************************
************************************************************************************************************************************

        INCOMING p        ;    LABORATORY p        ENERGY =   320.00     MeV.

 ***********************************************************************************************************************************
 ***********************************************************************************************************************************


  NOTE: Coulomb excitation cut off below   0.024 deg by JTMAX, and below   0.020 deg by Rmax

 Allocate arrays for            3  channels, of which            3  need wfs.

 ######################################################################################################################
 #                                                                                                                    #
 # Total SPIN and PARITY =     0.5 +,      3 channels,    0 in 1st block.  Rmin & Coul turning =    0.0    0.0 fm.  #
 #                                                                                                                    #
 ######################################################################################################################



    C Projectl Target   #   EX.   (L  Proj) J  + Targ = Jtotal     E-cm      Re K     Re Eta     RM*K            CH
    1 p        4He      #    1: I   0 0.5    0.5  0.0     0.5   270.26219   3.21630   0.01714   96.4889  -0.42092  -0.26995 1 1 1   1
    2 d        3He      #    1:     0 1.0    1.0  0.5     0.5   238.56392   3.70094   0.02234  111.0281   0.40345  -0.29544 2 1 2   1
    3 d        3He      #    1:     2 1.0    1.0  0.5     0.5   238.56392   3.70094   0.02234  111.0281  -0.42063   0.27052 2 1 2   1
   S-matrix    1 =   -0.13590   0.86009 for L=    0, J=    0.5 channel on core I =   0.0 from L=    0,  Acc. loss =  0.0 D.
 Elastic phase shift   1 =   49.490   3.965 deg. for the L =    0, J =    0.5 channel.
       0.5 -0.13590365  0.86008979i: elastic S-matrix  @@      0.00  0   0 F  0
 Reaction Xsec     0.5+/ 0 @ 1 =   0.734 , Out:   0.000#   0.171/   0.734f


 Total SPIN, PARITY =     0.5 -,      3 chs,      0 cc.  Rmin & Coul turning =    0.0    0.0
   S-matrix    1 =    0.00906   0.86904 for L=    1, J=    0.5 channel on core I =   0.0 from L=    1,  Acc. loss =  0.0 D.
 Elastic phase shift   1 =   44.702   4.020 deg. for the L =    1, J =    0.5 channel.
       0.5  0.00905571  0.86903707i: elastic S-matrix  @@      0.00  0   0 F  0
 Reaction Xsec     0.5-/ 1 @ 1 =   0.743 , Out:   0.000#   0.140/   0.743f

 Allocate arrays for            4  channels, of which            4  need wfs.

 Total SPIN, PARITY =     1.5 +,      4 chs,      0 cc.  Rmin & Coul turning =    0.1    0.4
   S-matrix    1 =    0.10951   0.85928 for L=    2, J=    1.5 channel on core I =   0.0 from L=    2,  Acc. loss =  0.0 D.
 Elastic phase shift   1 =   41.368   4.114 deg. for the L =    2, J =    1.5 channel.
       1.5  0.10951353  0.85927766i: elastic S-matrix  @@      0.00  0   0 F  0
 Reaction Xsec     1.5+/ 2 @ 1 =   1.516 , Out:   0.000#   0.175/   1.516f


 Total SPIN, PARITY =     1.5 -,      4 chs,      0 cc.  Rmin & Coul turning =    0.1    0.4
   S-matrix    1 =   -0.13950   0.85845 for L=    1, J=    1.5 channel on core I =   0.0 from L=    1,  Acc. loss =  0.0 D.
 Elastic phase shift   1 =   49.615   3.999 deg. for the L =    1, J =    1.5 channel.
       1.5 -0.13949549  0.85844976i: elastic S-matrix  @@      0.00  0   0 F  0
 Reaction Xsec     1.5-/ 1 @ 1 =   1.480 , Out:   0.000#   0.296/   1.479f


 Total SPIN, PARITY =     2.5 +,      4 chs,      0 cc.  Rmin & Coul turning =    0.2    0.8
   S-matrix    1 =   -0.14282   0.85558 for L=    2, J=    2.5 channel on core I =   0.0 from L=    2,  Acc. loss =  0.0 D.
 Elastic phase shift   1 =   49.738   4.075 deg. for the L =    2, J =    2.5 channel.
       2.5 -0.14281986  0.85558066i: elastic S-matrix  @@      0.02  0   0 F  0
 Reaction Xsec     2.5+/ 2 @ 1 =   2.256 , Out:   0.000#   0.303/   2.255f


 Total SPIN, PARITY =     2.5 -,      4 chs,      0 cc.  Rmin & Coul turning =    0.2    0.8
   S-matrix    1 =    0.22483   0.83183 for L=    3, J=    2.5 channel on core I =   0.0 from L=    3,  Acc. loss =  0.0 D.
 Elastic phase shift   1 =   37.438   4.265 deg. for the L =    3, J =    2.5 channel.
       2.5  0.22483379  0.83183206i: elastic S-matrix  @@      0.00  0   0 F  0
 Reaction Xsec     2.5-/ 3 @ 1 =   2.346 , Out:   0.000#   0.146/   2.346f


 Total SPIN, PARITY =     3.5 +,      4 chs,      0 cc.  Rmin & Coul turning =    0.2    1.1
   S-matrix    1 =    0.35519   0.77814 for L=    4, J=    3.5 channel on core I =   0.0 from L=    4,  Acc. loss =  0.0 D.
 Elastic phase shift   1 =   32.733   4.475 deg. for the L =    4, J =    3.5 channel.
       3.5  0.35518589  0.77814181i: elastic S-matrix  @@      0.00  0   0 F  0
 Reaction Xsec     3.5+/ 4 @ 1 =   3.260 , Out:   0.000#   0.116/   3.260f


 Total SPIN, PARITY =     3.5 -,      4 chs,      0 cc.  Rmin & Coul turning =    0.2    1.1
   S-matrix    1 =   -0.13874   0.85225 for L=    3, J=    3.5 channel on core I =   0.0 from L=    3,  Acc. loss =  0.0 D.
 Elastic phase shift   1 =   49.623   4.206 deg. for the L =    3, J =    3.5 channel.
       3.5 -0.13873988  0.85224637i: elastic S-matrix  @@      0.00  0   0 F  0
 Reaction Xsec     3.5-/ 3 @ 1 =   3.091 , Out:   0.000#   0.253/   3.090f


 Total SPIN, PARITY =     4.5 +,      4 chs,      0 cc.  Rmin & Coul turning =    0.3    1.4
   S-matrix    1 =   -0.12330   0.84935 for L=    4, J=    4.5 channel on core I =   0.0 from L=    4,  Acc. loss =  0.0 D.
 Elastic phase shift   1 =   49.130   4.379 deg. for the L =    4, J =    4.5 channel.
       4.5 -0.12330088  0.84935088i: elastic S-matrix  @@      0.00  0   0 F  0
 Reaction Xsec     4.5+/ 4 @ 1 =   4.000 , Out:   0.000#   0.214/   3.999f


 Total SPIN, PARITY =     4.5 -,      4 chs,      0 cc.  Rmin & Coul turning =    0.3    1.4
   S-matrix    1 =    0.49373   0.68681 for L=    5, J=    4.5 channel on core I =   0.0 from L=    5,  Acc. loss =  0.0 D.
 Elastic phase shift   1 =   27.144   4.796 deg. for the L =    5, J =    4.5 channel.
       4.5  0.49373441  0.68680707i: elastic S-matrix  @@      0.02  0   0 F  0
 Reaction Xsec     4.5-/ 5 @ 1 =   4.320 , Out:   0.000#   0.104/   4.320f


 Total SPIN, PARITY =     5.5 +,      4 chs,      0 cc.  Rmin & Coul turning =    0.4    1.7
   S-matrix    1 =    0.62048   0.55728 for L=    6, J=    5.5 channel on core I =   0.0 from L=    6,  Acc. loss =  0.0 D.
 Elastic phase shift   1 =   20.964   5.200 deg. for the L =    6, J =    5.5 channel.
       5.5  0.62047998  0.55728278i: elastic S-matrix  @@      0.00  0   0 F  0
 Reaction Xsec     5.5+/ 6 @ 1 =   5.547 , Out:   0.000#   0.098/   5.547f


 Total SPIN, PARITY =     5.5 -,      4 chs,      0 cc.  Rmin & Coul turning =    0.4    1.7
   S-matrix    1 =   -0.09302   0.84519 for L=    5, J=    5.5 channel on core I =   0.0 from L=    5,  Acc. loss =  0.0 D.
 Elastic phase shift   1 =   48.140   4.646 deg. for the L =    5, J =    5.5 channel.
       5.5 -0.09302069  0.84519405i: elastic S-matrix  @@      0.00  0   0 F  0
 Reaction Xsec     5.5-/ 5 @ 1 =   5.047 , Out:   0.000#   0.198/   5.047f


 Total SPIN, PARITY =     6.5 +,      4 chs,      0 cc.  Rmin & Coul turning =    0.5    2.0
   S-matrix    1 =   -0.03976   0.83962 for L=    6, J=    6.5 channel on core I =   0.0 from L=    6,  Acc. loss =  0.0 D.
 Elastic phase shift   1 =   46.356   4.976 deg. for the L =    6, J =    6.5 channel.
       6.5 -0.03975943  0.83962123i: elastic S-matrix  @@      0.00  0   0 F  0
 Reaction Xsec     6.5+/ 6 @ 1 =   6.238 , Out:   0.000#   0.185/   6.238f


 Total SPIN, PARITY =     6.5 -,      4 chs,      0 cc.  Rmin & Coul turning =    0.5    2.0
   S-matrix    1 =    0.70528   0.41551 for L=    7, J=    6.5 channel on core I =   0.0 from L=    7,  Acc. loss =  0.0 D.
 Elastic phase shift   1 =   15.252   5.735 deg. for the L =    7, J =    6.5 channel.
       6.5  0.70528384  0.41551281i: elastic S-matrix  @@      0.00  0   0 F  0
 Reaction Xsec     6.5-/ 7 @ 1 =   7.014 , Out:   0.000#   0.096/   7.014f


 Total SPIN, PARITY =     7.5 +,      4 chs,      0 cc.  Rmin & Coul turning =    0.6    2.3
   S-matrix    1 =    0.74645   0.29706 for L=    8, J=    7.5 channel on core I =   0.0 from L=    8,  Acc. loss =  0.0 D.
 Elastic phase shift   1 =   10.850   6.272 deg. for the L =    8, J =    7.5 channel.
       7.5  0.74644581  0.29705941i: elastic S-matrix  @@      0.00  0   0 F  0
 Reaction Xsec     7.5+/ 8 @ 1 =   8.615 , Out:   0.000#   0.081/   8.615f


 Total SPIN, PARITY =     7.5 -,      4 chs,      0 cc.  Rmin & Coul turning =    0.6    2.3
   S-matrix    1 =    0.05380   0.82672 for L=    7, J=    7.5 channel on core I =   0.0 from L=    7,  Acc. loss =  0.0 D.
 Elastic phase shift   1 =   43.138   5.391 deg. for the L =    7, J =    7.5 channel.
       7.5  0.05380292  0.82671941i: elastic S-matrix  @@      0.02  0   0 F  0
 Reaction Xsec     7.5-/ 7 @ 1 =   7.620 , Out:   0.000#   0.177/   7.620f


 Total SPIN, PARITY =     8.5 +,      4 chs,      0 cc.  Rmin & Coul turning =    0.6    2.6
   S-matrix    1 =    0.20159   0.78471 for L=    8, J=    8.5 channel on core I =   0.0 from L=    8,  Acc. loss =  0.0 D.
 Elastic phase shift   1 =   37.796   6.030 deg. for the L =    8, J =    8.5 channel.
       8.5  0.20158540  0.78470895i: elastic S-matrix  @@      0.00  0   0 F  0
 Reaction Xsec     8.5+/ 8 @ 1 =   9.391 , Out:   0.000#   0.154/   9.391f


 Total SPIN, PARITY =     8.5 -,      4 chs,      0 cc.  Rmin & Coul turning =    0.6    2.6
   S-matrix    1 =    0.77140   0.21310 for L=    9, J=    8.5 channel on core I =   0.0 from L=    9,  Acc. loss =  0.0 D.
 Elastic phase shift   1 =    7.722   6.382 deg. for the L =    9, J =    8.5 channel.
       8.5  0.77139753  0.21310213i: elastic S-matrix  @@      0.00  0   0 F  0
 Reaction Xsec     8.5-/ 9 @ 1 =   9.827 , Out:   0.000#   0.041/   9.827f


 Total SPIN, PARITY =     9.5 +,      4 chs,      0 cc.  Rmin & Coul turning =    0.7    3.0
   S-matrix    1 =    0.80179   0.15536 for L=   10, J=    9.5 channel on core I =   0.0 from L=   10,  Acc. loss =  0.0 D.
 Elastic phase shift   1 =    5.483   5.801 deg. for the L =   10, J =    9.5 channel.
       9.5  0.80179004  0.15535678i: elastic S-matrix  @@      0.00  0   0 F  0
 Reaction Xsec     9.5+/10 @ 1 =  10.113 , Out:   0.000#   0.056/  10.113f


 Total SPIN, PARITY =     9.5 -,      4 chs,      0 cc.  Rmin & Coul turning =    0.7    3.0
   S-matrix    1 =    0.38883   0.69106 for L=    9, J=    9.5 channel on core I =   0.0 from L=    9,  Acc. loss =  0.0 D.
 Elastic phase shift   1 =   30.318   6.646 deg. for the L =    9, J =    9.5 channel.
       9.5  0.38883298  0.69106392i: elastic S-matrix  @@      0.00  0   0 F  0
 Reaction Xsec     9.5-/ 9 @ 1 =  11.274 , Out:   0.000#   0.065/  11.274f


 Total SPIN, PARITY =    10.5 +,      4 chs,      0 cc.  Rmin & Coul turning =    0.8    3.3
   S-matrix    1 =    0.57398   0.55277 for L=   10, J=   10.5 channel on core I =   0.0 from L=   10,  Acc. loss =  0.0 D.
 Elastic phase shift   1 =   21.961   6.505 deg. for the L =   10, J =   10.5 channel.
      10.5  0.57397604  0.55276863i: elastic S-matrix  @@      0.02  0   0 F  0
 Reaction Xsec    10.5+/10 @ 1 =  12.193 , Out:   0.000#   0.086/  12.193f


 Total SPIN, PARITY =    10.5 -,      4 chs,      0 cc.  Rmin & Coul turning =    0.8    3.3
   S-matrix    1 =    0.84148   0.11397 for L=   11, J=   10.5 channel on core I =   0.0 from L=   11,  Acc. loss =  0.0 D.
 Elastic phase shift   1 =    3.857   4.684 deg. for the L =   11, J =   10.5 channel.
      10.5  0.84147631  0.11397142i: elastic S-matrix  @@      0.00  0   0 F  0
 Reaction Xsec    10.5-/11 @ 1 =   9.318 , Out:   0.000#   0.026/   9.318f


 Total SPIN, PARITY =    11.5 +,      4 chs,      0 cc.  Rmin & Coul turning =    0.9    3.6
   S-matrix    1 =    0.88391   0.08281 for L=   12, J=   11.5 channel on core I =   0.0 from L=   12,  Acc. loss =  0.0 D.
 Elastic phase shift   1 =    2.676   3.410 deg. for the L =   12, J =   11.5 channel.
      11.5  0.88391116  0.08280712i: elastic S-matrix  @@      0.00  0   0 F  0
 Reaction Xsec    11.5+/12 @ 1 =   7.720 , Out:   0.000#   6.520#   7.720f


 Total SPIN, PARITY =    11.5 -,      4 chs,      0 cc.  Rmin & Coul turning =    0.9    3.6
   S-matrix    1 =    0.72368   0.40399 for L=   11, J=   11.5 channel on core I =   0.0 from L=   11,  Acc. loss =  0.0 D.
 Elastic phase shift   1 =   14.586   5.379 deg. for the L =   11, J =   11.5 channel.
      11.5  0.72368134  0.40398677i: elastic S-matrix  @@      0.00  0   0 F  0
 Reaction Xsec    11.5-/11 @ 1 =  11.410 , Out:   0.000#   0.032/  11.410f


 Total SPIN, PARITY =    12.5 +,      4 chs,      0 cc.  Rmin & Coul turning =    1.0    3.9
   S-matrix    1 =    0.82967   0.27509 for L=   12, J=   12.5 channel on core I =   0.0 from L=   12,  Acc. loss =  0.0 D.
 Elastic phase shift   1 =    9.172   3.855 deg. for the L =   12, J =   12.5 channel.
      12.5  0.82967410  0.27508857i: elastic S-matrix  @@      0.00  0   0 F  0
 Reaction Xsec    12.5+/12 @ 1 =   9.316 , Out:   0.000#   4.609#   9.316f


 Total SPIN, PARITY =    12.5 -,      4 chs,      0 cc.  Rmin & Coul turning =    1.0    3.9
   S-matrix    1 =    0.92146   0.05877 for L=   13, J=   12.5 channel on core I =   0.0 from L=   13,  Acc. loss =  0.0 D.
 Elastic phase shift   1 =    1.825   2.285 deg. for the L =   13, J =   12.5 channel.
      12.5  0.92146090  0.05877040i: elastic S-matrix  @@      0.00  0   0 F  0
 Reaction Xsec    12.5-/13 @ 1 =   5.822 , Out:   0.000#   0.013/   5.822f


 Total SPIN, PARITY =    13.5 +,      4 chs,      0 cc.  Rmin & Coul turning =    1.0    4.2
   S-matrix    1 =    0.95015   0.04046 for L=   14, J=   13.5 channel on core I =   0.0 from L=   14,  Acc. loss =  0.0 D.
 Elastic phase shift   1 =    1.219   1.439 deg. for the L =   14, J =   13.5 channel.
      13.5  0.95014624  0.04046440i: elastic S-matrix  @@      0.02  0   0 F  0
 Reaction Xsec    13.5+/14 @ 1 =   4.064 , Out:   0.000#   9.424#   4.064f


 Total SPIN, PARITY =    13.5 -,      4 chs,      0 cc.  Rmin & Coul turning =    1.0    4.2
   S-matrix    1 =    0.89872   0.17800 for L=   13, J=   13.5 channel on core I =   0.0 from L=   13,  Acc. loss =  0.0 D.
 Elastic phase shift   1 =    5.602   2.508 deg. for the L =   13, J =   13.5 channel.
      13.5  0.89872462  0.17800367i: elastic S-matrix  @@      0.00  0   0 F  0
 Reaction Xsec    13.5-/13 @ 1 =   6.829 , Out:   0.000#   0.012/   6.829f


 Total SPIN, PARITY =    14.5 +,      4 chs,      0 cc.  Rmin & Coul turning =    1.1    4.5
   S-matrix    1 =    0.94129   0.11120 for L=   14, J=   14.5 channel on core I =   0.0 from L=   14,  Acc. loss =  0.0 D.
 Elastic phase shift   1 =    3.369   1.535 deg. for the L =   14, J =   14.5 channel.
      14.5  0.94129119  0.11119757i: elastic S-matrix  @@      0.00  0   0 F  0
 Reaction Xsec    14.5+/14 @ 1 =   4.629 , Out:   0.000#   9.012#   4.629f


 Total SPIN, PARITY =    14.5 -,      4 chs,      0 cc.  Rmin & Coul turning =    1.1    4.5
   S-matrix    1 =    0.96981   0.02704 for L=   15, J=   14.5 channel on core I =   0.0 from L=   15,  Acc. loss =  0.0 D.
 Elastic phase shift   1 =    0.799   0.867 deg. for the L =   15, J =   14.5 channel.
      14.5  0.96981362  0.02704014i: elastic S-matrix  @@      0.00  0   0 F  0
 Reaction Xsec    14.5-/15 @ 1 =   2.675 , Out:   0.000#   5.677#   2.675f


 Total SPIN, PARITY =    15.5 +,      4 chs,      0 cc.  Rmin & Coul turning =    1.2    4.8
   S-matrix    1 =    0.98231   0.01762 for L=   16, J=   15.5 channel on core I =   0.0 from L=   16,  Acc. loss =  0.0 D.
 Elastic phase shift   1 =    0.514   0.507 deg. for the L =   16, J =   15.5 channel.
      15.5  0.98231079  0.01762159i: elastic S-matrix  @@      0.02  0   0 F  0
 Reaction Xsec    15.5+/16 @ 1 =   1.689 , Out:   0.000#   4.067#   1.689f


 Total SPIN, PARITY =    15.5 -,      4 chs,      0 cc.  Rmin & Coul turning =    1.2    4.8
   S-matrix    1 =    0.96655   0.06786 for L=   15, J=   15.5 channel on core I =   0.0 from L=   15,  Acc. loss =  0.0 D.
 Elastic phase shift   1 =    2.008   0.904 deg. for the L =   15, J =   15.5 channel.
      15.5  0.96654965  0.06785694i: elastic S-matrix  @@      0.00  0   0 F  0
 Reaction Xsec    15.5-/15 @ 1 =   2.973 , Out:   0.000#   5.253#   2.973f


 Total SPIN, PARITY =    16.5 +,      4 chs,      0 cc.  Rmin & Coul turning =    1.2    5.1
   S-matrix    1 =    0.98115   0.04079 for L=   16, J=   16.5 channel on core I =   0.0 from L=   16,  Acc. loss =  0.0 D.
 Elastic phase shift   1 =    1.190   0.520 deg. for the L =   16, J =   16.5 channel.
      16.5  0.98115420  0.04079197i: elastic S-matrix  @@      0.02  0   0 F  0
 Reaction Xsec    16.5+/16 @ 1 =   1.842 , Out:   0.000#   5.149#   1.842f


 Total SPIN, PARITY =    16.5 -,      4 chs,      0 cc.  Rmin & Coul turning =    1.2    5.1
   S-matrix    1 =    0.98986   0.01126 for L=   17, J=   16.5 channel on core I =   0.0 from L=   17,  Acc. loss =  0.0 D.
 Elastic phase shift   1 =    0.326   0.290 deg. for the L =   17, J =   16.5 channel.
      16.5  0.98985564  0.01126481i: elastic S-matrix  @@      0.00  0   0 F  0
 Reaction Xsec    16.5-/17 @ 1 =   1.036 , Out:   0.000#   1.381#   1.036f


 Total SPIN, PARITY =    17.5 +,      4 chs,      0 cc.  Rmin & Coul turning =    1.4    5.4
   S-matrix    1 =    0.99426   0.00710 for L=   18, J=   17.5 channel on core I =   0.0 from L=   18,  Acc. loss =  0.0 D.
 Elastic phase shift   1 =    0.205   0.164 deg. for the L =   18, J =   17.5 channel.
      17.5  0.99426203  0.00710003i: elastic S-matrix  @@      0.00  0   0 F  0
 Reaction Xsec    17.5+/18 @ 1 =   0.623 , Out:   0.000#   0.332#   0.623f


 Total SPIN, PARITY =    17.5 -,      4 chs,      0 cc.  Rmin & Coul turning =    1.4    5.4
   S-matrix    1 =    0.98946   0.02429 for L=   17, J=   17.5 channel on core I =   0.0 from L=   17,  Acc. loss =  0.0 D.
 Elastic phase shift   1 =    0.703   0.295 deg. for the L =   17, J =   17.5 channel.
      17.5  0.98945685  0.02429431i: elastic S-matrix  @@      0.00  0   0 F  0
 Reaction Xsec    17.5-/17 @ 1 =   1.114 , Out:   0.000#   1.522#   1.114f


 Total SPIN, PARITY =    18.5 +,      4 chs,      0 cc.  Rmin & Coul turning =    1.4    5.8
   S-matrix    1 =    0.99413   0.01439 for L=   18, J=   18.5 channel on core I =   0.0 from L=   18,  Acc. loss =  0.0 D.
 Elastic phase shift   1 =    0.415   0.166 deg. for the L =   18, J =   18.5 channel.
      18.5  0.99412706  0.01438716i: elastic S-matrix  @@      0.00  0   0 F  0
 Reaction Xsec    18.5+/18 @ 1 =   0.664 , Out:   0.000#   0.283#   0.664f


 Total SPIN, PARITY =    18.5 -,      4 chs,      0 cc.  Rmin & Coul turning =    1.4    5.8
   S-matrix    1 =    0.99678   0.00443 for L=   19, J=   18.5 channel on core I =   0.0 from L=   19,  Acc. loss =  0.0 D.
 Elastic phase shift   1 =    0.127   0.092 deg. for the L =   19, J =   18.5 channel.
      18.5  0.99678228  0.00442909i: elastic S-matrix  @@      0.02  0   0 F  0
 Reaction Xsec    18.5-/19 @ 1 =   0.370 , Out:   0.000#   0.117#   0.370f


 Total SPIN, PARITY =    19.5 +,      4 chs,      0 cc.  Rmin & Coul turning =    1.5    6.1
   S-matrix    1 =    0.99821   0.00274 for L=   20, J=   19.5 channel on core I =   0.0 from L=   20,  Acc. loss =  0.0 D.
 Elastic phase shift   1 =    0.079   0.051 deg. for the L =   20, J =   19.5 channel.
      19.5  0.99820526  0.00274183i: elastic S-matrix  @@      0.00  0   0 F  0
 Reaction Xsec    19.5+/20 @ 1 =   0.217 , Out:   0.000#   0.068#   0.217f


 Total SPIN, PARITY =    19.5 -,      4 chs,      0 cc.  Rmin & Coul turning =    1.5    6.1
   S-matrix    1 =    0.99674   0.00849 for L=   19, J=   19.5 channel on core I =   0.0 from L=   19,  Acc. loss =  0.0 D.
 Elastic phase shift   1 =    0.244   0.093 deg. for the L =   19, J =   19.5 channel.
      19.5  0.99673717  0.00849130i: elastic S-matrix  @@      0.00  0   0 F  0
 Reaction Xsec    19.5-/19 @ 1 =   0.391 , Out:   0.000#   0.094#   0.391f


 Total SPIN, PARITY =    20.5 +,      4 chs,      0 cc.  Rmin & Coul turning =    1.6    6.4
   S-matrix    1 =    0.99819   0.00500 for L=   20, J=   20.5 channel on core I =   0.0 from L=   20,  Acc. loss =  0.0 D.
 Elastic phase shift   1 =    0.144   0.052 deg. for the L =   20, J =   20.5 channel.
      20.5  0.99819031  0.00500149i: elastic S-matrix  @@      0.00  0   0 F  0
 Reaction Xsec    20.5+/20 @ 1 =   0.229 , Out:   0.000#   0.044#   0.229f


 Total SPIN, PARITY =    20.5 -,      4 chs,      0 cc.  Rmin & Coul turning =    1.6    6.4
   S-matrix    1 =    0.99900   0.00169 for L=   21, J=   20.5 channel on core I =   0.0 from L=   21,  Acc. loss =  0.0 D.
 Elastic phase shift   1 =    0.048   0.029 deg. for the L =   21, J =   20.5 channel.
      20.5  0.99900237  0.00168740i: elastic S-matrix  @@      0.00  0   0 F  0
 Reaction Xsec    20.5-/21 @ 1 =   0.127 , Out:   0.000#   0.067#   0.127f


 Total SPIN, PARITY =    21.5 +,      4 chs,      0 cc.  Rmin & Coul turning =    1.7    6.7
   S-matrix    1 =    0.99945   0.00103 for L=   22, J=   21.5 channel on core I =   0.0 from L=   22,  Acc. loss =  0.0 D.
 Elastic phase shift   1 =    0.030   0.016 deg. for the L =   22, J =   21.5 channel.
      21.5  0.99944670  0.00103365i: elastic S-matrix  @@      0.00  0   0 F  0
 Reaction Xsec    21.5+/22 @ 1 =   0.074 , Out:   0.000#   0.059#   0.074f


 Total SPIN, PARITY =    21.5 -,      4 chs,      0 cc.  Rmin & Coul turning =    1.7    6.7
   S-matrix    1 =    0.99900   0.00294 for L=   21, J=   21.5 channel on core I =   0.0 from L=   21,  Acc. loss =  0.0 D.
 Elastic phase shift   1 =    0.084   0.029 deg. for the L =   21, J =   21.5 channel.
      21.5  0.99899744  0.00294246i: elastic S-matrix  @@      0.02  0   0 F  0
 Reaction Xsec    21.5-/21 @ 1 =   0.133 , Out:   0.000#   0.058#   0.133f


 Total SPIN, PARITY =    22.5 +,      4 chs,      0 cc.  Rmin & Coul turning =    1.8    7.0
   S-matrix    1 =    0.99945   0.00173 for L=   22, J=   22.5 channel on core I =   0.0 from L=   22,  Acc. loss =  0.0 D.
 Elastic phase shift   1 =    0.050   0.016 deg. for the L =   22, J =   22.5 channel.
      22.5  0.99944508  0.00172990i: elastic S-matrix  @@      0.00  0   0 F  0
 Reaction Xsec    22.5+/22 @ 1 =   0.077 , Out:   0.000#   0.060#   0.077f


 Total SPIN, PARITY =    22.5 -,      4 chs,      0 cc.  Rmin & Coul turning =    1.8    7.0
   S-matrix    1 =    0.99969   0.00063 for L=   23, J=   22.5 channel on core I =   0.0 from L=   23,  Acc. loss =  0.0 D.
 Elastic phase shift   1 =    0.018   0.009 deg. for the L =   23, J =   22.5 channel.
      22.5  0.99969361  0.00063079i: elastic S-matrix  @@      0.00  0   0 F  0
 Reaction Xsec    22.5-/23 @ 1 =   0.043 , Out:   0.000#   0.034#   0.043f


 Total SPIN, PARITY =    23.5 +,      4 chs,      0 cc.  Rmin & Coul turning =    1.8    7.3
   S-matrix    1 =    0.99983   0.00038 for L=   24, J=   23.5 channel on core I =   0.0 from L=   24,  Acc. loss =  0.0 D.
 Elastic phase shift   1 =    0.011   0.005 deg. for the L =   24, J =   23.5 channel.
      23.5  0.99983054  0.00038371i: elastic S-matrix  @@      0.00  0   0 F  0
 Reaction Xsec    23.5+/24 @ 1 =   0.025 , Out:   0.000#   0.012#   0.025f


 Total SPIN, PARITY =    23.5 -,      4 chs,      0 cc.  Rmin & Coul turning =    1.8    7.3
   S-matrix    1 =    0.99969   0.00102 for L=   23, J=   23.5 channel on core I =   0.0 from L=   23,  Acc. loss =  0.0 D.
 Elastic phase shift   1 =    0.029   0.009 deg. for the L =   23, J =   23.5 channel.
      23.5  0.99969308  0.00101664i: elastic S-matrix  @@      0.00  0   0 F  0
 Reaction Xsec    23.5-/23 @ 1 =   0.045 , Out:   0.000#   0.035#   0.045f


 Total SPIN, PARITY =    24.5 +,      4 chs,      0 cc.  Rmin & Coul turning =    1.9    7.6
   S-matrix    1 =    0.99983   0.00060 for L=   24, J=   24.5 channel on core I =   0.0 from L=   24,  Acc. loss =  0.0 D.
 Elastic phase shift   1 =    0.017   0.005 deg. for the L =   24, J =   24.5 channel.
      24.5  0.99983036  0.00059734i: elastic S-matrix  @@      0.00  0   0 F  0
 Reaction Xsec    24.5+/24 @ 1 =   0.026 , Out:   0.000#   0.012#   0.026f


 Total SPIN, PARITY =    24.5 -,      4 chs,      0 cc.  Rmin & Coul turning =    1.9    7.6
   S-matrix    1 =    0.99991   0.00023 for L=   25, J=   24.5 channel on core I =   0.0 from L=   25,  Acc. loss =  0.0 D.
 Elastic phase shift   1 =    0.007   0.003 deg. for the L =   25, J =   24.5 channel.
      24.5  0.99990636  0.00023279i: elastic S-matrix  @@      0.00  0   0 F  0
 Reaction Xsec    24.5-/25 @ 1 =   0.014 , Out:   0.000#   0.002#   0.014f


 Total SPIN, PARITY =    25.5 +,      4 chs,      0 cc.  Rmin & Coul turning =    2.0    7.9
   S-matrix    1 =    0.99995   0.00014 for L=   26, J=   25.5 channel on core I =   0.0 from L=   26,  Acc. loss =  0.0 D.
 Elastic phase shift   1 =    0.004   0.001 deg. for the L =   26, J =   25.5 channel.
      25.5  0.99994829  0.00014090i: elastic S-matrix  @@      0.02  0   0 F  0
 Reaction Xsec    25.5+/26 @ 1 =   8.164/, Out:   0.000#   0.000#   0.008f


 Total SPIN, PARITY =    25.5 -,      4 chs,      0 cc.  Rmin & Coul turning =    2.0    7.9
   S-matrix    1 =    0.99991   0.00035 for L=   25, J=   25.5 channel on core I =   0.0 from L=   25,  Acc. loss =  0.0 D.
 Elastic phase shift   1 =    0.010   0.003 deg. for the L =   25, J =   25.5 channel.
      25.5  0.99990630  0.00035098i: elastic S-matrix  @@      0.00  0   0 F  0
 Reaction Xsec    25.5-/25 @ 1 =   0.015 , Out:   0.000#   0.002#   0.015f


 Total SPIN, PARITY =    26.5 +,      4 chs,      0 cc.  Rmin & Coul turning =    2.1    8.2
   S-matrix    1 =    0.99995   0.00021 for L=   26, J=   26.5 channel on core I =   0.0 from L=   26,  Acc. loss =  0.0 D.
 Elastic phase shift   1 =    0.006   0.001 deg. for the L =   26, J =   26.5 channel.
      26.5  0.99994828  0.00020623i: elastic S-matrix  @@      0.00  0   0 F  0
 Reaction Xsec    26.5+/26 @ 1 =   8.479/, Out:   0.000#   0.000#   0.008f


 Total SPIN, PARITY =    26.5 -,      4 chs,      0 cc.  Rmin & Coul turning =    2.1    8.2
   S-matrix    1 =    0.99997   0.00009 for L=   27, J=   26.5 channel on core I =   0.0 from L=   27,  Acc. loss =  0.0 D.
 Elastic phase shift   1 =    0.002   0.001 deg. for the L =   27, J =   26.5 channel.
      26.5  0.99997147  0.00008512i: elastic S-matrix  @@      0.00  0   0 F  0
 Reaction Xsec    26.5-/27 @ 1 =   4.678/, Out:   0.000#   0.001#   0.005f


 Total SPIN, PARITY =    27.5 +,      4 chs,      0 cc.  Rmin & Coul turning =    2.1    8.6
   S-matrix    1 =    0.99998   0.00005 for L=   28, J=   27.5 channel on core I =   0.0 from L=   28,  Acc. loss =  0.0 D.
 Elastic phase shift   1 =    0.001   0.000 deg. for the L =   28, J =   27.5 channel.
      27.5  0.99998427  0.00005135i: elastic S-matrix  @@      0.00  0   0 F  0
 Reaction Xsec    27.5+/28 @ 1 =   2.675/, Out:   0.000#   0.002#   0.003f


 Total SPIN, PARITY =    27.5 -,      4 chs,      0 cc.  Rmin & Coul turning =    2.1    8.6
   S-matrix    1 =    0.99997   0.00012 for L=   27, J=   27.5 channel on core I =   0.0 from L=   27,  Acc. loss =  0.0 D.
 Elastic phase shift   1 =    0.003   0.001 deg. for the L =   27, J =   27.5 channel.
      27.5  0.99997146  0.00012121i: elastic S-matrix  @@      0.00  0   0 F  0
 Reaction Xsec    27.5-/27 @ 1 =   4.852/, Out:   0.000#   0.001#   0.005f


 Total SPIN, PARITY =    28.5 +,      4 chs,      0 cc.  Rmin & Coul turning =    2.2    8.9
   S-matrix    1 =    0.99998   0.00007 for L=   28, J=   28.5 channel on core I =   0.0 from L=   28,  Acc. loss =  0.0 D.
 Elastic phase shift   1 =    0.002   0.000 deg. for the L =   28, J =   28.5 channel.
      28.5  0.99998427  0.00007128i: elastic S-matrix  @@      0.02  0   0 F  0
 Reaction Xsec    28.5+/28 @ 1 =   2.771/, Out:   0.000#   0.002#   0.003f


 Total SPIN, PARITY =    28.5 -,      4 chs,      0 cc.  Rmin & Coul turning =    2.2    8.9
   S-matrix    1 =    0.99999   0.00003 for L=   29, J=   28.5 channel on core I =   0.0 from L=   29,  Acc. loss =  0.0 D.
 Elastic phase shift   1 =    0.001   0.000 deg. for the L =   29, J =   28.5 channel.
      28.5  0.99999133  0.00003094i: elastic S-matrix  @@      0.00  0   0 F  0
 Reaction Xsec    28.5-/29 @ 1 =   1.527/, Out:   0.000#   0.002#   0.002f


 Total SPIN, PARITY =    29.5 +,      4 chs,      0 cc.  Rmin & Coul turning =    2.3    9.2
   S-matrix    1 =    1.00000   0.00002 for L=   30, J=   29.5 channel on core I =   0.0 from L=   30,  Acc. loss =  0.0 D.
 Elastic phase shift   1 =    0.001   0.000 deg. for the L =   30, J =   29.5 channel.
      29.5  0.99999522  0.00001865i: elastic S-matrix  @@      0.00  0   0 F  0
 Reaction Xsec    29.5+/30 @ 1 =   0.870/, Out:   0.000#   0.002#   0.001f


 Total SPIN, PARITY =    29.5 -,      4 chs,      0 cc.  Rmin & Coul turning =    2.3    9.2
   S-matrix    1 =    0.99999   0.00004 for L=   29, J=   29.5 channel on core I =   0.0 from L=   29,  Acc. loss =  0.0 D.
 Elastic phase shift   1 =    0.001   0.000 deg. for the L =   29, J =   29.5 channel.
      29.5  0.99999133  0.00004193i: elastic S-matrix  @@      0.00  0   0 F  0
 Reaction Xsec    29.5-/29 @ 1 =   1.580/, Out:   0.000#   0.002#   0.002f


 Total SPIN, PARITY =    30.5 +,      4 chs,      0 cc.  Rmin & Coul turning =    2.4    9.5
   S-matrix    1 =    1.00000   0.00002 for L=   30, J=   30.5 channel on core I =   0.0 from L=   30,  Acc. loss =  0.0 D.
 Elastic phase shift   1 =    0.001   0.000 deg. for the L =   30, J =   30.5 channel.
      30.5  0.99999522  0.00002471i: elastic S-matrix  @@      0.00  0   0 F  0
 Reaction Xsec    30.5+/30 @ 1 =   0.899/, Out:   0.000#   0.002#   0.001f


 Total SPIN, PARITY =    30.5 -,      4 chs,      0 cc.  Rmin & Coul turning =    2.4    9.5
   S-matrix    1 =    1.00000   0.00001 for L=   31, J=   30.5 channel on core I =   0.0 from L=   31,  Acc. loss =  0.0 D.
 Elastic phase shift   1 =    0.000   0.000 deg. for the L =   31, J =   30.5 channel.
      30.5  0.99999737  0.00001124i: elastic S-matrix  @@      0.02  0   0 F  0
 Reaction Xsec    30.5-/31 @ 1 =   0.495/, Out:   0.000#   0.001#   0.000f


 Total SPIN, PARITY =    31.5 +,      4 chs,      0 cc.  Rmin & Coul turning =    2.5    9.8
   S-matrix    1 =    1.00000   0.00001 for L=   32, J=   31.5 channel on core I =   0.0 from L=   32,  Acc. loss =  0.0 D.
 Elastic phase shift   1 =    0.000   0.000 deg. for the L =   32, J =   31.5 channel.
      31.5  0.99999855  0.00000679i: elastic S-matrix  @@      0.00  0   0 F  0
 Reaction Xsec    31.5+/32 @ 1 =   0.281/, Out:   0.000#   0.001#   0.000f


 Total SPIN, PARITY =    31.5 -,      4 chs,      0 cc.  Rmin & Coul turning =    2.5    9.8
   S-matrix    1 =    1.00000   0.00001 for L=   31, J=   31.5 channel on core I =   0.0 from L=   31,  Acc. loss =  0.0 D.
 Elastic phase shift   1 =    0.000   0.000 deg. for the L =   31, J =   31.5 channel.
      31.5  0.99999737  0.00001458i: elastic S-matrix  @@      0.00  0   0 F  0
 Reaction Xsec    31.5-/31 @ 1 =   0.511/, Out:   0.000#   0.001#   0.001f


 Total SPIN, PARITY =    32.5 +,      4 chs,      0 cc.  Rmin & Coul turning =    2.6   10.1
   S-matrix    1 =    1.00000   0.00001 for L=   32, J=   32.5 channel on core I =   0.0 from L=   32,  Acc. loss =  0.0 D.
 Elastic phase shift   1 =    0.000   0.000 deg. for the L =   32, J =   32.5 channel.
      32.5  0.99999855  0.00000863i: elastic S-matrix  @@      0.00  0   0 F  0
 Reaction Xsec    32.5+/32 @ 1 =   0.290/, Out:   0.000#   0.000#   0.000f


 Total SPIN, PARITY =    32.5 -,      4 chs,      0 cc.  Rmin & Coul turning =    2.6   10.1
   S-matrix    1 =    1.00000   0.00000 for L=   33, J=   32.5 channel on core I =   0.0 from L=   33,  Acc. loss =  0.0 D.
 Elastic phase shift   1 =    0.000   0.000 deg. for the L =   33, J =   32.5 channel.
      32.5  0.99999920  0.00000412i: elastic S-matrix  @@      0.00  0   0 F  0
 Reaction Xsec    32.5-/33 @ 1 =   0.160/, Out:   0.000#   0.000#   0.000f


 Total SPIN, PARITY =    33.5 +,      4 chs,      0 cc.  Rmin & Coul turning =    2.6   10.4
   S-matrix    1 =    1.00000   0.00000 for L=   34, J=   33.5 channel on core I =   0.0 from L=   34,  Acc. loss =  0.0 D.
 Elastic phase shift   1 =    0.000   0.000 deg. for the L =   34, J =   33.5 channel.
      33.5  0.99999956  0.00000251i: elastic S-matrix  @@      0.00  0   0 F  0
 Reaction Xsec    33.5+/34 @ 1 =   0.090/, Out:   0.000#   0.000#   0.000f


 Total SPIN, PARITY =    33.5 -,      4 chs,      0 cc.  Rmin & Coul turning =    2.6   10.4
   S-matrix    1 =    1.00000   0.00001 for L=   33, J=   33.5 channel on core I =   0.0 from L=   33,  Acc. loss =  0.0 D.
 Elastic phase shift   1 =    0.000   0.000 deg. for the L =   33, J =   33.5 channel.
      33.5  0.99999920  0.00000514i: elastic S-matrix  @@      0.00  0   0 F  0
 Reaction Xsec    33.5-/33 @ 1 =   0.164/, Out:   0.000#   0.000#   0.000f


 Total SPIN, PARITY =    34.5 +,      4 chs,      0 cc.  Rmin & Coul turning =    2.7   10.7
   S-matrix    1 =    1.00000   0.00000 for L=   34, J=   34.5 channel on core I =   0.0 from L=   34,  Acc. loss =  0.0 D.
 Elastic phase shift   1 =    0.000   0.000 deg. for the L =   34, J =   34.5 channel.
      34.5  0.99999956  0.00000307i: elastic S-matrix  @@      0.02  0   0 F  0
 Reaction Xsec    34.5+/34 @ 1 =   0.093/, Out:   0.000#   0.000#   0.000f


 Total SPIN, PARITY =    34.5 -,      4 chs,      0 cc.  Rmin & Coul turning =    2.7   10.7
   S-matrix    1 =    1.00000   0.00000 for L=   35, J=   34.5 channel on core I =   0.0 from L=   35,  Acc. loss =  0.0 D.
 Elastic phase shift   1 =    0.000   0.000 deg. for the L =   35, J =   34.5 channel.
0****** WARNING : ACCURACY LOSS IN ERWIN = 14.2 DIGITS, SO EXPECT ERRORS OF   0.0000 % OF UNITARITY

      34.5  0.99999976  0.00000156i: elastic S-matrix  @@      0.00  0   0 F  0
 Reaction Xsec    34.5-/35 @ 1 =   0.051/, Out:   0.000#   0.000#   0.000f


 Total SPIN, PARITY =    35.5 +,      4 chs,      0 cc.  Rmin & Coul turning =    2.8   11.0
   S-matrix    1 =    1.00000   0.00000 for L=   36, J=   35.5 channel on core I =   0.0 from L=   36,  Acc. loss =  0.0 D.
 Elastic phase shift   1 =    0.000   0.000 deg. for the L =   36, J =   35.5 channel.
      35.5  0.99999987  0.00000098i: elastic S-matrix  @@      0.00  0   0 F  0
 Reaction Xsec    35.5+/36 @ 1 =   0.029/, Out:   0.000#   0.000#   0.000f


 Total SPIN, PARITY =    35.5 -,      4 chs,      0 cc.  Rmin & Coul turning =    2.8   11.0
   S-matrix    1 =    1.00000   0.00000 for L=   35, J=   35.5 channel on core I =   0.0 from L=   35,  Acc. loss =  0.0 D.
 Elastic phase shift   1 =    0.000   0.000 deg. for the L =   35, J =   35.5 channel.
      35.5  0.99999976  0.00000187i: elastic S-matrix  @@      0.00  0   0 F  0
 Reaction Xsec    35.5-/35 @ 1 =   0.053/, Out:   0.000#   0.000#   0.000f


 Total SPIN, PARITY =    36.5 +,      4 chs,      0 cc.  Rmin & Coul turning =    2.9   11.4
   S-matrix    1 =    1.00000   0.00000 for L=   36, J=   36.5 channel on core I =   0.0 from L=   36,  Acc. loss =  0.0 D.
 Elastic phase shift   1 =    0.000   0.000 deg. for the L =   36, J =   36.5 channel.
      36.5  0.99999987  0.00000115i: elastic S-matrix  @@      0.00  0   0 F  0
 Reaction Xsec    36.5+/36 @ 1 =   0.030/, Out:   0.000#   0.000#   0.000f


 Total SPIN, PARITY =    36.5 -,      4 chs,      0 cc.  Rmin & Coul turning =    2.9   11.4
   S-matrix    1 =    1.00000   0.00000 for L=   37, J=   36.5 channel on core I =   0.0 from L=   37,  Acc. loss =  0.0 D.
 Elastic phase shift   1 =    0.000   0.000 deg. for the L =   37, J =   36.5 channel.
0****** WARNING : ACCURACY LOSS IN ERWIN = 14.2 DIGITS, SO EXPECT ERRORS OF   0.0000 % OF UNITARITY

      36.5  0.99999993  0.00000062i: elastic S-matrix  @@      0.00  0   0 F  0
 Reaction Xsec    36.5-/37 @ 1 =   0.016/, Out:   0.000#   0.000#   0.000f


 Total SPIN, PARITY =    37.5 +,      4 chs,      0 cc.  Rmin & Coul turning =    3.0   11.7
   S-matrix    1 =    1.00000   0.00000 for L=   38, J=   37.5 channel on core I =   0.0 from L=   38,  Acc. loss =  0.0 D.
 Elastic phase shift   1 =    0.000   0.000 deg. for the L =   38, J =   37.5 channel.
      37.5  0.99999996  0.00000043i: elastic S-matrix  @@      0.02  0   0 F  0
 Reaction Xsec    37.5+/38 @ 1 =   9.201#, Out:   0.000#   0.000#   0.000f


 Total SPIN, PARITY =    37.5 -,      4 chs,      0 cc.  Rmin & Coul turning =    3.0   11.7
   S-matrix    1 =    1.00000   0.00000 for L=   37, J=   37.5 channel on core I =   0.0 from L=   37,  Acc. loss =  0.0 D.
 Elastic phase shift   1 =    0.000   0.000 deg. for the L =   37, J =   37.5 channel.
      37.5  0.99999993  0.00000072i: elastic S-matrix  @@      0.00  0   0 F  0
 Reaction Xsec    37.5-/37 @ 1 =   0.017/, Out:   0.000#   0.000#   0.000f


 Total SPIN, PARITY =    38.5 +,      4 chs,      0 cc.  Rmin & Coul turning =    3.0   12.0
   S-matrix    1 =    1.00000   0.00000 for L=   38, J=   38.5 channel on core I =   0.0 from L=   38,  Acc. loss =  0.0 D.
 Elastic phase shift   1 =    0.000   0.000 deg. for the L =   38, J =   38.5 channel.
      38.5  0.99999996  0.00000048i: elastic S-matrix  @@      0.00  0   0 F  0
 Reaction Xsec    38.5+/38 @ 1 =   9.443#, Out:   0.000#   0.000#   0.000f


 Total SPIN, PARITY =    38.5 -,      4 chs,      0 cc.  Rmin & Coul turning =    3.0   12.0
   S-matrix    1 =    1.00000   0.00000 for L=   39, J=   38.5 channel on core I =   0.0 from L=   39,  Acc. loss =  0.0 D.
 Elastic phase shift   1 =    0.000   0.000 deg. for the L =   39, J =   38.5 channel.
      38.5  0.99999998  0.00000029i: elastic S-matrix  @@      0.00  0   0 F  0
 Reaction Xsec    38.5-/39 @ 1 =   5.183#, Out:   0.000#   0.000#   0.000f


 Total SPIN, PARITY =    39.5 +,      4 chs,      0 cc.  Rmin & Coul turning =    3.1   12.3
   S-matrix    1 =    1.00000   0.00000 for L=   40, J=   39.5 channel on core I =   0.0 from L=   40,  Acc. loss =  0.0 D.
 Elastic phase shift   1 =    0.000   0.000 deg. for the L =   40, J =   39.5 channel.
      39.5  0.99999999  0.00000021i: elastic S-matrix  @@      0.00  0   0 F  0
 Reaction Xsec    39.5+/40 @ 1 =   2.917#, Out:   0.000#   0.000#   0.000f


 Total SPIN, PARITY =    39.5 -,      4 chs,      0 cc.  Rmin & Coul turning =    3.1   12.3
   S-matrix    1 =    1.00000   0.00000 for L=   39, J=   39.5 channel on core I =   0.0 from L=   39,  Acc. loss =  0.0 D.
 Elastic phase shift   1 =    0.000   0.000 deg. for the L =   39, J =   39.5 channel.
      39.5  0.99999998  0.00000032i: elastic S-matrix  @@      0.00  0   0 F  0
 Reaction Xsec    39.5-/39 @ 1 =   5.316#, Out:   0.000#   0.000#   0.000f


 Total SPIN, PARITY =    40.5 +,      4 chs,      0 cc.  Rmin & Coul turning =    3.2   12.6
   S-matrix    1 =    1.00000   0.00000 for L=   40, J=   40.5 channel on core I =   0.0 from L=   40,  Acc. loss =  0.0 D.
 Elastic phase shift   1 =    0.000   0.000 deg. for the L =   40, J =   40.5 channel.
      40.5  0.99999999  0.00000023i: elastic S-matrix  @@      0.02  0   0 F  0
 Reaction Xsec    40.5+/40 @ 1 =   2.990#, Out:   0.000#   0.000#   0.000f


 Total SPIN, PARITY =    40.5 -,      4 chs,      0 cc.  Rmin & Coul turning =    3.2   12.6
   S-matrix    1 =    1.00000   0.00000 for L=   41, J=   40.5 channel on core I =   0.0 from L=   41,  Acc. loss =  0.0 D.
 Elastic phase shift   1 =    0.000   0.000 deg. for the L =   41, J =   40.5 channel.
      40.5  0.99999999  0.00000018i: elastic S-matrix  @@      0.00  0   0 F  0
 Reaction Xsec    40.5-/41 @ 1 =   1.640#, Out:   0.000#   0.000#   0.000f


 Total SPIN, PARITY =    41.5 +,      4 chs,      0 cc.  Rmin & Coul turning =    3.2   12.9
   S-matrix    1 =    1.00000   0.00000 for L=   42, J=   41.5 channel on core I =   0.0 from L=   42,  Acc. loss =  0.0 D.
 Elastic phase shift   1 =    0.000   0.000 deg. for the L =   42, J =   41.5 channel.
0****** WARNING : ACCURACY LOSS IN ERWIN = 14.4 DIGITS, SO EXPECT ERRORS OF   0.0000 % OF UNITARITY

      41.5  1.00000000  0.00000013i: elastic S-matrix  @@      0.00  0   0 F  0
 Reaction Xsec    41.5+/42 @ 1 =   0.921#, Out:   0.000#   0.000#   0.000f


 Total SPIN, PARITY =    41.5 -,      4 chs,      0 cc.  Rmin & Coul turning =    3.2   12.9
   S-matrix    1 =    1.00000   0.00000 for L=   41, J=   41.5 channel on core I =   0.0 from L=   41,  Acc. loss =  0.0 D.
 Elastic phase shift   1 =    0.000   0.000 deg. for the L =   41, J =   41.5 channel.
      41.5  0.99999999  0.00000019i: elastic S-matrix  @@      0.00  0   0 F  0
 Reaction Xsec    41.5-/41 @ 1 =   1.680#, Out:   0.000#   0.000#   0.000f


 Total SPIN, PARITY =    42.5 +,      4 chs,      0 cc.  Rmin & Coul turning =    3.4   13.2
   S-matrix    1 =    1.00000   0.00000 for L=   42, J=   42.5 channel on core I =   0.0 from L=   42,  Acc. loss =  0.0 D.
 Elastic phase shift   1 =    0.000   0.000 deg. for the L =   42, J =   42.5 channel.
0****** WARNING : ACCURACY LOSS IN ERWIN = 14.4 DIGITS, SO EXPECT ERRORS OF   0.0000 % OF UNITARITY

      42.5  1.00000000  0.00000013i: elastic S-matrix  @@      0.00  0   0 F  0
 Reaction Xsec    42.5+/42 @ 1 =   0.943#, Out:   0.000#   0.000#   0.000f


 Total SPIN, PARITY =    42.5 -,      4 chs,      0 cc.  Rmin & Coul turning =    3.4   13.2
   S-matrix    1 =    1.00000   0.00000 for L=   43, J=   42.5 channel on core I =   0.0 from L=   43,  Acc. loss =  0.0 D.
 Elastic phase shift   1 =    0.000   0.000 deg. for the L =   43, J =   42.5 channel.
0****** WARNING : ACCURACY LOSS IN ERWIN = 14.4 DIGITS, SO EXPECT ERRORS OF   0.0000 % OF UNITARITY

      42.5  1.00000000  0.00000012i: elastic S-matrix  @@      0.00  0   0 F  0
 Reaction Xsec    42.5-/43 @ 1 =   0.517#, Out:   0.000#   0.000#   0.000f


 Total SPIN, PARITY =    43.5 +,      4 chs,      0 cc.  Rmin & Coul turning =    3.4   13.5
   S-matrix    1 =    1.00000   0.00000 for L=   44, J=   43.5 channel on core I =   0.0 from L=   44,  Acc. loss =  0.0 D.
 Elastic phase shift   1 =    0.000   0.000 deg. for the L =   44, J =   43.5 channel.
      43.5  1.00000000  0.00000011i: elastic S-matrix  @@      0.00  0   0 F  0
 Reaction Xsec    43.5+/44 @ 1 =   0.290#, Out:   0.000#   0.000#   0.000f


 Total SPIN, PARITY =    43.5 -,      4 chs,      0 cc.  Rmin & Coul turning =    3.4   13.5
   S-matrix    1 =    1.00000   0.00000 for L=   43, J=   43.5 channel on core I =   0.0 from L=   43,  Acc. loss =  0.0 D.
 Elastic phase shift   1 =    0.000   0.000 deg. for the L =   43, J =   43.5 channel.
0****** WARNING : ACCURACY LOSS IN ERWIN = 14.3 DIGITS, SO EXPECT ERRORS OF   0.0000 % OF UNITARITY

      43.5  1.00000000  0.00000012i: elastic S-matrix  @@      0.02  0   0 F  0
 Reaction Xsec    43.5-/43 @ 1 =   0.529#, Out:   0.000#   0.000#   0.000f


 Total SPIN, PARITY =    44.5 +,      4 chs,      0 cc.  Rmin & Coul turning =    3.5   13.8
   S-matrix    1 =    1.00000   0.00000 for L=   44, J=   44.5 channel on core I =   0.0 from L=   44,  Acc. loss =  0.0 D.
 Elastic phase shift   1 =    0.000   0.000 deg. for the L =   44, J =   44.5 channel.
      44.5  1.00000000  0.00000012i: elastic S-matrix  @@      0.00  0   0 F  0
 Reaction Xsec    44.5+/44 @ 1 =   0.297#, Out:   0.000#   0.000#   0.000f


 Total SPIN, PARITY =    44.5 -,      4 chs,      0 cc.  Rmin & Coul turning =    3.5   13.8
   S-matrix    1 =    1.00000   0.00000 for L=   45, J=   44.5 channel on core I =   0.0 from L=   45,  Acc. loss =  0.0 D.
 Elastic phase shift   1 =    0.000   0.000 deg. for the L =   45, J =   44.5 channel.
0****** WARNING : ACCURACY LOSS IN ERWIN = 14.5 DIGITS, SO EXPECT ERRORS OF   0.0000 % OF UNITARITY

      44.5  1.00000000  0.00000008i: elastic S-matrix  @@      0.00  0   0 F  0
 Reaction Xsec    44.5-/45 @ 1 =   0.163#, Out:   0.000#   0.000#   0.000f


 Total SPIN, PARITY =    45.5 +,      4 chs,      0 cc.  Rmin & Coul turning =    3.6   14.2
   S-matrix    1 =    1.00000   0.00000 for L=   46, J=   45.5 channel on core I =   0.0 from L=   46,  Acc. loss =  0.0 D.
 Elastic phase shift   1 =    0.000   0.000 deg. for the L =   46, J =   45.5 channel.
      45.5  1.00000000  0.00000009i: elastic S-matrix  @@      0.00  0   0 F  0
 Reaction Xsec    45.5+/46 @ 1 =   0.091#, Out:   0.000#   0.000#   0.000f


 Total SPIN, PARITY =    45.5 -,      4 chs,      0 cc.  Rmin & Coul turning =    3.6   14.2
   S-matrix    1 =    1.00000   0.00000 for L=   45, J=   45.5 channel on core I =   0.0 from L=   45,  Acc. loss =  0.0 D.
 Elastic phase shift   1 =    0.000   0.000 deg. for the L =   45, J =   45.5 channel.
0****** WARNING : ACCURACY LOSS IN ERWIN = 14.7 DIGITS, SO EXPECT ERRORS OF   0.0000 % OF UNITARITY

      45.5  1.00000000  0.00000008i: elastic S-matrix  @@      0.00  0   0 F  0
 Reaction Xsec    45.5-/45 @ 1 =   0.166#, Out:   0.000#   0.000#   0.000f


 Total SPIN, PARITY =    46.5 +,      4 chs,      0 cc.  Rmin & Coul turning =    3.7   14.5
   S-matrix    1 =    1.00000   0.00000 for L=   46, J=   46.5 channel on core I =   0.0 from L=   46,  Acc. loss =  0.0 D.
 Elastic phase shift   1 =    0.000   0.000 deg. for the L =   46, J =   46.5 channel.
      46.5  1.00000000  0.00000009i: elastic S-matrix  @@      0.00  0   0 F  0
 Reaction Xsec    46.5+/46 @ 1 =   0.093#, Out:   0.000#   0.000#   0.000f


 Total SPIN, PARITY =    46.5 -,      4 chs,      0 cc.  Rmin & Coul turning =    3.7   14.5
   S-matrix    1 =    1.00000   0.00000 for L=   47, J=   46.5 channel on core I =   0.0 from L=   47,  Acc. loss =  0.0 D.
 Elastic phase shift   1 =    0.000   0.000 deg. for the L =   47, J =   46.5 channel.
0****** WARNING : ACCURACY LOSS IN ERWIN = 14.2 DIGITS, SO EXPECT ERRORS OF   0.0000 % OF UNITARITY

      46.5  1.00000000  0.00000009i: elastic S-matrix  @@      0.02  0   0 F  0
 Reaction Xsec    46.5-/47 @ 1 =   0.051#, Out:   0.000#   0.000#   0.000f


 Total SPIN, PARITY =    47.5 +,      4 chs,      0 cc.  Rmin & Coul turning =    3.8   14.8
   S-matrix    1 =    1.00000   0.00000 for L=   48, J=   47.5 channel on core I =   0.0 from L=   48,  Acc. loss =  0.0 D.
 Elastic phase shift   1 =    0.000   0.000 deg. for the L =   48, J =   47.5 channel.
0****** WARNING : ACCURACY LOSS IN ERWIN = 14.4 DIGITS, SO EXPECT ERRORS OF   0.0000 % OF UNITARITY

      47.5  1.00000000  0.00000006i: elastic S-matrix  @@      0.00  0   0 F  0
 Reaction Xsec    47.5+/48 @ 1 =   0.029#, Out:   0.000#   0.000#   0.000f


 Total SPIN, PARITY =    47.5 -,      4 chs,      0 cc.  Rmin & Coul turning =    3.8   14.8
   S-matrix    1 =    1.00000   0.00000 for L=   47, J=   47.5 channel on core I =   0.0 from L=   47,  Acc. loss =  0.0 D.
 Elastic phase shift   1 =    0.000   0.000 deg. for the L =   47, J =   47.5 channel.
0****** WARNING : ACCURACY LOSS IN ERWIN = 14.9 DIGITS, SO EXPECT ERRORS OF   0.0000 % OF UNITARITY

      47.5  1.00000000  0.00000009i: elastic S-matrix  @@      0.00  0   0 F  0
 Reaction Xsec    47.5-/47 @ 1 =   0.052#, Out:   0.000#   0.000#   0.000f


 Total SPIN, PARITY =    48.5 +,      4 chs,      0 cc.  Rmin & Coul turning =    3.8   15.1
   S-matrix    1 =    1.00000   0.00000 for L=   48, J=   48.5 channel on core I =   0.0 from L=   48,  Acc. loss =  0.0 D.
 Elastic phase shift   1 =    0.000   0.000 deg. for the L =   48, J =   48.5 channel.
0****** WARNING : ACCURACY LOSS IN ERWIN = 14.5 DIGITS, SO EXPECT ERRORS OF   0.0000 % OF UNITARITY

      48.5  1.00000000  0.00000006i: elastic S-matrix  @@      0.00  0   0 F  0
 Reaction Xsec    48.5+/48 @ 1 =   0.029#, Out:   0.000#   0.000#   0.000f


 Total SPIN, PARITY =    48.5 -,      4 chs,      0 cc.  Rmin & Coul turning =    3.8   15.1
   S-matrix    1 =    1.00000   0.00000 for L=   49, J=   48.5 channel on core I =   0.0 from L=   49,  Acc. loss =  0.0 D.
 Elastic phase shift   1 =    0.000   0.000 deg. for the L =   49, J =   48.5 channel.
      48.5  1.00000000  0.00000007i: elastic S-matrix  @@      0.00  0   0 F  0
 Reaction Xsec    48.5-/49 @ 1 =   0.016#, Out:   0.000#   0.000#   0.000f


 Total SPIN, PARITY =    49.5 +,      4 chs,      0 cc.  Rmin & Coul turning =    3.9   15.4
   S-matrix    1 =    1.00000   0.00000 for L=   50, J=   49.5 channel on core I =   0.0 from L=   50,  Acc. loss =  0.0 D.
 Elastic phase shift   1 =    0.000   0.000 deg. for the L =   50, J =   49.5 channel.
      49.5  1.00000000  0.00000007i: elastic S-matrix  @@      0.00  0   0 F  0
 Reaction Xsec    49.5+/50 @ 1 =   0.009#, Out:   0.000#   0.000#   0.000f


 Total SPIN, PARITY =    49.5 -,      4 chs,      0 cc.  Rmin & Coul turning =    3.9   15.4
   S-matrix    1 =    1.00000   0.00000 for L=   49, J=   49.5 channel on core I =   0.0 from L=   49,  Acc. loss =  0.0 D.
 Elastic phase shift   1 =    0.000   0.000 deg. for the L =   49, J =   49.5 channel.
      49.5  1.00000000  0.00000007i: elastic S-matrix  @@      0.02  0   0 F  0
 Reaction Xsec    49.5-/49 @ 1 =   0.016#, Out:   0.000#   0.000#   0.000f


 Total SPIN, PARITY =    50.5 +,      4 chs,      0 cc.  Rmin & Coul turning =    4.0   15.7
   S-matrix    1 =    1.00000   0.00000 for L=   50, J=   50.5 channel on core I =   0.0 from L=   50,  Acc. loss =  0.0 D.
 Elastic phase shift   1 =    0.000   0.000 deg. for the L =   50, J =   50.5 channel.
0****** WARNING : ACCURACY LOSS IN ERWIN = 14.3 DIGITS, SO EXPECT ERRORS OF   0.0000 % OF UNITARITY

      50.5  1.00000000  0.00000007i: elastic S-matrix  @@      0.00  0   0 F  0
 Reaction Xsec    50.5+/50 @ 1 =   0.009#, Out:   0.000#   0.000#   0.000f


 Total SPIN, PARITY =    50.5 -,      4 chs,      0 cc.  Rmin & Coul turning =    4.0   15.7
   S-matrix    1 =    1.00000   0.00000 for L=   51, J=   50.5 channel on core I =   0.0 from L=   51,  Acc. loss =  0.0 D.
 Elastic phase shift   1 =    0.000   0.000 deg. for the L =   51, J =   50.5 channel.
0****** WARNING : ACCURACY LOSS IN ERWIN = 14.5 DIGITS, SO EXPECT ERRORS OF   0.0000 % OF UNITARITY

      50.5  1.00000000  0.00000004i: elastic S-matrix  @@      0.00  0   0 F  0
 Reaction Xsec    50.5-/51 @ 1 =   0.005#, Out:   0.000#   0.000#   0.000f


 Total SPIN, PARITY =    51.5 +,      4 chs,      0 cc.  Rmin & Coul turning =    4.0   16.0
   S-matrix    1 =    1.00000   0.00000 for L=   52, J=   51.5 channel on core I =   0.0 from L=   52,  Acc. loss =  0.0 D.
 Elastic phase shift   1 =    0.000   0.000 deg. for the L =   52, J =   51.5 channel.
      51.5  1.00000000  0.00000005i: elastic S-matrix  @@      0.00  0   0 F  0
 Reaction Xsec    51.5+/52 @ 1 =   0.003#, Out:   0.000#   0.000#   0.000f


 Total SPIN, PARITY =    51.5 -,      4 chs,      0 cc.  Rmin & Coul turning =    4.0   16.0
   S-matrix    1 =    1.00000   0.00000 for L=   51, J=   51.5 channel on core I =   0.0 from L=   51,  Acc. loss =  0.0 D.
 Elastic phase shift   1 =    0.000   0.000 deg. for the L =   51, J =   51.5 channel.
0****** WARNING : ACCURACY LOSS IN ERWIN = 14.2 DIGITS, SO EXPECT ERRORS OF   0.0000 % OF UNITARITY

      51.5  1.00000000  0.00000004i: elastic S-matrix  @@      0.00  0   0 F  0
 Reaction Xsec    51.5-/51 @ 1 =   0.005#, Out:   0.000#   0.000#   0.000f


 Total SPIN, PARITY =    52.5 +,      4 chs,      0 cc.  Rmin & Coul turning =    4.2   16.3
   S-matrix    1 =    1.00000   0.00000 for L=   52, J=   52.5 channel on core I =   0.0 from L=   52,  Acc. loss =  0.0 D.
 Elastic phase shift   1 =    0.000   0.000 deg. for the L =   52, J =   52.5 channel.
      52.5  1.00000000  0.00000005i: elastic S-matrix  @@      0.00  0   0 F  0
 Reaction Xsec    52.5+/52 @ 1 =   0.003#, Out:   0.000#   0.000#   0.000f


 Total SPIN, PARITY =    52.5 -,      4 chs,      0 cc.  Rmin & Coul turning =    4.2   16.3
   S-matrix    1 =    1.00000   0.00000 for L=   53, J=   52.5 channel on core I =   0.0 from L=   53,  Acc. loss =  0.0 D.
 Elastic phase shift   1 =    0.000   0.000 deg. for the L =   53, J =   52.5 channel.
      52.5  1.00000000  0.00000006i: elastic S-matrix  @@      0.00  0   0 F  0
 Reaction Xsec    52.5-/53 @ 1 =   0.002#, Out:   0.000#   0.000#   0.000f


 Total SPIN, PARITY =    53.5 +,      4 chs,      0 cc.  Rmin & Coul turning =    4.2   16.6
   S-matrix    1 =    1.00000   0.00000 for L=   54, J=   53.5 channel on core I =   0.0 from L=   54,  Acc. loss =  0.0 D.
 Elastic phase shift   1 =    0.000   0.000 deg. for the L =   54, J =   53.5 channel.
0****** WARNING : ACCURACY LOSS IN ERWIN = 14.5 DIGITS, SO EXPECT ERRORS OF   0.0000 % OF UNITARITY

      53.5  1.00000000  0.00000003i: elastic S-matrix  @@      0.02  0   0 F  0
 Reaction Xsec    53.5+/54 @ 1 =   0.001#, Out:   0.000#   0.000#   0.000f


 Total SPIN, PARITY =    53.5 -,      4 chs,      0 cc.  Rmin & Coul turning =    4.2   16.6
   S-matrix    1 =    1.00000   0.00000 for L=   53, J=   53.5 channel on core I =   0.0 from L=   53,  Acc. loss =  0.0 D.
 Elastic phase shift   1 =    0.000   0.000 deg. for the L =   53, J =   53.5 channel.
0****** WARNING : ACCURACY LOSS IN ERWIN = 14.2 DIGITS, SO EXPECT ERRORS OF   0.0000 % OF UNITARITY

      53.5  1.00000000  0.00000006i: elastic S-matrix  @@      0.00  0   0 F  0
 Reaction Xsec    53.5-/53 @ 1 =   0.002#, Out:   0.000#   0.000#   0.000f


 Total SPIN, PARITY =    54.5 +,      4 chs,      0 cc.  Rmin & Coul turning =    4.3   16.9
   S-matrix    1 =    1.00000   0.00000 for L=   54, J=   54.5 channel on core I =   0.0 from L=   54,  Acc. loss =  0.0 D.
 Elastic phase shift   1 =    0.000   0.000 deg. for the L =   54, J =   54.5 channel.
0****** WARNING : ACCURACY LOSS IN ERWIN = 15.7 DIGITS, SO EXPECT ERRORS OF   0.0000 % OF UNITARITY

      54.5  1.00000000  0.00000003i: elastic S-matrix  @@      0.00  0   0 F  0
 Reaction Xsec    54.5+/54 @ 1 =   0.001#, Out:   0.000#   0.000#   0.000f


 Total SPIN, PARITY =    54.5 -,      4 chs,      0 cc.  Rmin & Coul turning =    4.3   16.9
   S-matrix    1 =    1.00000   0.00000 for L=   55, J=   54.5 channel on core I =   0.0 from L=   55,  Acc. loss =  0.0 D.
 Elastic phase shift   1 =    0.000   0.000 deg. for the L =   55, J =   54.5 channel.
      54.5  1.00000000  0.00000003i: elastic S-matrix  @@      0.00  0   0 F  0
 Reaction Xsec    54.5-/55 @ 1 =   0.000#, Out:   0.000#   0.000#   0.000f


 Total SPIN, PARITY =    55.5 +,      4 chs,      0 cc.  Rmin & Coul turning =    4.4   17.3
   S-matrix    1 =    1.00000   0.00000 for L=   56, J=   55.5 channel on core I =   0.0 from L=   56,  Acc. loss =  0.0 D.
 Elastic phase shift   1 =    0.000   0.000 deg. for the L =   56, J =   55.5 channel.
      55.5  1.00000000  0.00000005i: elastic S-matrix  @@      0.00  0   0 F  0
 Reaction Xsec    55.5+/56 @ 1 =   0.000#, Out:   0.000#   0.000#   0.000f


 Total SPIN, PARITY =    55.5 -,      4 chs,      0 cc.  Rmin & Coul turning =    4.4   17.3
   S-matrix    1 =    1.00000   0.00000 for L=   55, J=   55.5 channel on core I =   0.0 from L=   55,  Acc. loss =  0.0 D.
 Elastic phase shift   1 =    0.000   0.000 deg. for the L =   55, J =   55.5 channel.
0****** WARNING : ACCURACY LOSS IN ERWIN = 14.1 DIGITS, SO EXPECT ERRORS OF   0.0000 % OF UNITARITY

      55.5  1.00000000  0.00000003i: elastic S-matrix  @@      0.00  0   0 F  0
 Reaction Xsec    55.5-/55 @ 1 =   0.000#, Out:   0.000#   0.000#   0.000f


 Total SPIN, PARITY =    56.5 +,      4 chs,      0 cc.  Rmin & Coul turning =    4.5   17.6
   S-matrix    1 =    1.00000   0.00000 for L=   56, J=   56.5 channel on core I =   0.0 from L=   56,  Acc. loss =  0.0 D.
 Elastic phase shift   1 =    0.000   0.000 deg. for the L =   56, J =   56.5 channel.
0****** WARNING : ACCURACY LOSS IN ERWIN = 14.5 DIGITS, SO EXPECT ERRORS OF   0.0000 % OF UNITARITY

      56.5  1.00000000  0.00000005i: elastic S-matrix  @@      0.02  0   0 F  0
 Reaction Xsec    56.5+/56 @ 1 =   0.000#, Out:   0.000#   0.000#   0.000f


 Total SPIN, PARITY =    56.5 -,      4 chs,      0 cc.  Rmin & Coul turning =    4.5   17.6
   S-matrix    1 =    1.00000   0.00000 for L=   57, J=   56.5 channel on core I =   0.0 from L=   57,  Acc. loss =  0.0 D.
 Elastic phase shift   1 =    0.000   0.000 deg. for the L =   57, J =   56.5 channel.
0****** WARNING : ACCURACY LOSS IN ERWIN = 14.2 DIGITS, SO EXPECT ERRORS OF   0.0000 % OF UNITARITY

      56.5  1.00000000  0.00000003i: elastic S-matrix  @@      0.00  0   0 F  0
 Reaction Xsec    56.5-/57 @ 1 =   0.000#, Out:   0.000#   0.000#  -0.000f


 Total SPIN, PARITY =    57.5 +,      4 chs,      0 cc.  Rmin & Coul turning =    4.5   17.9
   S-matrix    1 =    1.00000   0.00000 for L=   58, J=   57.5 channel on core I =   0.0 from L=   58,  Acc. loss =  0.0 D.
 Elastic phase shift   1 =    0.000   0.000 deg. for the L =   58, J =   57.5 channel.
      57.5  1.00000000  0.00000001i: elastic S-matrix  @@      0.00  0   0 F  0
 Reaction Xsec    57.5+/58 @ 1 =   0.000#, Out:   0.000#   0.000#   0.000f


 Total SPIN, PARITY =    57.5 -,      4 chs,      0 cc.  Rmin & Coul turning =    4.5   17.9
   S-matrix    1 =    1.00000   0.00000 for L=   57, J=   57.5 channel on core I =   0.0 from L=   57,  Acc. loss =  0.0 D.
 Elastic phase shift   1 =    0.000   0.000 deg. for the L =   57, J =   57.5 channel.
0****** WARNING : ACCURACY LOSS IN ERWIN = 14.3 DIGITS, SO EXPECT ERRORS OF   0.0000 % OF UNITARITY

      57.5  1.00000000  0.00000003i: elastic S-matrix  @@      0.00  0   0 F  0
 Reaction Xsec    57.5-/57 @ 1 =   0.000#, Out:   0.000#   0.000#   0.000f


 Total SPIN, PARITY =    58.5 +,      4 chs,      0 cc.  Rmin & Coul turning =    4.6   18.2
   S-matrix    1 =    1.00000   0.00000 for L=   58, J=   58.5 channel on core I =   0.0 from L=   58,  Acc. loss =  0.0 D.
 Elastic phase shift   1 =    0.000   0.000 deg. for the L =   58, J =   58.5 channel.
      58.5  1.00000000  0.00000001i: elastic S-matrix  @@      0.00  0   0 F  0
 Reaction Xsec    58.5+/58 @ 1 =   0.000#, Out:   0.000#   0.000#   0.000f


 Total SPIN, PARITY =    58.5 -,      4 chs,      0 cc.  Rmin & Coul turning =    4.6   18.2
   S-matrix    1 =    1.00000   0.00000 for L=   59, J=   58.5 channel on core I =   0.0 from L=   59,  Acc. loss =  0.0 D.
 Elastic phase shift   1 =    0.000   0.000 deg. for the L =   59, J =   58.5 channel.
      58.5  1.00000000  0.00000003i: elastic S-matrix  @@      0.00  0   0 F  0
 Reaction Xsec    58.5-/59 @ 1 =   0.000#, Out:   0.000#   0.002#  -0.000f


 Total SPIN, PARITY =    59.5 +,      4 chs,      0 cc.  Rmin & Coul turning =    4.7   18.5
   S-matrix    1 =    1.00000   0.00000 for L=   60, J=   59.5 channel on core I =   0.0 from L=   60,  Acc. loss =  0.0 D.
 Elastic phase shift   1 =    0.000   0.000 deg. for the L =   60, J =   59.5 channel.
0****** WARNING : ACCURACY LOSS IN ERWIN = 14.8 DIGITS, SO EXPECT ERRORS OF   0.0000 % OF UNITARITY

      59.5  1.00000000  0.00000003i: elastic S-matrix  @@      0.02  0   0 F  0
 Reaction Xsec    59.5+/60 @ 1 =   0.000#, Out:   0.000#   0.000#  -0.000f


 Total SPIN, PARITY =    59.5 -,      4 chs,      0 cc.  Rmin & Coul turning =    4.7   18.5
   S-matrix    1 =    1.00000   0.00000 for L=   59, J=   59.5 channel on core I =   0.0 from L=   59,  Acc. loss =  0.0 D.
 Elastic phase shift   1 =    0.000   0.000 deg. for the L =   59, J =   59.5 channel.
0****** WARNING : ACCURACY LOSS IN ERWIN = 15.7 DIGITS, SO EXPECT ERRORS OF   0.0000 % OF UNITARITY

      59.5  1.00000000  0.00000003i: elastic S-matrix  @@      0.00  0   0 F  0
 Reaction Xsec    59.5-/59 @ 1 =   0.000#, Out:   0.000#   0.000#   0.000f


 Total SPIN, PARITY =    60.5 +,      4 chs,      0 cc.  Rmin & Coul turning =    4.8   18.8
   S-matrix    1 =    1.00000   0.00000 for L=   60, J=   60.5 channel on core I =   0.0 from L=   60,  Acc. loss =  0.0 D.
 Elastic phase shift   1 =    0.000   0.000 deg. for the L =   60, J =   60.5 channel.
0****** WARNING : ACCURACY LOSS IN ERWIN = 14.7 DIGITS, SO EXPECT ERRORS OF   0.0000 % OF UNITARITY

      60.5  1.00000000  0.00000003i: elastic S-matrix  @@      0.00  0   0 F  0
 Reaction Xsec    60.5+/60 @ 1 =   0.000#, Out:   0.000#   0.000#   0.000f


 Total SPIN, PARITY =    60.5 -,      4 chs,      0 cc.  Rmin & Coul turning =    4.8   18.8
   S-matrix    1 =    1.00000  -0.00000 for L=   61, J=   60.5 channel on core I =   0.0 from L=   61,  Acc. loss =  0.0 D.
 Elastic phase shift   1 =   -0.000   0.000 deg. for the L =   61, J =   60.5 channel.
      60.5  1.00000000 -0.00000000i: elastic S-matrix  @@      0.00  0   0 F  0
 Reaction Xsec    60.5-/61 @ 1 =   0.000#, Out:   0.000#   0.000#  -0.000f


 Total SPIN, PARITY =    61.5 +,      4 chs,      0 cc.  Rmin & Coul turning =    4.9   19.1
   S-matrix    1 =    1.00000   0.00000 for L=   62, J=   61.5 channel on core I =   0.0 from L=   62,  Acc. loss =  0.0 D.
 Elastic phase shift   1 =    0.000   0.000 deg. for the L =   62, J =   61.5 channel.
0****** WARNING : ACCURACY LOSS IN ERWIN = 14.4 DIGITS, SO EXPECT ERRORS OF   0.0000 % OF UNITARITY

      61.5  1.00000000  0.00000000i: elastic S-matrix  @@      0.00  0   0 F  0
 Reaction Xsec    61.5+/62 @ 1 =   0.000#, Out:   0.000#   0.000#  -0.000f


 Total SPIN, PARITY =    61.5 -,      4 chs,      0 cc.  Rmin & Coul turning =    4.9   19.1
   S-matrix    1 =    1.00000  -0.00000 for L=   61, J=   61.5 channel on core I =   0.0 from L=   61,  Acc. loss =  0.0 D.
 Elastic phase shift   1 =   -0.000   0.000 deg. for the L =   61, J =   61.5 channel.
0****** WARNING : ACCURACY LOSS IN ERWIN = 14.7 DIGITS, SO EXPECT ERRORS OF   0.0000 % OF UNITARITY

      61.5  1.00000000 -0.00000000i: elastic S-matrix  @@      0.00  0   0 F  0
 Reaction Xsec    61.5-/61 @ 1 =   0.000#, Out:   0.000#   0.000#   0.000f


 Total SPIN, PARITY =    62.5 +,      4 chs,      0 cc.  Rmin & Coul turning =    5.0   19.4
   S-matrix    1 =    1.00000   0.00000 for L=   62, J=   62.5 channel on core I =   0.0 from L=   62,  Acc. loss =  0.0 D.
 Elastic phase shift   1 =    0.000   0.000 deg. for the L =   62, J =   62.5 channel.
0****** WARNING : ACCURACY LOSS IN ERWIN = 14.4 DIGITS, SO EXPECT ERRORS OF   0.0000 % OF UNITARITY

      62.5  1.00000000  0.00000000i: elastic S-matrix  @@      0.00  0   0 F  0
 Reaction Xsec    62.5+/62 @ 1 =   0.000#, Out:   0.000#   0.000#  -0.000f


 Total SPIN, PARITY =    62.5 -,      4 chs,      0 cc.  Rmin & Coul turning =    5.0   19.4
   S-matrix    1 =    1.00000   0.00000 for L=   63, J=   62.5 channel on core I =   0.0 from L=   63,  Acc. loss =  0.0 D.
 Elastic phase shift   1 =    0.000   0.000 deg. for the L =   63, J =   62.5 channel.
0****** WARNING : ACCURACY LOSS IN ERWIN = 14.9 DIGITS, SO EXPECT ERRORS OF   0.0000 % OF UNITARITY

      62.5  1.00000000  0.00000003i: elastic S-matrix  @@      0.02  0   0 F  0
 Reaction Xsec    62.5-/63 @ 1 =   0.000#, Out:   0.000#   0.002#  -0.000f


 Total SPIN, PARITY =    63.5 +,      4 chs,      0 cc.  Rmin & Coul turning =    5.0   19.7
   S-matrix    1 =    1.00000   0.00000 for L=   64, J=   63.5 channel on core I =   0.0 from L=   64,  Acc. loss =  0.0 D.
 Elastic phase shift   1 =    0.000   0.000 deg. for the L =   64, J =   63.5 channel.
0****** WARNING : ACCURACY LOSS IN ERWIN = 14.8 DIGITS, SO EXPECT ERRORS OF   0.0000 % OF UNITARITY

      63.5  1.00000000  0.00000000i: elastic S-matrix  @@      0.00  0   0 F  0
 Reaction Xsec    63.5+/64 @ 1 =   0.000#, Out:   0.000#   0.000#  -0.000f


 Total SPIN, PARITY =    63.5 -,      4 chs,      0 cc.  Rmin & Coul turning =    5.0   19.7
   S-matrix    1 =    1.00000   0.00000 for L=   63, J=   63.5 channel on core I =   0.0 from L=   63,  Acc. loss =  0.0 D.
 Elastic phase shift   1 =    0.000   0.000 deg. for the L =   63, J =   63.5 channel.
0****** WARNING : ACCURACY LOSS IN ERWIN = 14.6 DIGITS, SO EXPECT ERRORS OF   0.0000 % OF UNITARITY

      63.5  1.00000000  0.00000003i: elastic S-matrix  @@      0.00  0   0 F  0
 Reaction Xsec    63.5-/63 @ 1 =   0.000#, Out:   0.000#   0.000#  -0.000f


 Total SPIN, PARITY =    64.5 +,      4 chs,      0 cc.  Rmin & Coul turning =    5.1   20.1
   S-matrix    1 =    1.00000   0.00000 for L=   64, J=   64.5 channel on core I =   0.0 from L=   64,  Acc. loss =  0.0 D.
 Elastic phase shift   1 =    0.000   0.000 deg. for the L =   64, J =   64.5 channel.
      64.5  1.00000000  0.00000000i: elastic S-matrix  @@      0.00  0   0 F  0
 Reaction Xsec    64.5+/64 @ 1 =   0.000#, Out:   0.000#   0.000#  -0.000f


 Total SPIN, PARITY =    64.5 -,      4 chs,      0 cc.  Rmin & Coul turning =    5.1   20.1
   S-matrix    1 =    1.00000  -0.00000 for L=   65, J=   64.5 channel on core I =   0.0 from L=   65,  Acc. loss =  0.0 D.
 Elastic phase shift   1 =   -0.000   0.000 deg. for the L =   65, J =   64.5 channel.
      64.5  1.00000000 -0.00000002i: elastic S-matrix  @@      0.00  0   0 F  0
 Reaction Xsec    64.5-/65 @ 1 =   0.000#, Out:   0.000#   0.001#  -0.000f


 Total SPIN, PARITY =    65.5 +,      4 chs,      0 cc.  Rmin & Coul turning =    5.2   20.4
   S-matrix    1 =    1.00000  -0.00000 for L=   66, J=   65.5 channel on core I =   0.0 from L=   66,  Acc. loss =  0.0 D.
 Elastic phase shift   1 =   -0.000   0.000 deg. for the L =   66, J =   65.5 channel.
0****** WARNING : ACCURACY LOSS IN ERWIN = 14.9 DIGITS, SO EXPECT ERRORS OF   0.0000 % OF UNITARITY

      65.5  1.00000000 -0.00000000i: elastic S-matrix  @@      0.00  0   0 F  0
 Reaction Xsec    65.5+/66 @ 1 =   0.000#, Out:   0.000#   0.003#  -0.000f


 Total SPIN, PARITY =    65.5 -,      4 chs,      0 cc.  Rmin & Coul turning =    5.2   20.4
   S-matrix    1 =    1.00000  -0.00000 for L=   65, J=   65.5 channel on core I =   0.0 from L=   65,  Acc. loss =  0.0 D.
 Elastic phase shift   1 =   -0.000   0.000 deg. for the L =   65, J =   65.5 channel.
      65.5  1.00000000 -0.00000002i: elastic S-matrix  @@      0.02  0   0 F  0
 Reaction Xsec    65.5-/65 @ 1 =   0.000#, Out:   0.000#   0.000#  -0.000f


 Total SPIN, PARITY =    66.5 +,      4 chs,      0 cc.  Rmin & Coul turning =    5.2   20.7
   S-matrix    1 =    1.00000  -0.00000 for L=   66, J=   66.5 channel on core I =   0.0 from L=   66,  Acc. loss =  0.0 D.
 Elastic phase shift   1 =   -0.000   0.000 deg. for the L =   66, J =   66.5 channel.
      66.5  1.00000000 -0.00000000i: elastic S-matrix  @@      0.00  0   0 F  0
 Reaction Xsec    66.5+/66 @ 1 =   0.000#, Out:   0.000#   0.000#  -0.000f


 Total SPIN, PARITY =    66.5 -,      4 chs,      0 cc.  Rmin & Coul turning =    5.2   20.7
   S-matrix    1 =    1.00000   0.00000 for L=   67, J=   66.5 channel on core I =   0.0 from L=   67,  Acc. loss =  0.0 D.
 Elastic phase shift   1 =    0.000   0.000 deg. for the L =   67, J =   66.5 channel.
0****** WARNING : ACCURACY LOSS IN ERWIN = 14.3 DIGITS, SO EXPECT ERRORS OF   0.0000 % OF UNITARITY

      66.5  1.00000000  0.00000001i: elastic S-matrix  @@      0.00  0   0 F  0
 Reaction Xsec    66.5-/67 @ 1 =   0.000#, Out:   0.000#   0.000#  -0.000f


 Total SPIN, PARITY =    67.5 +,      4 chs,      0 cc.  Rmin & Coul turning =    5.4   21.0
   S-matrix    1 =    1.00000  -0.00000 for L=   68, J=   67.5 channel on core I =   0.0 from L=   68,  Acc. loss =  0.0 D.
 Elastic phase shift   1 =   -0.000   0.000 deg. for the L =   68, J =   67.5 channel.
      67.5  1.00000000 -0.00000001i: elastic S-matrix  @@      0.00  0   0 F  0
 Reaction Xsec    67.5+/68 @ 1 =   0.000#, Out:   0.000#   0.000#  -0.000f


 Total SPIN, PARITY =    67.5 -,      4 chs,      0 cc.  Rmin & Coul turning =    5.4   21.0
   S-matrix    1 =    1.00000   0.00000 for L=   67, J=   67.5 channel on core I =   0.0 from L=   67,  Acc. loss =  0.0 D.
 Elastic phase shift   1 =    0.000   0.000 deg. for the L =   67, J =   67.5 channel.
0****** WARNING : ACCURACY LOSS IN ERWIN = 14.1 DIGITS, SO EXPECT ERRORS OF   0.0000 % OF UNITARITY

      67.5  1.00000000  0.00000001i: elastic S-matrix  @@      0.00  0   0 F  0
 Reaction Xsec    67.5-/67 @ 1 =   0.000#, Out:   0.000#   0.001#  -0.000f


 Total SPIN, PARITY =    68.5 +,      4 chs,      0 cc.  Rmin & Coul turning =    5.4   21.3
   S-matrix    1 =    1.00000  -0.00000 for L=   68, J=   68.5 channel on core I =   0.0 from L=   68,  Acc. loss =  0.0 D.
 Elastic phase shift   1 =   -0.000   0.000 deg. for the L =   68, J =   68.5 channel.
      68.5  1.00000000 -0.00000001i: elastic S-matrix  @@      0.00  0   0 F  0
 Reaction Xsec    68.5+/68 @ 1 =   0.000#, Out:   0.000#   0.002#  -0.000f


 Total SPIN, PARITY =    68.5 -,      4 chs,      0 cc.  Rmin & Coul turning =    5.4   21.3
   S-matrix    1 =    1.00000  -0.00000 for L=   69, J=   68.5 channel on core I =   0.0 from L=   69,  Acc. loss =  0.0 D.
 Elastic phase shift   1 =   -0.000   0.000 deg. for the L =   69, J =   68.5 channel.
      68.5  1.00000000 -0.00000004i: elastic S-matrix  @@      0.02  0   0 F  0
 Reaction Xsec    68.5-/69 @ 1 =   0.000#, Out:   0.000#   0.005#  -0.000f


 Total SPIN, PARITY =    69.5 +,      4 chs,      0 cc.  Rmin & Coul turning =    5.5   21.6
   S-matrix    1 =    1.00000  -0.00000 for L=   70, J=   69.5 channel on core I =   0.0 from L=   70,  Acc. loss =  0.0 D.
 Elastic phase shift   1 =   -0.000   0.000 deg. for the L =   70, J =   69.5 channel.
0****** WARNING : ACCURACY LOSS IN ERWIN = 14.2 DIGITS, SO EXPECT ERRORS OF   0.0000 % OF UNITARITY

      69.5  1.00000000 -0.00000002i: elastic S-matrix  @@      0.00  0   0 F  0
 Reaction Xsec    69.5+/70 @ 1 =   0.000#, Out:   0.000#   0.007#  -0.000f


 Total SPIN, PARITY =    69.5 -,      4 chs,      0 cc.  Rmin & Coul turning =    5.5   21.6
   S-matrix    1 =    1.00000  -0.00000 for L=   69, J=   69.5 channel on core I =   0.0 from L=   69,  Acc. loss =  0.0 D.
 Elastic phase shift   1 =   -0.000   0.000 deg. for the L =   69, J =   69.5 channel.
0****** WARNING : ACCURACY LOSS IN ERWIN = 14.3 DIGITS, SO EXPECT ERRORS OF   0.0000 % OF UNITARITY

      69.5  1.00000000 -0.00000004i: elastic S-matrix  @@      0.00  0   0 F  0
 Reaction Xsec    69.5-/69 @ 1 =   0.000#, Out:   0.000#   0.001#  -0.000f


 Total SPIN, PARITY =    70.5 +,      4 chs,      0 cc.  Rmin & Coul turning =    5.6   21.9
   S-matrix    1 =    1.00000  -0.00000 for L=   70, J=   70.5 channel on core I =   0.0 from L=   70,  Acc. loss =  0.0 D.
 Elastic phase shift   1 =   -0.000   0.000 deg. for the L =   70, J =   70.5 channel.
0****** WARNING : ACCURACY LOSS IN ERWIN = 15.1 DIGITS, SO EXPECT ERRORS OF   0.0000 % OF UNITARITY

      70.5  1.00000000 -0.00000002i: elastic S-matrix  @@      0.00  0   0 F  0
 Reaction Xsec    70.5+/70 @ 1 =   0.000#, Out:   0.000#   0.000#  -0.000f


 Total SPIN, PARITY =    70.5 -,      4 chs,      0 cc.  Rmin & Coul turning =    5.6   21.9
   S-matrix    1 =    1.00000   0.00000 for L=   71, J=   70.5 channel on core I =   0.0 from L=   71,  Acc. loss =  0.0 D.
 Elastic phase shift   1 =    0.000   0.000 deg. for the L =   71, J =   70.5 channel.
0****** WARNING : ACCURACY LOSS IN ERWIN = 14.7 DIGITS, SO EXPECT ERRORS OF   0.0000 % OF UNITARITY

      70.5  1.00000000  0.00000000i: elastic S-matrix  @@      0.00  0   0 F  0
 Reaction Xsec    70.5-/71 @ 1 =   0.000#, Out:   0.000#   0.000#  -0.000f


 Total SPIN, PARITY =    71.5 +,      4 chs,      0 cc.  Rmin & Coul turning =    5.7   22.2
   S-matrix    1 =    1.00000  -0.00000 for L=   72, J=   71.5 channel on core I =   0.0 from L=   72,  Acc. loss =  0.0 D.
 Elastic phase shift   1 =   -0.000   0.000 deg. for the L =   72, J =   71.5 channel.
0****** WARNING : ACCURACY LOSS IN ERWIN = 14.6 DIGITS, SO EXPECT ERRORS OF   0.0000 % OF UNITARITY

      71.5  1.00000000 -0.00000002i: elastic S-matrix  @@      0.00  0   0 F  0
 Reaction Xsec    71.5+/72 @ 1 =   0.000#, Out:   0.000#   0.001#  -0.000f


 Total SPIN, PARITY =    71.5 -,      4 chs,      0 cc.  Rmin & Coul turning =    5.7   22.2
   S-matrix    1 =    1.00000   0.00000 for L=   71, J=   71.5 channel on core I =   0.0 from L=   71,  Acc. loss =  0.0 D.
 Elastic phase shift   1 =    0.000   0.000 deg. for the L =   71, J =   71.5 channel.
0****** WARNING : ACCURACY LOSS IN ERWIN = 14.7 DIGITS, SO EXPECT ERRORS OF   0.0000 % OF UNITARITY

      71.5  1.00000000  0.00000000i: elastic S-matrix  @@      0.00  0   0 F  0
 Reaction Xsec    71.5-/71 @ 1 =   0.000#, Out:   0.000#   0.000#  -0.000f


 Total SPIN, PARITY =    72.5 +,      4 chs,      0 cc.  Rmin & Coul turning =    5.8   22.5
   S-matrix    1 =    1.00000  -0.00000 for L=   72, J=   72.5 channel on core I =   0.0 from L=   72,  Acc. loss =  0.0 D.
 Elastic phase shift   1 =   -0.000   0.000 deg. for the L =   72, J =   72.5 channel.
      72.5  1.00000000 -0.00000002i: elastic S-matrix  @@      0.02  0   0 F  0
 Reaction Xsec    72.5+/72 @ 1 =   0.000#, Out:   0.000#   0.000#  -0.000f


 Total SPIN, PARITY =    72.5 -,      4 chs,      0 cc.  Rmin & Coul turning =    5.8   22.5
   S-matrix    1 =    1.00000  -0.00000 for L=   73, J=   72.5 channel on core I =   0.0 from L=   73,  Acc. loss =  0.0 D.
 Elastic phase shift   1 =   -0.000   0.000 deg. for the L =   73, J =   72.5 channel.
      72.5  1.00000000 -0.00000005i: elastic S-matrix  @@      0.00  0   0 F  0
 Reaction Xsec    72.5-/73 @ 1 =   0.000#, Out:   0.000#   0.001#  -0.000f


 Total SPIN, PARITY =    73.5 +,      4 chs,      0 cc.  Rmin & Coul turning =    5.8   22.9
   S-matrix    1 =    1.00000  -0.00000 for L=   74, J=   73.5 channel on core I =   0.0 from L=   74,  Acc. loss =  0.0 D.
 Elastic phase shift   1 =   -0.000   0.000 deg. for the L =   74, J =   73.5 channel.
0****** WARNING : ACCURACY LOSS IN ERWIN = 14.3 DIGITS, SO EXPECT ERRORS OF   0.0000 % OF UNITARITY

      73.5  1.00000000 -0.00000004i: elastic S-matrix  @@      0.00  0   0 F  0
 Reaction Xsec    73.5+/74 @ 1 =   0.000#, Out:   0.000#   0.000#  -0.000f


 Total SPIN, PARITY =    73.5 -,      4 chs,      0 cc.  Rmin & Coul turning =    5.8   22.9
   S-matrix    1 =    1.00000  -0.00000 for L=   73, J=   73.5 channel on core I =   0.0 from L=   73,  Acc. loss =  0.0 D.
 Elastic phase shift   1 =   -0.000  -0.000 deg. for the L =   73, J =   73.5 channel.
0****** WARNING : ACCURACY LOSS IN ERWIN = 14.2 DIGITS, SO EXPECT ERRORS OF   0.0000 % OF UNITARITY

      73.5  1.00000000 -0.00000005i: elastic S-matrix  @@      0.00  0   0 F  0
 Reaction Xsec    73.5-/73 @ 1 =  -0.000#, Out:   0.000#   0.000#  -0.000f


 Total SPIN, PARITY =    74.5 +,      4 chs,      0 cc.  Rmin & Coul turning =    5.9   23.2
   S-matrix    1 =    1.00000  -0.00000 for L=   74, J=   74.5 channel on core I =   0.0 from L=   74,  Acc. loss =  0.0 D.
 Elastic phase shift   1 =   -0.000   0.000 deg. for the L =   74, J =   74.5 channel.
0****** WARNING : ACCURACY LOSS IN ERWIN = 14.6 DIGITS, SO EXPECT ERRORS OF   0.0000 % OF UNITARITY

      74.5  1.00000000 -0.00000004i: elastic S-matrix  @@      0.00  0   0 F  0
 Reaction Xsec    74.5+/74 @ 1 =   0.000#, Out:   0.000#   0.000#  -0.000f


 Total SPIN, PARITY =    74.5 -,      4 chs,      0 cc.  Rmin & Coul turning =    5.9   23.2
   S-matrix    1 =    1.00000  -0.00000 for L=   75, J=   74.5 channel on core I =   0.0 from L=   75,  Acc. loss =  0.0 D.
 Elastic phase shift   1 =   -0.000   0.000 deg. for the L =   75, J =   74.5 channel.
0****** WARNING : ACCURACY LOSS IN ERWIN = 14.4 DIGITS, SO EXPECT ERRORS OF   0.0000 % OF UNITARITY

      74.5  1.00000000 -0.00000002i: elastic S-matrix  @@      0.00  0   0 F  0
 Reaction Xsec    74.5-/75 @ 1 =   0.000#, Out:   0.000#   0.000#  -0.000f


 Total SPIN, PARITY =    75.5 +,      4 chs,      0 cc.  Rmin & Coul turning =    6.0   23.5
   S-matrix    1 =    1.00000  -0.00000 for L=   76, J=   75.5 channel on core I =   0.0 from L=   76,  Acc. loss =  0.0 D.
 Elastic phase shift   1 =   -0.000   0.000 deg. for the L =   76, J =   75.5 channel.
      75.5  1.00000000 -0.00000002i: elastic S-matrix  @@      0.00  0   0 F  0
 Reaction Xsec    75.5+/76 @ 1 =   0.000#, Out:   0.000#   0.000#  -0.000f


 Total SPIN, PARITY =    75.5 -,      4 chs,      0 cc.  Rmin & Coul turning =    6.0   23.5
   S-matrix    1 =    1.00000  -0.00000 for L=   75, J=   75.5 channel on core I =   0.0 from L=   75,  Acc. loss =  0.0 D.
 Elastic phase shift   1 =   -0.000   0.000 deg. for the L =   75, J =   75.5 channel.
      75.5  1.00000000 -0.00000002i: elastic S-matrix  @@      0.02  0   0 F  0
 Reaction Xsec    75.5-/75 @ 1 =   0.000#, Out:   0.000#   0.000#  -0.000f


 Total SPIN, PARITY =    76.5 +,      4 chs,      0 cc.  Rmin & Coul turning =    6.1   23.8
   S-matrix    1 =    1.00000  -0.00000 for L=   76, J=   76.5 channel on core I =   0.0 from L=   76,  Acc. loss =  0.0 D.
 Elastic phase shift   1 =   -0.000  -0.000 deg. for the L =   76, J =   76.5 channel.
0****** WARNING : ACCURACY LOSS IN ERWIN = 14.6 DIGITS, SO EXPECT ERRORS OF   0.0000 % OF UNITARITY

      76.5  1.00000000 -0.00000002i: elastic S-matrix  @@      0.00  0   0 F  0
 Reaction Xsec    76.5+/76 @ 1 =  -0.000#, Out:   0.000#   0.000#  -0.000f


 Total SPIN, PARITY =    76.5 -,      4 chs,      0 cc.  Rmin & Coul turning =    6.1   23.8
   S-matrix    1 =    1.00000  -0.00000 for L=   77, J=   76.5 channel on core I =   0.0 from L=   77,  Acc. loss =  0.0 D.
 Elastic phase shift   1 =   -0.000   0.000 deg. for the L =   77, J =   76.5 channel.
0****** WARNING : ACCURACY LOSS IN ERWIN = 14.4 DIGITS, SO EXPECT ERRORS OF   0.0000 % OF UNITARITY

      76.5  1.00000000 -0.00000004i: elastic S-matrix  @@      0.00  0   0 F  0
 Reaction Xsec    76.5-/77 @ 1 =   0.000#, Out:   0.000#   0.000#  -0.000f


 Total SPIN, PARITY =    77.5 +,      4 chs,      0 cc.  Rmin & Coul turning =    6.2   24.1
   S-matrix    1 =    1.00000  -0.00000 for L=   78, J=   77.5 channel on core I =   0.0 from L=   78,  Acc. loss =  0.0 D.
 Elastic phase shift   1 =   -0.000   0.000 deg. for the L =   78, J =   77.5 channel.
0****** WARNING : ACCURACY LOSS IN ERWIN = 14.3 DIGITS, SO EXPECT ERRORS OF   0.0000 % OF UNITARITY

      77.5  1.00000000 -0.00000006i: elastic S-matrix  @@      0.00  0   0 F  0
 Reaction Xsec    77.5+/78 @ 1 =   0.000#, Out:   0.000#   0.000#  -0.000f


 Total SPIN, PARITY =    77.5 -,      4 chs,      0 cc.  Rmin & Coul turning =    6.2   24.1
   S-matrix    1 =    1.00000  -0.00000 for L=   77, J=   77.5 channel on core I =   0.0 from L=   77,  Acc. loss =  0.0 D.
 Elastic phase shift   1 =   -0.000   0.000 deg. for the L =   77, J =   77.5 channel.
0****** WARNING : ACCURACY LOSS IN ERWIN = 15.1 DIGITS, SO EXPECT ERRORS OF   0.0000 % OF UNITARITY

      77.5  1.00000000 -0.00000004i: elastic S-matrix  @@      0.00  0   0 F  0
 Reaction Xsec    77.5-/77 @ 1 =   0.000#, Out:   0.000#   0.000#  -0.000f


 Total SPIN, PARITY =    78.5 +,      4 chs,      0 cc.  Rmin & Coul turning =    6.2   24.4
   S-matrix    1 =    1.00000  -0.00000 for L=   78, J=   78.5 channel on core I =   0.0 from L=   78,  Acc. loss =  0.0 D.
 Elastic phase shift   1 =   -0.000   0.000 deg. for the L =   78, J =   78.5 channel.
0****** WARNING : ACCURACY LOSS IN ERWIN = 14.8 DIGITS, SO EXPECT ERRORS OF   0.0000 % OF UNITARITY

      78.5  1.00000000 -0.00000006i: elastic S-matrix  @@      0.00  0   0 F  0
 Reaction Xsec    78.5+/78 @ 1 =   0.000#, Out:   0.000#   0.000#  -0.000f


 Total SPIN, PARITY =    78.5 -,      4 chs,      0 cc.  Rmin & Coul turning =    6.2   24.4
   S-matrix    1 =    1.00000  -0.00000 for L=   79, J=   78.5 channel on core I =   0.0 from L=   79,  Acc. loss =  0.0 D.
 Elastic phase shift   1 =   -0.000   0.000 deg. for the L =   79, J =   78.5 channel.
0****** WARNING : ACCURACY LOSS IN ERWIN = 14.2 DIGITS, SO EXPECT ERRORS OF   0.0000 % OF UNITARITY

      78.5  1.00000000 -0.00000005i: elastic S-matrix  @@      0.00  0   0 F  0
 Reaction Xsec    78.5-/79 @ 1 =   0.000#, Out:   0.000#   0.000#  -0.000f


 Total SPIN, PARITY =    79.5 +,      4 chs,      0 cc.  Rmin & Coul turning =    6.3   24.7
   S-matrix    1 =    1.00000  -0.00000 for L=   80, J=   79.5 channel on core I =   0.0 from L=   80,  Acc. loss =  0.0 D.
 Elastic phase shift   1 =   -0.000   0.000 deg. for the L =   80, J =   79.5 channel.
0****** WARNING : ACCURACY LOSS IN ERWIN = 14.1 DIGITS, SO EXPECT ERRORS OF   0.0000 % OF UNITARITY

      79.5  1.00000000 -0.00000003i: elastic S-matrix  @@      0.02  0   0 F  0
 Reaction Xsec    79.5+/80 @ 1 =   0.000#, Out:   0.000#   0.000#  -0.000f


 Total SPIN, PARITY =    79.5 -,      4 chs,      0 cc.  Rmin & Coul turning =    6.3   24.7
   S-matrix    1 =    1.00000  -0.00000 for L=   79, J=   79.5 channel on core I =   0.0 from L=   79,  Acc. loss =  0.0 D.
 Elastic phase shift   1 =   -0.000   0.000 deg. for the L =   79, J =   79.5 channel.
0****** WARNING : ACCURACY LOSS IN ERWIN = 14.5 DIGITS, SO EXPECT ERRORS OF   0.0000 % OF UNITARITY

      79.5  1.00000000 -0.00000005i: elastic S-matrix  @@      0.00  0   0 F  0
 Reaction Xsec    79.5-/79 @ 1 =   0.000#, Out:   0.000#   0.000#  -0.000f


 Total SPIN, PARITY =    80.5 +,      4 chs,      0 cc.  Rmin & Coul turning =    6.4   25.0
   S-matrix    1 =    1.00000  -0.00000 for L=   80, J=   80.5 channel on core I =   0.0 from L=   80,  Acc. loss =  0.0 D.
 Elastic phase shift   1 =   -0.000   0.000 deg. for the L =   80, J =   80.5 channel.
0****** WARNING : ACCURACY LOSS IN ERWIN = 14.6 DIGITS, SO EXPECT ERRORS OF   0.0000 % OF UNITARITY

      80.5  1.00000000 -0.00000003i: elastic S-matrix  @@      0.00  0   0 F  0
 Reaction Xsec    80.5+/80 @ 1 =   0.000#, Out:   0.000#   0.000#  -0.000f


 Total SPIN, PARITY =    80.5 -,      4 chs,      0 cc.  Rmin & Coul turning =    6.4   25.0
   S-matrix    1 =    1.00000  -0.00000 for L=   81, J=   80.5 channel on core I =   0.0 from L=   81,  Acc. loss =  0.0 D.
 Elastic phase shift   1 =   -0.000   0.000 deg. for the L =   81, J =   80.5 channel.
0****** WARNING : ACCURACY LOSS IN ERWIN = 14.5 DIGITS, SO EXPECT ERRORS OF   0.0000 % OF UNITARITY

      80.5  1.00000000 -0.00000002i: elastic S-matrix  @@      0.00  0   0 F  0
 Reaction Xsec    80.5-/81 @ 1 =   0.000#, Out:   0.000#   0.000#  -0.000f

 Finished all CC sets @   0.500000000    
0CUMULATIVE REACTION cross section                 =  190.17270  <L> =     9.45  <L**2> =    103.1
0CUMULATIVE outgoing cross sections in partition 1 :    0.00000
0CUMULATIVE outgoing cross sections in partition 2 :    0.00329
0Cumulative ABSORBTION by Imaginary Potentials     =  190.16941  <L> =     9.45  <L**2> =    103.1
   Fusion for specific p        M-states :  190.169412  190.169412
0CUMULATIVE OUTGOING cross section                 =    0.00329
 To convert to S-factors (MeV.mb = keV.b),  multiply by  2.8510E+02


 CROSS SECTIONS FOR OUTGOING p        & 4He      in state #   1 with spins & parities 0.5  + &  0.0  +;  0

     0.01 deg.: X-S =   1.2236E+12 mb/sr,
+                                         /R =   9.9990E-01
     1.00 deg.: X-S =  5446.960515 mb/sr,
+                                         /R =   4.4509E-01
     2.00 deg.: X-S =  2169.622870 mb/sr,
+                                         /R =   2.8362E+00
     3.00 deg.: X-S =  2858.093932 mb/sr,
+                                         /R =   1.8909E+01
     4.00 deg.: X-S =  2999.100135 mb/sr,
+                                         /R =   6.2689E+01
     5.00 deg.: X-S =  2880.468311 mb/sr,
+                                         /R =   1.4693E+02
     6.00 deg.: X-S =  2636.038558 mb/sr,
+                                         /R =   2.7866E+02
     7.00 deg.: X-S =  2330.455963 mb/sr,
+                                         /R =   4.5611E+02
     8.00 deg.: X-S =  2001.477535 mb/sr,
+                                         /R =   6.6775E+02
     9.00 deg.: X-S =  1673.976093 mb/sr,
+                                         /R =   8.9382E+02
    10.00 deg.: X-S =  1364.905921 mb/sr,
+                                         /R =   1.1097E+03
    11.00 deg.: X-S =  1085.352492 mb/sr,
+                                         /R =   1.2906E+03
    12.00 deg.: X-S =   841.664849 mb/sr,
+                                         /R =   1.4158E+03
    13.00 deg.: X-S =   636.342545 mb/sr,
+                                         /R =   1.4725E+03
    14.00 deg.: X-S =   468.878822 mb/sr,
+                                         /R =   1.4574E+03
    15.00 deg.: X-S =   336.587341 mb/sr,
+                                         /R =   1.3766E+03
    16.00 deg.: X-S =   235.380149 mb/sr,
+                                         /R =   1.2443E+03
    17.00 deg.: X-S =   160.452836 mb/sr,
+                                         /R =   1.0792E+03
    18.00 deg.: X-S =   106.842199 mb/sr,
+                                         /R =   9.0157E+02
    19.00 deg.: X-S =    69.839587 mb/sr,
+                                         /R =   7.3024E+02
    20.00 deg.: X-S =    45.261474 mb/sr,
+                                         /R =   5.7988E+02
    21.00 deg.: X-S =    29.592944 mb/sr,
+                                         /R =   4.5988E+02
    22.00 deg.: X-S =    20.028381 mb/sr,
+                                         /R =   3.7408E+02
    23.00 deg.: X-S =    14.437279 mb/sr,
+                                         /R =   3.2139E+02
    24.00 deg.: X-S =    11.282576 mb/sr,
+                                         /R =   2.9706E+02
    25.00 deg.: X-S =     9.515321 mb/sr,
+                                         /R =   2.9424E+02
    26.00 deg.: X-S =     8.464144 mb/sr,
+                                         /R =   3.0539E+02
    27.00 deg.: X-S =     7.732326 mb/sr,
+                                         /R =   3.2358E+02
    28.00 deg.: X-S =     7.110065 mb/sr,
+                                         /R =   3.4316E+02
    29.00 deg.: X-S =     6.505160 mb/sr,
+                                         /R =   3.6023E+02
    30.00 deg.: X-S =     5.892091 mb/sr,
+                                         /R =   3.7255E+02
    31.00 deg.: X-S =     5.277446 mb/sr,
+                                         /R =   3.7927E+02
    32.00 deg.: X-S =     4.678587 mb/sr,
+                                         /R =   3.8053E+02
    33.00 deg.: X-S =     4.112185 mb/sr,
+                                         /R =   3.7702E+02
    34.00 deg.: X-S =     3.589423 mb/sr,
+                                         /R =   3.6957E+02
    35.00 deg.: X-S =     3.115225 mb/sr,
+                                         /R =   3.5891E+02
    36.00 deg.: X-S =     2.689524 mb/sr,
+                                         /R =   3.4557E+02
    37.00 deg.: X-S =     2.309209 mb/sr,
+                                         /R =   3.2983E+02
    38.00 deg.: X-S =     1.969951 mb/sr,
+                                         /R =   3.1185E+02
    39.00 deg.: X-S =     1.667517 mb/sr,
+                                         /R =   2.9173E+02
    40.00 deg.: X-S =     1.398481 mb/sr,
+                                         /R =   2.6964E+02
    41.00 deg.: X-S =     1.160417 mb/sr,
+                                         /R =   2.4595E+02
    42.00 deg.: X-S =     0.951728 mb/sr,
+                                         /R =   2.2119E+02
    43.00 deg.: X-S =     0.771300 mb/sr,
+                                         /R =   1.9609E+02
    44.00 deg.: X-S =     0.618098 mb/sr,
+                                         /R =   1.7151E+02
    45.00 deg.: X-S =     0.490855 mb/sr,
+                                         /R =   1.4833E+02
    46.00 deg.: X-S =     0.387856 mb/sr,
+                                         /R =   1.2738E+02
    47.00 deg.: X-S =     0.306876 mb/sr,
+                                         /R =   1.0932E+02
    48.00 deg.: X-S =     0.245227 mb/sr,
+                                         /R =   9.4569E+01
    49.00 deg.: X-S =     0.199898 mb/sr,
+                                         /R =   8.3300E+01
    50.00 deg.: X-S =     0.167743 mb/sr,
+                                         /R =   7.5399E+01
    51.00 deg.: X-S =     0.145671 mb/sr,
+                                         /R =   7.0508E+01
    52.00 deg.: X-S =     0.130830 mb/sr,
+                                         /R =   6.8077E+01
    53.00 deg.: X-S =     0.120735 mb/sr,
+                                         /R =   6.7433E+01
    54.00 deg.: X-S =     0.113360 mb/sr,
+                                         /R =   6.7854E+01
    55.00 deg.: X-S =     0.107169 mb/sr,
+                                         /R =   6.8646E+01
    56.00 deg.: X-S =     0.101102 mb/sr,
+                                         /R =   6.9203E+01
    57.00 deg.: X-S =     0.094531 mb/sr,
+                                         /R =   6.9048E+01
    58.00 deg.: X-S =     0.087187 mb/sr,
+                                         /R =   6.7868E+01
    59.00 deg.: X-S =     0.079074 mb/sr,
+                                         /R =   6.5511E+01
    60.00 deg.: X-S =     0.070382 mb/sr,
+                                         /R =   6.1982E+01
    61.00 deg.: X-S =     0.061409 mb/sr,
+                                         /R =   5.7416E+01
    62.00 deg.: X-S =     0.052494 mb/sr,
+                                         /R =   5.2047E+01
    63.00 deg.: X-S =     0.043961 mb/sr,
+                                         /R =   4.6167E+01
    64.00 deg.: X-S =     0.036083 mb/sr,
+                                         /R =   4.0093E+01
    65.00 deg.: X-S =     0.029064 mb/sr,
+                                         /R =   3.4130E+01
    66.00 deg.: X-S =     0.023025 mb/sr,
+                                         /R =   2.8547E+01
    67.00 deg.: X-S =     0.018013 mb/sr,
+                                         /R =   2.3554E+01
    68.00 deg.: X-S =     0.014004 mb/sr,
+                                         /R =   1.9295E+01
    69.00 deg.: X-S =     0.010923 mb/sr,
+                                         /R =   1.5842E+01
    70.00 deg.: X-S =     0.008656 mb/sr,
+                                         /R =   1.3201E+01
    71.00 deg.: X-S =     0.007067 mb/sr,
+                                         /R =   1.1323E+01
    72.00 deg.: X-S =     0.006012 mb/sr,
+                                         /R =   1.0112E+01
    73.00 deg.: X-S =     0.005355 mb/sr,
+                                         /R =   9.4452E+00
    74.00 deg.: X-S =     0.004968 mb/sr,
+                                         /R =   9.1832E+00
    75.00 deg.: X-S =     0.004747 mb/sr,
+                                         /R =   9.1866E+00
    76.00 deg.: X-S =     0.004607 mb/sr,
+                                         /R =   9.3255E+00
    77.00 deg.: X-S =     0.004484 mb/sr,
+                                         /R =   9.4886E+00
    78.00 deg.: X-S =     0.004339 mb/sr,
+                                         /R =   9.5892E+00
    79.00 deg.: X-S =     0.004148 mb/sr,
+                                         /R =   9.5667E+00
    80.00 deg.: X-S =     0.003902 mb/sr,
+                                         /R =   9.3862E+00
    81.00 deg.: X-S =     0.003605 mb/sr,
+                                         /R =   9.0369E+00
    82.00 deg.: X-S =     0.003267 mb/sr,
+                                         /R =   8.5280E+00
    83.00 deg.: X-S =     0.002903 mb/sr,
+                                         /R =   7.8843E+00
    84.00 deg.: X-S =     0.002528 mb/sr,
+                                         /R =   7.1407E+00
    85.00 deg.: X-S =     0.002159 mb/sr,
+                                         /R =   6.3367E+00
    86.00 deg.: X-S =     0.001808 mb/sr,
+                                         /R =   5.5127E+00
    87.00 deg.: X-S =     0.001488 mb/sr,
+                                         /R =   4.7063E+00
    88.00 deg.: X-S =     0.001204 mb/sr,
+                                         /R =   3.9498E+00
    89.00 deg.: X-S =     0.000961 mb/sr,
+                                         /R =   3.2680E+00
    90.00 deg.: X-S =     0.000760 mb/sr,
+                                         /R =   2.6773E+00
    91.00 deg.: X-S =     0.000600 mb/sr,
+                                         /R =   2.1862E+00
    92.00 deg.: X-S =     0.000476 mb/sr,
+                                         /R =   1.7959E+00
    93.00 deg.: X-S =     0.000385 mb/sr,
+                                         /R =   1.5015E+00
    94.00 deg.: X-S =     0.000321 mb/sr,
+                                         /R =   1.2930E+00
    95.00 deg.: X-S =     0.000278 mb/sr,
+                                         /R =   1.1570E+00
    96.00 deg.: X-S =     0.000251 mb/sr,
+                                         /R =   1.0788E+00
    97.00 deg.: X-S =     0.000235 mb/sr,
+                                         /R =   1.0430E+00
    98.00 deg.: X-S =     0.000226 mb/sr,
+                                         /R =   1.0351E+00
    99.00 deg.: X-S =     0.000221 mb/sr,
+                                         /R =   1.0418E+00
   100.00 deg.: X-S =     0.000217 mb/sr,
+                                         /R =   1.0522E+00
   101.00 deg.: X-S =     0.000212 mb/sr,
+                                         /R =   1.0578E+00
   102.00 deg.: X-S =     0.000205 mb/sr,
+                                         /R =   1.0531E+00
   103.00 deg.: X-S =     0.000196 mb/sr,
+                                         /R =   1.0345E+00
   104.00 deg.: X-S =     0.000184 mb/sr,
+                                         /R =   1.0008E+00
   105.00 deg.: X-S =     0.000171 mb/sr,
+                                         /R =   9.5223E-01
   106.00 deg.: X-S =     0.000155 mb/sr,
+                                         /R =   8.9074E-01
   107.00 deg.: X-S =     0.000139 mb/sr,
+                                         /R =   8.1911E-01
   108.00 deg.: X-S =     0.000123 mb/sr,
+                                         /R =   7.4067E-01
   109.00 deg.: X-S =     0.000106 mb/sr,
+                                         /R =   6.5887E-01
   110.00 deg.: X-S =   9.0940E-05 mb/sr,
+                                         /R =   5.7695E-01
   111.00 deg.: X-S =   7.6581E-05 mb/sr,
+                                         /R =   4.9777E-01
   112.00 deg.: X-S =   6.3654E-05 mb/sr,
+                                         /R =   4.2369E-01
   113.00 deg.: X-S =   5.2330E-05 mb/sr,
+                                         /R =   3.5654E-01
   114.00 deg.: X-S =   4.2676E-05 mb/sr,
+                                         /R =   2.9749E-01
   115.00 deg.: X-S =   3.4664E-05 mb/sr,
+                                         /R =   2.4713E-01
   116.00 deg.: X-S =   2.8193E-05 mb/sr,
+                                         /R =   2.0547E-01
   117.00 deg.: X-S =   2.3110E-05 mb/sr,
+                                         /R =   1.7211E-01
   118.00 deg.: X-S =   1.9235E-05 mb/sr,
+                                         /R =   1.4631E-01
   119.00 deg.: X-S =   1.6369E-05 mb/sr,
+                                         /R =   1.2712E-01
   120.00 deg.: X-S =   1.4314E-05 mb/sr,
+                                         /R =   1.1345E-01
   121.00 deg.: X-S =   1.2878E-05 mb/sr,
+                                         /R =   1.0412E-01
   122.00 deg.: X-S =   1.1888E-05 mb/sr,
+                                         /R =   9.8017E-02
   123.00 deg.: X-S =   1.1195E-05 mb/sr,
+                                         /R =   9.4086E-02
   124.00 deg.: X-S =   1.0677E-05 mb/sr,
+                                         /R =   9.1438E-02
   125.00 deg.: X-S =   1.0243E-05 mb/sr,
+                                         /R =   8.9348E-02
   126.00 deg.: X-S =   9.8253E-06 mb/sr,
+                                         /R =   8.7256E-02
   127.00 deg.: X-S =   9.3772E-06 mb/sr,
+                                         /R =   8.4755E-02
   128.00 deg.: X-S =   8.8720E-06 mb/sr,
+                                         /R =   8.1581E-02
   129.00 deg.: X-S =   8.2993E-06 mb/sr,
+                                         /R =   7.7611E-02
   130.00 deg.: X-S =   7.6619E-06 mb/sr,
+                                         /R =   7.2840E-02
   131.00 deg.: X-S =   6.9717E-06 mb/sr,
+                                         /R =   6.7353E-02
   132.00 deg.: X-S =   6.2463E-06 mb/sr,
+                                         /R =   6.1301E-02
   133.00 deg.: X-S =   5.5066E-06 mb/sr,
+                                         /R =   5.4879E-02
   134.00 deg.: X-S =   4.7744E-06 mb/sr,
+                                         /R =   4.8301E-02
   135.00 deg.: X-S =   4.0698E-06 mb/sr,
+                                         /R =   4.1780E-02
   136.00 deg.: X-S =   3.4098E-06 mb/sr,
+                                         /R =   3.5508E-02
   137.00 deg.: X-S =   2.8082E-06 mb/sr,
+                                         /R =   2.9653E-02
   138.00 deg.: X-S =   2.2755E-06 mb/sr,
+                                         /R =   2.4356E-02
   139.00 deg.: X-S =   1.8187E-06 mb/sr,
+                                         /R =   1.9726E-02
   140.00 deg.: X-S =   1.4411E-06 mb/sr,
+                                         /R =   1.5833E-02
   141.00 deg.: X-S =   1.1424E-06 mb/sr,
+                                         /R =   1.2710E-02
   142.00 deg.: X-S =   9.1957E-07 mb/sr,
+                                         /R =   1.0356E-02
   143.00 deg.: X-S =   7.6765E-07 mb/sr,
+                                         /R =   8.7482E-03
   144.00 deg.: X-S =   6.7998E-07 mb/sr,
+                                         /R =   7.8388E-03
   145.00 deg.: X-S =   6.4839E-07 mb/sr,
+                                         /R =   7.5586E-03
   146.00 deg.: X-S =   6.6402E-07 mb/sr,
+                                         /R =   7.8252E-03
   147.00 deg.: X-S =   7.1816E-07 mb/sr,
+                                         /R =   8.5526E-03
   148.00 deg.: X-S =   8.0245E-07 mb/sr,
+                                         /R =   9.6541E-03
   149.00 deg.: X-S =   9.0871E-07 mb/sr,
+                                         /R =   1.1041E-02
   150.00 deg.: X-S =   1.0292E-06 mb/sr,
+                                         /R =   1.2625E-02
   151.00 deg.: X-S =   1.1573E-06 mb/sr,
+                                         /R =   1.4327E-02
   152.00 deg.: X-S =   1.2874E-06 mb/sr,
+                                         /R =   1.6079E-02
   153.00 deg.: X-S =   1.4145E-06 mb/sr,
+                                         /R =   1.7818E-02
   154.00 deg.: X-S =   1.5346E-06 mb/sr,
+                                         /R =   1.9490E-02
   155.00 deg.: X-S =   1.6446E-06 mb/sr,
+                                         /R =   2.1053E-02
   156.00 deg.: X-S =   1.7424E-06 mb/sr,
+                                         /R =   2.2474E-02
   157.00 deg.: X-S =   1.8263E-06 mb/sr,
+                                         /R =   2.3729E-02
   158.00 deg.: X-S =   1.8954E-06 mb/sr,
+                                         /R =   2.4798E-02
   159.00 deg.: X-S =   1.9494E-06 mb/sr,
+                                         /R =   2.5674E-02
   160.00 deg.: X-S =   1.9885E-06 mb/sr,
+                                         /R =   2.6354E-02
   161.00 deg.: X-S =   2.0130E-06 mb/sr,
+                                         /R =   2.6840E-02
   162.00 deg.: X-S =   2.0237E-06 mb/sr,
+                                         /R =   2.7136E-02
   163.00 deg.: X-S =   2.0216E-06 mb/sr,
+                                         /R =   2.7254E-02
   164.00 deg.: X-S =   2.0080E-06 mb/sr,
+                                         /R =   2.7209E-02
   165.00 deg.: X-S =   1.9844E-06 mb/sr,
+                                         /R =   2.7017E-02
   166.00 deg.: X-S =   1.9519E-06 mb/sr,
+                                         /R =   2.6693E-02
   167.00 deg.: X-S =   1.9121E-06 mb/sr,
+                                         /R =   2.6256E-02
   168.00 deg.: X-S =   1.8668E-06 mb/sr,
+                                         /R =   2.5732E-02
   169.00 deg.: X-S =   1.8176E-06 mb/sr,
+                                         /R =   2.5143E-02
   170.00 deg.: X-S =   1.7660E-06 mb/sr,
+                                         /R =   2.4507E-02
   171.00 deg.: X-S =   1.7134E-06 mb/sr,
+                                         /R =   2.3846E-02
   172.00 deg.: X-S =   1.6614E-06 mb/sr,
+                                         /R =   2.3183E-02
   173.00 deg.: X-S =   1.6119E-06 mb/sr,
+                                         /R =   2.2543E-02
   174.00 deg.: X-S =   1.5660E-06 mb/sr,
+                                         /R =   2.1945E-02
   175.00 deg.: X-S =   1.5247E-06 mb/sr,
+                                         /R =   2.1403E-02
   176.00 deg.: X-S =   1.4892E-06 mb/sr,
+                                         /R =   2.0932E-02
   177.00 deg.: X-S =   1.4606E-06 mb/sr,
+                                         /R =   2.0552E-02
   178.00 deg.: X-S =   1.4398E-06 mb/sr,
+                                         /R =   2.0275E-02
   179.00 deg.: X-S =   1.4273E-06 mb/sr,
+                                         /R =   2.0108E-02
   179.99 deg.: X-S =   1.4231E-06 mb/sr,
+                                         /R =   2.0052E-02
                                           Integrated********** mb, over [   0.000, 180.000] at   320.0000 MeV 

 CROSS SECTIONS FOR OUTGOING d        & 3He      in state #   1 with spins & parities 1.0  + &  0.5  +;  0

     0.00 deg.: X-S =     0.012990 mb/sr,
+                                         REAC   3.2899E-03 mb
     1.00 deg.: X-S =     0.012920 mb/sr,
     2.00 deg.: X-S =     0.012745 mb/sr,
     3.00 deg.: X-S =     0.012524 mb/sr,
     4.00 deg.: X-S =     0.012289 mb/sr,
     5.00 deg.: X-S =     0.012023 mb/sr,
     6.00 deg.: X-S =     0.011695 mb/sr,
     7.00 deg.: X-S =     0.011308 mb/sr,
     8.00 deg.: X-S =     0.010887 mb/sr,
     9.00 deg.: X-S =     0.010441 mb/sr,
    10.00 deg.: X-S =     0.009942 mb/sr,
    11.00 deg.: X-S =     0.009358 mb/sr,
    12.00 deg.: X-S =     0.008681 mb/sr,
    13.00 deg.: X-S =     0.007935 mb/sr,
    14.00 deg.: X-S =     0.007147 mb/sr,
    15.00 deg.: X-S =     0.006333 mb/sr,
    16.00 deg.: X-S =     0.005507 mb/sr,
    17.00 deg.: X-S =     0.004698 mb/sr,
    18.00 deg.: X-S =     0.003939 mb/sr,
    19.00 deg.: X-S =     0.003254 mb/sr,
    20.00 deg.: X-S =     0.002652 mb/sr,
    21.00 deg.: X-S =     0.002128 mb/sr,
    22.00 deg.: X-S =     0.001680 mb/sr,
    23.00 deg.: X-S =     0.001307 mb/sr,
    24.00 deg.: X-S =     0.001004 mb/sr,
    25.00 deg.: X-S =     0.000762 mb/sr,
    26.00 deg.: X-S =     0.000571 mb/sr,
    27.00 deg.: X-S =     0.000424 mb/sr,
    28.00 deg.: X-S =     0.000312 mb/sr,
    29.00 deg.: X-S =     0.000230 mb/sr,
    30.00 deg.: X-S =     0.000172 mb/sr,
    31.00 deg.: X-S =     0.000131 mb/sr,
    32.00 deg.: X-S =     0.000103 mb/sr,
    33.00 deg.: X-S =   8.4856E-05 mb/sr,
    34.00 deg.: X-S =   7.2835E-05 mb/sr,
    35.00 deg.: X-S =   6.5100E-05 mb/sr,
    36.00 deg.: X-S =   6.0381E-05 mb/sr,
    37.00 deg.: X-S =   5.7412E-05 mb/sr,
    38.00 deg.: X-S =   5.4991E-05 mb/sr,
    39.00 deg.: X-S =   5.2487E-05 mb/sr,
    40.00 deg.: X-S =   4.9780E-05 mb/sr,
    41.00 deg.: X-S =   4.6784E-05 mb/sr,
    42.00 deg.: X-S =   4.3415E-05 mb/sr,
    43.00 deg.: X-S =   3.9941E-05 mb/sr,
    44.00 deg.: X-S =   3.6916E-05 mb/sr,
    45.00 deg.: X-S =   3.4563E-05 mb/sr,
    46.00 deg.: X-S =   3.2452E-05 mb/sr,
    47.00 deg.: X-S =   3.0064E-05 mb/sr,
    48.00 deg.: X-S =   2.7456E-05 mb/sr,
    49.00 deg.: X-S =   2.5132E-05 mb/sr,
    50.00 deg.: X-S =   2.3317E-05 mb/sr,
    51.00 deg.: X-S =   2.1657E-05 mb/sr,
    52.00 deg.: X-S =   1.9765E-05 mb/sr,
    53.00 deg.: X-S =   1.7860E-05 mb/sr,
    54.00 deg.: X-S =   1.6533E-05 mb/sr,
    55.00 deg.: X-S =   1.5946E-05 mb/sr,
    56.00 deg.: X-S =   1.5554E-05 mb/sr,
    57.00 deg.: X-S =   1.4747E-05 mb/sr,
    58.00 deg.: X-S =   1.3505E-05 mb/sr,
    59.00 deg.: X-S =   1.2192E-05 mb/sr,
    60.00 deg.: X-S =   1.0927E-05 mb/sr,
    61.00 deg.: X-S =   9.4962E-06 mb/sr,
    62.00 deg.: X-S =   7.8300E-06 mb/sr,
    63.00 deg.: X-S =   6.2216E-06 mb/sr,
    64.00 deg.: X-S =   4.9756E-06 mb/sr,
    65.00 deg.: X-S =   4.1153E-06 mb/sr,
    66.00 deg.: X-S =   3.5427E-06 mb/sr,
    67.00 deg.: X-S =   3.2222E-06 mb/sr,
    68.00 deg.: X-S =   3.1237E-06 mb/sr,
    69.00 deg.: X-S =   3.1210E-06 mb/sr,
    70.00 deg.: X-S =   3.0803E-06 mb/sr,
    71.00 deg.: X-S =   2.9755E-06 mb/sr,
    72.00 deg.: X-S =   2.7940E-06 mb/sr,
    73.00 deg.: X-S =   2.4997E-06 mb/sr,
    74.00 deg.: X-S =   2.1197E-06 mb/sr,
    75.00 deg.: X-S =   1.7456E-06 mb/sr,
    76.00 deg.: X-S =   1.4348E-06 mb/sr,
    77.00 deg.: X-S =   1.1377E-06 mb/sr,
    78.00 deg.: X-S =   8.3451E-07 mb/sr,
    79.00 deg.: X-S =   6.2620E-07 mb/sr,
    80.00 deg.: X-S =   5.8944E-07 mb/sr,
    81.00 deg.: X-S =   6.8345E-07 mb/sr,
    82.00 deg.: X-S =   8.1207E-07 mb/sr,
    83.00 deg.: X-S =   9.5045E-07 mb/sr,
    84.00 deg.: X-S =   1.1491E-06 mb/sr,
    85.00 deg.: X-S =   1.4080E-06 mb/sr,
    86.00 deg.: X-S =   1.6711E-06 mb/sr,
    87.00 deg.: X-S =   1.9012E-06 mb/sr,
    88.00 deg.: X-S =   2.1024E-06 mb/sr,
    89.00 deg.: X-S =   2.2765E-06 mb/sr,
    90.00 deg.: X-S =   2.3770E-06 mb/sr,
    91.00 deg.: X-S =   2.3672E-06 mb/sr,
    92.00 deg.: X-S =   2.2724E-06 mb/sr,
    93.00 deg.: X-S =   2.1473E-06 mb/sr,
    94.00 deg.: X-S =   2.0155E-06 mb/sr,
    95.00 deg.: X-S =   1.8625E-06 mb/sr,
    96.00 deg.: X-S =   1.7011E-06 mb/sr,
    97.00 deg.: X-S =   1.5838E-06 mb/sr,
    98.00 deg.: X-S =   1.5558E-06 mb/sr,
    99.00 deg.: X-S =   1.6359E-06 mb/sr,
   100.00 deg.: X-S =   1.8309E-06 mb/sr,
   101.00 deg.: X-S =   2.1451E-06 mb/sr,
   102.00 deg.: X-S =   2.5425E-06 mb/sr,
   103.00 deg.: X-S =   2.9361E-06 mb/sr,
   104.00 deg.: X-S =   3.2587E-06 mb/sr,
   105.00 deg.: X-S =   3.4982E-06 mb/sr,
   106.00 deg.: X-S =   3.6449E-06 mb/sr,
   107.00 deg.: X-S =   3.6507E-06 mb/sr,
   108.00 deg.: X-S =   3.4867E-06 mb/sr,
   109.00 deg.: X-S =   3.2214E-06 mb/sr,
   110.00 deg.: X-S =   2.9882E-06 mb/sr,
   111.00 deg.: X-S =   2.8533E-06 mb/sr,
   112.00 deg.: X-S =   2.7852E-06 mb/sr,
   113.00 deg.: X-S =   2.7808E-06 mb/sr,
   114.00 deg.: X-S =   2.9353E-06 mb/sr,
   115.00 deg.: X-S =   3.3429E-06 mb/sr,
   116.00 deg.: X-S =   3.9359E-06 mb/sr,
   117.00 deg.: X-S =   4.4930E-06 mb/sr,
   118.00 deg.: X-S =   4.8618E-06 mb/sr,
   119.00 deg.: X-S =   5.0702E-06 mb/sr,
   120.00 deg.: X-S =   5.1950E-06 mb/sr,
   121.00 deg.: X-S =   5.1880E-06 mb/sr,
   122.00 deg.: X-S =   4.9161E-06 mb/sr,
   123.00 deg.: X-S =   4.4021E-06 mb/sr,
   124.00 deg.: X-S =   3.8667E-06 mb/sr,
   125.00 deg.: X-S =   3.4965E-06 mb/sr,
   126.00 deg.: X-S =   3.2815E-06 mb/sr,
   127.00 deg.: X-S =   3.1274E-06 mb/sr,
   128.00 deg.: X-S =   3.0787E-06 mb/sr,
   129.00 deg.: X-S =   3.2677E-06 mb/sr,
   130.00 deg.: X-S =   3.6860E-06 mb/sr,
   131.00 deg.: X-S =   4.1577E-06 mb/sr,
   132.00 deg.: X-S =   4.5140E-06 mb/sr,
   133.00 deg.: X-S =   4.7245E-06 mb/sr,
   134.00 deg.: X-S =   4.8154E-06 mb/sr,
   135.00 deg.: X-S =   4.7600E-06 mb/sr,
   136.00 deg.: X-S =   4.5241E-06 mb/sr,
   137.00 deg.: X-S =   4.1315E-06 mb/sr,
   138.00 deg.: X-S =   3.6597E-06 mb/sr,
   139.00 deg.: X-S =   3.2030E-06 mb/sr,
   140.00 deg.: X-S =   2.8505E-06 mb/sr,
   141.00 deg.: X-S =   2.6509E-06 mb/sr,
   142.00 deg.: X-S =   2.5669E-06 mb/sr,
   143.00 deg.: X-S =   2.5372E-06 mb/sr,
   144.00 deg.: X-S =   2.5890E-06 mb/sr,
   145.00 deg.: X-S =   2.8101E-06 mb/sr,
   146.00 deg.: X-S =   3.1820E-06 mb/sr,
   147.00 deg.: X-S =   3.5124E-06 mb/sr,
   148.00 deg.: X-S =   3.6202E-06 mb/sr,
   149.00 deg.: X-S =   3.5461E-06 mb/sr,
   150.00 deg.: X-S =   3.4655E-06 mb/sr,
   151.00 deg.: X-S =   3.4229E-06 mb/sr,
   152.00 deg.: X-S =   3.2781E-06 mb/sr,
   153.00 deg.: X-S =   2.9270E-06 mb/sr,
   154.00 deg.: X-S =   2.4977E-06 mb/sr,
   155.00 deg.: X-S =   2.2120E-06 mb/sr,
   156.00 deg.: X-S =   2.0859E-06 mb/sr,
   157.00 deg.: X-S =   1.9604E-06 mb/sr,
   158.00 deg.: X-S =   1.7764E-06 mb/sr,
   159.00 deg.: X-S =   1.6844E-06 mb/sr,
   160.00 deg.: X-S =   1.8235E-06 mb/sr,
   161.00 deg.: X-S =   2.0396E-06 mb/sr,
   162.00 deg.: X-S =   2.1034E-06 mb/sr,
   163.00 deg.: X-S =   2.0612E-06 mb/sr,
   164.00 deg.: X-S =   2.1223E-06 mb/sr,
   165.00 deg.: X-S =   2.3359E-06 mb/sr,
   166.00 deg.: X-S =   2.4464E-06 mb/sr,
   167.00 deg.: X-S =   2.2762E-06 mb/sr,
   168.00 deg.: X-S =   2.0406E-06 mb/sr,
   169.00 deg.: X-S =   1.9735E-06 mb/sr,
   170.00 deg.: X-S =   2.0094E-06 mb/sr,
   171.00 deg.: X-S =   1.8900E-06 mb/sr,
   172.00 deg.: X-S =   1.5623E-06 mb/sr,
   173.00 deg.: X-S =   1.3084E-06 mb/sr,
   174.00 deg.: X-S =   1.2622E-06 mb/sr,
   175.00 deg.: X-S =   1.2411E-06 mb/sr,
   176.00 deg.: X-S =   1.0575E-06 mb/sr,
   177.00 deg.: X-S =   8.3295E-07 mb/sr,
   178.00 deg.: X-S =   8.7420E-07 mb/sr,
   179.00 deg.: X-S =   1.1099E-06 mb/sr,
   180.00 deg.: X-S =   1.2265E-06 mb/sr,
                                           Integrated    0.0033 mb, over [   0.000, 180.000] at   320.0000 MeV 
 Finished all xsecs @   0.500000000    

  The following files have been created:
   3:local copy of User input.            6:standard output.                   
   7:elastic  S-matrix elements.         12:transfer kernels.                  
  13:total cross sections/state.         16:tables of cross sections.          
  35:Astrophysics S-factors  / Ecm.      38:cross sections for each J/pi.      
  39:cross sections for each Ecm.        40:all cross sectns. for each Elab.   
  45:scat phase shift as E functions.    46:bs wave functions & ANC ratios.    
  56:Fusion for each Jtotal.             75:S-factors for lab energies.        
 201:Separate cross sections.           202:Separate cross sections.           

 PARAMETERS : MAXQRN   MFNL   MLOC  LMAX1 MCLIST
    ALLOWED :      2     16     12    100      6
    REQUIRED:      1      2     12     83      4


 ACCURACY ANALYSIS at   320.000 MeV :

  Elastic h*k = 0.161 so OK       compared with 0.200

   Real(S-el) > 0.01 first at J =       1.5
   Real(S-el) > 0.10 first at J =       1.5
   Real(S-el) > 0.50 first at J =       5.5
   Real(S-el) > 0.90 first at J =      12.5
   Real(S-el) > 0.99 first at J =      17.5
   R-turn =    25.03 fm    at J =      80.5

 Forward-angle excitation cut off below   0.024 deg by max JT =      80.5
                              and below   0.020 deg by max R.


 1: Recommended RNL: non-local width >  11.80 cf:  10.00 fm: OK      
    Recommended CENTRE: centration   ~   2.30 cf:   0.00 fm

 Total CPU  0 time =       0.52 seconds
