 FRESCO - FRES 3.4: Coupled Reaction Channels
 Assuming NAMELIST input.

 4He(p,d)3He  E=305 MeV  Q=-18.353  [he4_p_d_he3]                                

   0.050  30.000   0.250   0.100  10.000   0.000   0.000   0.000   0.000   0.000

 Centre-of-mass Range is    602 * 0.0500 fm., Maximum at  30.00 fm., Interpolating NL forms every  0.25 fm.
 Non - locality width is    101 * 0.1000 fm., Maximum of  10.00 fm., Centred at  0.00 fm.
 2-Nucleon Separation of      0 * 0.2500 fm., Maximum of   0.00 fm., Minimum at  0.00 fm.
 Maximum single particle bins of 30.0000 fm.
               M,Mint =          601         601


 Range of total J is     0.0 <= J <=    80.0 (at least     0.0) and Absorbtion =>    -1.0000 mb.
 Dry Run = F, CC set limits =  0  0, Relativistic kinematics = a, Both/Far/Near Analyses =  1                     

 Cross Sections (and up to T0 for 0=projectile) for Theta from   0.0 to 180.0 in steps of  1.0 degrees, DGAM=0,  Coordinates = 0 (Mads)

 Lower Radial Cutoff = maximum of -1.60*L*h &       0.0 fm.,  Lower Cutoff for Couplings =   0.0  fm.


 Iterate Couplings between   1 and   1 times, to  0.000 % if sooner.                                          
  Block solved exactly =   0 chs., with Pade = 0 & Isocen =  =0, NOSOL = F, initwf =  0
  NL quadrature with   18 Gaussian points, Calculate multipoles up to    86 from   0
  M-transfers for lp+lt greater than or equal to  6, Angular Integration Cutoff below  2.7778 %


 Trace switches are :  CHANS =  1, LISTCC =  0, TRENEG =  0, CDETR =  0, SMATS =  2, XSTABL =  1, NLPL =  0

                       WAVES =  0, LAMPL =  0, VEFF =  0, KFUS =  0, WDISK =  0, BPM =  0, MELFIL =  0

                       CDCC =  0, NFUS =  0

 Using unit mass = 1.000000 amu and 1/fine-structure constant = 137.03599 ( 1.000000 * true ) with hc = 197.32705 MeV.fm,
  thus 2*amu/hbar^2 = 0.0478450 = 1/20.9008 and Coulomb constant = 0.1574855 so e^2 = 1.43997, and nuclear magneton= 0.1261183

 Now pre-scan input and save to file 3



 *********** PARTITION NUMBER  1 ******************************************************************************************

   PROJ=p          MASS=  1.0000 Z=   1.0,        # STATES=    1T, TARG=4He      MASS=  4.0000 Z=   2.0,     Q-VALUE =   0.0000 MEV.

     1:  J= 0.5+ (B# 1), E=  0.0000, K= 0.5              Potl#  1       J= 0.0+ (B# 1), E=  0.0000, K= 0.0    


 *********** PARTITION NUMBER  2 ******************************************************************************************

   PROJ=d          MASS=  2.0000 Z=   1.0,        # STATES=    1T, TARG=3He      MASS=  3.0000 Z=   2.0,     Q-VALUE = -18.3530 MEV.

     1:  J= 1.0+ (B# 1), E=  0.0000, K= 0.0              Potl#  2       J= 0.5+ (B# 1), E=  0.0000, K= 0.5    
0****** WARNING : COMPARED WITH PARTITION  1, THIS PARTITION HAS TOTAL MASS & CHARGE EXCESSES  -0.01970 &   0.0000


 ************************************************************************************************************************************

 The following POTENTIALS are defined :

  KP#       TYPE      IT    SHAPE      at     V1        r1        a1        V2        r2        a2        A-in     A-used


                                            A#1       A#2        r0c       ac                                                h @ 1
    1    0=Coulomb       0=CHARGE (WS)  1     1.000     4.000    1.3000    0.0000    0.0000    0.0000     0.000    17.322   0.05000

    1    1=Volume        0=Woods-Saxon  2   48.0000    1.1500    0.5700    0.0000    1.1500    0.5700     0.000    17.322

    1    2=Surface       0=Woods-Saxon  3    0.0000    0.0000    0.0000    6.0000    1.3000    0.5000     0.000    17.322

    1    3=Projtl S.O.   0=Woods-Saxon  4    5.5000    1.0000    0.5000    0.0000    0.0000    0.0000     0.000    17.322
   --------------------------------------------------------------------------------------------------------------------

                                            A#1       A#2        r0c       ac                                                h @ 2
    2    0=Coulomb       0=CHARGE (WS)  5     2.000     3.000    1.3000    0.0000    0.0000    0.0000     0.000    19.731   0.05000

    2    1=Volume        0=Woods-Saxon  6   88.0000    1.1700    0.7900    0.0000    1.1700    0.7900     0.000    19.731

    2    2=Surface       0=Woods-Saxon  7    0.0000    0.0000    0.0000   12.0000    1.3300    0.7400     0.000    19.731

    2    3=Projtl S.O.   0=Woods-Saxon  8    7.0000    1.0700    0.6600    0.0000    0.0000    0.0000     0.000    19.731
   --------------------------------------------------------------------------------------------------------------------

    3    1=Volume        0=Woods-Saxon  9   50.0000    1.2500    0.6500    0.0000    0.0000    0.0000     0.000    19.731

    3    3=Projtl S.O.   0=Woods-Saxon 10    6.0000    1.2500    0.6500    0.0000    0.0000    0.0000     0.000    19.731
   --------------------------------------------------------------------------------------------------------------------

    4    1=Volume        0=Woods-Saxon 11   50.0000    1.2500    0.6500    0.0000    0.0000    0.0000     0.000    19.731

    4    3=Projtl S.O.   0=Woods-Saxon 12    6.0000    1.2500    0.6500    0.0000    0.0000    0.0000     0.000    19.731


 ************************************************************************************************************************************

 The following SINGLE-PARTICLE FORM FACTORS are constructed :


 No.   P1 P2 IN KIND T N  L  S1 IA J/S  IB BIND XFER  BE    SC PC FIL AFRAC Adjust  to  Z  Mass   K     Norm    rms      D0     D   ANC/Gsp

    1:  2  1  2  0     1  0 0.5  1 0.5   0   3   0  20.5780  1  0  0 0.0000 VR  0.7942; 0. 1.000 0.8593 1.0000  2.472 -417.8 -957.1  9.6885

    2:  1  2  1  0     1  0 0.5  1 0.5   0   4   0   2.2246  1  0  0 0.0000 VR  0.3377; 0. 1.000 0.2307 1.0000  4.770 -154.2 -167.5  1.1301

 ************************************************************************************************************************************

 TWO-way COUPLING # 1 for partitions  2 <-  1 of KIND  7,   0 -1  5 -1 -1 & P1,P2 =    0.0000   0.0000 : for J <=    80.5 & R <  29.8 fm.


 data =  2  1  1  1  1.0000,  so  < [4He      #  1] / [3He      #  1]  * Eigen-form #  1>  =   1.0000            BE = 20.578     1

 data =  1  1  1  2  1.0000,  so  < [d        #  1] / [p        #  1]  * Eigen-form #  2>  =   1.0000            BE =  2.225     2
 KNT =   1, KNP =   2: NK,NG,loc=   1   1   1  13  T  T  F

     So FINITE-RANGE TRANSFER : IP1 = 0 (POST    ), IP2=-1 =COMPLEX     ,  for   1 pairs of bound states summed into   1 pairs
      The main coupling potential is that binding the transferred particle to the 3He      core.

          Using between p        & 3He      the potential No.   5, and subtracting optical potential No.  2

   A real*8 is            8  bytes
   NLL,NLN,NLO =         120         121         101
0File   9 needs RL =   24240    REAL*8 numbers, and NR =    88. i.e.    17.06 Megabytes
   File            9  RECL =      193920
0RECOMMENDED NON-LOCAL WIDTH IS GREATER THAN   11.80 FM.,  RECOMMENDED CENTRATION   2.30, after    0.06 secs.
0Relative non-local usages (rms) are
    0.003   0.005   0.007   0.011   0.015   0.019   0.030   0.038   0.053   0.071   0.087   0.132   0.167   0.230   0.306
    0.372   0.541   0.676   0.908   1.186   1.427   1.994   2.455   3.183   4.044   4.788   6.329   7.600   9.380  11.433
   13.201  16.309  18.918  22.174  25.808  28.940  33.725  37.803  42.471  47.501  51.832  57.646  62.619  67.805  73.082
   77.548  82.589  86.793  90.536  93.845  96.417  98.292  99.496 100.000  99.858  99.142  97.885  96.129  93.931  91.325
   88.381  85.138  81.660  77.998  74.205  70.347  66.460  62.589  58.777  55.047  51.439  47.968  44.652  41.499  38.517
   35.707  33.067  30.594  28.284  26.128  24.121  22.254  20.521  18.913  17.422  16.042  14.764  13.583  12.491  11.482
   10.551   9.693   8.902   8.173   7.502   6.884   6.317   5.796   5.317   4.878   4.476

 Incoming partition  1 in excitation state # 1,   Laboratory Energy given for partition  1 Nucleus 1 in Excitation pair 1

0Lab. ENERGY ranges :

   from    305.000     to   0.00000     in     0 intervals
   from    0.00000     to   0.00000     in     0 intervals
   from    0.00000     to   0.00000     in     0 intervals

 Largest real,imaginary parts of any form factor at R=   29.50 are   4.88E-02  3.00E-14 MeV
 Finished all Couplings @    6.25000000E-02          12

 Symmetric Hamiltonian
1***********************************************************************************************************************************
************************************************************************************************************************************

        INCOMING p        ;    LABORATORY p        ENERGY =   305.00     MeV.

 ***********************************************************************************************************************************
 ***********************************************************************************************************************************


  NOTE: Coulomb excitation cut off below   0.025 deg by JTMAX, and below   0.021 deg by Rmax

 Allocate arrays for            3  channels, of which            3  need wfs.

 ######################################################################################################################
 #                                                                                                                    #
 # Total SPIN and PARITY =     0.5 +,      3 channels,    0 in 1st block.  Rmin & Coul turning =    0.0    0.0 fm.  #
 #                                                                                                                    #
 ######################################################################################################################



    C Projectl Target   #   EX.   (L  Proj) J  + Targ = Jtotal     E-cm      Re K     Re Eta     RM*K            CH
    1 p        4He      #    1: I   0 0.5    0.5  0.0     0.5   257.01688   3.13649   0.01757   94.0948   0.12622   0.48386 1 1 1   1
    2 d        3He      #    1:     0 1.0    1.0  0.5     0.5   226.47754   3.60597   0.02293  108.1790  -0.47102   0.16792 2 1 2   1
    3 d        3He      #    1:     2 1.0    1.0  0.5     0.5   226.47754   3.60597   0.02293  108.1790   0.48059  -0.13837 2 1 2   1
   S-matrix    1 =   -0.17000   0.85101 for L=    0, J=    0.5 channel on core I =   0.0 from L=    0,  Acc. loss =  0.0 D.
 Elastic phase shift   1 =   50.649   4.061 deg. for the L =    0, J =    0.5 channel.
       0.5 -0.17000299  0.85101212i: elastic S-matrix  @@      0.00  0   0 F  0
 Reaction Xsec     0.5+/ 0 @ 1 =   0.788 , Out:   0.000#   0.322/   0.788f


 Total SPIN, PARITY =     0.5 -,      3 chs,      0 cc.  Rmin & Coul turning =    0.0    0.0
   S-matrix    1 =   -0.02182   0.86587 for L=    1, J=    0.5 channel on core I =   0.0 from L=    1,  Acc. loss =  0.0 D.
 Elastic phase shift   1 =   45.722   4.117 deg. for the L =    1, J =    0.5 channel.
       0.5 -0.02182377  0.86587397i: elastic S-matrix  @@      0.02  0   0 F  0
 Reaction Xsec     0.5-/ 1 @ 1 =   0.798 , Out:   0.000#   0.241/   0.797f

 Allocate arrays for            4  channels, of which            4  need wfs.

 Total SPIN, PARITY =     1.5 +,      4 chs,      0 cc.  Rmin & Coul turning =    0.1    0.5
   S-matrix    1 =    0.08264   0.85900 for L=    2, J=    1.5 channel on core I =   0.0 from L=    2,  Acc. loss =  0.0 D.
 Elastic phase shift   1 =   42.252   4.222 deg. for the L =    2, J =    1.5 channel.
       1.5  0.08264493  0.85900238i: elastic S-matrix  @@      0.00  0   0 F  0
 Reaction Xsec     1.5+/ 2 @ 1 =   1.630 , Out:   0.000#   0.290/   1.630f


 Total SPIN, PARITY =     1.5 -,      4 chs,      0 cc.  Rmin & Coul turning =    0.1    0.5
   S-matrix    1 =   -0.17274   0.84943 for L=    1, J=    1.5 channel on core I =   0.0 from L=    1,  Acc. loss =  0.0 D.
 Elastic phase shift   1 =   50.748   4.095 deg. for the L =    1, J =    1.5 channel.
       1.5 -0.17274477  0.84943062i: elastic S-matrix  @@      0.00  0   0 F  0
 Reaction Xsec     1.5-/ 1 @ 1 =   1.588 , Out:   0.000#   0.499/   1.587f


 Total SPIN, PARITY =     2.5 +,      4 chs,      0 cc.  Rmin & Coul turning =    0.2    0.8
   S-matrix    1 =   -0.17459   0.84644 for L=    2, J=    2.5 channel on core I =   0.0 from L=    2,  Acc. loss =  0.0 D.
 Elastic phase shift   1 =   50.827   4.179 deg. for the L =    2, J =    2.5 channel.
       2.5 -0.17458743  0.84643570i: elastic S-matrix  @@      0.00  0   0 F  0
 Reaction Xsec     2.5+/ 2 @ 1 =   2.424 , Out:   0.000#   0.479/   2.424f


 Total SPIN, PARITY =     2.5 -,      4 chs,      0 cc.  Rmin & Coul turning =    0.2    0.8
   S-matrix    1 =    0.20382   0.83366 for L=    3, J=    2.5 channel on core I =   0.0 from L=    3,  Acc. loss =  0.0 D.
 Elastic phase shift   1 =   38.131   4.380 deg. for the L =    3, J =    2.5 channel.
       2.5  0.20382088  0.83366276i: elastic S-matrix  @@      0.00  0   0 F  0
 Reaction Xsec     2.5-/ 3 @ 1 =   2.524 , Out:   0.000#   0.253/   2.524f


 Total SPIN, PARITY =     3.5 +,      4 chs,      0 cc.  Rmin & Coul turning =    0.2    1.1
   S-matrix    1 =    0.34144   0.77981 for L=    4, J=    3.5 channel on core I =   0.0 from L=    4,  Acc. loss =  0.0 D.
 Elastic phase shift   1 =   33.177   4.613 deg. for the L =    4, J =    3.5 channel.
       3.5  0.34144094  0.77980572i: elastic S-matrix  @@      0.02  0   0 F  0
 Reaction Xsec     3.5+/ 4 @ 1 =   3.517 , Out:   0.000#   0.216/   3.517f


 Total SPIN, PARITY =     3.5 -,      4 chs,      0 cc.  Rmin & Coul turning =    0.2    1.1
   S-matrix    1 =   -0.16814   0.84352 for L=    3, J=    3.5 channel on core I =   0.0 from L=    3,  Acc. loss =  0.0 D.
 Elastic phase shift   1 =   50.637   4.317 deg. for the L =    3, J =    3.5 channel.
       3.5 -0.16814006  0.84352480i: elastic S-matrix  @@      0.00  0   0 F  0
 Reaction Xsec     3.5-/ 3 @ 1 =   3.324 , Out:   0.000#   0.401/   3.323f


 Total SPIN, PARITY =     4.5 +,      4 chs,      0 cc.  Rmin & Coul turning =    0.3    1.4
   S-matrix    1 =   -0.14919   0.84136 for L=    4, J=    4.5 channel on core I =   0.0 from L=    4,  Acc. loss =  0.0 D.
 Elastic phase shift   1 =   50.028   4.505 deg. for the L =    4, J =    4.5 channel.
       4.5 -0.14919353  0.84136024i: elastic S-matrix  @@      0.00  0   0 F  0
 Reaction Xsec     4.5+/ 4 @ 1 =   4.309 , Out:   0.000#   0.343/   4.308f


 Total SPIN, PARITY =     4.5 -,      4 chs,      0 cc.  Rmin & Coul turning =    0.3    1.4
   S-matrix    1 =    0.48802   0.68491 for L=    5, J=    4.5 channel on core I =   0.0 from L=    5,  Acc. loss =  0.0 D.
 Elastic phase shift   1 =   27.264   4.961 deg. for the L =    5, J =    4.5 channel.
       4.5  0.48802311  0.68490568i: elastic S-matrix  @@      0.00  0   0 F  0
 Reaction Xsec     4.5-/ 5 @ 1 =   4.674 , Out:   0.000#   0.201/   4.674f


 Total SPIN, PARITY =     5.5 +,      4 chs,      0 cc.  Rmin & Coul turning =    0.4    1.8
   S-matrix    1 =    0.61899   0.55032 for L=    6, J=    5.5 channel on core I =   0.0 from L=    6,  Acc. loss =  0.0 D.
 Elastic phase shift   1 =   20.820   5.398 deg. for the L =    6, J =    5.5 channel.
       5.5  0.61898644  0.55032098i: elastic S-matrix  @@      0.00  0   0 F  0
 Reaction Xsec     5.5+/ 6 @ 1 =   6.017 , Out:   0.000#   0.183/   6.016f


 Total SPIN, PARITY =     5.5 -,      4 chs,      0 cc.  Rmin & Coul turning =    0.4    1.8
   S-matrix    1 =   -0.11391   0.83807 for L=    5, J=    5.5 channel on core I =   0.0 from L=    5,  Acc. loss =  0.0 D.
 Elastic phase shift   1 =   48.870   4.799 deg. for the L =    5, J =    5.5 channel.
       5.5 -0.11391003  0.83806786i: elastic S-matrix  @@      0.00  0   0 F  0
 Reaction Xsec     5.5-/ 5 @ 1 =   5.454 , Out:   0.000#   0.311/   5.454f


 Total SPIN, PARITY =     6.5 +,      4 chs,      0 cc.  Rmin & Coul turning =    0.5    2.1
   S-matrix    1 =   -0.05252   0.83396 for L=    6, J=    6.5 channel on core I =   0.0 from L=    6,  Acc. loss =  0.0 D.
 Elastic phase shift   1 =   46.802   5.145 deg. for the L =    6, J =    6.5 channel.
       6.5 -0.05252187  0.83396424i: elastic S-matrix  @@      0.02  0   0 F  0
 Reaction Xsec     6.5+/ 6 @ 1 =   6.745 , Out:   0.000#   0.272/   6.745f


 Total SPIN, PARITY =     6.5 -,      4 chs,      0 cc.  Rmin & Coul turning =    0.5    2.1
   S-matrix    1 =    0.70202   0.40658 for L=    7, J=    6.5 channel on core I =   0.0 from L=    7,  Acc. loss =  0.0 D.
 Elastic phase shift   1 =   15.039   5.992 deg. for the L =    7, J =    6.5 channel.
       6.5  0.70202216  0.40658277i: elastic S-matrix  @@      0.00  0   0 F  0
 Reaction Xsec     6.5-/ 7 @ 1 =   7.642 , Out:   0.000#   0.164/   7.642f


 Total SPIN, PARITY =     7.5 +,      4 chs,      0 cc.  Rmin & Coul turning =    0.6    2.4
   S-matrix    1 =    0.74195   0.28970 for L=    8, J=    7.5 channel on core I =   0.0 from L=    8,  Acc. loss =  0.0 D.
 Elastic phase shift   1 =   10.664   6.518 deg. for the L =    8, J =    7.5 channel.
       7.5  0.74194602  0.28970204i: elastic S-matrix  @@      0.00  0   0 F  0
 Reaction Xsec     7.5+/ 8 @ 1 =   9.340 , Out:   0.000#   0.126/   9.340f


 Total SPIN, PARITY =     7.5 -,      4 chs,      0 cc.  Rmin & Coul turning =    0.6    2.4
   S-matrix    1 =    0.05471   0.82025 for L=    7, J=    7.5 channel on core I =   0.0 from L=    7,  Acc. loss =  0.0 D.
 Elastic phase shift   1 =   43.092   5.613 deg. for the L =    7, J =    7.5 channel.
       7.5  0.05470608  0.82025261i: elastic S-matrix  @@      0.00  0   0 F  0
 Reaction Xsec     7.5-/ 7 @ 1 =   8.282 , Out:   0.000#   0.231/   8.282f


 Total SPIN, PARITY =     8.5 +,      4 chs,      0 cc.  Rmin & Coul turning =    0.6    2.7
   S-matrix    1 =    0.21966   0.77076 for L=    8, J=    8.5 channel on core I =   0.0 from L=    8,  Acc. loss =  0.0 D.
 Elastic phase shift   1 =   37.046   6.341 deg. for the L =    8, J =    8.5 channel.
       8.5  0.21966418  0.77076223i: elastic S-matrix  @@      0.00  0   0 F  0
 Reaction Xsec     8.5+/ 8 @ 1 =  10.280 , Out:   0.000#   0.170/  10.280f


 Total SPIN, PARITY =     8.5 -,      4 chs,      0 cc.  Rmin & Coul turning =    0.6    2.7
   S-matrix    1 =    0.77010   0.20747 for L=    9, J=    8.5 channel on core I =   0.0 from L=    9,  Acc. loss =  0.0 D.
 Elastic phase shift   1 =    7.539   6.480 deg. for the L =    9, J =    8.5 channel.
       8.5  0.77010397  0.20747414i: elastic S-matrix  @@      0.02  0   0 F  0
 Reaction Xsec     8.5-/ 9 @ 1 =  10.459 , Out:   0.000#   0.068/  10.459f


 Total SPIN, PARITY =     9.5 +,      4 chs,      0 cc.  Rmin & Coul turning =    0.7    3.0
   S-matrix    1 =    0.80594   0.15043 for L=   10, J=    9.5 channel on core I =   0.0 from L=   10,  Acc. loss =  0.0 D.
 Elastic phase shift   1 =    5.286   5.690 deg. for the L =   10, J =    9.5 channel.
       9.5  0.80594009  0.15042523i: elastic S-matrix  @@      0.00  0   0 F  0
 Reaction Xsec     9.5+/10 @ 1 =  10.469 , Out:   0.000#   0.075/  10.469f


 Total SPIN, PARITY =     9.5 -,      4 chs,      0 cc.  Rmin & Coul turning =    0.7    3.0
   S-matrix    1 =    0.41925   0.66482 for L=    9, J=    9.5 channel on core I =   0.0 from L=    9,  Acc. loss =  0.0 D.
 Elastic phase shift   1 =   28.882   6.899 deg. for the L =    9, J =    9.5 channel.
       9.5  0.41925151  0.66482402i: elastic S-matrix  @@      0.00  0   0 F  0
 Reaction Xsec     9.5-/ 9 @ 1 =  12.207 , Out:   0.000#   0.065/  12.207f


 Total SPIN, PARITY =    10.5 +,      4 chs,      0 cc.  Rmin & Coul turning =    0.8    3.3
   S-matrix    1 =    0.60676   0.51780 for L=   10, J=   10.5 channel on core I =   0.0 from L=   10,  Acc. loss =  0.0 D.
 Elastic phase shift   1 =   20.238   6.476 deg. for the L =   10, J =   10.5 channel.
      10.5  0.60676162  0.51779988i: elastic S-matrix  @@      0.00  0   0 F  0
 Reaction Xsec    10.5+/10 @ 1 =  12.777 , Out:   0.000#   0.073/  12.777f


 Total SPIN, PARITY =    10.5 -,      4 chs,      0 cc.  Rmin & Coul turning =    0.8    3.3
   S-matrix    1 =    0.84992   0.10914 for L=   11, J=   10.5 channel on core I =   0.0 from L=   11,  Acc. loss =  0.0 D.
 Elastic phase shift   1 =    3.659   4.424 deg. for the L =   11, J =   10.5 channel.
      10.5  0.84991521  0.10913542i: elastic S-matrix  @@      0.00  0   0 F  0
 Reaction Xsec    10.5-/11 @ 1 =   9.335 , Out:   0.000#   0.035/   9.335f


 Total SPIN, PARITY =    11.5 +,      4 chs,      0 cc.  Rmin & Coul turning =    0.9    3.7
   S-matrix    1 =    0.89388   0.07798 for L=   12, J=   11.5 channel on core I =   0.0 from L=   12,  Acc. loss =  0.0 D.
 Elastic phase shift   1 =    2.493   3.105 deg. for the L =   12, J =   11.5 channel.
      11.5  0.89387523  0.07798310i: elastic S-matrix  @@      0.00  0   0 F  0
 Reaction Xsec    11.5+/12 @ 1 =   7.469 , Out:   0.000#   0.012/   7.469f


 Total SPIN, PARITY =    11.5 -,      4 chs,      0 cc.  Rmin & Coul turning =    0.9    3.7
   S-matrix    1 =    0.75180   0.36832 for L=   11, J=   11.5 channel on core I =   0.0 from L=   11,  Acc. loss =  0.0 D.
 Elastic phase shift   1 =   13.050   5.091 deg. for the L =   11, J =   11.5 channel.
      11.5  0.75179964  0.36831588i: elastic S-matrix  @@      0.02  0   0 F  0
 Reaction Xsec    11.5-/11 @ 1 =  11.464 , Out:   0.000#   0.024/  11.463f


 Total SPIN, PARITY =    12.5 +,      4 chs,      0 cc.  Rmin & Coul turning =    1.0    4.0
   S-matrix    1 =    0.85082   0.24457 for L=   12, J=   12.5 channel on core I =   0.0 from L=   12,  Acc. loss =  0.0 D.
 Elastic phase shift   1 =    8.019   3.491 deg. for the L =   12, J =   12.5 channel.
      12.5  0.85081650  0.24456776i: elastic S-matrix  @@      0.00  0   0 F  0
 Reaction Xsec    12.5+/12 @ 1 =   8.980 , Out:   0.000#   7.142#   8.980f


 Total SPIN, PARITY =    12.5 -,      4 chs,      0 cc.  Rmin & Coul turning =    1.0    4.0
   S-matrix    1 =    0.93056   0.05421 for L=   13, J=   12.5 channel on core I =   0.0 from L=   13,  Acc. loss =  0.0 D.
 Elastic phase shift   1 =    1.667   2.013 deg. for the L =   13, J =   12.5 channel.
      12.5  0.93056084  0.05420892i: elastic S-matrix  @@      0.00  0   0 F  0
 Reaction Xsec    12.5-/13 @ 1 =   5.443 , Out:   0.000#   0.016/   5.443f


 Total SPIN, PARITY =    13.5 +,      4 chs,      0 cc.  Rmin & Coul turning =    1.0    4.3
   S-matrix    1 =    0.95723   0.03649 for L=   14, J=   13.5 channel on core I =   0.0 from L=   14,  Acc. loss =  0.0 D.
 Elastic phase shift   1 =    1.092   1.231 deg. for the L =   14, J =   13.5 channel.
      13.5  0.95723009  0.03649458i: elastic S-matrix  @@      0.00  0   0 F  0
 Reaction Xsec    13.5+/14 @ 1 =   3.683 , Out:   0.000#   0.010/   3.683f


 Total SPIN, PARITY =    13.5 -,      4 chs,      0 cc.  Rmin & Coul turning =    1.0    4.3
   S-matrix    1 =    0.91333   0.15470 for L=   13, J=   13.5 channel on core I =   0.0 from L=   13,  Acc. loss =  0.0 D.
 Elastic phase shift   1 =    4.807   2.192 deg. for the L =   13, J =   13.5 channel.
      13.5  0.91332763  0.15470427i: elastic S-matrix  @@      0.00  0   0 F  0
 Reaction Xsec    13.5-/13 @ 1 =   6.344 , Out:   0.000#   8.588#   6.344f


 Total SPIN, PARITY =    14.5 +,      4 chs,      0 cc.  Rmin & Coul turning =    1.1    4.6
   S-matrix    1 =    0.95080   0.09470 for L=   14, J=   14.5 channel on core I =   0.0 from L=   14,  Acc. loss =  0.0 D.
 Elastic phase shift   1 =    2.844   1.304 deg. for the L =   14, J =   14.5 channel.
      14.5  0.95080354  0.09470444i: elastic S-matrix  @@      0.00  0   0 F  0
 Reaction Xsec    14.5+/14 @ 1 =   4.168 , Out:   0.000#   6.521#   4.168f


 Total SPIN, PARITY =    14.5 -,      4 chs,      0 cc.  Rmin & Coul turning =    1.1    4.6
   S-matrix    1 =    0.97478   0.02385 for L=   15, J=   14.5 channel on core I =   0.0 from L=   15,  Acc. loss =  0.0 D.
 Elastic phase shift   1 =    0.701   0.723 deg. for the L =   15, J =   14.5 channel.
      14.5  0.97477675  0.02385428i: elastic S-matrix  @@      0.02  0   0 F  0
 Reaction Xsec    14.5-/15 @ 1 =   2.359 , Out:   0.000#   5.750#   2.359f


 Total SPIN, PARITY =    15.5 +,      4 chs,      0 cc.  Rmin & Coul turning =    1.2    4.9
   S-matrix    1 =    0.98555   0.01523 for L=   16, J=   15.5 channel on core I =   0.0 from L=   16,  Acc. loss =  0.0 D.
 Elastic phase shift   1 =    0.443   0.413 deg. for the L =   16, J =   15.5 channel.
      15.5  0.98555491  0.01522688i: elastic S-matrix  @@      0.00  0   0 F  0
 Reaction Xsec    15.5+/16 @ 1 =   1.454 , Out:   0.000#   3.518#   1.454f


 Total SPIN, PARITY =    15.5 -,      4 chs,      0 cc.  Rmin & Coul turning =    1.2    4.9
   S-matrix    1 =    0.97250   0.05675 for L=   15, J=   15.5 channel on core I =   0.0 from L=   15,  Acc. loss =  0.0 D.
 Elastic phase shift   1 =    1.670   0.750 deg. for the L =   15, J =   15.5 channel.
      15.5  0.97250082  0.05675382i: elastic S-matrix  @@      0.00  0   0 F  0
 Reaction Xsec    15.5-/15 @ 1 =   2.607 , Out:   0.000#   4.211#   2.607f


 Total SPIN, PARITY =    16.5 +,      4 chs,      0 cc.  Rmin & Coul turning =    1.2    5.3
   S-matrix    1 =    0.98478   0.03356 for L=   16, J=   16.5 channel on core I =   0.0 from L=   16,  Acc. loss =  0.0 D.
 Elastic phase shift   1 =    0.976   0.423 deg. for the L =   16, J =   16.5 channel.
      16.5  0.98477757  0.03356080i: elastic S-matrix  @@      0.00  0   0 F  0
 Reaction Xsec    16.5+/16 @ 1 =   1.579 , Out:   0.000#   3.604#   1.579f


 Total SPIN, PARITY =    16.5 -,      4 chs,      0 cc.  Rmin & Coul turning =    1.2    5.3
   S-matrix    1 =    0.99188   0.00955 for L=   17, J=   16.5 channel on core I =   0.0 from L=   17,  Acc. loss =  0.0 D.
 Elastic phase shift   1 =    0.276   0.232 deg. for the L =   17, J =   16.5 channel.
      16.5  0.99188257  0.00954962i: elastic S-matrix  @@      0.02  0   0 F  0
 Reaction Xsec    16.5-/17 @ 1 =   0.873 , Out:   0.000#   1.172#   0.873f


 Total SPIN, PARITY =    17.5 +,      4 chs,      0 cc.  Rmin & Coul turning =    1.4    5.6
   S-matrix    1 =    0.99549   0.00591 for L=   18, J=   17.5 channel on core I =   0.0 from L=   18,  Acc. loss =  0.0 D.
 Elastic phase shift   1 =    0.170   0.129 deg. for the L =   18, J =   17.5 channel.
      17.5  0.99549216  0.00591301i: elastic S-matrix  @@      0.00  0   0 F  0
 Reaction Xsec    17.5+/18 @ 1 =   0.515 , Out:   0.000#   0.312#   0.515f


 Total SPIN, PARITY =    17.5 -,      4 chs,      0 cc.  Rmin & Coul turning =    1.4    5.6
   S-matrix    1 =    0.99162   0.01969 for L=   17, J=   17.5 channel on core I =   0.0 from L=   17,  Acc. loss =  0.0 D.
 Elastic phase shift   1 =    0.569   0.235 deg. for the L =   17, J =   17.5 channel.
      17.5  0.99162356  0.01968566i: elastic S-matrix  @@      0.00  0   0 F  0
 Reaction Xsec    17.5-/17 @ 1 =   0.937 , Out:   0.000#   1.046#   0.937f


 Total SPIN, PARITY =    18.5 +,      4 chs,      0 cc.  Rmin & Coul turning =    1.4    5.9
   S-matrix    1 =    0.99541   0.01149 for L=   18, J=   18.5 channel on core I =   0.0 from L=   18,  Acc. loss =  0.0 D.
 Elastic phase shift   1 =    0.331   0.130 deg. for the L =   18, J =   18.5 channel.
      18.5  0.99540729  0.01149131i: elastic S-matrix  @@      0.00  0   0 F  0
 Reaction Xsec    18.5+/18 @ 1 =   0.548 , Out:   0.000#   0.231#   0.548f


 Total SPIN, PARITY =    18.5 -,      4 chs,      0 cc.  Rmin & Coul turning =    1.4    5.9
   S-matrix    1 =    0.99751   0.00363 for L=   19, J=   18.5 channel on core I =   0.0 from L=   19,  Acc. loss =  0.0 D.
 Elastic phase shift   1 =    0.104   0.071 deg. for the L =   19, J =   18.5 channel.
      18.5  0.99751495  0.00362740i: elastic S-matrix  @@      0.00  0   0 F  0
 Reaction Xsec    18.5-/19 @ 1 =   0.300 , Out:   0.000#   0.104#   0.300f


 Total SPIN, PARITY =    19.5 +,      4 chs,      0 cc.  Rmin & Coul turning =    1.5    6.2
   S-matrix    1 =    0.99864   0.00221 for L=   20, J=   19.5 channel on core I =   0.0 from L=   20,  Acc. loss =  0.0 D.
 Elastic phase shift   1 =    0.063   0.039 deg. for the L =   20, J =   19.5 channel.
      19.5  0.99863629  0.00220990i: elastic S-matrix  @@      0.00  0   0 F  0
 Reaction Xsec    19.5+/20 @ 1 =   0.174 , Out:   0.000#   0.048#   0.174f


 Total SPIN, PARITY =    19.5 -,      4 chs,      0 cc.  Rmin & Coul turning =    1.5    6.2
   S-matrix    1 =    0.99749   0.00669 for L=   19, J=   19.5 channel on core I =   0.0 from L=   19,  Acc. loss =  0.0 D.
 Elastic phase shift   1 =    0.192   0.071 deg. for the L =   19, J =   19.5 channel.
      19.5  0.99748745  0.00668887i: elastic S-matrix  @@      0.02  0   0 F  0
 Reaction Xsec    19.5-/19 @ 1 =   0.318 , Out:   0.000#   0.070#   0.318f


 Total SPIN, PARITY =    20.5 +,      4 chs,      0 cc.  Rmin & Coul turning =    1.6    6.5
   S-matrix    1 =    0.99863   0.00389 for L=   20, J=   20.5 channel on core I =   0.0 from L=   20,  Acc. loss =  0.0 D.
 Elastic phase shift   1 =    0.112   0.039 deg. for the L =   20, J =   20.5 channel.
      20.5  0.99862745  0.00388696i: elastic S-matrix  @@      0.00  0   0 F  0
 Reaction Xsec    20.5+/20 @ 1 =   0.183 , Out:   0.000#   0.028#   0.183f


 Total SPIN, PARITY =    20.5 -,      4 chs,      0 cc.  Rmin & Coul turning =    1.6    6.5
   S-matrix    1 =    0.99925   0.00134 for L=   21, J=   20.5 channel on core I =   0.0 from L=   21,  Acc. loss =  0.0 D.
 Elastic phase shift   1 =    0.038   0.021 deg. for the L =   21, J =   20.5 channel.
      20.5  0.99925382  0.00133914i: elastic S-matrix  @@      0.00  0   0 F  0
 Reaction Xsec    20.5-/21 @ 1 =   0.100 , Out:   0.000#   0.034#   0.100f


 Total SPIN, PARITY =    21.5 +,      4 chs,      0 cc.  Rmin & Coul turning =    1.7    6.9
   S-matrix    1 =    0.99959   0.00081 for L=   22, J=   21.5 channel on core I =   0.0 from L=   22,  Acc. loss =  0.0 D.
 Elastic phase shift   1 =    0.023   0.012 deg. for the L =   22, J =   21.5 channel.
      21.5  0.99959250  0.00080801i: elastic S-matrix  @@      0.00  0   0 F  0
 Reaction Xsec    21.5+/22 @ 1 =   0.057 , Out:   0.000#   0.020#   0.057f


 Total SPIN, PARITY =    21.5 -,      4 chs,      0 cc.  Rmin & Coul turning =    1.7    6.9
   S-matrix    1 =    0.99925   0.00226 for L=   21, J=   21.5 channel on core I =   0.0 from L=   21,  Acc. loss =  0.0 D.
 Elastic phase shift   1 =    0.065   0.021 deg. for the L =   21, J =   21.5 channel.
      21.5  0.99925099  0.00225656i: elastic S-matrix  @@      0.00  0   0 F  0
 Reaction Xsec    21.5-/21 @ 1 =   0.105 , Out:   0.000#   0.027#   0.105f


 Total SPIN, PARITY =    22.5 +,      4 chs,      0 cc.  Rmin & Coul turning =    1.8    7.2
   S-matrix    1 =    0.99959   0.00131 for L=   22, J=   22.5 channel on core I =   0.0 from L=   22,  Acc. loss =  0.0 D.
 Elastic phase shift   1 =    0.038   0.012 deg. for the L =   22, J =   22.5 channel.
      22.5  0.99959160  0.00130930i: elastic S-matrix  @@      0.00  0   0 F  0
 Reaction Xsec    22.5+/22 @ 1 =   0.060 , Out:   0.000#   0.019#   0.060f


 Total SPIN, PARITY =    22.5 -,      4 chs,      0 cc.  Rmin & Coul turning =    1.8    7.2
   S-matrix    1 =    0.99978   0.00049 for L=   23, J=   22.5 channel on core I =   0.0 from L=   23,  Acc. loss =  0.0 D.
 Elastic phase shift   1 =    0.014   0.006 deg. for the L =   23, J =   22.5 channel.
      22.5  0.99977777  0.00048581i: elastic S-matrix  @@      0.02  0   0 F  0
 Reaction Xsec    22.5-/23 @ 1 =   0.033 , Out:   0.000#   0.004#   0.033f


 Total SPIN, PARITY =    23.5 +,      4 chs,      0 cc.  Rmin & Coul turning =    1.8    7.5
   S-matrix    1 =    0.99988   0.00029 for L=   24, J=   23.5 channel on core I =   0.0 from L=   24,  Acc. loss =  0.0 D.
 Elastic phase shift   1 =    0.008   0.003 deg. for the L =   24, J =   23.5 channel.
      23.5  0.99987894  0.00029123i: elastic S-matrix  @@      0.00  0   0 F  0
 Reaction Xsec    23.5+/24 @ 1 =   0.019 , Out:   0.000#   0.000#   0.019f


 Total SPIN, PARITY =    23.5 -,      4 chs,      0 cc.  Rmin & Coul turning =    1.8    7.5
   S-matrix    1 =    0.99978   0.00076 for L=   23, J=   23.5 channel on core I =   0.0 from L=   23,  Acc. loss =  0.0 D.
 Elastic phase shift   1 =    0.022   0.006 deg. for the L =   23, J =   23.5 channel.
      23.5  0.99977749  0.00075946i: elastic S-matrix  @@      0.00  0   0 F  0
 Reaction Xsec    23.5-/23 @ 1 =   0.034 , Out:   0.000#   0.004#   0.034f


 Total SPIN, PARITY =    24.5 +,      4 chs,      0 cc.  Rmin & Coul turning =    1.9    7.8
   S-matrix    1 =    0.99988   0.00044 for L=   24, J=   24.5 channel on core I =   0.0 from L=   24,  Acc. loss =  0.0 D.
 Elastic phase shift   1 =    0.013   0.003 deg. for the L =   24, J =   24.5 channel.
      24.5  0.99987885  0.00044047i: elastic S-matrix  @@      0.00  0   0 F  0
 Reaction Xsec    24.5+/24 @ 1 =   0.019 , Out:   0.000#   0.000#   0.019f


 Total SPIN, PARITY =    24.5 -,      4 chs,      0 cc.  Rmin & Coul turning =    1.9    7.8
   S-matrix    1 =    0.99993   0.00017 for L=   25, J=   24.5 channel on core I =   0.0 from L=   25,  Acc. loss =  0.0 D.
 Elastic phase shift   1 =    0.005   0.002 deg. for the L =   25, J =   24.5 channel.
      24.5  0.99993411  0.00017413i: elastic S-matrix  @@      0.00  0   0 F  0
 Reaction Xsec    24.5-/25 @ 1 =   0.011 , Out:   0.000#   0.004#   0.011f


 Total SPIN, PARITY =    25.5 +,      4 chs,      0 cc.  Rmin & Coul turning =    2.0    8.1
   S-matrix    1 =    0.99996   0.00010 for L=   26, J=   25.5 channel on core I =   0.0 from L=   26,  Acc. loss =  0.0 D.
 Elastic phase shift   1 =    0.003   0.001 deg. for the L =   26, J =   25.5 channel.
      25.5  0.99996416  0.00010391i: elastic S-matrix  @@      0.00  0   0 F  0
 Reaction Xsec    25.5+/26 @ 1 =   5.950/, Out:   0.000#   0.007#   0.006f


 Total SPIN, PARITY =    25.5 -,      4 chs,      0 cc.  Rmin & Coul turning =    2.0    8.1
   S-matrix    1 =    0.99993   0.00026 for L=   25, J=   25.5 channel on core I =   0.0 from L=   25,  Acc. loss =  0.0 D.
 Elastic phase shift   1 =    0.007   0.002 deg. for the L =   25, J =   25.5 channel.
      25.5  0.99993408  0.00025546i: elastic S-matrix  @@      0.02  0   0 F  0
 Reaction Xsec    25.5-/25 @ 1 =   0.011 , Out:   0.000#   0.004#   0.011f


 Total SPIN, PARITY =    26.5 +,      4 chs,      0 cc.  Rmin & Coul turning =    2.1    8.5
   S-matrix    1 =    0.99996   0.00015 for L=   26, J=   26.5 channel on core I =   0.0 from L=   26,  Acc. loss =  0.0 D.
 Elastic phase shift   1 =    0.004   0.001 deg. for the L =   26, J =   26.5 channel.
      26.5  0.99996415  0.00014820i: elastic S-matrix  @@      0.00  0   0 F  0
 Reaction Xsec    26.5+/26 @ 1 =   6.180/, Out:   0.000#   0.008#   0.006f


 Total SPIN, PARITY =    26.5 -,      4 chs,      0 cc.  Rmin & Coul turning =    2.1    8.5
   S-matrix    1 =    0.99998   0.00006 for L=   27, J=   26.5 channel on core I =   0.0 from L=   27,  Acc. loss =  0.0 D.
 Elastic phase shift   1 =    0.002   0.001 deg. for the L =   27, J =   26.5 channel.
      26.5  0.99998052  0.00006189i: elastic S-matrix  @@      0.00  0   0 F  0
 Reaction Xsec    26.5-/27 @ 1 =   3.359/, Out:   0.000#   0.008#   0.003f


 Total SPIN, PARITY =    27.5 +,      4 chs,      0 cc.  Rmin & Coul turning =    2.1    8.8
   S-matrix    1 =    0.99999   0.00004 for L=   28, J=   27.5 channel on core I =   0.0 from L=   28,  Acc. loss =  0.0 D.
 Elastic phase shift   1 =    0.001   0.000 deg. for the L =   28, J =   27.5 channel.
      27.5  0.99998942  0.00003682i: elastic S-matrix  @@      0.00  0   0 F  0
 Reaction Xsec    27.5+/28 @ 1 =   1.892/, Out:   0.000#   0.007#   0.002f


 Total SPIN, PARITY =    27.5 -,      4 chs,      0 cc.  Rmin & Coul turning =    2.1    8.8
   S-matrix    1 =    0.99998   0.00009 for L=   27, J=   27.5 channel on core I =   0.0 from L=   27,  Acc. loss =  0.0 D.
 Elastic phase shift   1 =    0.002   0.001 deg. for the L =   27, J =   27.5 channel.
      27.5  0.99998052  0.00008599i: elastic S-matrix  @@      0.00  0   0 F  0
 Reaction Xsec    27.5-/27 @ 1 =   3.483/, Out:   0.000#   0.009#   0.003f


 Total SPIN, PARITY =    28.5 +,      4 chs,      0 cc.  Rmin & Coul turning =    2.2    9.1
   S-matrix    1 =    0.99999   0.00005 for L=   28, J=   28.5 channel on core I =   0.0 from L=   28,  Acc. loss =  0.0 D.
 Elastic phase shift   1 =    0.001   0.000 deg. for the L =   28, J =   28.5 channel.
      28.5  0.99998942  0.00004993i: elastic S-matrix  @@      0.00  0   0 F  0
 Reaction Xsec    28.5+/28 @ 1 =   1.960/, Out:   0.000#   0.008#   0.002f


 Total SPIN, PARITY =    28.5 -,      4 chs,      0 cc.  Rmin & Coul turning =    2.2    9.1
   S-matrix    1 =    0.99999   0.00002 for L=   29, J=   28.5 channel on core I =   0.0 from L=   29,  Acc. loss =  0.0 D.
 Elastic phase shift   1 =    0.001   0.000 deg. for the L =   29, J =   28.5 channel.
      28.5  0.99999426  0.00002189i: elastic S-matrix  @@      0.02  0   0 F  0
 Reaction Xsec    28.5-/29 @ 1 =   1.064/, Out:   0.000#   0.005#   0.001f


 Total SPIN, PARITY =    29.5 +,      4 chs,      0 cc.  Rmin & Coul turning =    2.3    9.4
   S-matrix    1 =    1.00000   0.00001 for L=   30, J=   29.5 channel on core I =   0.0 from L=   30,  Acc. loss =  0.0 D.
 Elastic phase shift   1 =    0.000   0.000 deg. for the L =   30, J =   29.5 channel.
      29.5  0.99999688  0.00001301i: elastic S-matrix  @@      0.00  0   0 F  0
 Reaction Xsec    29.5+/30 @ 1 =   0.597/, Out:   0.000#   0.002#   0.001f


 Total SPIN, PARITY =    29.5 -,      4 chs,      0 cc.  Rmin & Coul turning =    2.3    9.4
   S-matrix    1 =    0.99999   0.00003 for L=   29, J=   29.5 channel on core I =   0.0 from L=   29,  Acc. loss =  0.0 D.
 Elastic phase shift   1 =    0.001   0.000 deg. for the L =   29, J =   29.5 channel.
      29.5  0.99999426  0.00002902i: elastic S-matrix  @@      0.00  0   0 F  0
 Reaction Xsec    29.5-/29 @ 1 =   1.101/, Out:   0.000#   0.005#   0.001f


 Total SPIN, PARITY =    30.5 +,      4 chs,      0 cc.  Rmin & Coul turning =    2.4    9.7
   S-matrix    1 =    1.00000   0.00002 for L=   30, J=   30.5 channel on core I =   0.0 from L=   30,  Acc. loss =  0.0 D.
 Elastic phase shift   1 =    0.000   0.000 deg. for the L =   30, J =   30.5 channel.
      30.5  0.99999688  0.00001688i: elastic S-matrix  @@      0.00  0   0 F  0
 Reaction Xsec    30.5+/30 @ 1 =   0.617/, Out:   0.000#   0.002#   0.001f


 Total SPIN, PARITY =    30.5 -,      4 chs,      0 cc.  Rmin & Coul turning =    2.4    9.7
   S-matrix    1 =    1.00000   0.00001 for L=   31, J=   30.5 channel on core I =   0.0 from L=   31,  Acc. loss =  0.0 D.
 Elastic phase shift   1 =    0.000   0.000 deg. for the L =   31, J =   30.5 channel.
      30.5  0.99999831  0.00000776i: elastic S-matrix  @@      0.00  0   0 F  0
 Reaction Xsec    30.5-/31 @ 1 =   0.335/, Out:   0.000#   0.001#   0.000f


 Total SPIN, PARITY =    31.5 +,      4 chs,      0 cc.  Rmin & Coul turning =    2.5   10.0
   S-matrix    1 =    1.00000   0.00000 for L=   32, J=   31.5 channel on core I =   0.0 from L=   32,  Acc. loss =  0.0 D.
 Elastic phase shift   1 =    0.000   0.000 deg. for the L =   32, J =   31.5 channel.
      31.5  0.99999908  0.00000463i: elastic S-matrix  @@      0.00  0   0 F  0
 Reaction Xsec    31.5+/32 @ 1 =   0.187/, Out:   0.000#   0.000#   0.000f


 Total SPIN, PARITY =    31.5 -,      4 chs,      0 cc.  Rmin & Coul turning =    2.5   10.0
   S-matrix    1 =    1.00000   0.00001 for L=   31, J=   31.5 channel on core I =   0.0 from L=   31,  Acc. loss =  0.0 D.
 Elastic phase shift   1 =    0.000   0.000 deg. for the L =   31, J =   31.5 channel.
      31.5  0.99999831  0.00000986i: elastic S-matrix  @@      0.02  0   0 F  0
 Reaction Xsec    31.5-/31 @ 1 =   0.345/, Out:   0.000#   0.001#   0.000f


 Total SPIN, PARITY =    32.5 +,      4 chs,      0 cc.  Rmin & Coul turning =    2.6   10.4
   S-matrix    1 =    1.00000   0.00001 for L=   32, J=   32.5 channel on core I =   0.0 from L=   32,  Acc. loss =  0.0 D.
 Elastic phase shift   1 =    0.000   0.000 deg. for the L =   32, J =   32.5 channel.
      32.5  0.99999908  0.00000577i: elastic S-matrix  @@      0.00  0   0 F  0
 Reaction Xsec    32.5+/32 @ 1 =   0.193/, Out:   0.000#   0.000#   0.000f


 Total SPIN, PARITY =    32.5 -,      4 chs,      0 cc.  Rmin & Coul turning =    2.6   10.4
   S-matrix    1 =    1.00000   0.00000 for L=   33, J=   32.5 channel on core I =   0.0 from L=   33,  Acc. loss =  0.0 D.
 Elastic phase shift   1 =    0.000   0.000 deg. for the L =   33, J =   32.5 channel.
      32.5  0.99999950  0.00000279i: elastic S-matrix  @@      0.00  0   0 F  0
 Reaction Xsec    32.5-/33 @ 1 =   0.105/, Out:   0.000#   0.000#   0.000f


 Total SPIN, PARITY =    33.5 +,      4 chs,      0 cc.  Rmin & Coul turning =    2.6   10.7
   S-matrix    1 =    1.00000   0.00000 for L=   34, J=   33.5 channel on core I =   0.0 from L=   34,  Acc. loss =  0.0 D.
 Elastic phase shift   1 =    0.000   0.000 deg. for the L =   34, J =   33.5 channel.
      33.5  0.99999973  0.00000170i: elastic S-matrix  @@      0.00  0   0 F  0
 Reaction Xsec    33.5+/34 @ 1 =   0.058/, Out:   0.000#   0.000#   0.000f


 Total SPIN, PARITY =    33.5 -,      4 chs,      0 cc.  Rmin & Coul turning =    2.6   10.7
   S-matrix    1 =    1.00000   0.00000 for L=   33, J=   33.5 channel on core I =   0.0 from L=   33,  Acc. loss =  0.0 D.
 Elastic phase shift   1 =    0.000   0.000 deg. for the L =   33, J =   33.5 channel.
      33.5  0.99999950  0.00000340i: elastic S-matrix  @@      0.00  0   0 F  0
 Reaction Xsec    33.5-/33 @ 1 =   0.108/, Out:   0.000#   0.000#   0.000f


 Total SPIN, PARITY =    34.5 +,      4 chs,      0 cc.  Rmin & Coul turning =    2.7   11.0
   S-matrix    1 =    1.00000   0.00000 for L=   34, J=   34.5 channel on core I =   0.0 from L=   34,  Acc. loss =  0.0 D.
 Elastic phase shift   1 =    0.000   0.000 deg. for the L =   34, J =   34.5 channel.
      34.5  0.99999973  0.00000203i: elastic S-matrix  @@      0.00  0   0 F  0
 Reaction Xsec    34.5+/34 @ 1 =   0.060/, Out:   0.000#   0.000#   0.000f


 Total SPIN, PARITY =    34.5 -,      4 chs,      0 cc.  Rmin & Coul turning =    2.7   11.0
   S-matrix    1 =    1.00000   0.00000 for L=   35, J=   34.5 channel on core I =   0.0 from L=   35,  Acc. loss =  0.0 D.
 Elastic phase shift   1 =    0.000   0.000 deg. for the L =   35, J =   34.5 channel.
      34.5  0.99999985  0.00000104i: elastic S-matrix  @@      0.02  0   0 F  0
 Reaction Xsec    34.5-/35 @ 1 =   0.033/, Out:   0.000#   0.000#   0.000f


 Total SPIN, PARITY =    35.5 +,      4 chs,      0 cc.  Rmin & Coul turning =    2.8   11.3
   S-matrix    1 =    1.00000   0.00000 for L=   36, J=   35.5 channel on core I =   0.0 from L=   36,  Acc. loss =  0.0 D.
 Elastic phase shift   1 =    0.000   0.000 deg. for the L =   36, J =   35.5 channel.
      35.5  0.99999992  0.00000067i: elastic S-matrix  @@      0.00  0   0 F  0
 Reaction Xsec    35.5+/36 @ 1 =   0.018/, Out:   0.000#   0.000#   0.000f


 Total SPIN, PARITY =    35.5 -,      4 chs,      0 cc.  Rmin & Coul turning =    2.8   11.3
   S-matrix    1 =    1.00000   0.00000 for L=   35, J=   35.5 channel on core I =   0.0 from L=   35,  Acc. loss =  0.0 D.
 Elastic phase shift   1 =    0.000   0.000 deg. for the L =   35, J =   35.5 channel.
      35.5  0.99999985  0.00000122i: elastic S-matrix  @@      0.00  0   0 F  0
 Reaction Xsec    35.5-/35 @ 1 =   0.033/, Out:   0.000#   0.000#   0.000f


 Total SPIN, PARITY =    36.5 +,      4 chs,      0 cc.  Rmin & Coul turning =    2.9   11.6
   S-matrix    1 =    1.00000   0.00000 for L=   36, J=   36.5 channel on core I =   0.0 from L=   36,  Acc. loss =  0.0 D.
 Elastic phase shift   1 =    0.000   0.000 deg. for the L =   36, J =   36.5 channel.
      36.5  0.99999992  0.00000077i: elastic S-matrix  @@      0.00  0   0 F  0
 Reaction Xsec    36.5+/36 @ 1 =   0.019/, Out:   0.000#   0.000#   0.000f


 Total SPIN, PARITY =    36.5 -,      4 chs,      0 cc.  Rmin & Coul turning =    2.9   11.6
   S-matrix    1 =    1.00000   0.00000 for L=   37, J=   36.5 channel on core I =   0.0 from L=   37,  Acc. loss =  0.0 D.
 Elastic phase shift   1 =    0.000   0.000 deg. for the L =   37, J =   36.5 channel.
      36.5  0.99999996  0.00000043i: elastic S-matrix  @@      0.00  0   0 F  0
 Reaction Xsec    36.5-/37 @ 1 =   0.010/, Out:   0.000#   0.000#   0.000f


 Total SPIN, PARITY =    37.5 +,      4 chs,      0 cc.  Rmin & Coul turning =    3.0   12.0
   S-matrix    1 =    1.00000   0.00000 for L=   38, J=   37.5 channel on core I =   0.0 from L=   38,  Acc. loss =  0.0 D.
 Elastic phase shift   1 =    0.000   0.000 deg. for the L =   38, J =   37.5 channel.
0****** WARNING : ACCURACY LOSS IN ERWIN = 14.4 DIGITS, SO EXPECT ERRORS OF   0.0000 % OF UNITARITY

      37.5  0.99999998  0.00000029i: elastic S-matrix  @@      0.00  0   0 F  0
 Reaction Xsec    37.5+/38 @ 1 =   5.596#, Out:   0.000#   0.000#   0.000f


 Total SPIN, PARITY =    37.5 -,      4 chs,      0 cc.  Rmin & Coul turning =    3.0   12.0
   S-matrix    1 =    1.00000   0.00000 for L=   37, J=   37.5 channel on core I =   0.0 from L=   37,  Acc. loss =  0.0 D.
 Elastic phase shift   1 =    0.000   0.000 deg. for the L =   37, J =   37.5 channel.
      37.5  0.99999996  0.00000048i: elastic S-matrix  @@      0.02  0   0 F  0
 Reaction Xsec    37.5-/37 @ 1 =   0.010/, Out:   0.000#   0.000#   0.000f


 Total SPIN, PARITY =    38.5 +,      4 chs,      0 cc.  Rmin & Coul turning =    3.0   12.3
   S-matrix    1 =    1.00000   0.00000 for L=   38, J=   38.5 channel on core I =   0.0 from L=   38,  Acc. loss =  0.0 D.
 Elastic phase shift   1 =    0.000   0.000 deg. for the L =   38, J =   38.5 channel.
      38.5  0.99999998  0.00000032i: elastic S-matrix  @@      0.00  0   0 F  0
 Reaction Xsec    38.5+/38 @ 1 =   5.743#, Out:   0.000#   0.000#   0.000f


 Total SPIN, PARITY =    38.5 -,      4 chs,      0 cc.  Rmin & Coul turning =    3.0   12.3
   S-matrix    1 =    1.00000   0.00000 for L=   39, J=   38.5 channel on core I =   0.0 from L=   39,  Acc. loss =  0.0 D.
 Elastic phase shift   1 =    0.000   0.000 deg. for the L =   39, J =   38.5 channel.
      38.5  0.99999999  0.00000022i: elastic S-matrix  @@      0.00  0   0 F  0
 Reaction Xsec    38.5-/39 @ 1 =   3.105#, Out:   0.000#   0.000#   0.000f


 Total SPIN, PARITY =    39.5 +,      4 chs,      0 cc.  Rmin & Coul turning =    3.1   12.6
   S-matrix    1 =    1.00000   0.00000 for L=   40, J=   39.5 channel on core I =   0.0 from L=   40,  Acc. loss =  0.0 D.
 Elastic phase shift   1 =    0.000   0.000 deg. for the L =   40, J =   39.5 channel.
0****** WARNING : ACCURACY LOSS IN ERWIN = 14.2 DIGITS, SO EXPECT ERRORS OF   0.0000 % OF UNITARITY

      39.5  0.99999999  0.00000016i: elastic S-matrix  @@      0.00  0   0 F  0
 Reaction Xsec    39.5+/40 @ 1 =   1.721#, Out:   0.000#   0.000#   0.000f


 Total SPIN, PARITY =    39.5 -,      4 chs,      0 cc.  Rmin & Coul turning =    3.1   12.6
   S-matrix    1 =    1.00000   0.00000 for L=   39, J=   39.5 channel on core I =   0.0 from L=   39,  Acc. loss =  0.0 D.
 Elastic phase shift   1 =    0.000   0.000 deg. for the L =   39, J =   39.5 channel.
      39.5  0.99999999  0.00000024i: elastic S-matrix  @@      0.00  0   0 F  0
 Reaction Xsec    39.5-/39 @ 1 =   3.185#, Out:   0.000#   0.000#   0.000f


 Total SPIN, PARITY =    40.5 +,      4 chs,      0 cc.  Rmin & Coul turning =    3.2   12.9
   S-matrix    1 =    1.00000   0.00000 for L=   40, J=   40.5 channel on core I =   0.0 from L=   40,  Acc. loss =  0.0 D.
 Elastic phase shift   1 =    0.000   0.000 deg. for the L =   40, J =   40.5 channel.
      40.5  0.99999999  0.00000017i: elastic S-matrix  @@      0.00  0   0 F  0
 Reaction Xsec    40.5+/40 @ 1 =   1.764#, Out:   0.000#   0.000#   0.000f


 Total SPIN, PARITY =    40.5 -,      4 chs,      0 cc.  Rmin & Coul turning =    3.2   12.9
   S-matrix    1 =    1.00000   0.00000 for L=   41, J=   40.5 channel on core I =   0.0 from L=   41,  Acc. loss =  0.0 D.
 Elastic phase shift   1 =    0.000   0.000 deg. for the L =   41, J =   40.5 channel.
      40.5  1.00000000  0.00000013i: elastic S-matrix  @@      0.02  0   0 F  0
 Reaction Xsec    40.5-/41 @ 1 =   0.953#, Out:   0.000#   0.000#   0.000f


 Total SPIN, PARITY =    41.5 +,      4 chs,      0 cc.  Rmin & Coul turning =    3.2   13.2
   S-matrix    1 =    1.00000   0.00000 for L=   42, J=   41.5 channel on core I =   0.0 from L=   42,  Acc. loss =  0.0 D.
 Elastic phase shift   1 =    0.000   0.000 deg. for the L =   42, J =   41.5 channel.
0****** WARNING : ACCURACY LOSS IN ERWIN = 14.4 DIGITS, SO EXPECT ERRORS OF   0.0000 % OF UNITARITY

      41.5  1.00000000  0.00000012i: elastic S-matrix  @@      0.00  0   0 F  0
 Reaction Xsec    41.5+/42 @ 1 =   0.528#, Out:   0.000#   0.000#   0.000f


 Total SPIN, PARITY =    41.5 -,      4 chs,      0 cc.  Rmin & Coul turning =    3.2   13.2
   S-matrix    1 =    1.00000   0.00000 for L=   41, J=   41.5 channel on core I =   0.0 from L=   41,  Acc. loss =  0.0 D.
 Elastic phase shift   1 =    0.000   0.000 deg. for the L =   41, J =   41.5 channel.
0****** WARNING : ACCURACY LOSS IN ERWIN = 14.1 DIGITS, SO EXPECT ERRORS OF   0.0000 % OF UNITARITY

      41.5  1.00000000  0.00000013i: elastic S-matrix  @@      0.00  0   0 F  0
 Reaction Xsec    41.5-/41 @ 1 =   0.977#, Out:   0.000#   0.000#   0.000f


 Total SPIN, PARITY =    42.5 +,      4 chs,      0 cc.  Rmin & Coul turning =    3.4   13.6
   S-matrix    1 =    1.00000   0.00000 for L=   42, J=   42.5 channel on core I =   0.0 from L=   42,  Acc. loss =  0.0 D.
 Elastic phase shift   1 =    0.000   0.000 deg. for the L =   42, J =   42.5 channel.
0****** WARNING : ACCURACY LOSS IN ERWIN = 14.2 DIGITS, SO EXPECT ERRORS OF   0.0000 % OF UNITARITY

      42.5  1.00000000  0.00000012i: elastic S-matrix  @@      0.00  0   0 F  0
 Reaction Xsec    42.5+/42 @ 1 =   0.540#, Out:   0.000#   0.000#   0.000f


 Total SPIN, PARITY =    42.5 -,      4 chs,      0 cc.  Rmin & Coul turning =    3.4   13.6
   S-matrix    1 =    1.00000   0.00000 for L=   43, J=   42.5 channel on core I =   0.0 from L=   43,  Acc. loss =  0.0 D.
 Elastic phase shift   1 =    0.000   0.000 deg. for the L =   43, J =   42.5 channel.
0****** WARNING : ACCURACY LOSS IN ERWIN = 14.6 DIGITS, SO EXPECT ERRORS OF   0.0000 % OF UNITARITY

      42.5  1.00000000  0.00000009i: elastic S-matrix  @@      0.00  0   0 F  0
 Reaction Xsec    42.5-/43 @ 1 =   0.292#, Out:   0.000#   0.000#   0.000f


 Total SPIN, PARITY =    43.5 +,      4 chs,      0 cc.  Rmin & Coul turning =    3.4   13.9
   S-matrix    1 =    1.00000   0.00000 for L=   44, J=   43.5 channel on core I =   0.0 from L=   44,  Acc. loss =  0.0 D.
 Elastic phase shift   1 =    0.000   0.000 deg. for the L =   44, J =   43.5 channel.
      43.5  1.00000000  0.00000009i: elastic S-matrix  @@      0.00  0   0 F  0
 Reaction Xsec    43.5+/44 @ 1 =   0.161#, Out:   0.000#   0.000#   0.000f


 Total SPIN, PARITY =    43.5 -,      4 chs,      0 cc.  Rmin & Coul turning =    3.4   13.9
   S-matrix    1 =    1.00000   0.00000 for L=   43, J=   43.5 channel on core I =   0.0 from L=   43,  Acc. loss =  0.0 D.
 Elastic phase shift   1 =    0.000   0.000 deg. for the L =   43, J =   43.5 channel.
0****** WARNING : ACCURACY LOSS IN ERWIN = 14.7 DIGITS, SO EXPECT ERRORS OF   0.0000 % OF UNITARITY

      43.5  1.00000000  0.00000009i: elastic S-matrix  @@      0.02  0   0 F  0
 Reaction Xsec    43.5-/43 @ 1 =   0.299#, Out:   0.000#   0.000#   0.000f


 Total SPIN, PARITY =    44.5 +,      4 chs,      0 cc.  Rmin & Coul turning =    3.5   14.2
   S-matrix    1 =    1.00000   0.00000 for L=   44, J=   44.5 channel on core I =   0.0 from L=   44,  Acc. loss =  0.0 D.
 Elastic phase shift   1 =    0.000   0.000 deg. for the L =   44, J =   44.5 channel.
      44.5  1.00000000  0.00000009i: elastic S-matrix  @@      0.00  0   0 F  0
 Reaction Xsec    44.5+/44 @ 1 =   0.165#, Out:   0.000#   0.000#   0.000f


 Total SPIN, PARITY =    44.5 -,      4 chs,      0 cc.  Rmin & Coul turning =    3.5   14.2
   S-matrix    1 =    1.00000   0.00000 for L=   45, J=   44.5 channel on core I =   0.0 from L=   45,  Acc. loss =  0.0 D.
 Elastic phase shift   1 =    0.000   0.000 deg. for the L =   45, J =   44.5 channel.
      44.5  1.00000000  0.00000009i: elastic S-matrix  @@      0.00  0   0 F  0
 Reaction Xsec    44.5-/45 @ 1 =   0.089#, Out:   0.000#   0.000#   0.000f


 Total SPIN, PARITY =    45.5 +,      4 chs,      0 cc.  Rmin & Coul turning =    3.6   14.5
   S-matrix    1 =    1.00000   0.00000 for L=   46, J=   45.5 channel on core I =   0.0 from L=   46,  Acc. loss =  0.0 D.
 Elastic phase shift   1 =    0.000   0.000 deg. for the L =   46, J =   45.5 channel.
0****** WARNING : ACCURACY LOSS IN ERWIN = 14.8 DIGITS, SO EXPECT ERRORS OF   0.0000 % OF UNITARITY

      45.5  1.00000000  0.00000006i: elastic S-matrix  @@      0.00  0   0 F  0
 Reaction Xsec    45.5+/46 @ 1 =   0.049#, Out:   0.000#   0.000#   0.000f


 Total SPIN, PARITY =    45.5 -,      4 chs,      0 cc.  Rmin & Coul turning =    3.6   14.5
   S-matrix    1 =    1.00000   0.00000 for L=   45, J=   45.5 channel on core I =   0.0 from L=   45,  Acc. loss =  0.0 D.
 Elastic phase shift   1 =    0.000   0.000 deg. for the L =   45, J =   45.5 channel.
0****** WARNING : ACCURACY LOSS IN ERWIN = 14.5 DIGITS, SO EXPECT ERRORS OF   0.0000 % OF UNITARITY

      45.5  1.00000000  0.00000009i: elastic S-matrix  @@      0.00  0   0 F  0
 Reaction Xsec    45.5-/45 @ 1 =   0.091#, Out:   0.000#   0.000#   0.000f


 Total SPIN, PARITY =    46.5 +,      4 chs,      0 cc.  Rmin & Coul turning =    3.7   14.8
   S-matrix    1 =    1.00000   0.00000 for L=   46, J=   46.5 channel on core I =   0.0 from L=   46,  Acc. loss =  0.0 D.
 Elastic phase shift   1 =    0.000   0.000 deg. for the L =   46, J =   46.5 channel.
0****** WARNING : ACCURACY LOSS IN ERWIN = 14.2 DIGITS, SO EXPECT ERRORS OF   0.0000 % OF UNITARITY

      46.5  1.00000000  0.00000006i: elastic S-matrix  @@      0.00  0   0 F  0
 Reaction Xsec    46.5+/46 @ 1 =   0.050#, Out:   0.000#   0.000#   0.000f


 Total SPIN, PARITY =    46.5 -,      4 chs,      0 cc.  Rmin & Coul turning =    3.7   14.8
   S-matrix    1 =    1.00000   0.00000 for L=   47, J=   46.5 channel on core I =   0.0 from L=   47,  Acc. loss =  0.0 D.
 Elastic phase shift   1 =    0.000   0.000 deg. for the L =   47, J =   46.5 channel.
      46.5  1.00000000  0.00000007i: elastic S-matrix  @@      0.00  0   0 F  0
 Reaction Xsec    46.5-/47 @ 1 =   0.027#, Out:   0.000#   0.000#   0.000f


 Total SPIN, PARITY =    47.5 +,      4 chs,      0 cc.  Rmin & Coul turning =    3.8   15.1
   S-matrix    1 =    1.00000   0.00000 for L=   48, J=   47.5 channel on core I =   0.0 from L=   48,  Acc. loss =  0.0 D.
 Elastic phase shift   1 =    0.000   0.000 deg. for the L =   48, J =   47.5 channel.
0****** WARNING : ACCURACY LOSS IN ERWIN = 14.8 DIGITS, SO EXPECT ERRORS OF   0.0000 % OF UNITARITY

      47.5  1.00000000  0.00000007i: elastic S-matrix  @@      0.02  0   0 F  0
 Reaction Xsec    47.5+/48 @ 1 =   0.015#, Out:   0.000#   0.000#   0.000f


 Total SPIN, PARITY =    47.5 -,      4 chs,      0 cc.  Rmin & Coul turning =    3.8   15.1
   S-matrix    1 =    1.00000   0.00000 for L=   47, J=   47.5 channel on core I =   0.0 from L=   47,  Acc. loss =  0.0 D.
 Elastic phase shift   1 =    0.000   0.000 deg. for the L =   47, J =   47.5 channel.
      47.5  1.00000000  0.00000007i: elastic S-matrix  @@      0.00  0   0 F  0
 Reaction Xsec    47.5-/47 @ 1 =   0.028#, Out:   0.000#   0.000#   0.000f


 Total SPIN, PARITY =    48.5 +,      4 chs,      0 cc.  Rmin & Coul turning =    3.8   15.5
   S-matrix    1 =    1.00000   0.00000 for L=   48, J=   48.5 channel on core I =   0.0 from L=   48,  Acc. loss =  0.0 D.
 Elastic phase shift   1 =    0.000   0.000 deg. for the L =   48, J =   48.5 channel.
0****** WARNING : ACCURACY LOSS IN ERWIN = 15.2 DIGITS, SO EXPECT ERRORS OF   0.0000 % OF UNITARITY

      48.5  1.00000000  0.00000007i: elastic S-matrix  @@      0.00  0   0 F  0
 Reaction Xsec    48.5+/48 @ 1 =   0.015#, Out:   0.000#   0.000#   0.000f


 Total SPIN, PARITY =    48.5 -,      4 chs,      0 cc.  Rmin & Coul turning =    3.8   15.5
   S-matrix    1 =    1.00000   0.00000 for L=   49, J=   48.5 channel on core I =   0.0 from L=   49,  Acc. loss =  0.0 D.
 Elastic phase shift   1 =    0.000   0.000 deg. for the L =   49, J =   48.5 channel.
0****** WARNING : ACCURACY LOSS IN ERWIN = 14.2 DIGITS, SO EXPECT ERRORS OF   0.0000 % OF UNITARITY

      48.5  1.00000000  0.00000004i: elastic S-matrix  @@      0.00  0   0 F  0
 Reaction Xsec    48.5-/49 @ 1 =   0.008#, Out:   0.000#   0.000#   0.000f


 Total SPIN, PARITY =    49.5 +,      4 chs,      0 cc.  Rmin & Coul turning =    3.9   15.8
   S-matrix    1 =    1.00000   0.00000 for L=   50, J=   49.5 channel on core I =   0.0 from L=   50,  Acc. loss =  0.0 D.
 Elastic phase shift   1 =    0.000   0.000 deg. for the L =   50, J =   49.5 channel.
      49.5  1.00000000  0.00000005i: elastic S-matrix  @@      0.00  0   0 F  0
 Reaction Xsec    49.5+/50 @ 1 =   0.005#, Out:   0.000#   0.000#   0.000f


 Total SPIN, PARITY =    49.5 -,      4 chs,      0 cc.  Rmin & Coul turning =    3.9   15.8
   S-matrix    1 =    1.00000   0.00000 for L=   49, J=   49.5 channel on core I =   0.0 from L=   49,  Acc. loss =  0.0 D.
 Elastic phase shift   1 =    0.000   0.000 deg. for the L =   49, J =   49.5 channel.
0****** WARNING : ACCURACY LOSS IN ERWIN = 14.2 DIGITS, SO EXPECT ERRORS OF   0.0000 % OF UNITARITY

      49.5  1.00000000  0.00000004i: elastic S-matrix  @@      0.02  0   0 F  0
 Reaction Xsec    49.5-/49 @ 1 =   0.008#, Out:   0.000#   0.000#   0.000f


 Total SPIN, PARITY =    50.5 +,      4 chs,      0 cc.  Rmin & Coul turning =    4.0   16.1
   S-matrix    1 =    1.00000   0.00000 for L=   50, J=   50.5 channel on core I =   0.0 from L=   50,  Acc. loss =  0.0 D.
 Elastic phase shift   1 =    0.000   0.000 deg. for the L =   50, J =   50.5 channel.
      50.5  1.00000000  0.00000005i: elastic S-matrix  @@      0.00  0   0 F  0
 Reaction Xsec    50.5+/50 @ 1 =   0.005#, Out:   0.000#   0.000#   0.000f


 Total SPIN, PARITY =    50.5 -,      4 chs,      0 cc.  Rmin & Coul turning =    4.0   16.1
   S-matrix    1 =    1.00000   0.00000 for L=   51, J=   50.5 channel on core I =   0.0 from L=   51,  Acc. loss =  0.0 D.
 Elastic phase shift   1 =    0.000   0.000 deg. for the L =   51, J =   50.5 channel.
0****** WARNING : ACCURACY LOSS IN ERWIN = 14.5 DIGITS, SO EXPECT ERRORS OF   0.0000 % OF UNITARITY

      50.5  1.00000000  0.00000006i: elastic S-matrix  @@      0.00  0   0 F  0
 Reaction Xsec    50.5-/51 @ 1 =   0.002#, Out:   0.000#   0.000#   0.000f


 Total SPIN, PARITY =    51.5 +,      4 chs,      0 cc.  Rmin & Coul turning =    4.0   16.4
   S-matrix    1 =    1.00000   0.00000 for L=   52, J=   51.5 channel on core I =   0.0 from L=   52,  Acc. loss =  0.0 D.
 Elastic phase shift   1 =    0.000   0.000 deg. for the L =   52, J =   51.5 channel.
0****** WARNING : ACCURACY LOSS IN ERWIN = 14.2 DIGITS, SO EXPECT ERRORS OF   0.0000 % OF UNITARITY

      51.5  1.00000000  0.00000003i: elastic S-matrix  @@      0.00  0   0 F  0
 Reaction Xsec    51.5+/52 @ 1 =   0.001#, Out:   0.000#   0.000#   0.000f


 Total SPIN, PARITY =    51.5 -,      4 chs,      0 cc.  Rmin & Coul turning =    4.0   16.4
   S-matrix    1 =    1.00000   0.00000 for L=   51, J=   51.5 channel on core I =   0.0 from L=   51,  Acc. loss =  0.0 D.
 Elastic phase shift   1 =    0.000   0.000 deg. for the L =   51, J =   51.5 channel.
0****** WARNING : ACCURACY LOSS IN ERWIN = 14.5 DIGITS, SO EXPECT ERRORS OF   0.0000 % OF UNITARITY

      51.5  1.00000000  0.00000006i: elastic S-matrix  @@      0.00  0   0 F  0
 Reaction Xsec    51.5-/51 @ 1 =   0.003#, Out:   0.000#   0.000#   0.000f


 Total SPIN, PARITY =    52.5 +,      4 chs,      0 cc.  Rmin & Coul turning =    4.2   16.7
   S-matrix    1 =    1.00000   0.00000 for L=   52, J=   52.5 channel on core I =   0.0 from L=   52,  Acc. loss =  0.0 D.
 Elastic phase shift   1 =    0.000   0.000 deg. for the L =   52, J =   52.5 channel.
0****** WARNING : ACCURACY LOSS IN ERWIN = 14.3 DIGITS, SO EXPECT ERRORS OF   0.0000 % OF UNITARITY

      52.5  1.00000000  0.00000003i: elastic S-matrix  @@      0.00  0   0 F  0
 Reaction Xsec    52.5+/52 @ 1 =   0.001#, Out:   0.000#   0.000#   0.000f


 Total SPIN, PARITY =    52.5 -,      4 chs,      0 cc.  Rmin & Coul turning =    4.2   16.7
   S-matrix    1 =    1.00000   0.00000 for L=   53, J=   52.5 channel on core I =   0.0 from L=   53,  Acc. loss =  0.0 D.
 Elastic phase shift   1 =    0.000   0.000 deg. for the L =   53, J =   52.5 channel.
      52.5  1.00000000  0.00000003i: elastic S-matrix  @@      0.00  0   0 F  0
 Reaction Xsec    52.5-/53 @ 1 =   0.001#, Out:   0.000#   0.000#   0.000f


 Total SPIN, PARITY =    53.5 +,      4 chs,      0 cc.  Rmin & Coul turning =    4.2   17.1
   S-matrix    1 =    1.00000   0.00000 for L=   54, J=   53.5 channel on core I =   0.0 from L=   54,  Acc. loss =  0.0 D.
 Elastic phase shift   1 =    0.000   0.000 deg. for the L =   54, J =   53.5 channel.
0****** WARNING : ACCURACY LOSS IN ERWIN = 14.7 DIGITS, SO EXPECT ERRORS OF   0.0000 % OF UNITARITY

      53.5  1.00000000  0.00000005i: elastic S-matrix  @@      0.02  0   0 F  0
 Reaction Xsec    53.5+/54 @ 1 =   0.000#, Out:   0.000#   0.000#   0.000f


 Total SPIN, PARITY =    53.5 -,      4 chs,      0 cc.  Rmin & Coul turning =    4.2   17.1
   S-matrix    1 =    1.00000   0.00000 for L=   53, J=   53.5 channel on core I =   0.0 from L=   53,  Acc. loss =  0.0 D.
 Elastic phase shift   1 =    0.000   0.000 deg. for the L =   53, J =   53.5 channel.
      53.5  1.00000000  0.00000003i: elastic S-matrix  @@      0.00  0   0 F  0
 Reaction Xsec    53.5-/53 @ 1 =   0.001#, Out:   0.000#   0.000#   0.000f


 Total SPIN, PARITY =    54.5 +,      4 chs,      0 cc.  Rmin & Coul turning =    4.3   17.4
   S-matrix    1 =    1.00000   0.00000 for L=   54, J=   54.5 channel on core I =   0.0 from L=   54,  Acc. loss =  0.0 D.
 Elastic phase shift   1 =    0.000   0.000 deg. for the L =   54, J =   54.5 channel.
0****** WARNING : ACCURACY LOSS IN ERWIN = 14.5 DIGITS, SO EXPECT ERRORS OF   0.0000 % OF UNITARITY

      54.5  1.00000000  0.00000005i: elastic S-matrix  @@      0.00  0   0 F  0
 Reaction Xsec    54.5+/54 @ 1 =   0.000#, Out:   0.000#   0.000#   0.000f


 Total SPIN, PARITY =    54.5 -,      4 chs,      0 cc.  Rmin & Coul turning =    4.3   17.4
   S-matrix    1 =    1.00000   0.00000 for L=   55, J=   54.5 channel on core I =   0.0 from L=   55,  Acc. loss =  0.0 D.
 Elastic phase shift   1 =    0.000   0.000 deg. for the L =   55, J =   54.5 channel.
0****** WARNING : ACCURACY LOSS IN ERWIN = 15.1 DIGITS, SO EXPECT ERRORS OF   0.0000 % OF UNITARITY

      54.5  1.00000000  0.00000003i: elastic S-matrix  @@      0.00  0   0 F  0
 Reaction Xsec    54.5-/55 @ 1 =   0.000#, Out:   0.000#   0.000#   0.000f


 Total SPIN, PARITY =    55.5 +,      4 chs,      0 cc.  Rmin & Coul turning =    4.4   17.7
   S-matrix    1 =    1.00000   0.00000 for L=   56, J=   55.5 channel on core I =   0.0 from L=   56,  Acc. loss =  0.0 D.
 Elastic phase shift   1 =    0.000   0.000 deg. for the L =   56, J =   55.5 channel.
      55.5  1.00000000  0.00000001i: elastic S-matrix  @@      0.00  0   0 F  0
 Reaction Xsec    55.5+/56 @ 1 =   0.000#, Out:   0.000#   0.000#  -0.000f


 Total SPIN, PARITY =    55.5 -,      4 chs,      0 cc.  Rmin & Coul turning =    4.4   17.7
   S-matrix    1 =    1.00000   0.00000 for L=   55, J=   55.5 channel on core I =   0.0 from L=   55,  Acc. loss =  0.0 D.
 Elastic phase shift   1 =    0.000   0.000 deg. for the L =   55, J =   55.5 channel.
0****** WARNING : ACCURACY LOSS IN ERWIN = 14.4 DIGITS, SO EXPECT ERRORS OF   0.0000 % OF UNITARITY

      55.5  1.00000000  0.00000003i: elastic S-matrix  @@      0.00  0   0 F  0
 Reaction Xsec    55.5-/55 @ 1 =   0.000#, Out:   0.000#   0.000#   0.000f


 Total SPIN, PARITY =    56.5 +,      4 chs,      0 cc.  Rmin & Coul turning =    4.5   18.0
   S-matrix    1 =    1.00000   0.00000 for L=   56, J=   56.5 channel on core I =   0.0 from L=   56,  Acc. loss =  0.0 D.
 Elastic phase shift   1 =    0.000   0.000 deg. for the L =   56, J =   56.5 channel.
      56.5  1.00000000  0.00000001i: elastic S-matrix  @@      0.02  0   0 F  0
 Reaction Xsec    56.5+/56 @ 1 =   0.000#, Out:   0.000#   0.000#   0.000f


 Total SPIN, PARITY =    56.5 -,      4 chs,      0 cc.  Rmin & Coul turning =    4.5   18.0
   S-matrix    1 =    1.00000   0.00000 for L=   57, J=   56.5 channel on core I =   0.0 from L=   57,  Acc. loss =  0.0 D.
 Elastic phase shift   1 =    0.000   0.000 deg. for the L =   57, J =   56.5 channel.
0****** WARNING : ACCURACY LOSS IN ERWIN = 14.3 DIGITS, SO EXPECT ERRORS OF   0.0000 % OF UNITARITY

      56.5  1.00000000  0.00000003i: elastic S-matrix  @@      0.00  0   0 F  0
 Reaction Xsec    56.5-/57 @ 1 =   0.000#, Out:   0.000#   0.001#  -0.000f


 Total SPIN, PARITY =    57.5 +,      4 chs,      0 cc.  Rmin & Coul turning =    4.5   18.3
   S-matrix    1 =    1.00000   0.00000 for L=   58, J=   57.5 channel on core I =   0.0 from L=   58,  Acc. loss =  0.0 D.
 Elastic phase shift   1 =    0.000   0.000 deg. for the L =   58, J =   57.5 channel.
      57.5  1.00000000  0.00000003i: elastic S-matrix  @@      0.00  0   0 F  0
 Reaction Xsec    57.5+/58 @ 1 =   0.000#, Out:   0.000#   0.000#  -0.000f


 Total SPIN, PARITY =    57.5 -,      4 chs,      0 cc.  Rmin & Coul turning =    4.5   18.3
   S-matrix    1 =    1.00000   0.00000 for L=   57, J=   57.5 channel on core I =   0.0 from L=   57,  Acc. loss =  0.0 D.
 Elastic phase shift   1 =    0.000   0.000 deg. for the L =   57, J =   57.5 channel.
0****** WARNING : ACCURACY LOSS IN ERWIN = 15.2 DIGITS, SO EXPECT ERRORS OF   0.0000 % OF UNITARITY

      57.5  1.00000000  0.00000003i: elastic S-matrix  @@      0.00  0   0 F  0
 Reaction Xsec    57.5-/57 @ 1 =   0.000#, Out:   0.000#   0.000#   0.000f


 Total SPIN, PARITY =    58.5 +,      4 chs,      0 cc.  Rmin & Coul turning =    4.6   18.7
   S-matrix    1 =    1.00000   0.00000 for L=   58, J=   58.5 channel on core I =   0.0 from L=   58,  Acc. loss =  0.0 D.
 Elastic phase shift   1 =    0.000   0.000 deg. for the L =   58, J =   58.5 channel.
0****** WARNING : ACCURACY LOSS IN ERWIN = 14.3 DIGITS, SO EXPECT ERRORS OF   0.0000 % OF UNITARITY

      58.5  1.00000000  0.00000003i: elastic S-matrix  @@      0.00  0   0 F  0
 Reaction Xsec    58.5+/58 @ 1 =   0.000#, Out:   0.000#   0.000#  -0.000f


 Total SPIN, PARITY =    58.5 -,      4 chs,      0 cc.  Rmin & Coul turning =    4.6   18.7
   S-matrix    1 =    1.00000  -0.00000 for L=   59, J=   58.5 channel on core I =   0.0 from L=   59,  Acc. loss =  0.0 D.
 Elastic phase shift   1 =   -0.000   0.000 deg. for the L =   59, J =   58.5 channel.
      58.5  1.00000000 -0.00000000i: elastic S-matrix  @@      0.00  0   0 F  0
 Reaction Xsec    58.5-/59 @ 1 =   0.000#, Out:   0.000#   0.000#  -0.000f


 Total SPIN, PARITY =    59.5 +,      4 chs,      0 cc.  Rmin & Coul turning =    4.7   19.0
   S-matrix    1 =    1.00000   0.00000 for L=   60, J=   59.5 channel on core I =   0.0 from L=   60,  Acc. loss =  0.0 D.
 Elastic phase shift   1 =    0.000   0.000 deg. for the L =   60, J =   59.5 channel.
0****** WARNING : ACCURACY LOSS IN ERWIN = 14.6 DIGITS, SO EXPECT ERRORS OF   0.0000 % OF UNITARITY

      59.5  1.00000000  0.00000001i: elastic S-matrix  @@      0.02  0   0 F  0
 Reaction Xsec    59.5+/60 @ 1 =   0.000#, Out:   0.000#   0.000#  -0.000f


 Total SPIN, PARITY =    59.5 -,      4 chs,      0 cc.  Rmin & Coul turning =    4.7   19.0
   S-matrix    1 =    1.00000  -0.00000 for L=   59, J=   59.5 channel on core I =   0.0 from L=   59,  Acc. loss =  0.0 D.
 Elastic phase shift   1 =   -0.000   0.000 deg. for the L =   59, J =   59.5 channel.
      59.5  1.00000000 -0.00000000i: elastic S-matrix  @@      0.00  0   0 F  0
 Reaction Xsec    59.5-/59 @ 1 =   0.000#, Out:   0.000#   0.000#   0.000f


 Total SPIN, PARITY =    60.5 +,      4 chs,      0 cc.  Rmin & Coul turning =    4.8   19.3
   S-matrix    1 =    1.00000   0.00000 for L=   60, J=   60.5 channel on core I =   0.0 from L=   60,  Acc. loss =  0.0 D.
 Elastic phase shift   1 =    0.000   0.000 deg. for the L =   60, J =   60.5 channel.
0****** WARNING : ACCURACY LOSS IN ERWIN = 14.6 DIGITS, SO EXPECT ERRORS OF   0.0000 % OF UNITARITY

      60.5  1.00000000  0.00000001i: elastic S-matrix  @@      0.00  0   0 F  0
 Reaction Xsec    60.5+/60 @ 1 =   0.000#, Out:   0.000#   0.000#  -0.000f


 Total SPIN, PARITY =    60.5 -,      4 chs,      0 cc.  Rmin & Coul turning =    4.8   19.3
   S-matrix    1 =    1.00000   0.00000 for L=   61, J=   60.5 channel on core I =   0.0 from L=   61,  Acc. loss =  0.0 D.
 Elastic phase shift   1 =    0.000   0.000 deg. for the L =   61, J =   60.5 channel.
0****** WARNING : ACCURACY LOSS IN ERWIN = 14.5 DIGITS, SO EXPECT ERRORS OF   0.0000 % OF UNITARITY

      60.5  1.00000000  0.00000003i: elastic S-matrix  @@      0.00  0   0 F  0
 Reaction Xsec    60.5-/61 @ 1 =   0.000#, Out:   0.000#   0.000#  -0.000f


 Total SPIN, PARITY =    61.5 +,      4 chs,      0 cc.  Rmin & Coul turning =    4.9   19.6
   S-matrix    1 =    1.00000   0.00000 for L=   62, J=   61.5 channel on core I =   0.0 from L=   62,  Acc. loss =  0.0 D.
 Elastic phase shift   1 =    0.000   0.000 deg. for the L =   62, J =   61.5 channel.
      61.5  1.00000000  0.00000000i: elastic S-matrix  @@      0.00  0   0 F  0
 Reaction Xsec    61.5+/62 @ 1 =   0.000#, Out:   0.000#   0.000#  -0.000f


 Total SPIN, PARITY =    61.5 -,      4 chs,      0 cc.  Rmin & Coul turning =    4.9   19.6
   S-matrix    1 =    1.00000   0.00000 for L=   61, J=   61.5 channel on core I =   0.0 from L=   61,  Acc. loss =  0.0 D.
 Elastic phase shift   1 =    0.000   0.000 deg. for the L =   61, J =   61.5 channel.
      61.5  1.00000000  0.00000003i: elastic S-matrix  @@      0.00  0   0 F  0
 Reaction Xsec    61.5-/61 @ 1 =   0.000#, Out:   0.000#   0.000#  -0.000f


 Total SPIN, PARITY =    62.5 +,      4 chs,      0 cc.  Rmin & Coul turning =    5.0   19.9
   S-matrix    1 =    1.00000   0.00000 for L=   62, J=   62.5 channel on core I =   0.0 from L=   62,  Acc. loss =  0.0 D.
 Elastic phase shift   1 =    0.000   0.000 deg. for the L =   62, J =   62.5 channel.
      62.5  1.00000000  0.00000000i: elastic S-matrix  @@      0.00  0   0 F  0
 Reaction Xsec    62.5+/62 @ 1 =   0.000#, Out:   0.000#   0.000#  -0.000f


 Total SPIN, PARITY =    62.5 -,      4 chs,      0 cc.  Rmin & Coul turning =    5.0   19.9
   S-matrix    1 =    1.00000  -0.00000 for L=   63, J=   62.5 channel on core I =   0.0 from L=   63,  Acc. loss =  0.0 D.
 Elastic phase shift   1 =   -0.000   0.000 deg. for the L =   63, J =   62.5 channel.
0****** WARNING : ACCURACY LOSS IN ERWIN = 14.1 DIGITS, SO EXPECT ERRORS OF   0.0000 % OF UNITARITY

      62.5  1.00000000 -0.00000002i: elastic S-matrix  @@      0.02  0   0 F  0
 Reaction Xsec    62.5-/63 @ 1 =   0.000#, Out:   0.000#   0.015#  -0.000f


 Total SPIN, PARITY =    63.5 +,      4 chs,      0 cc.  Rmin & Coul turning =    5.0   20.3
   S-matrix    1 =    1.00000   0.00000 for L=   64, J=   63.5 channel on core I =   0.0 from L=   64,  Acc. loss =  0.0 D.
 Elastic phase shift   1 =    0.000   0.000 deg. for the L =   64, J =   63.5 channel.
      63.5  1.00000000  0.00000000i: elastic S-matrix  @@      0.00  0   0 F  0
 Reaction Xsec    63.5+/64 @ 1 =   0.000#, Out:   0.000#   0.001#  -0.000f


 Total SPIN, PARITY =    63.5 -,      4 chs,      0 cc.  Rmin & Coul turning =    5.0   20.3
   S-matrix    1 =    1.00000  -0.00000 for L=   63, J=   63.5 channel on core I =   0.0 from L=   63,  Acc. loss =  0.0 D.
 Elastic phase shift   1 =   -0.000   0.000 deg. for the L =   63, J =   63.5 channel.
0****** WARNING : ACCURACY LOSS IN ERWIN = 14.3 DIGITS, SO EXPECT ERRORS OF   0.0000 % OF UNITARITY

      63.5  1.00000000 -0.00000002i: elastic S-matrix  @@      0.00  0   0 F  0
 Reaction Xsec    63.5-/63 @ 1 =   0.000#, Out:   0.000#   0.000#  -0.000f


 Total SPIN, PARITY =    64.5 +,      4 chs,      0 cc.  Rmin & Coul turning =    5.1   20.6
   S-matrix    1 =    1.00000   0.00000 for L=   64, J=   64.5 channel on core I =   0.0 from L=   64,  Acc. loss =  0.0 D.
 Elastic phase shift   1 =    0.000   0.000 deg. for the L =   64, J =   64.5 channel.
0****** WARNING : ACCURACY LOSS IN ERWIN = 14.4 DIGITS, SO EXPECT ERRORS OF   0.0000 % OF UNITARITY

      64.5  1.00000000  0.00000000i: elastic S-matrix  @@      0.00  0   0 F  0
 Reaction Xsec    64.5+/64 @ 1 =   0.000#, Out:   0.000#   0.000#  -0.000f


 Total SPIN, PARITY =    64.5 -,      4 chs,      0 cc.  Rmin & Coul turning =    5.1   20.6
   S-matrix    1 =    1.00000   0.00000 for L=   65, J=   64.5 channel on core I =   0.0 from L=   65,  Acc. loss =  0.0 D.
 Elastic phase shift   1 =    0.000   0.000 deg. for the L =   65, J =   64.5 channel.
0****** WARNING : ACCURACY LOSS IN ERWIN = 14.2 DIGITS, SO EXPECT ERRORS OF   0.0000 % OF UNITARITY

      64.5  1.00000000  0.00000001i: elastic S-matrix  @@      0.00  0   0 F  0
 Reaction Xsec    64.5-/65 @ 1 =   0.000#, Out:   0.000#   0.000#  -0.000f


 Total SPIN, PARITY =    65.5 +,      4 chs,      0 cc.  Rmin & Coul turning =    5.2   20.9
   S-matrix    1 =    1.00000  -0.00000 for L=   66, J=   65.5 channel on core I =   0.0 from L=   66,  Acc. loss =  0.0 D.
 Elastic phase shift   1 =   -0.000   0.000 deg. for the L =   66, J =   65.5 channel.
      65.5  1.00000000 -0.00000002i: elastic S-matrix  @@      0.00  0   0 F  0
 Reaction Xsec    65.5+/66 @ 1 =   0.000#, Out:   0.000#   0.006#  -0.000f


 Total SPIN, PARITY =    65.5 -,      4 chs,      0 cc.  Rmin & Coul turning =    5.2   20.9
   S-matrix    1 =    1.00000   0.00000 for L=   65, J=   65.5 channel on core I =   0.0 from L=   65,  Acc. loss =  0.0 D.
 Elastic phase shift   1 =    0.000   0.000 deg. for the L =   65, J =   65.5 channel.
0****** WARNING : ACCURACY LOSS IN ERWIN = 15.3 DIGITS, SO EXPECT ERRORS OF   0.0000 % OF UNITARITY

      65.5  1.00000000  0.00000001i: elastic S-matrix  @@      0.02  0   0 F  0
 Reaction Xsec    65.5-/65 @ 1 =   0.000#, Out:   0.000#   0.000#  -0.000f


 Total SPIN, PARITY =    66.5 +,      4 chs,      0 cc.  Rmin & Coul turning =    5.2   21.2
   S-matrix    1 =    1.00000  -0.00000 for L=   66, J=   66.5 channel on core I =   0.0 from L=   66,  Acc. loss =  0.0 D.
 Elastic phase shift   1 =   -0.000   0.000 deg. for the L =   66, J =   66.5 channel.
0****** WARNING : ACCURACY LOSS IN ERWIN = 14.3 DIGITS, SO EXPECT ERRORS OF   0.0000 % OF UNITARITY

      66.5  1.00000000 -0.00000002i: elastic S-matrix  @@      0.00  0   0 F  0
 Reaction Xsec    66.5+/66 @ 1 =   0.000#, Out:   0.000#   0.000#  -0.000f


 Total SPIN, PARITY =    66.5 -,      4 chs,      0 cc.  Rmin & Coul turning =    5.2   21.2
   S-matrix    1 =    1.00000  -0.00000 for L=   67, J=   66.5 channel on core I =   0.0 from L=   67,  Acc. loss =  0.0 D.
 Elastic phase shift   1 =   -0.000   0.000 deg. for the L =   67, J =   66.5 channel.
      66.5  1.00000000 -0.00000003i: elastic S-matrix  @@      0.00  0   0 F  0
 Reaction Xsec    66.5-/67 @ 1 =   0.000#, Out:   0.000#   0.001#  -0.000f


 Total SPIN, PARITY =    67.5 +,      4 chs,      0 cc.  Rmin & Coul turning =    5.4   21.5
   S-matrix    1 =    1.00000  -0.00000 for L=   68, J=   67.5 channel on core I =   0.0 from L=   68,  Acc. loss =  0.0 D.
 Elastic phase shift   1 =   -0.000   0.000 deg. for the L =   68, J =   67.5 channel.
0****** WARNING : ACCURACY LOSS IN ERWIN = 14.5 DIGITS, SO EXPECT ERRORS OF   0.0000 % OF UNITARITY

      67.5  1.00000000 -0.00000001i: elastic S-matrix  @@      0.00  0   0 F  0
 Reaction Xsec    67.5+/68 @ 1 =   0.000#, Out:   0.000#   0.000#  -0.000f


 Total SPIN, PARITY =    67.5 -,      4 chs,      0 cc.  Rmin & Coul turning =    5.4   21.5
   S-matrix    1 =    1.00000  -0.00000 for L=   67, J=   67.5 channel on core I =   0.0 from L=   67,  Acc. loss =  0.0 D.
 Elastic phase shift   1 =   -0.000   0.000 deg. for the L =   67, J =   67.5 channel.
0****** WARNING : ACCURACY LOSS IN ERWIN = 14.9 DIGITS, SO EXPECT ERRORS OF   0.0000 % OF UNITARITY

      67.5  1.00000000 -0.00000003i: elastic S-matrix  @@      0.00  0   0 F  0
 Reaction Xsec    67.5-/67 @ 1 =   0.000#, Out:   0.000#   0.000#  -0.000f


 Total SPIN, PARITY =    68.5 +,      4 chs,      0 cc.  Rmin & Coul turning =    5.4   21.8
   S-matrix    1 =    1.00000  -0.00000 for L=   68, J=   68.5 channel on core I =   0.0 from L=   68,  Acc. loss =  0.0 D.
 Elastic phase shift   1 =   -0.000   0.000 deg. for the L =   68, J =   68.5 channel.
0****** WARNING : ACCURACY LOSS IN ERWIN = 14.4 DIGITS, SO EXPECT ERRORS OF   0.0000 % OF UNITARITY

      68.5  1.00000000 -0.00000001i: elastic S-matrix  @@      0.00  0   0 F  0
 Reaction Xsec    68.5+/68 @ 1 =   0.000#, Out:   0.000#   0.001#  -0.000f


 Total SPIN, PARITY =    68.5 -,      4 chs,      0 cc.  Rmin & Coul turning =    5.4   21.8
   S-matrix    1 =    1.00000   0.00000 for L=   69, J=   68.5 channel on core I =   0.0 from L=   69,  Acc. loss =  0.0 D.
 Elastic phase shift   1 =    0.000   0.000 deg. for the L =   69, J =   68.5 channel.
      68.5  1.00000000  0.00000000i: elastic S-matrix  @@      0.02  0   0 F  0
 Reaction Xsec    68.5-/69 @ 1 =   0.000#, Out:   0.000#   0.006#  -0.000f


 Total SPIN, PARITY =    69.5 +,      4 chs,      0 cc.  Rmin & Coul turning =    5.5   22.2
   S-matrix    1 =    1.00000  -0.00000 for L=   70, J=   69.5 channel on core I =   0.0 from L=   70,  Acc. loss =  0.0 D.
 Elastic phase shift   1 =   -0.000   0.000 deg. for the L =   70, J =   69.5 channel.
      69.5  1.00000000 -0.00000002i: elastic S-matrix  @@      0.00  0   0 F  0
 Reaction Xsec    69.5+/70 @ 1 =   0.000#, Out:   0.000#   0.011#  -0.000f


 Total SPIN, PARITY =    69.5 -,      4 chs,      0 cc.  Rmin & Coul turning =    5.5   22.2
   S-matrix    1 =    1.00000   0.00000 for L=   69, J=   69.5 channel on core I =   0.0 from L=   69,  Acc. loss =  0.0 D.
 Elastic phase shift   1 =    0.000   0.000 deg. for the L =   69, J =   69.5 channel.
      69.5  1.00000000  0.00000000i: elastic S-matrix  @@      0.00  0   0 F  0
 Reaction Xsec    69.5-/69 @ 1 =   0.000#, Out:   0.000#   0.000#  -0.000f


 Total SPIN, PARITY =    70.5 +,      4 chs,      0 cc.  Rmin & Coul turning =    5.6   22.5
   S-matrix    1 =    1.00000  -0.00000 for L=   70, J=   70.5 channel on core I =   0.0 from L=   70,  Acc. loss =  0.0 D.
 Elastic phase shift   1 =   -0.000   0.000 deg. for the L =   70, J =   70.5 channel.
0****** WARNING : ACCURACY LOSS IN ERWIN = 14.4 DIGITS, SO EXPECT ERRORS OF   0.0000 % OF UNITARITY

      70.5  1.00000000 -0.00000002i: elastic S-matrix  @@      0.00  0   0 F  0
 Reaction Xsec    70.5+/70 @ 1 =   0.000#, Out:   0.000#   0.000#  -0.000f


 Total SPIN, PARITY =    70.5 -,      4 chs,      0 cc.  Rmin & Coul turning =    5.6   22.5
   S-matrix    1 =    1.00000  -0.00000 for L=   71, J=   70.5 channel on core I =   0.0 from L=   71,  Acc. loss =  0.0 D.
 Elastic phase shift   1 =   -0.000   0.000 deg. for the L =   71, J =   70.5 channel.
0****** WARNING : ACCURACY LOSS IN ERWIN = 14.9 DIGITS, SO EXPECT ERRORS OF   0.0000 % OF UNITARITY

      70.5  1.00000000 -0.00000005i: elastic S-matrix  @@      0.00  0   0 F  0
 Reaction Xsec    70.5-/71 @ 1 =   0.000#, Out:   0.000#   0.000#  -0.000f


 Total SPIN, PARITY =    71.5 +,      4 chs,      0 cc.  Rmin & Coul turning =    5.7   22.8
   S-matrix    1 =    1.00000  -0.00000 for L=   72, J=   71.5 channel on core I =   0.0 from L=   72,  Acc. loss =  0.0 D.
 Elastic phase shift   1 =   -0.000   0.000 deg. for the L =   72, J =   71.5 channel.
0****** WARNING : ACCURACY LOSS IN ERWIN = 14.6 DIGITS, SO EXPECT ERRORS OF   0.0000 % OF UNITARITY

      71.5  1.00000000 -0.00000004i: elastic S-matrix  @@      0.00  0   0 F  0
 Reaction Xsec    71.5+/72 @ 1 =   0.000#, Out:   0.000#   0.000#  -0.000f


 Total SPIN, PARITY =    71.5 -,      4 chs,      0 cc.  Rmin & Coul turning =    5.7   22.8
   S-matrix    1 =    1.00000  -0.00000 for L=   71, J=   71.5 channel on core I =   0.0 from L=   71,  Acc. loss =  0.0 D.
 Elastic phase shift   1 =   -0.000   0.000 deg. for the L =   71, J =   71.5 channel.
0****** WARNING : ACCURACY LOSS IN ERWIN = 14.5 DIGITS, SO EXPECT ERRORS OF   0.0000 % OF UNITARITY

      71.5  1.00000000 -0.00000005i: elastic S-matrix  @@      0.00  0   0 F  0
 Reaction Xsec    71.5-/71 @ 1 =   0.000#, Out:   0.000#   0.000#  -0.000f


 Total SPIN, PARITY =    72.5 +,      4 chs,      0 cc.  Rmin & Coul turning =    5.8   23.1
   S-matrix    1 =    1.00000  -0.00000 for L=   72, J=   72.5 channel on core I =   0.0 from L=   72,  Acc. loss =  0.0 D.
 Elastic phase shift   1 =   -0.000   0.000 deg. for the L =   72, J =   72.5 channel.
      72.5  1.00000000 -0.00000004i: elastic S-matrix  @@      0.02  0   0 F  0
 Reaction Xsec    72.5+/72 @ 1 =   0.000#, Out:   0.000#   0.000#  -0.000f


 Total SPIN, PARITY =    72.5 -,      4 chs,      0 cc.  Rmin & Coul turning =    5.8   23.1
   S-matrix    1 =    1.00000  -0.00000 for L=   73, J=   72.5 channel on core I =   0.0 from L=   73,  Acc. loss =  0.0 D.
 Elastic phase shift   1 =   -0.000   0.000 deg. for the L =   73, J =   72.5 channel.
      72.5  1.00000000 -0.00000001i: elastic S-matrix  @@      0.00  0   0 F  0
 Reaction Xsec    72.5-/73 @ 1 =   0.000#, Out:   0.000#   0.000#  -0.000f


 Total SPIN, PARITY =    73.5 +,      4 chs,      0 cc.  Rmin & Coul turning =    5.8   23.4
   S-matrix    1 =    1.00000  -0.00000 for L=   74, J=   73.5 channel on core I =   0.0 from L=   74,  Acc. loss =  0.0 D.
 Elastic phase shift   1 =   -0.000  -0.000 deg. for the L =   74, J =   73.5 channel.
0****** WARNING : ACCURACY LOSS IN ERWIN = 14.6 DIGITS, SO EXPECT ERRORS OF   0.0000 % OF UNITARITY

      73.5  1.00000000 -0.00000002i: elastic S-matrix  @@      0.00  0   0 F  0
 Reaction Xsec    73.5+/74 @ 1 =  -0.000#, Out:   0.000#   0.000#  -0.000f


 Total SPIN, PARITY =    73.5 -,      4 chs,      0 cc.  Rmin & Coul turning =    5.8   23.4
   S-matrix    1 =    1.00000  -0.00000 for L=   73, J=   73.5 channel on core I =   0.0 from L=   73,  Acc. loss =  0.0 D.
 Elastic phase shift   1 =   -0.000   0.000 deg. for the L =   73, J =   73.5 channel.
      73.5  1.00000000 -0.00000001i: elastic S-matrix  @@      0.00  0   0 F  0
 Reaction Xsec    73.5-/73 @ 1 =   0.000#, Out:   0.000#   0.000#  -0.000f


 Total SPIN, PARITY =    74.5 +,      4 chs,      0 cc.  Rmin & Coul turning =    5.9   23.8
   S-matrix    1 =    1.00000  -0.00000 for L=   74, J=   74.5 channel on core I =   0.0 from L=   74,  Acc. loss =  0.0 D.
 Elastic phase shift   1 =   -0.000   0.000 deg. for the L =   74, J =   74.5 channel.
0****** WARNING : ACCURACY LOSS IN ERWIN = 14.4 DIGITS, SO EXPECT ERRORS OF   0.0000 % OF UNITARITY

      74.5  1.00000000 -0.00000002i: elastic S-matrix  @@      0.00  0   0 F  0
 Reaction Xsec    74.5+/74 @ 1 =   0.000#, Out:   0.000#   0.000#  -0.000f


 Total SPIN, PARITY =    74.5 -,      4 chs,      0 cc.  Rmin & Coul turning =    5.9   23.8
   S-matrix    1 =    1.00000  -0.00000 for L=   75, J=   74.5 channel on core I =   0.0 from L=   75,  Acc. loss =  0.0 D.
 Elastic phase shift   1 =   -0.000   0.000 deg. for the L =   75, J =   74.5 channel.
      74.5  1.00000000 -0.00000005i: elastic S-matrix  @@      0.00  0   0 F  0
 Reaction Xsec    74.5-/75 @ 1 =   0.000#, Out:   0.000#   0.000#  -0.000f


 Total SPIN, PARITY =    75.5 +,      4 chs,      0 cc.  Rmin & Coul turning =    6.0   24.1
   S-matrix    1 =    1.00000  -0.00000 for L=   76, J=   75.5 channel on core I =   0.0 from L=   76,  Acc. loss =  0.0 D.
 Elastic phase shift   1 =   -0.000   0.000 deg. for the L =   76, J =   75.5 channel.
0****** WARNING : ACCURACY LOSS IN ERWIN = 14.2 DIGITS, SO EXPECT ERRORS OF   0.0000 % OF UNITARITY

      75.5  1.00000000 -0.00000006i: elastic S-matrix  @@      0.02  0   0 F  0
 Reaction Xsec    75.5+/76 @ 1 =   0.000#, Out:   0.000#   0.001#  -0.000f


 Total SPIN, PARITY =    75.5 -,      4 chs,      0 cc.  Rmin & Coul turning =    6.0   24.1
   S-matrix    1 =    1.00000  -0.00000 for L=   75, J=   75.5 channel on core I =   0.0 from L=   75,  Acc. loss =  0.0 D.
 Elastic phase shift   1 =   -0.000   0.000 deg. for the L =   75, J =   75.5 channel.
0****** WARNING : ACCURACY LOSS IN ERWIN = 15.0 DIGITS, SO EXPECT ERRORS OF   0.0000 % OF UNITARITY

      75.5  1.00000000 -0.00000005i: elastic S-matrix  @@      0.00  0   0 F  0
 Reaction Xsec    75.5-/75 @ 1 =   0.000#, Out:   0.000#   0.000#  -0.000f


 Total SPIN, PARITY =    76.5 +,      4 chs,      0 cc.  Rmin & Coul turning =    6.1   24.4
   S-matrix    1 =    1.00000  -0.00000 for L=   76, J=   76.5 channel on core I =   0.0 from L=   76,  Acc. loss =  0.0 D.
 Elastic phase shift   1 =   -0.000   0.000 deg. for the L =   76, J =   76.5 channel.
0****** WARNING : ACCURACY LOSS IN ERWIN = 14.9 DIGITS, SO EXPECT ERRORS OF   0.0000 % OF UNITARITY

      76.5  1.00000000 -0.00000006i: elastic S-matrix  @@      0.00  0   0 F  0
 Reaction Xsec    76.5+/76 @ 1 =   0.000#, Out:   0.000#   0.000#  -0.000f


 Total SPIN, PARITY =    76.5 -,      4 chs,      0 cc.  Rmin & Coul turning =    6.1   24.4
   S-matrix    1 =    1.00000  -0.00000 for L=   77, J=   76.5 channel on core I =   0.0 from L=   77,  Acc. loss =  0.0 D.
 Elastic phase shift   1 =   -0.000   0.000 deg. for the L =   77, J =   76.5 channel.
      76.5  1.00000000 -0.00000004i: elastic S-matrix  @@      0.00  0   0 F  0
 Reaction Xsec    76.5-/77 @ 1 =   0.000#, Out:   0.000#   0.000#  -0.000f


 Total SPIN, PARITY =    77.5 +,      4 chs,      0 cc.  Rmin & Coul turning =    6.2   24.7
   S-matrix    1 =    1.00000  -0.00000 for L=   78, J=   77.5 channel on core I =   0.0 from L=   78,  Acc. loss =  0.0 D.
 Elastic phase shift   1 =   -0.000   0.000 deg. for the L =   78, J =   77.5 channel.
0****** WARNING : ACCURACY LOSS IN ERWIN = 14.4 DIGITS, SO EXPECT ERRORS OF   0.0000 % OF UNITARITY

      77.5  1.00000000 -0.00000002i: elastic S-matrix  @@      0.00  0   0 F  0
 Reaction Xsec    77.5+/78 @ 1 =   0.000#, Out:   0.000#   0.000#  -0.000f


 Total SPIN, PARITY =    77.5 -,      4 chs,      0 cc.  Rmin & Coul turning =    6.2   24.7
   S-matrix    1 =    1.00000  -0.00000 for L=   77, J=   77.5 channel on core I =   0.0 from L=   77,  Acc. loss =  0.0 D.
 Elastic phase shift   1 =   -0.000   0.000 deg. for the L =   77, J =   77.5 channel.
      77.5  1.00000000 -0.00000004i: elastic S-matrix  @@      0.02  0   0 F  0
 Reaction Xsec    77.5-/77 @ 1 =   0.000#, Out:   0.000#   0.000#  -0.000f


 Total SPIN, PARITY =    78.5 +,      4 chs,      0 cc.  Rmin & Coul turning =    6.2   25.0
   S-matrix    1 =    1.00000  -0.00000 for L=   78, J=   78.5 channel on core I =   0.0 from L=   78,  Acc. loss =  0.0 D.
 Elastic phase shift   1 =   -0.000   0.000 deg. for the L =   78, J =   78.5 channel.
0****** WARNING : ACCURACY LOSS IN ERWIN = 14.2 DIGITS, SO EXPECT ERRORS OF   0.0000 % OF UNITARITY

      78.5  1.00000000 -0.00000002i: elastic S-matrix  @@      0.00  0   0 F  0
 Reaction Xsec    78.5+/78 @ 1 =   0.000#, Out:   0.000#   0.000#  -0.000f


 Total SPIN, PARITY =    78.5 -,      4 chs,      0 cc.  Rmin & Coul turning =    6.2   25.0
   S-matrix    1 =    1.00000  -0.00000 for L=   79, J=   78.5 channel on core I =   0.0 from L=   79,  Acc. loss =  0.0 D.
 Elastic phase shift   1 =   -0.000  -0.000 deg. for the L =   79, J =   78.5 channel.
0****** WARNING : ACCURACY LOSS IN ERWIN = 15.1 DIGITS, SO EXPECT ERRORS OF   0.0000 % OF UNITARITY

      78.5  1.00000000 -0.00000002i: elastic S-matrix  @@      0.00  0   0 F  0
 Reaction Xsec    78.5-/79 @ 1 =  -0.000#, Out:   0.000#   0.000#  -0.000f


 Total SPIN, PARITY =    79.5 +,      4 chs,      0 cc.  Rmin & Coul turning =    6.3   25.4
   S-matrix    1 =    1.00000  -0.00000 for L=   80, J=   79.5 channel on core I =   0.0 from L=   80,  Acc. loss =  0.0 D.
 Elastic phase shift   1 =   -0.000   0.000 deg. for the L =   80, J =   79.5 channel.
0****** WARNING : ACCURACY LOSS IN ERWIN = 14.5 DIGITS, SO EXPECT ERRORS OF   0.0000 % OF UNITARITY

      79.5  1.00000000 -0.00000005i: elastic S-matrix  @@      0.02  0   0 F  0
 Reaction Xsec    79.5+/80 @ 1 =   0.000#, Out:   0.000#   0.000#  -0.000f


 Total SPIN, PARITY =    79.5 -,      4 chs,      0 cc.  Rmin & Coul turning =    6.3   25.4
   S-matrix    1 =    1.00000  -0.00000 for L=   79, J=   79.5 channel on core I =   0.0 from L=   79,  Acc. loss =  0.0 D.
 Elastic phase shift   1 =   -0.000  -0.000 deg. for the L =   79, J =   79.5 channel.
0****** WARNING : ACCURACY LOSS IN ERWIN = 14.8 DIGITS, SO EXPECT ERRORS OF   0.0000 % OF UNITARITY

      79.5  1.00000000 -0.00000002i: elastic S-matrix  @@      0.00  0   0 F  0
 Reaction Xsec    79.5-/79 @ 1 =  -0.000#, Out:   0.000#   0.000#  -0.000f


 Total SPIN, PARITY =    80.5 +,      4 chs,      0 cc.  Rmin & Coul turning =    6.4   25.7
   S-matrix    1 =    1.00000  -0.00000 for L=   80, J=   80.5 channel on core I =   0.0 from L=   80,  Acc. loss =  0.0 D.
 Elastic phase shift   1 =   -0.000   0.000 deg. for the L =   80, J =   80.5 channel.
0****** WARNING : ACCURACY LOSS IN ERWIN = 14.3 DIGITS, SO EXPECT ERRORS OF   0.0000 % OF UNITARITY

      80.5  1.00000000 -0.00000005i: elastic S-matrix  @@      0.00  0   0 F  0
 Reaction Xsec    80.5+/80 @ 1 =   0.000#, Out:   0.000#   0.000#  -0.000f


 Total SPIN, PARITY =    80.5 -,      4 chs,      0 cc.  Rmin & Coul turning =    6.4   25.7
   S-matrix    1 =    1.00000  -0.00000 for L=   81, J=   80.5 channel on core I =   0.0 from L=   81,  Acc. loss =  0.0 D.
 Elastic phase shift   1 =   -0.000  -0.000 deg. for the L =   81, J =   80.5 channel.
      80.5  1.00000000 -0.00000006i: elastic S-matrix  @@      0.00  0   0 F  0
 Reaction Xsec    80.5-/81 @ 1 =  -0.000#, Out:   0.000#   0.000#  -0.000f

 Finished all CC sets @   0.500000000    
0CUMULATIVE REACTION cross section                 =  194.45498  <L> =     9.21  <L**2> =     98.1
0CUMULATIVE outgoing cross sections in partition 1 :    0.00000
0CUMULATIVE outgoing cross sections in partition 2 :    0.00512
0Cumulative ABSORBTION by Imaginary Potentials     =  194.44986  <L> =     9.21  <L**2> =     98.1
   Fusion for specific p        M-states :  194.449859  194.449859
0CUMULATIVE OUTGOING cross section                 =    0.00512
 To convert to S-factors (MeV.mb = keV.b),  multiply by  2.7248E+02


 CROSS SECTIONS FOR OUTGOING p        & 4He      in state #   1 with spins & parities 0.5  + &  0.0  +;  0

     0.01 deg.: X-S =   1.3530E+12 mb/sr,
+                                         /R =   9.9990E-01
     1.00 deg.: X-S =  6257.563373 mb/sr,
+                                         /R =   4.6244E-01
     2.00 deg.: X-S =  2115.577028 mb/sr,
+                                         /R =   2.5011E+00
     3.00 deg.: X-S =  2810.747592 mb/sr,
+                                         /R =   1.6818E+01
     4.00 deg.: X-S =  2974.827083 mb/sr,
+                                         /R =   5.6236E+01
     5.00 deg.: X-S =  2876.988068 mb/sr,
+                                         /R =   1.3272E+02
     6.00 deg.: X-S =  2650.598502 mb/sr,
+                                         /R =   2.5341E+02
     7.00 deg.: X-S =  2360.082627 mb/sr,
+                                         /R =   4.1774E+02
     8.00 deg.: X-S =  2042.801951 mb/sr,
+                                         /R =   6.1637E+02
     9.00 deg.: X-S =  1723.336495 mb/sr,
+                                         /R =   8.3219E+02
    10.00 deg.: X-S =  1418.604194 mb/sr,
+                                         /R =   1.0431E+03
    11.00 deg.: X-S =  1139.945607 mb/sr,
+                                         /R =   1.2259E+03
    12.00 deg.: X-S =   894.215656 mb/sr,
+                                         /R =   1.3604E+03
    13.00 deg.: X-S =   684.588836 mb/sr,
+                                         /R =   1.4327E+03
    14.00 deg.: X-S =   511.306266 mb/sr,
+                                         /R =   1.4373E+03
    15.00 deg.: X-S =   372.411867 mb/sr,
+                                         /R =   1.3775E+03
    16.00 deg.: X-S =   264.458550 mb/sr,
+                                         /R =   1.2643E+03
    17.00 deg.: X-S =   183.146993 mb/sr,
+                                         /R =   1.1140E+03
    18.00 deg.: X-S =   123.863252 mb/sr,
+                                         /R =   9.4526E+02
    19.00 deg.: X-S =    82.095002 mb/sr,
+                                         /R =   7.7631E+02
    20.00 deg.: X-S =    53.721996 mb/sr,
+                                         /R =   6.2246E+02
    21.00 deg.: X-S =    35.189515 mb/sr,
+                                         /R =   4.9457E+02
    22.00 deg.: X-S =    23.582634 mb/sr,
+                                         /R =   3.9835E+02
    23.00 deg.: X-S =    16.623985 mb/sr,
+                                         /R =   3.3468E+02
    24.00 deg.: X-S =    12.618902 mb/sr,
+                                         /R =   3.0048E+02
    25.00 deg.: X-S =    10.369909 mb/sr,
+                                         /R =   2.9000E+02
    26.00 deg.: X-S =     9.078688 mb/sr,
+                                         /R =   2.9625E+02
    27.00 deg.: X-S =     8.249064 mb/sr,
+                                         /R =   3.1219E+02
    28.00 deg.: X-S =     7.599969 mb/sr,
+                                         /R =   3.3174E+02
    29.00 deg.: X-S =     6.993218 mb/sr,
+                                         /R =   3.5023E+02
    30.00 deg.: X-S =     6.377678 mb/sr,
+                                         /R =   3.6469E+02
    31.00 deg.: X-S =     5.749090 mb/sr,
+                                         /R =   3.7366E+02
    32.00 deg.: X-S =     5.123417 mb/sr,
+                                         /R =   3.7687E+02
    33.00 deg.: X-S =     4.520926 mb/sr,
+                                         /R =   3.7486E+02
    34.00 deg.: X-S =     3.958104 mb/sr,
+                                         /R =   3.6856E+02
    35.00 deg.: X-S =     3.444764 mb/sr,
+                                         /R =   3.5893E+02
    36.00 deg.: X-S =     2.984229 mb/sr,
+                                         /R =   3.4677E+02
    37.00 deg.: X-S =     2.574967 mb/sr,
+                                         /R =   3.3263E+02
    38.00 deg.: X-S =     2.212625 mb/sr,
+                                         /R =   3.1678E+02
    39.00 deg.: X-S =     1.891820 mb/sr,
+                                         /R =   2.9932E+02
    40.00 deg.: X-S =     1.607409 mb/sr,
+                                         /R =   2.8029E+02
    41.00 deg.: X-S =     1.355192 mb/sr,
+                                         /R =   2.5977E+02
    42.00 deg.: X-S =     1.132108 mb/sr,
+                                         /R =   2.3795E+02
    43.00 deg.: X-S =     0.936095 mb/sr,
+                                         /R =   2.1523E+02
    44.00 deg.: X-S =     0.765763 mb/sr,
+                                         /R =   1.9217E+02
    45.00 deg.: X-S =     0.620011 mb/sr,
+                                         /R =   1.6945E+02
    46.00 deg.: X-S =     0.497698 mb/sr,
+                                         /R =   1.4783E+02
    47.00 deg.: X-S =     0.397400 mb/sr,
+                                         /R =   1.2803E+02
    48.00 deg.: X-S =     0.317297 mb/sr,
+                                         /R =   1.1066E+02
    49.00 deg.: X-S =     0.255174 mb/sr,
+                                         /R =   9.6166E+01
    50.00 deg.: X-S =     0.208500 mb/sr,
+                                         /R =   8.4757E+01
    51.00 deg.: X-S =     0.174569 mb/sr,
+                                         /R =   7.6416E+01
    52.00 deg.: X-S =     0.150662 mb/sr,
+                                         /R =   7.0901E+01
    53.00 deg.: X-S =     0.134200 mb/sr,
+                                         /R =   6.7786E+01
    54.00 deg.: X-S =     0.122875 mb/sr,
+                                         /R =   6.6517E+01
    55.00 deg.: X-S =     0.114739 mb/sr,
+                                         /R =   6.6468E+01
    56.00 deg.: X-S =     0.108254 mb/sr,
+                                         /R =   6.7013E+01
    57.00 deg.: X-S =     0.102299 mb/sr,
+                                         /R =   6.7577E+01
    58.00 deg.: X-S =     0.096144 mb/sr,
+                                         /R =   6.7684E+01
    59.00 deg.: X-S =     0.089400 mb/sr,
+                                         /R =   6.6984E+01
    60.00 deg.: X-S =     0.081952 mb/sr,
+                                         /R =   6.5271E+01
    61.00 deg.: X-S =     0.073886 mb/sr,
+                                         /R =   6.2477E+01
    62.00 deg.: X-S =     0.065420 mb/sr,
+                                         /R =   5.8661E+01
    63.00 deg.: X-S =     0.056839 mb/sr,
+                                         /R =   5.3984E+01
    64.00 deg.: X-S =     0.048440 mb/sr,
+                                         /R =   4.8677E+01
    65.00 deg.: X-S =     0.040499 mb/sr,
+                                         /R =   4.3012E+01
    66.00 deg.: X-S =     0.033240 mb/sr,
+                                         /R =   3.7271E+01
    67.00 deg.: X-S =     0.026818 mb/sr,
+                                         /R =   3.1715E+01
    68.00 deg.: X-S =     0.021324 mb/sr,
+                                         /R =   2.6570E+01
    69.00 deg.: X-S =     0.016780 mb/sr,
+                                         /R =   2.2008E+01
    70.00 deg.: X-S =     0.013153 mb/sr,
+                                         /R =   1.8141E+01
    71.00 deg.: X-S =     0.010365 mb/sr,
+                                         /R =   1.5019E+01
    72.00 deg.: X-S =     0.008309 mb/sr,
+                                         /R =   1.2639E+01
    73.00 deg.: X-S =     0.006862 mb/sr,
+                                         /R =   1.0947E+01
    74.00 deg.: X-S =     0.005896 mb/sr,
+                                         /R =   9.8556E+00
    75.00 deg.: X-S =     0.005286 mb/sr,
+                                         /R =   9.2514E+00
    76.00 deg.: X-S =     0.004922 mb/sr,
+                                         /R =   9.0108E+00
    77.00 deg.: X-S =     0.004708 mb/sr,
+                                         /R =   9.0098E+00
    78.00 deg.: X-S =     0.004569 mb/sr,
+                                         /R =   9.1333E+00
    79.00 deg.: X-S =     0.004450 mb/sr,
+                                         /R =   9.2819E+00
    80.00 deg.: X-S =     0.004311 mb/sr,
+                                         /R =   9.3773E+00
    81.00 deg.: X-S =     0.004131 mb/sr,
+                                         /R =   9.3643E+00
    82.00 deg.: X-S =     0.003901 mb/sr,
+                                         /R =   9.2102E+00
    83.00 deg.: X-S =     0.003624 mb/sr,
+                                         /R =   8.9024E+00
    84.00 deg.: X-S =     0.003306 mb/sr,
+                                         /R =   8.4462E+00
    85.00 deg.: X-S =     0.002961 mb/sr,
+                                         /R =   7.8615E+00
    86.00 deg.: X-S =     0.002604 mb/sr,
+                                         /R =   7.1776E+00
    87.00 deg.: X-S =     0.002247 mb/sr,
+                                         /R =   6.4289E+00
    88.00 deg.: X-S =     0.001904 mb/sr,
+                                         /R =   5.6512E+00
    89.00 deg.: X-S =     0.001586 mb/sr,
+                                         /R =   4.8785E+00
    90.00 deg.: X-S =     0.001300 mb/sr,
+                                         /R =   4.1413E+00
    91.00 deg.: X-S =     0.001050 mb/sr,
+                                         /R =   3.4641E+00
    92.00 deg.: X-S =     0.000839 mb/sr,
+                                         /R =   2.8644E+00
    93.00 deg.: X-S =     0.000667 mb/sr,
+                                         /R =   2.3528E+00
    94.00 deg.: X-S =     0.000530 mb/sr,
+                                         /R =   1.9333E+00
    95.00 deg.: X-S =     0.000426 mb/sr,
+                                         /R =   1.6043E+00
    96.00 deg.: X-S =     0.000350 mb/sr,
+                                         /R =   1.3591E+00
    97.00 deg.: X-S =     0.000296 mb/sr,
+                                         /R =   1.1878E+00
    98.00 deg.: X-S =     0.000261 mb/sr,
+                                         /R =   1.0780E+00
    99.00 deg.: X-S =     0.000239 mb/sr,
+                                         /R =   1.0163E+00
   100.00 deg.: X-S =     0.000226 mb/sr,
+                                         /R =   9.8961E-01
   101.00 deg.: X-S =     0.000218 mb/sr,
+                                         /R =   9.8539E-01
   102.00 deg.: X-S =     0.000214 mb/sr,
+                                         /R =   9.9267E-01
   103.00 deg.: X-S =     0.000210 mb/sr,
+                                         /R =   1.0022E+00
   104.00 deg.: X-S =     0.000205 mb/sr,
+                                         /R =   1.0069E+00
   105.00 deg.: X-S =     0.000198 mb/sr,
+                                         /R =   1.0021E+00
   106.00 deg.: X-S =     0.000190 mb/sr,
+                                         /R =   9.8497E-01
   107.00 deg.: X-S =     0.000179 mb/sr,
+                                         /R =   9.5456E-01
   108.00 deg.: X-S =     0.000167 mb/sr,
+                                         /R =   9.1106E-01
   109.00 deg.: X-S =     0.000153 mb/sr,
+                                         /R =   8.5592E-01
   110.00 deg.: X-S =     0.000138 mb/sr,
+                                         /R =   7.9151E-01
   111.00 deg.: X-S =     0.000123 mb/sr,
+                                         /R =   7.2062E-01
   112.00 deg.: X-S =     0.000107 mb/sr,
+                                         /R =   6.4615E-01
   113.00 deg.: X-S =   9.2652E-05 mb/sr,
+                                         /R =   5.7090E-01
   114.00 deg.: X-S =   7.8901E-05 mb/sr,
+                                         /R =   4.9742E-01
   115.00 deg.: X-S =   6.6360E-05 mb/sr,
+                                         /R =   4.2786E-01
   116.00 deg.: X-S =   5.5206E-05 mb/sr,
+                                         /R =   3.6387E-01
   117.00 deg.: X-S =   4.5524E-05 mb/sr,
+                                         /R =   3.0661E-01
   118.00 deg.: X-S =   3.7326E-05 mb/sr,
+                                         /R =   2.5678E-01
   119.00 deg.: X-S =   3.0555E-05 mb/sr,
+                                         /R =   2.1461E-01
   120.00 deg.: X-S =   2.5100E-05 mb/sr,
+                                         /R =   1.7992E-01
   121.00 deg.: X-S =   2.0817E-05 mb/sr,
+                                         /R =   1.5223E-01
   122.00 deg.: X-S =   1.7545E-05 mb/sr,
+                                         /R =   1.3083E-01
   123.00 deg.: X-S =   1.5114E-05 mb/sr,
+                                         /R =   1.1488E-01
   124.00 deg.: X-S =   1.3354E-05 mb/sr,
+                                         /R =   1.0343E-01
   125.00 deg.: X-S =   1.2110E-05 mb/sr,
+                                         /R =   9.5530E-02
   126.00 deg.: X-S =   1.1241E-05 mb/sr,
+                                         /R =   9.0285E-02
   127.00 deg.: X-S =   1.0625E-05 mb/sr,
+                                         /R =   8.6847E-02
   128.00 deg.: X-S =   1.0158E-05 mb/sr,
+                                         /R =   8.4473E-02
   129.00 deg.: X-S =   9.7631E-06 mb/sr,
+                                         /R =   8.2570E-02
   130.00 deg.: X-S =   9.3857E-06 mb/sr,
+                                         /R =   8.0696E-02
   131.00 deg.: X-S =   8.9875E-06 mb/sr,
+                                         /R =   7.8525E-02
   132.00 deg.: X-S =   8.5440E-06 mb/sr,
+                                         /R =   7.5833E-02
   133.00 deg.: X-S =   8.0445E-06 mb/sr,
+                                         /R =   7.2505E-02
   134.00 deg.: X-S =   7.4903E-06 mb/sr,
+                                         /R =   6.8531E-02
   135.00 deg.: X-S =   6.8903E-06 mb/sr,
+                                         /R =   6.3970E-02
   136.00 deg.: X-S =   6.2564E-06 mb/sr,
+                                         /R =   5.8920E-02
   137.00 deg.: X-S =   5.6034E-06 mb/sr,
+                                         /R =   5.3511E-02
   138.00 deg.: X-S =   4.9489E-06 mb/sr,
+                                         /R =   4.7907E-02
   139.00 deg.: X-S =   4.3109E-06 mb/sr,
+                                         /R =   4.2286E-02
   140.00 deg.: X-S =   3.7045E-06 mb/sr,
+                                         /R =   3.6809E-02
   141.00 deg.: X-S =   3.1416E-06 mb/sr,
+                                         /R =   3.1609E-02
   142.00 deg.: X-S =   2.6320E-06 mb/sr,
+                                         /R =   2.6807E-02
   143.00 deg.: X-S =   2.1839E-06 mb/sr,
+                                         /R =   2.2508E-02
   144.00 deg.: X-S =   1.8025E-06 mb/sr,
+                                         /R =   1.8792E-02
   145.00 deg.: X-S =   1.4891E-06 mb/sr,
+                                         /R =   1.5699E-02
   146.00 deg.: X-S =   1.2427E-06 mb/sr,
+                                         /R =   1.3244E-02
   147.00 deg.: X-S =   1.0611E-06 mb/sr,
+                                         /R =   1.1428E-02
   148.00 deg.: X-S =   9.4108E-07 mb/sr,
+                                         /R =   1.0239E-02
   149.00 deg.: X-S =   8.7719E-07 mb/sr,
+                                         /R =   9.6386E-03
   150.00 deg.: X-S =   8.6247E-07 mb/sr,
+                                         /R =   9.5675E-03
   151.00 deg.: X-S =   8.8997E-07 mb/sr,
+                                         /R =   9.9637E-03
   152.00 deg.: X-S =   9.5323E-07 mb/sr,
+                                         /R =   1.0767E-02
   153.00 deg.: X-S =   1.0454E-06 mb/sr,
+                                         /R =   1.1910E-02
   154.00 deg.: X-S =   1.1593E-06 mb/sr,
+                                         /R =   1.3316E-02
   155.00 deg.: X-S =   1.2881E-06 mb/sr,
+                                         /R =   1.4913E-02
   156.00 deg.: X-S =   1.4263E-06 mb/sr,
+                                         /R =   1.6638E-02
   157.00 deg.: X-S =   1.5688E-06 mb/sr,
+                                         /R =   1.8434E-02
   158.00 deg.: X-S =   1.7108E-06 mb/sr,
+                                         /R =   2.0243E-02
   159.00 deg.: X-S =   1.8481E-06 mb/sr,
+                                         /R =   2.2012E-02
   160.00 deg.: X-S =   1.9775E-06 mb/sr,
+                                         /R =   2.3703E-02
   161.00 deg.: X-S =   2.0966E-06 mb/sr,
+                                         /R =   2.5282E-02
   162.00 deg.: X-S =   2.2034E-06 mb/sr,
+                                         /R =   2.6720E-02
   163.00 deg.: X-S =   2.2963E-06 mb/sr,
+                                         /R =   2.7998E-02
   164.00 deg.: X-S =   2.3749E-06 mb/sr,
+                                         /R =   2.9103E-02
   165.00 deg.: X-S =   2.4390E-06 mb/sr,
+                                         /R =   3.0031E-02
   166.00 deg.: X-S =   2.4886E-06 mb/sr,
+                                         /R =   3.0778E-02
   167.00 deg.: X-S =   2.5243E-06 mb/sr,
+                                         /R =   3.1349E-02
   168.00 deg.: X-S =   2.5476E-06 mb/sr,
+                                         /R =   3.1759E-02
   169.00 deg.: X-S =   2.5598E-06 mb/sr,
+                                         /R =   3.2024E-02
   170.00 deg.: X-S =   2.5623E-06 mb/sr,
+                                         /R =   3.2158E-02
   171.00 deg.: X-S =   2.5566E-06 mb/sr,
+                                         /R =   3.2179E-02
   172.00 deg.: X-S =   2.5448E-06 mb/sr,
+                                         /R =   3.2114E-02
   173.00 deg.: X-S =   2.5292E-06 mb/sr,
+                                         /R =   3.1990E-02
   174.00 deg.: X-S =   2.5114E-06 mb/sr,
+                                         /R =   3.1828E-02
   175.00 deg.: X-S =   2.4926E-06 mb/sr,
+                                         /R =   3.1644E-02
   176.00 deg.: X-S =   2.4747E-06 mb/sr,
+                                         /R =   3.1459E-02
   177.00 deg.: X-S =   2.4593E-06 mb/sr,
+                                         /R =   3.1297E-02
   178.00 deg.: X-S =   2.4479E-06 mb/sr,
+                                         /R =   3.1175E-02
   179.00 deg.: X-S =   2.4408E-06 mb/sr,
+                                         /R =   3.1099E-02
   179.99 deg.: X-S =   2.4384E-06 mb/sr,
+                                         /R =   3.1074E-02
                                           Integrated********** mb, over [   0.000, 180.000] at   305.0000 MeV 

 CROSS SECTIONS FOR OUTGOING d        & 3He      in state #   1 with spins & parities 1.0  + &  0.5  +;  0

     0.00 deg.: X-S =     0.018204 mb/sr,
+                                         REAC   5.1208E-03 mb
     1.00 deg.: X-S =     0.018136 mb/sr,
     2.00 deg.: X-S =     0.017946 mb/sr,
     3.00 deg.: X-S =     0.017666 mb/sr,
     4.00 deg.: X-S =     0.017337 mb/sr,
     5.00 deg.: X-S =     0.016977 mb/sr,
     6.00 deg.: X-S =     0.016573 mb/sr,
     7.00 deg.: X-S =     0.016106 mb/sr,
     8.00 deg.: X-S =     0.015577 mb/sr,
     9.00 deg.: X-S =     0.015003 mb/sr,
    10.00 deg.: X-S =     0.014391 mb/sr,
    11.00 deg.: X-S =     0.013713 mb/sr,
    12.00 deg.: X-S =     0.012925 mb/sr,
    13.00 deg.: X-S =     0.012013 mb/sr,
    14.00 deg.: X-S =     0.010997 mb/sr,
    15.00 deg.: X-S =     0.009914 mb/sr,
    16.00 deg.: X-S =     0.008797 mb/sr,
    17.00 deg.: X-S =     0.007671 mb/sr,
    18.00 deg.: X-S =     0.006568 mb/sr,
    19.00 deg.: X-S =     0.005527 mb/sr,
    20.00 deg.: X-S =     0.004582 mb/sr,
    21.00 deg.: X-S =     0.003749 mb/sr,
    22.00 deg.: X-S =     0.003031 mb/sr,
    23.00 deg.: X-S =     0.002421 mb/sr,
    24.00 deg.: X-S =     0.001913 mb/sr,
    25.00 deg.: X-S =     0.001497 mb/sr,
    26.00 deg.: X-S =     0.001162 mb/sr,
    27.00 deg.: X-S =     0.000895 mb/sr,
    28.00 deg.: X-S =     0.000685 mb/sr,
    29.00 deg.: X-S =     0.000522 mb/sr,
    30.00 deg.: X-S =     0.000398 mb/sr,
    31.00 deg.: X-S =     0.000306 mb/sr,
    32.00 deg.: X-S =     0.000237 mb/sr,
    33.00 deg.: X-S =     0.000187 mb/sr,
    34.00 deg.: X-S =     0.000151 mb/sr,
    35.00 deg.: X-S =     0.000125 mb/sr,
    36.00 deg.: X-S =     0.000106 mb/sr,
    37.00 deg.: X-S =   9.0803E-05 mb/sr,
    38.00 deg.: X-S =   7.9491E-05 mb/sr,
    39.00 deg.: X-S =   7.1099E-05 mb/sr,
    40.00 deg.: X-S =   6.4654E-05 mb/sr,
    41.00 deg.: X-S =   5.9109E-05 mb/sr,
    42.00 deg.: X-S =   5.4057E-05 mb/sr,
    43.00 deg.: X-S =   4.9792E-05 mb/sr,
    44.00 deg.: X-S =   4.6587E-05 mb/sr,
    45.00 deg.: X-S =   4.4225E-05 mb/sr,
    46.00 deg.: X-S =   4.2241E-05 mb/sr,
    47.00 deg.: X-S =   4.0317E-05 mb/sr,
    48.00 deg.: X-S =   3.8358E-05 mb/sr,
    49.00 deg.: X-S =   3.6386E-05 mb/sr,
    50.00 deg.: X-S =   3.4512E-05 mb/sr,
    51.00 deg.: X-S =   3.2854E-05 mb/sr,
    52.00 deg.: X-S =   3.1316E-05 mb/sr,
    53.00 deg.: X-S =   2.9613E-05 mb/sr,
    54.00 deg.: X-S =   2.7705E-05 mb/sr,
    55.00 deg.: X-S =   2.6039E-05 mb/sr,
    56.00 deg.: X-S =   2.4983E-05 mb/sr,
    57.00 deg.: X-S =   2.4144E-05 mb/sr,
    58.00 deg.: X-S =   2.2670E-05 mb/sr,
    59.00 deg.: X-S =   2.0297E-05 mb/sr,
    60.00 deg.: X-S =   1.7690E-05 mb/sr,
    61.00 deg.: X-S =   1.5534E-05 mb/sr,
    62.00 deg.: X-S =   1.3736E-05 mb/sr,
    63.00 deg.: X-S =   1.1778E-05 mb/sr,
    64.00 deg.: X-S =   9.5708E-06 mb/sr,
    65.00 deg.: X-S =   7.5981E-06 mb/sr,
    66.00 deg.: X-S =   6.2817E-06 mb/sr,
    67.00 deg.: X-S =   5.5960E-06 mb/sr,
    68.00 deg.: X-S =   5.2511E-06 mb/sr,
    69.00 deg.: X-S =   4.9912E-06 mb/sr,
    70.00 deg.: X-S =   4.7062E-06 mb/sr,
    71.00 deg.: X-S =   4.3989E-06 mb/sr,
    72.00 deg.: X-S =   4.1421E-06 mb/sr,
    73.00 deg.: X-S =   3.9494E-06 mb/sr,
    74.00 deg.: X-S =   3.6880E-06 mb/sr,
    75.00 deg.: X-S =   3.2187E-06 mb/sr,
    76.00 deg.: X-S =   2.5988E-06 mb/sr,
    77.00 deg.: X-S =   2.0562E-06 mb/sr,
    78.00 deg.: X-S =   1.6990E-06 mb/sr,
    79.00 deg.: X-S =   1.4108E-06 mb/sr,
    80.00 deg.: X-S =   1.0836E-06 mb/sr,
    81.00 deg.: X-S =   7.9656E-07 mb/sr,
    82.00 deg.: X-S =   7.1041E-07 mb/sr,
    83.00 deg.: X-S =   8.2574E-07 mb/sr,
    84.00 deg.: X-S =   9.9880E-07 mb/sr,
    85.00 deg.: X-S =   1.1481E-06 mb/sr,
    86.00 deg.: X-S =   1.3001E-06 mb/sr,
    87.00 deg.: X-S =   1.4900E-06 mb/sr,
    88.00 deg.: X-S =   1.6886E-06 mb/sr,
    89.00 deg.: X-S =   1.8666E-06 mb/sr,
    90.00 deg.: X-S =   2.0150E-06 mb/sr,
    91.00 deg.: X-S =   2.0908E-06 mb/sr,
    92.00 deg.: X-S =   2.0561E-06 mb/sr,
    93.00 deg.: X-S =   1.9306E-06 mb/sr,
    94.00 deg.: X-S =   1.7925E-06 mb/sr,
    95.00 deg.: X-S =   1.6919E-06 mb/sr,
    96.00 deg.: X-S =   1.6122E-06 mb/sr,
    97.00 deg.: X-S =   1.5576E-06 mb/sr,
    98.00 deg.: X-S =   1.5650E-06 mb/sr,
    99.00 deg.: X-S =   1.6556E-06 mb/sr,
   100.00 deg.: X-S =   1.8212E-06 mb/sr,
   101.00 deg.: X-S =   2.0492E-06 mb/sr,
   102.00 deg.: X-S =   2.3326E-06 mb/sr,
   103.00 deg.: X-S =   2.6311E-06 mb/sr,
   104.00 deg.: X-S =   2.8792E-06 mb/sr,
   105.00 deg.: X-S =   3.0342E-06 mb/sr,
   106.00 deg.: X-S =   3.0951E-06 mb/sr,
   107.00 deg.: X-S =   3.0690E-06 mb/sr,
   108.00 deg.: X-S =   2.9334E-06 mb/sr,
   109.00 deg.: X-S =   2.6824E-06 mb/sr,
   110.00 deg.: X-S =   2.3864E-06 mb/sr,
   111.00 deg.: X-S =   2.1716E-06 mb/sr,
   112.00 deg.: X-S =   2.1307E-06 mb/sr,
   113.00 deg.: X-S =   2.2326E-06 mb/sr,
   114.00 deg.: X-S =   2.3744E-06 mb/sr,
   115.00 deg.: X-S =   2.5423E-06 mb/sr,
   116.00 deg.: X-S =   2.8310E-06 mb/sr,
   117.00 deg.: X-S =   3.2696E-06 mb/sr,
   118.00 deg.: X-S =   3.7026E-06 mb/sr,
   119.00 deg.: X-S =   3.9365E-06 mb/sr,
   120.00 deg.: X-S =   3.9677E-06 mb/sr,
   121.00 deg.: X-S =   3.9223E-06 mb/sr,
   122.00 deg.: X-S =   3.8023E-06 mb/sr,
   123.00 deg.: X-S =   3.4890E-06 mb/sr,
   124.00 deg.: X-S =   3.0156E-06 mb/sr,
   125.00 deg.: X-S =   2.6395E-06 mb/sr,
   126.00 deg.: X-S =   2.5350E-06 mb/sr,
   127.00 deg.: X-S =   2.5661E-06 mb/sr,
   128.00 deg.: X-S =   2.5378E-06 mb/sr,
   129.00 deg.: X-S =   2.5312E-06 mb/sr,
   130.00 deg.: X-S =   2.7749E-06 mb/sr,
   131.00 deg.: X-S =   3.2647E-06 mb/sr,
   132.00 deg.: X-S =   3.7236E-06 mb/sr,
   133.00 deg.: X-S =   3.9539E-06 mb/sr,
   134.00 deg.: X-S =   4.0086E-06 mb/sr,
   135.00 deg.: X-S =   3.9932E-06 mb/sr,
   136.00 deg.: X-S =   3.8849E-06 mb/sr,
   137.00 deg.: X-S =   3.6220E-06 mb/sr,
   138.00 deg.: X-S =   3.2560E-06 mb/sr,
   139.00 deg.: X-S =   2.8789E-06 mb/sr,
   140.00 deg.: X-S =   2.5325E-06 mb/sr,
   141.00 deg.: X-S =   2.2589E-06 mb/sr,
   142.00 deg.: X-S =   2.1108E-06 mb/sr,
   143.00 deg.: X-S =   2.0841E-06 mb/sr,
   144.00 deg.: X-S =   2.1078E-06 mb/sr,
   145.00 deg.: X-S =   2.1734E-06 mb/sr,
   146.00 deg.: X-S =   2.3622E-06 mb/sr,
   147.00 deg.: X-S =   2.6645E-06 mb/sr,
   148.00 deg.: X-S =   2.9000E-06 mb/sr,
   149.00 deg.: X-S =   2.9158E-06 mb/sr,
   150.00 deg.: X-S =   2.7971E-06 mb/sr,
   151.00 deg.: X-S =   2.7109E-06 mb/sr,
   152.00 deg.: X-S =   2.6544E-06 mb/sr,
   153.00 deg.: X-S =   2.5058E-06 mb/sr,
   154.00 deg.: X-S =   2.2256E-06 mb/sr,
   155.00 deg.: X-S =   1.9403E-06 mb/sr,
   156.00 deg.: X-S =   1.7611E-06 mb/sr,
   157.00 deg.: X-S =   1.6461E-06 mb/sr,
   158.00 deg.: X-S =   1.5348E-06 mb/sr,
   159.00 deg.: X-S =   1.4545E-06 mb/sr,
   160.00 deg.: X-S =   1.4872E-06 mb/sr,
   161.00 deg.: X-S =   1.6480E-06 mb/sr,
   162.00 deg.: X-S =   1.8135E-06 mb/sr,
   163.00 deg.: X-S =   1.8573E-06 mb/sr,
   164.00 deg.: X-S =   1.8199E-06 mb/sr,
   165.00 deg.: X-S =   1.8885E-06 mb/sr,
   166.00 deg.: X-S =   2.1233E-06 mb/sr,
   167.00 deg.: X-S =   2.2867E-06 mb/sr,
   168.00 deg.: X-S =   2.1283E-06 mb/sr,
   169.00 deg.: X-S =   1.7551E-06 mb/sr,
   170.00 deg.: X-S =   1.6015E-06 mb/sr,
   171.00 deg.: X-S =   1.8315E-06 mb/sr,
   172.00 deg.: X-S =   1.9994E-06 mb/sr,
   173.00 deg.: X-S =   1.6892E-06 mb/sr,
   174.00 deg.: X-S =   1.1168E-06 mb/sr,
   175.00 deg.: X-S =   9.4751E-07 mb/sr,
   176.00 deg.: X-S =   1.3904E-06 mb/sr,
   177.00 deg.: X-S =   1.7610E-06 mb/sr,
   178.00 deg.: X-S =   1.4770E-06 mb/sr,
   179.00 deg.: X-S =   7.8334E-07 mb/sr,
   180.00 deg.: X-S =   4.1281E-07 mb/sr,
                                           Integrated    0.0051 mb, over [   0.000, 180.000] at   305.0000 MeV 
 Finished all xsecs @   0.515625000    

  The following files have been created:
   3:local copy of User input.            6:standard output.                   
   7:elastic  S-matrix elements.         12:transfer kernels.                  
  13:total cross sections/state.         16:tables of cross sections.          
  35:Astrophysics S-factors  / Ecm.      38:cross sections for each J/pi.      
  39:cross sections for each Ecm.        40:all cross sectns. for each Elab.   
  45:scat phase shift as E functions.    46:bs wave functions & ANC ratios.    
  56:Fusion for each Jtotal.             75:S-factors for lab energies.        
 201:Separate cross sections.           202:Separate cross sections.           

 PARAMETERS : MAXQRN   MFNL   MLOC  LMAX1 MCLIST
    ALLOWED :      2     16     12    100      6
    REQUIRED:      1      2     12     83      4


 ACCURACY ANALYSIS at   305.000 MeV :

  Elastic h*k = 0.157 so OK       compared with 0.200

   Real(S-el) > 0.01 first at J =       1.5
   Real(S-el) > 0.10 first at J =       2.5
   Real(S-el) > 0.50 first at J =       5.5
   Real(S-el) > 0.90 first at J =      12.5
   Real(S-el) > 0.99 first at J =      16.5
   R-turn =    25.67 fm    at J =      80.5

 Forward-angle excitation cut off below   0.025 deg by max JT =      80.5
                              and below   0.021 deg by max R.


 1: Recommended RNL: non-local width >  11.80 cf:  10.00 fm: OK      
    Recommended CENTRE: centration   ~   2.30 cf:   0.00 fm

 Total CPU  0 time =       0.52 seconds
