 FRESCO - FRES 3.4: Coupled Reaction Channels
 Assuming NAMELIST input.

 4He(p,d)3He  E=345 MeV  Q=-18.353  [he4_p_d_he3]                                

   0.050  30.000   0.250   0.100  10.000   0.000   0.000   0.000   0.000   0.000

 Centre-of-mass Range is    602 * 0.0500 fm., Maximum at  30.00 fm., Interpolating NL forms every  0.25 fm.
 Non - locality width is    101 * 0.1000 fm., Maximum of  10.00 fm., Centred at  0.00 fm.
 2-Nucleon Separation of      0 * 0.2500 fm., Maximum of   0.00 fm., Minimum at  0.00 fm.
 Maximum single particle bins of 30.0000 fm.
               M,Mint =          601         601


 Range of total J is     0.0 <= J <=    80.0 (at least     0.0) and Absorbtion =>    -1.0000 mb.
 Dry Run = F, CC set limits =  0  0, Relativistic kinematics = a, Both/Far/Near Analyses =  1                     

 Cross Sections (and up to T0 for 0=projectile) for Theta from   0.0 to 180.0 in steps of  1.0 degrees, DGAM=0,  Coordinates = 0 (Mads)

 Lower Radial Cutoff = maximum of -1.60*L*h &       0.0 fm.,  Lower Cutoff for Couplings =   0.0  fm.


 Iterate Couplings between   1 and   1 times, to  0.000 % if sooner.                                          
  Block solved exactly =   0 chs., with Pade = 0 & Isocen =  =0, NOSOL = F, initwf =  0
  NL quadrature with   18 Gaussian points, Calculate multipoles up to    86 from   0
  M-transfers for lp+lt greater than or equal to  6, Angular Integration Cutoff below  2.7778 %


 Trace switches are :  CHANS =  1, LISTCC =  0, TRENEG =  0, CDETR =  0, SMATS =  2, XSTABL =  1, NLPL =  0

                       WAVES =  0, LAMPL =  0, VEFF =  0, KFUS =  0, WDISK =  0, BPM =  0, MELFIL =  0

                       CDCC =  0, NFUS =  0

 Using unit mass = 1.000000 amu and 1/fine-structure constant = 137.03599 ( 1.000000 * true ) with hc = 197.32705 MeV.fm,
  thus 2*amu/hbar^2 = 0.0478450 = 1/20.9008 and Coulomb constant = 0.1574855 so e^2 = 1.43997, and nuclear magneton= 0.1261183

 Now pre-scan input and save to file 3



 *********** PARTITION NUMBER  1 ******************************************************************************************

   PROJ=p          MASS=  1.0000 Z=   1.0,        # STATES=    1T, TARG=4He      MASS=  4.0000 Z=   2.0,     Q-VALUE =   0.0000 MEV.

     1:  J= 0.5+ (B# 1), E=  0.0000, K= 0.5              Potl#  1       J= 0.0+ (B# 1), E=  0.0000, K= 0.0    


 *********** PARTITION NUMBER  2 ******************************************************************************************

   PROJ=d          MASS=  2.0000 Z=   1.0,        # STATES=    1T, TARG=3He      MASS=  3.0000 Z=   2.0,     Q-VALUE = -18.3530 MEV.

     1:  J= 1.0+ (B# 1), E=  0.0000, K= 0.0              Potl#  2       J= 0.5+ (B# 1), E=  0.0000, K= 0.5    
0****** WARNING : COMPARED WITH PARTITION  1, THIS PARTITION HAS TOTAL MASS & CHARGE EXCESSES  -0.01970 &   0.0000


 ************************************************************************************************************************************

 The following POTENTIALS are defined :

  KP#       TYPE      IT    SHAPE      at     V1        r1        a1        V2        r2        a2        A-in     A-used


                                            A#1       A#2        r0c       ac                                                h @ 1
    1    0=Coulomb       0=CHARGE (WS)  1     1.000     4.000    1.3000    0.0000    0.0000    0.0000     0.000    17.322   0.05000

    1    1=Volume        0=Woods-Saxon  2   48.0000    1.1500    0.5700    0.0000    1.1500    0.5700     0.000    17.322

    1    2=Surface       0=Woods-Saxon  3    0.0000    0.0000    0.0000    6.0000    1.3000    0.5000     0.000    17.322

    1    3=Projtl S.O.   0=Woods-Saxon  4    5.5000    1.0000    0.5000    0.0000    0.0000    0.0000     0.000    17.322
   --------------------------------------------------------------------------------------------------------------------

                                            A#1       A#2        r0c       ac                                                h @ 2
    2    0=Coulomb       0=CHARGE (WS)  5     2.000     3.000    1.3000    0.0000    0.0000    0.0000     0.000    19.731   0.05000

    2    1=Volume        0=Woods-Saxon  6   88.0000    1.1700    0.7900    0.0000    1.1700    0.7900     0.000    19.731

    2    2=Surface       0=Woods-Saxon  7    0.0000    0.0000    0.0000   12.0000    1.3300    0.7400     0.000    19.731

    2    3=Projtl S.O.   0=Woods-Saxon  8    7.0000    1.0700    0.6600    0.0000    0.0000    0.0000     0.000    19.731
   --------------------------------------------------------------------------------------------------------------------

    3    1=Volume        0=Woods-Saxon  9   50.0000    1.2500    0.6500    0.0000    0.0000    0.0000     0.000    19.731

    3    3=Projtl S.O.   0=Woods-Saxon 10    6.0000    1.2500    0.6500    0.0000    0.0000    0.0000     0.000    19.731
   --------------------------------------------------------------------------------------------------------------------

    4    1=Volume        0=Woods-Saxon 11   50.0000    1.2500    0.6500    0.0000    0.0000    0.0000     0.000    19.731

    4    3=Projtl S.O.   0=Woods-Saxon 12    6.0000    1.2500    0.6500    0.0000    0.0000    0.0000     0.000    19.731


 ************************************************************************************************************************************

 The following SINGLE-PARTICLE FORM FACTORS are constructed :


 No.   P1 P2 IN KIND T N  L  S1 IA J/S  IB BIND XFER  BE    SC PC FIL AFRAC Adjust  to  Z  Mass   K     Norm    rms      D0     D   ANC/Gsp

    1:  2  1  2  0     1  0 0.5  1 0.5   0   3   0  20.5780  1  0  0 0.0000 VR  0.7942; 0. 1.000 0.8593 1.0000  2.472 -417.8 -957.1  9.6885

    2:  1  2  1  0     1  0 0.5  1 0.5   0   4   0   2.2246  1  0  0 0.0000 VR  0.3377; 0. 1.000 0.2307 1.0000  4.770 -154.2 -167.5  1.1301

 ************************************************************************************************************************************

 TWO-way COUPLING # 1 for partitions  2 <-  1 of KIND  7,   0 -1  5 -1 -1 & P1,P2 =    0.0000   0.0000 : for J <=    80.5 & R <  29.8 fm.


 data =  2  1  1  1  1.0000,  so  < [4He      #  1] / [3He      #  1]  * Eigen-form #  1>  =   1.0000            BE = 20.578     1

 data =  1  1  1  2  1.0000,  so  < [d        #  1] / [p        #  1]  * Eigen-form #  2>  =   1.0000            BE =  2.225     2
 KNT =   1, KNP =   2: NK,NG,loc=   1   1   1  13  T  T  F

     So FINITE-RANGE TRANSFER : IP1 = 0 (POST    ), IP2=-1 =COMPLEX     ,  for   1 pairs of bound states summed into   1 pairs
      The main coupling potential is that binding the transferred particle to the 3He      core.

          Using between p        & 3He      the potential No.   5, and subtracting optical potential No.  2

   A real*8 is            8  bytes
   NLL,NLN,NLO =         120         121         101
0File   9 needs RL =   24240    REAL*8 numbers, and NR =    88. i.e.    17.06 Megabytes
   File            9  RECL =      193920
0RECOMMENDED NON-LOCAL WIDTH IS GREATER THAN   11.80 FM.,  RECOMMENDED CENTRATION   2.30, after    0.06 secs.
0Relative non-local usages (rms) are
    0.003   0.005   0.007   0.011   0.015   0.019   0.030   0.038   0.053   0.071   0.087   0.132   0.167   0.230   0.306
    0.372   0.541   0.676   0.908   1.186   1.427   1.994   2.455   3.183   4.044   4.788   6.329   7.600   9.380  11.433
   13.201  16.309  18.918  22.174  25.808  28.940  33.725  37.803  42.471  47.501  51.832  57.646  62.619  67.805  73.082
   77.548  82.589  86.793  90.536  93.845  96.417  98.292  99.496 100.000  99.858  99.142  97.885  96.129  93.931  91.325
   88.381  85.138  81.660  77.998  74.205  70.347  66.460  62.589  58.777  55.047  51.439  47.968  44.652  41.499  38.517
   35.707  33.067  30.594  28.284  26.128  24.121  22.254  20.521  18.913  17.422  16.042  14.764  13.583  12.491  11.482
   10.551   9.693   8.902   8.173   7.502   6.884   6.317   5.796   5.317   4.878   4.476

 Incoming partition  1 in excitation state # 1,   Laboratory Energy given for partition  1 Nucleus 1 in Excitation pair 1

0Lab. ENERGY ranges :

   from    345.000     to   0.00000     in     0 intervals
   from    0.00000     to   0.00000     in     0 intervals
   from    0.00000     to   0.00000     in     0 intervals

 Largest real,imaginary parts of any form factor at R=   29.50 are   4.88E-02  3.00E-14 MeV
 Finished all Couplings @    6.25000000E-02          12

 Symmetric Hamiltonian
1***********************************************************************************************************************************
************************************************************************************************************************************

        INCOMING p        ;    LABORATORY p        ENERGY =   345.00     MeV.

 ***********************************************************************************************************************************
 ***********************************************************************************************************************************


  NOTE: Coulomb excitation cut off below   0.023 deg by JTMAX, and below   0.019 deg by Rmax

 Allocate arrays for            3  channels, of which            3  need wfs.

 ######################################################################################################################
 #                                                                                                                    #
 # Total SPIN and PARITY =     0.5 +,      3 channels,    0 in 1st block.  Rmin & Coul turning =    0.0    0.0 fm.  #
 #                                                                                                                    #
 ######################################################################################################################



    C Projectl Target   #   EX.   (L  Proj) J  + Targ = Jtotal     E-cm      Re K     Re Eta     RM*K            CH
    1 p        4He      #    1: I   0 0.5    0.5  0.0     0.5   292.45042   3.34572   0.01647  100.3716   0.12672   0.48372 1 1 1   1
    2 d        3He      #    1:     0 1.0    1.0  0.5     0.5   258.71641   3.85408   0.02145  115.6225  -0.33923  -0.36738 2 1 2   1
    3 d        3He      #    1:     2 1.0    1.0  0.5     0.5   258.71641   3.85408   0.02145  115.6225   0.31735   0.38651 2 1 2   1
   S-matrix    1 =   -0.08288   0.87130 for L=    0, J=    0.5 channel on core I =   0.0 from L=    0,  Acc. loss =  0.0 D.
 Elastic phase shift   1 =   47.717   3.818 deg. for the L =    0, J =    0.5 channel.
       0.5 -0.08287896  0.87129551i: elastic S-matrix  @@      0.02  0   0 F  0
 Reaction Xsec     0.5+/ 0 @ 1 =   0.657 , Out:   0.000#   0.024/   0.657f


 Total SPIN, PARITY =     0.5 -,      3 chs,      0 cc.  Rmin & Coul turning =    0.0    0.0
   S-matrix    1 =    0.05675   0.87177 for L=    1, J=    0.5 channel on core I =   0.0 from L=    1,  Acc. loss =  0.0 D.
 Elastic phase shift   1 =   43.138   3.871 deg. for the L =    1, J =    0.5 channel.
       0.5  0.05675240  0.87177359i: elastic S-matrix  @@      0.00  0   0 F  0
 Reaction Xsec     0.5-/ 1 @ 1 =   0.665 , Out:   0.000#   0.026/   0.665f

 Allocate arrays for            4  channels, of which            4  need wfs.

 Total SPIN, PARITY =     1.5 +,      4 chs,      0 cc.  Rmin & Coul turning =    0.1    0.4
   S-matrix    1 =    0.15112   0.85794 for L=    2, J=    1.5 channel on core I =   0.0 from L=    2,  Acc. loss =  0.0 D.
 Elastic phase shift   1 =   40.005   3.952 deg. for the L =    2, J =    1.5 channel.
       1.5  0.15112323  0.85794263i: elastic S-matrix  @@      0.00  0   0 F  0
 Reaction Xsec     1.5+/ 2 @ 1 =   1.353 , Out:   0.000#   0.041/   1.353f


 Total SPIN, PARITY =     1.5 -,      4 chs,      0 cc.  Rmin & Coul turning =    0.1    0.4
   S-matrix    1 =   -0.08768   0.86978 for L=    1, J=    1.5 channel on core I =   0.0 from L=    1,  Acc. loss =  0.0 D.
 Elastic phase shift   1 =   47.878   3.852 deg. for the L =    1, J =    1.5 channel.
       1.5 -0.08768053  0.86978001i: elastic S-matrix  @@      0.00  0   0 F  0
 Reaction Xsec     1.5-/ 1 @ 1 =   1.324 , Out:   0.000#   0.057/   1.323f


 Total SPIN, PARITY =     2.5 +,      4 chs,      0 cc.  Rmin & Coul turning =    0.2    0.7
   S-matrix    1 =   -0.09309   0.86722 for L=    2, J=    2.5 channel on core I =   0.0 from L=    2,  Acc. loss =  0.0 D.
 Elastic phase shift   1 =   48.064   3.917 deg. for the L =    2, J =    2.5 channel.
       2.5 -0.09309182  0.86721598i: elastic S-matrix  @@      0.00  0   0 F  0
 Reaction Xsec     2.5+/ 2 @ 1 =   2.015 , Out:   0.000#   0.074/   2.014f


 Total SPIN, PARITY =     2.5 -,      4 chs,      0 cc.  Rmin & Coul turning =    0.2    0.7
   S-matrix    1 =    0.25769   0.82783 for L=    3, J=    2.5 channel on core I =   0.0 from L=    3,  Acc. loss =  0.0 D.
 Elastic phase shift   1 =   36.355   4.088 deg. for the L =    3, J =    2.5 channel.
       2.5  0.25768962  0.82782961i: elastic S-matrix  @@      0.02  0   0 F  0
 Reaction Xsec     2.5-/ 3 @ 1 =   2.091 , Out:   0.000#   0.038/   2.091f


 Total SPIN, PARITY =     3.5 +,      4 chs,      0 cc.  Rmin & Coul turning =    0.2    1.0
   S-matrix    1 =    0.37733   0.77440 for L=    4, J=    3.5 channel on core I =   0.0 from L=    4,  Acc. loss =  0.0 D.
 Elastic phase shift   1 =   32.011   4.273 deg. for the L =    4, J =    3.5 channel.
       3.5  0.37732875  0.77440406i: elastic S-matrix  @@      0.00  0   0 F  0
 Reaction Xsec     3.5+/ 4 @ 1 =   2.895 , Out:   0.000#   0.032/   2.895f


 Total SPIN, PARITY =     3.5 -,      4 chs,      0 cc.  Rmin & Coul turning =    0.2    1.0
   S-matrix    1 =   -0.09238   0.86370 for L=    3, J=    3.5 channel on core I =   0.0 from L=    3,  Acc. loss =  0.0 D.
 Elastic phase shift   1 =   48.053   4.035 deg. for the L =    3, J =    3.5 channel.
       3.5 -0.09238476  0.86370116i: elastic S-matrix  @@      0.00  0   0 F  0
 Reaction Xsec     3.5-/ 3 @ 1 =   2.756 , Out:   0.000#   0.068/   2.756f


 Total SPIN, PARITY =     4.5 +,      4 chs,      0 cc.  Rmin & Coul turning =    0.3    1.3
   S-matrix    1 =   -0.08195   0.86000 for L=    4, J=    4.5 channel on core I =   0.0 from L=    4,  Acc. loss =  0.0 D.
 Elastic phase shift   1 =   47.722   4.191 deg. for the L =    4, J =    4.5 channel.
       4.5 -0.08195233  0.86000032i: elastic S-matrix  @@      0.00  0   0 F  0
 Reaction Xsec     4.5+/ 4 @ 1 =   3.560 , Out:   0.000#   0.057/   3.560f


 Total SPIN, PARITY =     4.5 -,      4 chs,      0 cc.  Rmin & Coul turning =    0.3    1.3
   S-matrix    1 =    0.50410   0.68834 for L=    5, J=    4.5 channel on core I =   0.0 from L=    5,  Acc. loss =  0.0 D.
 Elastic phase shift   1 =   26.892   4.549 deg. for the L =    5, J =    4.5 channel.
       4.5  0.50409634  0.68833846i: elastic S-matrix  @@      0.00  0   0 F  0
 Reaction Xsec     4.5-/ 5 @ 1 =   3.818 , Out:   0.000#   0.028/   3.818f


 Total SPIN, PARITY =     5.5 +,      4 chs,      0 cc.  Rmin & Coul turning =    0.4    1.6
   S-matrix    1 =    0.62329   0.56686 for L=    6, J=    5.5 channel on core I =   0.0 from L=    6,  Acc. loss =  0.0 D.
 Elastic phase shift   1 =   21.143   4.910 deg. for the L =    6, J =    5.5 channel.
       5.5  0.62328925  0.56685650i: elastic S-matrix  @@      0.00  0   0 F  0
 Reaction Xsec     5.5+/ 6 @ 1 =   4.886 , Out:   0.000#   0.026/   4.886f


 Total SPIN, PARITY =     5.5 -,      4 chs,      0 cc.  Rmin & Coul turning =    0.4    1.6
   S-matrix    1 =   -0.05879   0.85504 for L=    5, J=    5.5 channel on core I =   0.0 from L=    5,  Acc. loss =  0.0 D.
 Elastic phase shift   1 =   46.967   4.419 deg. for the L =    5, J =    5.5 channel.
       5.5 -0.05878923  0.85504273i: elastic S-matrix  @@      0.02  0   0 F  0
 Reaction Xsec     5.5-/ 5 @ 1 =   4.470 , Out:   0.000#   0.054/   4.470f


 Total SPIN, PARITY =     6.5 +,      4 chs,      0 cc.  Rmin & Coul turning =    0.5    1.9
   S-matrix    1 =   -0.01672   0.84794 for L=    6, J=    6.5 channel on core I =   0.0 from L=    6,  Acc. loss =  0.0 D.
 Elastic phase shift   1 =   45.565   4.720 deg. for the L =    6, J =    6.5 channel.
       6.5 -0.01672494  0.84793976i: elastic S-matrix  @@      0.00  0   0 F  0
 Reaction Xsec     6.5+/ 6 @ 1 =   5.515 , Out:   0.000#   0.056/   5.515f


 Total SPIN, PARITY =     6.5 -,      4 chs,      0 cc.  Rmin & Coul turning =    0.5    1.9
   S-matrix    1 =    0.70953   0.42912 for L=    7, J=    6.5 channel on core I =   0.0 from L=    7,  Acc. loss =  0.0 D.
 Elastic phase shift   1 =   15.583   5.365 deg. for the L =    7, J =    6.5 channel.
       6.5  0.70953386  0.42912058i: elastic S-matrix  @@      0.00  0   0 F  0
 Reaction Xsec     6.5-/ 7 @ 1 =   6.138 , Out:   0.000#   0.027/   6.138f


 Total SPIN, PARITY =     7.5 +,      4 chs,      0 cc.  Rmin & Coul turning =    0.6    2.2
   S-matrix    1 =    0.75378   0.30853 for L=    8, J=    7.5 channel on core I =   0.0 from L=    8,  Acc. loss =  0.0 D.
 Elastic phase shift   1 =   11.130   5.879 deg. for the L =    8, J =    7.5 channel.
       7.5  0.75377977  0.30853494i: elastic S-matrix  @@      0.00  0   0 F  0
 Reaction Xsec     7.5+/ 8 @ 1 =   7.558 , Out:   0.000#   0.027/   7.558f


 Total SPIN, PARITY =     7.5 -,      4 chs,      0 cc.  Rmin & Coul turning =    0.6    2.2
   S-matrix    1 =    0.05803   0.83555 for L=    7, J=    7.5 channel on core I =   0.0 from L=    7,  Acc. loss =  0.0 D.
 Elastic phase shift   1 =   43.014   5.078 deg. for the L =    7, J =    7.5 channel.
       7.5  0.05802593  0.83554882i: elastic S-matrix  @@      0.00  0   0 F  0
 Reaction Xsec     7.5-/ 7 @ 1 =   6.702 , Out:   0.000#   0.067/   6.702f


 Total SPIN, PARITY =     8.5 +,      4 chs,      0 cc.  Rmin & Coul turning =    0.6    2.5
   S-matrix    1 =    0.18042   0.80262 for L=    8, J=    8.5 channel on core I =   0.0 from L=    8,  Acc. loss =  0.0 D.
 Elastic phase shift   1 =   38.666   5.593 deg. for the L =    8, J =    8.5 channel.
       8.5  0.18041685  0.80262457i: elastic S-matrix  @@      0.00  0   0 F  0
 Reaction Xsec     8.5+/ 8 @ 1 =   8.165 , Out:   0.000#   0.081/   8.165f


 Total SPIN, PARITY =     8.5 -,      4 chs,      0 cc.  Rmin & Coul turning =    0.6    2.5
   S-matrix    1 =    0.77583   0.22133 for L=    9, J=    8.5 channel on core I =   0.0 from L=    9,  Acc. loss =  0.0 D.
 Elastic phase shift   1 =    7.961   6.151 deg. for the L =    9, J =    8.5 channel.
       8.5  0.77582948  0.22133014i: elastic S-matrix  @@      0.02  0   0 F  0
 Reaction Xsec     8.5-/ 9 @ 1 =   8.818 , Out:   0.000#   0.013/   8.818f


 Total SPIN, PARITY =     9.5 +,      4 chs,      0 cc.  Rmin & Coul turning =    0.7    2.8
   S-matrix    1 =    0.79859   0.16208 for L=   10, J=    9.5 channel on core I =   0.0 from L=   10,  Acc. loss =  0.0 D.
 Elastic phase shift   1 =    5.736   5.865 deg. for the L =   10, J =    9.5 channel.
       9.5  0.79859037  0.16208215i: elastic S-matrix  @@      0.00  0   0 F  0
 Reaction Xsec     9.5+/10 @ 1 =   9.429 , Out:   0.000#   0.026/   9.429f


 Total SPIN, PARITY =     9.5 -,      4 chs,      0 cc.  Rmin & Coul turning =    0.7    2.8
   S-matrix    1 =    0.34618   0.72697 for L=    9, J=    9.5 channel on core I =   0.0 from L=    9,  Acc. loss =  0.0 D.
 Elastic phase shift   1 =   32.268   6.207 deg. for the L =    9, J =    9.5 channel.
       9.5  0.34618148  0.72697352i: elastic S-matrix  @@      0.00  0   0 F  0
 Reaction Xsec     9.5-/ 9 @ 1 =   9.870 , Out:   0.000#   0.037/   9.870f


 Total SPIN, PARITY =    10.5 +,      4 chs,      0 cc.  Rmin & Coul turning =    0.8    3.1
   S-matrix    1 =    0.52361   0.60475 for L=   10, J=   10.5 channel on core I =   0.0 from L=   10,  Acc. loss =  0.0 D.
 Elastic phase shift   1 =   24.556   6.395 deg. for the L =   10, J =   10.5 channel.
      10.5  0.52360985  0.60474736i: elastic S-matrix  @@      0.00  0   0 F  0
 Reaction Xsec    10.5+/10 @ 1 =  11.117 , Out:   0.000#   0.076/  11.117f


 Total SPIN, PARITY =    10.5 -,      4 chs,      0 cc.  Rmin & Coul turning =    0.8    3.1
   S-matrix    1 =    0.83080   0.12051 for L=   11, J=   10.5 channel on core I =   0.0 from L=   11,  Acc. loss =  0.0 D.
 Elastic phase shift   1 =    4.127   5.012 deg. for the L =   11, J =   10.5 channel.
      10.5  0.83079921  0.12051334i: elastic S-matrix  @@      0.00  0   0 F  0
 Reaction Xsec    10.5-/11 @ 1 =   9.115 , Out:   0.000#   0.011/   9.115f


 Total SPIN, PARITY =    11.5 +,      4 chs,      0 cc.  Rmin & Coul turning =    0.9    3.4
   S-matrix    1 =    0.86926   0.08956 for L=   12, J=   11.5 channel on core I =   0.0 from L=   12,  Acc. loss =  0.0 D.
 Elastic phase shift   1 =    2.941   3.863 deg. for the L =   12, J =   11.5 channel.
      11.5  0.86925822  0.08956316i: elastic S-matrix  @@      0.00  0   0 F  0
 Reaction Xsec    11.5+/12 @ 1 =   7.961 , Out:   0.000#   0.796#   7.961f


 Total SPIN, PARITY =    11.5 -,      4 chs,      0 cc.  Rmin & Coul turning =    0.9    3.4
   S-matrix    1 =    0.67774   0.46081 for L=   11, J=   11.5 channel on core I =   0.0 from L=   11,  Acc. loss =  0.0 D.
 Elastic phase shift   1 =   17.106   5.701 deg. for the L =   11, J =   11.5 channel.
      11.5  0.67773620  0.46081137i: elastic S-matrix  @@      0.02  0   0 F  0
 Reaction Xsec    11.5-/11 @ 1 =  11.058 , Out:   0.000#   0.035/  11.057f


 Total SPIN, PARITY =    12.5 +,      4 chs,      0 cc.  Rmin & Coul turning =    1.0    3.7
   S-matrix    1 =    0.79341   0.32642 for L=   12, J=   12.5 channel on core I =   0.0 from L=   12,  Acc. loss =  0.0 D.
 Elastic phase shift   1 =   11.181   4.390 deg. for the L =   12, J =   12.5 channel.
      12.5  0.79341349  0.32641632i: elastic S-matrix  @@      0.00  0   0 F  0
 Reaction Xsec    12.5+/12 @ 1 =   9.630 , Out:   0.000#   1.448#   9.630f


 Total SPIN, PARITY =    12.5 -,      4 chs,      0 cc.  Rmin & Coul turning =    1.0    3.7
   S-matrix    1 =    0.90676   0.06551 for L=   13, J=   12.5 channel on core I =   0.0 from L=   13,  Acc. loss =  0.0 D.
 Elastic phase shift   1 =    2.066   2.729 deg. for the L =   13, J =   12.5 channel.
      12.5  0.90676011  0.06550591i: elastic S-matrix  @@      0.00  0   0 F  0
 Reaction Xsec    12.5-/13 @ 1 =   6.330 , Out:   0.000#   7.621#   6.330f


 Total SPIN, PARITY =    13.5 +,      4 chs,      0 cc.  Rmin & Coul turning =    1.0    4.0
   S-matrix    1 =    0.93787   0.04667 for L=   14, J=   13.5 channel on core I =   0.0 from L=   14,  Acc. loss =  0.0 D.
 Elastic phase shift   1 =    1.424   1.802 deg. for the L =   14, J =   13.5 channel.
      13.5  0.93787159  0.04666882i: elastic S-matrix  @@      0.00  0   0 F  0
 Reaction Xsec    13.5+/14 @ 1 =   4.645 , Out:   0.000#   6.055#   4.645f


 Total SPIN, PARITY =    13.5 -,      4 chs,      0 cc.  Rmin & Coul turning =    1.0    4.0
   S-matrix    1 =    0.87260   0.21894 for L=   13, J=   13.5 channel on core I =   0.0 from L=   13,  Acc. loss =  0.0 D.
 Elastic phase shift   1 =    7.043   3.030 deg. for the L =   13, J =   13.5 channel.
      13.5  0.87260055  0.21894111i: elastic S-matrix  @@      0.00  0   0 F  0
 Reaction Xsec    13.5-/13 @ 1 =   7.490 , Out:   0.000#   0.015/   7.490f


 Total SPIN, PARITY =    14.5 +,      4 chs,      0 cc.  Rmin & Coul turning =    1.1    4.3
   S-matrix    1 =    0.92363   0.14126 for L=   14, J=   14.5 channel on core I =   0.0 from L=   14,  Acc. loss =  0.0 D.
 Elastic phase shift   1 =    4.348   1.945 deg. for the L =   14, J =   14.5 channel.
      14.5  0.92362783  0.14125689i: elastic S-matrix  @@      0.00  0   0 F  0
 Reaction Xsec    14.5+/14 @ 1 =   5.345 , Out:   0.000#   0.011/   5.345f


 Total SPIN, PARITY =    14.5 -,      4 chs,      0 cc.  Rmin & Coul turning =    1.1    4.3
   S-matrix    1 =    0.96073   0.03229 for L=   15, J=   14.5 channel on core I =   0.0 from L=   15,  Acc. loss =  0.0 D.
 Elastic phase shift   1 =    0.962   1.132 deg. for the L =   15, J =   14.5 channel.
      14.5  0.96072833  0.03228838i: elastic S-matrix  @@      0.02  0   0 F  0
 Reaction Xsec    14.5-/15 @ 1 =   3.198 , Out:   0.000#   3.609#   3.198f


 Total SPIN, PARITY =    15.5 +,      4 chs,      0 cc.  Rmin & Coul turning =    1.2    4.6
   S-matrix    1 =    0.97611   0.02175 for L=   16, J=   15.5 channel on core I =   0.0 from L=   16,  Acc. loss =  0.0 D.
 Elastic phase shift   1 =    0.638   0.686 deg. for the L =   16, J =   15.5 channel.
      15.5  0.97610613  0.02174996i: elastic S-matrix  @@      0.00  0   0 F  0
 Reaction Xsec    15.5+/16 @ 1 =   2.099 , Out:   0.000#   3.691#   2.099f


 Total SPIN, PARITY =    15.5 -,      4 chs,      0 cc.  Rmin & Coul turning =    1.2    4.6
   S-matrix    1 =    0.95513   0.08873 for L=   15, J=   15.5 channel on core I =   0.0 from L=   15,  Acc. loss =  0.0 D.
 Elastic phase shift   1 =    2.654   1.192 deg. for the L =   15, J =   15.5 channel.
      15.5  0.95513418  0.08873115i: elastic S-matrix  @@      0.00  0   0 F  0
 Reaction Xsec    15.5-/15 @ 1 =   3.585 , Out:   0.000#   4.804#   3.585f


 Total SPIN, PARITY =    16.5 +,      4 chs,      0 cc.  Rmin & Coul turning =    1.2    4.9
   S-matrix    1 =    0.97400   0.05475 for L=   16, J=   16.5 channel on core I =   0.0 from L=   16,  Acc. loss =  0.0 D.
 Elastic phase shift   1 =    1.609   0.709 deg. for the L =   16, J =   16.5 channel.
      16.5  0.97400449  0.05475420i: elastic S-matrix  @@      0.00  0   0 F  0
 Reaction Xsec    16.5+/16 @ 1 =   2.305 , Out:   0.000#   6.574#   2.305f


 Total SPIN, PARITY =    16.5 -,      4 chs,      0 cc.  Rmin & Coul turning =    1.2    4.9
   S-matrix    1 =    0.98584   0.01434 for L=   17, J=   16.5 channel on core I =   0.0 from L=   17,  Acc. loss =  0.0 D.
 Elastic phase shift   1 =    0.417   0.406 deg. for the L =   17, J =   16.5 channel.
      16.5  0.98583795  0.01433740i: elastic S-matrix  @@      0.00  0   0 F  0
 Reaction Xsec    16.5-/17 @ 1 =   1.332 , Out:   0.000#   1.200#   1.332f


 Total SPIN, PARITY =    17.5 +,      4 chs,      0 cc.  Rmin & Coul turning =    1.4    5.2
   S-matrix    1 =    0.99175   0.00930 for L=   18, J=   17.5 channel on core I =   0.0 from L=   18,  Acc. loss =  0.0 D.
 Elastic phase shift   1 =    0.269   0.236 deg. for the L =   18, J =   17.5 channel.
      17.5  0.99174945  0.00929705i: elastic S-matrix  @@      0.02  0   0 F  0
 Reaction Xsec    17.5+/18 @ 1 =   0.826 , Out:   0.000#   0.178#   0.826f


 Total SPIN, PARITY =    17.5 -,      4 chs,      0 cc.  Rmin & Coul turning =    1.4    5.2
   S-matrix    1 =    0.98507   0.03340 for L=   17, J=   17.5 channel on core I =   0.0 from L=   17,  Acc. loss =  0.0 D.
 Elastic phase shift   1 =    0.971   0.414 deg. for the L =   17, J =   17.5 channel.
      17.5  0.98507301  0.03340318i: elastic S-matrix  @@      0.00  0   0 F  0
 Reaction Xsec    17.5-/17 @ 1 =   1.441 , Out:   0.000#   1.932#   1.441f


 Total SPIN, PARITY =    18.5 +,      4 chs,      0 cc.  Rmin & Coul turning =    1.4    5.5
   S-matrix    1 =    0.99148   0.02023 for L=   18, J=   18.5 channel on core I =   0.0 from L=   18,  Acc. loss =  0.0 D.
 Elastic phase shift   1 =    0.585   0.239 deg. for the L =   18, J =   18.5 channel.
      18.5  0.99147707  0.02023229i: elastic S-matrix  @@      0.00  0   0 F  0
 Reaction Xsec    18.5+/18 @ 1 =   0.883 , Out:   0.000#   0.238#   0.883f


 Total SPIN, PARITY =    18.5 -,      4 chs,      0 cc.  Rmin & Coul turning =    1.4    5.5
   S-matrix    1 =    0.99525   0.00596 for L=   19, J=   18.5 channel on core I =   0.0 from L=   19,  Acc. loss =  0.0 D.
 Elastic phase shift   1 =    0.171   0.136 deg. for the L =   19, J =   18.5 channel.
      18.5  0.99524615  0.00595576i: elastic S-matrix  @@      0.00  0   0 F  0
 Reaction Xsec    18.5-/19 @ 1 =   0.504 , Out:   0.000#   0.061#   0.504f


 Total SPIN, PARITY =    19.5 +,      4 chs,      0 cc.  Rmin & Coul turning =    1.5    5.8
   S-matrix    1 =    0.99728   0.00378 for L=   20, J=   19.5 channel on core I =   0.0 from L=   20,  Acc. loss =  0.0 D.
 Elastic phase shift   1 =    0.109   0.078 deg. for the L =   20, J =   19.5 channel.
      19.5  0.99727998  0.00378101i: elastic S-matrix  @@      0.00  0   0 F  0
 Reaction Xsec    19.5+/20 @ 1 =   0.304 , Out:   0.000#   0.019#   0.304f


 Total SPIN, PARITY =    19.5 -,      4 chs,      0 cc.  Rmin & Coul turning =    1.5    5.8
   S-matrix    1 =    0.99515   0.01220 for L=   19, J=   19.5 channel on core I =   0.0 from L=   19,  Acc. loss =  0.0 D.
 Elastic phase shift   1 =    0.351   0.137 deg. for the L =   19, J =   19.5 channel.
      19.5  0.99515062  0.01220085i: elastic S-matrix  @@      0.00  0   0 F  0
 Reaction Xsec    19.5-/19 @ 1 =   0.535 , Out:   0.000#   0.132#   0.535f


 Total SPIN, PARITY =    20.5 +,      4 chs,      0 cc.  Rmin & Coul turning =    1.6    6.1
   S-matrix    1 =    0.99725   0.00734 for L=   20, J=   20.5 channel on core I =   0.0 from L=   20,  Acc. loss =  0.0 D.
 Elastic phase shift   1 =    0.211   0.078 deg. for the L =   20, J =   20.5 channel.
      20.5  0.99724681  0.00733795i: elastic S-matrix  @@      0.02  0   0 F  0
 Reaction Xsec    20.5+/20 @ 1 =   0.321 , Out:   0.000#   0.019#   0.321f


 Total SPIN, PARITY =    20.5 -,      4 chs,      0 cc.  Rmin & Coul turning =    1.6    6.1
   S-matrix    1 =    0.99845   0.00238 for L=   21, J=   20.5 channel on core I =   0.0 from L=   21,  Acc. loss =  0.0 D.
 Elastic phase shift   1 =    0.068   0.044 deg. for the L =   21, J =   20.5 channel.
      20.5  0.99845057  0.00238401i: elastic S-matrix  @@      0.00  0   0 F  0
 Reaction Xsec    20.5-/21 @ 1 =   0.182 , Out:   0.000#   0.035#   0.182f


 Total SPIN, PARITY =    21.5 +,      4 chs,      0 cc.  Rmin & Coul turning =    1.7    6.4
   S-matrix    1 =    0.99912   0.00150 for L=   22, J=   21.5 channel on core I =   0.0 from L=   22,  Acc. loss =  0.0 D.
 Elastic phase shift   1 =    0.043   0.025 deg. for the L =   22, J =   21.5 channel.
      21.5  0.99911992  0.00149515i: elastic S-matrix  @@      0.00  0   0 F  0
 Reaction Xsec    21.5+/22 @ 1 =   0.108 , Out:   0.000#   0.061#   0.108f


 Total SPIN, PARITY =    21.5 -,      4 chs,      0 cc.  Rmin & Coul turning =    1.7    6.4
   S-matrix    1 =    0.99844   0.00441 for L=   21, J=   21.5 channel on core I =   0.0 from L=   21,  Acc. loss =  0.0 D.
 Elastic phase shift   1 =    0.126   0.044 deg. for the L =   21, J =   21.5 channel.
      21.5  0.99843914  0.00440618i: elastic S-matrix  @@      0.00  0   0 F  0
 Reaction Xsec    21.5-/21 @ 1 =   0.191 , Out:   0.000#   0.028#   0.191f


 Total SPIN, PARITY =    22.5 +,      4 chs,      0 cc.  Rmin & Coul turning =    1.8    6.7
   S-matrix    1 =    0.99912   0.00264 for L=   22, J=   22.5 channel on core I =   0.0 from L=   22,  Acc. loss =  0.0 D.
 Elastic phase shift   1 =    0.076   0.025 deg. for the L =   22, J =   22.5 channel.
      22.5  0.99911600  0.00264321i: elastic S-matrix  @@      0.00  0   0 F  0
 Reaction Xsec    22.5+/22 @ 1 =   0.114 , Out:   0.000#   0.065#   0.114f


 Total SPIN, PARITY =    22.5 -,      4 chs,      0 cc.  Rmin & Coul turning =    1.8    6.7
   S-matrix    1 =    0.99950   0.00093 for L=   23, J=   22.5 channel on core I =   0.0 from L=   23,  Acc. loss =  0.0 D.
 Elastic phase shift   1 =    0.027   0.014 deg. for the L =   23, J =   22.5 channel.
      22.5  0.99950109  0.00093367i: elastic S-matrix  @@      0.00  0   0 F  0
 Reaction Xsec    22.5-/23 @ 1 =   0.064 , Out:   0.000#   0.055#   0.064f


 Total SPIN, PARITY =    23.5 +,      4 chs,      0 cc.  Rmin & Coul turning =    1.8    7.0
   S-matrix    1 =    0.99972   0.00058 for L=   24, J=   23.5 channel on core I =   0.0 from L=   24,  Acc. loss =  0.0 D.
 Elastic phase shift   1 =    0.017   0.008 deg. for the L =   24, J =   23.5 channel.
      23.5  0.99971756  0.00058096i: elastic S-matrix  @@      0.00  0   0 F  0
 Reaction Xsec    23.5+/24 @ 1 =   0.038 , Out:   0.000#   0.034#   0.038f


 Total SPIN, PARITY =    23.5 -,      4 chs,      0 cc.  Rmin & Coul turning =    1.8    7.0
   S-matrix    1 =    0.99950   0.00158 for L=   23, J=   23.5 channel on core I =   0.0 from L=   23,  Acc. loss =  0.0 D.
 Elastic phase shift   1 =    0.045   0.014 deg. for the L =   23, J =   23.5 channel.
      23.5  0.99949975  0.00158476i: elastic S-matrix  @@      0.02  0   0 F  0
 Reaction Xsec    23.5-/23 @ 1 =   0.067 , Out:   0.000#   0.060#   0.067f


 Total SPIN, PARITY =    24.5 +,      4 chs,      0 cc.  Rmin & Coul turning =    1.9    7.3
   S-matrix    1 =    0.99972   0.00095 for L=   24, J=   24.5 channel on core I =   0.0 from L=   24,  Acc. loss =  0.0 D.
 Elastic phase shift   1 =    0.027   0.008 deg. for the L =   24, J =   24.5 channel.
      24.5  0.99971710  0.00094986i: elastic S-matrix  @@      0.00  0   0 F  0
 Reaction Xsec    24.5+/24 @ 1 =   0.040 , Out:   0.000#   0.036#   0.040f


 Total SPIN, PARITY =    24.5 -,      4 chs,      0 cc.  Rmin & Coul turning =    1.9    7.3
   S-matrix    1 =    0.99984   0.00036 for L=   25, J=   24.5 channel on core I =   0.0 from L=   25,  Acc. loss =  0.0 D.
 Elastic phase shift   1 =    0.010   0.005 deg. for the L =   25, J =   24.5 channel.
      24.5  0.99984027  0.00036041i: elastic S-matrix  @@      0.00  0   0 F  0
 Reaction Xsec    24.5-/25 @ 1 =   0.022 , Out:   0.000#   0.018#   0.022f


 Total SPIN, PARITY =    25.5 +,      4 chs,      0 cc.  Rmin & Coul turning =    2.0    7.6
   S-matrix    1 =    0.99991   0.00022 for L=   26, J=   25.5 channel on core I =   0.0 from L=   26,  Acc. loss =  0.0 D.
 Elastic phase shift   1 =    0.006   0.003 deg. for the L =   26, J =   25.5 channel.
      25.5  0.99990975  0.00022302i: elastic S-matrix  @@      0.00  0   0 F  0
 Reaction Xsec    25.5+/26 @ 1 =   0.013 , Out:   0.000#   0.010#   0.013f


 Total SPIN, PARITY =    25.5 -,      4 chs,      0 cc.  Rmin & Coul turning =    2.0    7.6
   S-matrix    1 =    0.99984   0.00057 for L=   25, J=   25.5 channel on core I =   0.0 from L=   25,  Acc. loss =  0.0 D.
 Elastic phase shift   1 =    0.016   0.005 deg. for the L =   25, J =   25.5 channel.
      25.5  0.99984012  0.00056924i: elastic S-matrix  @@      0.00  0   0 F  0
 Reaction Xsec    25.5-/25 @ 1 =   0.023 , Out:   0.000#   0.019#   0.023f


 Total SPIN, PARITY =    26.5 +,      4 chs,      0 cc.  Rmin & Coul turning =    2.1    7.9
   S-matrix    1 =    0.99991   0.00034 for L=   26, J=   26.5 channel on core I =   0.0 from L=   26,  Acc. loss =  0.0 D.
 Elastic phase shift   1 =    0.010   0.003 deg. for the L =   26, J =   26.5 channel.
      26.5  0.99990970  0.00034115i: elastic S-matrix  @@      0.00  0   0 F  0
 Reaction Xsec    26.5+/26 @ 1 =   0.014 , Out:   0.000#   0.010#   0.014f


 Total SPIN, PARITY =    26.5 -,      4 chs,      0 cc.  Rmin & Coul turning =    2.1    7.9
   S-matrix    1 =    0.99995   0.00014 for L=   27, J=   26.5 channel on core I =   0.0 from L=   27,  Acc. loss =  0.0 D.
 Elastic phase shift   1 =    0.004   0.001 deg. for the L =   27, J =   26.5 channel.
      26.5  0.99994904  0.00013769i: elastic S-matrix  @@      0.02  0   0 F  0
 Reaction Xsec    26.5-/27 @ 1 =   7.721/, Out:   0.000#   0.005#   0.008f


 Total SPIN, PARITY =    27.5 +,      4 chs,      0 cc.  Rmin & Coul turning =    2.1    8.2
   S-matrix    1 =    0.99997   0.00008 for L=   28, J=   27.5 channel on core I =   0.0 from L=   28,  Acc. loss =  0.0 D.
 Elastic phase shift   1 =    0.002   0.001 deg. for the L =   28, J =   27.5 channel.
      27.5  0.99997125  0.00008487i: elastic S-matrix  @@      0.00  0   0 F  0
 Reaction Xsec    27.5+/28 @ 1 =   4.519/, Out:   0.000#   0.002#   0.005f


 Total SPIN, PARITY =    27.5 -,      4 chs,      0 cc.  Rmin & Coul turning =    2.1    8.2
   S-matrix    1 =    0.99995   0.00020 for L=   27, J=   27.5 channel on core I =   0.0 from L=   27,  Acc. loss =  0.0 D.
 Elastic phase shift   1 =    0.006   0.001 deg. for the L =   27, J =   27.5 channel.
      27.5  0.99994902  0.00020447i: elastic S-matrix  @@      0.00  0   0 F  0
 Reaction Xsec    27.5-/27 @ 1 =   8.008/, Out:   0.000#   0.005#   0.008f


 Total SPIN, PARITY =    28.5 +,      4 chs,      0 cc.  Rmin & Coul turning =    2.2    8.5
   S-matrix    1 =    0.99997   0.00012 for L=   28, J=   28.5 channel on core I =   0.0 from L=   28,  Acc. loss =  0.0 D.
 Elastic phase shift   1 =    0.004   0.001 deg. for the L =   28, J =   28.5 channel.
      28.5  0.99997124  0.00012259i: elastic S-matrix  @@      0.00  0   0 F  0
 Reaction Xsec    28.5+/28 @ 1 =   4.680/, Out:   0.000#   0.002#   0.005f


 Total SPIN, PARITY =    28.5 -,      4 chs,      0 cc.  Rmin & Coul turning =    2.2    8.5
   S-matrix    1 =    0.99998   0.00005 for L=   29, J=   28.5 channel on core I =   0.0 from L=   29,  Acc. loss =  0.0 D.
 Elastic phase shift   1 =    0.001   0.000 deg. for the L =   29, J =   28.5 channel.
      28.5  0.99998378  0.00005223i: elastic S-matrix  @@      0.00  0   0 F  0
 Reaction Xsec    28.5-/29 @ 1 =   2.639/, Out:   0.000#   0.000#   0.003f


 Total SPIN, PARITY =    29.5 +,      4 chs,      0 cc.  Rmin & Coul turning =    2.3    8.8
   S-matrix    1 =    0.99999   0.00003 for L=   30, J=   29.5 channel on core I =   0.0 from L=   30,  Acc. loss =  0.0 D.
 Elastic phase shift   1 =    0.001   0.000 deg. for the L =   30, J =   29.5 channel.
      29.5  0.99999086  0.00003212i: elastic S-matrix  @@      0.02  0   0 F  0
 Reaction Xsec    29.5+/30 @ 1 =   1.539/, Out:   0.000#   0.000#   0.002f


 Total SPIN, PARITY =    29.5 -,      4 chs,      0 cc.  Rmin & Coul turning =    2.3    8.8
   S-matrix    1 =    0.99998   0.00007 for L=   29, J=   29.5 channel on core I =   0.0 from L=   29,  Acc. loss =  0.0 D.
 Elastic phase shift   1 =    0.002   0.000 deg. for the L =   29, J =   29.5 channel.
      29.5  0.99998378  0.00007353i: elastic S-matrix  @@      0.00  0   0 F  0
 Reaction Xsec    29.5-/29 @ 1 =   2.731/, Out:   0.000#   0.000#   0.003f


 Total SPIN, PARITY =    30.5 +,      4 chs,      0 cc.  Rmin & Coul turning =    2.4    9.1
   S-matrix    1 =    0.99999   0.00004 for L=   30, J=   30.5 channel on core I =   0.0 from L=   30,  Acc. loss =  0.0 D.
 Elastic phase shift   1 =    0.001   0.000 deg. for the L =   30, J =   30.5 channel.
      30.5  0.99999086  0.00004413i: elastic S-matrix  @@      0.00  0   0 F  0
 Reaction Xsec    30.5+/30 @ 1 =   1.590/, Out:   0.000#   0.000#   0.002f


 Total SPIN, PARITY =    30.5 -,      4 chs,      0 cc.  Rmin & Coul turning =    2.4    9.1
   S-matrix    1 =    0.99999   0.00002 for L=   31, J=   30.5 channel on core I =   0.0 from L=   31,  Acc. loss =  0.0 D.
 Elastic phase shift   1 =    0.001   0.000 deg. for the L =   31, J =   30.5 channel.
      30.5  0.99999485  0.00001975i: elastic S-matrix  @@      0.00  0   0 F  0
 Reaction Xsec    30.5-/31 @ 1 =   0.896/, Out:   0.000#   0.000#   0.001f


 Total SPIN, PARITY =    31.5 +,      4 chs,      0 cc.  Rmin & Coul turning =    2.5    9.4
   S-matrix    1 =    1.00000   0.00001 for L=   32, J=   31.5 channel on core I =   0.0 from L=   32,  Acc. loss =  0.0 D.
 Elastic phase shift   1 =    0.000   0.000 deg. for the L =   32, J =   31.5 channel.
      31.5  0.99999710  0.00001214i: elastic S-matrix  @@      0.00  0   0 F  0
 Reaction Xsec    31.5+/32 @ 1 =   0.521/, Out:   0.000#   0.000#   0.001f


 Total SPIN, PARITY =    31.5 -,      4 chs,      0 cc.  Rmin & Coul turning =    2.5    9.4
   S-matrix    1 =    0.99999   0.00003 for L=   31, J=   31.5 channel on core I =   0.0 from L=   31,  Acc. loss =  0.0 D.
 Elastic phase shift   1 =    0.001   0.000 deg. for the L =   31, J =   31.5 channel.
      31.5  0.99999485  0.00002653i: elastic S-matrix  @@      0.00  0   0 F  0
 Reaction Xsec    31.5-/31 @ 1 =   0.925/, Out:   0.000#   0.000#   0.001f


 Total SPIN, PARITY =    32.5 +,      4 chs,      0 cc.  Rmin & Coul turning =    2.6    9.7
   S-matrix    1 =    1.00000   0.00002 for L=   32, J=   32.5 channel on core I =   0.0 from L=   32,  Acc. loss =  0.0 D.
 Elastic phase shift   1 =    0.000   0.000 deg. for the L =   32, J =   32.5 channel.
      32.5  0.99999710  0.00001596i: elastic S-matrix  @@      0.02  0   0 F  0
 Reaction Xsec    32.5+/32 @ 1 =   0.537/, Out:   0.000#   0.000#   0.001f


 Total SPIN, PARITY =    32.5 -,      4 chs,      0 cc.  Rmin & Coul turning =    2.6    9.7
   S-matrix    1 =    1.00000   0.00001 for L=   33, J=   32.5 channel on core I =   0.0 from L=   33,  Acc. loss =  0.0 D.
 Elastic phase shift   1 =    0.000   0.000 deg. for the L =   33, J =   32.5 channel.
      32.5  0.99999837  0.00000749i: elastic S-matrix  @@      0.00  0   0 F  0
 Reaction Xsec    32.5-/33 @ 1 =   0.302/, Out:   0.000#   0.000#   0.000f


 Total SPIN, PARITY =    33.5 +,      4 chs,      0 cc.  Rmin & Coul turning =    2.6   10.0
   S-matrix    1 =    1.00000   0.00000 for L=   34, J=   33.5 channel on core I =   0.0 from L=   34,  Acc. loss =  0.0 D.
 Elastic phase shift   1 =    0.000   0.000 deg. for the L =   34, J =   33.5 channel.
      33.5  0.99999908  0.00000463i: elastic S-matrix  @@      0.00  0   0 F  0
 Reaction Xsec    33.5+/34 @ 1 =   0.175/, Out:   0.000#   0.000#   0.000f


 Total SPIN, PARITY =    33.5 -,      4 chs,      0 cc.  Rmin & Coul turning =    2.6   10.0
   S-matrix    1 =    1.00000   0.00001 for L=   33, J=   33.5 channel on core I =   0.0 from L=   33,  Acc. loss =  0.0 D.
 Elastic phase shift   1 =    0.000   0.000 deg. for the L =   33, J =   33.5 channel.
      33.5  0.99999837  0.00000964i: elastic S-matrix  @@      0.00  0   0 F  0
 Reaction Xsec    33.5-/33 @ 1 =   0.311/, Out:   0.000#   0.000#   0.000f


 Total SPIN, PARITY =    34.5 +,      4 chs,      0 cc.  Rmin & Coul turning =    2.7   10.3
   S-matrix    1 =    1.00000   0.00001 for L=   34, J=   34.5 channel on core I =   0.0 from L=   34,  Acc. loss =  0.0 D.
 Elastic phase shift   1 =    0.000   0.000 deg. for the L =   34, J =   34.5 channel.
      34.5  0.99999908  0.00000584i: elastic S-matrix  @@      0.00  0   0 F  0
 Reaction Xsec    34.5+/34 @ 1 =   0.180/, Out:   0.000#   0.000#   0.000f


 Total SPIN, PARITY =    34.5 -,      4 chs,      0 cc.  Rmin & Coul turning =    2.7   10.3
   S-matrix    1 =    1.00000   0.00000 for L=   35, J=   34.5 channel on core I =   0.0 from L=   35,  Acc. loss =  0.0 D.
 Elastic phase shift   1 =    0.000   0.000 deg. for the L =   35, J =   34.5 channel.
      34.5  0.99999948  0.00000288i: elastic S-matrix  @@      0.00  0   0 F  0
 Reaction Xsec    34.5-/35 @ 1 =   0.101/, Out:   0.000#   0.000#   0.000f


 Total SPIN, PARITY =    35.5 +,      4 chs,      0 cc.  Rmin & Coul turning =    2.8   10.6
   S-matrix    1 =    1.00000   0.00000 for L=   36, J=   35.5 channel on core I =   0.0 from L=   36,  Acc. loss =  0.0 D.
 Elastic phase shift   1 =    0.000   0.000 deg. for the L =   36, J =   35.5 channel.
      35.5  0.99999971  0.00000182i: elastic S-matrix  @@      0.02  0   0 F  0
 Reaction Xsec    35.5+/36 @ 1 =   0.059/, Out:   0.000#   0.000#   0.000f


 Total SPIN, PARITY =    35.5 -,      4 chs,      0 cc.  Rmin & Coul turning =    2.8   10.6
   S-matrix    1 =    1.00000   0.00000 for L=   35, J=   35.5 channel on core I =   0.0 from L=   35,  Acc. loss =  0.0 D.
 Elastic phase shift   1 =    0.000   0.000 deg. for the L =   35, J =   35.5 channel.
      35.5  0.99999948  0.00000356i: elastic S-matrix  @@      0.00  0   0 F  0
 Reaction Xsec    35.5-/35 @ 1 =   0.104/, Out:   0.000#   0.000#   0.000f


 Total SPIN, PARITY =    36.5 +,      4 chs,      0 cc.  Rmin & Coul turning =    2.9   10.9
   S-matrix    1 =    1.00000   0.00000 for L=   36, J=   36.5 channel on core I =   0.0 from L=   36,  Acc. loss =  0.0 D.
 Elastic phase shift   1 =    0.000   0.000 deg. for the L =   36, J =   36.5 channel.
      36.5  0.99999971  0.00000221i: elastic S-matrix  @@      0.00  0   0 F  0
 Reaction Xsec    36.5+/36 @ 1 =   0.060/, Out:   0.000#   0.000#   0.000f


 Total SPIN, PARITY =    36.5 -,      4 chs,      0 cc.  Rmin & Coul turning =    2.9   10.9
   S-matrix    1 =    1.00000   0.00000 for L=   37, J=   36.5 channel on core I =   0.0 from L=   37,  Acc. loss =  0.0 D.
 Elastic phase shift   1 =    0.000   0.000 deg. for the L =   37, J =   36.5 channel.
      36.5  0.99999984  0.00000115i: elastic S-matrix  @@      0.00  0   0 F  0
 Reaction Xsec    36.5-/37 @ 1 =   0.034/, Out:   0.000#   0.000#   0.000f


 Total SPIN, PARITY =    37.5 +,      4 chs,      0 cc.  Rmin & Coul turning =    3.0   11.2
   S-matrix    1 =    1.00000   0.00000 for L=   38, J=   37.5 channel on core I =   0.0 from L=   38,  Acc. loss =  0.0 D.
 Elastic phase shift   1 =    0.000   0.000 deg. for the L =   38, J =   37.5 channel.
0****** WARNING : ACCURACY LOSS IN ERWIN = 14.6 DIGITS, SO EXPECT ERRORS OF   0.0000 % OF UNITARITY

      37.5  0.99999991  0.00000077i: elastic S-matrix  @@      0.00  0   0 F  0
 Reaction Xsec    37.5+/38 @ 1 =   0.020/, Out:   0.000#   0.000#   0.000f


 Total SPIN, PARITY =    37.5 -,      4 chs,      0 cc.  Rmin & Coul turning =    3.0   11.2
   S-matrix    1 =    1.00000   0.00000 for L=   37, J=   37.5 channel on core I =   0.0 from L=   37,  Acc. loss =  0.0 D.
 Elastic phase shift   1 =    0.000   0.000 deg. for the L =   37, J =   37.5 channel.
      37.5  0.99999984  0.00000137i: elastic S-matrix  @@      0.00  0   0 F  0
 Reaction Xsec    37.5-/37 @ 1 =   0.035/, Out:   0.000#   0.000#   0.000f


 Total SPIN, PARITY =    38.5 +,      4 chs,      0 cc.  Rmin & Coul turning =    3.0   11.5
   S-matrix    1 =    1.00000   0.00000 for L=   38, J=   38.5 channel on core I =   0.0 from L=   38,  Acc. loss =  0.0 D.
 Elastic phase shift   1 =    0.000   0.000 deg. for the L =   38, J =   38.5 channel.
0****** WARNING : ACCURACY LOSS IN ERWIN = 14.4 DIGITS, SO EXPECT ERRORS OF   0.0000 % OF UNITARITY

      38.5  0.99999991  0.00000089i: elastic S-matrix  @@      0.02  0   0 F  0
 Reaction Xsec    38.5+/38 @ 1 =   0.020/, Out:   0.000#   0.000#   0.000f


 Total SPIN, PARITY =    38.5 -,      4 chs,      0 cc.  Rmin & Coul turning =    3.0   11.5
   S-matrix    1 =    1.00000   0.00000 for L=   39, J=   38.5 channel on core I =   0.0 from L=   39,  Acc. loss =  0.0 D.
 Elastic phase shift   1 =    0.000   0.000 deg. for the L =   39, J =   38.5 channel.
      38.5  0.99999995  0.00000052i: elastic S-matrix  @@      0.00  0   0 F  0
 Reaction Xsec    38.5-/39 @ 1 =   0.011/, Out:   0.000#   0.000#   0.000f


 Total SPIN, PARITY =    39.5 +,      4 chs,      0 cc.  Rmin & Coul turning =    3.1   11.8
   S-matrix    1 =    1.00000   0.00000 for L=   40, J=   39.5 channel on core I =   0.0 from L=   40,  Acc. loss =  0.0 D.
 Elastic phase shift   1 =    0.000   0.000 deg. for the L =   40, J =   39.5 channel.
0****** WARNING : ACCURACY LOSS IN ERWIN = 14.1 DIGITS, SO EXPECT ERRORS OF   0.0000 % OF UNITARITY

      39.5  0.99999997  0.00000035i: elastic S-matrix  @@      0.00  0   0 F  0
 Reaction Xsec    39.5+/40 @ 1 =   6.492#, Out:   0.000#   0.000#   0.000f


 Total SPIN, PARITY =    39.5 -,      4 chs,      0 cc.  Rmin & Coul turning =    3.1   11.8
   S-matrix    1 =    1.00000   0.00000 for L=   39, J=   39.5 channel on core I =   0.0 from L=   39,  Acc. loss =  0.0 D.
 Elastic phase shift   1 =    0.000   0.000 deg. for the L =   39, J =   39.5 channel.
      39.5  0.99999995  0.00000059i: elastic S-matrix  @@      0.00  0   0 F  0
 Reaction Xsec    39.5-/39 @ 1 =   0.012/, Out:   0.000#   0.000#   0.000f


 Total SPIN, PARITY =    40.5 +,      4 chs,      0 cc.  Rmin & Coul turning =    3.2   12.1
   S-matrix    1 =    1.00000   0.00000 for L=   40, J=   40.5 channel on core I =   0.0 from L=   40,  Acc. loss =  0.0 D.
 Elastic phase shift   1 =    0.000   0.000 deg. for the L =   40, J =   40.5 channel.
0****** WARNING : ACCURACY LOSS IN ERWIN = 14.3 DIGITS, SO EXPECT ERRORS OF   0.0000 % OF UNITARITY

      40.5  0.99999997  0.00000039i: elastic S-matrix  @@      0.00  0   0 F  0
 Reaction Xsec    40.5+/40 @ 1 =   6.655#, Out:   0.000#   0.000#   0.000f


 Total SPIN, PARITY =    40.5 -,      4 chs,      0 cc.  Rmin & Coul turning =    3.2   12.1
   S-matrix    1 =    1.00000   0.00000 for L=   41, J=   40.5 channel on core I =   0.0 from L=   41,  Acc. loss =  0.0 D.
 Elastic phase shift   1 =    0.000   0.000 deg. for the L =   41, J =   40.5 channel.
      40.5  0.99999998  0.00000028i: elastic S-matrix  @@      0.02  0   0 F  0
 Reaction Xsec    40.5-/41 @ 1 =   3.736#, Out:   0.000#   0.000#   0.000f


 Total SPIN, PARITY =    41.5 +,      4 chs,      0 cc.  Rmin & Coul turning =    3.2   12.4
   S-matrix    1 =    1.00000   0.00000 for L=   42, J=   41.5 channel on core I =   0.0 from L=   42,  Acc. loss =  0.0 D.
 Elastic phase shift   1 =    0.000   0.000 deg. for the L =   42, J =   41.5 channel.
      41.5  0.99999999  0.00000020i: elastic S-matrix  @@      0.00  0   0 F  0
 Reaction Xsec    41.5+/42 @ 1 =   2.147#, Out:   0.000#   0.000#   0.000f


 Total SPIN, PARITY =    41.5 -,      4 chs,      0 cc.  Rmin & Coul turning =    3.2   12.4
   S-matrix    1 =    1.00000   0.00000 for L=   41, J=   41.5 channel on core I =   0.0 from L=   41,  Acc. loss =  0.0 D.
 Elastic phase shift   1 =    0.000   0.000 deg. for the L =   41, J =   41.5 channel.
      41.5  0.99999998  0.00000030i: elastic S-matrix  @@      0.00  0   0 F  0
 Reaction Xsec    41.5-/41 @ 1 =   3.827#, Out:   0.000#   0.000#   0.000f


 Total SPIN, PARITY =    42.5 +,      4 chs,      0 cc.  Rmin & Coul turning =    3.4   12.7
   S-matrix    1 =    1.00000   0.00000 for L=   42, J=   42.5 channel on core I =   0.0 from L=   42,  Acc. loss =  0.0 D.
 Elastic phase shift   1 =    0.000   0.000 deg. for the L =   42, J =   42.5 channel.
      42.5  0.99999999  0.00000022i: elastic S-matrix  @@      0.00  0   0 F  0
 Reaction Xsec    42.5+/42 @ 1 =   2.199#, Out:   0.000#   0.000#   0.000f


 Total SPIN, PARITY =    42.5 -,      4 chs,      0 cc.  Rmin & Coul turning =    3.4   12.7
   S-matrix    1 =    1.00000   0.00000 for L=   43, J=   42.5 channel on core I =   0.0 from L=   43,  Acc. loss =  0.0 D.
 Elastic phase shift   1 =    0.000   0.000 deg. for the L =   43, J =   42.5 channel.
0****** WARNING : ACCURACY LOSS IN ERWIN = 14.2 DIGITS, SO EXPECT ERRORS OF   0.0000 % OF UNITARITY

      42.5  0.99999999  0.00000016i: elastic S-matrix  @@      0.00  0   0 F  0
 Reaction Xsec    42.5-/43 @ 1 =   1.233#, Out:   0.000#   0.000#   0.000f


 Total SPIN, PARITY =    43.5 +,      4 chs,      0 cc.  Rmin & Coul turning =    3.4   13.0
   S-matrix    1 =    1.00000   0.00000 for L=   44, J=   43.5 channel on core I =   0.0 from L=   44,  Acc. loss =  0.0 D.
 Elastic phase shift   1 =    0.000   0.000 deg. for the L =   44, J =   43.5 channel.
0****** WARNING : ACCURACY LOSS IN ERWIN = 14.2 DIGITS, SO EXPECT ERRORS OF   0.0000 % OF UNITARITY

      43.5  1.00000000  0.00000016i: elastic S-matrix  @@      0.00  0   0 F  0
 Reaction Xsec    43.5+/44 @ 1 =   0.708#, Out:   0.000#   0.000#   0.000f


 Total SPIN, PARITY =    43.5 -,      4 chs,      0 cc.  Rmin & Coul turning =    3.4   13.0
   S-matrix    1 =    1.00000   0.00000 for L=   43, J=   43.5 channel on core I =   0.0 from L=   43,  Acc. loss =  0.0 D.
 Elastic phase shift   1 =    0.000   0.000 deg. for the L =   43, J =   43.5 channel.
0****** WARNING : ACCURACY LOSS IN ERWIN = 14.3 DIGITS, SO EXPECT ERRORS OF   0.0000 % OF UNITARITY

      43.5  0.99999999  0.00000017i: elastic S-matrix  @@      0.00  0   0 F  0
 Reaction Xsec    43.5-/43 @ 1 =   1.262#, Out:   0.000#   0.000#   0.000f


 Total SPIN, PARITY =    44.5 +,      4 chs,      0 cc.  Rmin & Coul turning =    3.5   13.3
   S-matrix    1 =    1.00000   0.00000 for L=   44, J=   44.5 channel on core I =   0.0 from L=   44,  Acc. loss =  0.0 D.
 Elastic phase shift   1 =    0.000   0.000 deg. for the L =   44, J =   44.5 channel.
      44.5  1.00000000  0.00000016i: elastic S-matrix  @@      0.02  0   0 F  0
 Reaction Xsec    44.5+/44 @ 1 =   0.724#, Out:   0.000#   0.000#   0.000f


 Total SPIN, PARITY =    44.5 -,      4 chs,      0 cc.  Rmin & Coul turning =    3.5   13.3
   S-matrix    1 =    1.00000   0.00000 for L=   45, J=   44.5 channel on core I =   0.0 from L=   45,  Acc. loss =  0.0 D.
 Elastic phase shift   1 =    0.000   0.000 deg. for the L =   45, J =   44.5 channel.
0****** WARNING : ACCURACY LOSS IN ERWIN = 14.3 DIGITS, SO EXPECT ERRORS OF   0.0000 % OF UNITARITY

      44.5  1.00000000  0.00000012i: elastic S-matrix  @@      0.00  0   0 F  0
 Reaction Xsec    44.5-/45 @ 1 =   0.406#, Out:   0.000#   0.000#   0.000f


 Total SPIN, PARITY =    45.5 +,      4 chs,      0 cc.  Rmin & Coul turning =    3.6   13.6
   S-matrix    1 =    1.00000   0.00000 for L=   46, J=   45.5 channel on core I =   0.0 from L=   46,  Acc. loss =  0.0 D.
 Elastic phase shift   1 =    0.000   0.000 deg. for the L =   46, J =   45.5 channel.
0****** WARNING : ACCURACY LOSS IN ERWIN = 14.3 DIGITS, SO EXPECT ERRORS OF   0.0000 % OF UNITARITY

      45.5  1.00000000  0.00000011i: elastic S-matrix  @@      0.00  0   0 F  0
 Reaction Xsec    45.5+/46 @ 1 =   0.233#, Out:   0.000#   0.000#   0.000f


 Total SPIN, PARITY =    45.5 -,      4 chs,      0 cc.  Rmin & Coul turning =    3.6   13.6
   S-matrix    1 =    1.00000   0.00000 for L=   45, J=   45.5 channel on core I =   0.0 from L=   45,  Acc. loss =  0.0 D.
 Elastic phase shift   1 =    0.000   0.000 deg. for the L =   45, J =   45.5 channel.
0****** WARNING : ACCURACY LOSS IN ERWIN = 14.3 DIGITS, SO EXPECT ERRORS OF   0.0000 % OF UNITARITY

      45.5  1.00000000  0.00000012i: elastic S-matrix  @@      0.00  0   0 F  0
 Reaction Xsec    45.5-/45 @ 1 =   0.415#, Out:   0.000#   0.000#   0.000f


 Total SPIN, PARITY =    46.5 +,      4 chs,      0 cc.  Rmin & Coul turning =    3.7   13.9
   S-matrix    1 =    1.00000   0.00000 for L=   46, J=   46.5 channel on core I =   0.0 from L=   46,  Acc. loss =  0.0 D.
 Elastic phase shift   1 =    0.000   0.000 deg. for the L =   46, J =   46.5 channel.
0****** WARNING : ACCURACY LOSS IN ERWIN = 14.7 DIGITS, SO EXPECT ERRORS OF   0.0000 % OF UNITARITY

      46.5  1.00000000  0.00000011i: elastic S-matrix  @@      0.00  0   0 F  0
 Reaction Xsec    46.5+/46 @ 1 =   0.238#, Out:   0.000#   0.000#   0.000f


 Total SPIN, PARITY =    46.5 -,      4 chs,      0 cc.  Rmin & Coul turning =    3.7   13.9
   S-matrix    1 =    1.00000   0.00000 for L=   47, J=   46.5 channel on core I =   0.0 from L=   47,  Acc. loss =  0.0 D.
 Elastic phase shift   1 =    0.000   0.000 deg. for the L =   47, J =   46.5 channel.
      46.5  1.00000000  0.00000012i: elastic S-matrix  @@      0.00  0   0 F  0
 Reaction Xsec    46.5-/47 @ 1 =   0.133#, Out:   0.000#   0.000#   0.000f


 Total SPIN, PARITY =    47.5 +,      4 chs,      0 cc.  Rmin & Coul turning =    3.8   14.2
   S-matrix    1 =    1.00000   0.00000 for L=   48, J=   47.5 channel on core I =   0.0 from L=   48,  Acc. loss =  0.0 D.
 Elastic phase shift   1 =    0.000   0.000 deg. for the L =   48, J =   47.5 channel.
0****** WARNING : ACCURACY LOSS IN ERWIN = 14.2 DIGITS, SO EXPECT ERRORS OF   0.0000 % OF UNITARITY

      47.5  1.00000000  0.00000008i: elastic S-matrix  @@      0.02  0   0 F  0
 Reaction Xsec    47.5+/48 @ 1 =   0.076#, Out:   0.000#   0.000#   0.000f


 Total SPIN, PARITY =    47.5 -,      4 chs,      0 cc.  Rmin & Coul turning =    3.8   14.2
   S-matrix    1 =    1.00000   0.00000 for L=   47, J=   47.5 channel on core I =   0.0 from L=   47,  Acc. loss =  0.0 D.
 Elastic phase shift   1 =    0.000   0.000 deg. for the L =   47, J =   47.5 channel.
      47.5  1.00000000  0.00000012i: elastic S-matrix  @@      0.00  0   0 F  0
 Reaction Xsec    47.5-/47 @ 1 =   0.136#, Out:   0.000#   0.000#   0.000f


 Total SPIN, PARITY =    48.5 +,      4 chs,      0 cc.  Rmin & Coul turning =    3.8   14.5
   S-matrix    1 =    1.00000   0.00000 for L=   48, J=   48.5 channel on core I =   0.0 from L=   48,  Acc. loss =  0.0 D.
 Elastic phase shift   1 =    0.000   0.000 deg. for the L =   48, J =   48.5 channel.
0****** WARNING : ACCURACY LOSS IN ERWIN = 14.3 DIGITS, SO EXPECT ERRORS OF   0.0000 % OF UNITARITY

      48.5  1.00000000  0.00000008i: elastic S-matrix  @@      0.00  0   0 F  0
 Reaction Xsec    48.5+/48 @ 1 =   0.078#, Out:   0.000#   0.000#   0.000f


 Total SPIN, PARITY =    48.5 -,      4 chs,      0 cc.  Rmin & Coul turning =    3.8   14.5
   S-matrix    1 =    1.00000   0.00000 for L=   49, J=   48.5 channel on core I =   0.0 from L=   49,  Acc. loss =  0.0 D.
 Elastic phase shift   1 =    0.000   0.000 deg. for the L =   49, J =   48.5 channel.
0****** WARNING : ACCURACY LOSS IN ERWIN = 14.6 DIGITS, SO EXPECT ERRORS OF   0.0000 % OF UNITARITY

      48.5  1.00000000  0.00000008i: elastic S-matrix  @@      0.00  0   0 F  0
 Reaction Xsec    48.5-/49 @ 1 =   0.044#, Out:   0.000#   0.000#   0.000f


 Total SPIN, PARITY =    49.5 +,      4 chs,      0 cc.  Rmin & Coul turning =    3.9   14.8
   S-matrix    1 =    1.00000   0.00000 for L=   50, J=   49.5 channel on core I =   0.0 from L=   50,  Acc. loss =  0.0 D.
 Elastic phase shift   1 =    0.000   0.000 deg. for the L =   50, J =   49.5 channel.
      49.5  1.00000000  0.00000010i: elastic S-matrix  @@      0.00  0   0 F  0
 Reaction Xsec    49.5+/50 @ 1 =   0.025#, Out:   0.000#   0.000#   0.000f


 Total SPIN, PARITY =    49.5 -,      4 chs,      0 cc.  Rmin & Coul turning =    3.9   14.8
   S-matrix    1 =    1.00000   0.00000 for L=   49, J=   49.5 channel on core I =   0.0 from L=   49,  Acc. loss =  0.0 D.
 Elastic phase shift   1 =    0.000   0.000 deg. for the L =   49, J =   49.5 channel.
0****** WARNING : ACCURACY LOSS IN ERWIN = 14.3 DIGITS, SO EXPECT ERRORS OF   0.0000 % OF UNITARITY

      49.5  1.00000000  0.00000008i: elastic S-matrix  @@      0.00  0   0 F  0
 Reaction Xsec    49.5-/49 @ 1 =   0.045#, Out:   0.000#   0.000#   0.000f


 Total SPIN, PARITY =    50.5 +,      4 chs,      0 cc.  Rmin & Coul turning =    4.0   15.1
   S-matrix    1 =    1.00000   0.00000 for L=   50, J=   50.5 channel on core I =   0.0 from L=   50,  Acc. loss =  0.0 D.
 Elastic phase shift   1 =    0.000   0.000 deg. for the L =   50, J =   50.5 channel.
      50.5  1.00000000  0.00000010i: elastic S-matrix  @@      0.02  0   0 F  0
 Reaction Xsec    50.5+/50 @ 1 =   0.025#, Out:   0.000#   0.000#   0.000f


 Total SPIN, PARITY =    50.5 -,      4 chs,      0 cc.  Rmin & Coul turning =    4.0   15.1
   S-matrix    1 =    1.00000   0.00000 for L=   51, J=   50.5 channel on core I =   0.0 from L=   51,  Acc. loss =  0.0 D.
 Elastic phase shift   1 =    0.000   0.000 deg. for the L =   51, J =   50.5 channel.
0****** WARNING : ACCURACY LOSS IN ERWIN = 14.4 DIGITS, SO EXPECT ERRORS OF   0.0000 % OF UNITARITY

      50.5  1.00000000  0.00000006i: elastic S-matrix  @@      0.00  0   0 F  0
 Reaction Xsec    50.5-/51 @ 1 =   0.014#, Out:   0.000#   0.000#   0.000f


 Total SPIN, PARITY =    51.5 +,      4 chs,      0 cc.  Rmin & Coul turning =    4.0   15.4
   S-matrix    1 =    1.00000   0.00000 for L=   52, J=   51.5 channel on core I =   0.0 from L=   52,  Acc. loss =  0.0 D.
 Elastic phase shift   1 =    0.000   0.000 deg. for the L =   52, J =   51.5 channel.
0****** WARNING : ACCURACY LOSS IN ERWIN = 14.8 DIGITS, SO EXPECT ERRORS OF   0.0000 % OF UNITARITY

      51.5  1.00000000  0.00000006i: elastic S-matrix  @@      0.00  0   0 F  0
 Reaction Xsec    51.5+/52 @ 1 =   0.008#, Out:   0.000#   0.000#   0.000f


 Total SPIN, PARITY =    51.5 -,      4 chs,      0 cc.  Rmin & Coul turning =    4.0   15.4
   S-matrix    1 =    1.00000   0.00000 for L=   51, J=   51.5 channel on core I =   0.0 from L=   51,  Acc. loss =  0.0 D.
 Elastic phase shift   1 =    0.000   0.000 deg. for the L =   51, J =   51.5 channel.
0****** WARNING : ACCURACY LOSS IN ERWIN = 14.2 DIGITS, SO EXPECT ERRORS OF   0.0000 % OF UNITARITY

      51.5  1.00000000  0.00000006i: elastic S-matrix  @@      0.00  0   0 F  0
 Reaction Xsec    51.5-/51 @ 1 =   0.015#, Out:   0.000#   0.000#   0.000f


 Total SPIN, PARITY =    52.5 +,      4 chs,      0 cc.  Rmin & Coul turning =    4.2   15.7
   S-matrix    1 =    1.00000   0.00000 for L=   52, J=   52.5 channel on core I =   0.0 from L=   52,  Acc. loss =  0.0 D.
 Elastic phase shift   1 =    0.000   0.000 deg. for the L =   52, J =   52.5 channel.
0****** WARNING : ACCURACY LOSS IN ERWIN = 14.9 DIGITS, SO EXPECT ERRORS OF   0.0000 % OF UNITARITY

      52.5  1.00000000  0.00000006i: elastic S-matrix  @@      0.00  0   0 F  0
 Reaction Xsec    52.5+/52 @ 1 =   0.008#, Out:   0.000#   0.000#   0.000f


 Total SPIN, PARITY =    52.5 -,      4 chs,      0 cc.  Rmin & Coul turning =    4.2   15.7
   S-matrix    1 =    1.00000   0.00000 for L=   53, J=   52.5 channel on core I =   0.0 from L=   53,  Acc. loss =  0.0 D.
 Elastic phase shift   1 =    0.000   0.000 deg. for the L =   53, J =   52.5 channel.
      52.5  1.00000000  0.00000008i: elastic S-matrix  @@      0.00  0   0 F  0
 Reaction Xsec    52.5-/53 @ 1 =   0.005#, Out:   0.000#   0.000#   0.000f


 Total SPIN, PARITY =    53.5 +,      4 chs,      0 cc.  Rmin & Coul turning =    4.2   16.0
   S-matrix    1 =    1.00000   0.00000 for L=   54, J=   53.5 channel on core I =   0.0 from L=   54,  Acc. loss =  0.0 D.
 Elastic phase shift   1 =    0.000   0.000 deg. for the L =   54, J =   53.5 channel.
0****** WARNING : ACCURACY LOSS IN ERWIN = 14.2 DIGITS, SO EXPECT ERRORS OF   0.0000 % OF UNITARITY

      53.5  1.00000000  0.00000005i: elastic S-matrix  @@      0.02  0   0 F  0
 Reaction Xsec    53.5+/54 @ 1 =   0.003#, Out:   0.000#   0.000#   0.000f


 Total SPIN, PARITY =    53.5 -,      4 chs,      0 cc.  Rmin & Coul turning =    4.2   16.0
   S-matrix    1 =    1.00000   0.00000 for L=   53, J=   53.5 channel on core I =   0.0 from L=   53,  Acc. loss =  0.0 D.
 Elastic phase shift   1 =    0.000   0.000 deg. for the L =   53, J =   53.5 channel.
      53.5  1.00000000  0.00000008i: elastic S-matrix  @@      0.00  0   0 F  0
 Reaction Xsec    53.5-/53 @ 1 =   0.005#, Out:   0.000#   0.000#   0.000f


 Total SPIN, PARITY =    54.5 +,      4 chs,      0 cc.  Rmin & Coul turning =    4.3   16.3
   S-matrix    1 =    1.00000   0.00000 for L=   54, J=   54.5 channel on core I =   0.0 from L=   54,  Acc. loss =  0.0 D.
 Elastic phase shift   1 =    0.000   0.000 deg. for the L =   54, J =   54.5 channel.
0****** WARNING : ACCURACY LOSS IN ERWIN = 14.6 DIGITS, SO EXPECT ERRORS OF   0.0000 % OF UNITARITY

      54.5  1.00000000  0.00000005i: elastic S-matrix  @@      0.00  0   0 F  0
 Reaction Xsec    54.5+/54 @ 1 =   0.003#, Out:   0.000#   0.000#   0.000f


 Total SPIN, PARITY =    54.5 -,      4 chs,      0 cc.  Rmin & Coul turning =    4.3   16.3
   S-matrix    1 =    1.00000   0.00000 for L=   55, J=   54.5 channel on core I =   0.0 from L=   55,  Acc. loss =  0.0 D.
 Elastic phase shift   1 =    0.000   0.000 deg. for the L =   55, J =   54.5 channel.
0****** WARNING : ACCURACY LOSS IN ERWIN = 15.2 DIGITS, SO EXPECT ERRORS OF   0.0000 % OF UNITARITY

      54.5  1.00000000  0.00000004i: elastic S-matrix  @@      0.00  0   0 F  0
 Reaction Xsec    54.5-/55 @ 1 =   0.002#, Out:   0.000#   0.000#   0.000f


 Total SPIN, PARITY =    55.5 +,      4 chs,      0 cc.  Rmin & Coul turning =    4.4   16.6
   S-matrix    1 =    1.00000   0.00000 for L=   56, J=   55.5 channel on core I =   0.0 from L=   56,  Acc. loss =  0.0 D.
 Elastic phase shift   1 =    0.000   0.000 deg. for the L =   56, J =   55.5 channel.
      55.5  1.00000000  0.00000007i: elastic S-matrix  @@      0.00  0   0 F  0
 Reaction Xsec    55.5+/56 @ 1 =   0.001#, Out:   0.000#   0.000#   0.000f


 Total SPIN, PARITY =    55.5 -,      4 chs,      0 cc.  Rmin & Coul turning =    4.4   16.6
   S-matrix    1 =    1.00000   0.00000 for L=   55, J=   55.5 channel on core I =   0.0 from L=   55,  Acc. loss =  0.0 D.
 Elastic phase shift   1 =    0.000   0.000 deg. for the L =   55, J =   55.5 channel.
0****** WARNING : ACCURACY LOSS IN ERWIN = 14.3 DIGITS, SO EXPECT ERRORS OF   0.0000 % OF UNITARITY

      55.5  1.00000000  0.00000004i: elastic S-matrix  @@      0.00  0   0 F  0
 Reaction Xsec    55.5-/55 @ 1 =   0.002#, Out:   0.000#   0.000#   0.000f


 Total SPIN, PARITY =    56.5 +,      4 chs,      0 cc.  Rmin & Coul turning =    4.5   16.9
   S-matrix    1 =    1.00000   0.00000 for L=   56, J=   56.5 channel on core I =   0.0 from L=   56,  Acc. loss =  0.0 D.
 Elastic phase shift   1 =    0.000   0.000 deg. for the L =   56, J =   56.5 channel.
      56.5  1.00000000  0.00000007i: elastic S-matrix  @@      0.00  0   0 F  0
 Reaction Xsec    56.5+/56 @ 1 =   0.001#, Out:   0.000#   0.000#   0.000f


 Total SPIN, PARITY =    56.5 -,      4 chs,      0 cc.  Rmin & Coul turning =    4.5   16.9
   S-matrix    1 =    1.00000   0.00000 for L=   57, J=   56.5 channel on core I =   0.0 from L=   57,  Acc. loss =  0.0 D.
 Elastic phase shift   1 =    0.000   0.000 deg. for the L =   57, J =   56.5 channel.
      56.5  1.00000000  0.00000004i: elastic S-matrix  @@      0.02  0   0 F  0
 Reaction Xsec    56.5-/57 @ 1 =   0.000#, Out:   0.000#   0.001#  -0.000f


 Total SPIN, PARITY =    57.5 +,      4 chs,      0 cc.  Rmin & Coul turning =    4.5   17.2
   S-matrix    1 =    1.00000   0.00000 for L=   58, J=   57.5 channel on core I =   0.0 from L=   58,  Acc. loss =  0.0 D.
 Elastic phase shift   1 =    0.000   0.000 deg. for the L =   58, J =   57.5 channel.
0****** WARNING : ACCURACY LOSS IN ERWIN = 14.8 DIGITS, SO EXPECT ERRORS OF   0.0000 % OF UNITARITY

      57.5  1.00000000  0.00000002i: elastic S-matrix  @@      0.00  0   0 F  0
 Reaction Xsec    57.5+/58 @ 1 =   0.000#, Out:   0.000#   0.000#   0.000f


 Total SPIN, PARITY =    57.5 -,      4 chs,      0 cc.  Rmin & Coul turning =    4.5   17.2
   S-matrix    1 =    1.00000   0.00000 for L=   57, J=   57.5 channel on core I =   0.0 from L=   57,  Acc. loss =  0.0 D.
 Elastic phase shift   1 =    0.000   0.000 deg. for the L =   57, J =   57.5 channel.
      57.5  1.00000000  0.00000004i: elastic S-matrix  @@      0.00  0   0 F  0
 Reaction Xsec    57.5-/57 @ 1 =   0.000#, Out:   0.000#   0.000#   0.000f


 Total SPIN, PARITY =    58.5 +,      4 chs,      0 cc.  Rmin & Coul turning =    4.6   17.5
   S-matrix    1 =    1.00000   0.00000 for L=   58, J=   58.5 channel on core I =   0.0 from L=   58,  Acc. loss =  0.0 D.
 Elastic phase shift   1 =    0.000   0.000 deg. for the L =   58, J =   58.5 channel.
0****** WARNING : ACCURACY LOSS IN ERWIN = 14.5 DIGITS, SO EXPECT ERRORS OF   0.0000 % OF UNITARITY

      58.5  1.00000000  0.00000002i: elastic S-matrix  @@      0.00  0   0 F  0
 Reaction Xsec    58.5+/58 @ 1 =   0.000#, Out:   0.000#   0.000#   0.000f


 Total SPIN, PARITY =    58.5 -,      4 chs,      0 cc.  Rmin & Coul turning =    4.6   17.5
   S-matrix    1 =    1.00000   0.00000 for L=   59, J=   58.5 channel on core I =   0.0 from L=   59,  Acc. loss =  0.0 D.
 Elastic phase shift   1 =    0.000   0.000 deg. for the L =   59, J =   58.5 channel.
      58.5  1.00000000  0.00000005i: elastic S-matrix  @@      0.00  0   0 F  0
 Reaction Xsec    58.5-/59 @ 1 =   0.000#, Out:   0.000#   0.000#   0.000f


 Total SPIN, PARITY =    59.5 +,      4 chs,      0 cc.  Rmin & Coul turning =    4.7   17.8
   S-matrix    1 =    1.00000   0.00000 for L=   60, J=   59.5 channel on core I =   0.0 from L=   60,  Acc. loss =  0.0 D.
 Elastic phase shift   1 =    0.000   0.000 deg. for the L =   60, J =   59.5 channel.
0****** WARNING : ACCURACY LOSS IN ERWIN = 15.2 DIGITS, SO EXPECT ERRORS OF   0.0000 % OF UNITARITY

      59.5  1.00000000  0.00000004i: elastic S-matrix  @@      0.00  0   0 F  0
 Reaction Xsec    59.5+/60 @ 1 =   0.000#, Out:   0.000#   0.000#  -0.000f


 Total SPIN, PARITY =    59.5 -,      4 chs,      0 cc.  Rmin & Coul turning =    4.7   17.8
   S-matrix    1 =    1.00000   0.00000 for L=   59, J=   59.5 channel on core I =   0.0 from L=   59,  Acc. loss =  0.0 D.
 Elastic phase shift   1 =    0.000   0.000 deg. for the L =   59, J =   59.5 channel.
      59.5  1.00000000  0.00000005i: elastic S-matrix  @@      0.02  0   0 F  0
 Reaction Xsec    59.5-/59 @ 1 =   0.000#, Out:   0.000#   0.000#   0.000f


 Total SPIN, PARITY =    60.5 +,      4 chs,      0 cc.  Rmin & Coul turning =    4.8   18.1
   S-matrix    1 =    1.00000   0.00000 for L=   60, J=   60.5 channel on core I =   0.0 from L=   60,  Acc. loss =  0.0 D.
 Elastic phase shift   1 =    0.000   0.000 deg. for the L =   60, J =   60.5 channel.
0****** WARNING : ACCURACY LOSS IN ERWIN = 14.5 DIGITS, SO EXPECT ERRORS OF   0.0000 % OF UNITARITY

      60.5  1.00000000  0.00000004i: elastic S-matrix  @@      0.00  0   0 F  0
 Reaction Xsec    60.5+/60 @ 1 =   0.000#, Out:   0.000#   0.000#   0.000f


 Total SPIN, PARITY =    60.5 -,      4 chs,      0 cc.  Rmin & Coul turning =    4.8   18.1
   S-matrix    1 =    1.00000   0.00000 for L=   61, J=   60.5 channel on core I =   0.0 from L=   61,  Acc. loss =  0.0 D.
 Elastic phase shift   1 =    0.000   0.000 deg. for the L =   61, J =   60.5 channel.
0****** WARNING : ACCURACY LOSS IN ERWIN = 14.4 DIGITS, SO EXPECT ERRORS OF   0.0000 % OF UNITARITY

      60.5  1.00000000  0.00000001i: elastic S-matrix  @@      0.00  0   0 F  0
 Reaction Xsec    60.5-/61 @ 1 =   0.000#, Out:   0.000#   0.000#  -0.000f


 Total SPIN, PARITY =    61.5 +,      4 chs,      0 cc.  Rmin & Coul turning =    4.9   18.4
   S-matrix    1 =    1.00000   0.00000 for L=   62, J=   61.5 channel on core I =   0.0 from L=   62,  Acc. loss =  0.0 D.
 Elastic phase shift   1 =    0.000   0.000 deg. for the L =   62, J =   61.5 channel.
      61.5  1.00000000  0.00000002i: elastic S-matrix  @@      0.00  0   0 F  0
 Reaction Xsec    61.5+/62 @ 1 =   0.000#, Out:   0.000#   0.000#  -0.000f


 Total SPIN, PARITY =    61.5 -,      4 chs,      0 cc.  Rmin & Coul turning =    4.9   18.4
   S-matrix    1 =    1.00000   0.00000 for L=   61, J=   61.5 channel on core I =   0.0 from L=   61,  Acc. loss =  0.0 D.
 Elastic phase shift   1 =    0.000   0.000 deg. for the L =   61, J =   61.5 channel.
0****** WARNING : ACCURACY LOSS IN ERWIN = 14.4 DIGITS, SO EXPECT ERRORS OF   0.0000 % OF UNITARITY

      61.5  1.00000000  0.00000001i: elastic S-matrix  @@      0.00  0   0 F  0
 Reaction Xsec    61.5-/61 @ 1 =   0.000#, Out:   0.000#   0.000#  -0.000f


 Total SPIN, PARITY =    62.5 +,      4 chs,      0 cc.  Rmin & Coul turning =    5.0   18.7
   S-matrix    1 =    1.00000   0.00000 for L=   62, J=   62.5 channel on core I =   0.0 from L=   62,  Acc. loss =  0.0 D.
 Elastic phase shift   1 =    0.000   0.000 deg. for the L =   62, J =   62.5 channel.
      62.5  1.00000000  0.00000002i: elastic S-matrix  @@      0.00  0   0 F  0
 Reaction Xsec    62.5+/62 @ 1 =   0.000#, Out:   0.000#   0.000#   0.000f


 Total SPIN, PARITY =    62.5 -,      4 chs,      0 cc.  Rmin & Coul turning =    5.0   18.7
   S-matrix    1 =    1.00000   0.00000 for L=   63, J=   62.5 channel on core I =   0.0 from L=   63,  Acc. loss =  0.0 D.
 Elastic phase shift   1 =    0.000   0.000 deg. for the L =   63, J =   62.5 channel.
0****** WARNING : ACCURACY LOSS IN ERWIN = 14.2 DIGITS, SO EXPECT ERRORS OF   0.0000 % OF UNITARITY

      62.5  1.00000000  0.00000004i: elastic S-matrix  @@      0.02  0   0 F  0
 Reaction Xsec    62.5-/63 @ 1 =   0.000#, Out:   0.000#   0.001#  -0.000f


 Total SPIN, PARITY =    63.5 +,      4 chs,      0 cc.  Rmin & Coul turning =    5.0   19.0
   S-matrix    1 =    1.00000   0.00000 for L=   64, J=   63.5 channel on core I =   0.0 from L=   64,  Acc. loss =  0.0 D.
 Elastic phase shift   1 =    0.000   0.000 deg. for the L =   64, J =   63.5 channel.
0****** WARNING : ACCURACY LOSS IN ERWIN = 15.0 DIGITS, SO EXPECT ERRORS OF   0.0000 % OF UNITARITY

      63.5  1.00000000  0.00000000i: elastic S-matrix  @@      0.00  0   0 F  0
 Reaction Xsec    63.5+/64 @ 1 =   0.000#, Out:   0.000#   0.000#  -0.000f


 Total SPIN, PARITY =    63.5 -,      4 chs,      0 cc.  Rmin & Coul turning =    5.0   19.0
   S-matrix    1 =    1.00000   0.00000 for L=   63, J=   63.5 channel on core I =   0.0 from L=   63,  Acc. loss =  0.0 D.
 Elastic phase shift   1 =    0.000   0.000 deg. for the L =   63, J =   63.5 channel.
0****** WARNING : ACCURACY LOSS IN ERWIN = 14.8 DIGITS, SO EXPECT ERRORS OF   0.0000 % OF UNITARITY

      63.5  1.00000000  0.00000004i: elastic S-matrix  @@      0.00  0   0 F  0
 Reaction Xsec    63.5-/63 @ 1 =   0.000#, Out:   0.000#   0.000#   0.000f


 Total SPIN, PARITY =    64.5 +,      4 chs,      0 cc.  Rmin & Coul turning =    5.1   19.3
   S-matrix    1 =    1.00000   0.00000 for L=   64, J=   64.5 channel on core I =   0.0 from L=   64,  Acc. loss =  0.0 D.
 Elastic phase shift   1 =    0.000   0.000 deg. for the L =   64, J =   64.5 channel.
0****** WARNING : ACCURACY LOSS IN ERWIN = 14.5 DIGITS, SO EXPECT ERRORS OF   0.0000 % OF UNITARITY

      64.5  1.00000000  0.00000000i: elastic S-matrix  @@      0.00  0   0 F  0
 Reaction Xsec    64.5+/64 @ 1 =   0.000#, Out:   0.000#   0.000#  -0.000f


 Total SPIN, PARITY =    64.5 -,      4 chs,      0 cc.  Rmin & Coul turning =    5.1   19.3
   S-matrix    1 =    1.00000  -0.00000 for L=   65, J=   64.5 channel on core I =   0.0 from L=   65,  Acc. loss =  0.0 D.
 Elastic phase shift   1 =   -0.000   0.000 deg. for the L =   65, J =   64.5 channel.
      64.5  1.00000000 -0.00000001i: elastic S-matrix  @@      0.00  0   0 F  0
 Reaction Xsec    64.5-/65 @ 1 =   0.000#, Out:   0.000#   0.001#  -0.000f


 Total SPIN, PARITY =    65.5 +,      4 chs,      0 cc.  Rmin & Coul turning =    5.2   19.6
   S-matrix    1 =    1.00000   0.00000 for L=   66, J=   65.5 channel on core I =   0.0 from L=   66,  Acc. loss =  0.0 D.
 Elastic phase shift   1 =    0.000   0.000 deg. for the L =   66, J =   65.5 channel.
0****** WARNING : ACCURACY LOSS IN ERWIN = 14.2 DIGITS, SO EXPECT ERRORS OF   0.0000 % OF UNITARITY

      65.5  1.00000000  0.00000002i: elastic S-matrix  @@      0.00  0   0 F  0
 Reaction Xsec    65.5+/66 @ 1 =   0.000#, Out:   0.000#   0.000#  -0.000f


 Total SPIN, PARITY =    65.5 -,      4 chs,      0 cc.  Rmin & Coul turning =    5.2   19.6
   S-matrix    1 =    1.00000  -0.00000 for L=   65, J=   65.5 channel on core I =   0.0 from L=   65,  Acc. loss =  0.0 D.
 Elastic phase shift   1 =   -0.000   0.000 deg. for the L =   65, J =   65.5 channel.
      65.5  1.00000000 -0.00000001i: elastic S-matrix  @@      0.02  0   0 F  0
 Reaction Xsec    65.5-/65 @ 1 =   0.000#, Out:   0.000#   0.000#  -0.000f


 Total SPIN, PARITY =    66.5 +,      4 chs,      0 cc.  Rmin & Coul turning =    5.2   19.9
   S-matrix    1 =    1.00000   0.00000 for L=   66, J=   66.5 channel on core I =   0.0 from L=   66,  Acc. loss =  0.0 D.
 Elastic phase shift   1 =    0.000   0.000 deg. for the L =   66, J =   66.5 channel.
0****** WARNING : ACCURACY LOSS IN ERWIN = 14.6 DIGITS, SO EXPECT ERRORS OF   0.0000 % OF UNITARITY

      66.5  1.00000000  0.00000002i: elastic S-matrix  @@      0.00  0   0 F  0
 Reaction Xsec    66.5+/66 @ 1 =   0.000#, Out:   0.000#   0.000#  -0.000f


 Total SPIN, PARITY =    66.5 -,      4 chs,      0 cc.  Rmin & Coul turning =    5.2   19.9
   S-matrix    1 =    1.00000   0.00000 for L=   67, J=   66.5 channel on core I =   0.0 from L=   67,  Acc. loss =  0.0 D.
 Elastic phase shift   1 =    0.000   0.000 deg. for the L =   67, J =   66.5 channel.
0****** WARNING : ACCURACY LOSS IN ERWIN = 14.4 DIGITS, SO EXPECT ERRORS OF   0.0000 % OF UNITARITY

      66.5  1.00000000  0.00000002i: elastic S-matrix  @@      0.00  0   0 F  0
 Reaction Xsec    66.5-/67 @ 1 =   0.000#, Out:   0.000#   0.000#  -0.000f


 Total SPIN, PARITY =    67.5 +,      4 chs,      0 cc.  Rmin & Coul turning =    5.4   20.2
   S-matrix    1 =    1.00000  -0.00000 for L=   68, J=   67.5 channel on core I =   0.0 from L=   68,  Acc. loss =  0.0 D.
 Elastic phase shift   1 =   -0.000   0.000 deg. for the L =   68, J =   67.5 channel.
0****** WARNING : ACCURACY LOSS IN ERWIN = 14.4 DIGITS, SO EXPECT ERRORS OF   0.0000 % OF UNITARITY

      67.5  1.00000000 -0.00000002i: elastic S-matrix  @@      0.00  0   0 F  0
 Reaction Xsec    67.5+/68 @ 1 =   0.000#, Out:   0.000#   0.000#  -0.000f


 Total SPIN, PARITY =    67.5 -,      4 chs,      0 cc.  Rmin & Coul turning =    5.4   20.2
   S-matrix    1 =    1.00000   0.00000 for L=   67, J=   67.5 channel on core I =   0.0 from L=   67,  Acc. loss =  0.0 D.
 Elastic phase shift   1 =    0.000   0.000 deg. for the L =   67, J =   67.5 channel.
0****** WARNING : ACCURACY LOSS IN ERWIN = 14.7 DIGITS, SO EXPECT ERRORS OF   0.0000 % OF UNITARITY

      67.5  1.00000000  0.00000002i: elastic S-matrix  @@      0.00  0   0 F  0
 Reaction Xsec    67.5-/67 @ 1 =   0.000#, Out:   0.000#   0.000#  -0.000f


 Total SPIN, PARITY =    68.5 +,      4 chs,      0 cc.  Rmin & Coul turning =    5.4   20.5
   S-matrix    1 =    1.00000  -0.00000 for L=   68, J=   68.5 channel on core I =   0.0 from L=   68,  Acc. loss =  0.0 D.
 Elastic phase shift   1 =   -0.000   0.000 deg. for the L =   68, J =   68.5 channel.
      68.5  1.00000000 -0.00000002i: elastic S-matrix  @@      0.00  0   0 F  0
 Reaction Xsec    68.5+/68 @ 1 =   0.000#, Out:   0.000#   0.001#  -0.000f


 Total SPIN, PARITY =    68.5 -,      4 chs,      0 cc.  Rmin & Coul turning =    5.4   20.5
   S-matrix    1 =    1.00000  -0.00000 for L=   69, J=   68.5 channel on core I =   0.0 from L=   69,  Acc. loss =  0.0 D.
 Elastic phase shift   1 =   -0.000   0.000 deg. for the L =   69, J =   68.5 channel.
0****** WARNING : ACCURACY LOSS IN ERWIN = 14.1 DIGITS, SO EXPECT ERRORS OF   0.0000 % OF UNITARITY

      68.5  1.00000000 -0.00000002i: elastic S-matrix  @@      0.02  0   0 F  0
 Reaction Xsec    68.5-/69 @ 1 =   0.000#, Out:   0.000#   0.001#  -0.000f


 Total SPIN, PARITY =    69.5 +,      4 chs,      0 cc.  Rmin & Coul turning =    5.5   20.8
   S-matrix    1 =    1.00000   0.00000 for L=   70, J=   69.5 channel on core I =   0.0 from L=   70,  Acc. loss =  0.0 D.
 Elastic phase shift   1 =    0.000   0.000 deg. for the L =   70, J =   69.5 channel.
0****** WARNING : ACCURACY LOSS IN ERWIN = 14.5 DIGITS, SO EXPECT ERRORS OF   0.0000 % OF UNITARITY

      69.5  1.00000000  0.00000001i: elastic S-matrix  @@      0.00  0   0 F  0
 Reaction Xsec    69.5+/70 @ 1 =   0.000#, Out:   0.000#   0.001#  -0.000f


 Total SPIN, PARITY =    69.5 -,      4 chs,      0 cc.  Rmin & Coul turning =    5.5   20.8
   S-matrix    1 =    1.00000  -0.00000 for L=   69, J=   69.5 channel on core I =   0.0 from L=   69,  Acc. loss =  0.0 D.
 Elastic phase shift   1 =   -0.000   0.000 deg. for the L =   69, J =   69.5 channel.
0****** WARNING : ACCURACY LOSS IN ERWIN = 14.6 DIGITS, SO EXPECT ERRORS OF   0.0000 % OF UNITARITY

      69.5  1.00000000 -0.00000002i: elastic S-matrix  @@      0.00  0   0 F  0
 Reaction Xsec    69.5-/69 @ 1 =   0.000#, Out:   0.000#   0.000#  -0.000f


 Total SPIN, PARITY =    70.5 +,      4 chs,      0 cc.  Rmin & Coul turning =    5.6   21.1
   S-matrix    1 =    1.00000   0.00000 for L=   70, J=   70.5 channel on core I =   0.0 from L=   70,  Acc. loss =  0.0 D.
 Elastic phase shift   1 =    0.000   0.000 deg. for the L =   70, J =   70.5 channel.
0****** WARNING : ACCURACY LOSS IN ERWIN = 14.2 DIGITS, SO EXPECT ERRORS OF   0.0000 % OF UNITARITY

      70.5  1.00000000  0.00000001i: elastic S-matrix  @@      0.00  0   0 F  0
 Reaction Xsec    70.5+/70 @ 1 =   0.000#, Out:   0.000#   0.001#  -0.000f


 Total SPIN, PARITY =    70.5 -,      4 chs,      0 cc.  Rmin & Coul turning =    5.6   21.1
   S-matrix    1 =    1.00000   0.00000 for L=   71, J=   70.5 channel on core I =   0.0 from L=   71,  Acc. loss =  0.0 D.
 Elastic phase shift   1 =    0.000   0.000 deg. for the L =   71, J =   70.5 channel.
0****** WARNING : ACCURACY LOSS IN ERWIN = 14.6 DIGITS, SO EXPECT ERRORS OF   0.0000 % OF UNITARITY

      70.5  1.00000000  0.00000000i: elastic S-matrix  @@      0.00  0   0 F  0
 Reaction Xsec    70.5-/71 @ 1 =   0.000#, Out:   0.000#   0.000#  -0.000f


 Total SPIN, PARITY =    71.5 +,      4 chs,      0 cc.  Rmin & Coul turning =    5.7   21.4
   S-matrix    1 =    1.00000  -0.00000 for L=   72, J=   71.5 channel on core I =   0.0 from L=   72,  Acc. loss =  0.0 D.
 Elastic phase shift   1 =   -0.000   0.000 deg. for the L =   72, J =   71.5 channel.
      71.5  1.00000000 -0.00000004i: elastic S-matrix  @@      0.00  0   0 F  0
 Reaction Xsec    71.5+/72 @ 1 =   0.000#, Out:   0.000#   0.000#  -0.000f


 Total SPIN, PARITY =    71.5 -,      4 chs,      0 cc.  Rmin & Coul turning =    5.7   21.4
   S-matrix    1 =    1.00000   0.00000 for L=   71, J=   71.5 channel on core I =   0.0 from L=   71,  Acc. loss =  0.0 D.
 Elastic phase shift   1 =    0.000   0.000 deg. for the L =   71, J =   71.5 channel.
0****** WARNING : ACCURACY LOSS IN ERWIN = 14.6 DIGITS, SO EXPECT ERRORS OF   0.0000 % OF UNITARITY

      71.5  1.00000000  0.00000000i: elastic S-matrix  @@      0.02  0   0 F  0
 Reaction Xsec    71.5-/71 @ 1 =   0.000#, Out:   0.000#   0.000#  -0.000f


 Total SPIN, PARITY =    72.5 +,      4 chs,      0 cc.  Rmin & Coul turning =    5.8   21.7
   S-matrix    1 =    1.00000  -0.00000 for L=   72, J=   72.5 channel on core I =   0.0 from L=   72,  Acc. loss =  0.0 D.
 Elastic phase shift   1 =   -0.000   0.000 deg. for the L =   72, J =   72.5 channel.
      72.5  1.00000000 -0.00000004i: elastic S-matrix  @@      0.00  0   0 F  0
 Reaction Xsec    72.5+/72 @ 1 =   0.000#, Out:   0.000#   0.000#  -0.000f


 Total SPIN, PARITY =    72.5 -,      4 chs,      0 cc.  Rmin & Coul turning =    5.8   21.7
   S-matrix    1 =    1.00000  -0.00000 for L=   73, J=   72.5 channel on core I =   0.0 from L=   73,  Acc. loss =  0.0 D.
 Elastic phase shift   1 =   -0.000   0.000 deg. for the L =   73, J =   72.5 channel.
0****** WARNING : ACCURACY LOSS IN ERWIN = 14.3 DIGITS, SO EXPECT ERRORS OF   0.0000 % OF UNITARITY

      72.5  1.00000000 -0.00000004i: elastic S-matrix  @@      0.00  0   0 F  0
 Reaction Xsec    72.5-/73 @ 1 =   0.000#, Out:   0.000#   0.000#  -0.000f


 Total SPIN, PARITY =    73.5 +,      4 chs,      0 cc.  Rmin & Coul turning =    5.8   22.0
   S-matrix    1 =    1.00000  -0.00000 for L=   74, J=   73.5 channel on core I =   0.0 from L=   74,  Acc. loss =  0.0 D.
 Elastic phase shift   1 =   -0.000   0.000 deg. for the L =   74, J =   73.5 channel.
0****** WARNING : ACCURACY LOSS IN ERWIN = 14.7 DIGITS, SO EXPECT ERRORS OF   0.0000 % OF UNITARITY

      73.5  1.00000000 -0.00000001i: elastic S-matrix  @@      0.00  0   0 F  0
 Reaction Xsec    73.5+/74 @ 1 =   0.000#, Out:   0.000#   0.000#  -0.000f


 Total SPIN, PARITY =    73.5 -,      4 chs,      0 cc.  Rmin & Coul turning =    5.8   22.0
   S-matrix    1 =    1.00000  -0.00000 for L=   73, J=   73.5 channel on core I =   0.0 from L=   73,  Acc. loss =  0.0 D.
 Elastic phase shift   1 =   -0.000   0.000 deg. for the L =   73, J =   73.5 channel.
0****** WARNING : ACCURACY LOSS IN ERWIN = 14.7 DIGITS, SO EXPECT ERRORS OF   0.0000 % OF UNITARITY

      73.5  1.00000000 -0.00000004i: elastic S-matrix  @@      0.00  0   0 F  0
 Reaction Xsec    73.5-/73 @ 1 =   0.000#, Out:   0.000#   0.000#  -0.000f


 Total SPIN, PARITY =    74.5 +,      4 chs,      0 cc.  Rmin & Coul turning =    5.9   22.3
   S-matrix    1 =    1.00000  -0.00000 for L=   74, J=   74.5 channel on core I =   0.0 from L=   74,  Acc. loss =  0.0 D.
 Elastic phase shift   1 =   -0.000   0.000 deg. for the L =   74, J =   74.5 channel.
0****** WARNING : ACCURACY LOSS IN ERWIN = 14.3 DIGITS, SO EXPECT ERRORS OF   0.0000 % OF UNITARITY

      74.5  1.00000000 -0.00000001i: elastic S-matrix  @@      0.00  0   0 F  0
 Reaction Xsec    74.5+/74 @ 1 =   0.000#, Out:   0.000#   0.000#  -0.000f


 Total SPIN, PARITY =    74.5 -,      4 chs,      0 cc.  Rmin & Coul turning =    5.9   22.3
   S-matrix    1 =    1.00000  -0.00000 for L=   75, J=   74.5 channel on core I =   0.0 from L=   75,  Acc. loss =  0.0 D.
 Elastic phase shift   1 =   -0.000   0.000 deg. for the L =   75, J =   74.5 channel.
0****** WARNING : ACCURACY LOSS IN ERWIN = 14.6 DIGITS, SO EXPECT ERRORS OF   0.0000 % OF UNITARITY

      74.5  1.00000000 -0.00000001i: elastic S-matrix  @@      0.00  0   0 F  0
 Reaction Xsec    74.5-/75 @ 1 =   0.000#, Out:   0.000#   0.000#  -0.000f


 Total SPIN, PARITY =    75.5 +,      4 chs,      0 cc.  Rmin & Coul turning =    6.0   22.6
   S-matrix    1 =    1.00000  -0.00000 for L=   76, J=   75.5 channel on core I =   0.0 from L=   76,  Acc. loss =  0.0 D.
 Elastic phase shift   1 =   -0.000   0.000 deg. for the L =   76, J =   75.5 channel.
0****** WARNING : ACCURACY LOSS IN ERWIN = 14.1 DIGITS, SO EXPECT ERRORS OF   0.0000 % OF UNITARITY

      75.5  1.00000000 -0.00000004i: elastic S-matrix  @@      0.02  0   0 F  0
 Reaction Xsec    75.5+/76 @ 1 =   0.000#, Out:   0.000#   0.000#  -0.000f


 Total SPIN, PARITY =    75.5 -,      4 chs,      0 cc.  Rmin & Coul turning =    6.0   22.6
   S-matrix    1 =    1.00000  -0.00000 for L=   75, J=   75.5 channel on core I =   0.0 from L=   75,  Acc. loss =  0.0 D.
 Elastic phase shift   1 =   -0.000   0.000 deg. for the L =   75, J =   75.5 channel.
0****** WARNING : ACCURACY LOSS IN ERWIN = 14.6 DIGITS, SO EXPECT ERRORS OF   0.0000 % OF UNITARITY

      75.5  1.00000000 -0.00000001i: elastic S-matrix  @@      0.00  0   0 F  0
 Reaction Xsec    75.5-/75 @ 1 =   0.000#, Out:   0.000#   0.000#  -0.000f


 Total SPIN, PARITY =    76.5 +,      4 chs,      0 cc.  Rmin & Coul turning =    6.1   22.9
   S-matrix    1 =    1.00000  -0.00000 for L=   76, J=   76.5 channel on core I =   0.0 from L=   76,  Acc. loss =  0.0 D.
 Elastic phase shift   1 =   -0.000   0.000 deg. for the L =   76, J =   76.5 channel.
0****** WARNING : ACCURACY LOSS IN ERWIN = 14.5 DIGITS, SO EXPECT ERRORS OF   0.0000 % OF UNITARITY

      76.5  1.00000000 -0.00000004i: elastic S-matrix  @@      0.00  0   0 F  0
 Reaction Xsec    76.5+/76 @ 1 =   0.000#, Out:   0.000#   0.000#  -0.000f


 Total SPIN, PARITY =    76.5 -,      4 chs,      0 cc.  Rmin & Coul turning =    6.1   22.9
   S-matrix    1 =    1.00000  -0.00000 for L=   77, J=   76.5 channel on core I =   0.0 from L=   77,  Acc. loss =  0.0 D.
 Elastic phase shift   1 =   -0.000   0.000 deg. for the L =   77, J =   76.5 channel.
0****** WARNING : ACCURACY LOSS IN ERWIN = 14.3 DIGITS, SO EXPECT ERRORS OF   0.0000 % OF UNITARITY

      76.5  1.00000000 -0.00000006i: elastic S-matrix  @@      0.00  0   0 F  0
 Reaction Xsec    76.5-/77 @ 1 =   0.000#, Out:   0.000#   0.000#  -0.000f


 Total SPIN, PARITY =    77.5 +,      4 chs,      0 cc.  Rmin & Coul turning =    6.2   23.2
   S-matrix    1 =    1.00000  -0.00000 for L=   78, J=   77.5 channel on core I =   0.0 from L=   78,  Acc. loss =  0.0 D.
 Elastic phase shift   1 =   -0.000   0.000 deg. for the L =   78, J =   77.5 channel.
0****** WARNING : ACCURACY LOSS IN ERWIN = 14.2 DIGITS, SO EXPECT ERRORS OF   0.0000 % OF UNITARITY

      77.5  1.00000000 -0.00000004i: elastic S-matrix  @@      0.00  0   0 F  0
 Reaction Xsec    77.5+/78 @ 1 =   0.000#, Out:   0.000#   0.000#  -0.000f


 Total SPIN, PARITY =    77.5 -,      4 chs,      0 cc.  Rmin & Coul turning =    6.2   23.2
   S-matrix    1 =    1.00000  -0.00000 for L=   77, J=   77.5 channel on core I =   0.0 from L=   77,  Acc. loss =  0.0 D.
 Elastic phase shift   1 =   -0.000   0.000 deg. for the L =   77, J =   77.5 channel.
0****** WARNING : ACCURACY LOSS IN ERWIN = 14.6 DIGITS, SO EXPECT ERRORS OF   0.0000 % OF UNITARITY

      77.5  1.00000000 -0.00000006i: elastic S-matrix  @@      0.00  0   0 F  0
 Reaction Xsec    77.5-/77 @ 1 =   0.000#, Out:   0.000#   0.000#  -0.000f


 Total SPIN, PARITY =    78.5 +,      4 chs,      0 cc.  Rmin & Coul turning =    6.2   23.5
   S-matrix    1 =    1.00000  -0.00000 for L=   78, J=   78.5 channel on core I =   0.0 from L=   78,  Acc. loss =  0.0 D.
 Elastic phase shift   1 =   -0.000   0.000 deg. for the L =   78, J =   78.5 channel.
0****** WARNING : ACCURACY LOSS IN ERWIN = 14.6 DIGITS, SO EXPECT ERRORS OF   0.0000 % OF UNITARITY

      78.5  1.00000000 -0.00000004i: elastic S-matrix  @@      0.02  0   0 F  0
 Reaction Xsec    78.5+/78 @ 1 =   0.000#, Out:   0.000#   0.000#  -0.000f


 Total SPIN, PARITY =    78.5 -,      4 chs,      0 cc.  Rmin & Coul turning =    6.2   23.5
   S-matrix    1 =    1.00000  -0.00000 for L=   79, J=   78.5 channel on core I =   0.0 from L=   79,  Acc. loss =  0.0 D.
 Elastic phase shift   1 =   -0.000   0.000 deg. for the L =   79, J =   78.5 channel.
      78.5  1.00000000 -0.00000001i: elastic S-matrix  @@      0.00  0   0 F  0
 Reaction Xsec    78.5-/79 @ 1 =   0.000#, Out:   0.000#   0.000#  -0.000f


 Total SPIN, PARITY =    79.5 +,      4 chs,      0 cc.  Rmin & Coul turning =    6.3   23.8
   S-matrix    1 =    1.00000  -0.00000 for L=   80, J=   79.5 channel on core I =   0.0 from L=   80,  Acc. loss =  0.0 D.
 Elastic phase shift   1 =   -0.000   0.000 deg. for the L =   80, J =   79.5 channel.
      79.5  1.00000000 -0.00000003i: elastic S-matrix  @@      0.00  0   0 F  0
 Reaction Xsec    79.5+/80 @ 1 =   0.000#, Out:   0.000#   0.000#  -0.000f


 Total SPIN, PARITY =    79.5 -,      4 chs,      0 cc.  Rmin & Coul turning =    6.3   23.8
   S-matrix    1 =    1.00000  -0.00000 for L=   79, J=   79.5 channel on core I =   0.0 from L=   79,  Acc. loss =  0.0 D.
 Elastic phase shift   1 =   -0.000   0.000 deg. for the L =   79, J =   79.5 channel.
      79.5  1.00000000 -0.00000001i: elastic S-matrix  @@      0.00  0   0 F  0
 Reaction Xsec    79.5-/79 @ 1 =   0.000#, Out:   0.000#   0.000#  -0.000f


 Total SPIN, PARITY =    80.5 +,      4 chs,      0 cc.  Rmin & Coul turning =    6.4   24.1
   S-matrix    1 =    1.00000  -0.00000 for L=   80, J=   80.5 channel on core I =   0.0 from L=   80,  Acc. loss =  0.0 D.
 Elastic phase shift   1 =   -0.000   0.000 deg. for the L =   80, J =   80.5 channel.
      80.5  1.00000000 -0.00000003i: elastic S-matrix  @@      0.00  0   0 F  0
 Reaction Xsec    80.5+/80 @ 1 =   0.000#, Out:   0.000#   0.000#  -0.000f


 Total SPIN, PARITY =    80.5 -,      4 chs,      0 cc.  Rmin & Coul turning =    6.4   24.1
   S-matrix    1 =    1.00000  -0.00000 for L=   81, J=   80.5 channel on core I =   0.0 from L=   81,  Acc. loss =  0.0 D.
 Elastic phase shift   1 =   -0.000   0.000 deg. for the L =   81, J =   80.5 channel.
0****** WARNING : ACCURACY LOSS IN ERWIN = 14.6 DIGITS, SO EXPECT ERRORS OF   0.0000 % OF UNITARITY

      80.5  1.00000000 -0.00000006i: elastic S-matrix  @@      0.00  0   0 F  0
 Reaction Xsec    80.5-/81 @ 1 =   0.000#, Out:   0.000#   0.000#  -0.000f

 Finished all CC sets @   0.484375000    
0CUMULATIVE REACTION cross section                 =  183.62103  <L> =     9.83  <L**2> =    111.6
0CUMULATIVE outgoing cross sections in partition 1 :    0.00000
0CUMULATIVE outgoing cross sections in partition 2 :    0.00104
0Cumulative ABSORBTION by Imaginary Potentials     =  183.61999  <L> =     9.83  <L**2> =    111.6
   Fusion for specific p        M-states :  183.619985  183.619985
0CUMULATIVE OUTGOING cross section                 =    0.00104
 To convert to S-factors (MeV.mb = keV.b),  multiply by  3.0610E+02


 CROSS SECTIONS FOR OUTGOING p        & 4He      in state #   1 with spins & parities 0.5  + &  0.0  +;  0

     0.01 deg.: X-S =   1.0450E+12 mb/sr,
+                                         /R =   9.9989E-01
     1.00 deg.: X-S =  4389.743983 mb/sr,
+                                         /R =   4.2002E-01
     2.00 deg.: X-S =  2261.001087 mb/sr,
+                                         /R =   3.4608E+00
     3.00 deg.: X-S =  2929.383311 mb/sr,
+                                         /R =   2.2694E+01
     4.00 deg.: X-S =  3032.356444 mb/sr,
+                                         /R =   7.4219E+01
     5.00 deg.: X-S =  2880.306661 mb/sr,
+                                         /R =   1.7204E+02
     6.00 deg.: X-S =  2607.285464 mb/sr,
+                                         /R =   3.2274E+02
     7.00 deg.: X-S =  2278.297449 mb/sr,
+                                         /R =   5.2212E+02
     8.00 deg.: X-S =  1931.730723 mb/sr,
+                                         /R =   7.5465E+02
     9.00 deg.: X-S =  1592.848340 mb/sr,
+                                         /R =   9.9588E+02
    10.00 deg.: X-S =  1278.518040 mb/sr,
+                                         /R =   1.2172E+03
    11.00 deg.: X-S =   999.237107 mb/sr,
+                                         /R =   1.3913E+03
    12.00 deg.: X-S =   760.365404 mb/sr,
+                                         /R =   1.4977E+03
    13.00 deg.: X-S =   563.174121 mb/sr,
+                                         /R =   1.5259E+03
    14.00 deg.: X-S =   405.863767 mb/sr,
+                                         /R =   1.4771E+03
    15.00 deg.: X-S =   284.544511 mb/sr,
+                                         /R =   1.3627E+03
    16.00 deg.: X-S =   194.125919 mb/sr,
+                                         /R =   1.2016E+03
    17.00 deg.: X-S =   129.064008 mb/sr,
+                                         /R =   1.0164E+03
    18.00 deg.: X-S =    83.933504 mb/sr,
+                                         /R =   8.2933E+02
    19.00 deg.: X-S =    53.818057 mb/sr,
+                                         /R =   6.5891E+02
    20.00 deg.: X-S =    34.532842 mb/sr,
+                                         /R =   5.1805E+02
    21.00 deg.: X-S =    22.708344 mb/sr,
+                                         /R =   4.1322E+02
    22.00 deg.: X-S =    15.770892 mb/sr,
+                                         /R =   3.4492E+02
    23.00 deg.: X-S =    11.855995 mb/sr,
+                                         /R =   3.0904E+02
    24.00 deg.: X-S =     9.686516 mb/sr,
+                                         /R =   2.9864E+02
    25.00 deg.: X-S =     8.440911 mb/sr,
+                                         /R =   3.0563E+02
    26.00 deg.: X-S =     7.629100 mb/sr,
+                                         /R =   3.2232E+02
    27.00 deg.: X-S =     6.986353 mb/sr,
+                                         /R =   3.4234E+02
    28.00 deg.: X-S =     6.389677 mb/sr,
+                                         /R =   3.6111E+02
    29.00 deg.: X-S =     5.796840 mb/sr,
+                                         /R =   3.7588E+02
    30.00 deg.: X-S =     5.205377 mb/sr,
+                                         /R =   3.8539E+02
    31.00 deg.: X-S =     4.627597 mb/sr,
+                                         /R =   3.8941E+02
    32.00 deg.: X-S =     4.077281 mb/sr,
+                                         /R =   3.8831E+02
    33.00 deg.: X-S =     3.564119 mb/sr,
+                                         /R =   3.8263E+02
    34.00 deg.: X-S =     3.092661 mb/sr,
+                                         /R =   3.7285E+02
    35.00 deg.: X-S =     2.663444 mb/sr,
+                                         /R =   3.5931E+02
    36.00 deg.: X-S =     2.274759 mb/sr,
+                                         /R =   3.4224E+02
    37.00 deg.: X-S =     1.924204 mb/sr,
+                                         /R =   3.2182E+02
    38.00 deg.: X-S =     1.609670 mb/sr,
+                                         /R =   2.9838E+02
    39.00 deg.: X-S =     1.329720 mb/sr,
+                                         /R =   2.7240E+02
    40.00 deg.: X-S =     1.083519 mb/sr,
+                                         /R =   2.4463E+02
    41.00 deg.: X-S =     0.870496 mb/sr,
+                                         /R =   2.1604E+02
    42.00 deg.: X-S =     0.689924 mb/sr,
+                                         /R =   1.8775E+02
    43.00 deg.: X-S =     0.540572 mb/sr,
+                                         /R =   1.6092E+02
    44.00 deg.: X-S =     0.420502 mb/sr,
+                                         /R =   1.3662E+02
    45.00 deg.: X-S =     0.327021 mb/sr,
+                                         /R =   1.1572E+02
    46.00 deg.: X-S =     0.256796 mb/sr,
+                                         /R =   9.8755E+01
    47.00 deg.: X-S =     0.206060 mb/sr,
+                                         /R =   8.5951E+01
    48.00 deg.: X-S =     0.170877 mb/sr,
+                                         /R =   7.7161E+01
    49.00 deg.: X-S =     0.147414 mb/sr,
+                                         /R =   7.1930E+01
    50.00 deg.: X-S =     0.132166 mb/sr,
+                                         /R =   6.9562E+01
    51.00 deg.: X-S =     0.122129 mb/sr,
+                                         /R =   6.9218E+01
    52.00 deg.: X-S =     0.114906 mb/sr,
+                                         /R =   7.0012E+01
    53.00 deg.: X-S =     0.108729 mb/sr,
+                                         /R =   7.1107E+01
    54.00 deg.: X-S =     0.102431 mb/sr,
+                                         /R =   7.1793E+01
    55.00 deg.: X-S =     0.095375 mb/sr,
+                                         /R =   7.1535E+01
    56.00 deg.: X-S =     0.087345 mb/sr,
+                                         /R =   7.0006E+01
    57.00 deg.: X-S =     0.078436 mb/sr,
+                                         /R =   6.7085E+01
    58.00 deg.: X-S =     0.068942 mb/sr,
+                                         /R =   6.2839E+01
    59.00 deg.: X-S =     0.059254 mb/sr,
+                                         /R =   5.7483E+01
    60.00 deg.: X-S =     0.049781 mb/sr,
+                                         /R =   5.1333E+01
    61.00 deg.: X-S =     0.040888 mb/sr,
+                                         /R =   4.4764E+01
    62.00 deg.: X-S =     0.032864 mb/sr,
+                                         /R =   3.8154E+01
    63.00 deg.: X-S =     0.025900 mb/sr,
+                                         /R =   3.1850E+01
    64.00 deg.: X-S =     0.020087 mb/sr,
+                                         /R =   2.6135E+01
    65.00 deg.: X-S =     0.015426 mb/sr,
+                                         /R =   2.1212E+01
    66.00 deg.: X-S =     0.011845 mb/sr,
+                                         /R =   1.7196E+01
    67.00 deg.: X-S =     0.009219 mb/sr,
+                                         /R =   1.4116E+01
    68.00 deg.: X-S =     0.007393 mb/sr,
+                                         /R =   1.1927E+01
    69.00 deg.: X-S =     0.006196 mb/sr,
+                                         /R =   1.0522E+01
    70.00 deg.: X-S =     0.005464 mb/sr,
+                                         /R =   9.7578E+00
    71.00 deg.: X-S =     0.005047 mb/sr,
+                                         /R =   9.4686E+00
    72.00 deg.: X-S =     0.004817 mb/sr,
+                                         /R =   9.4863E+00
    73.00 deg.: X-S =     0.004675 mb/sr,
+                                         /R =   9.6549E+00
    74.00 deg.: X-S =     0.004548 mb/sr,
+                                         /R =   9.8421E+00
    75.00 deg.: X-S =     0.004389 mb/sr,
+                                         /R =   9.9461E+00
    76.00 deg.: X-S =     0.004176 mb/sr,
+                                         /R =   9.8983E+00
    77.00 deg.: X-S =     0.003900 mb/sr,
+                                         /R =   9.6628E+00
    78.00 deg.: X-S =     0.003568 mb/sr,
+                                         /R =   9.2329E+00
    79.00 deg.: X-S =     0.003194 mb/sr,
+                                         /R =   8.6259E+00
    80.00 deg.: X-S =     0.002796 mb/sr,
+                                         /R =   7.8767E+00
    81.00 deg.: X-S =     0.002395 mb/sr,
+                                         /R =   7.0306E+00
    82.00 deg.: X-S =     0.002008 mb/sr,
+                                         /R =   6.1367E+00
    83.00 deg.: X-S =     0.001648 mb/sr,
+                                         /R =   5.2430E+00
    84.00 deg.: X-S =     0.001328 mb/sr,
+                                         /R =   4.3919E+00
    85.00 deg.: X-S =     0.001053 mb/sr,
+                                         /R =   3.6177E+00
    86.00 deg.: X-S =     0.000825 mb/sr,
+                                         /R =   2.9438E+00
    87.00 deg.: X-S =     0.000643 mb/sr,
+                                         /R =   2.3834E+00
    88.00 deg.: X-S =     0.000505 mb/sr,
+                                         /R =   1.9401E+00
    89.00 deg.: X-S =     0.000404 mb/sr,
+                                         /R =   1.6090E+00
    90.00 deg.: X-S =     0.000334 mb/sr,
+                                         /R =   1.3784E+00
    91.00 deg.: X-S =     0.000289 mb/sr,
+                                         /R =   1.2323E+00
    92.00 deg.: X-S =     0.000261 mb/sr,
+                                         /R =   1.1524E+00
    93.00 deg.: X-S =     0.000245 mb/sr,
+                                         /R =   1.1201E+00
    94.00 deg.: X-S =     0.000237 mb/sr,
+                                         /R =   1.1170E+00
    95.00 deg.: X-S =     0.000231 mb/sr,
+                                         /R =   1.1272E+00
    96.00 deg.: X-S =     0.000226 mb/sr,
+                                         /R =   1.1381E+00
    97.00 deg.: X-S =     0.000220 mb/sr,
+                                         /R =   1.1405E+00
    98.00 deg.: X-S =     0.000211 mb/sr,
+                                         /R =   1.1283E+00
    99.00 deg.: X-S =     0.000199 mb/sr,
+                                         /R =   1.0980E+00
   100.00 deg.: X-S =     0.000185 mb/sr,
+                                         /R =   1.0491E+00
   101.00 deg.: X-S =     0.000168 mb/sr,
+                                         /R =   9.8354E-01
   102.00 deg.: X-S =     0.000150 mb/sr,
+                                         /R =   9.0455E-01
   103.00 deg.: X-S =     0.000132 mb/sr,
+                                         /R =   8.1622E-01
   104.00 deg.: X-S =     0.000114 mb/sr,
+                                         /R =   7.2284E-01
   105.00 deg.: X-S =   9.6183E-05 mb/sr,
+                                         /R =   6.2868E-01
   106.00 deg.: X-S =   8.0091E-05 mb/sr,
+                                         /R =   5.3758E-01
   107.00 deg.: X-S =   6.5714E-05 mb/sr,
+                                         /R =   4.5273E-01
   108.00 deg.: X-S =   5.3268E-05 mb/sr,
+                                         /R =   3.7649E-01
   109.00 deg.: X-S =   4.2821E-05 mb/sr,
+                                         /R =   3.1036E-01
   110.00 deg.: X-S =   3.4323E-05 mb/sr,
+                                         /R =   2.5498E-01
   111.00 deg.: X-S =   2.7626E-05 mb/sr,
+                                         /R =   2.1026E-01
   112.00 deg.: X-S =   2.2528E-05 mb/sr,
+                                         /R =   1.7558E-01
   113.00 deg.: X-S =   1.8786E-05 mb/sr,
+                                         /R =   1.4988E-01
   114.00 deg.: X-S =   1.6142E-05 mb/sr,
+                                         /R =   1.3176E-01
   115.00 deg.: X-S =   1.4337E-05 mb/sr,
+                                         /R =   1.1968E-01
   116.00 deg.: X-S =   1.3137E-05 mb/sr,
+                                         /R =   1.1211E-01
   117.00 deg.: X-S =   1.2344E-05 mb/sr,
+                                         /R =   1.0764E-01
   118.00 deg.: X-S =   1.1792E-05 mb/sr,
+                                         /R =   1.0503E-01
   119.00 deg.: X-S =   1.1349E-05 mb/sr,
+                                         /R =   1.0321E-01
   120.00 deg.: X-S =   1.0918E-05 mb/sr,
+                                         /R =   1.0133E-01
   121.00 deg.: X-S =   1.0437E-05 mb/sr,
+                                         /R =   9.8818E-02
   122.00 deg.: X-S =   9.8702E-06 mb/sr,
+                                         /R =   9.5294E-02
   123.00 deg.: X-S =   9.2046E-06 mb/sr,
+                                         /R =   9.0586E-02
   124.00 deg.: X-S =   8.4480E-06 mb/sr,
+                                         /R =   8.4714E-02
   125.00 deg.: X-S =   7.6226E-06 mb/sr,
+                                         /R =   7.7854E-02
   126.00 deg.: X-S =   6.7554E-06 mb/sr,
+                                         /R =   7.0248E-02
   127.00 deg.: X-S =   5.8734E-06 mb/sr,
+                                         /R =   6.2161E-02
   128.00 deg.: X-S =   5.0035E-06 mb/sr,
+                                         /R =   5.3873E-02
   129.00 deg.: X-S =   4.1721E-06 mb/sr,
+                                         /R =   4.5684E-02
   130.00 deg.: X-S =   3.4028E-06 mb/sr,
+                                         /R =   3.7879E-02
   131.00 deg.: X-S =   2.7132E-06 mb/sr,
+                                         /R =   3.0693E-02
   132.00 deg.: X-S =   2.1146E-06 mb/sr,
+                                         /R =   2.4300E-02
   133.00 deg.: X-S =   1.6132E-06 mb/sr,
+                                         /R =   1.8825E-02
   134.00 deg.: X-S =   1.2109E-06 mb/sr,
+                                         /R =   1.4345E-02
   135.00 deg.: X-S =   9.0517E-07 mb/sr,
+                                         /R =   1.0881E-02
   136.00 deg.: X-S =   6.8911E-07 mb/sr,
+                                         /R =   8.4026E-03
   137.00 deg.: X-S =   5.5332E-07 mb/sr,
+                                         /R =   6.8415E-03
   138.00 deg.: X-S =   4.8727E-07 mb/sr,
+                                         /R =   6.1071E-03
   139.00 deg.: X-S =   4.7985E-07 mb/sr,
+                                         /R =   6.0942E-03
   140.00 deg.: X-S =   5.1922E-07 mb/sr,
+                                         /R =   6.6797E-03
   141.00 deg.: X-S =   5.9325E-07 mb/sr,
+                                         /R =   7.7284E-03
   142.00 deg.: X-S =   6.9073E-07 mb/sr,
+                                         /R =   9.1085E-03
   143.00 deg.: X-S =   8.0210E-07 mb/sr,
+                                         /R =   1.0703E-02
   144.00 deg.: X-S =   9.1914E-07 mb/sr,
+                                         /R =   1.2407E-02
   145.00 deg.: X-S =   1.0345E-06 mb/sr,
+                                         /R =   1.4122E-02
   146.00 deg.: X-S =   1.1424E-06 mb/sr,
+                                         /R =   1.5763E-02
   147.00 deg.: X-S =   1.2385E-06 mb/sr,
+                                         /R =   1.7271E-02
   148.00 deg.: X-S =   1.3204E-06 mb/sr,
+                                         /R =   1.8601E-02
   149.00 deg.: X-S =   1.3860E-06 mb/sr,
+                                         /R =   1.9718E-02
   150.00 deg.: X-S =   1.4344E-06 mb/sr,
+                                         /R =   2.0602E-02
   151.00 deg.: X-S =   1.4658E-06 mb/sr,
+                                         /R =   2.1248E-02
   152.00 deg.: X-S =   1.4811E-06 mb/sr,
+                                         /R =   2.1660E-02
   153.00 deg.: X-S =   1.4813E-06 mb/sr,
+                                         /R =   2.1849E-02
   154.00 deg.: X-S =   1.4680E-06 mb/sr,
+                                         /R =   2.1831E-02
   155.00 deg.: X-S =   1.4431E-06 mb/sr,
+                                         /R =   2.1632E-02
   156.00 deg.: X-S =   1.4087E-06 mb/sr,
+                                         /R =   2.1277E-02
   157.00 deg.: X-S =   1.3665E-06 mb/sr,
+                                         /R =   2.0789E-02
   158.00 deg.: X-S =   1.3180E-06 mb/sr,
+                                         /R =   2.0191E-02
   159.00 deg.: X-S =   1.2653E-06 mb/sr,
+                                         /R =   1.9512E-02
   160.00 deg.: X-S =   1.2100E-06 mb/sr,
+                                         /R =   1.8777E-02
   161.00 deg.: X-S =   1.1531E-06 mb/sr,
+                                         /R =   1.8003E-02
   162.00 deg.: X-S =   1.0954E-06 mb/sr,
+                                         /R =   1.7200E-02
   163.00 deg.: X-S =   1.0382E-06 mb/sr,
+                                         /R =   1.6389E-02
   164.00 deg.: X-S =   9.8243E-07 mb/sr,
+                                         /R =   1.5587E-02
   165.00 deg.: X-S =   9.2857E-07 mb/sr,
+                                         /R =   1.4803E-02
   166.00 deg.: X-S =   8.7658E-07 mb/sr,
+                                         /R =   1.4036E-02
   167.00 deg.: X-S =   8.2688E-07 mb/sr,
+                                         /R =   1.3295E-02
   168.00 deg.: X-S =   7.8021E-07 mb/sr,
+                                         /R =   1.2593E-02
   169.00 deg.: X-S =   7.3685E-07 mb/sr,
+                                         /R =   1.1935E-02
   170.00 deg.: X-S =   6.9647E-07 mb/sr,
+                                         /R =   1.1317E-02
   171.00 deg.: X-S =   6.5904E-07 mb/sr,
+                                         /R =   1.0740E-02
   172.00 deg.: X-S =   6.2509E-07 mb/sr,
+                                         /R =   1.0213E-02
   173.00 deg.: X-S =   5.9504E-07 mb/sr,
+                                         /R =   9.7446E-03
   174.00 deg.: X-S =   5.6874E-07 mb/sr,
+                                         /R =   9.3324E-03
   175.00 deg.: X-S =   5.4597E-07 mb/sr,
+                                         /R =   8.9737E-03
   176.00 deg.: X-S =   5.2697E-07 mb/sr,
+                                         /R =   8.6733E-03
   177.00 deg.: X-S =   5.1219E-07 mb/sr,
+                                         /R =   8.4391E-03
   178.00 deg.: X-S =   5.0178E-07 mb/sr,
+                                         /R =   8.2738E-03
   179.00 deg.: X-S =   4.9559E-07 mb/sr,
+                                         /R =   8.1755E-03
   179.99 deg.: X-S =   4.9353E-07 mb/sr,
+                                         /R =   8.1428E-03
                                           Integrated********** mb, over [   0.000, 180.000] at   345.0000 MeV 

 CROSS SECTIONS FOR OUTGOING d        & 3He      in state #   1 with spins & parities 1.0  + &  0.5  +;  0

     0.00 deg.: X-S =     0.003602 mb/sr,
+                                         REAC   1.0448E-03 mb
     1.00 deg.: X-S =     0.003600 mb/sr,
     2.00 deg.: X-S =     0.003592 mb/sr,
     3.00 deg.: X-S =     0.003576 mb/sr,
     4.00 deg.: X-S =     0.003553 mb/sr,
     5.00 deg.: X-S =     0.003525 mb/sr,
     6.00 deg.: X-S =     0.003492 mb/sr,
     7.00 deg.: X-S =     0.003448 mb/sr,
     8.00 deg.: X-S =     0.003382 mb/sr,
     9.00 deg.: X-S =     0.003281 mb/sr,
    10.00 deg.: X-S =     0.003141 mb/sr,
    11.00 deg.: X-S =     0.002964 mb/sr,
    12.00 deg.: X-S =     0.002756 mb/sr,
    13.00 deg.: X-S =     0.002521 mb/sr,
    14.00 deg.: X-S =     0.002264 mb/sr,
    15.00 deg.: X-S =     0.001996 mb/sr,
    16.00 deg.: X-S =     0.001731 mb/sr,
    17.00 deg.: X-S =     0.001480 mb/sr,
    18.00 deg.: X-S =     0.001245 mb/sr,
    19.00 deg.: X-S =     0.001029 mb/sr,
    20.00 deg.: X-S =     0.000832 mb/sr,
    21.00 deg.: X-S =     0.000660 mb/sr,
    22.00 deg.: X-S =     0.000513 mb/sr,
    23.00 deg.: X-S =     0.000393 mb/sr,
    24.00 deg.: X-S =     0.000296 mb/sr,
    25.00 deg.: X-S =     0.000219 mb/sr,
    26.00 deg.: X-S =     0.000161 mb/sr,
    27.00 deg.: X-S =     0.000118 mb/sr,
    28.00 deg.: X-S =   8.7056E-05 mb/sr,
    29.00 deg.: X-S =   6.3866E-05 mb/sr,
    30.00 deg.: X-S =   4.6676E-05 mb/sr,
    31.00 deg.: X-S =   3.4251E-05 mb/sr,
    32.00 deg.: X-S =   2.5842E-05 mb/sr,
    33.00 deg.: X-S =   2.0871E-05 mb/sr,
    34.00 deg.: X-S =   1.8669E-05 mb/sr,
    35.00 deg.: X-S =   1.8391E-05 mb/sr,
    36.00 deg.: X-S =   1.9168E-05 mb/sr,
    37.00 deg.: X-S =   2.0212E-05 mb/sr,
    38.00 deg.: X-S =   2.0843E-05 mb/sr,
    39.00 deg.: X-S =   2.0655E-05 mb/sr,
    40.00 deg.: X-S =   1.9645E-05 mb/sr,
    41.00 deg.: X-S =   1.8091E-05 mb/sr,
    42.00 deg.: X-S =   1.6299E-05 mb/sr,
    43.00 deg.: X-S =   1.4531E-05 mb/sr,
    44.00 deg.: X-S =   1.3035E-05 mb/sr,
    45.00 deg.: X-S =   1.1940E-05 mb/sr,
    46.00 deg.: X-S =   1.1132E-05 mb/sr,
    47.00 deg.: X-S =   1.0346E-05 mb/sr,
    48.00 deg.: X-S =   9.3851E-06 mb/sr,
    49.00 deg.: X-S =   8.2469E-06 mb/sr,
    50.00 deg.: X-S =   7.0495E-06 mb/sr,
    51.00 deg.: X-S =   5.9494E-06 mb/sr,
    52.00 deg.: X-S =   5.1202E-06 mb/sr,
    53.00 deg.: X-S =   4.7213E-06 mb/sr,
    54.00 deg.: X-S =   4.8069E-06 mb/sr,
    55.00 deg.: X-S =   5.2659E-06 mb/sr,
    56.00 deg.: X-S =   5.8878E-06 mb/sr,
    57.00 deg.: X-S =   6.4678E-06 mb/sr,
    58.00 deg.: X-S =   6.8319E-06 mb/sr,
    59.00 deg.: X-S =   6.8362E-06 mb/sr,
    60.00 deg.: X-S =   6.4519E-06 mb/sr,
    61.00 deg.: X-S =   5.8307E-06 mb/sr,
    62.00 deg.: X-S =   5.1836E-06 mb/sr,
    63.00 deg.: X-S =   4.6266E-06 mb/sr,
    64.00 deg.: X-S =   4.1917E-06 mb/sr,
    65.00 deg.: X-S =   3.9180E-06 mb/sr,
    66.00 deg.: X-S =   3.8136E-06 mb/sr,
    67.00 deg.: X-S =   3.7694E-06 mb/sr,
    68.00 deg.: X-S =   3.6437E-06 mb/sr,
    69.00 deg.: X-S =   3.3943E-06 mb/sr,
    70.00 deg.: X-S =   3.0611E-06 mb/sr,
    71.00 deg.: X-S =   2.6623E-06 mb/sr,
    72.00 deg.: X-S =   2.1925E-06 mb/sr,
    73.00 deg.: X-S =   1.6991E-06 mb/sr,
    74.00 deg.: X-S =   1.2651E-06 mb/sr,
    75.00 deg.: X-S =   9.4772E-07 mb/sr,
    76.00 deg.: X-S =   7.6850E-07 mb/sr,
    77.00 deg.: X-S =   7.3316E-07 mb/sr,
    78.00 deg.: X-S =   8.3807E-07 mb/sr,
    79.00 deg.: X-S =   1.0548E-06 mb/sr,
    80.00 deg.: X-S =   1.3387E-06 mb/sr,
    81.00 deg.: X-S =   1.6512E-06 mb/sr,
    82.00 deg.: X-S =   1.9677E-06 mb/sr,
    83.00 deg.: X-S =   2.2939E-06 mb/sr,
    84.00 deg.: X-S =   2.6373E-06 mb/sr,
    85.00 deg.: X-S =   2.9531E-06 mb/sr,
    86.00 deg.: X-S =   3.1762E-06 mb/sr,
    87.00 deg.: X-S =   3.3058E-06 mb/sr,
    88.00 deg.: X-S =   3.4089E-06 mb/sr,
    89.00 deg.: X-S =   3.5091E-06 mb/sr,
    90.00 deg.: X-S =   3.5379E-06 mb/sr,
    91.00 deg.: X-S =   3.4444E-06 mb/sr,
    92.00 deg.: X-S =   3.2696E-06 mb/sr,
    93.00 deg.: X-S =   3.0666E-06 mb/sr,
    94.00 deg.: X-S =   2.8234E-06 mb/sr,
    95.00 deg.: X-S =   2.5239E-06 mb/sr,
    96.00 deg.: X-S =   2.2270E-06 mb/sr,
    97.00 deg.: X-S =   2.0126E-06 mb/sr,
    98.00 deg.: X-S =   1.9089E-06 mb/sr,
    99.00 deg.: X-S =   1.9308E-06 mb/sr,
   100.00 deg.: X-S =   2.1249E-06 mb/sr,
   101.00 deg.: X-S =   2.5048E-06 mb/sr,
   102.00 deg.: X-S =   3.0015E-06 mb/sr,
   103.00 deg.: X-S =   3.5317E-06 mb/sr,
   104.00 deg.: X-S =   4.0593E-06 mb/sr,
   105.00 deg.: X-S =   4.5226E-06 mb/sr,
   106.00 deg.: X-S =   4.7802E-06 mb/sr,
   107.00 deg.: X-S =   4.7511E-06 mb/sr,
   108.00 deg.: X-S =   4.5400E-06 mb/sr,
   109.00 deg.: X-S =   4.3196E-06 mb/sr,
   110.00 deg.: X-S =   4.1385E-06 mb/sr,
   111.00 deg.: X-S =   3.9519E-06 mb/sr,
   112.00 deg.: X-S =   3.8273E-06 mb/sr,
   113.00 deg.: X-S =   3.9600E-06 mb/sr,
   114.00 deg.: X-S =   4.4495E-06 mb/sr,
   115.00 deg.: X-S =   5.1877E-06 mb/sr,
   116.00 deg.: X-S =   5.9887E-06 mb/sr,
   117.00 deg.: X-S =   6.7335E-06 mb/sr,
   118.00 deg.: X-S =   7.3518E-06 mb/sr,
   119.00 deg.: X-S =   7.7461E-06 mb/sr,
   120.00 deg.: X-S =   7.8183E-06 mb/sr,
   121.00 deg.: X-S =   7.5449E-06 mb/sr,
   122.00 deg.: X-S =   6.9870E-06 mb/sr,
   123.00 deg.: X-S =   6.2642E-06 mb/sr,
   124.00 deg.: X-S =   5.5362E-06 mb/sr,
   125.00 deg.: X-S =   4.9469E-06 mb/sr,
   126.00 deg.: X-S =   4.5604E-06 mb/sr,
   127.00 deg.: X-S =   4.3820E-06 mb/sr,
   128.00 deg.: X-S =   4.4407E-06 mb/sr,
   129.00 deg.: X-S =   4.7773E-06 mb/sr,
   130.00 deg.: X-S =   5.3270E-06 mb/sr,
   131.00 deg.: X-S =   5.8947E-06 mb/sr,
   132.00 deg.: X-S =   6.2985E-06 mb/sr,
   133.00 deg.: X-S =   6.4862E-06 mb/sr,
   134.00 deg.: X-S =   6.4675E-06 mb/sr,
   135.00 deg.: X-S =   6.2217E-06 mb/sr,
   136.00 deg.: X-S =   5.7553E-06 mb/sr,
   137.00 deg.: X-S =   5.1762E-06 mb/sr,
   138.00 deg.: X-S =   4.6214E-06 mb/sr,
   139.00 deg.: X-S =   4.1341E-06 mb/sr,
   140.00 deg.: X-S =   3.7069E-06 mb/sr,
   141.00 deg.: X-S =   3.4180E-06 mb/sr,
   142.00 deg.: X-S =   3.3932E-06 mb/sr,
   143.00 deg.: X-S =   3.6410E-06 mb/sr,
   144.00 deg.: X-S =   4.0105E-06 mb/sr,
   145.00 deg.: X-S =   4.3374E-06 mb/sr,
   146.00 deg.: X-S =   4.5749E-06 mb/sr,
   147.00 deg.: X-S =   4.7541E-06 mb/sr,
   148.00 deg.: X-S =   4.8767E-06 mb/sr,
   149.00 deg.: X-S =   4.8844E-06 mb/sr,
   150.00 deg.: X-S =   4.7051E-06 mb/sr,
   151.00 deg.: X-S =   4.3299E-06 mb/sr,
   152.00 deg.: X-S =   3.8620E-06 mb/sr,
   153.00 deg.: X-S =   3.4413E-06 mb/sr,
   154.00 deg.: X-S =   3.1034E-06 mb/sr,
   155.00 deg.: X-S =   2.7729E-06 mb/sr,
   156.00 deg.: X-S =   2.4276E-06 mb/sr,
   157.00 deg.: X-S =   2.2018E-06 mb/sr,
   158.00 deg.: X-S =   2.2086E-06 mb/sr,
   159.00 deg.: X-S =   2.3397E-06 mb/sr,
   160.00 deg.: X-S =   2.4010E-06 mb/sr,
   161.00 deg.: X-S =   2.3793E-06 mb/sr,
   162.00 deg.: X-S =   2.4337E-06 mb/sr,
   163.00 deg.: X-S =   2.6154E-06 mb/sr,
   164.00 deg.: X-S =   2.7468E-06 mb/sr,
   165.00 deg.: X-S =   2.6865E-06 mb/sr,
   166.00 deg.: X-S =   2.5201E-06 mb/sr,
   167.00 deg.: X-S =   2.3948E-06 mb/sr,
   168.00 deg.: X-S =   2.3209E-06 mb/sr,
   169.00 deg.: X-S =   2.1790E-06 mb/sr,
   170.00 deg.: X-S =   1.9274E-06 mb/sr,
   171.00 deg.: X-S =   1.6686E-06 mb/sr,
   172.00 deg.: X-S =   1.4701E-06 mb/sr,
   173.00 deg.: X-S =   1.3263E-06 mb/sr,
   174.00 deg.: X-S =   1.1907E-06 mb/sr,
   175.00 deg.: X-S =   1.0232E-06 mb/sr,
   176.00 deg.: X-S =   8.6397E-07 mb/sr,
   177.00 deg.: X-S =   7.5377E-07 mb/sr,
   178.00 deg.: X-S =   7.1132E-07 mb/sr,
   179.00 deg.: X-S =   7.4296E-07 mb/sr,
   180.00 deg.: X-S =   7.7429E-07 mb/sr,
                                           Integrated    0.0010 mb, over [   0.000, 180.000] at   345.0000 MeV 
 Finished all xsecs @   0.500000000    

  The following files have been created:
   3:local copy of User input.            6:standard output.                   
   7:elastic  S-matrix elements.         12:transfer kernels.                  
  13:total cross sections/state.         16:tables of cross sections.          
  35:Astrophysics S-factors  / Ecm.      38:cross sections for each J/pi.      
  39:cross sections for each Ecm.        40:all cross sectns. for each Elab.   
  45:scat phase shift as E functions.    46:bs wave functions & ANC ratios.    
  56:Fusion for each Jtotal.             75:S-factors for lab energies.        
 201:Separate cross sections.           202:Separate cross sections.           

 PARAMETERS : MAXQRN   MFNL   MLOC  LMAX1 MCLIST
    ALLOWED :      2     16     12    100      6
    REQUIRED:      1      2     12     83      4


 ACCURACY ANALYSIS at   345.000 MeV :

  Elastic h*k = 0.167 so OK       compared with 0.200

   Real(S-el) > 0.01 first at J =       0.5
   Real(S-el) > 0.10 first at J =       1.5
   Real(S-el) > 0.50 first at J =       4.5
   Real(S-el) > 0.90 first at J =      12.5
   Real(S-el) > 0.99 first at J =      17.5
   R-turn =    24.07 fm    at J =      80.5

 Forward-angle excitation cut off below   0.023 deg by max JT =      80.5
                              and below   0.019 deg by max R.


 1: Recommended RNL: non-local width >  11.80 cf:  10.00 fm: OK      
    Recommended CENTRE: centration   ~   2.30 cf:   0.00 fm

 Total CPU  0 time =       0.50 seconds
