 FRESCO - FRES 3.4: Coupled Reaction Channels
 Assuming NAMELIST input.

 4He(p,d)3He  E=225 MeV  Q=-18.353  [he4_p_d_he3]                                

   0.050  30.000   0.250   0.100  10.000   0.000   0.000   0.000   0.000   0.000

 Centre-of-mass Range is    602 * 0.0500 fm., Maximum at  30.00 fm., Interpolating NL forms every  0.25 fm.
 Non - locality width is    101 * 0.1000 fm., Maximum of  10.00 fm., Centred at  0.00 fm.
 2-Nucleon Separation of      0 * 0.2500 fm., Maximum of   0.00 fm., Minimum at  0.00 fm.
 Maximum single particle bins of 30.0000 fm.
               M,Mint =          601         601


 Range of total J is     0.0 <= J <=    80.0 (at least     0.0) and Absorbtion =>    -1.0000 mb.
 Dry Run = F, CC set limits =  0  0, Relativistic kinematics = a, Both/Far/Near Analyses =  1                     

 Cross Sections (and up to T0 for 0=projectile) for Theta from   0.0 to 180.0 in steps of  1.0 degrees, DGAM=0,  Coordinates = 0 (Mads)

 Lower Radial Cutoff = maximum of -1.60*L*h &       0.0 fm.,  Lower Cutoff for Couplings =   0.0  fm.


 Iterate Couplings between   1 and   1 times, to  0.000 % if sooner.                                          
  Block solved exactly =   0 chs., with Pade = 0 & Isocen =  =0, NOSOL = F, initwf =  0
  NL quadrature with   18 Gaussian points, Calculate multipoles up to    86 from   0
  M-transfers for lp+lt greater than or equal to  6, Angular Integration Cutoff below  2.7778 %


 Trace switches are :  CHANS =  1, LISTCC =  0, TRENEG =  0, CDETR =  0, SMATS =  2, XSTABL =  1, NLPL =  0

                       WAVES =  0, LAMPL =  0, VEFF =  0, KFUS =  0, WDISK =  0, BPM =  0, MELFIL =  0

                       CDCC =  0, NFUS =  0

 Using unit mass = 1.000000 amu and 1/fine-structure constant = 137.03599 ( 1.000000 * true ) with hc = 197.32705 MeV.fm,
  thus 2*amu/hbar^2 = 0.0478450 = 1/20.9008 and Coulomb constant = 0.1574855 so e^2 = 1.43997, and nuclear magneton= 0.1261183

 Now pre-scan input and save to file 3



 *********** PARTITION NUMBER  1 ******************************************************************************************

   PROJ=p          MASS=  1.0000 Z=   1.0,        # STATES=    1T, TARG=4He      MASS=  4.0000 Z=   2.0,     Q-VALUE =   0.0000 MEV.

     1:  J= 0.5+ (B# 1), E=  0.0000, K= 0.5              Potl#  1       J= 0.0+ (B# 1), E=  0.0000, K= 0.0    


 *********** PARTITION NUMBER  2 ******************************************************************************************

   PROJ=d          MASS=  2.0000 Z=   1.0,        # STATES=    1T, TARG=3He      MASS=  3.0000 Z=   2.0,     Q-VALUE = -18.3530 MEV.

     1:  J= 1.0+ (B# 1), E=  0.0000, K= 0.0              Potl#  2       J= 0.5+ (B# 1), E=  0.0000, K= 0.5    
0****** WARNING : COMPARED WITH PARTITION  1, THIS PARTITION HAS TOTAL MASS & CHARGE EXCESSES  -0.01970 &   0.0000


 ************************************************************************************************************************************

 The following POTENTIALS are defined :

  KP#       TYPE      IT    SHAPE      at     V1        r1        a1        V2        r2        a2        A-in     A-used


                                            A#1       A#2        r0c       ac                                                h @ 1
    1    0=Coulomb       0=CHARGE (WS)  1     1.000     4.000    1.3000    0.0000    0.0000    0.0000     0.000    17.322   0.05000

    1    1=Volume        0=Woods-Saxon  2   48.0000    1.1500    0.5700    0.0000    1.1500    0.5700     0.000    17.322

    1    2=Surface       0=Woods-Saxon  3    0.0000    0.0000    0.0000    6.0000    1.3000    0.5000     0.000    17.322

    1    3=Projtl S.O.   0=Woods-Saxon  4    5.5000    1.0000    0.5000    0.0000    0.0000    0.0000     0.000    17.322
   --------------------------------------------------------------------------------------------------------------------

                                            A#1       A#2        r0c       ac                                                h @ 2
    2    0=Coulomb       0=CHARGE (WS)  5     2.000     3.000    1.3000    0.0000    0.0000    0.0000     0.000    19.731   0.05000

    2    1=Volume        0=Woods-Saxon  6   88.0000    1.1700    0.7900    0.0000    1.1700    0.7900     0.000    19.731

    2    2=Surface       0=Woods-Saxon  7    0.0000    0.0000    0.0000   12.0000    1.3300    0.7400     0.000    19.731

    2    3=Projtl S.O.   0=Woods-Saxon  8    7.0000    1.0700    0.6600    0.0000    0.0000    0.0000     0.000    19.731
   --------------------------------------------------------------------------------------------------------------------

    3    1=Volume        0=Woods-Saxon  9   50.0000    1.2500    0.6500    0.0000    0.0000    0.0000     0.000    19.731

    3    3=Projtl S.O.   0=Woods-Saxon 10    6.0000    1.2500    0.6500    0.0000    0.0000    0.0000     0.000    19.731
   --------------------------------------------------------------------------------------------------------------------

    4    1=Volume        0=Woods-Saxon 11   50.0000    1.2500    0.6500    0.0000    0.0000    0.0000     0.000    19.731

    4    3=Projtl S.O.   0=Woods-Saxon 12    6.0000    1.2500    0.6500    0.0000    0.0000    0.0000     0.000    19.731


 ************************************************************************************************************************************

 The following SINGLE-PARTICLE FORM FACTORS are constructed :


 No.   P1 P2 IN KIND T N  L  S1 IA J/S  IB BIND XFER  BE    SC PC FIL AFRAC Adjust  to  Z  Mass   K     Norm    rms      D0     D   ANC/Gsp

    1:  2  1  2  0     1  0 0.5  1 0.5   0   3   0  20.5780  1  0  0 0.0000 VR  0.7942; 0. 1.000 0.8593 1.0000  2.472 -417.8 -957.1  9.6885

    2:  1  2  1  0     1  0 0.5  1 0.5   0   4   0   2.2246  1  0  0 0.0000 VR  0.3377; 0. 1.000 0.2307 1.0000  4.770 -154.2 -167.5  1.1301

 ************************************************************************************************************************************

 TWO-way COUPLING # 1 for partitions  2 <-  1 of KIND  7,   0 -1  5 -1 -1 & P1,P2 =    0.0000   0.0000 : for J <=    80.5 & R <  29.8 fm.


 data =  2  1  1  1  1.0000,  so  < [4He      #  1] / [3He      #  1]  * Eigen-form #  1>  =   1.0000            BE = 20.578     1

 data =  1  1  1  2  1.0000,  so  < [d        #  1] / [p        #  1]  * Eigen-form #  2>  =   1.0000            BE =  2.225     2
 KNT =   1, KNP =   2: NK,NG,loc=   1   1   1  13  T  T  F

     So FINITE-RANGE TRANSFER : IP1 = 0 (POST    ), IP2=-1 =COMPLEX     ,  for   1 pairs of bound states summed into   1 pairs
      The main coupling potential is that binding the transferred particle to the 3He      core.

          Using between p        & 3He      the potential No.   5, and subtracting optical potential No.  2

   A real*8 is            8  bytes
   NLL,NLN,NLO =         120         121         101
0File   9 needs RL =   24240    REAL*8 numbers, and NR =    88. i.e.    17.06 Megabytes
   File            9  RECL =      193920
0RECOMMENDED NON-LOCAL WIDTH IS GREATER THAN   11.80 FM.,  RECOMMENDED CENTRATION   2.30, after    0.06 secs.
0Relative non-local usages (rms) are
    0.003   0.005   0.007   0.011   0.015   0.019   0.030   0.038   0.053   0.071   0.087   0.132   0.167   0.230   0.306
    0.372   0.541   0.676   0.908   1.186   1.427   1.994   2.455   3.183   4.044   4.788   6.329   7.600   9.380  11.433
   13.201  16.309  18.918  22.174  25.808  28.940  33.725  37.803  42.471  47.501  51.832  57.646  62.619  67.805  73.082
   77.548  82.589  86.793  90.536  93.845  96.417  98.292  99.496 100.000  99.858  99.142  97.885  96.129  93.931  91.325
   88.381  85.138  81.660  77.998  74.205  70.347  66.460  62.589  58.777  55.047  51.439  47.968  44.652  41.499  38.517
   35.707  33.067  30.594  28.284  26.128  24.121  22.254  20.521  18.913  17.422  16.042  14.764  13.583  12.491  11.482
   10.551   9.693   8.902   8.173   7.502   6.884   6.317   5.796   5.317   4.878   4.476

 Incoming partition  1 in excitation state # 1,   Laboratory Energy given for partition  1 Nucleus 1 in Excitation pair 1

0Lab. ENERGY ranges :

   from    225.000     to   0.00000     in     0 intervals
   from    0.00000     to   0.00000     in     0 intervals
   from    0.00000     to   0.00000     in     0 intervals

 Largest real,imaginary parts of any form factor at R=   29.50 are   4.88E-02  3.00E-14 MeV
 Finished all Couplings @    7.81250000E-02          12

 Symmetric Hamiltonian
1***********************************************************************************************************************************
************************************************************************************************************************************

        INCOMING p        ;    LABORATORY p        ENERGY =   225.00     MeV.

 ***********************************************************************************************************************************
 ***********************************************************************************************************************************


  NOTE: Coulomb excitation cut off below   0.029 deg by JTMAX, and below   0.029 deg by Rmax

 Allocate arrays for            3  channels, of which            3  need wfs.

 ######################################################################################################################
 #                                                                                                                    #
 # Total SPIN and PARITY =     0.5 +,      3 channels,    0 in 1st block.  Rmin & Coul turning =    0.0    0.0 fm.  #
 #                                                                                                                    #
 ######################################################################################################################



    C Projectl Target   #   EX.   (L  Proj) J  + Targ = Jtotal     E-cm      Re K     Re Eta     RM*K            CH
    1 p        4He      #    1: I   0 0.5    0.5  0.0     0.5   187.26462   2.67726   0.02059   80.3179   0.49800   0.04539 1 1 1   1
    2 d        3He      #    1:     0 1.0    1.0  0.5     0.5   162.08418   3.05056   0.02710   91.5168   0.12554  -0.48406 2 1 2   1
    3 d        3He      #    1:     2 1.0    1.0  0.5     0.5   162.08418   3.05056   0.02710   91.5168  -0.16074   0.47363 2 1 2   1
   S-matrix    1 =   -0.38523   0.75625 for L=    0, J=    0.5 channel on core I =   0.0 from L=    0,  Acc. loss =  0.0 D.
 Elastic phase shift   1 =   58.497   4.699 deg. for the L =    0, J =    0.5 channel.
       0.5 -0.38523066  0.75624648i: elastic S-matrix  @@      0.00  0   0 F  0
 Reaction Xsec     0.5+/ 0 @ 1 =   1.226 , Out:   0.000#   0.057/   1.226f


 Total SPIN, PARITY =     0.5 -,      3 chs,      0 cc.  Rmin & Coul turning =    0.0    0.0
   S-matrix    1 =   -0.22163   0.81618 for L=    1, J=    0.5 channel on core I =   0.0 from L=    1,  Acc. loss =  0.0 D.
 Elastic phase shift   1 =   52.596   4.800 deg. for the L =    1, J =    0.5 channel.
       0.5 -0.22163436  0.81618205i: elastic S-matrix  @@      0.00  0   0 F  0
 Reaction Xsec     0.5-/ 1 @ 1 =   1.248 , Out:   0.000#   0.066/   1.248f

 Allocate arrays for            4  channels, of which            4  need wfs.

 Total SPIN, PARITY =     1.5 +,      4 chs,      0 cc.  Rmin & Coul turning =    0.1    0.5
   S-matrix    1 =   -0.09001   0.83639 for L=    2, J=    1.5 channel on core I =   0.0 from L=    2,  Acc. loss =  0.0 D.
 Elastic phase shift   1 =   48.071   4.953 deg. for the L =    2, J =    1.5 channel.
       1.5 -0.09001254  0.83638808i: elastic S-matrix  @@      0.00  0   0 F  0
 Reaction Xsec     1.5+/ 2 @ 1 =   2.563 , Out:   0.000#   0.103/   2.563f


 Total SPIN, PARITY =     1.5 -,      4 chs,      0 cc.  Rmin & Coul turning =    0.1    0.5
   S-matrix    1 =   -0.38115   0.75628 for L=    1, J=    1.5 channel on core I =   0.0 from L=    1,  Acc. loss =  0.0 D.
 Elastic phase shift   1 =   58.374   4.761 deg. for the L =    1, J =    1.5 channel.
       1.5 -0.38114618  0.75627831i: elastic S-matrix  @@      0.00  0   0 F  0
 Reaction Xsec     1.5-/ 1 @ 1 =   2.479 , Out:   0.000#   0.148/   2.479f


 Total SPIN, PARITY =     2.5 +,      4 chs,      0 cc.  Rmin & Coul turning =    0.2    0.9
   S-matrix    1 =   -0.37122   0.75677 for L=    2, J=    2.5 channel on core I =   0.0 from L=    2,  Acc. loss =  0.0 D.
 Elastic phase shift   1 =   58.065   4.896 deg. for the L =    2, J =    2.5 channel.
       2.5 -0.37122343  0.75677248i: elastic S-matrix  @@      0.02  0   0 F  0
 Reaction Xsec     2.5+/ 2 @ 1 =   3.806 , Out:   0.000#   0.196/   3.806f


 Total SPIN, PARITY =     2.5 -,      4 chs,      0 cc.  Rmin & Coul turning =    0.2    0.9
   S-matrix    1 =    0.07206   0.83076 for L=    3, J=    2.5 channel on core I =   0.0 from L=    3,  Acc. loss =  0.0 D.
 Elastic phase shift   1 =   42.521   5.204 deg. for the L =    3, J =    2.5 channel.
       2.5  0.07206219  0.83076075i: elastic S-matrix  @@      0.00  0   0 F  0
 Reaction Xsec     2.5-/ 3 @ 1 =   4.006 , Out:   0.000#   0.103/   4.006f


 Total SPIN, PARITY =     3.5 +,      4 chs,      0 cc.  Rmin & Coul turning =    0.2    1.3
   S-matrix    1 =    0.26743   0.77668 for L=    4, J=    3.5 channel on core I =   0.0 from L=    4,  Acc. loss =  0.0 D.
 Elastic phase shift   1 =   35.500   5.635 deg. for the L =    4, J =    3.5 channel.
       3.5  0.26743054  0.77668132i: elastic S-matrix  @@      0.00  0   0 F  0
 Reaction Xsec     3.5+/ 4 @ 1 =   5.702 , Out:   0.000#   0.101/   5.702f


 Total SPIN, PARITY =     3.5 -,      4 chs,      0 cc.  Rmin & Coul turning =    0.2    1.3
   S-matrix    1 =   -0.34605   0.76266 for L=    3, J=    3.5 channel on core I =   0.0 from L=    3,  Acc. loss =  0.0 D.
 Elastic phase shift   1 =   57.203   5.080 deg. for the L =    3, J =    3.5 channel.
       3.5 -0.34605191  0.76266174i: elastic S-matrix  @@      0.00  0   0 F  0
 Reaction Xsec     3.5-/ 3 @ 1 =   5.235 , Out:   0.000#   0.185/   5.235f


 Total SPIN, PARITY =     4.5 +,      4 chs,      0 cc.  Rmin & Coul turning =    0.3    1.7
   S-matrix    1 =   -0.29910   0.77040 for L=    4, J=    4.5 channel on core I =   0.0 from L=    4,  Acc. loss =  0.0 D.
 Elastic phase shift   1 =   55.609   5.462 deg. for the L =    4, J =    4.5 channel.
       4.5 -0.29909913  0.77040460i: elastic S-matrix  @@      0.00  0   0 F  0
 Reaction Xsec     4.5+/ 4 @ 1 =   6.947 , Out:   0.000#   0.169/   6.947f


 Total SPIN, PARITY =     4.5 -,      4 chs,      0 cc.  Rmin & Coul turning =    0.3    1.7
   S-matrix    1 =    0.46826   0.65695 for L=    5, J=    4.5 channel on core I =   0.0 from L=    5,  Acc. loss =  0.0 D.
 Elastic phase shift   1 =   27.260   6.152 deg. for the L =    5, J =    4.5 channel.
       4.5  0.46826397  0.65695135i: elastic S-matrix  @@      0.02  0   0 F  0
 Reaction Xsec     4.5-/ 5 @ 1 =   7.651 , Out:   0.000#   0.102/   7.651f


 Total SPIN, PARITY =     5.5 +,      4 chs,      0 cc.  Rmin & Coul turning =    0.4    2.1
   S-matrix    1 =    0.60626   0.49252 for L=    6, J=    5.5 channel on core I =   0.0 from L=    6,  Acc. loss =  0.0 D.
 Elastic phase shift   1 =   19.545   7.077 deg. for the L =    6, J =    5.5 channel.
       5.5  0.60625537  0.49251876i: elastic S-matrix  @@      0.00  0   0 F  0
 Reaction Xsec     5.5+/ 6 @ 1 =  10.253 , Out:   0.000#   0.100/  10.253f


 Total SPIN, PARITY =     5.5 -,      4 chs,      0 cc.  Rmin & Coul turning =    0.4    2.1
   S-matrix    1 =   -0.22255   0.78463 for L=    5, J=    5.5 channel on core I =   0.0 from L=    5,  Acc. loss =  0.0 D.
 Elastic phase shift   1 =   52.918   5.840 deg. for the L =    5, J =    5.5 channel.
       5.5 -0.22254506  0.78462781i: elastic S-matrix  @@      0.00  0   0 F  0
 Reaction Xsec     5.5-/ 5 @ 1 =   8.805 , Out:   0.000#   0.183/   8.805f


 Total SPIN, PARITY =     6.5 +,      4 chs,      0 cc.  Rmin & Coul turning =    0.5    2.4
   S-matrix    1 =   -0.08464   0.79317 for L=    6, J=    6.5 channel on core I =   0.0 from L=    6,  Acc. loss =  0.0 D.
 Elastic phase shift   1 =   48.046   6.476 deg. for the L =    6, J =    6.5 channel.
       6.5 -0.08464438  0.79316720i: elastic S-matrix  @@      0.00  0   0 F  0
 Reaction Xsec     6.5+/ 6 @ 1 =  11.159 , Out:   0.000#   0.239/  11.159f


 Total SPIN, PARITY =     6.5 -,      4 chs,      0 cc.  Rmin & Coul turning =    0.5    2.4
   S-matrix    1 =    0.67852   0.34475 for L=    7, J=    6.5 channel on core I =   0.0 from L=    7,  Acc. loss =  0.0 D.
 Elastic phase shift   1 =   13.467   7.822 deg. for the L =    7, J =    6.5 channel.
       6.5  0.67851567  0.34474524i: elastic S-matrix  @@      0.00  0   0 F  0
 Reaction Xsec     6.5-/ 7 @ 1 =  12.909 , Out:   0.000#   0.095/  12.909f


 Total SPIN, PARITY =     7.5 +,      4 chs,      0 cc.  Rmin & Coul turning =    0.6    2.8
   S-matrix    1 =    0.73555   0.23738 for L=    8, J=    7.5 channel on core I =   0.0 from L=    8,  Acc. loss =  0.0 D.
 Elastic phase shift   1 =    8.943   7.380 deg. for the L =    8, J =    7.5 channel.
       7.5  0.73555296  0.23738104i: elastic S-matrix  @@      0.00  0   0 F  0
 Reaction Xsec     7.5+/ 8 @ 1 =  14.117 , Out:   0.000#   0.082/  14.117f


 Total SPIN, PARITY =     7.5 -,      4 chs,      0 cc.  Rmin & Coul turning =    0.6    2.8
   S-matrix    1 =    0.14009   0.75153 for L=    7, J=    7.5 channel on core I =   0.0 from L=    7,  Acc. loss =  0.0 D.
 Elastic phase shift   1 =   39.720   7.694 deg. for the L =    7, J =    7.5 channel.
       7.5  0.14008973  0.75153043i: elastic S-matrix  @@      0.02  0   0 F  0
 Reaction Xsec     7.5-/ 7 @ 1 =  14.572 , Out:   0.000#   0.292/  14.571f


 Total SPIN, PARITY =     8.5 +,      4 chs,      0 cc.  Rmin & Coul turning =    0.6    3.2
   S-matrix    1 =    0.40859   0.62797 for L=    8, J=    8.5 channel on core I =   0.0 from L=    8,  Acc. loss =  0.0 D.
 Elastic phase shift   1 =   28.475   8.272 deg. for the L =    8, J =    8.5 channel.
       8.5  0.40858501  0.62797086i: elastic S-matrix  @@      0.00  0   0 F  0
 Reaction Xsec     8.5+/ 8 @ 1 =  17.306 , Out:   0.000#   0.324/  17.305f


 Total SPIN, PARITY =     8.5 -,      4 chs,      0 cc.  Rmin & Coul turning =    0.6    3.2
   S-matrix    1 =    0.79979   0.16247 for L=    9, J=    8.5 channel on core I =   0.0 from L=    9,  Acc. loss =  0.0 D.
 Elastic phase shift   1 =    5.742   5.821 deg. for the L =    9, J =    8.5 channel.
       8.5  0.79978525  0.16247494i: elastic S-matrix  @@      0.00  0   0 F  0
 Reaction Xsec     8.5-/ 9 @ 1 =  13.173 , Out:   0.000#   0.071/  13.173f


 Total SPIN, PARITY =     9.5 +,      4 chs,      0 cc.  Rmin & Coul turning =    0.7    3.6
   S-matrix    1 =    0.86413   0.10919 for L=   10, J=    9.5 channel on core I =   0.0 from L=   10,  Acc. loss =  0.0 D.
 Elastic phase shift   1 =    3.601   3.957 deg. for the L =   10, J =    9.5 channel.
       9.5  0.86412903  0.10919035i: elastic S-matrix  @@      0.00  0   0 F  0
 Reaction Xsec     9.5+/10 @ 1 =  10.579 , Out:   0.000#   0.053/  10.579f


 Total SPIN, PARITY =     9.5 -,      4 chs,      0 cc.  Rmin & Coul turning =    0.7    3.6
   S-matrix    1 =    0.64071   0.45573 for L=    9, J=    9.5 channel on core I =   0.0 from L=    9,  Acc. loss =  0.0 D.
 Elastic phase shift   1 =   17.712   6.889 deg. for the L =    9, J =    9.5 channel.
       9.5  0.64071048  0.45573292i: elastic S-matrix  @@      0.00  0   0 F  0
 Reaction Xsec     9.5-/ 9 @ 1 =  16.734 , Out:   0.000#   0.331/  16.734f


 Total SPIN, PARITY =    10.5 +,      4 chs,      0 cc.  Rmin & Coul turning =    0.8    3.9
   S-matrix    1 =    0.79946   0.29486 for L=   10, J=   10.5 channel on core I =   0.0 from L=   10,  Acc. loss =  0.0 D.
 Elastic phase shift   1 =   10.123   4.585 deg. for the L =   10, J =   10.5 channel.
      10.5  0.79945773  0.29486036i: elastic S-matrix  @@      0.02  0   0 F  0
 Reaction Xsec    10.5+/10 @ 1 =  13.207 , Out:   0.000#   0.220/  13.206f


 Total SPIN, PARITY =    10.5 -,      4 chs,      0 cc.  Rmin & Coul turning =    0.8    3.9
   S-matrix    1 =    0.91662   0.07090 for L=   11, J=   10.5 channel on core I =   0.0 from L=   11,  Acc. loss =  0.0 D.
 Elastic phase shift   1 =    2.211   2.409 deg. for the L =   11, J =   10.5 channel.
      10.5  0.91662048  0.07089699i: elastic S-matrix  @@      0.00  0   0 F  0
 Reaction Xsec    10.5-/11 @ 1 =   7.462 , Out:   0.000#   0.063/   7.462f


 Total SPIN, PARITY =    11.5 +,      4 chs,      0 cc.  Rmin & Coul turning =    0.9    4.3
   S-matrix    1 =    0.95269   0.04416 for L=   12, J=   11.5 channel on core I =   0.0 from L=   12,  Acc. loss =  0.0 D.
 Elastic phase shift   1 =    1.327   1.358 deg. for the L =   12, J =   11.5 channel.
      11.5  0.95269065  0.04416419i: elastic S-matrix  @@      0.00  0   0 F  0
 Reaction Xsec    11.5+/12 @ 1 =   4.756 , Out:   0.000#   0.065/   4.756f


 Total SPIN, PARITY =    11.5 -,      4 chs,      0 cc.  Rmin & Coul turning =    0.9    4.3
   S-matrix    1 =    0.89370   0.17623 for L=   11, J=   11.5 channel on core I =   0.0 from L=   11,  Acc. loss =  0.0 D.
 Elastic phase shift   1 =    5.577   2.673 deg. for the L =   11, J =   11.5 channel.
      11.5  0.89370463  0.17622750i: elastic S-matrix  @@      0.00  0   0 F  0
 Reaction Xsec    11.5-/11 @ 1 =   8.954 , Out:   0.000#   0.215/   8.953f


 Total SPIN, PARITY =    12.5 +,      4 chs,      0 cc.  Rmin & Coul turning =    1.0    4.7
   S-matrix    1 =    0.94534   0.10015 for L=   12, J=   12.5 channel on core I =   0.0 from L=   12,  Acc. loss =  0.0 D.
 Elastic phase shift   1 =    3.024   1.450 deg. for the L =   12, J =   12.5 channel.
      12.5  0.94534238  0.10015301i: elastic S-matrix  @@      0.00  0   0 F  0
 Reaction Xsec    12.5+/12 @ 1 =   5.487 , Out:   0.000#   0.178/   5.487f


 Total SPIN, PARITY =    12.5 -,      4 chs,      0 cc.  Rmin & Coul turning =    1.0    4.7
   S-matrix    1 =    0.97458   0.02650 for L=   13, J=   12.5 channel on core I =   0.0 from L=   13,  Acc. loss =  0.0 D.
 Elastic phase shift   1 =    0.779   0.727 deg. for the L =   13, J =   12.5 channel.
      12.5  0.97458287  0.02649804i: elastic S-matrix  @@      0.00  0   0 F  0
 Reaction Xsec    12.5-/13 @ 1 =   2.820 , Out:   0.000#   0.049/   2.820f


 Total SPIN, PARITY =    13.5 +,      4 chs,      0 cc.  Rmin & Coul turning =    1.0    5.0
   S-matrix    1 =    0.98682   0.01545 for L=   14, J=   13.5 channel on core I =   0.0 from L=   14,  Acc. loss =  0.0 D.
 Elastic phase shift   1 =    0.448   0.377 deg. for the L =   14, J =   13.5 channel.
      13.5  0.98681523  0.01544977i: elastic S-matrix  @@      0.02  0   0 F  0
 Reaction Xsec    13.5+/14 @ 1 =   1.593 , Out:   0.000#   0.038/   1.593f


 Total SPIN, PARITY =    13.5 -,      4 chs,      0 cc.  Rmin & Coul turning =    1.0    5.0
   S-matrix    1 =    0.97238   0.05522 for L=   13, J=   13.5 channel on core I =   0.0 from L=   13,  Acc. loss =  0.0 D.
 Elastic phase shift   1 =    1.625   0.756 deg. for the L =   13, J =   13.5 channel.
      13.5  0.97238339  0.05522479i: elastic S-matrix  @@      0.00  0   0 F  0
 Reaction Xsec    13.5-/13 @ 1 =   3.155 , Out:   0.000#   0.096/   3.155f


 Total SPIN, PARITY =    14.5 +,      4 chs,      0 cc.  Rmin & Coul turning =    1.1    5.4
   S-matrix    1 =    0.98619   0.02993 for L=   14, J=   14.5 channel on core I =   0.0 from L=   14,  Acc. loss =  0.0 D.
 Elastic phase shift   1 =    0.869   0.385 deg. for the L =   14, J =   14.5 channel.
      14.5  0.98618634  0.02992694i: elastic S-matrix  @@      0.00  0   0 F  0
 Reaction Xsec    14.5+/14 @ 1 =   1.745 , Out:   0.000#   0.059/   1.745f


 Total SPIN, PARITY =    14.5 -,      4 chs,      0 cc.  Rmin & Coul turning =    1.1    5.4
   S-matrix    1 =    0.99331   0.00883 for L=   15, J=   14.5 channel on core I =   0.0 from L=   15,  Acc. loss =  0.0 D.
 Elastic phase shift   1 =    0.255   0.191 deg. for the L =   15, J =   14.5 channel.
      14.5  0.99330501  0.00882966i: elastic S-matrix  @@      0.00  0   0 F  0
 Reaction Xsec    14.5-/15 @ 1 =   0.872 , Out:   0.000#   0.028/   0.872f


 Total SPIN, PARITY =    15.5 +,      4 chs,      0 cc.  Rmin & Coul turning =    1.2    5.8
   S-matrix    1 =    0.99664   0.00498 for L=   16, J=   15.5 channel on core I =   0.0 from L=   16,  Acc. loss =  0.0 D.
 Elastic phase shift   1 =    0.143   0.096 deg. for the L =   16, J =   15.5 channel.
      15.5  0.99664290  0.00497806i: elastic S-matrix  @@      0.00  0   0 F  0
 Reaction Xsec    15.5+/16 @ 1 =   0.468 , Out:   0.000#   0.020/   0.468f


 Total SPIN, PARITY =    15.5 -,      4 chs,      0 cc.  Rmin & Coul turning =    1.2    5.8
   S-matrix    1 =    0.99313   0.01606 for L=   15, J=   15.5 channel on core I =   0.0 from L=   15,  Acc. loss =  0.0 D.
 Elastic phase shift   1 =    0.463   0.194 deg. for the L =   15, J =   15.5 channel.
      15.5  0.99313049  0.01606141i: elastic S-matrix  @@      0.00  0   0 F  0
 Reaction Xsec    15.5-/15 @ 1 =   0.942 , Out:   0.000#   0.037/   0.942f


 Total SPIN, PARITY =    16.5 +,      4 chs,      0 cc.  Rmin & Coul turning =    1.2    6.2
   S-matrix    1 =    0.99660   0.00857 for L=   16, J=   16.5 channel on core I =   0.0 from L=   16,  Acc. loss =  0.0 D.
 Elastic phase shift   1 =    0.246   0.097 deg. for the L =   16, J =   16.5 channel.
      16.5  0.99659541  0.00857425i: elastic S-matrix  @@      0.02  0   0 F  0
 Reaction Xsec    16.5+/16 @ 1 =   0.501 , Out:   0.000#   0.024/   0.501f


 Total SPIN, PARITY =    16.5 -,      4 chs,      0 cc.  Rmin & Coul turning =    1.2    6.2
   S-matrix    1 =    0.99833   0.00278 for L=   17, J=   16.5 channel on core I =   0.0 from L=   17,  Acc. loss =  0.0 D.
 Elastic phase shift   1 =    0.080   0.048 deg. for the L =   17, J =   16.5 channel.
      16.5  0.99832896  0.00278029i: elastic S-matrix  @@      0.00  0   0 F  0
 Reaction Xsec    16.5-/17 @ 1 =   0.248 , Out:   0.000#   0.014/   0.248f


 Total SPIN, PARITY =    17.5 +,      4 chs,      0 cc.  Rmin & Coul turning =    1.4    6.5
   S-matrix    1 =    0.99917   0.00154 for L=   18, J=   17.5 channel on core I =   0.0 from L=   18,  Acc. loss =  0.0 D.
 Elastic phase shift   1 =    0.044   0.024 deg. for the L =   18, J =   17.5 channel.
      17.5  0.99917185  0.00154231i: elastic S-matrix  @@      0.00  0   0 F  0
 Reaction Xsec    17.5+/18 @ 1 =   0.130 , Out:   0.000#   9.401#   0.130f


 Total SPIN, PARITY =    17.5 -,      4 chs,      0 cc.  Rmin & Coul turning =    1.4    6.5
   S-matrix    1 =    0.99832   0.00456 for L=   17, J=   17.5 channel on core I =   0.0 from L=   17,  Acc. loss =  0.0 D.
 Elastic phase shift   1 =    0.131   0.048 deg. for the L =   17, J =   17.5 channel.
      17.5  0.99831620  0.00456398i: elastic S-matrix  @@      0.00  0   0 F  0
 Reaction Xsec    17.5-/17 @ 1 =   0.264 , Out:   0.000#   0.016/   0.264f


 Total SPIN, PARITY =    18.5 +,      4 chs,      0 cc.  Rmin & Coul turning =    1.4    6.9
   S-matrix    1 =    0.99917   0.00243 for L=   18, J=   18.5 channel on core I =   0.0 from L=   18,  Acc. loss =  0.0 D.
 Elastic phase shift   1 =    0.070   0.024 deg. for the L =   18, J =   18.5 channel.
      18.5  0.99916846  0.00242546i: elastic S-matrix  @@      0.00  0   0 F  0
 Reaction Xsec    18.5+/18 @ 1 =   0.138 , Out:   0.000#   0.010/   0.138f


 Total SPIN, PARITY =    18.5 -,      4 chs,      0 cc.  Rmin & Coul turning =    1.4    6.9
   S-matrix    1 =    0.99959   0.00085 for L=   19, J=   18.5 channel on core I =   0.0 from L=   19,  Acc. loss =  0.0 D.
 Elastic phase shift   1 =    0.024   0.012 deg. for the L =   19, J =   18.5 channel.
      18.5  0.99959070  0.00085115i: elastic S-matrix  @@      0.00  0   0 F  0
 Reaction Xsec    18.5-/19 @ 1 =   0.068 , Out:   0.000#   5.776#   0.068f


 Total SPIN, PARITY =    19.5 +,      4 chs,      0 cc.  Rmin & Coul turning =    1.5    7.3
   S-matrix    1 =    0.99980   0.00047 for L=   20, J=   19.5 channel on core I =   0.0 from L=   20,  Acc. loss =  0.0 D.
 Elastic phase shift   1 =    0.013   0.006 deg. for the L =   20, J =   19.5 channel.
      19.5  0.99979809  0.00046779i: elastic S-matrix  @@      0.02  0   0 F  0
 Reaction Xsec    19.5+/20 @ 1 =   0.035 , Out:   0.000#   3.259#   0.035f


 Total SPIN, PARITY =    19.5 -,      4 chs,      0 cc.  Rmin & Coul turning =    1.5    7.3
   S-matrix    1 =    0.99959   0.00129 for L=   19, J=   19.5 channel on core I =   0.0 from L=   19,  Acc. loss =  0.0 D.
 Elastic phase shift   1 =    0.037   0.012 deg. for the L =   19, J =   19.5 channel.
      19.5  0.99958980  0.00128781i: elastic S-matrix  @@      0.00  0   0 F  0
 Reaction Xsec    19.5-/19 @ 1 =   0.072 , Out:   0.000#   6.237#   0.072f


 Total SPIN, PARITY =    20.5 +,      4 chs,      0 cc.  Rmin & Coul turning =    1.6    7.7
   S-matrix    1 =    0.99980   0.00068 for L=   20, J=   20.5 channel on core I =   0.0 from L=   20,  Acc. loss =  0.0 D.
 Elastic phase shift   1 =    0.020   0.006 deg. for the L =   20, J =   20.5 channel.
      20.5  0.99979785  0.00068343i: elastic S-matrix  @@      0.00  0   0 F  0
 Reaction Xsec    20.5+/20 @ 1 =   0.037 , Out:   0.000#   3.465#   0.037f


 Total SPIN, PARITY =    20.5 -,      4 chs,      0 cc.  Rmin & Coul turning =    1.6    7.7
   S-matrix    1 =    0.99990   0.00026 for L=   21, J=   20.5 channel on core I =   0.0 from L=   21,  Acc. loss =  0.0 D.
 Elastic phase shift   1 =    0.007   0.003 deg. for the L =   21, J =   20.5 channel.
      20.5  0.99990053  0.00025623i: elastic S-matrix  @@      0.00  0   0 F  0
 Reaction Xsec    20.5-/21 @ 1 =   0.018 , Out:   0.000#   1.631#   0.018f


 Total SPIN, PARITY =    21.5 +,      4 chs,      0 cc.  Rmin & Coul turning =    1.7    8.0
   S-matrix    1 =    0.99995   0.00014 for L=   22, J=   21.5 channel on core I =   0.0 from L=   22,  Acc. loss =  0.0 D.
 Elastic phase shift   1 =    0.004   0.001 deg. for the L =   22, J =   21.5 channel.
      21.5  0.99995105  0.00013994i: elastic S-matrix  @@      0.00  0   0 F  0
 Reaction Xsec    21.5+/22 @ 1 =   9.438/, Out:   0.000#   0.667#   0.009f


 Total SPIN, PARITY =    21.5 -,      4 chs,      0 cc.  Rmin & Coul turning =    1.7    8.0
   S-matrix    1 =    0.99990   0.00036 for L=   21, J=   21.5 channel on core I =   0.0 from L=   21,  Acc. loss =  0.0 D.
 Elastic phase shift   1 =    0.010   0.003 deg. for the L =   21, J =   21.5 channel.
      21.5  0.99990047  0.00036260i: elastic S-matrix  @@      0.00  0   0 F  0
 Reaction Xsec    21.5-/21 @ 1 =   0.019 , Out:   0.000#   1.719#   0.019f


 Total SPIN, PARITY =    22.5 +,      4 chs,      0 cc.  Rmin & Coul turning =    1.8    8.4
   S-matrix    1 =    0.99995   0.00019 for L=   22, J=   22.5 channel on core I =   0.0 from L=   22,  Acc. loss =  0.0 D.
 Elastic phase shift   1 =    0.006   0.001 deg. for the L =   22, J =   22.5 channel.
      22.5  0.99995104  0.00019236i: elastic S-matrix  @@      0.02  0   0 F  0
 Reaction Xsec    22.5+/22 @ 1 =   9.868/, Out:   0.000#   0.698#   0.010f


 Total SPIN, PARITY =    22.5 -,      4 chs,      0 cc.  Rmin & Coul turning =    1.8    8.4
   S-matrix    1 =    0.99998   0.00008 for L=   23, J=   22.5 channel on core I =   0.0 from L=   23,  Acc. loss =  0.0 D.
 Elastic phase shift   1 =    0.002   0.001 deg. for the L =   23, J =   22.5 channel.
      22.5  0.99997594  0.00007626i: elastic S-matrix  @@      0.00  0   0 F  0
 Reaction Xsec    22.5-/23 @ 1 =   4.851/, Out:   0.000#   0.192#   0.005f


 Total SPIN, PARITY =    23.5 +,      4 chs,      0 cc.  Rmin & Coul turning =    1.8    8.8
   S-matrix    1 =    0.99999   0.00004 for L=   24, J=   23.5 channel on core I =   0.0 from L=   24,  Acc. loss =  0.0 D.
 Elastic phase shift   1 =    0.001   0.000 deg. for the L =   24, J =   23.5 channel.
      23.5  0.99998818  0.00004147i: elastic S-matrix  @@      0.00  0   0 F  0
 Reaction Xsec    23.5+/24 @ 1 =   2.487/, Out:   0.000#   0.026#   0.002f


 Total SPIN, PARITY =    23.5 -,      4 chs,      0 cc.  Rmin & Coul turning =    1.8    8.8
   S-matrix    1 =    0.99998   0.00010 for L=   23, J=   23.5 channel on core I =   0.0 from L=   23,  Acc. loss =  0.0 D.
 Elastic phase shift   1 =    0.003   0.001 deg. for the L =   23, J =   23.5 channel.
      23.5  0.99997593  0.00010206i: elastic S-matrix  @@      0.00  0   0 F  0
 Reaction Xsec    23.5-/23 @ 1 =   5.062/, Out:   0.000#   0.200#   0.005f


 Total SPIN, PARITY =    24.5 +,      4 chs,      0 cc.  Rmin & Coul turning =    1.9    9.2
   S-matrix    1 =    0.99999   0.00005 for L=   24, J=   24.5 channel on core I =   0.0 from L=   24,  Acc. loss =  0.0 D.
 Elastic phase shift   1 =    0.002   0.000 deg. for the L =   24, J =   24.5 channel.
      24.5  0.99998818  0.00005416i: elastic S-matrix  @@      0.00  0   0 F  0
 Reaction Xsec    24.5+/24 @ 1 =   2.590/, Out:   0.000#   0.027#   0.003f


 Total SPIN, PARITY =    24.5 -,      4 chs,      0 cc.  Rmin & Coul turning =    1.9    9.2
   S-matrix    1 =    0.99999   0.00002 for L=   25, J=   24.5 channel on core I =   0.0 from L=   25,  Acc. loss =  0.0 D.
 Elastic phase shift   1 =    0.001   0.000 deg. for the L =   25, J =   24.5 channel.
      24.5  0.99999420  0.00002253i: elastic S-matrix  @@      0.00  0   0 F  0
 Reaction Xsec    24.5-/25 @ 1 =   1.272/, Out:   0.000#   0.000#   0.001f


 Total SPIN, PARITY =    25.5 +,      4 chs,      0 cc.  Rmin & Coul turning =    2.0    9.5
   S-matrix    1 =    1.00000   0.00001 for L=   26, J=   25.5 channel on core I =   0.0 from L=   26,  Acc. loss =  0.0 D.
 Elastic phase shift   1 =    0.000   0.000 deg. for the L =   26, J =   25.5 channel.
      25.5  0.99999715  0.00001224i: elastic S-matrix  @@      0.02  0   0 F  0
 Reaction Xsec    25.5+/26 @ 1 =   0.649/, Out:   0.000#   0.007#   0.001f


 Total SPIN, PARITY =    25.5 -,      4 chs,      0 cc.  Rmin & Coul turning =    2.0    9.5
   S-matrix    1 =    0.99999   0.00003 for L=   25, J=   25.5 channel on core I =   0.0 from L=   25,  Acc. loss =  0.0 D.
 Elastic phase shift   1 =    0.001   0.000 deg. for the L =   25, J =   25.5 channel.
      25.5  0.99999420  0.00002877i: elastic S-matrix  @@      0.00  0   0 F  0
 Reaction Xsec    25.5-/25 @ 1 =   1.322/, Out:   0.000#   0.000#   0.001f


 Total SPIN, PARITY =    26.5 +,      4 chs,      0 cc.  Rmin & Coul turning =    2.1    9.9
   S-matrix    1 =    1.00000   0.00002 for L=   26, J=   26.5 channel on core I =   0.0 from L=   26,  Acc. loss =  0.0 D.
 Elastic phase shift   1 =    0.000   0.000 deg. for the L =   26, J =   26.5 channel.
      26.5  0.99999715  0.00001530i: elastic S-matrix  @@      0.00  0   0 F  0
 Reaction Xsec    26.5+/26 @ 1 =   0.674/, Out:   0.000#   0.008#   0.001f


 Total SPIN, PARITY =    26.5 -,      4 chs,      0 cc.  Rmin & Coul turning =    2.1    9.9
   S-matrix    1 =    1.00000   0.00001 for L=   27, J=   26.5 channel on core I =   0.0 from L=   27,  Acc. loss =  0.0 D.
 Elastic phase shift   1 =    0.000   0.000 deg. for the L =   27, J =   26.5 channel.
      26.5  0.99999860  0.00000664i: elastic S-matrix  @@      0.00  0   0 F  0
 Reaction Xsec    26.5-/27 @ 1 =   0.330/, Out:   0.000#   0.010#   0.000f


 Total SPIN, PARITY =    27.5 +,      4 chs,      0 cc.  Rmin & Coul turning =    2.1   10.3
   S-matrix    1 =    1.00000   0.00000 for L=   28, J=   27.5 channel on core I =   0.0 from L=   28,  Acc. loss =  0.0 D.
 Elastic phase shift   1 =    0.000   0.000 deg. for the L =   28, J =   27.5 channel.
      27.5  0.99999932  0.00000363i: elastic S-matrix  @@      0.00  0   0 F  0
 Reaction Xsec    27.5+/28 @ 1 =   0.168/, Out:   0.000#   0.007#   0.000f


 Total SPIN, PARITY =    27.5 -,      4 chs,      0 cc.  Rmin & Coul turning =    2.1   10.3
   S-matrix    1 =    1.00000   0.00001 for L=   27, J=   27.5 channel on core I =   0.0 from L=   27,  Acc. loss =  0.0 D.
 Elastic phase shift   1 =    0.000   0.000 deg. for the L =   27, J =   27.5 channel.
      27.5  0.99999860  0.00000815i: elastic S-matrix  @@      0.00  0   0 F  0
 Reaction Xsec    27.5-/27 @ 1 =   0.342/, Out:   0.000#   0.010#   0.000f


 Total SPIN, PARITY =    28.5 +,      4 chs,      0 cc.  Rmin & Coul turning =    2.2   10.7
   S-matrix    1 =    1.00000   0.00000 for L=   28, J=   28.5 channel on core I =   0.0 from L=   28,  Acc. loss =  0.0 D.
 Elastic phase shift   1 =    0.000   0.000 deg. for the L =   28, J =   28.5 channel.
      28.5  0.99999932  0.00000437i: elastic S-matrix  @@      0.00  0   0 F  0
 Reaction Xsec    28.5+/28 @ 1 =   0.174/, Out:   0.000#   0.007#   0.000f


 Total SPIN, PARITY =    28.5 -,      4 chs,      0 cc.  Rmin & Coul turning =    2.2   10.7
   S-matrix    1 =    1.00000   0.00000 for L=   29, J=   28.5 channel on core I =   0.0 from L=   29,  Acc. loss =  0.0 D.
 Elastic phase shift   1 =    0.000   0.000 deg. for the L =   29, J =   28.5 channel.
      28.5  0.99999967  0.00000199i: elastic S-matrix  @@      0.02  0   0 F  0
 Reaction Xsec    28.5-/29 @ 1 =   0.085/, Out:   0.000#   0.003#   0.000f


 Total SPIN, PARITY =    29.5 +,      4 chs,      0 cc.  Rmin & Coul turning =    2.3   11.0
   S-matrix    1 =    1.00000   0.00000 for L=   30, J=   29.5 channel on core I =   0.0 from L=   30,  Acc. loss =  0.0 D.
 Elastic phase shift   1 =    0.000   0.000 deg. for the L =   30, J =   29.5 channel.
      29.5  0.99999984  0.00000110i: elastic S-matrix  @@      0.00  0   0 F  0
 Reaction Xsec    29.5+/30 @ 1 =   0.043/, Out:   0.000#   0.001#   0.000f


 Total SPIN, PARITY =    29.5 -,      4 chs,      0 cc.  Rmin & Coul turning =    2.3   11.0
   S-matrix    1 =    1.00000   0.00000 for L=   29, J=   29.5 channel on core I =   0.0 from L=   29,  Acc. loss =  0.0 D.
 Elastic phase shift   1 =    0.000   0.000 deg. for the L =   29, J =   29.5 channel.
      29.5  0.99999967  0.00000235i: elastic S-matrix  @@      0.00  0   0 F  0
 Reaction Xsec    29.5-/29 @ 1 =   0.088/, Out:   0.000#   0.003#   0.000f


 Total SPIN, PARITY =    30.5 +,      4 chs,      0 cc.  Rmin & Coul turning =    2.4   11.4
   S-matrix    1 =    1.00000   0.00000 for L=   30, J=   30.5 channel on core I =   0.0 from L=   30,  Acc. loss =  0.0 D.
 Elastic phase shift   1 =    0.000   0.000 deg. for the L =   30, J =   30.5 channel.
      30.5  0.99999984  0.00000128i: elastic S-matrix  @@      0.00  0   0 F  0
 Reaction Xsec    30.5+/30 @ 1 =   0.044/, Out:   0.000#   0.001#   0.000f


 Total SPIN, PARITY =    30.5 -,      4 chs,      0 cc.  Rmin & Coul turning =    2.4   11.4
   S-matrix    1 =    1.00000   0.00000 for L=   31, J=   30.5 channel on core I =   0.0 from L=   31,  Acc. loss =  0.0 D.
 Elastic phase shift   1 =    0.000   0.000 deg. for the L =   31, J =   30.5 channel.
      30.5  0.99999992  0.00000063i: elastic S-matrix  @@      0.00  0   0 F  0
 Reaction Xsec    30.5-/31 @ 1 =   0.022/, Out:   0.000#   0.000#   0.000f


 Total SPIN, PARITY =    31.5 +,      4 chs,      0 cc.  Rmin & Coul turning =    2.5   11.8
   S-matrix    1 =    1.00000   0.00000 for L=   32, J=   31.5 channel on core I =   0.0 from L=   32,  Acc. loss =  0.0 D.
 Elastic phase shift   1 =    0.000   0.000 deg. for the L =   32, J =   31.5 channel.
0****** WARNING : ACCURACY LOSS IN ERWIN = 14.8 DIGITS, SO EXPECT ERRORS OF   0.0000 % OF UNITARITY

      31.5  0.99999996  0.00000036i: elastic S-matrix  @@      0.00  0   0 F  0
 Reaction Xsec    31.5+/32 @ 1 =   0.011/, Out:   0.000#   0.000#   0.000f


 Total SPIN, PARITY =    31.5 -,      4 chs,      0 cc.  Rmin & Coul turning =    2.5   11.8
   S-matrix    1 =    1.00000   0.00000 for L=   31, J=   31.5 channel on core I =   0.0 from L=   31,  Acc. loss =  0.0 D.
 Elastic phase shift   1 =    0.000   0.000 deg. for the L =   31, J =   31.5 channel.
      31.5  0.99999992  0.00000072i: elastic S-matrix  @@      0.02  0   0 F  0
 Reaction Xsec    31.5-/31 @ 1 =   0.022/, Out:   0.000#   0.000#   0.000f


 Total SPIN, PARITY =    32.5 +,      4 chs,      0 cc.  Rmin & Coul turning =    2.6   12.1
   S-matrix    1 =    1.00000   0.00000 for L=   32, J=   32.5 channel on core I =   0.0 from L=   32,  Acc. loss =  0.0 D.
 Elastic phase shift   1 =    0.000   0.000 deg. for the L =   32, J =   32.5 channel.
      32.5  0.99999996  0.00000040i: elastic S-matrix  @@      0.00  0   0 F  0
 Reaction Xsec    32.5+/32 @ 1 =   0.011/, Out:   0.000#   0.000#   0.000f


 Total SPIN, PARITY =    32.5 -,      4 chs,      0 cc.  Rmin & Coul turning =    2.6   12.1
   S-matrix    1 =    1.00000   0.00000 for L=   33, J=   32.5 channel on core I =   0.0 from L=   33,  Acc. loss =  0.0 D.
 Elastic phase shift   1 =    0.000   0.000 deg. for the L =   33, J =   32.5 channel.
      32.5  0.99999998  0.00000023i: elastic S-matrix  @@      0.00  0   0 F  0
 Reaction Xsec    32.5-/33 @ 1 =   5.535#, Out:   0.000#   0.000#   0.000f


 Total SPIN, PARITY =    33.5 +,      4 chs,      0 cc.  Rmin & Coul turning =    2.6   12.5
   S-matrix    1 =    1.00000   0.00000 for L=   34, J=   33.5 channel on core I =   0.0 from L=   34,  Acc. loss =  0.0 D.
 Elastic phase shift   1 =    0.000   0.000 deg. for the L =   34, J =   33.5 channel.
      33.5  0.99999999  0.00000015i: elastic S-matrix  @@      0.00  0   0 F  0
 Reaction Xsec    33.5+/34 @ 1 =   2.786#, Out:   0.000#   0.000#   0.000f


 Total SPIN, PARITY =    33.5 -,      4 chs,      0 cc.  Rmin & Coul turning =    2.6   12.5
   S-matrix    1 =    1.00000   0.00000 for L=   33, J=   33.5 channel on core I =   0.0 from L=   33,  Acc. loss =  0.0 D.
 Elastic phase shift   1 =    0.000   0.000 deg. for the L =   33, J =   33.5 channel.
      33.5  0.99999998  0.00000025i: elastic S-matrix  @@      0.00  0   0 F  0
 Reaction Xsec    33.5-/33 @ 1 =   5.703#, Out:   0.000#   0.000#   0.000f


 Total SPIN, PARITY =    34.5 +,      4 chs,      0 cc.  Rmin & Coul turning =    2.7   12.9
   S-matrix    1 =    1.00000   0.00000 for L=   34, J=   34.5 channel on core I =   0.0 from L=   34,  Acc. loss =  0.0 D.
 Elastic phase shift   1 =    0.000   0.000 deg. for the L =   34, J =   34.5 channel.
      34.5  0.99999999  0.00000016i: elastic S-matrix  @@      0.02  0   0 F  0
 Reaction Xsec    34.5+/34 @ 1 =   2.868#, Out:   0.000#   0.000#   0.000f


 Total SPIN, PARITY =    34.5 -,      4 chs,      0 cc.  Rmin & Coul turning =    2.7   12.9
   S-matrix    1 =    1.00000   0.00000 for L=   35, J=   34.5 channel on core I =   0.0 from L=   35,  Acc. loss =  0.0 D.
 Elastic phase shift   1 =    0.000   0.000 deg. for the L =   35, J =   34.5 channel.
0****** WARNING : ACCURACY LOSS IN ERWIN = 14.3 DIGITS, SO EXPECT ERRORS OF   0.0000 % OF UNITARITY

      34.5  1.00000000  0.00000010i: elastic S-matrix  @@      0.00  0   0 F  0
 Reaction Xsec    34.5-/35 @ 1 =   1.400#, Out:   0.000#   0.000#   0.000f


 Total SPIN, PARITY =    35.5 +,      4 chs,      0 cc.  Rmin & Coul turning =    2.8   13.3
   S-matrix    1 =    1.00000   0.00000 for L=   36, J=   35.5 channel on core I =   0.0 from L=   36,  Acc. loss =  0.0 D.
 Elastic phase shift   1 =    0.000   0.000 deg. for the L =   36, J =   35.5 channel.
      35.5  1.00000000  0.00000008i: elastic S-matrix  @@      0.00  0   0 F  0
 Reaction Xsec    35.5+/36 @ 1 =   0.703#, Out:   0.000#   0.000#   0.000f


 Total SPIN, PARITY =    35.5 -,      4 chs,      0 cc.  Rmin & Coul turning =    2.8   13.3
   S-matrix    1 =    1.00000   0.00000 for L=   35, J=   35.5 channel on core I =   0.0 from L=   35,  Acc. loss =  0.0 D.
 Elastic phase shift   1 =    0.000   0.000 deg. for the L =   35, J =   35.5 channel.
0****** WARNING : ACCURACY LOSS IN ERWIN = 14.2 DIGITS, SO EXPECT ERRORS OF   0.0000 % OF UNITARITY

      35.5  1.00000000  0.00000010i: elastic S-matrix  @@      0.00  0   0 F  0
 Reaction Xsec    35.5-/35 @ 1 =   1.440#, Out:   0.000#   0.000#   0.000f


 Total SPIN, PARITY =    36.5 +,      4 chs,      0 cc.  Rmin & Coul turning =    2.9   13.6
   S-matrix    1 =    1.00000   0.00000 for L=   36, J=   36.5 channel on core I =   0.0 from L=   36,  Acc. loss =  0.0 D.
 Elastic phase shift   1 =    0.000   0.000 deg. for the L =   36, J =   36.5 channel.
      36.5  1.00000000  0.00000009i: elastic S-matrix  @@      0.00  0   0 F  0
 Reaction Xsec    36.5+/36 @ 1 =   0.722#, Out:   0.000#   0.000#   0.000f


 Total SPIN, PARITY =    36.5 -,      4 chs,      0 cc.  Rmin & Coul turning =    2.9   13.6
   S-matrix    1 =    1.00000   0.00000 for L=   37, J=   36.5 channel on core I =   0.0 from L=   37,  Acc. loss =  0.0 D.
 Elastic phase shift   1 =    0.000   0.000 deg. for the L =   37, J =   36.5 channel.
0****** WARNING : ACCURACY LOSS IN ERWIN = 14.2 DIGITS, SO EXPECT ERRORS OF   0.0000 % OF UNITARITY

      36.5  1.00000000  0.00000007i: elastic S-matrix  @@      0.00  0   0 F  0
 Reaction Xsec    36.5-/37 @ 1 =   0.353#, Out:   0.000#   0.000#   0.000f


 Total SPIN, PARITY =    37.5 +,      4 chs,      0 cc.  Rmin & Coul turning =    3.0   14.0
   S-matrix    1 =    1.00000   0.00000 for L=   38, J=   37.5 channel on core I =   0.0 from L=   38,  Acc. loss =  0.0 D.
 Elastic phase shift   1 =    0.000   0.000 deg. for the L =   38, J =   37.5 channel.
0****** WARNING : ACCURACY LOSS IN ERWIN = 14.1 DIGITS, SO EXPECT ERRORS OF   0.0000 % OF UNITARITY

      37.5  1.00000000  0.00000005i: elastic S-matrix  @@      0.02  0   0 F  0
 Reaction Xsec    37.5+/38 @ 1 =   0.177#, Out:   0.000#   0.000#   0.000f


 Total SPIN, PARITY =    37.5 -,      4 chs,      0 cc.  Rmin & Coul turning =    3.0   14.0
   S-matrix    1 =    1.00000   0.00000 for L=   37, J=   37.5 channel on core I =   0.0 from L=   37,  Acc. loss =  0.0 D.
 Elastic phase shift   1 =    0.000   0.000 deg. for the L =   37, J =   37.5 channel.
0****** WARNING : ACCURACY LOSS IN ERWIN = 14.2 DIGITS, SO EXPECT ERRORS OF   0.0000 % OF UNITARITY

      37.5  1.00000000  0.00000007i: elastic S-matrix  @@      0.00  0   0 F  0
 Reaction Xsec    37.5-/37 @ 1 =   0.362#, Out:   0.000#   0.000#   0.000f


 Total SPIN, PARITY =    38.5 +,      4 chs,      0 cc.  Rmin & Coul turning =    3.0   14.4
   S-matrix    1 =    1.00000   0.00000 for L=   38, J=   38.5 channel on core I =   0.0 from L=   38,  Acc. loss =  0.0 D.
 Elastic phase shift   1 =    0.000   0.000 deg. for the L =   38, J =   38.5 channel.
0****** WARNING : ACCURACY LOSS IN ERWIN = 14.3 DIGITS, SO EXPECT ERRORS OF   0.0000 % OF UNITARITY

      38.5  1.00000000  0.00000005i: elastic S-matrix  @@      0.00  0   0 F  0
 Reaction Xsec    38.5+/38 @ 1 =   0.181#, Out:   0.000#   0.000#   0.000f


 Total SPIN, PARITY =    38.5 -,      4 chs,      0 cc.  Rmin & Coul turning =    3.0   14.4
   S-matrix    1 =    1.00000   0.00000 for L=   39, J=   38.5 channel on core I =   0.0 from L=   39,  Acc. loss =  0.0 D.
 Elastic phase shift   1 =    0.000   0.000 deg. for the L =   39, J =   38.5 channel.
      38.5  1.00000000  0.00000005i: elastic S-matrix  @@      0.00  0   0 F  0
 Reaction Xsec    38.5-/39 @ 1 =   0.088#, Out:   0.000#   0.000#   0.000f


 Total SPIN, PARITY =    39.5 +,      4 chs,      0 cc.  Rmin & Coul turning =    3.1   14.8
   S-matrix    1 =    1.00000   0.00000 for L=   40, J=   39.5 channel on core I =   0.0 from L=   40,  Acc. loss =  0.0 D.
 Elastic phase shift   1 =    0.000   0.000 deg. for the L =   40, J =   39.5 channel.
      39.5  1.00000000  0.00000004i: elastic S-matrix  @@      0.00  0   0 F  0
 Reaction Xsec    39.5+/40 @ 1 =   0.044#, Out:   0.000#   0.000#   0.000f


 Total SPIN, PARITY =    39.5 -,      4 chs,      0 cc.  Rmin & Coul turning =    3.1   14.8
   S-matrix    1 =    1.00000   0.00000 for L=   39, J=   39.5 channel on core I =   0.0 from L=   39,  Acc. loss =  0.0 D.
 Elastic phase shift   1 =    0.000   0.000 deg. for the L =   39, J =   39.5 channel.
      39.5  1.00000000  0.00000005i: elastic S-matrix  @@      0.00  0   0 F  0
 Reaction Xsec    39.5-/39 @ 1 =   0.091#, Out:   0.000#   0.000#   0.000f


 Total SPIN, PARITY =    40.5 +,      4 chs,      0 cc.  Rmin & Coul turning =    3.2   15.1
   S-matrix    1 =    1.00000   0.00000 for L=   40, J=   40.5 channel on core I =   0.0 from L=   40,  Acc. loss =  0.0 D.
 Elastic phase shift   1 =    0.000   0.000 deg. for the L =   40, J =   40.5 channel.
      40.5  1.00000000  0.00000004i: elastic S-matrix  @@      0.02  0   0 F  0
 Reaction Xsec    40.5+/40 @ 1 =   0.045#, Out:   0.000#   0.000#   0.000f


 Total SPIN, PARITY =    40.5 -,      4 chs,      0 cc.  Rmin & Coul turning =    3.2   15.1
   S-matrix    1 =    1.00000   0.00000 for L=   41, J=   40.5 channel on core I =   0.0 from L=   41,  Acc. loss =  0.0 D.
 Elastic phase shift   1 =    0.000   0.000 deg. for the L =   41, J =   40.5 channel.
0****** WARNING : ACCURACY LOSS IN ERWIN = 14.3 DIGITS, SO EXPECT ERRORS OF   0.0000 % OF UNITARITY

      40.5  1.00000000  0.00000003i: elastic S-matrix  @@      0.00  0   0 F  0
 Reaction Xsec    40.5-/41 @ 1 =   0.022#, Out:   0.000#   0.000#   0.000f


 Total SPIN, PARITY =    41.5 +,      4 chs,      0 cc.  Rmin & Coul turning =    3.2   15.5
   S-matrix    1 =    1.00000   0.00000 for L=   42, J=   41.5 channel on core I =   0.0 from L=   42,  Acc. loss =  0.0 D.
 Elastic phase shift   1 =    0.000   0.000 deg. for the L =   42, J =   41.5 channel.
      41.5  1.00000000  0.00000004i: elastic S-matrix  @@      0.00  0   0 F  0
 Reaction Xsec    41.5+/42 @ 1 =   0.011#, Out:   0.000#   0.000#   0.000f


 Total SPIN, PARITY =    41.5 -,      4 chs,      0 cc.  Rmin & Coul turning =    3.2   15.5
   S-matrix    1 =    1.00000   0.00000 for L=   41, J=   41.5 channel on core I =   0.0 from L=   41,  Acc. loss =  0.0 D.
 Elastic phase shift   1 =    0.000   0.000 deg. for the L =   41, J =   41.5 channel.
0****** WARNING : ACCURACY LOSS IN ERWIN = 14.3 DIGITS, SO EXPECT ERRORS OF   0.0000 % OF UNITARITY

      41.5  1.00000000  0.00000003i: elastic S-matrix  @@      0.00  0   0 F  0
 Reaction Xsec    41.5-/41 @ 1 =   0.023#, Out:   0.000#   0.000#   0.000f


 Total SPIN, PARITY =    42.5 +,      4 chs,      0 cc.  Rmin & Coul turning =    3.4   15.9
   S-matrix    1 =    1.00000   0.00000 for L=   42, J=   42.5 channel on core I =   0.0 from L=   42,  Acc. loss =  0.0 D.
 Elastic phase shift   1 =    0.000   0.000 deg. for the L =   42, J =   42.5 channel.
      42.5  1.00000000  0.00000004i: elastic S-matrix  @@      0.00  0   0 F  0
 Reaction Xsec    42.5+/42 @ 1 =   0.011#, Out:   0.000#   0.000#   0.000f


 Total SPIN, PARITY =    42.5 -,      4 chs,      0 cc.  Rmin & Coul turning =    3.4   15.9
   S-matrix    1 =    1.00000   0.00000 for L=   43, J=   42.5 channel on core I =   0.0 from L=   43,  Acc. loss =  0.0 D.
 Elastic phase shift   1 =    0.000   0.000 deg. for the L =   43, J =   42.5 channel.
0****** WARNING : ACCURACY LOSS IN ERWIN = 14.8 DIGITS, SO EXPECT ERRORS OF   0.0000 % OF UNITARITY

      42.5  1.00000000  0.00000003i: elastic S-matrix  @@      0.00  0   0 F  0
 Reaction Xsec    42.5-/43 @ 1 =   0.005#, Out:   0.000#   0.000#   0.000f


 Total SPIN, PARITY =    43.5 +,      4 chs,      0 cc.  Rmin & Coul turning =    3.4   16.3
   S-matrix    1 =    1.00000   0.00000 for L=   44, J=   43.5 channel on core I =   0.0 from L=   44,  Acc. loss =  0.0 D.
 Elastic phase shift   1 =    0.000   0.000 deg. for the L =   44, J =   43.5 channel.
0****** WARNING : ACCURACY LOSS IN ERWIN = 15.1 DIGITS, SO EXPECT ERRORS OF   0.0000 % OF UNITARITY

      43.5  1.00000000  0.00000002i: elastic S-matrix  @@      0.02  0   0 F  0
 Reaction Xsec    43.5+/44 @ 1 =   0.003#, Out:   0.000#   0.000#   0.000f


 Total SPIN, PARITY =    43.5 -,      4 chs,      0 cc.  Rmin & Coul turning =    3.4   16.3
   S-matrix    1 =    1.00000   0.00000 for L=   43, J=   43.5 channel on core I =   0.0 from L=   43,  Acc. loss =  0.0 D.
 Elastic phase shift   1 =    0.000   0.000 deg. for the L =   43, J =   43.5 channel.
      43.5  1.00000000  0.00000003i: elastic S-matrix  @@      0.00  0   0 F  0
 Reaction Xsec    43.5-/43 @ 1 =   0.006#, Out:   0.000#   0.000#   0.000f


 Total SPIN, PARITY =    44.5 +,      4 chs,      0 cc.  Rmin & Coul turning =    3.5   16.6
   S-matrix    1 =    1.00000   0.00000 for L=   44, J=   44.5 channel on core I =   0.0 from L=   44,  Acc. loss =  0.0 D.
 Elastic phase shift   1 =    0.000   0.000 deg. for the L =   44, J =   44.5 channel.
0****** WARNING : ACCURACY LOSS IN ERWIN = 14.4 DIGITS, SO EXPECT ERRORS OF   0.0000 % OF UNITARITY

      44.5  1.00000000  0.00000002i: elastic S-matrix  @@      0.00  0   0 F  0
 Reaction Xsec    44.5+/44 @ 1 =   0.003#, Out:   0.000#   0.000#   0.000f


 Total SPIN, PARITY =    44.5 -,      4 chs,      0 cc.  Rmin & Coul turning =    3.5   16.6
   S-matrix    1 =    1.00000   0.00000 for L=   45, J=   44.5 channel on core I =   0.0 from L=   45,  Acc. loss =  0.0 D.
 Elastic phase shift   1 =    0.000   0.000 deg. for the L =   45, J =   44.5 channel.
      44.5  1.00000000  0.00000003i: elastic S-matrix  @@      0.00  0   0 F  0
 Reaction Xsec    44.5-/45 @ 1 =   0.001#, Out:   0.000#   0.000#   0.000f


 Total SPIN, PARITY =    45.5 +,      4 chs,      0 cc.  Rmin & Coul turning =    3.6   17.0
   S-matrix    1 =    1.00000   0.00000 for L=   46, J=   45.5 channel on core I =   0.0 from L=   46,  Acc. loss =  0.0 D.
 Elastic phase shift   1 =    0.000   0.000 deg. for the L =   46, J =   45.5 channel.
0****** WARNING : ACCURACY LOSS IN ERWIN = 14.4 DIGITS, SO EXPECT ERRORS OF   0.0000 % OF UNITARITY

      45.5  1.00000000  0.00000003i: elastic S-matrix  @@      0.00  0   0 F  0
 Reaction Xsec    45.5+/46 @ 1 =   0.001#, Out:   0.000#   0.000#   0.000f


 Total SPIN, PARITY =    45.5 -,      4 chs,      0 cc.  Rmin & Coul turning =    3.6   17.0
   S-matrix    1 =    1.00000   0.00000 for L=   45, J=   45.5 channel on core I =   0.0 from L=   45,  Acc. loss =  0.0 D.
 Elastic phase shift   1 =    0.000   0.000 deg. for the L =   45, J =   45.5 channel.
      45.5  1.00000000  0.00000003i: elastic S-matrix  @@      0.00  0   0 F  0
 Reaction Xsec    45.5-/45 @ 1 =   0.001#, Out:   0.000#   0.000#   0.000f


 Total SPIN, PARITY =    46.5 +,      4 chs,      0 cc.  Rmin & Coul turning =    3.7   17.4
   S-matrix    1 =    1.00000   0.00000 for L=   46, J=   46.5 channel on core I =   0.0 from L=   46,  Acc. loss =  0.0 D.
 Elastic phase shift   1 =    0.000   0.000 deg. for the L =   46, J =   46.5 channel.
0****** WARNING : ACCURACY LOSS IN ERWIN = 14.4 DIGITS, SO EXPECT ERRORS OF   0.0000 % OF UNITARITY

      46.5  1.00000000  0.00000003i: elastic S-matrix  @@      0.02  0   0 F  0
 Reaction Xsec    46.5+/46 @ 1 =   0.001#, Out:   0.000#   0.000#   0.000f


 Total SPIN, PARITY =    46.5 -,      4 chs,      0 cc.  Rmin & Coul turning =    3.7   17.4
   S-matrix    1 =    1.00000   0.00000 for L=   47, J=   46.5 channel on core I =   0.0 from L=   47,  Acc. loss =  0.0 D.
 Elastic phase shift   1 =    0.000   0.000 deg. for the L =   47, J =   46.5 channel.
0****** WARNING : ACCURACY LOSS IN ERWIN = 14.2 DIGITS, SO EXPECT ERRORS OF   0.0000 % OF UNITARITY

      46.5  1.00000000  0.00000001i: elastic S-matrix  @@      0.00  0   0 F  0
 Reaction Xsec    46.5-/47 @ 1 =   0.000#, Out:   0.000#   0.000#   0.000f


 Total SPIN, PARITY =    47.5 +,      4 chs,      0 cc.  Rmin & Coul turning =    3.8   17.7
   S-matrix    1 =    1.00000   0.00000 for L=   48, J=   47.5 channel on core I =   0.0 from L=   48,  Acc. loss =  0.0 D.
 Elastic phase shift   1 =    0.000   0.000 deg. for the L =   48, J =   47.5 channel.
      47.5  1.00000000  0.00000001i: elastic S-matrix  @@      0.00  0   0 F  0
 Reaction Xsec    47.5+/48 @ 1 =   0.000#, Out:   0.000#   0.001#  -0.000f


 Total SPIN, PARITY =    47.5 -,      4 chs,      0 cc.  Rmin & Coul turning =    3.8   17.7
   S-matrix    1 =    1.00000   0.00000 for L=   47, J=   47.5 channel on core I =   0.0 from L=   47,  Acc. loss =  0.0 D.
 Elastic phase shift   1 =    0.000   0.000 deg. for the L =   47, J =   47.5 channel.
0****** WARNING : ACCURACY LOSS IN ERWIN = 14.5 DIGITS, SO EXPECT ERRORS OF   0.0000 % OF UNITARITY

      47.5  1.00000000  0.00000001i: elastic S-matrix  @@      0.00  0   0 F  0
 Reaction Xsec    47.5-/47 @ 1 =   0.000#, Out:   0.000#   0.000#   0.000f


 Total SPIN, PARITY =    48.5 +,      4 chs,      0 cc.  Rmin & Coul turning =    3.8   18.1
   S-matrix    1 =    1.00000   0.00000 for L=   48, J=   48.5 channel on core I =   0.0 from L=   48,  Acc. loss =  0.0 D.
 Elastic phase shift   1 =    0.000   0.000 deg. for the L =   48, J =   48.5 channel.
      48.5  1.00000000  0.00000001i: elastic S-matrix  @@      0.00  0   0 F  0
 Reaction Xsec    48.5+/48 @ 1 =   0.000#, Out:   0.000#   0.000#   0.000f


 Total SPIN, PARITY =    48.5 -,      4 chs,      0 cc.  Rmin & Coul turning =    3.8   18.1
   S-matrix    1 =    1.00000   0.00000 for L=   49, J=   48.5 channel on core I =   0.0 from L=   49,  Acc. loss =  0.0 D.
 Elastic phase shift   1 =    0.000   0.000 deg. for the L =   49, J =   48.5 channel.
      48.5  1.00000000  0.00000002i: elastic S-matrix  @@      0.00  0   0 F  0
 Reaction Xsec    48.5-/49 @ 1 =   0.000#, Out:   0.000#   0.000#  -0.000f


 Total SPIN, PARITY =    49.5 +,      4 chs,      0 cc.  Rmin & Coul turning =    3.9   18.5
   S-matrix    1 =    1.00000   0.00000 for L=   50, J=   49.5 channel on core I =   0.0 from L=   50,  Acc. loss =  0.0 D.
 Elastic phase shift   1 =    0.000   0.000 deg. for the L =   50, J =   49.5 channel.
      49.5  1.00000000  0.00000001i: elastic S-matrix  @@      0.00  0   0 F  0
 Reaction Xsec    49.5+/50 @ 1 =   0.000#, Out:   0.000#   0.000#  -0.000f


 Total SPIN, PARITY =    49.5 -,      4 chs,      0 cc.  Rmin & Coul turning =    3.9   18.5
   S-matrix    1 =    1.00000   0.00000 for L=   49, J=   49.5 channel on core I =   0.0 from L=   49,  Acc. loss =  0.0 D.
 Elastic phase shift   1 =    0.000   0.000 deg. for the L =   49, J =   49.5 channel.
0****** WARNING : ACCURACY LOSS IN ERWIN = 14.5 DIGITS, SO EXPECT ERRORS OF   0.0000 % OF UNITARITY

      49.5  1.00000000  0.00000002i: elastic S-matrix  @@      0.02  0   0 F  0
 Reaction Xsec    49.5-/49 @ 1 =   0.000#, Out:   0.000#   0.000#   0.000f


 Total SPIN, PARITY =    50.5 +,      4 chs,      0 cc.  Rmin & Coul turning =    4.0   18.9
   S-matrix    1 =    1.00000   0.00000 for L=   50, J=   50.5 channel on core I =   0.0 from L=   50,  Acc. loss =  0.0 D.
 Elastic phase shift   1 =    0.000   0.000 deg. for the L =   50, J =   50.5 channel.
0****** WARNING : ACCURACY LOSS IN ERWIN = 14.4 DIGITS, SO EXPECT ERRORS OF   0.0000 % OF UNITARITY

      50.5  1.00000000  0.00000001i: elastic S-matrix  @@      0.00  0   0 F  0
 Reaction Xsec    50.5+/50 @ 1 =   0.000#, Out:   0.000#   0.000#   0.000f


 Total SPIN, PARITY =    50.5 -,      4 chs,      0 cc.  Rmin & Coul turning =    4.0   18.9
   S-matrix    1 =    1.00000  -0.00000 for L=   51, J=   50.5 channel on core I =   0.0 from L=   51,  Acc. loss =  0.0 D.
 Elastic phase shift   1 =   -0.000   0.000 deg. for the L =   51, J =   50.5 channel.
      50.5  1.00000000 -0.00000000i: elastic S-matrix  @@      0.00  0   0 F  0
 Reaction Xsec    50.5-/51 @ 1 =   0.000#, Out:   0.000#   0.001#  -0.000f


 Total SPIN, PARITY =    51.5 +,      4 chs,      0 cc.  Rmin & Coul turning =    4.0   19.2
   S-matrix    1 =    1.00000   0.00000 for L=   52, J=   51.5 channel on core I =   0.0 from L=   52,  Acc. loss =  0.0 D.
 Elastic phase shift   1 =    0.000   0.000 deg. for the L =   52, J =   51.5 channel.
      51.5  1.00000000  0.00000001i: elastic S-matrix  @@      0.00  0   0 F  0
 Reaction Xsec    51.5+/52 @ 1 =   0.000#, Out:   0.000#   0.000#  -0.000f


 Total SPIN, PARITY =    51.5 -,      4 chs,      0 cc.  Rmin & Coul turning =    4.0   19.2
   S-matrix    1 =    1.00000  -0.00000 for L=   51, J=   51.5 channel on core I =   0.0 from L=   51,  Acc. loss =  0.0 D.
 Elastic phase shift   1 =   -0.000   0.000 deg. for the L =   51, J =   51.5 channel.
      51.5  1.00000000 -0.00000000i: elastic S-matrix  @@      0.00  0   0 F  0
 Reaction Xsec    51.5-/51 @ 1 =   0.000#, Out:   0.000#   0.000#  -0.000f


 Total SPIN, PARITY =    52.5 +,      4 chs,      0 cc.  Rmin & Coul turning =    4.2   19.6
   S-matrix    1 =    1.00000   0.00000 for L=   52, J=   52.5 channel on core I =   0.0 from L=   52,  Acc. loss =  0.0 D.
 Elastic phase shift   1 =    0.000   0.000 deg. for the L =   52, J =   52.5 channel.
0****** WARNING : ACCURACY LOSS IN ERWIN = 14.2 DIGITS, SO EXPECT ERRORS OF   0.0000 % OF UNITARITY

      52.5  1.00000000  0.00000001i: elastic S-matrix  @@      0.00  0   0 F  0
 Reaction Xsec    52.5+/52 @ 1 =   0.000#, Out:   0.000#   0.000#  -0.000f


 Total SPIN, PARITY =    52.5 -,      4 chs,      0 cc.  Rmin & Coul turning =    4.2   19.6
   S-matrix    1 =    1.00000   0.00000 for L=   53, J=   52.5 channel on core I =   0.0 from L=   53,  Acc. loss =  0.0 D.
 Elastic phase shift   1 =    0.000   0.000 deg. for the L =   53, J =   52.5 channel.
      52.5  1.00000000  0.00000001i: elastic S-matrix  @@      0.02  0   0 F  0
 Reaction Xsec    52.5-/53 @ 1 =   0.000#, Out:   0.000#   0.000#  -0.000f


 Total SPIN, PARITY =    53.5 +,      4 chs,      0 cc.  Rmin & Coul turning =    4.2   20.0
   S-matrix    1 =    1.00000  -0.00000 for L=   54, J=   53.5 channel on core I =   0.0 from L=   54,  Acc. loss =  0.0 D.
 Elastic phase shift   1 =   -0.000   0.000 deg. for the L =   54, J =   53.5 channel.
0****** WARNING : ACCURACY LOSS IN ERWIN = 14.2 DIGITS, SO EXPECT ERRORS OF   0.0000 % OF UNITARITY

      53.5  1.00000000 -0.00000001i: elastic S-matrix  @@      0.00  0   0 F  0
 Reaction Xsec    53.5+/54 @ 1 =   0.000#, Out:   0.000#   0.001#  -0.000f


 Total SPIN, PARITY =    53.5 -,      4 chs,      0 cc.  Rmin & Coul turning =    4.2   20.0
   S-matrix    1 =    1.00000   0.00000 for L=   53, J=   53.5 channel on core I =   0.0 from L=   53,  Acc. loss =  0.0 D.
 Elastic phase shift   1 =    0.000   0.000 deg. for the L =   53, J =   53.5 channel.
      53.5  1.00000000  0.00000001i: elastic S-matrix  @@      0.00  0   0 F  0
 Reaction Xsec    53.5-/53 @ 1 =   0.000#, Out:   0.000#   0.000#  -0.000f


 Total SPIN, PARITY =    54.5 +,      4 chs,      0 cc.  Rmin & Coul turning =    4.3   20.4
   S-matrix    1 =    1.00000  -0.00000 for L=   54, J=   54.5 channel on core I =   0.0 from L=   54,  Acc. loss =  0.0 D.
 Elastic phase shift   1 =   -0.000   0.000 deg. for the L =   54, J =   54.5 channel.
0****** WARNING : ACCURACY LOSS IN ERWIN = 14.8 DIGITS, SO EXPECT ERRORS OF   0.0000 % OF UNITARITY

      54.5  1.00000000 -0.00000001i: elastic S-matrix  @@      0.00  0   0 F  0
 Reaction Xsec    54.5+/54 @ 1 =   0.000#, Out:   0.000#   0.000#  -0.000f


 Total SPIN, PARITY =    54.5 -,      4 chs,      0 cc.  Rmin & Coul turning =    4.3   20.4
   S-matrix    1 =    1.00000  -0.00000 for L=   55, J=   54.5 channel on core I =   0.0 from L=   55,  Acc. loss =  0.0 D.
 Elastic phase shift   1 =   -0.000   0.000 deg. for the L =   55, J =   54.5 channel.
0****** WARNING : ACCURACY LOSS IN ERWIN = 14.4 DIGITS, SO EXPECT ERRORS OF   0.0000 % OF UNITARITY

      54.5  1.00000000 -0.00000001i: elastic S-matrix  @@      0.02  0   0 F  0
 Reaction Xsec    54.5-/55 @ 1 =   0.000#, Out:   0.000#   0.002#  -0.000f


 Total SPIN, PARITY =    55.5 +,      4 chs,      0 cc.  Rmin & Coul turning =    4.4   20.7
   S-matrix    1 =    1.00000   0.00000 for L=   56, J=   55.5 channel on core I =   0.0 from L=   56,  Acc. loss =  0.0 D.
 Elastic phase shift   1 =    0.000   0.000 deg. for the L =   56, J =   55.5 channel.
0****** WARNING : ACCURACY LOSS IN ERWIN = 14.6 DIGITS, SO EXPECT ERRORS OF   0.0000 % OF UNITARITY

      55.5  1.00000000  0.00000000i: elastic S-matrix  @@      0.00  0   0 F  0
 Reaction Xsec    55.5+/56 @ 1 =   0.000#, Out:   0.000#   0.005#  -0.000f


 Total SPIN, PARITY =    55.5 -,      4 chs,      0 cc.  Rmin & Coul turning =    4.4   20.7
   S-matrix    1 =    1.00000  -0.00000 for L=   55, J=   55.5 channel on core I =   0.0 from L=   55,  Acc. loss =  0.0 D.
 Elastic phase shift   1 =   -0.000   0.000 deg. for the L =   55, J =   55.5 channel.
      55.5  1.00000000 -0.00000001i: elastic S-matrix  @@      0.00  0   0 F  0
 Reaction Xsec    55.5-/55 @ 1 =   0.000#, Out:   0.000#   0.001#  -0.000f


 Total SPIN, PARITY =    56.5 +,      4 chs,      0 cc.  Rmin & Coul turning =    4.5   21.1
   S-matrix    1 =    1.00000   0.00000 for L=   56, J=   56.5 channel on core I =   0.0 from L=   56,  Acc. loss =  0.0 D.
 Elastic phase shift   1 =    0.000   0.000 deg. for the L =   56, J =   56.5 channel.
0****** WARNING : ACCURACY LOSS IN ERWIN = 14.4 DIGITS, SO EXPECT ERRORS OF   0.0000 % OF UNITARITY

      56.5  1.00000000  0.00000000i: elastic S-matrix  @@      0.00  0   0 F  0
 Reaction Xsec    56.5+/56 @ 1 =   0.000#, Out:   0.000#   0.000#  -0.000f


 Total SPIN, PARITY =    56.5 -,      4 chs,      0 cc.  Rmin & Coul turning =    4.5   21.1
   S-matrix    1 =    1.00000   0.00000 for L=   57, J=   56.5 channel on core I =   0.0 from L=   57,  Acc. loss =  0.0 D.
 Elastic phase shift   1 =    0.000   0.000 deg. for the L =   57, J =   56.5 channel.
0****** WARNING : ACCURACY LOSS IN ERWIN = 14.4 DIGITS, SO EXPECT ERRORS OF   0.0001 % OF UNITARITY

      56.5  1.00000000  0.00000000i: elastic S-matrix  @@      0.00  0   0 F  0
 Reaction Xsec    56.5-/57 @ 1 =   0.000#, Out:   0.000#   0.029#  -0.000f


 Total SPIN, PARITY =    57.5 +,      4 chs,      0 cc.  Rmin & Coul turning =    4.5   21.5
   S-matrix    1 =    1.00000  -0.00000 for L=   58, J=   57.5 channel on core I =   0.0 from L=   58,  Acc. loss =  0.0 D.
 Elastic phase shift   1 =   -0.000   0.000 deg. for the L =   58, J =   57.5 channel.
      57.5  1.00000000 -0.00000002i: elastic S-matrix  @@      0.00  0   0 F  0
 Reaction Xsec    57.5+/58 @ 1 =   0.000#, Out:   0.000#   0.003#  -0.000f


 Total SPIN, PARITY =    57.5 -,      4 chs,      0 cc.  Rmin & Coul turning =    4.5   21.5
   S-matrix    1 =    1.00000   0.00000 for L=   57, J=   57.5 channel on core I =   0.0 from L=   57,  Acc. loss =  0.0 D.
 Elastic phase shift   1 =    0.000   0.000 deg. for the L =   57, J =   57.5 channel.
0****** WARNING : ACCURACY LOSS IN ERWIN = 14.4 DIGITS, SO EXPECT ERRORS OF   0.0000 % OF UNITARITY

      57.5  1.00000000  0.00000000i: elastic S-matrix  @@      0.02  0   0 F  0
 Reaction Xsec    57.5-/57 @ 1 =   0.000#, Out:   0.000#   0.001#  -0.000f


 Total SPIN, PARITY =    58.5 +,      4 chs,      0 cc.  Rmin & Coul turning =    4.6   21.9
   S-matrix    1 =    1.00000  -0.00000 for L=   58, J=   58.5 channel on core I =   0.0 from L=   58,  Acc. loss =  0.0 D.
 Elastic phase shift   1 =   -0.000   0.000 deg. for the L =   58, J =   58.5 channel.
0****** WARNING : ACCURACY LOSS IN ERWIN = 14.4 DIGITS, SO EXPECT ERRORS OF   0.0000 % OF UNITARITY

      58.5  1.00000000 -0.00000002i: elastic S-matrix  @@      0.00  0   0 F  0
 Reaction Xsec    58.5+/58 @ 1 =   0.000#, Out:   0.000#   0.004#  -0.000f


 Total SPIN, PARITY =    58.5 -,      4 chs,      0 cc.  Rmin & Coul turning =    4.6   21.9
   S-matrix    1 =    1.00000  -0.00000 for L=   59, J=   58.5 channel on core I =   0.0 from L=   59,  Acc. loss =  0.0 D.
 Elastic phase shift   1 =   -0.000   0.000 deg. for the L =   59, J =   58.5 channel.
      58.5  1.00000000 -0.00000002i: elastic S-matrix  @@      0.00  0   0 F  0
 Reaction Xsec    58.5-/59 @ 1 =   0.000#, Out:   0.000#   0.007#  -0.000f


 Total SPIN, PARITY =    59.5 +,      4 chs,      0 cc.  Rmin & Coul turning =    4.7   22.2
   S-matrix    1 =    1.00000  -0.00000 for L=   60, J=   59.5 channel on core I =   0.0 from L=   60,  Acc. loss =  0.0 D.
 Elastic phase shift   1 =   -0.000   0.000 deg. for the L =   60, J =   59.5 channel.
0****** WARNING : ACCURACY LOSS IN ERWIN = 14.3 DIGITS, SO EXPECT ERRORS OF   0.0001 % OF UNITARITY

      59.5  1.00000000 -0.00000001i: elastic S-matrix  @@      0.00  0   0 F  0
 Reaction Xsec    59.5+/60 @ 1 =   0.000#, Out:   0.000#   0.033#  -0.000f


 Total SPIN, PARITY =    59.5 -,      4 chs,      0 cc.  Rmin & Coul turning =    4.7   22.2
   S-matrix    1 =    1.00000  -0.00000 for L=   59, J=   59.5 channel on core I =   0.0 from L=   59,  Acc. loss =  0.0 D.
 Elastic phase shift   1 =   -0.000   0.000 deg. for the L =   59, J =   59.5 channel.
      59.5  1.00000000 -0.00000002i: elastic S-matrix  @@      0.00  0   0 F  0
 Reaction Xsec    59.5-/59 @ 1 =   0.000#, Out:   0.000#   0.000#  -0.000f


 Total SPIN, PARITY =    60.5 +,      4 chs,      0 cc.  Rmin & Coul turning =    4.8   22.6
   S-matrix    1 =    1.00000  -0.00000 for L=   60, J=   60.5 channel on core I =   0.0 from L=   60,  Acc. loss =  0.0 D.
 Elastic phase shift   1 =   -0.000   0.000 deg. for the L =   60, J =   60.5 channel.
      60.5  1.00000000 -0.00000001i: elastic S-matrix  @@      0.00  0   0 F  0
 Reaction Xsec    60.5+/60 @ 1 =   0.000#, Out:   0.000#   0.004#  -0.000f


 Total SPIN, PARITY =    60.5 -,      4 chs,      0 cc.  Rmin & Coul turning =    4.8   22.6
   S-matrix    1 =    1.00000  -0.00000 for L=   61, J=   60.5 channel on core I =   0.0 from L=   61,  Acc. loss =  0.0 D.
 Elastic phase shift   1 =   -0.000   0.000 deg. for the L =   61, J =   60.5 channel.
      60.5  1.00000000 -0.00000000i: elastic S-matrix  @@      0.02  0   0 F  0
 Reaction Xsec    60.5-/61 @ 1 =   0.000#, Out:   0.000#   0.015#  -0.000f


 Total SPIN, PARITY =    61.5 +,      4 chs,      0 cc.  Rmin & Coul turning =    4.9   23.0
   S-matrix    1 =    1.00000  -0.00000 for L=   62, J=   61.5 channel on core I =   0.0 from L=   62,  Acc. loss =  0.0 D.
 Elastic phase shift   1 =   -0.000   0.000 deg. for the L =   62, J =   61.5 channel.
      61.5  1.00000000 -0.00000002i: elastic S-matrix  @@      0.00  0   0 F  0
 Reaction Xsec    61.5+/62 @ 1 =   0.000#, Out:   0.000#   0.027#  -0.000f


 Total SPIN, PARITY =    61.5 -,      4 chs,      0 cc.  Rmin & Coul turning =    4.9   23.0
   S-matrix    1 =    1.00000  -0.00000 for L=   61, J=   61.5 channel on core I =   0.0 from L=   61,  Acc. loss =  0.0 D.
 Elastic phase shift   1 =   -0.000  -0.000 deg. for the L =   61, J =   61.5 channel.
      61.5  1.00000000 -0.00000000i: elastic S-matrix  @@      0.00  0   0 F  0
 Reaction Xsec    61.5-/61 @ 1 =  -0.000#, Out:   0.000#   0.005#  -0.000f


 Total SPIN, PARITY =    62.5 +,      4 chs,      0 cc.  Rmin & Coul turning =    5.0   23.4
   S-matrix    1 =    1.00000  -0.00000 for L=   62, J=   62.5 channel on core I =   0.0 from L=   62,  Acc. loss =  0.0 D.
 Elastic phase shift   1 =   -0.000   0.000 deg. for the L =   62, J =   62.5 channel.
      62.5  1.00000000 -0.00000002i: elastic S-matrix  @@      0.00  0   0 F  0
 Reaction Xsec    62.5+/62 @ 1 =   0.000#, Out:   0.000#   0.000#  -0.000f


 Total SPIN, PARITY =    62.5 -,      4 chs,      0 cc.  Rmin & Coul turning =    5.0   23.4
   S-matrix    1 =    1.00000  -0.00000 for L=   63, J=   62.5 channel on core I =   0.0 from L=   63,  Acc. loss =  0.0 D.
 Elastic phase shift   1 =   -0.000   0.000 deg. for the L =   63, J =   62.5 channel.
0****** WARNING : ACCURACY LOSS IN ERWIN = 14.6 DIGITS, SO EXPECT ERRORS OF   0.0001 % OF UNITARITY

      62.5  1.00000000 -0.00000003i: elastic S-matrix  @@      0.00  0   0 F  0
 Reaction Xsec    62.5-/63 @ 1 =   0.000#, Out:   0.000#   0.045#  -0.000f


 Total SPIN, PARITY =    63.5 +,      4 chs,      0 cc.  Rmin & Coul turning =    5.0   23.7
   S-matrix    1 =    1.00000  -0.00000 for L=   64, J=   63.5 channel on core I =   0.0 from L=   64,  Acc. loss =  0.0 D.
 Elastic phase shift   1 =   -0.000   0.000 deg. for the L =   64, J =   63.5 channel.
0****** WARNING : ACCURACY LOSS IN ERWIN = 14.7 DIGITS, SO EXPECT ERRORS OF   0.0000 % OF UNITARITY

      63.5  1.00000000 -0.00000003i: elastic S-matrix  @@      0.00  0   0 F  0
 Reaction Xsec    63.5+/64 @ 1 =   0.000#, Out:   0.000#   0.006#  -0.000f


 Total SPIN, PARITY =    63.5 -,      4 chs,      0 cc.  Rmin & Coul turning =    5.0   23.7
   S-matrix    1 =    1.00000  -0.00000 for L=   63, J=   63.5 channel on core I =   0.0 from L=   63,  Acc. loss =  0.0 D.
 Elastic phase shift   1 =   -0.000   0.000 deg. for the L =   63, J =   63.5 channel.
      63.5  1.00000000 -0.00000003i: elastic S-matrix  @@      0.00  0   0 F  0
 Reaction Xsec    63.5-/63 @ 1 =   0.000#, Out:   0.000#   0.001#  -0.000f


 Total SPIN, PARITY =    64.5 +,      4 chs,      0 cc.  Rmin & Coul turning =    5.1   24.1
   S-matrix    1 =    1.00000  -0.00000 for L=   64, J=   64.5 channel on core I =   0.0 from L=   64,  Acc. loss =  0.0 D.
 Elastic phase shift   1 =   -0.000   0.000 deg. for the L =   64, J =   64.5 channel.
0****** WARNING : ACCURACY LOSS IN ERWIN = 14.2 DIGITS, SO EXPECT ERRORS OF   0.0000 % OF UNITARITY

      64.5  1.00000000 -0.00000003i: elastic S-matrix  @@      0.02  0   0 F  0
 Reaction Xsec    64.5+/64 @ 1 =   0.000#, Out:   0.000#   0.011#  -0.000f


 Total SPIN, PARITY =    64.5 -,      4 chs,      0 cc.  Rmin & Coul turning =    5.1   24.1
   S-matrix    1 =    1.00000  -0.00000 for L=   65, J=   64.5 channel on core I =   0.0 from L=   65,  Acc. loss =  0.0 D.
 Elastic phase shift   1 =   -0.000   0.000 deg. for the L =   65, J =   64.5 channel.
0****** WARNING : ACCURACY LOSS IN ERWIN = 14.3 DIGITS, SO EXPECT ERRORS OF   0.0001 % OF UNITARITY

      64.5  1.00000000 -0.00000001i: elastic S-matrix  @@      0.00  0   0 F  0
 Reaction Xsec    64.5-/65 @ 1 =   0.000#, Out:   0.000#   0.067#  -0.000f


 Total SPIN, PARITY =    65.5 +,      4 chs,      0 cc.  Rmin & Coul turning =    5.2   24.5
   S-matrix    1 =    1.00000  -0.00000 for L=   66, J=   65.5 channel on core I =   0.0 from L=   66,  Acc. loss =  0.0 D.
 Elastic phase shift   1 =   -0.000   0.000 deg. for the L =   66, J =   65.5 channel.
      65.5  1.00000000 -0.00000001i: elastic S-matrix  @@      0.00  0   0 F  0
 Reaction Xsec    65.5+/66 @ 1 =   0.000#, Out:   0.000#   0.027#  -0.000f


 Total SPIN, PARITY =    65.5 -,      4 chs,      0 cc.  Rmin & Coul turning =    5.2   24.5
   S-matrix    1 =    1.00000  -0.00000 for L=   65, J=   65.5 channel on core I =   0.0 from L=   65,  Acc. loss =  0.0 D.
 Elastic phase shift   1 =   -0.000   0.000 deg. for the L =   65, J =   65.5 channel.
      65.5  1.00000000 -0.00000001i: elastic S-matrix  @@      0.00  0   0 F  0
 Reaction Xsec    65.5-/65 @ 1 =   0.000#, Out:   0.000#   0.001#  -0.000f


 Total SPIN, PARITY =    66.5 +,      4 chs,      0 cc.  Rmin & Coul turning =    5.2   24.8
   S-matrix    1 =    1.00000  -0.00000 for L=   66, J=   66.5 channel on core I =   0.0 from L=   66,  Acc. loss =  0.0 D.
 Elastic phase shift   1 =   -0.000  -0.000 deg. for the L =   66, J =   66.5 channel.
      66.5  1.00000000 -0.00000001i: elastic S-matrix  @@      0.00  0   0 F  0
 Reaction Xsec    66.5+/66 @ 1 =  -0.000#, Out:   0.000#   0.005#  -0.000f


 Total SPIN, PARITY =    66.5 -,      4 chs,      0 cc.  Rmin & Coul turning =    5.2   24.8
   S-matrix    1 =    1.00000  -0.00000 for L=   67, J=   66.5 channel on core I =   0.0 from L=   67,  Acc. loss =  0.0 D.
 Elastic phase shift   1 =   -0.000  -0.000 deg. for the L =   67, J =   66.5 channel.
0****** WARNING : ACCURACY LOSS IN ERWIN = 14.7 DIGITS, SO EXPECT ERRORS OF   0.0000 % OF UNITARITY

      66.5  1.00000000 -0.00000003i: elastic S-matrix  @@      0.00  0   0 F  0
 Reaction Xsec    66.5-/67 @ 1 =  -0.000#, Out:   0.000#   0.002#  -0.000f


 Total SPIN, PARITY =    67.5 +,      4 chs,      0 cc.  Rmin & Coul turning =    5.4   25.2
   S-matrix    1 =    1.00000  -0.00000 for L=   68, J=   67.5 channel on core I =   0.0 from L=   68,  Acc. loss =  0.0 D.
 Elastic phase shift   1 =   -0.000  -0.000 deg. for the L =   68, J =   67.5 channel.
0****** WARNING : ACCURACY LOSS IN ERWIN = 15.1 DIGITS, SO EXPECT ERRORS OF   0.0001 % OF UNITARITY

      67.5  1.00000000 -0.00000004i: elastic S-matrix  @@      0.02  0   0 F  0
 Reaction Xsec    67.5+/68 @ 1 =  -0.000#, Out:   0.000#   0.005#  -0.000f


 Total SPIN, PARITY =    67.5 -,      4 chs,      0 cc.  Rmin & Coul turning =    5.4   25.2
   S-matrix    1 =    1.00000  -0.00000 for L=   67, J=   67.5 channel on core I =   0.0 from L=   67,  Acc. loss =  0.0 D.
 Elastic phase shift   1 =   -0.000   0.000 deg. for the L =   67, J =   67.5 channel.
0****** WARNING : ACCURACY LOSS IN ERWIN = 14.8 DIGITS, SO EXPECT ERRORS OF   0.0000 % OF UNITARITY

      67.5  1.00000000 -0.00000003i: elastic S-matrix  @@      0.00  0   0 F  0
 Reaction Xsec    67.5-/67 @ 1 =   0.000#, Out:   0.000#   0.000#  -0.000f


 Total SPIN, PARITY =    68.5 +,      4 chs,      0 cc.  Rmin & Coul turning =    5.4   25.6
   S-matrix    1 =    1.00000  -0.00000 for L=   68, J=   68.5 channel on core I =   0.0 from L=   68,  Acc. loss =  0.0 D.
 Elastic phase shift   1 =   -0.000  -0.000 deg. for the L =   68, J =   68.5 channel.
0****** WARNING : ACCURACY LOSS IN ERWIN = 14.6 DIGITS, SO EXPECT ERRORS OF   0.0001 % OF UNITARITY

      68.5  1.00000000 -0.00000004i: elastic S-matrix  @@      0.00  0   0 F  0
 Reaction Xsec    68.5+/68 @ 1 =  -0.000#, Out:   0.000#   0.003#  -0.000f


 Total SPIN, PARITY =    68.5 -,      4 chs,      0 cc.  Rmin & Coul turning =    5.4   25.6
   S-matrix    1 =    1.00000  -0.00000 for L=   69, J=   68.5 channel on core I =   0.0 from L=   69,  Acc. loss =  0.0 D.
 Elastic phase shift   1 =   -0.000   0.000 deg. for the L =   69, J =   68.5 channel.
0****** WARNING : ACCURACY LOSS IN ERWIN = 14.7 DIGITS, SO EXPECT ERRORS OF   0.0001 % OF UNITARITY

      68.5  1.00000000 -0.00000004i: elastic S-matrix  @@      0.00  0   0 F  0
 Reaction Xsec    68.5-/69 @ 1 =   0.000#, Out:   0.000#   0.071#  -0.000f


 Total SPIN, PARITY =    69.5 +,      4 chs,      0 cc.  Rmin & Coul turning =    5.5   26.0
   S-matrix    1 =    1.00000  -0.00000 for L=   70, J=   69.5 channel on core I =   0.0 from L=   70,  Acc. loss =  0.0 D.
 Elastic phase shift   1 =   -0.000   0.000 deg. for the L =   70, J =   69.5 channel.
0****** WARNING : ACCURACY LOSS IN ERWIN = 14.3 DIGITS, SO EXPECT ERRORS OF   0.0000 % OF UNITARITY

      69.5  1.00000000 -0.00000003i: elastic S-matrix  @@      0.00  0   0 F  0
 Reaction Xsec    69.5+/70 @ 1 =   0.000#, Out:   0.000#   0.128#  -0.000f


 Total SPIN, PARITY =    69.5 -,      4 chs,      0 cc.  Rmin & Coul turning =    5.5   26.0
   S-matrix    1 =    1.00000  -0.00000 for L=   69, J=   69.5 channel on core I =   0.0 from L=   69,  Acc. loss =  0.0 D.
 Elastic phase shift   1 =   -0.000   0.000 deg. for the L =   69, J =   69.5 channel.
      69.5  1.00000000 -0.00000004i: elastic S-matrix  @@      0.00  0   0 F  0
 Reaction Xsec    69.5-/69 @ 1 =   0.000#, Out:   0.000#   0.009#  -0.000f


 Total SPIN, PARITY =    70.5 +,      4 chs,      0 cc.  Rmin & Coul turning =    5.6   26.3
   S-matrix    1 =    1.00000  -0.00000 for L=   70, J=   70.5 channel on core I =   0.0 from L=   70,  Acc. loss =  0.0 D.
 Elastic phase shift   1 =   -0.000   0.000 deg. for the L =   70, J =   70.5 channel.
0****** WARNING : ACCURACY LOSS IN ERWIN = 14.6 DIGITS, SO EXPECT ERRORS OF   0.0000 % OF UNITARITY

      70.5  1.00000000 -0.00000003i: elastic S-matrix  @@      0.00  0   0 F  0
 Reaction Xsec    70.5+/70 @ 1 =   0.000#, Out:   0.000#   0.002#  -0.000f


 Total SPIN, PARITY =    70.5 -,      4 chs,      0 cc.  Rmin & Coul turning =    5.6   26.3
   S-matrix    1 =    1.00000  -0.00000 for L=   71, J=   70.5 channel on core I =   0.0 from L=   71,  Acc. loss =  0.0 D.
 Elastic phase shift   1 =   -0.000   0.000 deg. for the L =   71, J =   70.5 channel.
      70.5  1.00000000 -0.00000002i: elastic S-matrix  @@      0.00  0   0 F  0
 Reaction Xsec    70.5-/71 @ 1 =   0.000#, Out:   0.000#   0.010#  -0.000f


 Total SPIN, PARITY =    71.5 +,      4 chs,      0 cc.  Rmin & Coul turning =    5.7   26.7
   S-matrix    1 =    1.00000  -0.00000 for L=   72, J=   71.5 channel on core I =   0.0 from L=   72,  Acc. loss =  0.0 D.
 Elastic phase shift   1 =   -0.000   0.000 deg. for the L =   72, J =   71.5 channel.
      71.5  1.00000000 -0.00000002i: elastic S-matrix  @@      0.02  0   0 F  0
 Reaction Xsec    71.5+/72 @ 1 =   0.000#, Out:   0.000#   0.024#  -0.000f


 Total SPIN, PARITY =    71.5 -,      4 chs,      0 cc.  Rmin & Coul turning =    5.7   26.7
   S-matrix    1 =    1.00000  -0.00000 for L=   71, J=   71.5 channel on core I =   0.0 from L=   71,  Acc. loss =  0.0 D.
 Elastic phase shift   1 =   -0.000   0.000 deg. for the L =   71, J =   71.5 channel.
      71.5  1.00000000 -0.00000002i: elastic S-matrix  @@      0.00  0   0 F  0
 Reaction Xsec    71.5-/71 @ 1 =   0.000#, Out:   0.000#   0.041#  -0.000f


 Total SPIN, PARITY =    72.5 +,      4 chs,      0 cc.  Rmin & Coul turning =    5.8   27.1
   S-matrix    1 =    1.00000  -0.00000 for L=   72, J=   72.5 channel on core I =   0.0 from L=   72,  Acc. loss =  0.0 D.
 Elastic phase shift   1 =   -0.000   0.000 deg. for the L =   72, J =   72.5 channel.
0****** WARNING : ACCURACY LOSS IN ERWIN = 14.7 DIGITS, SO EXPECT ERRORS OF   0.0000 % OF UNITARITY

      72.5  1.00000000 -0.00000002i: elastic S-matrix  @@      0.00  0   0 F  0
 Reaction Xsec    72.5+/72 @ 1 =   0.000#, Out:   0.000#   0.000#  -0.000f


 Total SPIN, PARITY =    72.5 -,      4 chs,      0 cc.  Rmin & Coul turning =    5.8   27.1
   S-matrix    1 =    1.00000  -0.00000 for L=   73, J=   72.5 channel on core I =   0.0 from L=   73,  Acc. loss =  0.0 D.
 Elastic phase shift   1 =   -0.000   0.000 deg. for the L =   73, J =   72.5 channel.
0****** WARNING : ACCURACY LOSS IN ERWIN = 14.5 DIGITS, SO EXPECT ERRORS OF   0.0000 % OF UNITARITY

      72.5  1.00000000 -0.00000003i: elastic S-matrix  @@      0.00  0   0 F  0
 Reaction Xsec    72.5-/73 @ 1 =   0.000#, Out:   0.000#   0.003#  -0.000f


 Total SPIN, PARITY =    73.5 +,      4 chs,      0 cc.  Rmin & Coul turning =    5.8   27.5
   S-matrix    1 =    1.00000  -0.00000 for L=   74, J=   73.5 channel on core I =   0.0 from L=   74,  Acc. loss =  0.0 D.
 Elastic phase shift   1 =   -0.000   0.000 deg. for the L =   74, J =   73.5 channel.
      73.5  1.00000000 -0.00000003i: elastic S-matrix  @@      0.00  0   0 F  0
 Reaction Xsec    73.5+/74 @ 1 =   0.000#, Out:   0.000#   0.000#  -0.000f


 Total SPIN, PARITY =    73.5 -,      4 chs,      0 cc.  Rmin & Coul turning =    5.8   27.5
   S-matrix    1 =    1.00000  -0.00000 for L=   73, J=   73.5 channel on core I =   0.0 from L=   73,  Acc. loss =  0.0 D.
 Elastic phase shift   1 =   -0.000   0.000 deg. for the L =   73, J =   73.5 channel.
0****** WARNING : ACCURACY LOSS IN ERWIN = 14.4 DIGITS, SO EXPECT ERRORS OF   0.0000 % OF UNITARITY

      73.5  1.00000000 -0.00000003i: elastic S-matrix  @@      0.00  0   0 F  0
 Reaction Xsec    73.5-/73 @ 1 =   0.000#, Out:   0.000#   0.000#  -0.000f


 Total SPIN, PARITY =    74.5 +,      4 chs,      0 cc.  Rmin & Coul turning =    5.9   27.8
   S-matrix    1 =    1.00000  -0.00000 for L=   74, J=   74.5 channel on core I =   0.0 from L=   74,  Acc. loss =  0.0 D.
 Elastic phase shift   1 =   -0.000   0.000 deg. for the L =   74, J =   74.5 channel.
      74.5  1.00000000 -0.00000003i: elastic S-matrix  @@      0.02  0   0 F  0
 Reaction Xsec    74.5+/74 @ 1 =   0.000#, Out:   0.000#   0.000#  -0.000f


 Total SPIN, PARITY =    74.5 -,      4 chs,      0 cc.  Rmin & Coul turning =    5.9   27.8
   S-matrix    1 =    1.00000  -0.00000 for L=   75, J=   74.5 channel on core I =   0.0 from L=   75,  Acc. loss =  0.0 D.
 Elastic phase shift   1 =   -0.000   0.000 deg. for the L =   75, J =   74.5 channel.
      74.5  1.00000000 -0.00000003i: elastic S-matrix  @@      0.00  0   0 F  0
 Reaction Xsec    74.5-/75 @ 1 =   0.000#, Out:   0.000#   0.000#  -0.000f


 Total SPIN, PARITY =    75.5 +,      4 chs,      0 cc.  Rmin & Coul turning =    6.0   28.2
   S-matrix    1 =    1.00000  -0.00000 for L=   76, J=   75.5 channel on core I =   0.0 from L=   76,  Acc. loss =  0.0 D.
 Elastic phase shift   1 =   -0.000   0.000 deg. for the L =   76, J =   75.5 channel.
      75.5  1.00000000 -0.00000003i: elastic S-matrix  @@      0.00  0   0 F  0
 Reaction Xsec    75.5+/76 @ 1 =   0.000#, Out:   0.000#   0.010#  -0.000f


 Total SPIN, PARITY =    75.5 -,      4 chs,      0 cc.  Rmin & Coul turning =    6.0   28.2
   S-matrix    1 =    1.00000  -0.00000 for L=   75, J=   75.5 channel on core I =   0.0 from L=   75,  Acc. loss =  0.0 D.
 Elastic phase shift   1 =   -0.000   0.000 deg. for the L =   75, J =   75.5 channel.
      75.5  1.00000000 -0.00000003i: elastic S-matrix  @@      0.00  0   0 F  0
 Reaction Xsec    75.5-/75 @ 1 =   0.000#, Out:   0.000#   0.002#  -0.000f


 Total SPIN, PARITY =    76.5 +,      4 chs,      0 cc.  Rmin & Coul turning =    6.1   28.6
   S-matrix    1 =    1.00000  -0.00000 for L=   76, J=   76.5 channel on core I =   0.0 from L=   76,  Acc. loss =  0.0 D.
 Elastic phase shift   1 =   -0.000   0.000 deg. for the L =   76, J =   76.5 channel.
      76.5  1.00000000 -0.00000003i: elastic S-matrix  @@      0.00  0   0 F  0
 Reaction Xsec    76.5+/76 @ 1 =   0.000#, Out:   0.000#   0.000#  -0.000f


 Total SPIN, PARITY =    76.5 -,      4 chs,      0 cc.  Rmin & Coul turning =    6.1   28.6
   S-matrix    1 =    1.00000  -0.00000 for L=   77, J=   76.5 channel on core I =   0.0 from L=   77,  Acc. loss =  0.0 D.
 Elastic phase shift   1 =   -0.000   0.000 deg. for the L =   77, J =   76.5 channel.
0****** WARNING : ACCURACY LOSS IN ERWIN = 14.4 DIGITS, SO EXPECT ERRORS OF   0.0000 % OF UNITARITY

      76.5  1.00000000 -0.00000002i: elastic S-matrix  @@      0.00  0   0 F  0
 Reaction Xsec    76.5-/77 @ 1 =   0.000#, Out:   0.000#   0.002#  -0.000f


 Total SPIN, PARITY =    77.5 +,      4 chs,      0 cc.  Rmin & Coul turning =    6.2   29.0
   S-matrix    1 =    1.00000  -0.00000 for L=   78, J=   77.5 channel on core I =   0.0 from L=   78,  Acc. loss =  0.0 D.
 Elastic phase shift   1 =   -0.000   0.000 deg. for the L =   78, J =   77.5 channel.
      77.5  1.00000000 -0.00000001i: elastic S-matrix  @@      0.00  0   0 F  0
 Reaction Xsec    77.5+/78 @ 1 =   0.000#, Out:   0.000#   0.026#  -0.000f


 Total SPIN, PARITY =    77.5 -,      4 chs,      0 cc.  Rmin & Coul turning =    6.2   29.0
   S-matrix    1 =    1.00000  -0.00000 for L=   77, J=   77.5 channel on core I =   0.0 from L=   77,  Acc. loss =  0.0 D.
 Elastic phase shift   1 =   -0.000   0.000 deg. for the L =   77, J =   77.5 channel.
0****** WARNING : ACCURACY LOSS IN ERWIN = 14.5 DIGITS, SO EXPECT ERRORS OF   0.0000 % OF UNITARITY

      77.5  1.00000000 -0.00000002i: elastic S-matrix  @@      0.02  0   0 F  0
 Reaction Xsec    77.5-/77 @ 1 =   0.000#, Out:   0.000#   0.001#  -0.000f


 Total SPIN, PARITY =    78.5 +,      4 chs,      0 cc.  Rmin & Coul turning =    6.2   29.3
   S-matrix    1 =    1.00000  -0.00000 for L=   78, J=   78.5 channel on core I =   0.0 from L=   78,  Acc. loss =  0.0 D.
 Elastic phase shift   1 =   -0.000   0.000 deg. for the L =   78, J =   78.5 channel.
0****** WARNING : ACCURACY LOSS IN ERWIN = 14.4 DIGITS, SO EXPECT ERRORS OF   0.0000 % OF UNITARITY

      78.5  1.00000000 -0.00000001i: elastic S-matrix  @@      0.00  0   0 F  0
 Reaction Xsec    78.5+/78 @ 1 =   0.000#, Out:   0.000#   0.000#  -0.000f


 Total SPIN, PARITY =    78.5 -,      4 chs,      0 cc.  Rmin & Coul turning =    6.2   29.3
   S-matrix    1 =    1.00000  -0.00000 for L=   79, J=   78.5 channel on core I =   0.0 from L=   79,  Acc. loss =  0.0 D.
 Elastic phase shift   1 =   -0.000  -0.000 deg. for the L =   79, J =   78.5 channel.
0****** WARNING : ACCURACY LOSS IN ERWIN = 14.9 DIGITS, SO EXPECT ERRORS OF   0.0000 % OF UNITARITY

      78.5  1.00000000 -0.00000001i: elastic S-matrix  @@      0.00  0   0 F  0
 Reaction Xsec    78.5-/79 @ 1 =  -0.000#, Out:   0.000#   0.000#  -0.000f


 Total SPIN, PARITY =    79.5 +,      4 chs,      0 cc.  Rmin & Coul turning =    6.3   29.7
   S-matrix    1 =    1.00000  -0.00000 for L=   80, J=   79.5 channel on core I =   0.0 from L=   80,  Acc. loss =  0.0 D.
 Elastic phase shift   1 =   -0.000   0.000 deg. for the L =   80, J =   79.5 channel.
      79.5  1.00000000 -0.00000000i: elastic S-matrix  @@      0.00  0   0 F  0
 Reaction Xsec    79.5+/80 @ 1 =   0.000#, Out:   0.000#   0.001#  -0.000f


 Total SPIN, PARITY =    79.5 -,      4 chs,      0 cc.  Rmin & Coul turning =    6.3   29.7
   S-matrix    1 =    1.00000  -0.00000 for L=   79, J=   79.5 channel on core I =   0.0 from L=   79,  Acc. loss =  0.0 D.
 Elastic phase shift   1 =   -0.000   0.000 deg. for the L =   79, J =   79.5 channel.
0****** WARNING : ACCURACY LOSS IN ERWIN = 14.7 DIGITS, SO EXPECT ERRORS OF   0.0000 % OF UNITARITY

      79.5  1.00000000 -0.00000001i: elastic S-matrix  @@      0.00  0   0 F  0
 Reaction Xsec    79.5-/79 @ 1 =   0.000#, Out:   0.000#   0.000#  -0.000f


 Total SPIN, PARITY =    80.5 +,      4 chs,      0 cc.  Rmin & Coul turning =    6.4   30.1
   S-matrix    1 =    1.00000  -0.00000 for L=   80, J=   80.5 channel on core I =   0.0 from L=   80,  Acc. loss =  0.0 D.
 Elastic phase shift   1 =   -0.000   0.000 deg. for the L =   80, J =   80.5 channel.
0****** WARNING : ACCURACY LOSS IN ERWIN = 14.1 DIGITS, SO EXPECT ERRORS OF   0.0000 % OF UNITARITY

      80.5  1.00000000 -0.00000000i: elastic S-matrix  @@      0.00  0   0 F  0
 Reaction Xsec    80.5+/80 @ 1 =   0.000#, Out:   0.000#   0.001#  -0.000f


 Total SPIN, PARITY =    80.5 -,      4 chs,      0 cc.  Rmin & Coul turning =    6.4   30.1
   S-matrix    1 =    1.00000  -0.00000 for L=   81, J=   80.5 channel on core I =   0.0 from L=   81,  Acc. loss =  0.0 D.
 Elastic phase shift   1 =   -0.000   0.000 deg. for the L =   81, J =   80.5 channel.
      80.5  1.00000000 -0.00000000i: elastic S-matrix  @@      0.00  0   0 F  0
 Reaction Xsec    80.5-/81 @ 1 =   0.000#, Out:   0.000#   0.006#  -0.000f

 Finished all CC sets @   0.484375000    
0CUMULATIVE REACTION cross section                 =  223.50206  <L> =     7.86  <L**2> =     71.6
0CUMULATIVE outgoing cross sections in partition 1 :    0.00000
0CUMULATIVE outgoing cross sections in partition 2 :    0.00417
0Cumulative ABSORBTION by Imaginary Potentials     =  223.49790  <L> =     7.86  <L**2> =     71.6
   Fusion for specific p        M-states :  223.497896  223.497896
0CUMULATIVE OUTGOING cross section                 =    0.00417
 To convert to S-factors (MeV.mb = keV.b),  multiply by  2.0486E+02


 CROSS SECTIONS FOR OUTGOING p        & 4He      in state #   1 with spins & parities 0.5  + &  0.0  +;  0

     0.01 deg.: X-S =   2.5487E+12 mb/sr,
+                                         /R =   9.9993E-01
     1.00 deg.: X-S =   1.4833E+04 mb/sr,
+                                         /R =   5.8191E-01
     2.00 deg.: X-S =  1913.940928 mb/sr,
+                                         /R =   1.2012E+00
     3.00 deg.: X-S =  2491.712673 mb/sr,
+                                         /R =   7.9148E+00
     4.00 deg.: X-S =  2771.962498 mb/sr,
+                                         /R =   2.7818E+01
     5.00 deg.: X-S =  2793.138567 mb/sr,
+                                         /R =   6.8403E+01
     6.00 deg.: X-S =  2674.579587 mb/sr,
+                                         /R =   1.3574E+02
     7.00 deg.: X-S =  2478.466194 mb/sr,
+                                         /R =   2.3289E+02
     8.00 deg.: X-S =  2239.831635 mb/sr,
+                                         /R =   3.5877E+02
     9.00 deg.: X-S =  1981.099565 mb/sr,
+                                         /R =   5.0786E+02
    10.00 deg.: X-S =  1717.966498 mb/sr,
+                                         /R =   6.7060E+02
    11.00 deg.: X-S =  1461.850750 mb/sr,
+                                         /R =   8.3457E+02
    12.00 deg.: X-S =  1220.995636 mb/sr,
+                                         /R =   9.8610E+02
    13.00 deg.: X-S =  1001.051532 mb/sr,
+                                         /R =   1.1121E+03
    14.00 deg.: X-S =   805.470740 mb/sr,
+                                         /R =   1.2020E+03
    15.00 deg.: X-S =   635.848315 mb/sr,
+                                         /R =   1.2486E+03
    16.00 deg.: X-S =   492.255490 mb/sr,
+                                         /R =   1.2493E+03
    17.00 deg.: X-S =   373.573849 mb/sr,
+                                         /R =   1.2063E+03
    18.00 deg.: X-S =   277.821532 mb/sr,
+                                         /R =   1.1255E+03
    19.00 deg.: X-S =   202.457372 mb/sr,
+                                         /R =   1.0163E+03
    20.00 deg.: X-S =   144.649737 mb/sr,
+                                         /R =   8.8975E+02
    21.00 deg.: X-S =   101.500755 mb/sr,
+                                         /R =   7.5730E+02
    22.00 deg.: X-S =    70.221127 mb/sr,
+                                         /R =   6.2970E+02
    23.00 deg.: X-S =    48.255096 mb/sr,
+                                         /R =   5.1574E+02
    24.00 deg.: X-S =    33.358907 mb/sr,
+                                         /R =   4.2169E+02
    25.00 deg.: X-S =    23.638883 mb/sr,
+                                         /R =   3.5095E+02
    26.00 deg.: X-S =    17.556860 mb/sr,
+                                         /R =   3.0414E+02
    27.00 deg.: X-S =    13.911254 mb/sr,
+                                         /R =   2.7950E+02
    28.00 deg.: X-S =    11.801711 mb/sr,
+                                         /R =   2.7347E+02
    29.00 deg.: X-S =    10.584517 mb/sr,
+                                         /R =   2.8141E+02
    30.00 deg.: X-S =     9.824644 mb/sr,
+                                         /R =   2.9824E+02
    31.00 deg.: X-S =     9.248914 mb/sr,
+                                         /R =   3.1912E+02
    32.00 deg.: X-S =     8.703393 mb/sr,
+                                         /R =   3.3987E+02
    33.00 deg.: X-S =     8.116853 mb/sr,
+                                         /R =   3.5729E+02
    34.00 deg.: X-S =     7.471144 mb/sr,
+                                         /R =   3.6931E+02
    35.00 deg.: X-S =     6.778463 mb/sr,
+                                         /R =   3.7494E+02
    36.00 deg.: X-S =     6.064967 mb/sr,
+                                         /R =   3.7413E+02
    37.00 deg.: X-S =     5.359827 mb/sr,
+                                         /R =   3.6756E+02
    38.00 deg.: X-S =     4.688682 mb/sr,
+                                         /R =   3.5636E+02
    39.00 deg.: X-S =     4.070429 mb/sr,
+                                         /R =   3.4189E+02
    40.00 deg.: X-S =     3.516332 mb/sr,
+                                         /R =   3.2551E+02
    41.00 deg.: X-S =     3.030621 mb/sr,
+                                         /R =   3.0839E+02
    42.00 deg.: X-S =     2.611887 mb/sr,
+                                         /R =   2.9143E+02
    43.00 deg.: X-S =     2.254796 mb/sr,
+                                         /R =   2.7522E+02
    44.00 deg.: X-S =     1.951750 mb/sr,
+                                         /R =   2.6001E+02
    45.00 deg.: X-S =     1.694301 mb/sr,
+                                         /R =   2.4582E+02
    46.00 deg.: X-S =     1.474223 mb/sr,
+                                         /R =   2.3246E+02
    47.00 deg.: X-S =     1.284213 mb/sr,
+                                         /R =   2.1964E+02
    48.00 deg.: X-S =     1.118266 mb/sr,
+                                         /R =   2.0705E+02
    49.00 deg.: X-S =     0.971780 mb/sr,
+                                         /R =   1.9442E+02
    50.00 deg.: X-S =     0.841460 mb/sr,
+                                         /R =   1.8159E+02
    51.00 deg.: X-S =     0.725109 mb/sr,
+                                         /R =   1.6850E+02
    52.00 deg.: X-S =     0.621355 mb/sr,
+                                         /R =   1.5523E+02
    53.00 deg.: X-S =     0.529373 mb/sr,
+                                         /R =   1.4195E+02
    54.00 deg.: X-S =     0.448638 mb/sr,
+                                         /R =   1.2893E+02
    55.00 deg.: X-S =     0.378720 mb/sr,
+                                         /R =   1.1647E+02
    56.00 deg.: X-S =     0.319142 mb/sr,
+                                         /R =   1.0488E+02
    57.00 deg.: X-S =     0.269301 mb/sr,
+                                         /R =   9.4440E+01
    58.00 deg.: X-S =     0.228425 mb/sr,
+                                         /R =   8.5368E+01
    59.00 deg.: X-S =     0.195590 mb/sr,
+                                         /R =   7.7798E+01
    60.00 deg.: X-S =     0.169747 mb/sr,
+                                         /R =   7.1771E+01
    61.00 deg.: X-S =     0.149780 mb/sr,
+                                         /R =   6.7235E+01
    62.00 deg.: X-S =     0.134558 mb/sr,
+                                         /R =   6.4052E+01
    63.00 deg.: X-S =     0.122998 mb/sr,
+                                         /R =   6.2016E+01
    64.00 deg.: X-S =     0.114105 mb/sr,
+                                         /R =   6.0871E+01
    65.00 deg.: X-S =     0.107012 mb/sr,
+                                         /R =   6.0334E+01
    66.00 deg.: X-S =     0.101001 mb/sr,
+                                         /R =   6.0122E+01
    67.00 deg.: X-S =     0.095514 mb/sr,
+                                         /R =   5.9964E+01
    68.00 deg.: X-S =     0.090147 mb/sr,
+                                         /R =   5.9630E+01
    69.00 deg.: X-S =     0.084640 mb/sr,
+                                         /R =   5.8932E+01
    70.00 deg.: X-S =     0.078858 mb/sr,
+                                         /R =   5.7740E+01
    71.00 deg.: X-S =     0.072772 mb/sr,
+                                         /R =   5.5982E+01
    72.00 deg.: X-S =     0.066425 mb/sr,
+                                         /R =   5.3638E+01
    73.00 deg.: X-S =     0.059919 mb/sr,
+                                         /R =   5.0744E+01
    74.00 deg.: X-S =     0.053382 mb/sr,
+                                         /R =   4.7372E+01
    75.00 deg.: X-S =     0.046958 mb/sr,
+                                         /R =   4.3628E+01
    76.00 deg.: X-S =     0.040782 mb/sr,
+                                         /R =   3.9637E+01
    77.00 deg.: X-S =     0.034978 mb/sr,
+                                         /R =   3.5535E+01
    78.00 deg.: X-S =     0.029643 mb/sr,
+                                         /R =   3.1454E+01
    79.00 deg.: X-S =     0.024849 mb/sr,
+                                         /R =   2.7518E+01
    80.00 deg.: X-S =     0.020636 mb/sr,
+                                         /R =   2.3832E+01
    81.00 deg.: X-S =     0.017018 mb/sr,
+                                         /R =   2.0481E+01
    82.00 deg.: X-S =     0.013985 mb/sr,
+                                         /R =   1.7526E+01
    83.00 deg.: X-S =     0.011504 mb/sr,
+                                         /R =   1.5003E+01
    84.00 deg.: X-S =     0.009528 mb/sr,
+                                         /R =   1.2921E+01
    85.00 deg.: X-S =     0.007998 mb/sr,
+                                         /R =   1.1271E+01
    86.00 deg.: X-S =     0.006850 mb/sr,
+                                         /R =   1.0025E+01
    87.00 deg.: X-S =     0.006016 mb/sr,
+                                         /R =   9.1376E+00
    88.00 deg.: X-S =     0.005432 mb/sr,
+                                         /R =   8.5571E+00
    89.00 deg.: X-S =     0.005037 mb/sr,
+                                         /R =   8.2239E+00
    90.00 deg.: X-S =     0.004776 mb/sr,
+                                         /R =   8.0770E+00
    91.00 deg.: X-S =     0.004602 mb/sr,
+                                         /R =   8.0572E+00
    92.00 deg.: X-S =     0.004477 mb/sr,
+                                         /R =   8.1099E+00
    93.00 deg.: X-S =     0.004371 mb/sr,
+                                         /R =   8.1869E+00
    94.00 deg.: X-S =     0.004262 mb/sr,
+                                         /R =   8.2483E+00
    95.00 deg.: X-S =     0.004134 mb/sr,
+                                         /R =   8.2633E+00
    96.00 deg.: X-S =     0.003979 mb/sr,
+                                         /R =   8.2100E+00
    97.00 deg.: X-S =     0.003794 mb/sr,
+                                         /R =   8.0754E+00
    98.00 deg.: X-S =     0.003579 mb/sr,
+                                         /R =   7.8545E+00
    99.00 deg.: X-S =     0.003338 mb/sr,
+                                         /R =   7.5490E+00
   100.00 deg.: X-S =     0.003076 mb/sr,
+                                         /R =   7.1664E+00
   101.00 deg.: X-S =     0.002801 mb/sr,
+                                         /R =   6.7182E+00
   102.00 deg.: X-S =     0.002520 mb/sr,
+                                         /R =   6.2189E+00
   103.00 deg.: X-S =     0.002240 mb/sr,
+                                         /R =   5.6846E+00
   104.00 deg.: X-S =     0.001967 mb/sr,
+                                         /R =   5.1318E+00
   105.00 deg.: X-S =     0.001708 mb/sr,
+                                         /R =   4.5764E+00
   106.00 deg.: X-S =     0.001465 mb/sr,
+                                         /R =   4.0331E+00
   107.00 deg.: X-S =     0.001244 mb/sr,
+                                         /R =   3.5144E+00
   108.00 deg.: X-S =     0.001046 mb/sr,
+                                         /R =   3.0308E+00
   109.00 deg.: X-S =     0.000872 mb/sr,
+                                         /R =   2.5901E+00
   110.00 deg.: X-S =     0.000721 mb/sr,
+                                         /R =   2.1976E+00
   111.00 deg.: X-S =     0.000595 mb/sr,
+                                         /R =   1.8563E+00
   112.00 deg.: X-S =     0.000490 mb/sr,
+                                         /R =   1.5668E+00
   113.00 deg.: X-S =     0.000406 mb/sr,
+                                         /R =   1.3278E+00
   114.00 deg.: X-S =     0.000340 mb/sr,
+                                         /R =   1.1365E+00
   115.00 deg.: X-S =     0.000289 mb/sr,
+                                         /R =   9.8881E-01
   116.00 deg.: X-S =     0.000251 mb/sr,
+                                         /R =   8.7968E-01
   117.00 deg.: X-S =     0.000225 mb/sr,
+                                         /R =   8.0361E-01
   118.00 deg.: X-S =     0.000207 mb/sr,
+                                         /R =   7.5484E-01
   119.00 deg.: X-S =     0.000195 mb/sr,
+                                         /R =   7.2764E-01
   120.00 deg.: X-S =     0.000188 mb/sr,
+                                         /R =   7.1653E-01
   121.00 deg.: X-S =     0.000185 mb/sr,
+                                         /R =   7.1647E-01
   122.00 deg.: X-S =     0.000183 mb/sr,
+                                         /R =   7.2301E-01
   123.00 deg.: X-S =     0.000181 mb/sr,
+                                         /R =   7.3234E-01
   124.00 deg.: X-S =     0.000180 mb/sr,
+                                         /R =   7.4132E-01
   125.00 deg.: X-S =     0.000179 mb/sr,
+                                         /R =   7.4753E-01
   126.00 deg.: X-S =     0.000176 mb/sr,
+                                         /R =   7.4921E-01
   127.00 deg.: X-S =     0.000172 mb/sr,
+                                         /R =   7.4519E-01
   128.00 deg.: X-S =     0.000166 mb/sr,
+                                         /R =   7.3487E-01
   129.00 deg.: X-S =     0.000160 mb/sr,
+                                         /R =   7.1811E-01
   130.00 deg.: X-S =     0.000152 mb/sr,
+                                         /R =   6.9516E-01
   131.00 deg.: X-S =     0.000144 mb/sr,
+                                         /R =   6.6657E-01
   132.00 deg.: X-S =     0.000134 mb/sr,
+                                         /R =   6.3314E-01
   133.00 deg.: X-S =     0.000125 mb/sr,
+                                         /R =   5.9578E-01
   134.00 deg.: X-S =     0.000114 mb/sr,
+                                         /R =   5.5553E-01
   135.00 deg.: X-S =     0.000104 mb/sr,
+                                         /R =   5.1340E-01
   136.00 deg.: X-S =   9.4091E-05 mb/sr,
+                                         /R =   4.7041E-01
   137.00 deg.: X-S =   8.4328E-05 mb/sr,
+                                         /R =   4.2751E-01
   138.00 deg.: X-S =   7.5025E-05 mb/sr,
+                                         /R =   3.8555E-01
   139.00 deg.: X-S =   6.6303E-05 mb/sr,
+                                         /R =   3.4526E-01
   140.00 deg.: X-S =   5.8254E-05 mb/sr,
+                                         /R =   3.0728E-01
   141.00 deg.: X-S =   5.0942E-05 mb/sr,
+                                         /R =   2.7210E-01
   142.00 deg.: X-S =   4.4403E-05 mb/sr,
+                                         /R =   2.4008E-01
   143.00 deg.: X-S =   3.8652E-05 mb/sr,
+                                         /R =   2.1148E-01
   144.00 deg.: X-S =   3.3684E-05 mb/sr,
+                                         /R =   1.8643E-01
   145.00 deg.: X-S =   2.9477E-05 mb/sr,
+                                         /R =   1.6498E-01
   146.00 deg.: X-S =   2.5997E-05 mb/sr,
+                                         /R =   1.4709E-01
   147.00 deg.: X-S =   2.3197E-05 mb/sr,
+                                         /R =   1.3263E-01
   148.00 deg.: X-S =   2.1026E-05 mb/sr,
+                                         /R =   1.2145E-01
   149.00 deg.: X-S =   1.9428E-05 mb/sr,
+                                         /R =   1.1333E-01
   150.00 deg.: X-S =   1.8343E-05 mb/sr,
+                                         /R =   1.0802E-01
   151.00 deg.: X-S =   1.7714E-05 mb/sr,
+                                         /R =   1.0528E-01
   152.00 deg.: X-S =   1.7482E-05 mb/sr,
+                                         /R =   1.0483E-01
   153.00 deg.: X-S =   1.7593E-05 mb/sr,
+                                         /R =   1.0640E-01
   154.00 deg.: X-S =   1.7994E-05 mb/sr,
+                                         /R =   1.0972E-01
   155.00 deg.: X-S =   1.8636E-05 mb/sr,
+                                         /R =   1.1454E-01
   156.00 deg.: X-S =   1.9477E-05 mb/sr,
+                                         /R =   1.2062E-01
   157.00 deg.: X-S =   2.0476E-05 mb/sr,
+                                         /R =   1.2773E-01
   158.00 deg.: X-S =   2.1597E-05 mb/sr,
+                                         /R =   1.3566E-01
   159.00 deg.: X-S =   2.2809E-05 mb/sr,
+                                         /R =   1.4423E-01
   160.00 deg.: X-S =   2.4085E-05 mb/sr,
+                                         /R =   1.5325E-01
   161.00 deg.: X-S =   2.5399E-05 mb/sr,
+                                         /R =   1.6259E-01
   162.00 deg.: X-S =   2.6732E-05 mb/sr,
+                                         /R =   1.7210E-01
   163.00 deg.: X-S =   2.8064E-05 mb/sr,
+                                         /R =   1.8165E-01
   164.00 deg.: X-S =   2.9381E-05 mb/sr,
+                                         /R =   1.9114E-01
   165.00 deg.: X-S =   3.0669E-05 mb/sr,
+                                         /R =   2.0047E-01
   166.00 deg.: X-S =   3.1917E-05 mb/sr,
+                                         /R =   2.0955E-01
   167.00 deg.: X-S =   3.3113E-05 mb/sr,
+                                         /R =   2.1831E-01
   168.00 deg.: X-S =   3.4251E-05 mb/sr,
+                                         /R =   2.2667E-01
   169.00 deg.: X-S =   3.5321E-05 mb/sr,
+                                         /R =   2.3458E-01
   170.00 deg.: X-S =   3.6319E-05 mb/sr,
+                                         /R =   2.4198E-01
   171.00 deg.: X-S =   3.7237E-05 mb/sr,
+                                         /R =   2.4882E-01
   172.00 deg.: X-S =   3.8072E-05 mb/sr,
+                                         /R =   2.5505E-01
   173.00 deg.: X-S =   3.8818E-05 mb/sr,
+                                         /R =   2.6065E-01
   174.00 deg.: X-S =   3.9472E-05 mb/sr,
+                                         /R =   2.6557E-01
   175.00 deg.: X-S =   4.0031E-05 mb/sr,
+                                         /R =   2.6978E-01
   176.00 deg.: X-S =   4.0492E-05 mb/sr,
+                                         /R =   2.7326E-01
   177.00 deg.: X-S =   4.0852E-05 mb/sr,
+                                         /R =   2.7599E-01
   178.00 deg.: X-S =   4.1111E-05 mb/sr,
+                                         /R =   2.7795E-01
   179.00 deg.: X-S =   4.1267E-05 mb/sr,
+                                         /R =   2.7913E-01
   179.99 deg.: X-S =   4.1319E-05 mb/sr,
+                                         /R =   2.7952E-01
                                           Integrated********** mb, over [   0.000, 180.000] at   225.0000 MeV 

 CROSS SECTIONS FOR OUTGOING d        & 3He      in state #   1 with spins & parities 1.0  + &  0.5  +;  0

     0.00 deg.: X-S =     0.002610 mb/sr,
+                                         REAC   4.1654E-03 mb
     1.00 deg.: X-S =     0.002517 mb/sr,
     2.00 deg.: X-S =     0.002298 mb/sr,
     3.00 deg.: X-S =     0.002108 mb/sr,
     4.00 deg.: X-S =     0.002116 mb/sr,
     5.00 deg.: X-S =     0.002430 mb/sr,
     6.00 deg.: X-S =     0.003087 mb/sr,
     7.00 deg.: X-S =     0.004077 mb/sr,
     8.00 deg.: X-S =     0.005352 mb/sr,
     9.00 deg.: X-S =     0.006785 mb/sr,
    10.00 deg.: X-S =     0.008148 mb/sr,
    11.00 deg.: X-S =     0.009200 mb/sr,
    12.00 deg.: X-S =     0.009807 mb/sr,
    13.00 deg.: X-S =     0.009960 mb/sr,
    14.00 deg.: X-S =     0.009701 mb/sr,
    15.00 deg.: X-S =     0.009084 mb/sr,
    16.00 deg.: X-S =     0.008223 mb/sr,
    17.00 deg.: X-S =     0.007279 mb/sr,
    18.00 deg.: X-S =     0.006380 mb/sr,
    19.00 deg.: X-S =     0.005565 mb/sr,
    20.00 deg.: X-S =     0.004840 mb/sr,
    21.00 deg.: X-S =     0.004219 mb/sr,
    22.00 deg.: X-S =     0.003702 mb/sr,
    23.00 deg.: X-S =     0.003242 mb/sr,
    24.00 deg.: X-S =     0.002795 mb/sr,
    25.00 deg.: X-S =     0.002366 mb/sr,
    26.00 deg.: X-S =     0.001988 mb/sr,
    27.00 deg.: X-S =     0.001665 mb/sr,
    28.00 deg.: X-S =     0.001372 mb/sr,
    29.00 deg.: X-S =     0.001099 mb/sr,
    30.00 deg.: X-S =     0.000864 mb/sr,
    31.00 deg.: X-S =     0.000690 mb/sr,
    32.00 deg.: X-S =     0.000566 mb/sr,
    33.00 deg.: X-S =     0.000468 mb/sr,
    34.00 deg.: X-S =     0.000380 mb/sr,
    35.00 deg.: X-S =     0.000308 mb/sr,
    36.00 deg.: X-S =     0.000260 mb/sr,
    37.00 deg.: X-S =     0.000230 mb/sr,
    38.00 deg.: X-S =     0.000204 mb/sr,
    39.00 deg.: X-S =     0.000181 mb/sr,
    40.00 deg.: X-S =     0.000166 mb/sr,
    41.00 deg.: X-S =     0.000161 mb/sr,
    42.00 deg.: X-S =     0.000157 mb/sr,
    43.00 deg.: X-S =     0.000147 mb/sr,
    44.00 deg.: X-S =     0.000135 mb/sr,
    45.00 deg.: X-S =     0.000128 mb/sr,
    46.00 deg.: X-S =     0.000123 mb/sr,
    47.00 deg.: X-S =     0.000113 mb/sr,
    48.00 deg.: X-S =   9.5667E-05 mb/sr,
    49.00 deg.: X-S =   7.9948E-05 mb/sr,
    50.00 deg.: X-S =   6.9943E-05 mb/sr,
    51.00 deg.: X-S =   6.2471E-05 mb/sr,
    52.00 deg.: X-S =   5.2234E-05 mb/sr,
    53.00 deg.: X-S =   4.0101E-05 mb/sr,
    54.00 deg.: X-S =   3.0746E-05 mb/sr,
    55.00 deg.: X-S =   2.5357E-05 mb/sr,
    56.00 deg.: X-S =   2.1722E-05 mb/sr,
    57.00 deg.: X-S =   1.7838E-05 mb/sr,
    58.00 deg.: X-S =   1.4077E-05 mb/sr,
    59.00 deg.: X-S =   1.1712E-05 mb/sr,
    60.00 deg.: X-S =   1.0505E-05 mb/sr,
    61.00 deg.: X-S =   9.5808E-06 mb/sr,
    62.00 deg.: X-S =   8.7138E-06 mb/sr,
    63.00 deg.: X-S =   8.2429E-06 mb/sr,
    64.00 deg.: X-S =   8.2567E-06 mb/sr,
    65.00 deg.: X-S =   8.1292E-06 mb/sr,
    66.00 deg.: X-S =   7.4364E-06 mb/sr,
    67.00 deg.: X-S =   6.4855E-06 mb/sr,
    68.00 deg.: X-S =   5.9190E-06 mb/sr,
    69.00 deg.: X-S =   5.8781E-06 mb/sr,
    70.00 deg.: X-S =   5.7381E-06 mb/sr,
    71.00 deg.: X-S =   5.1764E-06 mb/sr,
    72.00 deg.: X-S =   4.4832E-06 mb/sr,
    73.00 deg.: X-S =   4.1359E-06 mb/sr,
    74.00 deg.: X-S =   4.2453E-06 mb/sr,
    75.00 deg.: X-S =   4.2787E-06 mb/sr,
    76.00 deg.: X-S =   3.9947E-06 mb/sr,
    77.00 deg.: X-S =   3.6548E-06 mb/sr,
    78.00 deg.: X-S =   3.5162E-06 mb/sr,
    79.00 deg.: X-S =   3.6234E-06 mb/sr,
    80.00 deg.: X-S =   3.6391E-06 mb/sr,
    81.00 deg.: X-S =   3.4238E-06 mb/sr,
    82.00 deg.: X-S =   3.2886E-06 mb/sr,
    83.00 deg.: X-S =   3.3758E-06 mb/sr,
    84.00 deg.: X-S =   3.4866E-06 mb/sr,
    85.00 deg.: X-S =   3.3888E-06 mb/sr,
    86.00 deg.: X-S =   3.1383E-06 mb/sr,
    87.00 deg.: X-S =   3.0867E-06 mb/sr,
    88.00 deg.: X-S =   3.3652E-06 mb/sr,
    89.00 deg.: X-S =   3.5277E-06 mb/sr,
    90.00 deg.: X-S =   3.2373E-06 mb/sr,
    91.00 deg.: X-S =   2.7713E-06 mb/sr,
    92.00 deg.: X-S =   2.5645E-06 mb/sr,
    93.00 deg.: X-S =   2.7791E-06 mb/sr,
    94.00 deg.: X-S =   2.9887E-06 mb/sr,
    95.00 deg.: X-S =   2.7070E-06 mb/sr,
    96.00 deg.: X-S =   2.1797E-06 mb/sr,
    97.00 deg.: X-S =   1.8916E-06 mb/sr,
    98.00 deg.: X-S =   1.9558E-06 mb/sr,
    99.00 deg.: X-S =   2.1872E-06 mb/sr,
   100.00 deg.: X-S =   2.2353E-06 mb/sr,
   101.00 deg.: X-S =   2.0168E-06 mb/sr,
   102.00 deg.: X-S =   1.7925E-06 mb/sr,
   103.00 deg.: X-S =   1.6605E-06 mb/sr,
   104.00 deg.: X-S =   1.7703E-06 mb/sr,
   105.00 deg.: X-S =   1.9823E-06 mb/sr,
   106.00 deg.: X-S =   1.8388E-06 mb/sr,
   107.00 deg.: X-S =   1.4166E-06 mb/sr,
   108.00 deg.: X-S =   1.0402E-06 mb/sr,
   109.00 deg.: X-S =   1.1164E-06 mb/sr,
   110.00 deg.: X-S =   1.4750E-06 mb/sr,
   111.00 deg.: X-S =   1.3555E-06 mb/sr,
   112.00 deg.: X-S =   8.6307E-07 mb/sr,
   113.00 deg.: X-S =   6.1287E-07 mb/sr,
   114.00 deg.: X-S =   9.1740E-07 mb/sr,
   115.00 deg.: X-S =   1.4652E-06 mb/sr,
   116.00 deg.: X-S =   1.5494E-06 mb/sr,
   117.00 deg.: X-S =   1.3249E-06 mb/sr,
   118.00 deg.: X-S =   1.3377E-06 mb/sr,
   119.00 deg.: X-S =   1.5567E-06 mb/sr,
   120.00 deg.: X-S =   1.8140E-06 mb/sr,
   121.00 deg.: X-S =   1.8497E-06 mb/sr,
   122.00 deg.: X-S =   1.7417E-06 mb/sr,
   123.00 deg.: X-S =   1.7393E-06 mb/sr,
   124.00 deg.: X-S =   1.5017E-06 mb/sr,
   125.00 deg.: X-S =   1.1380E-06 mb/sr,
   126.00 deg.: X-S =   1.0047E-06 mb/sr,
   127.00 deg.: X-S =   1.0496E-06 mb/sr,
   128.00 deg.: X-S =   1.1452E-06 mb/sr,
   129.00 deg.: X-S =   8.7793E-07 mb/sr,
   130.00 deg.: X-S =   4.5542E-07 mb/sr,
   131.00 deg.: X-S =   4.4476E-07 mb/sr,
   132.00 deg.: X-S =   7.5700E-07 mb/sr,
   133.00 deg.: X-S =   1.0371E-06 mb/sr,
   134.00 deg.: X-S =   9.6258E-07 mb/sr,
   135.00 deg.: X-S =   7.7609E-07 mb/sr,
   136.00 deg.: X-S =   8.4014E-07 mb/sr,
   137.00 deg.: X-S =   1.0638E-06 mb/sr,
   138.00 deg.: X-S =   1.1910E-06 mb/sr,
   139.00 deg.: X-S =   1.1628E-06 mb/sr,
   140.00 deg.: X-S =   1.1720E-06 mb/sr,
   141.00 deg.: X-S =   1.1441E-06 mb/sr,
   142.00 deg.: X-S =   1.0492E-06 mb/sr,
   143.00 deg.: X-S =   9.5130E-07 mb/sr,
   144.00 deg.: X-S =   9.9618E-07 mb/sr,
   145.00 deg.: X-S =   1.1741E-06 mb/sr,
   146.00 deg.: X-S =   1.0979E-06 mb/sr,
   147.00 deg.: X-S =   9.1725E-07 mb/sr,
   148.00 deg.: X-S =   9.0074E-07 mb/sr,
   149.00 deg.: X-S =   1.0778E-06 mb/sr,
   150.00 deg.: X-S =   1.2589E-06 mb/sr,
   151.00 deg.: X-S =   1.1031E-06 mb/sr,
   152.00 deg.: X-S =   8.7619E-07 mb/sr,
   153.00 deg.: X-S =   8.8041E-07 mb/sr,
   154.00 deg.: X-S =   9.9117E-07 mb/sr,
   155.00 deg.: X-S =   1.0143E-06 mb/sr,
   156.00 deg.: X-S =   8.3565E-07 mb/sr,
   157.00 deg.: X-S =   6.1172E-07 mb/sr,
   158.00 deg.: X-S =   5.6509E-07 mb/sr,
   159.00 deg.: X-S =   6.4665E-07 mb/sr,
   160.00 deg.: X-S =   6.4072E-07 mb/sr,
   161.00 deg.: X-S =   4.6486E-07 mb/sr,
   162.00 deg.: X-S =   3.4227E-07 mb/sr,
   163.00 deg.: X-S =   5.3994E-07 mb/sr,
   164.00 deg.: X-S =   8.1012E-07 mb/sr,
   165.00 deg.: X-S =   6.6004E-07 mb/sr,
   166.00 deg.: X-S =   3.4292E-07 mb/sr,
   167.00 deg.: X-S =   4.4990E-07 mb/sr,
   168.00 deg.: X-S =   1.1290E-06 mb/sr,
   169.00 deg.: X-S =   1.6895E-06 mb/sr,
   170.00 deg.: X-S =   1.1606E-06 mb/sr,
   171.00 deg.: X-S =   6.2403E-07 mb/sr,
   172.00 deg.: X-S =   1.1155E-06 mb/sr,
   173.00 deg.: X-S =   1.9493E-06 mb/sr,
   174.00 deg.: X-S =   2.5811E-06 mb/sr,
   175.00 deg.: X-S =   1.9317E-06 mb/sr,
   176.00 deg.: X-S =   1.2926E-06 mb/sr,
   177.00 deg.: X-S =   2.6391E-06 mb/sr,
   178.00 deg.: X-S =   3.8801E-06 mb/sr,
   179.00 deg.: X-S =   4.2743E-06 mb/sr,
   180.00 deg.: X-S =   4.5485E-06 mb/sr,
                                           Integrated    0.0042 mb, over [   0.000, 180.000] at   225.0000 MeV 
 Finished all xsecs @   0.500000000    

  The following files have been created:
   3:local copy of User input.            6:standard output.                   
   7:elastic  S-matrix elements.         12:transfer kernels.                  
  13:total cross sections/state.         16:tables of cross sections.          
  35:Astrophysics S-factors  / Ecm.      38:cross sections for each J/pi.      
  39:cross sections for each Ecm.        40:all cross sectns. for each Elab.   
  45:scat phase shift as E functions.    46:bs wave functions & ANC ratios.    
  56:Fusion for each Jtotal.             75:S-factors for lab energies.        
 201:Separate cross sections.           202:Separate cross sections.           

 PARAMETERS : MAXQRN   MFNL   MLOC  LMAX1 MCLIST
    ALLOWED :      2     16     12    100      6
    REQUIRED:      1      2     12     83      4


 ACCURACY ANALYSIS at   225.000 MeV :

  Elastic h*k = 0.134 so OK       compared with 0.200

   Real(S-el) > 0.01 first at J =       2.5
   Real(S-el) > 0.10 first at J =       3.5
   Real(S-el) > 0.50 first at J =       5.5
   Real(S-el) > 0.90 first at J =      10.5
   Real(S-el) > 0.99 first at J =      14.5
   R-turn =    30.08 fm    at J =      80.5

 Forward-angle excitation cut off below   0.029 deg by max JT =      80.5
                              and below   0.029 deg by max R.


 1: Recommended RNL: non-local width >  11.80 cf:  10.00 fm: OK      
    Recommended CENTRE: centration   ~   2.30 cf:   0.00 fm

 Total CPU  0 time =       0.50 seconds
