{
  "_comment": "Atomic masses in unified atomic mass units (u). Source: AME2020.",
  "n":    1.00866491588,
  "p":    1.00782503223,
  "d":    2.01410177812,
  "t":    3.01604927790,
  "3He":  3.01602932010,
  "4He":  4.00260325413,
  "6Li":  6.01512288740,
  "7Li":  7.01600343660,
  "7Be":  7.01692924000,
  "8Li":  8.02248670000,
  "8B":   8.02460730000,
  "9Be":  9.01218310000,
  "10Be": 10.01353380000,
  "10B":  10.01293690000,
  "11B":  11.00930540000,
  "11C":  11.01143360000,
  "12C":  12.00000000000,
  "13C":  13.00335480000,
  "13N":  13.00573870000,
  "14C":  14.00324200000,
  "14N":  14.00307400000,
  "15N":  15.00010890000,
  "15O":  15.00306560000,
  "16N":  16.00610190000,
  "16O":  15.99491460000,
  "17F":  17.00209550000,
  "17O":  16.99913150000,
  "18F":  18.00093780000,
  "18O":  17.99916060000,
  "20Ne": 19.99244020000
}
