{
  "t_s": 100000.0,
  "step": 251,
  "delta_m_over_m0": 3.0074812881787035e-15,
  "stop_reason": "reached_t_end",
  "abundances": {
    "p": 0.75,
    "d": 1.7e-05,
    "3He": 1e-05,
    "4He": 0.06250000003190695,
    "7Li": 2.40554234109539e-10,
    "10B": 2.4082734865917486e-12,
    "11C": 0.0,
    "12C": 0.0,
    "13N": 3.030919660677136e-15,
    "14C": 0.0,
    "14N": 0.0,
    "15O": 0.0,
    "16N": 0.0,
    "17F": 0.0,
    "18F": 0.0,
    "20Ne": 0.0,
    "6Li": 0.0,
    "7Be": 1.951276768194833e-10,
    "8Li": 0.0,
    "n": 1.981687537454297e-10,
    "t": 0.0
  },
  "mass_fractions": {
    "p": 0.7499520005223604,
    "d": 3.399782402368034e-05,
    "3He": 2.9998080020894424e-05,
    "4He": 0.24998400030173978,
    "7Li": 1.6837718716426816e-09,
    "10B": 2.4081193587659225e-11,
    "11C": 0.0,
    "12C": 0.0,
    "13N": 3.939943389108779e-14,
    "14C": 0.0,
    "14N": 0.0,
    "15O": 0.0,
    "16N": 0.0,
    "17F": 0.0,
    "18F": 0.0,
    "20Ne": 0.0,
    "6Li": 0.0,
    "7Be": 1.3658063214884865e-09,
    "8Li": 0.0,
    "n": 1.981560710832107e-10,
    "t": 0.0
  }
}