{
  "t_s": 100000.0,
  "step": 251,
  "delta_m_over_m0": 3.007483538015863e-15,
  "stop_reason": "reached_t_end",
  "abundances": {
    "p": 0.75,
    "d": 1.7e-05,
    "3He": 1e-05,
    "4He": 0.06250000003190698,
    "7Li": 2.4055405039897667e-10,
    "10B": 2.408273658336617e-12,
    "11C": 0.0,
    "12C": 0.0,
    "13N": 3.0309222394746265e-15,
    "14C": 0.0,
    "14N": 0.0,
    "15O": 0.0,
    "16N": 0.0,
    "17F": 0.0,
    "18F": 0.0,
    "20Ne": 0.0,
    "6Li": 0.0,
    "7Be": 1.9512783474400482e-10,
    "8Li": 0.0,
    "n": 1.9816891266594894e-10,
    "t": 0.0
  },
  "mass_fractions": {
    "p": 0.7499520005223607,
    "d": 3.399782402368035e-05,
    "3He": 2.999808002089443e-05,
    "4He": 0.24998400030173995,
    "7Li": 1.683770585751047e-09,
    "10B": 2.4081195304997997e-11,
    "11C": 0.0,
    "12C": 0.0,
    "13N": 3.939946741330963e-14,
    "14C": 0.0,
    "14N": 0.0,
    "15O": 0.0,
    "16N": 0.0,
    "17F": 0.0,
    "18F": 0.0,
    "20Ne": 0.0,
    "6Li": 0.0,
    "7Be": 1.365807426889388e-09,
    "8Li": 0.0,
    "n": 1.9815622999355918e-10,
    "t": 0.0
  }
}