{
  "t_s": 862634242488.0985,
  "step": 500000,
  "stop_reason": null,
  "abundances": {
    "p": 0.75,
    "d": 1.7e-05,
    "3He": 1e-05,
    "4He": 0.1486749838797875,
    "7Li": 0.0
  },
  "mass_fractions": {
    "p": 0.5577187045178009,
    "d": 2.528324793814031e-05,
    "3He": 2.230874818071204e-05,
    "4He": 0.44223370348608015,
    "7Li": 0.0
  }
}